species,time
agouti,0.4125
agouti,0.414583333
agouti,0.674305556
rat,0.240972222
peccary,0.754861111
ocelot,0.191666667
peccary,0.016666667
peccary,0.885416667
agouti,0.554166667
agouti,0.316666667
tayra,0.364583333
peccary,0.83125
agouti,0.45
agouti,0.452083333
agouti,0.710416667
peccary,0.756944444
tamandua,0.835416667
agouti,0.339583333
agouti,0.738888889
peccary,0.78125
brocket,0.299305556
peccary,0.665972222
peccary,0.711111111
agouti,0.753472222
rat,0.009027778
agouti,0.275694444
agouti,0.277777778
agouti,0.465277778
agouti,0.71875
peccary,0.859722222
agouti,0.447222222
agouti,0.449305556
agouti,0.707638889
agouti,0.711111111
agouti,0.309027778
agouti,0.327083333
tamandua,0.874305556
agouti,0.638194444
peccary,0.827083333
agouti,0.577777778
agouti,0.750694444
agouti,0.756944444
agouti,0.758333333
agouti,0.586805556
agouti,0.5875
agouti,0.757638889
agouti,0.759722222
agouti,0.768055556
peccary,0.220833333
agouti,0.318055556
agouti,0.677777778
coati,0.344444444
coati,0.353472222
agouti,0.30625
rat,0.232638889
peccary,0.3
agouti,0.617361111
agouti,0.756944444
agouti,0.76875
agouti,0.481944444
agouti,0.306944444
agouti,0.366666667
agouti,0.379166667
agouti,0.404166667
rat,0.813194444
agouti,0.279166667
agouti,0.297222222
agouti,0.311111111
agouti,0.334027778
agouti,0.384722222
brocket,0.195833333
agouti,0.353472222
agouti,0.276388889
agouti,0.289583333
agouti,0.432638889
peccary,0.70625
peccary,0.7375
peccary,0.272916667
agouti,0.277777778
agouti,0.281944444
agouti,0.45
agouti,0.470833333
agouti,0.297916667
agouti,0.415972222
agouti,0.565972222
brocket,0.679861111
agouti,0.697222222
agouti,0.699305556
peccary,0.360416667
agouti,0.655555556
brocket,0.338888889
peccary,0.847222222
agouti,0.311111111
peccary,0.670833333
agouti,0.30625
agouti,0.363888889
peccary,0.774305556
peccary,0.2625
peccary,0.771527778
peccary,0.786111111
peccary,0.8625
peccary,0.883333333
peccary,0.961805556
peccary,0.261805556
peccary,0.267361111
agouti,0.352777778
coati,0.584027778
coati,0.643055556
agouti,0.680555556
coati,0.690277778
agouti,0.75
agouti,0.286111111
coati,0.320833333
coati,0.329166667
peccary,0.855555556
peccary,0.945138889
peccary,0.949305556
peccary,0.95625
peccary,0.988888889
peccary,0.078472222
peccary,0.121527778
peccary,0.165277778
peccary,0.223611111
peccary,0.252777778
peccary,0.259722222
peccary,0.263194444
agouti,0.281944444
agouti,0.284027778
agouti,0.286111111
squirrel,0.313888889
squirrel,0.322222222
peccary,0.695138889
peccary,0.740972222
agouti,0.749305556
peccary,0.870833333
peccary,0.890277778
peccary,0.99375
peccary,0.995833333
peccary,0.107638889
peccary,0.218055556
agouti,0.296527778
agouti,0.310416667
squirrel,0.310416667
peccary,0.771527778
peccary,0.777777778
peccary,0.909722222
peccary,0.053472222
peccary,0.155555556
peccary,0.165277778
peccary,0.250694444
agouti,0.313888889
coati,0.505555556
coati,0.508333333
coati,0.510416667
coati,0.606944444
coati,0.608333333
peccary,0.760416667
peccary,0.790277778
peccary,0.802083333
peccary,0.821527778
peccary,0.824305556
peccary,0.83125
peccary,0.974305556
peccary,0.069444444
peccary,0.198611111
peccary,0.207638889
peccary,0.246527778
agouti,0.272916667
agouti,0.735416667
peccary,0.138194444
peccary,0.272222222
agouti,0.278472222
agouti,0.2875
agouti,0.764583333
agouti,0.767361111
peccary,0.777083333
peccary,0.85625
peccary,0.870833333
peccary,0.9875
peccary,0.015277778
peccary,0.171527778
peccary,0.215277778
agouti,0.283333333
agouti,0.373611111
peccary,0.736111111
peccary,0.852083333
agouti,0.329166667
brocket,0.671527778
squirrel,0.326388889
brocket,0.915972222
agouti,0.345138889
brocket,0.247916667
agouti,0.371527778
agouti,0.340972222
agouti,0.570138889
agouti,0.743055556
agouti,0.353472222
mouse,0.095833333
mouse,0.196527778
coati,0.315972222
coati,0.318055556
mouse,0.922222222
peccary,0.364583333
coati,0.305555556
brocket,0.959027778
armadillo,0.877083333
agouti,0.306944444
tamandua,0.45
coati,0.4125
agouti,0.736805556
agouti,0.304166667
coati,0.30625
agouti,0.711111111
ocelot,0.015972222
brocket,0.14375
coati,0.302083333
brocket,0.272916667
agouti,0.322916667
agouti,0.347222222
agouti,0.359027778
peccary,0.393055556
agouti,0.395833333
agouti,0.342361111
agouti,0.351388889
coati,0.573611111
agouti,0.274305556
agouti,0.631944444
brocket,0.245833333
brocket,0.245833333
agouti,0.310416667
opossum,0.816666667
ocelot,0.11875
agouti,0.322222222
brocket,0.702083333
brocket,0.339583333
agouti,0.661111111
brocket,0.595833333
brocket,0.747222222
tayra,0.710416667
paca,0.871527778
tayra,0.663888889
ocelot,0.006944444
tayra,0.638194444
brocket,0.594444444
peccary,0.243055556
brocket,0.410416667
brocket,0.877083333
brocket,0.013194444
brocket,0.105555556
peccary,0.811805556
peccary,0.256944444
peccary,0.263194444
peccary,0.647916667
agouti,0.714583333
agouti,0.335416667
agouti,0.310416667
peccary,0.722222222
peccary,0.311805556
coati,0.351388889
peccary,0.329166667
agouti,0.28125
brocket,0.865972222
peccary,0.729166667
coati,0.313194444
coati,0.368055556
paca,0.865277778
peccary,0.313194444
peccary,0.4625
rat,0.1
squirrel,0.301388889
agouti,0.366666667
peccary,0.374305556
squirrel,0.439583333
agouti,0.743055556
brocket,0.953472222
peccary,0.734027778
agouti,0.685416667
agouti,0.695833333
brocket,0.3
agouti,0.315277778
agouti,0.411805556
squirrel,0.4125
agouti,0.511111111
agouti,0.694444444
agouti,0.403472222
agouti,0.450694444
agouti,0.501388889
agouti,0.671527778
brocket,0.825
agouti,0.669444444
agouti,0.680555556
brocket,0.014583333
agouti,0.26875
agouti,0.299305556
agouti,0.7375
agouti,0.401388889
agouti,0.528472222
coati,0.523611111
agouti,0.641666667
agouti,0.653472222
agouti,0.690277778
agouti,0.69375
agouti,0.730555556
brocket,0.148611111
agouti,0.365972222
agouti,0.440277778
agouti,0.442361111
agouti,0.44375
peccary,0.734027778
brocket,0.139583333
agouti,0.395833333
agouti,0.753472222
coati,0.55625
agouti,0.688194444
agouti,0.688888889
agouti,0.311111111
agouti,0.424305556
agouti,0.758333333
agouti,0.334027778
agouti,0.341666667
peccary,0.393055556
agouti,0.693055556
brocket,0.827777778
peccary,0.603472222
peccary,0.714583333
agouti,0.756944444
peccary,0.770138889
peccary,0.297222222
agouti,0.333333333
peccary,0.3375
agouti,0.418055556
agouti,0.445138889
agouti,0.445833333
peccary,0.672916667
peccary,0.675
agouti,0.726388889
peccary,0.863888889
agouti,0.292361111
agouti,0.534027778
agouti,0.536111111
agouti,0.593055556
agouti,0.674305556
agouti,0.680555556
agouti,0.68125
agouti,0.686805556
rat,0.195833333
peccary,0.279861111
peccary,0.291666667
agouti,0.470138889
agouti,0.49375
agouti,0.671527778
agouti,0.673611111
peccary,0.854166667
agouti,0.275694444
agouti,0.35625
agouti,0.563194444
agouti,0.599305556
peccary,0.695138889
agouti,0.2875
agouti,0.314583333
peccary,0.340277778
agouti,0.490277778
agouti,0.506944444
agouti,0.526388889
agouti,0.315972222
agouti,0.325694444
ocelot,0.375694444
agouti,0.404166667
agouti,0.45
agouti,0.520833333
agouti,0.681944444
agouti,0.704861111
agouti,0.713888889
peccary,0.723611111
peccary,0.725
agouti,0.429166667
agouti,0.505555556
agouti,0.652777778
agouti,0.666666667
agouti,0.683333333
agouti,0.717361111
peccary,0.943055556
agouti,0.423611111
agouti,0.725
peccary,0.738888889
agouti,0.740972222
rat,0.097916667
agouti,0.344444444
agouti,0.545138889
agouti,0.730555556
peccary,0.734027778
agouti,0.736805556
agouti,0.741666667
paca,0.877083333
paca,0.892361111
agouti,0.588194444
agouti,0.671527778
peccary,0.677083333
peccary,0.717361111
ocelot,0.259722222
peccary,0.332638889
peccary,0.43125
agouti,0.645138889
peccary,0.869444444
peccary,0.871527778
agouti,0.702777778
peccary,0.33125
agouti,0.489583333
peccary,0.760416667
peccary,0.795138889
ocelot,0.092361111
paca,0.102083333
paca,0.125694444
agouti,0.322222222
peccary,0.329166667
peccary,0.722916667
peccary,0.332638889
agouti,0.39375
agouti,0.418055556
agouti,0.325
agouti,0.354166667
agouti,0.368055556
peccary,0.90625
agouti,0.389583333
agouti,0.632638889
agouti,0.685416667
peccary,0.741666667
peccary,0.74375
peccary,0.967361111
peccary,0.030555556
peccary,0.595833333
peccary,0.600694444
peccary,0.735416667
peccary,0.7375
peccary,0.739583333
peccary,0.788888889
peccary,0.794444444
agouti,0.352777778
agouti,0.450694444
agouti,0.772222222
agouti,0.777083333
peccary,0.931944444
paca,0.971527778
agouti,0.3375
agouti,0.577777778
paca,0.969444444
agouti,0.286805556
agouti,0.305555556
agouti,0.710416667
squirrel,0.33125
paca,0.901388889
paca,0.902083333
paca,0.059027778
agouti,0.33125
agouti,0.334027778
agouti,0.336111111
agouti,0.340277778
agouti,0.649305556
paca,0.151388889
peccary,0.263194444
squirrel,0.645138889
agouti,0.697916667
agouti,0.699305556
agouti,0.774305556
agouti,0.778472222
agouti,0.286111111
agouti,0.65625
agouti,0.667361111
paca,0.042361111
paca,0.050694444
agouti,0.285416667
mouse,0.880555556
ocelot,0.125
peccary,0.248611111
agouti,0.585416667
peccary,0.663194444
peccary,0.836111111
peccary,0.853472222
peccary,0.859722222
agouti,0.289583333
peccary,0.975
peccary,0.995833333
peccary,0.147916667
agouti,0.276388889
peccary,0.15
agouti,0.320833333
agouti,0.333333333
brocket,0.713888889
peccary,0.817361111
peccary,0.856944444
agouti,0.284722222
peccary,0.809027778
peccary,0.811111111
peccary,0.85625
agouti,0.635416667
peccary,0.261111111
peccary,0.28125
peccary,0.281944444
peccary,0.25
agouti,0.343055556
agouti,0.415972222
agouti,0.659027778
peccary,0.755555556
coati,0.715277778
peccary,0.754861111
peccary,0.757638889
coati,0.757638889
peccary,0.238888889
agouti,0.313194444
agouti,0.431944444
brocket,0.538888889
agouti,0.736805556
brocket,0.786111111
peccary,0.272916667
peccary,0.277777778
agouti,0.322222222
agouti,0.515277778
brocket,0.573611111
peccary,0.843055556
squirrel,0.6625
peccary,0.785416667
peccary,0.80625
peccary,0.853472222
agouti,0.304861111
brocket,0.31875
agouti,0.516666667
brocket,0.214583333
agouti,0.333333333
brocket,0.644444444
agouti,0.463194444
ocelot,0.659027778
agouti,0.734027778
peccary,0.253472222
agouti,0.334722222
agouti,0.699305556
agouti,0.730555556
brocket,0.304166667
agouti,0.351388889
agouti,0.459722222
agouti,0.620833333
agouti,0.624305556
agouti,0.651388889
agouti,0.657638889
agouti,0.701388889
ocelot,0.941666667
agouti,0.380555556
agouti,0.390277778
agouti,0.571527778
agouti,0.329861111
agouti,0.349305556
agouti,0.415972222
coati,0.729861111
coati,0.346527778
coati,0.563194444
coati,0.305555556
agouti,0.339583333
peccary,0.426388889
agouti,0.340277778
peccary,0.802777778
paca,0.055555556
agouti,0.322222222
agouti,0.777083333
coati,0.724305556
agouti,0.758333333
peccary,0.814583333
peccary,0.015277778
opossum,0.195833333
peccary,0.282638889
peccary,0.290277778
peccary,0.292361111
coati,0.292361111
agouti,0.442361111
coati,0.503472222
peccary,0.689583333
peccary,0.690972222
peccary,0.691666667
peccary,0.693055556
peccary,0.729861111
agouti,0.738888889
peccary,0.74375
peccary,0.761111111
paca,0.053472222
agouti,0.267361111
agouti,0.273611111
peccary,0.736805556
peccary,0.744444444
peccary,0.747916667
peccary,0.7625
peccary,0.810416667
peccary,0.146527778
peccary,0.266666667
agouti,0.274305556
coati,0.28125
agouti,0.425694444
coati,0.499305556
peccary,0.692361111
agouti,0.751388889
agouti,0.763888889
peccary,0.773611111
peccary,0.792361111
peccary,0.824305556
peccary,0.826388889
peccary,0.831944444
peccary,0.15625
peccary,0.159722222
peccary,0.227777778
peccary,0.257638889
peccary,0.260416667
peccary,0.285416667
peccary,0.295833333
brocket,0.311805556
agouti,0.347222222
agouti,0.679166667
peccary,0.797222222
peccary,0.799305556
peccary,0.804166667
peccary,0.806944444
peccary,0.975694444
peccary,0.250694444
peccary,0.257638889
peccary,0.260416667
peccary,0.445138889
peccary,0.804166667
brocket,0.909722222
ocelot,0.057638889
ocelot,0.104861111
agouti,0.327083333
agouti,0.355555556
agouti,0.361805556
coati,0.661805556
coati,0.665972222
coati,0.670138889
coati,0.671527778
agouti,0.75625
peccary,0.103472222
agouti,0.294444444
peccary,0.309027778
peccary,0.402777778
peccary,0.404166667
peccary,0.40625
peccary,0.409027778
agouti,0.481944444
peccary,0.688194444
peccary,0.696527778
peccary,0.700694444
peccary,0.703472222
peccary,0.713888889
peccary,0.714583333
peccary,0.717361111
peccary,0.718055556
peccary,0.726388889
agouti,0.747222222
peccary,0.930555556
peccary,0.059027778
peccary,0.213888889
peccary,0.225
peccary,0.250694444
peccary,0.270833333
peccary,0.273611111
coati,0.308333333
agouti,0.313888889
peccary,0.331944444
peccary,0.413194444
peccary,0.415277778
peccary,0.416666667
agouti,0.472222222
agouti,0.73125
agouti,0.748611111
brocket,0.761805556
peccary,0.763194444
peccary,0.878472222
peccary,0.042361111
peccary,0.044444444
peccary,0.051388889
peccary,0.067361111
paca,0.117361111
peccary,0.261111111
agouti,0.288194444
agouti,0.292361111
peccary,0.292361111
coati,0.297916667
coati,0.3
agouti,0.320833333
peccary,0.352083333
peccary,0.353472222
agouti,0.388888889
coati,0.640972222
coati,0.647916667
coati,0.652083333
coati,0.654166667
agouti,0.65625
coati,0.65625
coati,0.669444444
peccary,0.690972222
agouti,0.720833333
peccary,0.788194444
peccary,0.796527778
paca,0.86875
peccary,0.880555556
peccary,0.922222222
peccary,0.927777778
peccary,0.054166667
peccary,0.061805556
peccary,0.066666667
peccary,0.070138889
paca,0.079861111
paca,0.080555556
peccary,0.084027778
peccary,0.106944444
peccary,0.151388889
agouti,0.320833333
peccary,0.322916667
peccary,0.323611111
agouti,0.391666667
peccary,0.805555556
peccary,0.051388889
peccary,0.142361111
peccary,0.1625
agouti,0.286805556
peccary,0.286805556
peccary,0.296527778
peccary,0.341666667
agouti,0.357638889
peccary,0.367361111
agouti,0.370138889
agouti,0.425694444
agouti,0.788888889
peccary,0.795138889
peccary,0.796527778
peccary,0.798611111
peccary,0.800694444
peccary,0.808333333
peccary,0.938888889
peccary,0.948611111
peccary,0.080555556
peccary,0.201388889
peccary,0.258333333
peccary,0.275694444
peccary,0.286805556
agouti,0.289583333
peccary,0.295138889
agouti,0.299305556
peccary,0.321527778
peccary,0.327777778
peccary,0.329861111
peccary,0.338194444
agouti,0.465277778
agouti,0.701388889
peccary,0.719444444
paca,0.874305556
peccary,0.886111111
peccary,0.104861111
peccary,0.129166667
peccary,0.260416667
peccary,0.267361111
peccary,0.275
agouti,0.335416667
peccary,0.419444444
peccary,0.422916667
peccary,0.423611111
agouti,0.713194444
peccary,0.75
peccary,0.038888889
peccary,0.044444444
peccary,0.052083333
paca,0.100694444
peccary,0.329166667
agouti,0.336805556
agouti,0.340972222
peccary,0.4
peccary,0.404861111
peccary,0.756944444
peccary,0.756944444
peccary,0.75625
peccary,0.75625
peccary,0.75625
peccary,0.755555556
peccary,0.66875
coati,0.345138889
coati,0.344444444
agouti,0.76875
peccary,0.273611111
coati,0.644444444
peccary,0.24375
coati,0.30625
peccary,0.257638889
squirrel,0.302083333
coati,0.523611111
agouti,0.694444444
peccary,0.725694444
agouti,0.74375
peccary,0.74375
peccary,0.791666667
peccary,0.791666667
peccary,0.790972222
peccary,0.790277778
peccary,0.789583333
peccary,0.789583333
peccary,0.858333333
peccary,0.857638889
peccary,0.254861111
peccary,0.254166667
peccary,0.252777778
peccary,0.252083333
peccary,0.251388889
peccary,0.845138889
peccary,0.788888889
peccary,0.788194444
peccary,0.786111111
agouti,0.334027778
agouti,0.290277778
agouti,0.365277778
coati,0.380555556
ocelot,0.498611111
peccary,0.722916667
peccary,0.357638889
peccary,0.372222222
agouti,0.711805556
agouti,0.325
agouti,0.368055556
agouti,0.372916667
agouti,0.374305556
agouti,0.69375
peccary,0.760416667
agouti,0.353472222
agouti,0.697916667
squirrel,0.286111111
peccary,0.308333333
agouti,0.304861111
agouti,0.403472222
paca,0.945138889
agouti,0.339583333
agouti,0.579166667
agouti,0.579861111
agouti,0.342361111
peccary,0.7
peccary,0.700694444
peccary,0.704861111
coati,0.291666667
agouti,0.31875
agouti,0.306944444
armadillo,0.834722222
coati,0.541666667
coati,0.591666667
brocket,0.006944444
agouti,0.295138889
agouti,0.331944444
opossum,0.143055556
agouti,0.754861111
agouti,0.716666667
squirrel,0.297222222
peccary,0.299305556
agouti,0.752777778
agouti,0.754166667
peccary,0.838194444
agouti,0.377777778
agouti,0.379861111
agouti,0.731944444
agouti,0.716666667
brocket,0.917361111
agouti,0.375694444
agouti,0.292361111
peccary,0.327777778
peccary,0.328472222
agouti,0.383333333
agouti,0.698611111
agouti,0.283333333
agouti,0.492361111
agouti,0.305555556
peccary,0.327083333
agouti,0.379166667
agouti,0.443055556
agouti,0.463194444
peccary,0.2625
agouti,0.38125
peccary,0.713888889
peccary,0.041666667
peccary,0.347222222
agouti,0.419444444
agouti,0.439583333
peccary,0.668055556
peccary,0.750694444
agouti,0.320833333
peccary,0.334027778
agouti,0.411111111
peccary,0.698611111
brocket,0.321527778
agouti,0.336805556
peccary,0.811111111
agouti,0.738194444
brocket,0.990972222
agouti,0.283333333
agouti,0.341666667
agouti,0.344444444
agouti,0.448611111
agouti,0.45
agouti,0.550694444
agouti,0.735416667
agouti,0.736805556
brocket,0.772222222
brocket,0.10625
tamandua,0.576388889
agouti,0.745138889
paca,0.120833333
agouti,0.300694444
agouti,0.33125
agouti,0.59375
agouti,0.595138889
agouti,0.629166667
agouti,0.729166667
agouti,0.349305556
paca,0.134722222
agouti,0.515277778
agouti,0.664583333
agouti,0.680555556
peccary,0.853472222
peccary,0.861111111
agouti,0.636805556
peccary,0.782638889
agouti,0.595833333
peccary,0.627083333
agouti,0.748611111
agouti,0.65
agouti,0.691666667
agouti,0.776388889
peccary,0.842361111
peccary,0.844444444
peccary,0.845138889
agouti,0.724305556
agouti,0.728472222
peccary,0.758333333
peccary,0.913888889
peccary,0.929166667
peccary,0.082638889
peccary,0.313888889
peccary,0.320138889
agouti,0.334722222
agouti,0.438194444
peccary,0.621527778
peccary,0.622916667
peccary,0.623611111
agouti,0.709027778
agouti,0.753472222
peccary,0.325694444
agouti,0.330555556
brocket,0.272222222
peccary,0.306944444
peccary,0.324305556
peccary,0.763194444
agouti,0.63125
peccary,0.650694444
peccary,0.807638889
peccary,0.865972222
peccary,0.884027778
peccary,0.886111111
peccary,0.281944444
agouti,0.618055556
agouti,0.621527778
peccary,0.664583333
peccary,0.826388889
agouti,0.540972222
peccary,0.834027778
peccary,0.888888889
peccary,0.004166667
peccary,0.285416667
peccary,0.298611111
agouti,0.333333333
agouti,0.320138889
agouti,0.395833333
agouti,0.444444444
peccary,0.533333333
agouti,0.671527778
agouti,0.671527778
peccary,0.746527778
peccary,0.822916667
peccary,0.828472222
agouti,0.284027778
agouti,0.318055556
peccary,0.381944444
peccary,0.383333333
peccary,0.385416667
agouti,0.522916667
agouti,0.6625
peccary,0.051388889
agouti,0.272222222
peccary,0.709722222
agouti,0.291666667
peccary,0.392361111
agouti,0.429166667
peccary,0.469444444
agouti,0.540972222
agouti,0.564583333
agouti,0.707638889
peccary,0.755555556
peccary,0.002083333
peccary,0.134722222
agouti,0.277777778
agouti,0.39375
agouti,0.498611111
peccary,0.7
agouti,0.726388889
peccary,0.963194444
peccary,0.748611111
peccary,0.822222222
peccary,0.845833333
paca,0.159722222
agouti,0.425694444
agouti,0.745138889
peccary,0.760416667
peccary,0.761111111
agouti,0.309722222
peccary,0.365972222
agouti,0.585416667
agouti,0.604861111
agouti,0.678472222
agouti,0.336805556
agouti,0.643055556
agouti,0.284027778
agouti,0.523611111
agouti,0.308333333
peccary,0.313194444
agouti,0.369444444
agouti,0.4125
agouti,0.438888889
agouti,0.439583333
peccary,0.916666667
agouti,0.26875
agouti,0.334722222
agouti,0.651388889
agouti,0.720833333
paca,0.161111111
paca,0.173611111
agouti,0.583333333
peccary,0.759722222
peccary,0.760416667
agouti,0.305555556
agouti,0.367361111
agouti,0.372916667
agouti,0.471527778
agouti,0.551388889
agouti,0.2875
coati,0.729861111
agouti,0.734722222
agouti,0.722916667
agouti,0.610416667
brocket,0.10625
agouti,0.296527778
tayra,0.513194444
agouti,0.556944444
agouti,0.745138889
brocket,0.13125
agouti,0.372222222
squirrel,0.702777778
opossum,0.215972222
agouti,0.313888889
agouti,0.355555556
agouti,0.738194444
agouti,0.471527778
brocket,0.738888889
agouti,0.757638889
squirrel,0.354166667
tayra,0.5125
agouti,0.734027778
agouti,0.349305556
agouti,0.525
agouti,0.354166667
squirrel,0.538194444
agouti,0.713194444
agouti,0.717361111
agouti,0.719444444
agouti,0.354166667
agouti,0.355555556
agouti,0.293055556
coati,0.604166667
coati,0.604166667
agouti,0.636111111
coati,0.286111111
agouti,0.348611111
agouti,0.400694444
squirrel,0.322222222
rat,0.191666667
paca,0.216666667
agouti,0.668055556
peccary,0.546527778
peccary,0.973611111
peccary,0.032638889
peccary,0.310416667
agouti,0.288194444
peccary,0.845833333
peccary,0.940277778
peccary,0.947916667
peccary,0.064583333
agouti,0.648611111
agouti,0.663888889
agouti,0.295833333
peccary,0.986111111
peccary,0.989583333
agouti,0.683333333
agouti,0.749305556
agouti,0.297222222
agouti,0.713194444
brocket,0.305555556
agouti,0.642361111
agouti,0.443055556
brocket,0.485416667
peccary,0.820138889
ocelot,0.602083333
agouti,0.440277778
agouti,0.522222222
peccary,0.75625
paca,0.069444444
peccary,0.613194444
peccary,0.941666667
peccary,0.223611111
agouti,0.636805556
peccary,0.821527778
peccary,0.884027778
agouti,0.576388889
agouti,0.640277778
agouti,0.310416667
agouti,0.706944444
peccary,0.752083333
peccary,0.24375
agouti,0.323611111
peccary,0.311805556
peccary,0.313194444
agouti,0.640972222
peccary,0.725
peccary,0.734722222
agouti,0.759027778
peccary,0.702083333
peccary,0.913194444
peccary,0.238888889
peccary,0.696527778
agouti,0.747916667
peccary,0.344444444
agouti,0.663888889
peccary,0.950694444
coati,0.2875
rat,0.252083333
brocket,0.382638889
rat,0.191666667
agouti,0.752777778
peccary,0.792361111
peccary,0.944444444
paca,0.172916667
peccary,0.072222222
peccary,0.777777778
peccary,0.779861111
peccary,0.935416667
peccary,0.9375
peccary,0.938194444
peccary,0.045138889
peccary,0.0625
peccary,0.965972222
paca,0.147916667
paca,0.150694444
peccary,0.172916667
peccary,0.709027778
paca,0.202777778
peccary,0.804166667
agouti,0.274305556
agouti,0.309722222
agouti,0.566666667
brocket,0.982638889
agouti,0.308333333
agouti,0.744444444
agouti,0.275
agouti,0.302083333
brocket,0.433333333
paca,0.055555556
agouti,0.365972222
agouti,0.420138889
agouti,0.514583333
agouti,0.283333333
agouti,0.342361111
agouti,0.584027778
brocket,0.923611111
paca,0.088194444
agouti,0.293055556
paca,0.219444444
agouti,0.330555556
squirrel,0.4375
agouti,0.478472222
agouti,0.542361111
agouti,0.548611111
agouti,0.720833333
agouti,0.770833333
agouti,0.4625
agouti,0.479166667
squirrel,0.4875
agouti,0.506944444
agouti,0.511805556
agouti,0.513888889
agouti,0.516666667
agouti,0.455555556
agouti,0.472916667
agouti,0.560416667
agouti,0.584027778
agouti,0.739583333
agouti,0.34375
brocket,0.740277778
rat,0.1625
agouti,0.265972222
brocket,0.324305556
agouti,0.265277778
agouti,0.346527778
agouti,0.361805556
agouti,0.547916667
agouti,0.570138889
agouti,0.269444444
agouti,0.448611111
squirrel,0.468055556
agouti,0.498611111
brocket,0.034027778
peccary,0.135416667
brocket,0.102083333
agouti,0.359027778
agouti,0.636111111
peccary,0.699305556
agouti,0.284027778
peccary,0.013194444
peccary,0.015972222
brocket,0.092361111
peccary,0.042361111
agouti,0.276388889
brocket,0.059722222
agouti,0.395833333
agouti,0.421527778
agouti,0.695138889
agouti,0.695138889
agouti,0.73125
rat,0.840972222
agouti,0.396527778
peccary,0.009027778
brocket,0.095833333
agouti,0.322222222
agouti,0.58125
agouti,0.584722222
peccary,0.7
peccary,0.700694444
brocket,0.817361111
brocket,0.257638889
agouti,0.318055556
agouti,0.347916667
agouti,0.600694444
peccary,0.809722222
agouti,0.278472222
agouti,0.330555556
peccary,0.922916667
brocket,0.111805556
agouti,0.313888889
agouti,0.475694444
agouti,0.702083333
peccary,0.998611111
agouti,0.547222222
agouti,0.594444444
agouti,0.704166667
agouti,0.279166667
agouti,0.575
brocket,0.1125
agouti,0.314583333
agouti,0.375
brocket,0.876388889
peccary,0.6625
agouti,0.69375
rat,0.804166667
rat,0.818055556
agouti,0.697222222
agouti,0.711805556
brocket,0.085416667
agouti,0.398611111
brocket,0.464583333
agouti,0.341666667
agouti,0.358333333
agouti,0.569444444
agouti,0.4625
peccary,0.248611111
peccary,0.257638889
peccary,0.271527778
peccary,0.825
peccary,0.83125
squirrel,0.457638889
agouti,0.703472222
agouti,0.415277778
tamandua,0.017361111
agouti,0.702777778
agouti,0.704861111
peccary,0.719444444
peccary,0.95625
peccary,0.973611111
agouti,0.270138889
agouti,0.767361111
peccary,0.058333333
peccary,0.059722222
peccary,0.292361111
agouti,0.434722222
peccary,0.85
peccary,0.879166667
peccary,0.916666667
peccary,0.332638889
agouti,0.391666667
peccary,0.397916667
peccary,0.428472222
peccary,0.836805556
peccary,0.244444444
squirrel,0.33125
agouti,0.534027778
peccary,0.907638889
agouti,0.377083333
agouti,0.429861111
agouti,0.43125
peccary,0.842361111
peccary,0.108333333
peccary,0.277083333
agouti,0.698611111
peccary,0.794444444
peccary,0.795833333
peccary,0.890277778
agouti,0.295833333
agouti,0.334027778
agouti,0.336805556
squirrel,0.597916667
squirrel,0.598611111
peccary,0.836805556
peccary,0.889583333
peccary,0.89375
coati,0.340277778
agouti,0.345138889
agouti,0.384722222
peccary,0.822916667
peccary,0.825694444
peccary,0.864583333
peccary,0.295833333
agouti,0.370833333
coati,0.48125
coati,0.481944444
peccary,0.715277778
peccary,0.719444444
peccary,0.816666667
peccary,0.818055556
peccary,0.823611111
peccary,0.260416667
peccary,0.274305556
agouti,0.344444444
agouti,0.347222222
squirrel,0.631944444
agouti,0.632638889
agouti,0.65625
peccary,0.853472222
peccary,0.878472222
peccary,0.063194444
peccary,0.234027778
agouti,0.325694444
agouti,0.758333333
agouti,0.7625
peccary,0.890972222
agouti,0.293055556
agouti,0.33125
agouti,0.497222222
agouti,0.517361111
agouti,0.710416667
agouti,0.745138889
agouti,0.426388889
agouti,0.546527778
agouti,0.548611111
agouti,0.604166667
agouti,0.725
agouti,0.726388889
peccary,0.122916667
peccary,0.236111111
agouti,0.398611111
agouti,0.417361111
agouti,0.677777778
peccary,0.761805556
agouti,0.334027778
coati,0.336111111
ocelot,0.721527778
peccary,0.779861111
agouti,0.302777778
agouti,0.341666667
agouti,0.360416667
peccary,0.767361111
peccary,0.76875
peccary,0.770833333
peccary,0.771527778
peccary,0.871527778
peccary,0.872916667
peccary,0.874305556
ocelot,0.226388889
agouti,0.284027778
peccary,0.778472222
peccary,0.03125
agouti,0.333333333
agouti,0.722222222
paca,0.238194444
agouti,0.632638889
peccary,0.732638889
peccary,0.738888889
peccary,0.934722222
agouti,0.271527778
agouti,0.279166667
agouti,0.331944444
agouti,0.731944444
peccary,0.163194444
agouti,0.775694444
rat,0.145138889
agouti,0.3875
agouti,0.459722222
agouti,0.63125
agouti,0.697222222
agouti,0.35
agouti,0.365972222
agouti,0.629166667
agouti,0.663194444
agouti,0.664583333
agouti,0.736111111
rat,0.968055556
agouti,0.338888889
coati,0.402777778
rat,0.995833333
agouti,0.353472222
agouti,0.768055556
agouti,0.301388889
agouti,0.379166667
agouti,0.70625
agouti,0.734027778
peccary,0.767361111
agouti,0.282638889
agouti,0.390972222
agouti,0.395833333
agouti,0.657638889
peccary,0.704861111
peccary,0.725694444
peccary,0.729166667
peccary,0.732638889
agouti,0.745138889
agouti,0.746527778
agouti,0.749305556
agouti,0.750694444
agouti,0.279166667
squirrel,0.31875
peccary,0.073611111
agouti,0.280555556
peccary,0.290277778
peccary,0.294444444
peccary,0.297222222
peccary,0.302777778
peccary,0.308333333
peccary,0.322916667
agouti,0.663888889
agouti,0.671527778
agouti,0.7
peccary,0.708333333
peccary,0.720833333
agouti,0.756944444
peccary,0.756944444
peccary,0.077777778
peccary,0.097916667
peccary,0.291666667
peccary,0.310416667
agouti,0.325
agouti,0.341666667
agouti,0.547222222
agouti,0.66875
agouti,0.682638889
peccary,0.704861111
peccary,0.7125
peccary,0.715972222
agouti,0.728472222
peccary,0.728472222
peccary,0.790277778
peccary,0.795138889
peccary,0.801388889
agouti,0.284722222
agouti,0.290277778
squirrel,0.316666667
peccary,0.230555556
agouti,0.311805556
agouti,0.336111111
agouti,0.347222222
agouti,0.35
agouti,0.425
agouti,0.725694444
agouti,0.728472222
agouti,0.738888889
agouti,0.740972222
peccary,0.115972222
agouti,0.263194444
agouti,0.277777778
agouti,0.2875
agouti,0.290277778
agouti,0.291666667
agouti,0.29375
agouti,0.297916667
agouti,0.302083333
agouti,0.314583333
agouti,0.321527778
agouti,0.353472222
agouti,0.365972222
agouti,0.423611111
agouti,0.433333333
agouti,0.693055556
brocket,0.686111111
brocket,0.131944444
peccary,0.3125
rat,0.836805556
brocket,0.356944444
brocket,0.788888889
peccary,0.800694444
peccary,0.191666667
peccary,0.310416667
agouti,0.432638889
peccary,0.59375
peccary,0.689583333
peccary,0.84375
coati,0.284027778
paca,0.80625
peccary,0.152083333
peccary,0.370833333
peccary,0.479166667
peccary,0.654166667
peccary,0.122916667
peccary,0.605555556
peccary,0.66875
peccary,0.727777778
peccary,0.217361111
peccary,0.702083333
peccary,0.345833333
peccary,0.606944444
peccary,0.275694444
peccary,0.577083333
agouti,0.606944444
peccary,0.446527778
peccary,0.45625
tamandua,0.647222222
peccary,0.441666667
peccary,0.702777778
brocket,0.552777778
brocket,0.621527778
agouti,0.707638889
agouti,0.579166667
brocket,0.152083333
agouti,0.26875
squirrel,0.31875
brocket,0.711111111
rat,0.197916667
agouti,0.7375
agouti,0.274305556
brocket,0.679861111
agouti,0.740277778
agouti,0.314583333
agouti,0.604861111
ocelot,0.790972222
peccary,0.111111111
peccary,0.1125
squirrel,0.351388889
tamandua,0.495138889
tamandua,0.535416667
agouti,0.254166667
peccary,0.365972222
peccary,0.534027778
brocket,0.302777778
coati,0.653472222
coati,0.655555556
peccary,0.904166667
agouti,0.427083333
agouti,0.63125
agouti,0.666666667
brocket,0.720138889
brocket,0.724305556
peccary,0.730555556
agouti,0.686805556
agouti,0.681944444
agouti,0.744444444
paca,0.851388889
agouti,0.314583333
squirrel,0.415972222
coati,0.474305556
paca,0.872916667
paca,0.873611111
armadillo,0.878472222
agouti,0.351388889
agouti,0.35625
peccary,0.079861111
brocket,0.484027778
brocket,0.746527778
peccary,0.750694444
peccary,0.752083333
peccary,0.75625
peccary,0.809027778
brocket,0.029861111
brocket,0.031944444
agouti,0.303472222
agouti,0.435416667
brocket,0.438888889
peccary,0.779166667
peccary,0.78125
paca,0.902083333
agouti,0.381944444
agouti,0.692361111
agouti,0.708333333
peccary,0.219444444
agouti,0.389583333
peccary,0.088194444
paca,0.947916667
agouti,0.3875
agouti,0.667361111
peccary,0.899305556
coati,0.650694444
agouti,0.772222222
peccary,0.773611111
peccary,0.774305556
peccary,0.778472222
peccary,0.982638889
peccary,0.997916667
agouti,0.33125
opossum,0.784027778
brocket,0.167361111
agouti,0.7
agouti,0.285416667
brocket,0.825
peccary,0.96875
peccary,0.969444444
coati,0.655555556
coati,0.65625
brocket,0.03125
squirrel,0.290277778
agouti,0.576388889
agouti,0.773611111
brocket,0.961111111
agouti,0.296527778
agouti,0.695138889
peccary,0.079861111
agouti,0.577777778
peccary,0.830555556
agouti,0.768055556
agouti,0.290972222
brocket,0.655555556
agouti,0.2625
peccary,0.793055556
peccary,0.796527778
agouti,0.335416667
agouti,0.361805556
agouti,0.379166667
agouti,0.261111111
agouti,0.777083333
agouti,0.299305556
agouti,0.368055556
agouti,0.408333333
agouti,0.705555556
agouti,0.707638889
agouti,0.322916667
agouti,0.602083333
agouti,0.678472222
agouti,0.68125
agouti,0.699305556
agouti,0.372916667
agouti,0.658333333
agouti,0.666666667
rat,0.044444444
tamandua,0.152083333
rat,0.23125
rat,0.23125
agouti,0.379166667
agouti,0.392361111
rat,0.85625
agouti,0.545138889
agouti,0.545833333
agouti,0.5875
rat,0.900694444
agouti,0.625694444
squirrel,0.335416667
agouti,0.348611111
agouti,0.396527778
agouti,0.413888889
agouti,0.477777778
rat,0.110416667
agouti,0.35
agouti,0.383333333
agouti,0.447222222
agouti,0.449305556
agouti,0.455555556
agouti,0.584722222
rat,0.140972222
rat,0.2375
rat,0.238888889
squirrel,0.36875
squirrel,0.371527778
agouti,0.454166667
rat,0.175
peccary,0.222916667
peccary,0.223611111
squirrel,0.577083333
coati,0.650694444
agouti,0.403472222
agouti,0.726388889
peccary,0.846527778
peccary,0.852777778
peccary,0.188888889
peccary,0.226388889
agouti,0.486111111
coati,0.516666667
agouti,0.707638889
peccary,0.24375
peccary,0.261111111
agouti,0.391666667
agouti,0.559027778
agouti,0.727083333
peccary,0.952777778
peccary,0.2625
peccary,0.281944444
agouti,0.298611111
coati,0.556944444
agouti,0.635416667
agouti,0.327083333
agouti,0.343055556
ocelot,0.268055556
peccary,0.815277778
peccary,0.265972222
agouti,0.429861111
agouti,0.505555556
agouti,0.274305556
agouti,0.284722222
brocket,0.675
armadillo,0.8625
coati,0.6375
agouti,0.607638889
ocelot,0.1
agouti,0.647916667
peccary,0.734722222
agouti,0.264583333
agouti,0.279166667
agouti,0.361805556
agouti,0.3875
agouti,0.423611111
coati,0.575694444
coati,0.580555556
coati,0.584027778
coati,0.585416667
peccary,0.590972222
agouti,0.71875
squirrel,0.745138889
rat,0.005555556
peccary,0.384027778
agouti,0.393055556
peccary,0.4375
tamandua,0.929166667
agouti,0.364583333
agouti,0.558333333
peccary,0.277083333
peccary,0.279166667
peccary,0.28125
agouti,0.271527778
agouti,0.276388889
agouti,0.539583333
agouti,0.541666667
agouti,0.736805556
agouti,0.768055556
rat,0.111111111
peccary,0.289583333
agouti,0.3
agouti,0.276388889
agouti,0.293055556
agouti,0.294444444
peccary,0.322222222
peccary,0.470833333
agouti,0.304861111
agouti,0.305555556
coati,0.592361111
agouti,0.716666667
rat,0.11875
coati,0.325
peccary,0.391666667
peccary,0.826388889
paca,0.833333333
peccary,0.834722222
paca,0.036111111
agouti,0.307638889
agouti,0.339583333
agouti,0.420138889
agouti,0.503472222
agouti,0.288888889
peccary,0.34375
peccary,0.344444444
agouti,0.306944444
agouti,0.333333333
brocket,0.341666667
agouti,0.457638889
brocket,0.511111111
agouti,0.704166667
paca,0.176388889
peccary,0.252083333
agouti,0.413194444
agouti,0.415972222
paca,0.913888889
agouti,0.345833333
agouti,0.575694444
agouti,0.577083333
agouti,0.279861111
agouti,0.404166667
agouti,0.460416667
agouti,0.7125
peccary,0.897916667
agouti,0.477777778
agouti,0.758333333
rat,0.010416667
agouti,0.638194444
peccary,0.694444444
peccary,0.696527778
agouti,0.713888889
agouti,0.313888889
agouti,0.325
agouti,0.325694444
peccary,0.413888889
peccary,0.434027778
coati,0.436111111
peccary,0.438888889
agouti,0.470833333
agouti,0.486805556
agouti,0.490972222
agouti,0.605555556
agouti,0.620138889
agouti,0.672916667
squirrel,0.684722222
agouti,0.688194444
agouti,0.727083333
paca,0.04375
rat,0.213194444
agouti,0.399305556
peccary,0.702083333
peccary,0.730555556
peccary,0.881944444
paca,0.925694444
brocket,0.277777778
agouti,0.338194444
agouti,0.35
agouti,0.64375
paca,0.177083333
agouti,0.707638889
paca,0.136805556
agouti,0.313888889
peccary,0.322916667
peccary,0.332638889
peccary,0.334027778
tamandua,0.568055556
rat,0.811111111
paca,0.816666667
paca,0.069444444
paca,0.076388889
agouti,0.277777778
peccary,0.342361111
peccary,0.34375
agouti,0.4
peccary,0.361805556
agouti,0.38125
peccary,0.404166667
agouti,0.55625
peccary,0.639583333
agouti,0.320138889
armadillo,0.947222222
agouti,0.302777778
agouti,0.513194444
paca,0.847222222
paca,0.959722222
paca,0.017361111
paca,0.078472222
agouti,0.336805556
agouti,0.463888889
agouti,0.486805556
coati,0.597916667
agouti,0.310416667
agouti,0.352083333
agouti,0.386805556
agouti,0.580555556
agouti,0.697916667
agouti,0.701388889
paca,0.997222222
tamandua,0.738194444
paca,0.061805556
paca,0.823611111
paca,0.052777778
agouti,0.365972222
agouti,0.368055556
paca,0.015277778
paca,0.041666667
agouti,0.306944444
agouti,0.397916667
paca,0.938194444
peccary,0.208333333
agouti,0.283333333
agouti,0.542361111
paca,0.95
agouti,0.517361111
agouti,0.667361111
peccary,0.770138889
paca,0.93125
coati,0.6
agouti,0.665972222
agouti,0.3375
agouti,0.340277778
agouti,0.592361111
paca,0.179166667
agouti,0.504861111
peccary,0.596527778
peccary,0.632638889
peccary,0.633333333
paca,0.159027778
paca,0.180555556
agouti,0.314583333
brocket,0.316666667
agouti,0.321527778
paca,0.002083333
agouti,0.372222222
agouti,0.53125
agouti,0.545833333
armadillo,0.944444444
rat,0.05625
agouti,0.359027778
agouti,0.363888889
rat,0.013194444
rat,0.041666667
rat,0.878472222
rat,0.91875
agouti,0.327083333
rat,0.926388889
rat,0.050694444
paca,0.130555556
rat,0.879166667
agouti,0.345833333
rat,0.152777778
rat,0.229166667
agouti,0.647916667
agouti,0.65
agouti,0.729861111
agouti,0.756944444
agouti,0.757638889
agouti,0.759027778
agouti,0.759722222
agouti,0.772916667
peccary,0.844444444
peccary,0.850694444
agouti,0.273611111
peccary,0.660416667
peccary,0.710416667
agouti,0.313194444
brocket,0.825
brocket,0.260416667
agouti,0.7375
agouti,0.440277778
agouti,0.748611111
peccary,0.864583333
peccary,0.865972222
agouti,0.322916667
agouti,0.560416667
agouti,0.697222222
agouti,0.307638889
agouti,0.397222222
agouti,0.511805556
agouti,0.704861111
agouti,0.707638889
agouti,0.292361111
agouti,0.369444444
peccary,0.781944444
agouti,0.720138889
agouti,0.320138889
agouti,0.528472222
armadillo,0.106944444
peccary,0.330555556
peccary,0.33125
agouti,0.727777778
agouti,0.502777778
agouti,0.690277778
agouti,0.293055556
agouti,0.311111111
agouti,0.732638889
agouti,0.313194444
agouti,0.464583333
agouti,0.320833333
agouti,0.296527778
rat,0.207638889
rat,0.827083333
rat,0.950694444
agouti,0.324305556
agouti,0.283333333
agouti,0.368055556
agouti,0.372222222
agouti,0.405555556
peccary,0.940277778
peccary,0.940972222
peccary,0.816666667
peccary,0.213194444
peccary,0.261111111
peccary,0.261111111
agouti,0.272916667
brocket,0.308333333
agouti,0.696527778
peccary,0.703472222
brocket,0.194444444
peccary,0.689583333
brocket,0.761111111
peccary,0.784722222
peccary,0.360416667
agouti,0.772916667
rat,0.854166667
agouti,0.361805556
brocket,0.883333333
peccary,0.941666667
paca,0.141666667
agouti,0.457638889
peccary,0.8125
peccary,0.813888889
peccary,0.863888889
peccary,0.864583333
peccary,0.865277778
peccary,0.282638889
peccary,0.311805556
agouti,0.39375
paca,0.825694444
paca,0.920138889
agouti,0.295833333
agouti,0.296527778
agouti,0.341666667
agouti,0.566666667
agouti,0.709722222
agouti,0.720138889
agouti,0.733333333
ocelot,0.054166667
brocket,0.24375
peccary,0.853472222
brocket,0.972222222
paca,0.854166667
peccary,0.93125
paca,0.084722222
agouti,0.757638889
peccary,0.813194444
peccary,0.194444444
peccary,0.227083333
agouti,0.281944444
peccary,0.096527778
brocket,0.202083333
tamandua,0.684722222
agouti,0.463888889
agouti,0.472916667
agouti,0.6375
agouti,0.650694444
agouti,0.699305556
squirrel,0.294444444
squirrel,0.448611111
ocelot,0.509027778
ocelot,0.706944444
agouti,0.376388889
agouti,0.342361111
agouti,0.481944444
brocket,0.902083333
agouti,0.295138889
agouti,0.689583333
agouti,0.334027778
agouti,0.415277778
squirrel,0.671527778
agouti,0.280555556
agouti,0.347916667
agouti,0.692361111
agouti,0.33125
agouti,0.697916667
agouti,0.646527778
agouti,0.364583333
squirrel,0.594444444
agouti,0.66875
agouti,0.363888889
agouti,0.574305556
squirrel,0.580555556
agouti,0.658333333
agouti,0.695833333
agouti,0.284722222
agouti,0.332638889
agouti,0.698611111
agouti,0.394444444
agouti,0.286805556
peccary,0.974305556
peccary,0.011805556
peccary,0.025694444
peccary,0.026388889
peccary,0.045833333
peccary,0.077083333
peccary,0.091666667
agouti,0.301388889
brocket,0.356944444
agouti,0.365972222
agouti,0.386805556
agouti,0.408333333
agouti,0.463194444
peccary,0.725
peccary,0.729861111
peccary,0.754166667
peccary,0.784027778
agouti,0.285416667
peccary,0.301388889
agouti,0.370833333
agouti,0.374305556
agouti,0.464583333
agouti,0.488888889
agouti,0.511805556
agouti,0.576388889
agouti,0.613194444
agouti,0.660416667
agouti,0.688888889
agouti,0.695138889
agouti,0.713194444
peccary,0.773611111
peccary,0.775
peccary,0.239583333
peccary,0.250694444
peccary,0.251388889
peccary,0.254166667
peccary,0.270833333
agouti,0.31875
agouti,0.320833333
agouti,0.325
agouti,0.483333333
agouti,0.572222222
agouti,0.590277778
agouti,0.59375
agouti,0.625
agouti,0.690277778
peccary,0.786111111
peccary,0.284722222
agouti,0.450694444
agouti,0.584027778
agouti,0.702083333
agouti,0.7375
agouti,0.738194444
agouti,0.747222222
brocket,0.983333333
agouti,0.265972222
agouti,0.45
agouti,0.468055556
agouti,0.601388889
agouti,0.678472222
peccary,0.818055556
peccary,0.247222222
agouti,0.425694444
agouti,0.672222222
peccary,0.108333333
agouti,0.324305556
agouti,0.383333333
agouti,0.402083333
agouti,0.4375
agouti,0.505555556
agouti,0.61875
agouti,0.622916667
agouti,0.628472222
agouti,0.684027778
peccary,0.75
ocelot,0.945833333
peccary,0.265277778
peccary,0.267361111
agouti,0.302083333
agouti,0.309722222
agouti,0.409027778
peccary,0.863888889
peccary,0.866666667
peccary,0.86875
peccary,0.875
peccary,0.878472222
peccary,0.965972222
peccary,0.978472222
peccary,0.070833333
agouti,0.307638889
squirrel,0.350694444
brocket,0.353472222
agouti,0.417361111
agouti,0.481944444
agouti,0.500694444
agouti,0.508333333
agouti,0.696527778
peccary,0.033333333
peccary,0.2875
peccary,0.29375
peccary,0.302083333
agouti,0.307638889
peccary,0.309027778
peccary,0.31875
peccary,0.452083333
agouti,0.50625
agouti,0.509027778
agouti,0.693055556
peccary,0.884722222
peccary,0.231944444
agouti,0.377083333
agouti,0.379166667
agouti,0.390972222
agouti,0.398611111
squirrel,0.449305556
squirrel,0.451388889
squirrel,0.452777778
squirrel,0.461111111
squirrel,0.461805556
squirrel,0.463194444
squirrel,0.464583333
agouti,0.468055556
squirrel,0.476388889
squirrel,0.479861111
squirrel,0.484722222
squirrel,0.485416667
squirrel,0.486805556
squirrel,0.4875
agouti,0.510416667
coati,0.615972222
peccary,0.258333333
peccary,0.26875
agouti,0.333333333
agouti,0.338194444
agouti,0.341666667
coati,0.620138889
coati,0.636805556
agouti,0.317361111
squirrel,0.720138889
peccary,0.282638889
peccary,0.311805556
squirrel,0.352777778
peccary,0.646527778
agouti,0.707638889
peccary,0.713888889
coati,0.484027778
agouti,0.632638889
agouti,0.722222222
peccary,0.756944444
squirrel,0.440972222
agouti,0.459027778
squirrel,0.288888889
agouti,0.291666667
agouti,0.521527778
agouti,0.473611111
agouti,0.730555556
brocket,0.753472222
agouti,0.506944444
squirrel,0.510416667
squirrel,0.5125
squirrel,0.513888889
squirrel,0.516666667
paca,0.920138889
agouti,0.325694444
agouti,0.548611111
agouti,0.549305556
agouti,0.727083333
agouti,0.270138889
agouti,0.682638889
agouti,0.501388889
brocket,0.545138889
tamandua,0.634027778
agouti,0.40625
agouti,0.545138889
agouti,0.452777778
paca,0.836111111
paca,0.947916667
agouti,0.561805556
agouti,0.695138889
agouti,0.267361111
coati,0.391666667
coati,0.386111111
coati,0.388888889
tamandua,0.649305556
paca,0.84375
paca,0.990972222
agouti,0.308333333
peccary,0.338888889
agouti,0.546527778
rat,0.984027778
agouti,0.322916667
agouti,0.461111111
paca,0.06875
agouti,0.497222222
rat,0.796527778
peccary,0.289583333
agouti,0.577083333
peccary,0.300694444
agouti,0.373611111
agouti,0.402777778
agouti,0.277777778
agouti,0.463194444
agouti,0.488888889
peccary,0.515972222
agouti,0.675
peccary,0.716666667
peccary,0.721527778
agouti,0.5625
agouti,0.570833333
paca,0.069444444
peccary,0.3
agouti,0.593055556
agouti,0.44375
agouti,0.445833333
agouti,0.738194444
agouti,0.454861111
agouti,0.314583333
paca,0.859027778
paca,0.822222222
agouti,0.371527778
agouti,0.374305556
agouti,0.385416667
agouti,0.395138889
agouti,0.402777778
agouti,0.431944444
agouti,0.686111111
agouti,0.686805556
agouti,0.711805556
agouti,0.767361111
agouti,0.76875
agouti,0.258333333
agouti,0.285416667
agouti,0.306944444
agouti,0.308333333
agouti,0.379861111
agouti,0.396527778
agouti,0.397916667
agouti,0.477777778
agouti,0.491666667
agouti,0.516666667
agouti,0.557638889
agouti,0.586111111
agouti,0.753472222
agouti,0.757638889
paca,0.013888889
agouti,0.385416667
agouti,0.765972222
agouti,0.772222222
agouti,0.257638889
paca,0.998611111
paca,0.822916667
agouti,0.343055556
agouti,0.346527778
paca,0.977777778
agouti,0.254861111
agouti,0.518055556
paca,0.017361111
agouti,0.300694444
agouti,0.292361111
squirrel,0.303472222
armadillo,0.845138889
rat,0.956944444
agouti,0.295833333
peccary,0.635416667
peccary,0.65
peccary,0.729861111
agouti,0.401388889
ocelot,0.66875
peccary,0.671527778
brocket,0.997222222
peccary,0.272222222
agouti,0.373611111
ocelot,0.292361111
agouti,0.4
agouti,0.402083333
ocelot,0.803472222
peccary,0.897916667
agouti,0.297916667
agouti,0.300694444
brocket,0.154861111
brocket,0.155555556
squirrel,0.454166667
agouti,0.379861111
agouti,0.386805556
brocket,0.826388889
peccary,0.029166667
peccary,0.933333333
brocket,0.971527778
brocket,0.400694444
agouti,0.355555556
rat,0.199305556
rat,0.954166667
rat,0.182638889
rat,0.195138889
peccary,0.728472222
peccary,0.245833333
agouti,0.364583333
agouti,0.368055556
agouti,0.369444444
agouti,0.415972222
agouti,0.446527778
agouti,0.60625
peccary,0.646527778
agouti,0.735416667
agouti,0.284027778
peccary,0.293055556
peccary,0.295138889
agouti,0.302083333
agouti,0.431944444
agouti,0.434722222
agouti,0.440972222
agouti,0.44375
agouti,0.522222222
agouti,0.597916667
agouti,0.616666667
peccary,0.738194444
peccary,0.740277778
peccary,0.742361111
peccary,0.74375
peccary,0.044444444
peccary,0.270833333
peccary,0.272222222
peccary,0.272916667
agouti,0.29375
agouti,0.647916667
agouti,0.716666667
agouti,0.73125
peccary,0.839583333
peccary,0.840972222
peccary,0.847222222
peccary,0.874305556
peccary,0.280555556
peccary,0.285416667
agouti,0.375694444
agouti,0.40625
agouti,0.692361111
agouti,0.742361111
agouti,0.754166667
agouti,0.763888889
peccary,0.790972222
peccary,0.823611111
agouti,0.279861111
agouti,0.289583333
agouti,0.30625
agouti,0.333333333
agouti,0.36875
agouti,0.644444444
peccary,0.656944444
squirrel,0.7125
agouti,0.714583333
agouti,0.761111111
peccary,0.761111111
peccary,0.763194444
agouti,0.275694444
peccary,0.323611111
peccary,0.324305556
agouti,0.409722222
agouti,0.41875
agouti,0.460416667
agouti,0.588888889
agouti,0.745138889
peccary,0.753472222
peccary,0.772222222
peccary,0.785416667
paca,0.039583333
agouti,0.3
agouti,0.403472222
agouti,0.519444444
agouti,0.648611111
agouti,0.683333333
agouti,0.685416667
agouti,0.717361111
agouti,0.722222222
brocket,0.761111111
rat,0.999305556
agouti,0.278472222
agouti,0.346527778
peccary,0.379861111
agouti,0.398611111
agouti,0.338888889
peccary,0.394444444
agouti,0.270833333
agouti,0.289583333
coati,0.526388889
rat,0.025
brocket,0.956944444
brocket,0.984027778
coati,0.322222222
agouti,0.340277778
peccary,0.316666667
agouti,0.307638889
agouti,0.750694444
coati,0.566666667
ocelot,0.229166667
peccary,0.363888889
peccary,0.701388889
agouti,0.680555556
agouti,0.595833333
paca,0.086111111
agouti,0.288194444
paca,0.085416667
paca,0.160416667
agouti,0.550694444
paca,0.23125
agouti,0.420833333
agouti,0.559027778
agouti,0.374305556
agouti,0.519444444
peccary,0.286111111
coati,0.324305556
coati,0.325
peccary,0.779861111
peccary,0.288194444
agouti,0.746527778
tamandua,0.207638889
peccary,0.278472222
agouti,0.341666667
agouti,0.370138889
ocelot,0.811805556
agouti,0.353472222
coati,0.275
brocket,0.752083333
ocelot,0.570833333
coati,0.577083333
peccary,0.814583333
agouti,0.39375
brocket,0.868055556
agouti,0.272222222
agouti,0.275
agouti,0.279861111
peccary,0.309027778
peccary,0.327777778
agouti,0.352777778
peccary,0.269444444
peccary,0.270138889
peccary,0.275
coati,0.359027778
coati,0.359722222
peccary,0.285416667
peccary,0.286805556
peccary,0.295833333
agouti,0.757638889
brocket,0.2625
agouti,0.320833333
coati,0.715277778
peccary,0.824305556
brocket,0.013194444
peccary,0.265277778
peccary,0.268055556
peccary,0.26875
peccary,0.93125
agouti,0.263194444
agouti,0.270138889
agouti,0.29375
agouti,0.6875
peccary,0.800694444
agouti,0.456944444
coati,0.378472222
agouti,0.690972222
agouti,0.755555556
brocket,0.994444444
agouti,0.625
brocket,0.193055556
agouti,0.360416667
coati,0.528472222
coati,0.5375
agouti,0.631944444
peccary,0.277777778
agouti,0.385416667
agouti,0.692361111
brocket,0.835416667
agouti,0.672222222
peccary,0.25625
squirrel,0.29375
squirrel,0.295138889
squirrel,0.297916667
squirrel,0.305555556
agouti,0.719444444
peccary,0.260416667
agouti,0.736805556
agouti,0.757638889
peccary,0.765277778
peccary,0.370833333
peccary,0.375694444
peccary,0.375694444
agouti,0.491666667
agouti,0.640972222
agouti,0.655555556
peccary,0.313194444
peccary,0.320833333
peccary,0.322916667
peccary,0.324305556
peccary,0.327777778
peccary,0.329861111
peccary,0.333333333
peccary,0.344444444
agouti,0.40625
agouti,0.544444444
agouti,0.673611111
agouti,0.303472222
agouti,0.681944444
peccary,0.872222222
paca,0.211111111
peccary,0.271527778
agouti,0.391666667
agouti,0.435416667
peccary,0.813194444
peccary,0.814583333
agouti,0.393055556
ocelot,0.701388889
peccary,0.938194444
peccary,0.422222222
agouti,0.458333333
squirrel,0.403472222
squirrel,0.321527778
agouti,0.669444444
agouti,0.296527778
peccary,0.814583333
agouti,0.29375
peccary,0.739583333
agouti,0.255555556
agouti,0.277777778
rat,0.197916667
agouti,0.759722222
agouti,0.283333333
agouti,0.329166667
rat,0.86875
agouti,0.346527778
agouti,0.359722222
tamandua,0.653472222
agouti,0.3
agouti,0.393055556
agouti,0.360416667
armadillo,0.100694444
rat,0.027083333
armadillo,0.124305556
agouti,0.471527778
rat,0.775
rat,0.848611111
rat,0.959027778
agouti,0.454861111
agouti,0.463194444
agouti,0.386111111
agouti,0.321527778
agouti,0.494444444
rat,0.167361111
brocket,0.179861111
agouti,0.406944444
armadillo,0.059722222
agouti,0.338194444
agouti,0.563194444
rat,0.86875
rat,0.208333333
brocket,0.639583333
agouti,0.811111111
peccary,0.302083333
peccary,0.308333333
brocket,0.085416667
agouti,0.777083333
agouti,0.427777778
brocket,0.1125
agouti,0.475694444
agouti,0.491666667
peccary,0.275
agouti,0.333333333
brocket,0.963888889
brocket,0.326388889
peccary,0.922222222
agouti,0.773611111
agouti,0.339583333
agouti,0.763888889
agouti,0.275694444
peccary,0.740277778
agouti,0.667361111
agouti,0.738888889
agouti,0.298611111
agouti,0.501388889
agouti,0.746527778
agouti,0.759722222
agouti,0.290277778
agouti,0.294444444
agouti,0.6
agouti,0.721527778
agouti,0.725694444
agouti,0.277083333
squirrel,0.470833333
squirrel,0.488888889
agouti,0.33125
squirrel,0.300694444
tayra,0.422222222
agouti,0.721527778
peccary,0.728472222
peccary,0.729166667
peccary,0.730555556
peccary,0.872916667
peccary,0.994444444
agouti,0.303472222
agouti,0.540972222
agouti,0.545138889
agouti,0.547916667
agouti,0.558333333
agouti,0.66875
agouti,0.675694444
agouti,0.688888889
agouti,0.730555556
agouti,0.750694444
agouti,0.752777778
agouti,0.303472222
agouti,0.355555556
agouti,0.356944444
tamandua,0.569444444
agouti,0.732638889
agouti,0.745833333
agouti,0.285416667
agouti,0.313194444
agouti,0.381944444
agouti,0.452083333
agouti,0.618055556
agouti,0.719444444
agouti,0.739583333
ocelot,0.847916667
agouti,0.288194444
agouti,0.290972222
agouti,0.309027778
agouti,0.3125
agouti,0.379861111
agouti,0.634722222
brocket,0.74375
agouti,0.747916667
peccary,0.104861111
peccary,0.10625
peccary,0.109027778
agouti,0.272916667
agouti,0.295833333
agouti,0.401388889
agouti,0.723611111
peccary,0.013888889
agouti,0.278472222
agouti,0.284027778
agouti,0.311111111
agouti,0.393055556
agouti,0.408333333
tayra,0.438888889
agouti,0.549305556
agouti,0.550694444
agouti,0.552777778
agouti,0.583333333
peccary,0.774305556
peccary,0.775
peccary,0.775694444
ocelot,0.064583333
agouti,0.275694444
agouti,0.400694444
agouti,0.554861111
agouti,0.559027778
agouti,0.736111111
agouti,0.384027778
agouti,0.390277778
agouti,0.393055556
agouti,0.405555556
agouti,0.622222222
agouti,0.724305556
peccary,0.819444444
peccary,0.820833333
agouti,0.581944444
peccary,0.802777778
peccary,0.804861111
peccary,0.808333333
peccary,0.810416667
peccary,0.813194444
agouti,0.28125
agouti,0.4
peccary,0.993055556
agouti,0.281944444
agouti,0.314583333
agouti,0.624305556
agouti,0.329166667
agouti,0.340972222
agouti,0.479166667
agouti,0.397916667
agouti,0.643055556
agouti,0.356944444
agouti,0.684027778
agouti,0.684722222
agouti,0.759722222
agouti,0.338888889
agouti,0.380555556
peccary,0.68125
agouti,0.706944444
agouti,0.358333333
agouti,0.502083333
agouti,0.50625
agouti,0.394444444
agouti,0.411111111
peccary,0.777083333
agouti,0.630555556
agouti,0.356944444
agouti,0.361805556
agouti,0.46875
peccary,0.716666667
peccary,0.936111111
peccary,0.9375
agouti,0.501388889
agouti,0.325694444
peccary,0.827083333
brocket,0.202777778
tayra,0.629861111
brocket,0.818055556
agouti,0.289583333
agouti,0.773611111
agouti,0.322916667
brocket,0.749305556
peccary,0.778472222
peccary,0.377777778
peccary,0.466666667
peccary,0.467361111
peccary,0.489583333
brocket,0.120833333
agouti,0.3625
brocket,0.629861111
brocket,0.065277778
brocket,0.066666667
agouti,0.45625
agouti,0.75625
brocket,0.125
brocket,0.294444444
agouti,0.772916667
agouti,0.485416667
agouti,0.242361111
peccary,0.651388889
peccary,0.960416667
peccary,0.961111111
agouti,0.390277778
agouti,0.647222222
agouti,0.649305556
peccary,0.880555556
paca,0.886111111
agouti,0.727083333
peccary,0.815972222
peccary,0.0
agouti,0.264583333
agouti,0.310416667
peccary,0.359027778
agouti,0.706944444
peccary,0.750694444
agouti,0.278472222
agouti,0.284027778
brocket,0.3125
rat,0.838194444
paca,0.966666667
agouti,0.279861111
coati,0.701388889
coati,0.290277778
agouti,0.459722222
agouti,0.295833333
agouti,0.30625
agouti,0.325694444
agouti,0.327083333
agouti,0.328472222
agouti,0.329861111
agouti,0.330555556
agouti,0.33125
agouti,0.332638889
agouti,0.338194444
agouti,0.297222222
brocket,0.15
brocket,0.311111111
peccary,0.897916667
peccary,0.898611111
peccary,0.11875
peccary,0.119444444
peccary,0.320138889
agouti,0.640277778
agouti,0.658333333
agouti,0.265277778
brocket,0.359027778
brocket,0.855555556
agouti,0.430555556
brocket,0.299305556
agouti,0.329166667
peccary,0.775
brocket,0.725694444
peccary,0.78125
brocket,0.270138889
brocket,0.384027778
agouti,0.335416667
agouti,0.401388889
agouti,0.675694444
brocket,0.426388889
peccary,0.340972222
brocket,0.852083333
agouti,0.278472222
agouti,0.3375
agouti,0.376388889
brocket,0.715277778
paca,0.927777778
brocket,0.311805556
agouti,0.404861111
brocket,0.159722222
agouti,0.685416667
brocket,0.313888889
agouti,0.540972222
agouti,0.44375
agouti,0.345833333
paca,0.830555556
peccary,0.047916667
peccary,0.052083333
coati,0.571527778
agouti,0.777777778
agouti,0.397916667
peccary,0.83125
peccary,0.833333333
peccary,0.835416667
peccary,0.8375
peccary,0.973611111
peccary,0.982638889
peccary,0.195833333
brocket,0.645833333
peccary,0.994444444
peccary,0.011805556
agouti,0.284722222
agouti,0.252777778
agouti,0.320833333
peccary,0.8
brocket,0.638888889
agouti,0.765277778
agouti,0.327777778
agouti,0.335416667
agouti,0.344444444
rat,0.059027778
agouti,0.354861111
rat,0.056944444
peccary,0.225694444
agouti,0.251388889
agouti,0.392361111
agouti,0.258333333
agouti,0.319444444
ocelot,0.350694444
agouti,0.6875
agouti,0.697222222
agouti,0.697916667
agouti,0.734722222
agouti,0.265972222
agouti,0.302777778
agouti,0.321527778
agouti,0.330555556
agouti,0.334722222
peccary,0.244444444
agouti,0.258333333
agouti,0.322222222
agouti,0.713888889
peccary,0.768055556
agouti,0.251388889
agouti,0.320138889
agouti,0.379861111
agouti,0.38125
agouti,0.418055556
brocket,0.225
agouti,0.291666667
brocket,0.320833333
brocket,0.324305556
agouti,0.354166667
coati,0.557638889
brocket,0.309722222
squirrel,0.339583333
agouti,0.6625
agouti,0.696527778
agouti,0.291666667
brocket,0.684722222
peccary,0.245833333
agouti,0.268055556
agouti,0.531944444
peccary,0.891666667
peccary,0.261111111
agouti,0.359722222
agouti,0.50625
agouti,0.53125
agouti,0.553472222
agouti,0.609722222
agouti,0.679166667
agouti,0.713194444
peccary,0.891666667
peccary,0.261111111
agouti,0.580555556
agouti,0.7625
agouti,0.763888889
peccary,0.249305556
peccary,0.250694444
peccary,0.275
brocket,0.322916667
agouti,0.360416667
agouti,0.508333333
agouti,0.66875
peccary,0.186805556
peccary,0.201388889
agouti,0.318055556
squirrel,0.461111111
agouti,0.630555556
agouti,0.645833333
agouti,0.252777778
peccary,0.256944444
agouti,0.5125
agouti,0.529166667
agouti,0.534722222
agouti,0.588194444
agouti,0.604861111
agouti,0.707638889
peccary,0.275694444
peccary,0.277083333
agouti,0.322222222
agouti,0.413888889
peccary,0.226388889
peccary,0.232638889
peccary,0.261111111
agouti,0.28125
squirrel,0.358333333
agouti,0.290972222
agouti,0.74375
agouti,0.681944444
agouti,0.7625
brocket,0.417361111
ocelot,0.052083333
agouti,0.271527778
agouti,0.33125
agouti,0.331944444
brocket,0.210416667
agouti,0.282638889
brocket,0.38125
agouti,0.434722222
agouti,0.742361111
agouti,0.752777778
agouti,0.270833333
peccary,0.361805556
peccary,0.3625
peccary,0.783333333
agouti,0.307638889
agouti,0.321527778
agouti,0.686111111
agouti,0.648611111
agouti,0.664583333
agouti,0.705555556
brocket,0.302777778
peccary,0.853472222
peccary,0.857638889
agouti,0.676388889
ocelot,0.097222222
agouti,0.434027778
agouti,0.513888889
agouti,0.624305556
agouti,0.634722222
agouti,0.6375
agouti,0.640277778
peccary,0.688888889
coati,0.741666667
peccary,0.286111111
agouti,0.286805556
agouti,0.336111111
agouti,0.490277778
agouti,0.597916667
agouti,0.599305556
agouti,0.744444444
agouti,0.746527778
peccary,0.277083333
agouti,0.324305556
agouti,0.431944444
agouti,0.740972222
paca,0.822916667
paca,0.824305556
agouti,0.732638889
peccary,0.984722222
peccary,0.338888889
agouti,0.446527778
agouti,0.600694444
peccary,0.729861111
agouti,0.305555556
agouti,0.325
agouti,0.728472222
agouti,0.740277778
agouti,0.666666667
peccary,0.707638889
peccary,0.711805556
agouti,0.733333333
tayra,0.30625
opossum,0.034027778
agouti,0.338888889
brocket,0.197916667
brocket,0.295138889
agouti,0.269444444
agouti,0.284027778
tamandua,0.369444444
brocket,0.208333333
agouti,0.29375
squirrel,0.29375
agouti,0.732638889
agouti,0.28125
squirrel,0.296527778
agouti,0.736111111
agouti,0.289583333
agouti,0.336805556
ocelot,0.10625
ocelot,0.675694444
rat,0.947222222
rat,0.995833333
brocket,0.269444444
agouti,0.320833333
rat,0.886805556
agouti,0.623611111
paca,0.03125
agouti,0.257638889
peccary,0.883333333
squirrel,0.271527778
brocket,0.128472222
agouti,0.517361111
agouti,0.282638889
peccary,0.877777778
peccary,0.889583333
brocket,0.052777778
peccary,0.911111111
peccary,0.914583333
rat,0.123611111
agouti,0.261805556
paca,0.035416667
agouti,0.366666667
brocket,0.138194444
agouti,0.298611111
peccary,0.35625
paca,0.179861111
agouti,0.283333333
agouti,0.760416667
rat,0.164583333
paca,0.182638889
agouti,0.46875
paca,0.175694444
agouti,0.683333333
agouti,0.422916667
paca,0.842361111
paca,0.179861111
agouti,0.267361111
paca,0.04375
agouti,0.254861111
agouti,0.455555556
agouti,0.565277778
brocket,0.127083333
peccary,0.264583333
agouti,0.45
peccary,0.763888889
paca,0.856944444
paca,0.920138889
agouti,0.288194444
paca,0.847222222
peccary,0.252777778
armadillo,0.873611111
agouti,0.611111111
agouti,0.772222222
peccary,0.839583333
peccary,0.844444444
armadillo,0.086805556
brocket,0.384027778
agouti,0.322222222
agouti,0.695833333
agouti,0.723611111
agouti,0.724305556
agouti,0.753472222
agouti,0.442361111
agouti,0.256944444
agouti,0.34375
paca,0.914583333
agouti,0.514583333
agouti,0.247916667
coati,0.525
agouti,0.768055556
agouti,0.317361111
agouti,0.600694444
paca,0.814583333
coati,0.365277778
agouti,0.53125
armadillo,0.822222222
paca,0.23125
brocket,0.355555556
coati,0.428472222
opossum,0.127083333
agouti,0.259722222
agouti,0.379861111
coati,0.392361111
coati,0.408333333
opossum,0.870833333
paca,0.054166667
agouti,0.426388889
agouti,0.630555556
agouti,0.668055556
agouti,0.702083333
paca,0.15
agouti,0.258333333
agouti,0.629166667
agouti,0.633333333
paca,0.930555556
paca,0.110416667
brocket,0.333333333
agouti,0.364583333
paca,0.940277778
paca,0.002083333
paca,0.855555556
paca,0.974305556
squirrel,0.431944444
peccary,0.547222222
peccary,0.828472222
paca,0.048611111
agouti,0.302083333
agouti,0.270833333
agouti,0.248611111
agouti,0.284722222
agouti,0.339583333
agouti,0.756944444
agouti,0.265277778
squirrel,0.378472222
tamandua,0.883333333
rat,0.990972222
rat,0.904166667
tayra,0.411805556
armadillo,0.893055556
armadillo,0.011111111
paca,0.904166667
peccary,0.265972222
peccary,0.277777778
agouti,0.292361111
brocket,0.303472222
agouti,0.360416667
agouti,0.715972222
peccary,0.479166667
paca,0.943055556
paca,0.144444444
agouti,0.268055556
brocket,0.014583333
brocket,0.209722222
agouti,0.294444444
peccary,0.320138889
peccary,0.427083333
agouti,0.536111111
agouti,0.724305556
paca,0.848611111
paca,0.110416667
agouti,0.267361111
peccary,0.268055556
peccary,0.322222222
peccary,0.405555556
agouti,0.563194444
brocket,0.828472222
agouti,0.409027778
agouti,0.692361111
agouti,0.713888889
peccary,0.715972222
agouti,0.71875
agouti,0.773611111
brocket,0.986111111
agouti,0.252777778
agouti,0.455555556
brocket,0.746527778
brocket,0.930555556
agouti,0.259027778
brocket,0.297916667
brocket,0.309722222
ocelot,0.822222222
peccary,0.436111111
agouti,0.732638889
agouti,0.289583333
agouti,0.2875
agouti,0.38125
peccary,0.8875
peccary,0.898611111
peccary,0.30625
agouti,0.536805556
peccary,0.75625
peccary,0.136111111
agouti,0.398611111
agouti,0.754861111
peccary,0.260416667
paca,0.174305556
agouti,0.250694444
agouti,0.505555556
agouti,0.765972222
paca,0.05
agouti,0.275
agouti,0.7375
agouti,0.694444444
paca,0.113888889
brocket,0.307638889
agouti,0.4875
peccary,0.882638889
agouti,0.309722222
agouti,0.511111111
agouti,0.311805556
paca,0.993055556
agouti,0.307638889
coati,0.5
paca,0.024305556
rat,0.027777778
rat,0.115972222
peccary,0.245833333
agouti,0.375
peccary,0.122916667
peccary,0.168055556
peccary,0.197916667
rat,0.207638889
rat,0.15625
peccary,0.892361111
peccary,0.933333333
rat,0.941666667
rat,0.986111111
rat,0.155555556
rat,0.196527778
peccary,0.786111111
squirrel,0.376388889
squirrel,0.415972222
peccary,0.224305556
coati,0.594444444
agouti,0.404861111
coati,0.654861111
coati,0.326388889
tayra,0.334027778
coati,0.497222222
coati,0.511111111
tayra,0.670833333
coati,0.726388889
opossum,0.115972222
agouti,0.309027778
agouti,0.440277778
squirrel,0.634027778
agouti,0.736805556
coati,0.363888889
agouti,0.428472222
agouti,0.713888889
agouti,0.285416667
brocket,0.733333333
peccary,0.282638889
agouti,0.309027778
agouti,0.717361111
coati,0.306944444
agouti,0.365972222
peccary,0.80625
peccary,0.806944444
peccary,0.808333333
peccary,0.927777778
peccary,0.929166667
peccary,0.959027778
agouti,0.3125
agouti,0.69375
peccary,0.851388889
peccary,0.852083333
agouti,0.302777778
agouti,0.315277778
agouti,0.289583333
agouti,0.344444444
coati,0.565972222
brocket,0.583333333
brocket,0.714583333
agouti,0.744444444
agouti,0.672222222
peccary,0.752777778
peccary,0.754166667
peccary,0.764583333
agouti,0.440277778
agouti,0.443055556
peccary,0.810416667
peccary,0.765972222
peccary,0.768055556
agouti,0.48125
agouti,0.505555556
agouti,0.683333333
agouti,0.684027778
peccary,0.716666667
peccary,0.807638889
peccary,0.879861111
peccary,0.258333333
peccary,0.284722222
agouti,0.331944444
peccary,0.220138889
agouti,0.249305556
peccary,0.259027778
agouti,0.321527778
brocket,0.350694444
squirrel,0.484722222
agouti,0.611805556
peccary,0.288194444
agouti,0.322916667
agouti,0.259722222
agouti,0.289583333
rat,0.013888889
brocket,0.245138889
brocket,0.314583333
agouti,0.401388889
brocket,0.329861111
brocket,0.843055556
agouti,0.71875
agouti,0.403472222
agouti,0.45
agouti,0.647916667
agouti,0.348611111
agouti,0.360416667
agouti,0.760416667
agouti,0.26875
brocket,0.276388889
agouti,0.765277778
paca,0.101388889
brocket,0.323611111
agouti,0.289583333
agouti,0.389583333
agouti,0.711111111
agouti,0.74375
agouti,0.747916667
agouti,0.273611111
agouti,0.353472222
agouti,0.354861111
agouti,0.454166667
agouti,0.570833333
agouti,0.724305556
agouti,0.664583333
peccary,0.726388889
paca,0.058333333
opossum,0.068055556
opossum,0.069444444
paca,0.163194444
paca,0.200694444
rat,0.225694444
agouti,0.713888889
agouti,0.744444444
opossum,0.020833333
agouti,0.252777778
paca,0.970833333
agouti,0.646527778
agouti,0.647916667
squirrel,0.341666667
rat,0.9625
agouti,0.263194444
agouti,0.266666667
agouti,0.286111111
agouti,0.301388889
agouti,0.311111111
agouti,0.313194444
agouti,0.342361111
agouti,0.7125
agouti,0.715277778
peccary,0.975694444
agouti,0.289583333
squirrel,0.302777778
agouti,0.275694444
agouti,0.277083333
peccary,0.359722222
armadillo,0.853472222
agouti,0.320138889
agouti,0.298611111
agouti,0.263194444
agouti,0.270138889
agouti,0.359027778
agouti,0.69375
agouti,0.679861111
brocket,0.757638889
agouti,0.736805556
paca,0.154166667
tamandua,0.372916667
agouti,0.746527778
peccary,0.83125
peccary,0.300694444
rat,0.842361111
peccary,0.3125
peccary,0.409027778
peccary,0.421527778
agouti,0.472916667
brocket,0.601388889
agouti,0.273611111
peccary,0.324305556
peccary,0.711111111
agouti,0.763194444
brocket,0.855555556
peccary,0.752083333
peccary,0.75625
peccary,0.815277778
peccary,0.816666667
peccary,0.816666667
peccary,0.817361111
peccary,0.817361111
armadillo,0.147916667
agouti,0.267361111
agouti,0.41875
agouti,0.478472222
agouti,0.453472222
agouti,0.635416667
agouti,0.261111111
agouti,0.473611111
agouti,0.25
tayra,0.506944444
agouti,0.713194444
agouti,0.26875
agouti,0.403472222
agouti,0.746527778
agouti,0.3
agouti,0.358333333
agouti,0.390972222
agouti,0.434722222
agouti,0.443055556
agouti,0.475
agouti,0.327777778
agouti,0.650694444
agouti,0.665972222
agouti,0.672222222
agouti,0.673611111
agouti,0.359722222
agouti,0.361805556
agouti,0.482638889
agouti,0.488194444
agouti,0.261111111
agouti,0.732638889
agouti,0.761805556
agouti,0.273611111
agouti,0.272222222
agouti,0.559722222
agouti,0.267361111
agouti,0.397916667
agouti,0.4
agouti,0.55
agouti,0.704166667
agouti,0.705555556
agouti,0.391666667
agouti,0.411111111
agouti,0.4125
agouti,0.263888889
agouti,0.322916667
agouti,0.746527778
agouti,0.254861111
agouti,0.261111111
agouti,0.359027778
agouti,0.273611111
agouti,0.531944444
paca,0.85625
paca,0.856944444
agouti,0.733333333
peccary,0.138194444
agouti,0.295138889
peccary,0.427083333
agouti,0.7375
agouti,0.765972222
agouti,0.565277778
coati,0.402083333
agouti,0.613888889
paca,0.820833333
paca,0.884027778
paca,0.913194444
agouti,0.297916667
agouti,0.263194444
agouti,0.372222222
rat,0.19375
agouti,0.288888889
agouti,0.290277778
agouti,0.290972222
agouti,0.548611111
agouti,0.438194444
agouti,0.441666667
peccary,0.959722222
agouti,0.297916667
agouti,0.542361111
agouti,0.546527778
peccary,0.979861111
peccary,0.290277778
peccary,0.365972222
peccary,0.317361111
peccary,0.40625
agouti,0.441666667
agouti,0.445833333
peccary,0.294444444
peccary,0.295138889
peccary,0.390972222
brocket,0.554861111
peccary,0.617361111
coati,0.622222222
peccary,0.810416667
peccary,0.813888889
peccary,0.838888889
peccary,0.846527778
brocket,0.856944444
peccary,0.886111111
brocket,0.127777778
peccary,0.216666667
coati,0.325
agouti,0.385416667
agouti,0.436805556
agouti,0.754861111
peccary,0.7625
peccary,0.76875
peccary,0.272916667
peccary,0.274305556
agouti,0.358333333
agouti,0.359027778
agouti,0.430555556
agouti,0.431944444
brocket,0.127083333
agouti,0.419444444
coati,0.645138889
brocket,0.765277778
peccary,0.861111111
peccary,0.8625
peccary,0.870138889
agouti,0.25625
agouti,0.256944444
agouti,0.74375
agouti,0.753472222
peccary,0.008333333
peccary,0.26875
peccary,0.270138889
peccary,0.272222222
agouti,0.294444444
agouti,0.297222222
peccary,0.244444444
peccary,0.250694444
peccary,0.273611111
agouti,0.704861111
peccary,0.252777778
peccary,0.25625
peccary,0.26875
agouti,0.315972222
agouti,0.717361111
peccary,0.790277778
peccary,0.795833333
brocket,0.858333333
peccary,0.911111111
agouti,0.646527778
coati,0.670138889
peccary,0.234027778
agouti,0.385416667
agouti,0.729861111
agouti,0.736111111
agouti,0.260416667
agouti,0.277083333
agouti,0.279166667
agouti,0.375694444
agouti,0.383333333
agouti,0.404166667
agouti,0.405555556
agouti,0.408333333
agouti,0.413194444
agouti,0.422916667
agouti,0.594444444
agouti,0.596527778
agouti,0.601388889
agouti,0.669444444
agouti,0.692361111
agouti,0.696527778
agouti,0.710416667
agouti,0.729166667
agouti,0.748611111
brocket,0.271527778
brocket,0.277083333
agouti,0.408333333
agouti,0.420138889
agouti,0.423611111
agouti,0.472916667
agouti,0.56875
agouti,0.570138889
rat,0.06875
rat,0.070138889
agouti,0.276388889
agouti,0.352777778
agouti,0.384027778
agouti,0.407638889
agouti,0.409027778
agouti,0.416666667
agouti,0.419444444
agouti,0.645833333
agouti,0.748611111
agouti,0.754861111
agouti,0.75625
agouti,0.764583333
peccary,0.768055556
rat,0.03125
agouti,0.309027778
agouti,0.382638889
agouti,0.391666667
agouti,0.524305556
agouti,0.661805556
brocket,0.727083333
brocket,0.73125
agouti,0.319444444
agouti,0.626388889
agouti,0.63125
agouti,0.640972222
agouti,0.735416667
brocket,0.064583333
agouti,0.293055556
agouti,0.716666667
rat,0.826388889
rat,0.194444444
agouti,0.535416667
peccary,0.870833333
agouti,0.536805556
agouti,0.634027778
peccary,0.933333333
peccary,0.943055556
peccary,0.150694444
peccary,0.161805556
agouti,0.296527778
peccary,0.05
peccary,0.056944444
agouti,0.328472222
agouti,0.336111111
agouti,0.54375
brocket,0.948611111
peccary,0.998611111
peccary,0.000694444
peccary,0.002083333
peccary,0.018055556
peccary,0.044444444
brocket,0.2875
peccary,0.736805556
peccary,0.739583333
peccary,0.857638889
agouti,0.447222222
peccary,0.259027778
agouti,0.348611111
peccary,0.766666667
peccary,0.774305556
peccary,0.778472222
peccary,0.778472222
peccary,0.779166667
peccary,0.782638889
squirrel,0.577777778
paca,0.131944444
agouti,0.389583333
tamandua,0.575694444
agouti,0.729861111
agouti,0.695138889
peccary,0.934027778
peccary,0.252083333
agouti,0.327777778
agouti,0.327777778
brocket,0.947916667
opossum,0.191666667
agouti,0.627083333
agouti,0.304166667
ocelot,0.465277778
agouti,0.359722222
paca,0.025694444
paca,0.164583333
agouti,0.271527778
agouti,0.272916667
agouti,0.330555556
coati,0.411805556
agouti,0.629861111
agouti,0.639583333
opossum,0.858333333
paca,0.175
peccary,0.333333333
agouti,0.729166667
peccary,0.284722222
peccary,0.088194444
brocket,0.039583333
agouti,0.313888889
agouti,0.657638889
agouti,0.659027778
agouti,0.672916667
agouti,0.676388889
agouti,0.427777778
agouti,0.415972222
agouti,0.419444444
agouti,0.755555556
brocket,0.971527778
agouti,0.336805556
agouti,0.707638889
agouti,0.709722222
rat,0.832638889
agouti,0.420138889
agouti,0.421527778
peccary,0.841666667
agouti,0.379861111
agouti,0.631944444
peccary,0.983333333
peccary,0.033333333
peccary,0.040972222
peccary,0.238194444
peccary,0.25625
agouti,0.2875
agouti,0.369444444
agouti,0.370833333
peccary,0.846527778
peccary,0.013888889
peccary,0.020138889
peccary,0.98125
peccary,0.939583333
tamandua,0.499305556
agouti,0.69375
agouti,0.70625
peccary,0.772222222
peccary,0.773611111
peccary,0.777777778
coati,0.378472222
agouti,0.434722222
agouti,0.490972222
coati,0.513888889
agouti,0.519444444
coati,0.65
peccary,0.659027778
peccary,0.660416667
peccary,0.668055556
coati,0.66875
peccary,0.672916667
agouti,0.675694444
peccary,0.7
peccary,0.717361111
peccary,0.722916667
peccary,0.724305556
peccary,0.725694444
peccary,0.849305556
peccary,0.929861111
peccary,0.940972222
peccary,0.100694444
peccary,0.11875
peccary,0.2375
peccary,0.239583333
peccary,0.250694444
coati,0.295138889
peccary,0.313194444
agouti,0.361111111
agouti,0.609722222
agouti,0.635416667
peccary,0.746527778
peccary,0.748611111
peccary,0.75
peccary,0.755555556
peccary,0.757638889
peccary,0.780555556
peccary,0.922222222
peccary,0.923611111
peccary,0.927777778
peccary,0.936111111
peccary,0.943055556
peccary,0.955555556
peccary,0.977777778
peccary,0.991666667
peccary,0.013194444
peccary,0.013888889
peccary,0.015972222
peccary,0.061111111
peccary,0.063194444
peccary,0.065972222
peccary,0.117361111
peccary,0.119444444
peccary,0.126388889
peccary,0.238888889
coati,0.303472222
squirrel,0.4
peccary,0.676388889
peccary,0.679861111
peccary,0.820833333
peccary,0.822916667
peccary,0.842361111
peccary,0.845833333
peccary,0.853472222
squirrel,0.444444444
coati,0.479861111
coati,0.734722222
peccary,0.897916667
agouti,0.4
coati,0.578472222
peccary,0.758333333
peccary,0.838194444
peccary,0.839583333
peccary,0.898611111
peccary,0.9
peccary,0.007638889
peccary,0.15
peccary,0.170138889
coati,0.674305556
agouti,0.754166667
peccary,0.765972222
peccary,0.995138889
coati,0.409722222
coati,0.664583333
agouti,0.3
brocket,0.0375
brocket,0.045138889
brocket,0.050694444
brocket,0.824305556
brocket,0.939583333
agouti,0.256944444
paca,0.824305556
agouti,0.473611111
agouti,0.290277778
agouti,0.297916667
agouti,0.304861111
agouti,0.361805556
agouti,0.553472222
agouti,0.588194444
agouti,0.602083333
agouti,0.604166667
agouti,0.683333333
agouti,0.753472222
peccary,0.854861111
agouti,0.28125
agouti,0.345138889
agouti,0.686111111
agouti,0.733333333
rat,0.152777778
rat,0.154166667
ocelot,0.194444444
peccary,0.2875
agouti,0.34375
agouti,0.425694444
agouti,0.718055556
agouti,0.327777778
agouti,0.377083333
agouti,0.384722222
agouti,0.596527778
peccary,0.911805556
peccary,0.9125
peccary,0.024305556
agouti,0.264583333
agouti,0.34375
peccary,0.038194444
peccary,0.039583333
agouti,0.244444444
agouti,0.261805556
agouti,0.267361111
agouti,0.26875
agouti,0.320138889
agouti,0.483333333
agouti,0.660416667
peccary,0.906944444
peccary,0.922222222
peccary,0.923611111
coati,0.419444444
agouti,0.754166667
agouti,0.770138889
rat,0.899305556
agouti,0.245833333
agouti,0.252777778
agouti,0.256944444
ocelot,0.303472222
brocket,0.327777778
agouti,0.36875
agouti,0.300694444
agouti,0.367361111
agouti,0.427777778
agouti,0.657638889
agouti,0.751388889
squirrel,0.290972222
agouti,0.277083333
agouti,0.322916667
agouti,0.324305556
agouti,0.331944444
peccary,0.079166667
agouti,0.379861111
agouti,0.425694444
peccary,0.272222222
peccary,0.272916667
agouti,0.755555556
agouti,0.277777778
agouti,0.76875
agouti,0.308333333
opossum,0.920138889
agouti,0.370138889
paca,0.202083333
coati,0.533333333
coati,0.534027778
peccary,0.7
agouti,0.301388889
agouti,0.30625
paca,0.825694444
paca,0.899305556
peccary,0.2875
paca,0.831944444
opossum,0.069444444
paca,0.871527778
brocket,0.307638889
brocket,0.643055556
agouti,0.316666667
rat,0.841666667
agouti,0.703472222
brocket,0.54375
agouti,0.304166667
agouti,0.3125
agouti,0.334722222
squirrel,0.714583333
agouti,0.728472222
brocket,0.06875
paca,0.895138889
agouti,0.452083333
agouti,0.477083333
tamandua,0.827777778
agouti,0.348611111
agouti,0.354166667
rat,0.827777778
agouti,0.252083333
ocelot,0.300694444
agouti,0.772222222
agouti,0.553472222
agouti,0.584027778
paca,0.810416667
agouti,0.716666667
agouti,0.239583333
agouti,0.304861111
agouti,0.657638889
agouti,0.255555556
squirrel,0.258333333
agouti,0.28125
agouti,0.408333333
agouti,0.75625
agouti,0.328472222
agouti,0.696527778
ocelot,0.365972222
ocelot,0.776388889
agouti,0.316666667
armadillo,0.98125
tamandua,0.659722222
agouti,0.478472222
paca,0.830555556
paca,0.102083333
agouti,0.440972222
brocket,0.831944444
agouti,0.4
agouti,0.609722222
agouti,0.617361111
agouti,0.259027778
agouti,0.409722222
agouti,0.284027778
agouti,0.296527778
agouti,0.297222222
brocket,0.320833333
agouti,0.510416667
agouti,0.560416667
agouti,0.665972222
agouti,0.709027778
agouti,0.402083333
agouti,0.717361111
peccary,0.717361111
peccary,0.716666667
peccary,0.278472222
peccary,0.315972222
peccary,0.313194444
peccary,0.313888889
peccary,0.410416667
peccary,0.752777778
peccary,0.752777778
agouti,0.263194444
agouti,0.752777778
agouti,0.76875
peccary,0.406944444
peccary,0.274305556
agouti,0.2875
agouti,0.300694444
agouti,0.625694444
brocket,0.885416667
brocket,0.032638889
agouti,0.727777778
agouti,0.7625
agouti,0.772222222
agouti,0.371527778
agouti,0.413194444
rat,0.982638889
brocket,0.950694444
tayra,0.546527778
ocelot,0.00625
peccary,0.336111111
agouti,0.364583333
agouti,0.367361111
agouti,0.570833333
agouti,0.584722222
agouti,0.704861111
brocket,0.757638889
brocket,0.264583333
agouti,0.463888889
agouti,0.486111111
peccary,0.253472222
agouti,0.266666667
agouti,0.286111111
agouti,0.270138889
peccary,0.295138889
peccary,0.297222222
agouti,0.277083333
ocelot,0.4625
tamandua,0.552777778
tamandua,0.815972222
agouti,0.326388889
agouti,0.365972222
agouti,0.379861111
agouti,0.622222222
agouti,0.624305556
agouti,0.63125
ocelot,0.725694444
agouti,0.268055556
agouti,0.344444444
agouti,0.347222222
agouti,0.367361111
agouti,0.277777778
agouti,0.279166667
agouti,0.374305556
agouti,0.435416667
tamandua,0.597222222
agouti,0.684027778
ocelot,0.834722222
ocelot,0.961805556
agouti,0.35625
agouti,0.254861111
agouti,0.263888889
peccary,0.338194444
opossum,0.197222222
ocelot,0.163888889
coati,0.566666667
agouti,0.265277778
peccary,0.298611111
agouti,0.342361111
agouti,0.272222222
agouti,0.295138889
agouti,0.259027778
agouti,0.651388889
agouti,0.669444444
agouti,0.702083333
agouti,0.307638889
agouti,0.3625
peccary,0.464583333
agouti,0.713888889
agouti,0.759027778
agouti,0.244444444
agouti,0.250694444
agouti,0.35
agouti,0.251388889
agouti,0.272916667
agouti,0.279166667
peccary,0.694444444
peccary,0.704861111
peccary,0.081944444
agouti,0.260416667
agouti,0.292361111
agouti,0.386111111
agouti,0.459722222
agouti,0.245138889
agouti,0.270833333
agouti,0.275
agouti,0.294444444
agouti,0.377777778
agouti,0.379166667
agouti,0.384027778
agouti,0.396527778
agouti,0.495833333
agouti,0.497222222
agouti,0.689583333
agouti,0.745138889
coati,0.25
agouti,0.295138889
brocket,0.302083333
agouti,0.329166667
agouti,0.359027778
agouti,0.372916667
agouti,0.545833333
agouti,0.604861111
agouti,0.726388889
agouti,0.747222222
peccary,0.219444444
agouti,0.385416667
peccary,0.749305556
peccary,0.752777778
peccary,0.903472222
agouti,0.252777778
coati,0.515972222
agouti,0.380555556
agouti,0.385416667
coati,0.705555556
rat,0.974305556
peccary,0.75
agouti,0.761111111
agouti,0.265972222
agouti,0.379861111
agouti,0.3875
ocelot,0.313888889
brocket,0.763888889
brocket,0.252083333
agouti,0.352777778
agouti,0.609722222
coati,0.636111111
brocket,0.725
agouti,0.735416667
agouti,0.3125
agouti,0.474305556
tamandua,0.614583333
agouti,0.61875
agouti,0.297222222
ocelot,0.102083333
agouti,0.263194444
peccary,0.879166667
agouti,0.331944444
agouti,0.750694444
agouti,0.347916667
agouti,0.35
squirrel,0.261111111
agouti,0.436111111
agouti,0.748611111
agouti,0.317361111
agouti,0.365972222
peccary,0.286111111
agouti,0.752083333
agouti,0.260416667
agouti,0.265277778
agouti,0.35
agouti,0.386111111
agouti,0.690972222
agouti,0.295833333
agouti,0.360416667
squirrel,0.485416667
agouti,0.652777778
agouti,0.754861111
agouti,0.261111111
agouti,0.446527778
agouti,0.284027778
agouti,0.386805556
agouti,0.415277778
brocket,0.560416667
agouti,0.465277778
agouti,0.470833333
agouti,0.479861111
agouti,0.689583333
agouti,0.267361111
agouti,0.274305556
agouti,0.534027778
paca,0.868055556
paca,0.002083333
agouti,0.443055556
rat,0.874305556
agouti,0.247222222
agouti,0.260416667
ocelot,0.48125
paca,0.122916667
agouti,0.245833333
agouti,0.2625
peccary,0.786111111
paca,0.900694444
paca,0.979166667
peccary,0.185416667
tayra,0.425
agouti,0.640277778
paca,0.054861111
agouti,0.344444444
agouti,0.347222222
agouti,0.365277778
brocket,0.786805556
opossum,0.11875
agouti,0.292361111
agouti,0.777777778
opossum,0.182638889
agouti,0.313888889
peccary,0.3375
peccary,0.363888889
peccary,0.365277778
peccary,0.345833333
peccary,0.361805556
agouti,0.243055556
peccary,0.273611111
peccary,0.745833333
agouti,0.315277778
peccary,0.004861111
agouti,0.267361111
peccary,0.304861111
peccary,0.305555556
peccary,0.306944444
agouti,0.421527778
peccary,0.293055556
squirrel,0.33125
peccary,0.723611111
agouti,0.734722222
agouti,0.760416667
brocket,0.225694444
agouti,0.254166667
agouti,0.315972222
agouti,0.344444444
agouti,0.345833333
agouti,0.4625
peccary,0.240277778
agouti,0.359027778
agouti,0.619444444
agouti,0.620138889
agouti,0.639583333
coati,0.417361111
peccary,0.728472222
peccary,0.874305556
peccary,0.114583333
brocket,0.565277778
agouti,0.609027778
agouti,0.759722222
ocelot,0.845833333
agouti,0.613888889
agouti,0.354861111
agouti,0.597916667
agouti,0.261805556
peccary,0.725694444
peccary,0.776388889
squirrel,0.743055556
armadillo,0.124305556
agouti,0.579861111
agouti,0.742361111
paca,0.805555556
agouti,0.250694444
agouti,0.259027778
agouti,0.261111111
agouti,0.279861111
agouti,0.659027778
agouti,0.752083333
agouti,0.297222222
agouti,0.3375
peccary,0.380555556
agouti,0.488194444
coati,0.557638889
peccary,0.635416667
agouti,0.707638889
agouti,0.708333333
agouti,0.743055556
paca,0.832638889
agouti,0.2625
agouti,0.290972222
agouti,0.376388889
agouti,0.420138889
agouti,0.477083333
agouti,0.563888889
agouti,0.605555556
agouti,0.645138889
agouti,0.6625
tamandua,0.783333333
tamandua,0.797222222
paca,0.890277778
paca,0.026388889
peccary,0.0625
agouti,0.294444444
agouti,0.299305556
agouti,0.332638889
agouti,0.569444444
agouti,0.696527778
agouti,0.698611111
agouti,0.259027778
peccary,0.269444444
agouti,0.270833333
agouti,0.556944444
agouti,0.696527778
peccary,0.734027778
agouti,0.534722222
agouti,0.547916667
agouti,0.590972222
agouti,0.725694444
peccary,0.332638889
agouti,0.460416667
agouti,0.620138889
agouti,0.253472222
agouti,0.258333333
agouti,0.259027778
agouti,0.510416667
agouti,0.258333333
agouti,0.245138889
agouti,0.411805556
agouti,0.653472222
agouti,0.75625
paca,0.945138889
agouti,0.556944444
agouti,0.752083333
agouti,0.754861111
agouti,0.257638889
agouti,0.302777778
agouti,0.469444444
agouti,0.735416667
agouti,0.282638889
peccary,0.769444444
peccary,0.002777778
agouti,0.295138889
rat,0.959027778
peccary,0.00625
agouti,0.379166667
agouti,0.304861111
coati,0.342361111
agouti,0.463888889
agouti,0.736805556
agouti,0.738194444
peccary,0.872916667
agouti,0.274305556
agouti,0.702083333
agouti,0.744444444
agouti,0.279166667
peccary,0.734027778
agouti,0.259722222
squirrel,0.286111111
squirrel,0.310416667
ocelot,0.833333333
tamandua,0.375
agouti,0.576388889
ocelot,0.06875
rat,0.95625
rat,0.956944444
ocelot,0.179166667
agouti,0.264583333
ocelot,0.257638889
brocket,0.278472222
agouti,0.246527778
agouti,0.699305556
agouti,0.340972222
peccary,0.838888889
brocket,0.132638889
coati,0.423611111
rat,0.947222222
agouti,0.283333333
peccary,0.010416667
peccary,0.027777778
agouti,0.299305556
agouti,0.3
opossum,0.126388889
agouti,0.244444444
opossum,0.838194444
rat,0.147916667
agouti,0.269444444
agouti,0.315972222
rat,0.915972222
agouti,0.4
agouti,0.420833333
paca,0.902777778
agouti,0.442361111
rat,0.050694444
agouti,0.339583333
tamandua,0.525694444
tamandua,0.527083333
agouti,0.359722222
squirrel,0.7375
paca,0.897222222
opossum,0.930555556
rat,0.961111111
rat,0.054861111
mouse,0.063888889
tamandua,0.599305556
agouti,0.299305556
agouti,0.604166667
armadillo,0.977083333
agouti,0.682638889
agouti,0.65
agouti,0.657638889
agouti,0.677777778
paca,0.911111111
paca,0.922222222
paca,0.933333333
paca,0.9375
paca,0.941666667
opossum,0.00625
agouti,0.76875
agouti,0.746527778
agouti,0.315277778
agouti,0.394444444
agouti,0.726388889
agouti,0.729861111
paca,0.036805556
paca,0.135416667
paca,0.825694444
agouti,0.6375
agouti,0.642361111
rat,0.015972222
agouti,0.605555556
agouti,0.721527778
agouti,0.722222222
agouti,0.725
agouti,0.726388889
rat,0.053472222
agouti,0.269444444
peccary,0.768055556
peccary,0.777083333
peccary,0.788888889
agouti,0.415972222
ocelot,0.541666667
brocket,0.051388889
rat,0.134027778
armadillo,0.011111111
ocelot,0.052777778
armadillo,0.898611111
agouti,0.555555556
agouti,0.723611111
agouti,0.679166667
agouti,0.281944444
agouti,0.288888889
agouti,0.311111111
squirrel,0.414583333
squirrel,0.41875
squirrel,0.41875
squirrel,0.420138889
agouti,0.768055556
agouti,0.680555556
agouti,0.61875
agouti,0.731944444
peccary,0.268055556
squirrel,0.340972222
coati,0.440277778
peccary,0.320833333
brocket,0.265972222
agouti,0.376388889
agouti,0.452777778
agouti,0.5625
agouti,0.6125
brocket,0.797916667
peccary,0.272916667
peccary,0.274305556
peccary,0.278472222
peccary,0.282638889
agouti,0.550694444
agouti,0.554166667
agouti,0.575694444
agouti,0.645138889
ocelot,0.923611111
brocket,0.563888889
agouti,0.249305556
agouti,0.745833333
brocket,0.372916667
agouti,0.622222222
rat,0.830555556
rat,0.832638889
rat,0.84375
agouti,0.340972222
agouti,0.413194444
agouti,0.641666667
brocket,0.764583333
brocket,0.76875
brocket,0.907638889
paca,0.950694444
paca,0.954861111
peccary,0.2625
agouti,0.552083333
agouti,0.627083333
brocket,0.115277778
brocket,0.118055556
brocket,0.261111111
agouti,0.313888889
peccary,0.334722222
agouti,0.401388889
ocelot,0.192361111
agouti,0.278472222
ocelot,0.1375
peccary,0.250694444
agouti,0.257638889
agouti,0.755555556
coati,0.422916667
ocelot,0.159027778
brocket,0.304166667
ocelot,0.833333333
agouti,0.264583333
agouti,0.255555556
agouti,0.272222222
coati,0.546527778
agouti,0.325
peccary,0.295138889
agouti,0.311805556
agouti,0.3125
agouti,0.567361111
agouti,0.35625
agouti,0.363888889
agouti,0.268055556
peccary,0.253472222
agouti,0.497222222
ocelot,0.079861111
squirrel,0.449305556
agouti,0.733333333
agouti,0.359722222
agouti,0.455555556
agouti,0.457638889
agouti,0.598611111
agouti,0.511111111
coati,0.677083333
agouti,0.771527778
peccary,0.184027778
coati,0.434027778
coati,0.436111111
agouti,0.288194444
agouti,0.697916667
peccary,0.747916667
peccary,0.240277778
peccary,0.788888889
agouti,0.270833333
agouti,0.315277778
agouti,0.336805556
agouti,0.672222222
ocelot,0.895138889
brocket,0.804166667
peccary,0.842361111
squirrel,0.283333333
agouti,0.384722222
brocket,0.232638889
agouti,0.754861111
agouti,0.755555556
peccary,0.873611111
peccary,0.040277778
agouti,0.586111111
agouti,0.588888889
paca,0.030555556
agouti,0.43125
peccary,0.256944444
agouti,0.294444444
agouti,0.719444444
agouti,0.724305556
agouti,0.739583333
agouti,0.354861111
agouti,0.355555556
agouti,0.695833333
agouti,0.696527778
agouti,0.736805556
agouti,0.264583333
brocket,0.448611111
agouti,0.725694444
agouti,0.339583333
agouti,0.64375
agouti,0.648611111
agouti,0.706944444
agouti,0.713194444
agouti,0.717361111
agouti,0.722916667
agouti,0.723611111
agouti,0.263888889
agouti,0.322916667
agouti,0.331944444
agouti,0.363194444
agouti,0.665277778
agouti,0.717361111
agouti,0.760416667
agouti,0.320833333
agouti,0.383333333
agouti,0.725
peccary,0.733333333
agouti,0.738194444
agouti,0.368055556
agouti,0.388888889
agouti,0.402777778
agouti,0.290972222
agouti,0.29375
agouti,0.313194444
agouti,0.314583333
agouti,0.318055556
agouti,0.690277778
agouti,0.771527778
rat,0.8
agouti,0.275694444
agouti,0.739583333
agouti,0.248611111
agouti,0.388194444
agouti,0.708333333
squirrel,0.311805556
agouti,0.252777778
agouti,0.386805556
tayra,0.450694444
agouti,0.252777778
paca,0.091666667
agouti,0.471527778
agouti,0.373611111
rat,0.102777778
agouti,0.284027778
agouti,0.350694444
agouti,0.459722222
agouti,0.378472222
agouti,0.497916667
agouti,0.759722222
agouti,0.25625
agouti,0.311111111
agouti,0.758333333
agouti,0.397222222
agouti,0.407638889
agouti,0.239583333
agouti,0.24375
agouti,0.252083333
paca,0.8125
agouti,0.350694444
agouti,0.427083333
agouti,0.455555556
agouti,0.55
agouti,0.550694444
agouti,0.769444444
agouti,0.340972222
agouti,0.760416667
peccary,0.789583333
peccary,0.795138889
peccary,0.796527778
agouti,0.247916667
agouti,0.345138889
agouti,0.301388889
agouti,0.329861111
peccary,0.400694444
agouti,0.404861111
peccary,0.413888889
peccary,0.525
rat,0.158333333
agouti,0.761111111
peccary,0.255555556
agouti,0.590277778
agouti,0.757638889
paca,0.909722222
agouti,0.252083333
agouti,0.286805556
agouti,0.536805556
agouti,0.402083333
peccary,0.6125
peccary,0.622222222
peccary,0.626388889
agouti,0.665277778
agouti,0.413194444
agouti,0.708333333
paca,0.01875
agouti,0.345138889
peccary,0.373611111
agouti,0.483333333
agouti,0.26875
agouti,0.257638889
peccary,0.877083333
agouti,0.730555556
agouti,0.320138889
squirrel,0.504861111
coati,0.520138889
coati,0.521527778
coati,0.522222222
coati,0.525694444
coati,0.527777778
brocket,0.531944444
armadillo,0.115277778
rat,0.054166667
rat,0.220833333
rat,0.217361111
peccary,0.286805556
agouti,0.336805556
agouti,0.249305556
peccary,0.253472222
agouti,0.279861111
agouti,0.245833333
peccary,0.254166667
peccary,0.2875
brocket,0.601388889
paca,0.916666667
armadillo,0.111805556
brocket,0.617361111
paca,0.15625
paca,0.932638889
brocket,0.28125
paca,0.052083333
brocket,0.379861111
brocket,0.377777778
agouti,0.71875
agouti,0.303472222
agouti,0.76875
agouti,0.268055556
agouti,0.279166667
agouti,0.282638889
agouti,0.313194444
agouti,0.316666667
agouti,0.741666667
agouti,0.400694444
agouti,0.289583333
squirrel,0.304166667
agouti,0.313888889
agouti,0.329166667
agouti,0.377777778
agouti,0.38125
coati,0.643055556
coati,0.643055556
agouti,0.706944444
agouti,0.710416667
agouti,0.713194444
peccary,0.841666667
peccary,0.847222222
peccary,0.85
brocket,0.136805556
agouti,0.330555556
agouti,0.243055556
brocket,0.26875
brocket,0.766666667
peccary,0.721527778
brocket,0.075694444
agouti,0.686111111
agouti,0.747916667
agouti,0.768055556
brocket,0.295138889
agouti,0.281944444
tamandua,0.635416667
rat,0.18125
agouti,0.480555556
agouti,0.511111111
agouti,0.726388889
agouti,0.742361111
agouti,0.744444444
agouti,0.745833333
agouti,0.276388889
peccary,0.327083333
agouti,0.466666667
agouti,0.560416667
agouti,0.272222222
agouti,0.272916667
agouti,0.275694444
agouti,0.707638889
agouti,0.713194444
agouti,0.260416667
brocket,0.741666667
agouti,0.651388889
brocket,0.685416667
paca,0.81875
agouti,0.270138889
agouti,0.429861111
paca,0.847222222
paca,0.847916667
paca,0.849305556
paca,0.913888889
agouti,0.254166667
agouti,0.3375
peccary,0.835416667
peccary,0.840972222
ocelot,0.182638889
armadillo,0.119444444
agouti,0.290277778
agouti,0.309722222
agouti,0.754166667
brocket,0.984722222
ocelot,0.174305556
rat,0.095138889
rat,0.11875
rat,0.152083333
rat,0.157638889
armadillo,0.099305556
agouti,0.3125
tamandua,0.570833333
tayra,0.675694444
tayra,0.677777778
brocket,0.295138889
rat,0.039583333
brocket,0.402083333
peccary,0.767361111
agouti,0.24375
agouti,0.390277778
agouti,0.257638889
agouti,0.399305556
agouti,0.400694444
agouti,0.378472222
agouti,0.379861111
rat,0.976388889
agouti,0.347222222
agouti,0.272916667
ocelot,0.276388889
agouti,0.370833333
agouti,0.374305556
agouti,0.592361111
agouti,0.745138889
agouti,0.258333333
agouti,0.259027778
coati,0.671527778
coati,0.481944444
peccary,0.268055556
peccary,0.269444444
coati,0.320138889
peccary,0.877083333
peccary,0.135416667
agouti,0.498611111
peccary,0.779166667
squirrel,0.338888889
agouti,0.75
peccary,0.827777778
tamandua,0.890277778
coati,0.542361111
coati,0.584027778
coati,0.590972222
brocket,0.88125
peccary,0.25
peccary,0.070138889
mouse,0.909722222
peccary,0.757638889
agouti,0.358333333
tamandua,0.670138889
paca,0.167361111
agouti,0.603472222
agouti,0.53125
agouti,0.768055556
rat,0.025
paca,0.070833333
agouti,0.234027778
peccary,0.741666667
agouti,0.238888889
agouti,0.66875
agouti,0.777083333
agouti,0.245138889
agouti,0.667361111
agouti,0.671527778
rat,0.938194444
agouti,0.245138889
agouti,0.247916667
agouti,0.251388889
agouti,0.274305556
agouti,0.766666667
agouti,0.781944444
agouti,0.379861111
agouti,0.388888889
agouti,0.427777778
squirrel,0.552777778
agouti,0.717361111
agouti,0.775694444
rat,0.209722222
paca,0.847222222
agouti,0.250694444
agouti,0.273611111
agouti,0.423611111
agouti,0.769444444
peccary,0.876388889
peccary,0.888888889
peccary,0.973611111
peccary,0.281944444
peccary,0.2875
agouti,0.415277778
agouti,0.703472222
agouti,0.26875
agouti,0.269444444
peccary,0.395833333
agouti,0.725
agouti,0.754861111
peccary,0.75625
peccary,0.758333333
agouti,0.761111111
agouti,0.786111111
peccary,0.808333333
peccary,0.885416667
peccary,0.892361111
brocket,0.089583333
agouti,0.240972222
agouti,0.246527778
agouti,0.720138889
opossum,0.961805556
agouti,0.252777778
brocket,0.264583333
agouti,0.340277778
agouti,0.547222222
ocelot,0.223611111
agouti,0.278472222
agouti,0.702083333
agouti,0.702777778
peccary,0.853472222
peccary,0.252777778
peccary,0.269444444
agouti,0.480555556
agouti,0.48125
agouti,0.753472222
peccary,0.903472222
peccary,0.930555556
peccary,0.9625
agouti,0.253472222
coati,0.427777778
agouti,0.467361111
peccary,0.960416667
peccary,0.972222222
peccary,0.972916667
peccary,0.984722222
agouti,0.274305556
agouti,0.314583333
agouti,0.623611111
agouti,0.377083333
peccary,0.811805556
rat,0.11875
agouti,0.241666667
peccary,0.269444444
agouti,0.452777778
agouti,0.244444444
agouti,0.406944444
agouti,0.4375
agouti,0.532638889
agouti,0.661805556
peccary,0.236111111
peccary,0.247222222
peccary,0.25
peccary,0.261805556
agouti,0.296527778
agouti,0.327777778
coati,0.403472222
brocket,0.842361111
agouti,0.259027778
agouti,0.359722222
agouti,0.775694444
agouti,0.639583333
agouti,0.75
peccary,0.973611111
mouse,0.881944444
agouti,0.319444444
agouti,0.353472222
mouse,0.861111111
mouse,0.073611111
mouse,0.153472222
squirrel,0.40625
mouse,0.147222222
agouti,0.299305556
agouti,0.238194444
opossum,0.825
agouti,0.275
agouti,0.330555556
agouti,0.365972222
agouti,0.327083333
mouse,0.941666667
agouti,0.489583333
agouti,0.540277778
opossum,0.095833333
agouti,0.258333333
agouti,0.749305556
agouti,0.277083333
agouti,0.30625
agouti,0.320833333
agouti,0.361805556
squirrel,0.367361111
peccary,0.258333333
brocket,0.329166667
peccary,0.771527778
agouti,0.397916667
agouti,0.738888889
opossum,0.807638889
mouse,0.866666667
agouti,0.572916667
agouti,0.326388889
agouti,0.331944444
peccary,0.047916667
agouti,0.313194444
agouti,0.340972222
agouti,0.369444444
agouti,0.404861111
agouti,0.495833333
agouti,0.513194444
agouti,0.250694444
agouti,0.625
rat,0.079166667
rat,0.086805556
agouti,0.338194444
agouti,0.296527778
agouti,0.301388889
agouti,0.384722222
agouti,0.504861111
agouti,0.384722222
agouti,0.65625
peccary,0.847916667
peccary,0.277777778
agouti,0.54375
agouti,0.25625
agouti,0.286111111
agouti,0.379861111
agouti,0.470138889
agouti,0.750694444
agouti,0.753472222
agouti,0.759027778
agouti,0.28125
agouti,0.311111111
agouti,0.3375
agouti,0.338888889
tayra,0.553472222
agouti,0.643055556
agouti,0.746527778
agouti,0.25
agouti,0.251388889
agouti,0.2625
agouti,0.265277778
squirrel,0.404861111
agouti,0.773611111
agouti,0.248611111
agouti,0.265277778
agouti,0.272916667
agouti,0.31875
agouti,0.322916667
agouti,0.33125
agouti,0.415972222
agouti,0.418055556
agouti,0.459722222
agouti,0.529861111
agouti,0.534027778
agouti,0.739583333
agouti,0.753472222
agouti,0.260416667
agouti,0.264583333
agouti,0.315972222
agouti,0.321527778
agouti,0.409722222
agouti,0.501388889
agouti,0.616666667
agouti,0.61875
agouti,0.636111111
agouti,0.689583333
peccary,0.868055556
agouti,0.246527778
agouti,0.297916667
agouti,0.354166667
agouti,0.420138889
agouti,0.48125
agouti,0.619444444
agouti,0.661805556
agouti,0.248611111
agouti,0.261805556
agouti,0.314583333
agouti,0.318055556
agouti,0.336111111
agouti,0.339583333
agouti,0.347222222
agouti,0.351388889
agouti,0.353472222
squirrel,0.365972222
agouti,0.468055556
agouti,0.691666667
agouti,0.719444444
agouti,0.74375
agouti,0.746527778
agouti,0.75
rat,0.957638889
mouse,0.090972222
agouti,0.54375
ocelot,0.070138889
agouti,0.368055556
agouti,0.247916667
agouti,0.252777778
agouti,0.572916667
paca,0.806944444
agouti,0.504166667
agouti,0.3625
agouti,0.295138889
agouti,0.268055556
brocket,0.311805556
agouti,0.314583333
agouti,0.385416667
agouti,0.386805556
agouti,0.291666667
agouti,0.272222222
agouti,0.28125
agouti,0.335416667
agouti,0.252777778
agouti,0.308333333
agouti,0.392361111
agouti,0.246527778
agouti,0.336805556
brocket,0.776388889
agouti,0.489583333
agouti,0.303472222
agouti,0.252083333
tamandua,0.322222222
peccary,0.254861111
squirrel,0.283333333
squirrel,0.688888889
brocket,0.799305556
brocket,0.321527778
agouti,0.586111111
agouti,0.739583333
paca,0.89375
paca,0.948611111
paca,0.953472222
brocket,0.070833333
agouti,0.4375
peccary,0.802777778
peccary,0.331944444
peccary,0.353472222
agouti,0.504861111
peccary,0.567361111
agouti,0.603472222
peccary,0.110416667
agouti,0.422222222
peccary,0.230555556
peccary,0.23125
peccary,0.855555556
peccary,0.867361111
rat,0.908333333
peccary,0.120833333
agouti,0.259722222
agouti,0.750694444
agouti,0.44375
agouti,0.720833333
agouti,0.283333333
peccary,0.286805556
peccary,0.776388889
peccary,0.7875
agouti,0.507638889
ocelot,0.336805556
agouti,0.446527778
agouti,0.385416667
peccary,0.954166667
agouti,0.322222222
agouti,0.285416667
agouti,0.261805556
mouse,0.863194444
mouse,0.877777778
squirrel,0.261805556
agouti,0.272222222
squirrel,0.329861111
agouti,0.378472222
agouti,0.533333333
peccary,0.7625
peccary,0.766666667
agouti,0.720833333
squirrel,0.255555556
squirrel,0.268055556
agouti,0.272916667
agouti,0.576388889
agouti,0.677083333
agouti,0.707638889
agouti,0.304166667
rat,0.220138889
agouti,0.30625
agouti,0.601388889
agouti,0.256944444
agouti,0.521527778
agouti,0.523611111
agouti,0.668055556
ocelot,0.86875
agouti,0.265277778
agouti,0.479861111
agouti,0.577083333
agouti,0.625694444
agouti,0.701388889
rat,0.222222222
agouti,0.340277778
agouti,0.525694444
agouti,0.743055556
paca,0.957638889
agouti,0.361805556
agouti,0.282638889
agouti,0.535416667
agouti,0.615972222
agouti,0.415277778
agouti,0.429166667
agouti,0.445138889
agouti,0.465972222
agouti,0.258333333
agouti,0.306944444
agouti,0.364583333
agouti,0.435416667
agouti,0.668055556
agouti,0.672916667
agouti,0.258333333
agouti,0.3125
agouti,0.381944444
agouti,0.452083333
agouti,0.660416667
agouti,0.695138889
agouti,0.244444444
agouti,0.261111111
agouti,0.279861111
agouti,0.551388889
agouti,0.556944444
brocket,0.184027778
rat,0.240277778
rat,0.248611111
agouti,0.525694444
agouti,0.7125
agouti,0.716666667
ocelot,0.868055556
agouti,0.270833333
agouti,0.380555556
agouti,0.430555556
agouti,0.679861111
agouti,0.702777778
paca,0.117361111
agouti,0.475
armadillo,0.813888889
paca,0.877083333
peccary,0.777777778
paca,0.838888889
paca,0.972222222
paca,0.886805556
mouse,0.957638889
paca,0.917361111
paca,0.000694444
paca,0.014583333
rat,0.834722222
rat,0.052777778
agouti,0.325694444
agouti,0.329166667
rat,0.849305556
coati,0.685416667
agouti,0.284722222
agouti,0.771527778
paca,0.165277778
agouti,0.239583333
armadillo,0.044444444
agouti,0.235416667
agouti,0.65
rat,0.829861111
paca,0.173611111
agouti,0.230555556
paca,0.908333333
rat,0.0875
agouti,0.589583333
paca,0.115972222
agouti,0.238194444
agouti,0.763888889
paca,0.840972222
agouti,0.290277778
rat,0.945138889
rat,0.016666667
agouti,0.267361111
agouti,0.53125
squirrel,0.271527778
squirrel,0.280555556
squirrel,0.284722222
agouti,0.554861111
agouti,0.638194444
agouti,0.640972222
squirrel,0.664583333
agouti,0.323611111
squirrel,0.457638889
agouti,0.672916667
paca,0.097222222
agouti,0.3125
paca,0.826388889
paca,0.054861111
agouti,0.271527778
agouti,0.283333333
squirrel,0.69375
paca,0.979166667
agouti,0.545833333
agouti,0.741666667
paca,0.1125
agouti,0.69375
agouti,0.411805556
paca,0.879861111
paca,0.951388889
agouti,0.702777778
agouti,0.683333333
paca,0.934722222
paca,0.013888889
agouti,0.369444444
agouti,0.466666667
armadillo,0.88125
paca,0.997222222
peccary,0.299305556
armadillo,0.825
rat,0.936111111
armadillo,0.949305556
peccary,0.411111111
squirrel,0.367361111
peccary,0.4125
agouti,0.313888889
agouti,0.313888889
agouti,0.698611111
agouti,0.757638889
agouti,0.313194444
agouti,0.382638889
agouti,0.415972222
agouti,0.702777778
agouti,0.711111111
rat,0.889583333
rat,0.102083333
agouti,0.268055556
agouti,0.273611111
agouti,0.753472222
agouti,0.755555556
agouti,0.255555556
brocket,0.74375
rat,0.968055556
rat,0.009027778
rat,0.19375
agouti,0.297222222
agouti,0.349305556
rat,0.082638889
agouti,0.752777778
agouti,0.731944444
agouti,0.254861111
agouti,0.731944444
brocket,0.266666667
agouti,0.334027778
agouti,0.397916667
agouti,0.400694444
agouti,0.542361111
brocket,0.811111111
brocket,0.800694444
peccary,0.225694444
agouti,0.627083333
peccary,0.253472222
peccary,0.311111111
brocket,0.786111111
peccary,0.021527778
brocket,0.189583333
brocket,0.191666667
agouti,0.267361111
agouti,0.322222222
agouti,0.461805556
squirrel,0.330555556
coati,0.350694444
squirrel,0.292361111
agouti,0.711111111
agouti,0.711805556
agouti,0.661805556
agouti,0.304166667
squirrel,0.365972222
agouti,0.397222222
brocket,0.515277778
brocket,0.685416667
brocket,0.404166667
brocket,0.629166667
agouti,0.689583333
agouti,0.672916667
rat,0.813888889
agouti,0.431944444
agouti,0.373611111
agouti,0.382638889
agouti,0.393055556
squirrel,0.426388889
agouti,0.577777778
agouti,0.599305556
agouti,0.61875
peccary,0.798611111
agouti,0.239583333
squirrel,0.29375
squirrel,0.296527778
agouti,0.338194444
agouti,0.34375
agouti,0.372916667
agouti,0.485416667
agouti,0.570138889
squirrel,0.598611111
squirrel,0.602777778
agouti,0.677777778
agouti,0.698611111
agouti,0.719444444
paca,0.829861111
agouti,0.307638889
agouti,0.310416667
agouti,0.335416667
peccary,0.397916667
agouti,0.451388889
agouti,0.494444444
agouti,0.5
agouti,0.592361111
agouti,0.597916667
agouti,0.758333333
paca,0.935416667
armadillo,0.958333333
armadillo,0.990277778
armadillo,0.052083333
agouti,0.297916667
agouti,0.377083333
agouti,0.417361111
peccary,0.459027778
agouti,0.513194444
peccary,0.516666667
agouti,0.53125
agouti,0.547222222
agouti,0.563194444
agouti,0.611805556
peccary,0.645138889
peccary,0.71875
agouti,0.725
peccary,0.74375
peccary,0.751388889
paca,0.927083333
coati,0.265277778
agouti,0.299305556
agouti,0.313888889
coati,0.327777778
peccary,0.343055556
squirrel,0.384027778
agouti,0.386111111
squirrel,0.413194444
coati,0.439583333
coati,0.441666667
coati,0.45625
coati,0.533333333
coati,0.538888889
agouti,0.561805556
agouti,0.591666667
agouti,0.608333333
agouti,0.611805556
paca,0.001388889
agouti,0.261805556
agouti,0.276388889
agouti,0.361111111
agouti,0.405555556
agouti,0.419444444
agouti,0.424305556
agouti,0.466666667
squirrel,0.469444444
agouti,0.476388889
agouti,0.61875
agouti,0.624305556
peccary,0.825
squirrel,0.313888889
squirrel,0.378472222
squirrel,0.381944444
agouti,0.39375
agouti,0.398611111
agouti,0.488194444
agouti,0.51875
agouti,0.525694444
squirrel,0.672222222
agouti,0.690277778
squirrel,0.714583333
agouti,0.743055556
peccary,0.242361111
agouti,0.285416667
squirrel,0.328472222
squirrel,0.329861111
squirrel,0.355555556
agouti,0.514583333
agouti,0.518055556
agouti,0.526388889
agouti,0.567361111
agouti,0.607638889
agouti,0.634027778
agouti,0.689583333
agouti,0.696527778
agouti,0.715277778
opossum,0.953472222
agouti,0.315972222
squirrel,0.4625
squirrel,0.464583333
agouti,0.478472222
squirrel,0.496527778
agouti,0.497916667
agouti,0.238888889
agouti,0.258333333
agouti,0.544444444
agouti,0.240277778
agouti,0.242361111
agouti,0.315277778
tamandua,0.383333333
agouti,0.258333333
agouti,0.35625
agouti,0.736805556
agouti,0.247916667
agouti,0.242361111
agouti,0.686111111
paca,0.207638889
agouti,0.286111111
agouti,0.664583333
paca,0.196527778
agouti,0.479861111
agouti,0.695138889
agouti,0.575694444
agouti,0.377777778
agouti,0.742361111
mouse,0.834027778
mouse,0.851388889
mouse,0.95625
agouti,0.461805556
agouti,0.477777778
agouti,0.576388889
agouti,0.739583333
agouti,0.744444444
agouti,0.753472222
brocket,0.08125
agouti,0.311805556
brocket,0.978472222
rat,0.989583333
agouti,0.300694444
squirrel,0.388888889
agouti,0.705555556
agouti,0.343055556
agouti,0.390277778
agouti,0.771527778
agouti,0.257638889
agouti,0.380555556
agouti,0.668055556
rat,0.208333333
agouti,0.663194444
agouti,0.754861111
agouti,0.265277778
agouti,0.44375
agouti,0.365972222
agouti,0.369444444
squirrel,0.370833333
agouti,0.373611111
agouti,0.375694444
brocket,0.242361111
agouti,0.2625
rat,0.008333333
agouti,0.627083333
agouti,0.274305556
agouti,0.698611111
agouti,0.7
squirrel,0.711111111
rat,0.129861111
rat,0.807638889
agouti,0.677083333
agouti,0.304166667
agouti,0.364583333
agouti,0.466666667
agouti,0.575
agouti,0.651388889
squirrel,0.298611111
agouti,0.440277778
agouti,0.717361111
agouti,0.552777778
agouti,0.676388889
agouti,0.347916667
agouti,0.371527778
agouti,0.401388889
agouti,0.286111111
agouti,0.304861111
agouti,0.363888889
agouti,0.470833333
agouti,0.475694444
agouti,0.48125
agouti,0.495138889
agouti,0.596527778
agouti,0.450694444
agouti,0.274305556
agouti,0.284027778
paca,0.951388889
ocelot,0.979166667
agouti,0.723611111
agouti,0.386805556
agouti,0.577083333
agouti,0.579861111
opossum,0.125
armadillo,0.215277778
agouti,0.763888889
mouse,0.134722222
agouti,0.339583333
agouti,0.774305556
agouti,0.261805556
paca,0.9375
paca,0.938194444
opossum,0.179166667
armadillo,0.960416667
rat,0.165277778
rat,0.16875
agouti,0.7
paca,0.104861111
paca,0.844444444
rat,0.902777778
armadillo,0.840972222
paca,0.05625
rat,0.120138889
brocket,0.465277778
agouti,0.481944444
agouti,0.381944444
agouti,0.665277778
paca,0.134722222
agouti,0.695138889
agouti,0.4125
agouti,0.613194444
paca,0.822916667
agouti,0.342361111
agouti,0.334027778
agouti,0.773611111
agouti,0.281944444
squirrel,0.309722222
agouti,0.315277778
agouti,0.425
agouti,0.308333333
agouti,0.309722222
agouti,0.349305556
agouti,0.353472222
agouti,0.481944444
agouti,0.59375
agouti,0.692361111
agouti,0.259722222
agouti,0.273611111
agouti,0.304166667
agouti,0.30625
agouti,0.30625
agouti,0.309722222
agouti,0.729166667
rat,0.050694444
agouti,0.309027778
agouti,0.369444444
agouti,0.441666667
agouti,0.488888889
agouti,0.490972222
tamandua,0.957638889
agouti,0.488888889
agouti,0.515277778
agouti,0.689583333
ocelot,0.054166667
paca,0.061111111
agouti,0.245138889
agouti,0.302777778
agouti,0.3625
agouti,0.704861111
agouti,0.729861111
agouti,0.2625
agouti,0.351388889
agouti,0.653472222
agouti,0.243055556
agouti,0.306944444
agouti,0.428472222
agouti,0.464583333
agouti,0.522916667
agouti,0.694444444
agouti,0.392361111
agouti,0.501388889
agouti,0.561111111
agouti,0.565972222
agouti,0.675694444
paca,0.914583333
agouti,0.249305556
agouti,0.383333333
agouti,0.3875
agouti,0.409722222
agouti,0.470138889
peccary,0.736111111
paca,0.813888889
agouti,0.308333333
agouti,0.575694444
agouti,0.645833333
paca,0.936111111
brocket,0.245833333
agouti,0.325694444
agouti,0.367361111
agouti,0.36875
rat,0.009027778
rat,0.108333333
rat,0.131944444
agouti,0.259722222
agouti,0.264583333
agouti,0.268055556
agouti,0.450694444
agouti,0.469444444
agouti,0.474305556
agouti,0.5
agouti,0.540277778
rat,0.930555556
rat,0.047916667
agouti,0.3125
rat,0.025
agouti,0.265972222
agouti,0.4375
agouti,0.441666667
agouti,0.615972222
agouti,0.722222222
agouti,0.747916667
agouti,0.347916667
agouti,0.3625
agouti,0.590277778
agouti,0.599305556
squirrel,0.40625
agouti,0.769444444
brocket,0.103472222
agouti,0.254166667
agouti,0.25625
agouti,0.682638889
peccary,0.911111111
armadillo,0.104861111
rat,0.184027778
peccary,0.302777778
agouti,0.725694444
paca,0.105555556
armadillo,0.177083333
paca,0.220833333
agouti,0.238888889
agouti,0.568055556
paca,0.098611111
armadillo,0.164583333
armadillo,0.166666667
agouti,0.304861111
peccary,0.338194444
agouti,0.761111111
armadillo,0.064583333
paca,0.066666667
agouti,0.242361111
squirrel,0.315277778
agouti,0.327777778
brocket,0.934722222
paca,0.082638889
agouti,0.240277778
agouti,0.269444444
paca,0.09375
peccary,0.275694444
agouti,0.373611111
agouti,0.757638889
agouti,0.320138889
agouti,0.367361111
agouti,0.372222222
tamandua,0.752777778
agouti,0.75625
agouti,0.396527778
agouti,0.338888889
agouti,0.601388889
agouti,0.629861111
brocket,0.311805556
agouti,0.411805556
agouti,0.281944444
ocelot,0.404861111
agouti,0.754166667
agouti,0.7125
agouti,0.747222222
tamandua,0.5625
rat,0.210416667
tamandua,0.421527778
brocket,0.678472222
peccary,0.784722222
peccary,0.904166667
agouti,0.384027778
brocket,0.645833333
tamandua,0.677083333
peccary,0.253472222
peccary,0.257638889
peccary,0.259027778
peccary,0.288888889
peccary,0.293055556
peccary,0.313194444
agouti,0.506944444
peccary,0.667361111
peccary,0.669444444
mouse,0.85625
mouse,0.038888889
squirrel,0.290972222
peccary,0.311805556
peccary,0.317361111
ocelot,0.759722222
mouse,0.004166667
mouse,0.136111111
mouse,0.138194444
agouti,0.334722222
peccary,0.709722222
squirrel,0.728472222
mouse,0.832638889
agouti,0.646527778
armadillo,0.882638889
paca,0.98125
agouti,0.341666667
agouti,0.386111111
agouti,0.270833333
agouti,0.284027778
agouti,0.461111111
agouti,0.609027778
agouti,0.359722222
agouti,0.629861111
agouti,0.315972222
agouti,0.665277778
agouti,0.698611111
agouti,0.304166667
agouti,0.721527778
agouti,0.288888889
agouti,0.679861111
agouti,0.682638889
squirrel,0.701388889
tamandua,0.734027778
paca,0.843055556
rat,0.921527778
rat,0.2125
rat,0.910416667
agouti,0.594444444
rat,0.066666667
rat,0.154166667
mouse,0.869444444
agouti,0.734027778
paca,0.986111111
rat,0.036111111
rat,0.954166667
rat,0.995138889
rat,0.199305556
paca,0.943055556
rat,0.813194444
peccary,0.869444444
paca,0.954166667
paca,0.99375
rat,0.210416667
agouti,0.370138889
agouti,0.682638889
agouti,0.693055556
agouti,0.463194444
agouti,0.676388889
agouti,0.690277778
paca,0.890972222
paca,0.074305556
agouti,0.595833333
peccary,0.736111111
paca,0.824305556
agouti,0.261111111
agouti,0.268055556
agouti,0.269444444
brocket,0.832638889
agouti,0.341666667
agouti,0.464583333
agouti,0.748611111
agouti,0.347222222
agouti,0.392361111
agouti,0.415277778
agouti,0.348611111
agouti,0.713888889
rat,0.229861111
tamandua,0.759027778
agouti,0.2625
agouti,0.264583333
agouti,0.377777778
ocelot,0.167361111
paca,0.103472222
agouti,0.464583333
agouti,0.411805556
agouti,0.567361111
paca,0.002777778
agouti,0.725694444
agouti,0.704166667
agouti,0.711111111
agouti,0.740277778
agouti,0.316666667
agouti,0.735416667
agouti,0.390277778
agouti,0.615277778
agouti,0.684027778
agouti,0.334027778
agouti,0.606944444
agouti,0.663194444
agouti,0.696527778
brocket,0.877777778
ocelot,0.88125
agouti,0.347916667
agouti,0.650694444
agouti,0.75
paca,0.882638889
peccary,0.261805556
peccary,0.297222222
agouti,0.529166667
agouti,0.411111111
squirrel,0.414583333
peccary,0.310416667
peccary,0.448611111
peccary,0.563888889
peccary,0.261805556
peccary,0.297222222
agouti,0.35625
agouti,0.474305556
agouti,0.695138889
peccary,0.261805556
peccary,0.297222222
agouti,0.529166667
agouti,0.411111111
squirrel,0.414583333
peccary,0.283333333
peccary,0.2375
agouti,0.340972222
paca,0.81875
agouti,0.258333333
agouti,0.264583333
agouti,0.388194444
agouti,0.659027778
paca,0.113888889
agouti,0.785416667
paca,0.154861111
agouti,0.286805556
agouti,0.352083333
agouti,0.355555556
agouti,0.380555556
agouti,0.440972222
squirrel,0.449305556
paca,0.813888889
agouti,0.465972222
agouti,0.40625
agouti,0.541666667
armadillo,0.014583333
rat,0.174305556
agouti,0.286805556
coati,0.327777778
agouti,0.674305556
agouti,0.695833333
agouti,0.75
armadillo,0.120138889
agouti,0.403472222
agouti,0.481944444
ocelot,0.820833333
agouti,0.419444444
agouti,0.438888889
agouti,0.686805556
agouti,0.258333333
agouti,0.409722222
agouti,0.644444444
paca,0.073611111
agouti,0.286111111
agouti,0.320138889
paca,0.010416667
agouti,0.273611111
agouti,0.315277778
agouti,0.442361111
agouti,0.259027778
tamandua,0.696527778
paca,0.100694444
peccary,0.275694444
agouti,0.291666667
coati,0.328472222
agouti,0.546527778
agouti,0.698611111
agouti,0.264583333
agouti,0.284722222
agouti,0.359722222
agouti,0.473611111
agouti,0.294444444
agouti,0.307638889
agouti,0.254861111
agouti,0.6125
rat,0.886805556
agouti,0.295833333
mouse,0.081944444
tamandua,0.569444444
rat,0.859722222
agouti,0.3875
agouti,0.392361111
agouti,0.394444444
agouti,0.531944444
mouse,0.100694444
agouti,0.629861111
agouti,0.299305556
brocket,0.570833333
brocket,0.345138889
brocket,0.295833333
agouti,0.278472222
paca,0.900694444
paca,0.911805556
agouti,0.307638889
agouti,0.614583333
agouti,0.725
agouti,0.285416667
agouti,0.288194444
agouti,0.331944444
agouti,0.581944444
ocelot,0.733333333
paca,0.836805556
agouti,0.429861111
agouti,0.446527778
agouti,0.461111111
agouti,0.55
agouti,0.563888889
agouti,0.6125
brocket,0.627777778
paca,0.020138889
paca,0.874305556
agouti,0.25
agouti,0.727777778
paca,0.186111111
paca,0.888194444
agouti,0.68125
agouti,0.688888889
agouti,0.413888889
agouti,0.286111111
agouti,0.529166667
agouti,0.366666667
agouti,0.288194444
agouti,0.343055556
brocket,0.260416667
agouti,0.70625
agouti,0.36875
agouti,0.54375
agouti,0.561805556
agouti,0.671527778
agouti,0.752083333
agouti,0.757638889
agouti,0.254166667
agouti,0.2625
agouti,0.265277778
agouti,0.267361111
agouti,0.340972222
agouti,0.364583333
agouti,0.397222222
agouti,0.441666667
agouti,0.467361111
agouti,0.513888889
agouti,0.582638889
agouti,0.653472222
agouti,0.701388889
agouti,0.730555556
agouti,0.75625
agouti,0.259027778
agouti,0.281944444
agouti,0.318055556
agouti,0.496527778
agouti,0.566666667
agouti,0.665972222
agouti,0.259722222
agouti,0.285416667
agouti,0.310416667
agouti,0.467361111
agouti,0.542361111
agouti,0.638194444
agouti,0.665277778
agouti,0.669444444
agouti,0.254166667
agouti,0.257638889
agouti,0.290972222
agouti,0.293055556
agouti,0.298611111
agouti,0.302083333
agouti,0.310416667
agouti,0.322222222
agouti,0.531944444
paca,0.895138889
agouti,0.284722222
agouti,0.273611111
agouti,0.620138889
agouti,0.271527778
agouti,0.29375
rat,0.833333333
agouti,0.460416667
agouti,0.497916667
agouti,0.431944444
agouti,0.689583333
agouti,0.715972222
ocelot,0.920138889
agouti,0.269444444
agouti,0.522916667
agouti,0.525
brocket,0.077777778
peccary,0.379861111
agouti,0.444444444
agouti,0.615972222
brocket,0.870833333
agouti,0.320833333
agouti,0.334027778
agouti,0.39375
agouti,0.43125
agouti,0.433333333
brocket,0.757638889
agouti,0.364583333
agouti,0.390972222
agouti,0.393055556
agouti,0.265277778
agouti,0.310416667
agouti,0.374305556
agouti,0.377083333
agouti,0.380555556
agouti,0.382638889
agouti,0.429861111
agouti,0.520833333
paca,0.907638889
squirrel,0.425
agouti,0.497916667
paca,0.149305556
coati,0.2625
paca,0.976388889
agouti,0.29375
agouti,0.339583333
agouti,0.529861111
agouti,0.670138889
peccary,0.943055556
peccary,0.945833333
peccary,0.0
agouti,0.326388889
agouti,0.351388889
agouti,0.644444444
agouti,0.361111111
squirrel,0.3875
squirrel,0.421527778
agouti,0.509722222
agouti,0.616666667
agouti,0.682638889
agouti,0.708333333
agouti,0.35625
agouti,0.435416667
agouti,0.415277778
agouti,0.536111111
agouti,0.642361111
agouti,0.704861111
agouti,0.383333333
agouti,0.53125
agouti,0.260416667
agouti,0.263888889
agouti,0.613194444
brocket,0.622916667
brocket,0.709722222
agouti,0.753472222
agouti,0.357638889
agouti,0.428472222
coati,0.448611111
agouti,0.551388889
agouti,0.563888889
agouti,0.597916667
agouti,0.6
agouti,0.692361111
brocket,0.922916667
agouti,0.285416667
agouti,0.288194444
agouti,0.293055556
agouti,0.299305556
agouti,0.692361111
agouti,0.697222222
agouti,0.332638889
agouti,0.334722222
agouti,0.338194444
agouti,0.329861111
agouti,0.754166667
paca,0.873611111
agouti,0.290972222
peccary,0.646527778
agouti,0.655555556
agouti,0.277777778
brocket,0.717361111
squirrel,0.335416667
paca,0.038194444
agouti,0.355555556
agouti,0.361805556
agouti,0.68125
agouti,0.256944444
agouti,0.267361111
agouti,0.279861111
agouti,0.3
agouti,0.669444444
agouti,0.675
agouti,0.261805556
agouti,0.263888889
agouti,0.270138889
agouti,0.343055556
agouti,0.729166667
agouti,0.270833333
agouti,0.272222222
agouti,0.261805556
agouti,0.294444444
agouti,0.328472222
agouti,0.452083333
brocket,0.4625
agouti,0.643055556
squirrel,0.284027778
agouti,0.3125
agouti,0.606944444
agouti,0.2875
agouti,0.664583333
agouti,0.272916667
agouti,0.313888889
agouti,0.740277778
agouti,0.25
agouti,0.331944444
agouti,0.343055556
agouti,0.386805556
agouti,0.540972222
peccary,0.740277778
opossum,0.122222222
agouti,0.375694444
agouti,0.383333333
agouti,0.403472222
agouti,0.425694444
agouti,0.434722222
agouti,0.530555556
paca,0.898611111
agouti,0.304166667
agouti,0.313194444
agouti,0.582638889
agouti,0.635416667
agouti,0.740277778
ocelot,0.796527778
agouti,0.269444444
squirrel,0.315277778
agouti,0.327777778
agouti,0.463888889
agouti,0.29375
squirrel,0.732638889
agouti,0.297222222
agouti,0.540972222
rat,0.120138889
agouti,0.363888889
agouti,0.610416667
agouti,0.717361111
agouti,0.745138889
paca,0.949305556
agouti,0.548611111
brocket,0.727083333
paca,0.136111111
agouti,0.392361111
agouti,0.479861111
agouti,0.25625
agouti,0.365277778
squirrel,0.411111111
squirrel,0.320833333
agouti,0.326388889
agouti,0.33125
agouti,0.340277778
agouti,0.345138889
squirrel,0.388888889
squirrel,0.488888889
agouti,0.644444444
agouti,0.29375
agouti,0.295833333
agouti,0.347916667
agouti,0.5
agouti,0.620833333
ocelot,0.025
agouti,0.310416667
agouti,0.553472222
agouti,0.692361111
agouti,0.7
agouti,0.329861111
agouti,0.46875
peccary,0.747222222
agouti,0.694444444
agouti,0.272916667
agouti,0.277777778
agouti,0.46875
agouti,0.611805556
agouti,0.281944444
agouti,0.355555556
peccary,0.398611111
agouti,0.261805556
agouti,0.264583333
agouti,0.41875
agouti,0.692361111
paca,0.838194444
agouti,0.297222222
agouti,0.477777778
coati,0.695833333
paca,0.177083333
coati,0.425
paca,0.031944444
agouti,0.459722222
brocket,0.615972222
agouti,0.340972222
ocelot,0.852777778
tamandua,0.875694444
paca,0.9375
agouti,0.6375
armadillo,0.888888889
armadillo,0.207638889
agouti,0.284722222
agouti,0.305555556
tayra,0.501388889
agouti,0.6875
agouti,0.696527778
agouti,0.715277778
paca,0.161805556
peccary,0.622916667
peccary,0.623611111
agouti,0.2625
agouti,0.400694444
agouti,0.40625
agouti,0.514583333
agouti,0.704861111
brocket,0.301388889
agouti,0.5375
ocelot,0.854861111
agouti,0.403472222
agouti,0.559027778
paca,0.973611111
peccary,0.642361111
agouti,0.278472222
agouti,0.659722222
agouti,0.58125
peccary,0.702777778
agouti,0.479861111
peccary,0.629166667
paca,0.129861111
paca,0.138888889
agouti,0.308333333
peccary,0.760416667
tamandua,0.525
agouti,0.567361111
agouti,0.364583333
mouse,0.061111111
rat,0.179861111
peccary,0.271527778
paca,0.202083333
rat,0.831944444
mouse,0.120833333
peccary,0.325
tayra,0.373611111
agouti,0.579166667
agouti,0.605555556
agouti,0.613194444
squirrel,0.625694444
armadillo,0.876388889
paca,0.097222222
brocket,0.26875
brocket,0.272222222
brocket,0.274305556
agouti,0.296527778
agouti,0.315277778
brocket,0.393055556
agouti,0.514583333
agouti,0.547916667
agouti,0.489583333
armadillo,0.965277778
agouti,0.267361111
agouti,0.305555556
peccary,0.282638889
paca,0.870833333
armadillo,0.00625
agouti,0.394444444
armadillo,0.126388889
agouti,0.686111111
brocket,0.7375
agouti,0.31875
agouti,0.359027778
agouti,0.361805556
agouti,0.390972222
mouse,0.020138889
mouse,0.154861111
mouse,0.1875
agouti,0.265972222
agouti,0.290972222
squirrel,0.365972222
ocelot,0.841666667
mouse,0.105555556
agouti,0.275694444
rat,0.03125
agouti,0.269444444
mouse,0.068055556
mouse,0.070138889
mouse,0.189583333
squirrel,0.34375
rat,0.139583333
squirrel,0.268055556
agouti,0.391666667
squirrel,0.672222222
agouti,0.714583333
agouti,0.765972222
agouti,0.285416667
agouti,0.348611111
agouti,0.388888889
agouti,0.589583333
agouti,0.256944444
agouti,0.323611111
agouti,0.571527778
agouti,0.447916667
agouti,0.622916667
agouti,0.350694444
agouti,0.65
squirrel,0.522222222
agouti,0.303472222
agouti,0.440972222
agouti,0.490972222
agouti,0.477083333
paca,0.16875
squirrel,0.493055556
agouti,0.511111111
agouti,0.490277778
rat,0.852777778
agouti,0.254861111
agouti,0.292361111
agouti,0.310416667
agouti,0.756944444
rat,0.021527778
paca,0.205555556
agouti,0.485416667
paca,0.009722222
agouti,0.251388889
agouti,0.513888889
brocket,0.543055556
brocket,0.556944444
brocket,0.559027778
peccary,0.609722222
mouse,0.147222222
brocket,0.175694444
agouti,0.253472222
agouti,0.265972222
squirrel,0.302083333
agouti,0.344444444
agouti,0.532638889
agouti,0.534027778
agouti,0.677083333
agouti,0.693055556
squirrel,0.267361111
squirrel,0.268055556
squirrel,0.284027778
squirrel,0.288194444
squirrel,0.297916667
agouti,0.357638889
agouti,0.275694444
agouti,0.425694444
agouti,0.426388889
agouti,0.744444444
squirrel,0.26875
squirrel,0.26875
squirrel,0.270138889
squirrel,0.273611111
agouti,0.352083333
agouti,0.580555556
agouti,0.643055556
agouti,0.729861111
agouti,0.419444444
squirrel,0.256944444
squirrel,0.257638889
squirrel,0.261111111
squirrel,0.2625
squirrel,0.263194444
agouti,0.272916667
brocket,0.542361111
brocket,0.696527778
agouti,0.265277778
agouti,0.268055556
squirrel,0.270138889
squirrel,0.272222222
squirrel,0.286111111
agouti,0.470138889
agouti,0.55
squirrel,0.344444444
agouti,0.432638889
agouti,0.78125
mouse,0.205555556
agouti,0.256944444
squirrel,0.266666667
agouti,0.290972222
agouti,0.295138889
tamandua,0.375694444
agouti,0.405555556
agouti,0.427083333
squirrel,0.66875
squirrel,0.675694444
agouti,0.263194444
agouti,0.275694444
agouti,0.604166667
agouti,0.605555556
agouti,0.679861111
agouti,0.272916667
squirrel,0.413888889
agouti,0.496527778
agouti,0.740277778
peccary,0.361111111
agouti,0.442361111
squirrel,0.379166667
squirrel,0.384027778
squirrel,0.3875
agouti,0.497916667
coati,0.55
agouti,0.751388889
ocelot,0.845138889
agouti,0.345833333
agouti,0.714583333
peccary,0.809722222
paca,0.185416667
paca,0.189583333
agouti,0.26875
ocelot,0.94375
peccary,0.947916667
paca,0.133333333
peccary,0.218055556
peccary,0.251388889
peccary,0.188194444
agouti,0.479166667
agouti,0.554861111
agouti,0.646527778
paca,0.104166667
agouti,0.747222222
paca,0.147916667
agouti,0.315972222
agouti,0.379166667
paca,0.0625
paca,0.946527778
paca,0.018055556
rat,0.022916667
paca,0.024305556
agouti,0.65
mouse,0.043055556
peccary,0.795833333
mouse,0.820833333
rat,0.831944444
paca,0.999305556
paca,0.0625
rat,0.0625
peccary,0.692361111
brocket,0.675694444
peccary,0.0875
paca,0.19375
agouti,0.358333333
mouse,0.868055556
mouse,0.875694444
mouse,0.202777778
agouti,0.325694444
agouti,0.315277778
agouti,0.348611111
mouse,0.934722222
mouse,0.959027778
mouse,0.875
rat,0.920138889
tamandua,0.605555556
agouti,0.633333333
agouti,0.483333333
agouti,0.572916667
peccary,0.659722222
agouti,0.449305556
agouti,0.472916667
agouti,0.604861111
agouti,0.700694444
agouti,0.25625
agouti,0.336111111
agouti,0.740277778
agouti,0.58125
agouti,0.679166667
agouti,0.246527778
agouti,0.697222222
agouti,0.540277778
agouti,0.556944444
agouti,0.321527778
agouti,0.463194444
agouti,0.638194444
brocket,0.638194444
paca,0.954166667
brocket,0.982638889
agouti,0.309027778
brocket,0.33125
agouti,0.4625
agouti,0.465972222
agouti,0.613888889
agouti,0.667361111
paca,0.866666667
peccary,0.170138889
agouti,0.252777778
agouti,0.288888889
agouti,0.379166667
agouti,0.422222222
agouti,0.454166667
agouti,0.539583333
agouti,0.676388889
agouti,0.254861111
agouti,0.310416667
agouti,0.316666667
agouti,0.320833333
agouti,0.413194444
agouti,0.5375
agouti,0.659027778
agouti,0.697222222
brocket,0.748611111
brocket,0.866666667
brocket,0.006944444
brocket,0.074305556
agouti,0.254861111
agouti,0.536111111
agouti,0.61875
agouti,0.6875
paca,0.934722222
brocket,0.0875
paca,0.181944444
agouti,0.2625
agouti,0.274305556
squirrel,0.281944444
agouti,0.288888889
agouti,0.290277778
agouti,0.414583333
agouti,0.505555556
agouti,0.261805556
agouti,0.289583333
agouti,0.447222222
agouti,0.504166667
agouti,0.549305556
agouti,0.420138889
agouti,0.589583333
agouti,0.663888889
agouti,0.70625
brocket,0.793055556
rat,0.159027778
agouti,0.2875
agouti,0.311805556
agouti,0.422916667
agouti,0.458333333
peccary,0.477083333
agouti,0.559722222
agouti,0.579861111
brocket,0.156944444
paca,0.213888889
agouti,0.270138889
agouti,0.272916667
agouti,0.276388889
agouti,0.304166667
agouti,0.316666667
squirrel,0.325
agouti,0.380555556
agouti,0.390277778
agouti,0.491666667
coati,0.659027778
agouti,0.329861111
peccary,0.307638889
peccary,0.310416667
agouti,0.294444444
agouti,0.340972222
agouti,0.409722222
brocket,0.359722222
peccary,0.732638889
brocket,0.345833333
paca,0.853472222
peccary,0.276388889
peccary,0.285416667
brocket,0.547916667
agouti,0.25
peccary,0.345833333
brocket,0.573611111
agouti,0.627777778
ocelot,0.842361111
agouti,0.325
squirrel,0.408333333
agouti,0.471527778
coati,0.329166667
agouti,0.611805556
agouti,0.641666667
agouti,0.656944444
agouti,0.331944444
agouti,0.365277778
agouti,0.630555556
agouti,0.646527778
paca,0.995833333
agouti,0.288194444
agouti,0.290277778
squirrel,0.360416667
agouti,0.396527778
agouti,0.6125
agouti,0.614583333
agouti,0.261111111
agouti,0.701388889
paca,0.888194444
paca,0.890277778
agouti,0.352777778
agouti,0.380555556
agouti,0.383333333
agouti,0.390972222
agouti,0.490972222
agouti,0.529861111
agouti,0.719444444
agouti,0.609722222
agouti,0.279861111
paca,0.995833333
agouti,0.252083333
squirrel,0.380555556
agouti,0.681944444
agouti,0.291666667
coati,0.503472222
coati,0.507638889
paca,0.077777778
agouti,0.634027778
agouti,0.54375
agouti,0.685416667
opossum,0.91875
armadillo,0.179166667
paca,0.207638889
paca,0.215277778
agouti,0.272916667
coati,0.40625
agouti,0.484722222
armadillo,0.222222222
agouti,0.420138889
armadillo,0.095833333
armadillo,0.104166667
agouti,0.289583333
armadillo,0.141666667
agouti,0.63125
rat,0.827777778
opossum,0.870138889
rat,0.153472222
agouti,0.25625
agouti,0.527083333
rat,0.922916667
agouti,0.725
agouti,0.514583333
agouti,0.561111111
agouti,0.556944444
rat,0.00625
rat,0.241666667
agouti,0.408333333
agouti,0.582638889
rat,0.889583333
agouti,0.346527778
agouti,0.348611111
rat,0.044444444
agouti,0.338194444
peccary,0.886805556
agouti,0.647916667
brocket,0.358333333
agouti,0.634027778
tamandua,0.740972222
agouti,0.723611111
opossum,0.776388889
agouti,0.26875
agouti,0.363888889
opossum,0.779861111
agouti,0.623611111
agouti,0.265972222
agouti,0.263888889
agouti,0.290277778
agouti,0.302083333
agouti,0.420138889
agouti,0.422222222
agouti,0.7125
ocelot,0.46875
agouti,0.756944444
rat,0.002083333
agouti,0.376388889
paca,0.834722222
brocket,0.638888889
agouti,0.596527778
agouti,0.439583333
agouti,0.325
squirrel,0.440972222
agouti,0.688888889
brocket,0.261805556
agouti,0.452083333
agouti,0.719444444
agouti,0.724305556
agouti,0.258333333
agouti,0.696527778
agouti,0.477777778
agouti,0.725694444
agouti,0.254861111
agouti,0.265277778
agouti,0.754861111
agouti,0.391666667
agouti,0.283333333
agouti,0.415972222
agouti,0.528472222
agouti,0.54375
agouti,0.545138889
agouti,0.268055556
agouti,0.481944444
agouti,0.645833333
agouti,0.293055556
agouti,0.363888889
agouti,0.540972222
paca,0.918055556
agouti,0.454861111
agouti,0.307638889
agouti,0.679861111
agouti,0.777777778
agouti,0.3875
agouti,0.409722222
agouti,0.665277778
agouti,0.311111111
agouti,0.274305556
agouti,0.308333333
agouti,0.720138889
agouti,0.440972222
agouti,0.479166667
agouti,0.626388889
agouti,0.313888889
agouti,0.522222222
agouti,0.650694444
paca,0.883333333
agouti,0.327777778
agouti,0.677777778
coati,0.330555556
coati,0.333333333
squirrel,0.335416667
agouti,0.629166667
agouti,0.343055556
agouti,0.761111111
rat,0.084722222
rat,0.126388889
rat,0.178472222
agouti,0.590277778
brocket,0.33125
agouti,0.707638889
agouti,0.272222222
agouti,0.6625
agouti,0.295138889
agouti,0.341666667
agouti,0.374305556
agouti,0.384722222
agouti,0.432638889
agouti,0.444444444
agouti,0.502777778
mouse,0.152777778
agouti,0.371527778
agouti,0.375694444
agouti,0.351388889
agouti,0.275694444
agouti,0.313194444
agouti,0.763888889
brocket,0.363194444
tamandua,0.809027778
agouti,0.277083333
agouti,0.347222222
agouti,0.350694444
rat,0.234027778
agouti,0.277777778
squirrel,0.35
agouti,0.573611111
agouti,0.588194444
agouti,0.429861111
brocket,0.025
agouti,0.277083333
squirrel,0.284027778
agouti,0.307638889
agouti,0.597916667
ocelot,0.979861111
squirrel,0.443055556
agouti,0.774305556
agouti,0.522222222
brocket,0.691666667
agouti,0.724305556
agouti,0.727083333
agouti,0.759027778
agouti,0.765277778
squirrel,0.298611111
squirrel,0.318055556
agouti,0.393055556
paca,0.834722222
agouti,0.257638889
agouti,0.277083333
agouti,0.327777778
agouti,0.343055556
agouti,0.563888889
agouti,0.256944444
agouti,0.297916667
agouti,0.347916667
agouti,0.35625
ocelot,0.952777778
paca,0.052777778
paca,0.120833333
brocket,0.28125
brocket,0.773611111
peccary,0.766666667
agouti,0.650694444
agouti,0.367361111
agouti,0.491666667
agouti,0.664583333
agouti,0.702777778
agouti,0.283333333
agouti,0.559722222
agouti,0.290972222
agouti,0.352083333
agouti,0.3625
agouti,0.408333333
agouti,0.413888889
agouti,0.6875
agouti,0.690972222
agouti,0.740277778
agouti,0.315277778
agouti,0.7
agouti,0.727777778
agouti,0.747916667
armadillo,0.829166667
agouti,0.295138889
agouti,0.327777778
agouti,0.357638889
agouti,0.413194444
agouti,0.415972222
brocket,0.616666667
brocket,0.693055556
agouti,0.356944444
agouti,0.384722222
agouti,0.666666667
agouti,0.669444444
paca,0.863194444
agouti,0.302083333
agouti,0.543055556
agouti,0.286805556
agouti,0.354166667
squirrel,0.431944444
agouti,0.649305556
peccary,0.811111111
peccary,0.814583333
agouti,0.276388889
agouti,0.263194444
tayra,0.425
coati,0.442361111
agouti,0.440972222
agouti,0.450694444
ocelot,0.8625
agouti,0.728472222
mouse,0.013194444
mouse,0.836111111
mouse,0.109027778
mouse,0.143055556
squirrel,0.349305556
agouti,0.285416667
agouti,0.365972222
agouti,0.367361111
peccary,0.468055556
peccary,0.503472222
agouti,0.315972222
rat,0.072916667
ocelot,0.077083333
ocelot,0.102083333
ocelot,0.139583333
ocelot,0.140972222
armadillo,0.161111111
paca,0.184722222
agouti,0.284722222
coati,0.600694444
agouti,0.724305556
ocelot,0.636111111
agouti,0.389583333
agouti,0.424305556
agouti,0.751388889
opossum,0.059722222
agouti,0.679861111
agouti,0.33125
agouti,0.336111111
agouti,0.535416667
agouti,0.6875
coati,0.560416667
agouti,0.683333333
agouti,0.675694444
agouti,0.705555556
rat,0.848611111
agouti,0.288888889
agouti,0.316666667
agouti,0.451388889
paca,0.949305556
paca,0.973611111
agouti,0.307638889
agouti,0.435416667
agouti,0.522916667
agouti,0.688888889
paca,0.981944444
agouti,0.347222222
agouti,0.708333333
agouti,0.732638889
paca,0.958333333
agouti,0.444444444
agouti,0.444444444
agouti,0.531944444
mouse,0.014583333
agouti,0.326388889
agouti,0.331944444
paca,0.888194444
agouti,0.309722222
agouti,0.721527778
agouti,0.704166667
agouti,0.631944444
agouti,0.474305556
agouti,0.477777778
agouti,0.364583333
agouti,0.384722222
agouti,0.722222222
agouti,0.403472222
agouti,0.527083333
agouti,0.459722222
agouti,0.49375
agouti,0.497916667
agouti,0.750694444
agouti,0.439583333
coati,0.455555556
agouti,0.250694444
agouti,0.329861111
agouti,0.370138889
agouti,0.701388889
agouti,0.422916667
agouti,0.269444444
coati,0.404166667
brocket,0.315972222
squirrel,0.521527778
squirrel,0.469444444
agouti,0.523611111
agouti,0.459722222
agouti,0.249305556
agouti,0.259027778
agouti,0.454861111
squirrel,0.498611111
agouti,0.654861111
agouti,0.738194444
paca,0.836805556
paca,0.063194444
agouti,0.655555556
agouti,0.775694444
paca,0.80625
paca,0.815277778
paca,0.101388889
agouti,0.294444444
agouti,0.610416667
agouti,0.709027778
rat,0.919444444
squirrel,0.3125
agouti,0.629166667
agouti,0.648611111
agouti,0.664583333
agouti,0.690277778
armadillo,0.899305556
armadillo,0.978472222
agouti,0.248611111
agouti,0.426388889
agouti,0.621527778
agouti,0.564583333
agouti,0.565972222
peccary,0.749305556
paca,0.823611111
agouti,0.554166667
agouti,0.711805556
agouti,0.719444444
brocket,0.730555556
agouti,0.745833333
agouti,0.273611111
agouti,0.370833333
agouti,0.540972222
agouti,0.616666667
agouti,0.311111111
peccary,0.34375
agouti,0.420138889
agouti,0.510416667
agouti,0.609027778
agouti,0.715277778
paca,0.915972222
agouti,0.592361111
agouti,0.659722222
agouti,0.733333333
agouti,0.734722222
agouti,0.740277778
agouti,0.359722222
agouti,0.445833333
agouti,0.555555556
agouti,0.704861111
agouti,0.731944444
agouti,0.749305556
mouse,0.886111111
agouti,0.323611111
agouti,0.356944444
agouti,0.361111111
agouti,0.368055556
agouti,0.473611111
agouti,0.511111111
agouti,0.691666667
agouti,0.715277778
paca,0.038888889
agouti,0.278472222
peccary,0.303472222
agouti,0.309722222
peccary,0.379166667
peccary,0.427083333
agouti,0.56875
agouti,0.26875
agouti,0.297222222
brocket,0.311805556
agouti,0.361111111
peccary,0.704166667
agouti,0.6375
agouti,0.679166667
agouti,0.248611111
agouti,0.383333333
agouti,0.426388889
agouti,0.766666667
peccary,0.248611111
agouti,0.328472222
armadillo,0.977083333
agouti,0.246527778
agouti,0.439583333
paca,0.895833333
agouti,0.270138889
agouti,0.35625
agouti,0.366666667
agouti,0.779861111
ocelot,0.921527778
mouse,0.035416667
brocket,0.166666667
mouse,0.195138889
mouse,0.201388889
mouse,0.211111111
mouse,0.232638889
armadillo,0.979861111
rat,0.128472222
agouti,0.263888889
agouti,0.583333333
mouse,0.147222222
mouse,0.163888889
agouti,0.578472222
agouti,0.666666667
rat,0.042361111
agouti,0.271527778
agouti,0.347222222
agouti,0.369444444
agouti,0.372916667
agouti,0.726388889
agouti,0.276388889
agouti,0.457638889
agouti,0.324305556
agouti,0.386111111
agouti,0.397222222
agouti,0.422916667
agouti,0.76875
agouti,0.424305556
agouti,0.435416667
agouti,0.538888889
agouti,0.579861111
agouti,0.678472222
agouti,0.786805556
agouti,0.284722222
agouti,0.513194444
agouti,0.595833333
agouti,0.640277778
agouti,0.534722222
agouti,0.686111111
agouti,0.361805556
agouti,0.697222222
agouti,0.700694444
rat,0.009722222
mouse,0.230555556
agouti,0.364583333
agouti,0.378472222
agouti,0.320833333
agouti,0.409027778
coati,0.436805556
agouti,0.702777778
peccary,0.338194444
peccary,0.7625
peccary,0.2125
mouse,0.078472222
agouti,0.3375
squirrel,0.360416667
agouti,0.459722222
brocket,0.244444444
agouti,0.551388889
peccary,0.320833333
squirrel,0.491666667
rat,0.060416667
agouti,0.321527778
rat,0.824305556
agouti,0.363194444
agouti,0.627777778
tamandua,0.685416667
agouti,0.705555556
tamandua,0.790277778
rat,0.984722222
agouti,0.653472222
agouti,0.429861111
agouti,0.645138889
agouti,0.492361111
agouti,0.738888889
agouti,0.741666667
agouti,0.745833333
peccary,0.704166667
coati,0.410416667
agouti,0.553472222
agouti,0.554166667
peccary,0.6375
agouti,0.645138889
agouti,0.713888889
agouti,0.265277778
agouti,0.271527778
agouti,0.35
agouti,0.354861111
agouti,0.360416667
agouti,0.366666667
agouti,0.372916667
agouti,0.683333333
agouti,0.704166667
agouti,0.713194444
agouti,0.73125
agouti,0.748611111
agouti,0.340972222
agouti,0.363888889
agouti,0.502083333
agouti,0.625
agouti,0.704861111
agouti,0.279861111
agouti,0.308333333
agouti,0.322916667
agouti,0.358333333
agouti,0.313194444
agouti,0.631944444
paca,0.061805556
agouti,0.253472222
agouti,0.301388889
agouti,0.755555556
paca,0.063194444
rat,0.079166667
agouti,0.403472222
agouti,0.445833333
agouti,0.6875
agouti,0.723611111
agouti,0.326388889
agouti,0.679166667
agouti,0.347916667
agouti,0.613888889
agouti,0.274305556
agouti,0.406944444
agouti,0.661111111
agouti,0.279861111
agouti,0.284722222
agouti,0.317361111
agouti,0.50625
agouti,0.613888889
agouti,0.636111111
agouti,0.507638889
agouti,0.520833333
paca,0.85
agouti,0.586111111
rat,0.960416667
agouti,0.654166667
agouti,0.691666667
agouti,0.711111111
agouti,0.486805556
agouti,0.490277778
agouti,0.633333333
agouti,0.430555556
agouti,0.404861111
agouti,0.622222222
agouti,0.602083333
agouti,0.401388889
agouti,0.710416667
mouse,0.145833333
agouti,0.604166667
peccary,0.805555556
agouti,0.340972222
peccary,0.881944444
peccary,0.953472222
agouti,0.270833333
agouti,0.327777778
paca,0.173611111
agouti,0.339583333
rat,0.920833333
rat,0.949305556
squirrel,0.322916667
agouti,0.61875
agouti,0.631944444
mouse,0.044444444
brocket,0.323611111
agouti,0.414583333
agouti,0.513194444
agouti,0.302083333
agouti,0.4
peccary,0.296527778
agouti,0.415972222
paca,0.15
agouti,0.573611111
agouti,0.3625
agouti,0.247916667
agouti,0.411111111
agouti,0.546527778
agouti,0.672222222
agouti,0.752777778
peccary,0.323611111
agouti,0.354166667
coati,0.615972222
paca,0.061805556
agouti,0.532638889
agouti,0.670138889
paca,0.122222222
paca,0.133333333
paca,0.139583333
squirrel,0.548611111
agouti,0.590972222
squirrel,0.34375
agouti,0.346527778
agouti,0.415972222
ocelot,0.170833333
agouti,0.280555556
agouti,0.743055556
agouti,0.372222222
peccary,0.756944444
agouti,0.320138889
agouti,0.385416667
agouti,0.4
agouti,0.272916667
paca,0.861111111
mouse,0.88125
ocelot,0.769444444
brocket,0.311805556
coati,0.673611111
paca,0.817361111
paca,0.172222222
paca,0.172222222
agouti,0.297916667
agouti,0.455555556
agouti,0.6625
paca,0.983333333
paca,0.175694444
paca,0.176388889
agouti,0.449305556
agouti,0.454861111
agouti,0.545138889
agouti,0.572916667
agouti,0.630555556
agouti,0.646527778
agouti,0.653472222
agouti,0.693055556
agouti,0.722222222
rat,0.875694444
paca,0.01875
agouti,0.310416667
agouti,0.374305556
agouti,0.410416667
agouti,0.457638889
agouti,0.750694444
paca,0.965277778
agouti,0.327083333
agouti,0.400694444
agouti,0.426388889
agouti,0.477777778
agouti,0.613194444
peccary,0.713194444
peccary,0.720138889
peccary,0.929861111
rat,0.940277778
mouse,0.002083333
agouti,0.279166667
agouti,0.289583333
agouti,0.3875
agouti,0.421527778
agouti,0.450694444
agouti,0.452083333
agouti,0.760416667
ocelot,0.774305556
peccary,0.327083333
peccary,0.346527778
rat,0.007638889
rat,0.009027778
paca,0.13125
rat,0.215277778
agouti,0.627777778
agouti,0.631944444
agouti,0.667361111
rat,0.105555556
peccary,0.3375
peccary,0.344444444
agouti,0.452083333
peccary,0.338888889
peccary,0.340277778
peccary,0.343055556
ocelot,0.899305556
paca,0.966666667
agouti,0.654861111
agouti,0.749305556
agouti,0.540277778
agouti,0.715972222
agouti,0.739583333
agouti,0.747916667
agouti,0.75625
agouti,0.757638889
agouti,0.479166667
agouti,0.509027778
agouti,0.691666667
agouti,0.702777778
paca,0.121527778
agouti,0.371527778
peccary,0.480555556
paca,0.135416667
brocket,0.130555556
agouti,0.376388889
agouti,0.304861111
agouti,0.450694444
agouti,0.361805556
squirrel,0.288194444
squirrel,0.29375
peccary,0.481944444
agouti,0.575
peccary,0.935416667
peccary,0.209027778
peccary,0.225694444
agouti,0.422222222
agouti,0.422916667
agouti,0.491666667
mouse,0.972222222
mouse,0.159027778
agouti,0.45625
squirrel,0.600694444
agouti,0.650694444
peccary,0.097222222
agouti,0.647916667
paca,0.813194444
agouti,0.290277778
agouti,0.398611111
agouti,0.765972222
agouti,0.317361111
agouti,0.613888889
peccary,0.6375
agouti,0.716666667
agouti,0.449305556
agouti,0.505555556
squirrel,0.576388889
agouti,0.529166667
agouti,0.7
peccary,0.213888889
agouti,0.296527778
coati,0.345833333
agouti,0.492361111
agouti,0.560416667
agouti,0.272222222
agouti,0.305555556
agouti,0.60625
peccary,0.253472222
agouti,0.274305556
agouti,0.539583333
agouti,0.675694444
agouti,0.676388889
agouti,0.4
agouti,0.295138889
agouti,0.345138889
agouti,0.763888889
agouti,0.377777778
brocket,0.682638889
peccary,0.049305556
agouti,0.495833333
peccary,0.840277778
peccary,0.841666667
agouti,0.274305556
agouti,0.751388889
peccary,0.2625
peccary,0.263888889
peccary,0.265277778
paca,0.179166667
agouti,0.590277778
agouti,0.34375
agouti,0.545138889
agouti,0.684027778
peccary,0.421527778
agouti,0.336111111
squirrel,0.264583333
squirrel,0.285416667
agouti,0.325694444
agouti,0.327083333
coati,0.350694444
coati,0.351388889
coati,0.351388889
agouti,0.704166667
coati,0.279861111
coati,0.28125
tamandua,0.633333333
armadillo,0.834722222
agouti,0.325694444
agouti,0.333333333
paca,0.909027778
agouti,0.3625
agouti,0.276388889
paca,0.127083333
ocelot,0.898611111
opossum,0.918055556
agouti,0.484722222
agouti,0.297222222
tamandua,0.534027778
agouti,0.711111111
agouti,0.751388889
agouti,0.622222222
agouti,0.309027778
tamandua,0.353472222
agouti,0.595138889
armadillo,0.711805556
brocket,0.295138889
paca,0.972916667
peccary,0.244444444
agouti,0.664583333
rat,0.113888889
ocelot,0.254861111
peccary,0.302083333
agouti,0.745833333
rat,0.13125
paca,0.16875
mouse,0.009027778
ocelot,0.165277778
agouti,0.281944444
ocelot,0.928472222
coati,0.659027778
paca,0.823611111
peccary,0.276388889
peccary,0.2875
agouti,0.3
agouti,0.324305556
agouti,0.404166667
agouti,0.722916667
agouti,0.536111111
agouti,0.544444444
agouti,0.33125
squirrel,0.563888889
agouti,0.486805556
agouti,0.775694444
agouti,0.270833333
agouti,0.6875
paca,0.084027778
agouti,0.431944444
agouti,0.438194444
paca,0.084722222
agouti,0.542361111
agouti,0.554861111
agouti,0.702777778
ocelot,0.230555556
agouti,0.714583333
ocelot,0.213194444
squirrel,0.460416667
peccary,0.618055556
peccary,0.623611111
rat,0.8625
squirrel,0.456944444
rat,0.234027778
agouti,0.258333333
rat,0.258333333
peccary,0.332638889
agouti,0.375
agouti,0.653472222
paca,0.89375
armadillo,0.961805556
rat,0.845833333
rat,0.184027778
agouti,0.295138889
agouti,0.545138889
rat,0.150694444
rat,0.165277778
rat,0.206944444
armadillo,0.919444444
agouti,0.354166667
brocket,0.574305556
brocket,0.309722222
armadillo,0.879166667
armadillo,0.040277778
rat,0.214583333
agouti,0.35
agouti,0.524305556
mouse,0.909027778
agouti,0.297222222
squirrel,0.283333333
agouti,0.463888889
agouti,0.690972222
agouti,0.702777778
rat,0.809722222
agouti,0.752083333
rat,0.191666667
agouti,0.513888889
paca,0.83125
rat,0.018055556
peccary,0.323611111
peccary,0.341666667
agouti,0.550694444
rat,0.079861111
agouti,0.421527778
agouti,0.284027778
peccary,0.730555556
agouti,0.763888889
agouti,0.49375
agouti,0.518055556
agouti,0.683333333
agouti,0.377083333
ocelot,0.079166667
agouti,0.472916667
agouti,0.275694444
ocelot,0.975694444
ocelot,0.88125
agouti,0.357638889
agouti,0.523611111
rat,0.990277778
coati,0.673611111
agouti,0.497916667
agouti,0.575
agouti,0.306944444
agouti,0.308333333
agouti,0.391666667
agouti,0.677777778
agouti,0.680555556
paca,0.023611111
ocelot,0.030555556
paca,0.036805556
agouti,0.25
agouti,0.340277778
agouti,0.468055556
agouti,0.66875
paca,0.184722222
agouti,0.288888889
agouti,0.3
squirrel,0.318055556
agouti,0.730555556
paca,0.063888889
paca,0.213194444
agouti,0.282638889
agouti,0.311805556
agouti,0.736805556
ocelot,0.000694444
agouti,0.290277778
agouti,0.351388889
agouti,0.36875
agouti,0.421527778
agouti,0.434722222
agouti,0.440277778
agouti,0.681944444
agouti,0.702777778
agouti,0.716666667
agouti,0.749305556
agouti,0.779861111
ocelot,0.261805556
agouti,0.288194444
agouti,0.293055556
agouti,0.348611111
agouti,0.526388889
agouti,0.704861111
agouti,0.718055556
agouti,0.767361111
agouti,0.250694444
agouti,0.301388889
agouti,0.302777778
agouti,0.372916667
agouti,0.379861111
agouti,0.565972222
agouti,0.607638889
agouti,0.625
agouti,0.767361111
agouti,0.252777778
agouti,0.3
agouti,0.304166667
agouti,0.308333333
rat,0.945138889
rat,0.056944444
rat,0.102083333
rat,0.116666667
agouti,0.7
peccary,0.733333333
agouti,0.266666667
agouti,0.284722222
agouti,0.504166667
agouti,0.734722222
agouti,0.711805556
agouti,0.774305556
agouti,0.260416667
agouti,0.629861111
armadillo,0.786805556
agouti,0.685416667
agouti,0.763194444
agouti,0.357638889
agouti,0.6125
paca,0.070138889
agouti,0.247222222
agouti,0.64375
agouti,0.513888889
brocket,0.109027778
paca,0.0875
agouti,0.274305556
agouti,0.384722222
peccary,0.692361111
peccary,0.694444444
agouti,0.731944444
peccary,0.027083333
agouti,0.292361111
agouti,0.297222222
ocelot,0.835416667
peccary,0.082638889
squirrel,0.567361111
agouti,0.581944444
paca,0.9
ocelot,0.975694444
peccary,0.116666667
agouti,0.281944444
agouti,0.289583333
brocket,0.128472222
agouti,0.325694444
agouti,0.709722222
agouti,0.714583333
agouti,0.738194444
peccary,0.777777778
agouti,0.40625
agouti,0.478472222
agouti,0.547916667
brocket,0.213194444
peccary,0.258333333
peccary,0.010416667
peccary,0.226388889
agouti,0.286111111
agouti,0.767361111
agouti,0.322916667
agouti,0.729861111
agouti,0.740972222
agouti,0.75625
agouti,0.707638889
agouti,0.713888889
agouti,0.272916667
agouti,0.371527778
agouti,0.383333333
agouti,0.767361111
ocelot,0.851388889
agouti,0.263194444
peccary,0.303472222
agouti,0.402083333
agouti,0.759027778
paca,0.822222222
agouti,0.25625
agouti,0.258333333
agouti,0.311111111
agouti,0.470138889
paca,0.9375
paca,0.836805556
agouti,0.248611111
agouti,0.301388889
agouti,0.45625
agouti,0.551388889
agouti,0.292361111
agouti,0.304861111
peccary,0.320833333
peccary,0.325694444
agouti,0.354166667
agouti,0.459027778
agouti,0.477777778
agouti,0.479861111
peccary,0.663888889
peccary,0.728472222
paca,0.860416667
agouti,0.400694444
agouti,0.45625
agouti,0.592361111
agouti,0.713888889
peccary,0.822916667
peccary,0.827777778
peccary,0.841666667
peccary,0.851388889
agouti,0.34375
agouti,0.385416667
agouti,0.472222222
agouti,0.575694444
agouti,0.577083333
agouti,0.720833333
agouti,0.386805556
brocket,0.702083333
peccary,0.209722222
squirrel,0.272916667
agouti,0.283333333
agouti,0.314583333
agouti,0.377083333
agouti,0.405555556
agouti,0.630555556
agouti,0.253472222
agouti,0.280555556
agouti,0.411111111
squirrel,0.470138889
agouti,0.553472222
agouti,0.263888889
agouti,0.288194444
agouti,0.370138889
agouti,0.578472222
agouti,0.686805556
agouti,0.258333333
agouti,0.68125
peccary,0.254166667
agouti,0.271527778
agouti,0.557638889
coati,0.2875
agouti,0.531944444
coati,0.580555556
coati,0.277777778
peccary,0.210416667
mouse,0.881944444
paca,0.002777778
peccary,0.642361111
squirrel,0.300694444
squirrel,0.407638889
agouti,0.541666667
agouti,0.258333333
agouti,0.264583333
agouti,0.431944444
agouti,0.668055556
agouti,0.697222222
ocelot,0.909027778
agouti,0.255555556
agouti,0.295138889
agouti,0.676388889
paca,0.956944444
tamandua,0.009027778
tamandua,0.011111111
agouti,0.275
agouti,0.364583333
squirrel,0.617361111
agouti,0.764583333
agouti,0.252083333
agouti,0.261805556
agouti,0.525
agouti,0.563888889
agouti,0.7375
tamandua,0.927083333
tamandua,0.929166667
agouti,0.253472222
agouti,0.297916667
agouti,0.363888889
squirrel,0.530555556
agouti,0.686805556
paca,0.946527778
tamandua,0.085416667
agouti,0.498611111
agouti,0.511111111
agouti,0.636111111
agouti,0.345138889
agouti,0.613194444
agouti,0.682638889
peccary,0.265972222
peccary,0.311805556
agouti,0.413194444
agouti,0.465972222
peccary,0.773611111
agouti,0.297222222
agouti,0.369444444
ocelot,0.829861111
ocelot,0.265277778
ocelot,0.836805556
agouti,0.718055556
brocket,0.796527778
peccary,0.270138889
agouti,0.647222222
rat,0.190972222
agouti,0.407638889
agouti,0.642361111
agouti,0.71875
agouti,0.361111111
agouti,0.572916667
agouti,0.524305556
agouti,0.567361111
agouti,0.716666667
mouse,0.097222222
agouti,0.527083333
agouti,0.329861111
agouti,0.428472222
agouti,0.436111111
agouti,0.440277778
agouti,0.44375
coati,0.681944444
agouti,0.389583333
ocelot,0.64375
agouti,0.297222222
agouti,0.590972222
rat,0.065972222
agouti,0.477777778
mouse,0.016666667
agouti,0.29375
agouti,0.309027778
agouti,0.420138889
agouti,0.456944444
agouti,0.320138889
agouti,0.710416667
agouti,0.752777778
agouti,0.449305556
agouti,0.5125
agouti,0.666666667
agouti,0.579861111
rat,0.99375
rat,0.013194444
agouti,0.332638889
rat,0.829861111
rat,0.835416667
rat,0.870833333
agouti,0.345138889
ocelot,0.029861111
rat,0.225694444
agouti,0.283333333
squirrel,0.302083333
ocelot,0.4125
paca,0.927777778
agouti,0.3375
agouti,0.486111111
agouti,0.595138889
armadillo,0.151388889
agouti,0.497222222
agouti,0.684722222
rat,0.994444444
rat,0.152777778
agouti,0.25625
agouti,0.28125
peccary,0.411111111
coati,0.58125
rat,0.844444444
coati,0.652083333
agouti,0.263194444
agouti,0.386111111
agouti,0.361805556
agouti,0.372222222
agouti,0.495833333
agouti,0.667361111
agouti,0.688888889
agouti,0.282638889
peccary,0.333333333
tamandua,0.722916667
agouti,0.63125
paca,0.947222222
agouti,0.465972222
paca,0.131944444
agouti,0.611805556
agouti,0.395138889
agouti,0.510416667
peccary,0.013194444
agouti,0.43125
agouti,0.595833333
armadillo,0.195833333
rat,0.848611111
paca,0.008333333
rat,0.175694444
agouti,0.659027778
peccary,0.755555556
paca,0.041666667
coati,0.594444444
paca,0.003472222
agouti,0.55
agouti,0.426388889
paca,0.790972222
paca,0.868055556
rat,0.997222222
paca,0.1125
rat,0.022222222
agouti,0.386805556
mouse,0.804166667
agouti,0.325694444
agouti,0.2875
agouti,0.288194444
agouti,0.396527778
peccary,0.709722222
agouti,0.539583333
agouti,0.297916667
brocket,0.3
agouti,0.520833333
agouti,0.263194444
agouti,0.252777778
agouti,0.254166667
agouti,0.305555556
agouti,0.427083333
rat,0.175694444
rat,0.120138889
agouti,0.58125
squirrel,0.457638889
rat,0.151388889
paca,0.099305556
rat,0.214583333
squirrel,0.511805556
squirrel,0.486111111
rat,0.102777778
agouti,0.696527778
agouti,0.706944444
brocket,0.310416667
agouti,0.3375
agouti,0.348611111
agouti,0.357638889
agouti,0.632638889
brocket,0.253472222
agouti,0.306944444
agouti,0.309027778
agouti,0.633333333
brocket,0.235416667
agouti,0.260416667
agouti,0.507638889
agouti,0.5125
agouti,0.611805556
agouti,0.622916667
agouti,0.624305556
agouti,0.658333333
agouti,0.663194444
agouti,0.715972222
agouti,0.253472222
agouti,0.259722222
agouti,0.263194444
agouti,0.289583333
agouti,0.311805556
agouti,0.595138889
agouti,0.602083333
brocket,0.788194444
peccary,0.2
agouti,0.256944444
agouti,0.260416667
agouti,0.275694444
agouti,0.296527778
agouti,0.447916667
agouti,0.534722222
agouti,0.6
agouti,0.615972222
agouti,0.722916667
brocket,0.819444444
agouti,0.281944444
peccary,0.394444444
agouti,0.411805556
agouti,0.430555556
agouti,0.453472222
agouti,0.546527778
agouti,0.580555556
agouti,0.600694444
agouti,0.626388889
agouti,0.277083333
agouti,0.310416667
peccary,0.313888889
agouti,0.338888889
agouti,0.434027778
agouti,0.490277778
agouti,0.529861111
agouti,0.675
agouti,0.270138889
agouti,0.273611111
brocket,0.294444444
brocket,0.308333333
agouti,0.317361111
agouti,0.36875
agouti,0.439583333
agouti,0.477777778
agouti,0.495138889
agouti,0.501388889
agouti,0.63125
peccary,0.077083333
agouti,0.265277778
agouti,0.288888889
agouti,0.297222222
agouti,0.297916667
agouti,0.346527778
agouti,0.347916667
agouti,0.36875
agouti,0.372222222
agouti,0.383333333
agouti,0.386805556
agouti,0.398611111
agouti,0.440277778
agouti,0.474305556
agouti,0.684722222
agouti,0.742361111
agouti,0.746527778
peccary,0.79375
agouti,0.28125
agouti,0.288888889
agouti,0.29375
agouti,0.297222222
agouti,0.313194444
agouti,0.318055556
agouti,0.326388889
agouti,0.3375
agouti,0.354166667
agouti,0.35625
agouti,0.376388889
agouti,0.395833333
agouti,0.406944444
agouti,0.454861111
agouti,0.475694444
agouti,0.520833333
agouti,0.525694444
agouti,0.540277778
agouti,0.544444444
agouti,0.670833333
brocket,0.697222222
agouti,0.727777778
agouti,0.265277778
peccary,0.277083333
squirrel,0.286805556
agouti,0.336111111
agouti,0.373611111
agouti,0.376388889
agouti,0.695833333
agouti,0.278472222
agouti,0.538888889
agouti,0.672916667
agouti,0.722222222
agouti,0.727777778
agouti,0.247916667
agouti,0.314583333
agouti,0.434722222
coati,0.6125
coati,0.615277778
peccary,0.2375
agouti,0.25
agouti,0.413888889
agouti,0.463888889
peccary,0.798611111
peccary,0.851388889
peccary,0.203472222
agouti,0.25
agouti,0.285416667
agouti,0.345138889
agouti,0.247222222
agouti,0.261805556
agouti,0.311111111
agouti,0.347916667
agouti,0.479166667
agouti,0.727777778
agouti,0.752777778
agouti,0.257638889
agouti,0.293055556
agouti,0.345138889
agouti,0.369444444
agouti,0.605555556
brocket,0.897916667
agouti,0.247916667
agouti,0.269444444
agouti,0.295833333
brocket,0.900694444
paca,0.045138889
agouti,0.247222222
agouti,0.282638889
agouti,0.35
agouti,0.404166667
agouti,0.539583333
agouti,0.672916667
agouti,0.710416667
rat,0.7875
rat,0.828472222
agouti,0.248611111
agouti,0.25625
agouti,0.493055556
agouti,0.649305556
agouti,0.684027778
agouti,0.725
agouti,0.751388889
rat,0.897916667
agouti,0.24375
agouti,0.324305556
agouti,0.661111111
agouti,0.244444444
agouti,0.25
squirrel,0.372222222
agouti,0.704861111
agouti,0.259027778
agouti,0.374305556
agouti,0.385416667
agouti,0.388888889
agouti,0.296527778
agouti,0.355555556
paca,0.934722222
agouti,0.410416667
agouti,0.429166667
paca,0.8875
agouti,0.263194444
agouti,0.299305556
brocket,0.257638889
paca,0.927083333
agouti,0.324305556
agouti,0.271527778
squirrel,0.323611111
agouti,0.572222222
agouti,0.638888889
agouti,0.630555556
brocket,0.660416667
paca,0.965277778
squirrel,0.569444444
peccary,0.76875
peccary,0.861805556
peccary,0.247916667
peccary,0.80625
agouti,0.338888889
agouti,0.559722222
agouti,0.657638889
agouti,0.663194444
agouti,0.267361111
agouti,0.377777778
agouti,0.261805556
agouti,0.2875
agouti,0.368055556
agouti,0.700694444
peccary,0.721527778
agouti,0.342361111
agouti,0.419444444
agouti,0.604861111
agouti,0.290972222
agouti,0.3625
agouti,0.620833333
peccary,0.289583333
ocelot,0.295138889
agouti,0.415972222
agouti,0.518055556
agouti,0.530555556
agouti,0.613888889
agouti,0.691666667
agouti,0.699305556
agouti,0.704861111
agouti,0.711805556
agouti,0.263888889
agouti,0.267361111
agouti,0.271527778
agouti,0.304166667
agouti,0.304861111
agouti,0.273611111
peccary,0.747222222
agouti,0.300694444
agouti,0.470833333
agouti,0.465277778
agouti,0.630555556
squirrel,0.667361111
agouti,0.711805556
agouti,0.439583333
agouti,0.625694444
agouti,0.309722222
peccary,0.263888889
agouti,0.645138889
peccary,0.090972222
coati,0.268055556
paca,0.179861111
peccary,0.252083333
agouti,0.294444444
paca,0.09375
agouti,0.392361111
agouti,0.704166667
paca,0.8875
agouti,0.309722222
peccary,0.349305556
paca,0.977083333
peccary,0.274305556
agouti,0.330555556
agouti,0.482638889
agouti,0.557638889
agouti,0.571527778
squirrel,0.515972222
squirrel,0.550694444
agouti,0.717361111
agouti,0.731944444
agouti,0.648611111
agouti,0.245833333
agouti,0.427083333
agouti,0.44375
agouti,0.484722222
agouti,0.742361111
agouti,0.315972222
agouti,0.380555556
agouti,0.750694444
rat,0.171527778
agouti,0.253472222
peccary,0.345138889
agouti,0.361805556
agouti,0.415972222
agouti,0.557638889
agouti,0.754861111
peccary,0.277083333
agouti,0.296527778
agouti,0.320138889
agouti,0.543055556
agouti,0.708333333
agouti,0.248611111
peccary,0.264583333
agouti,0.513888889
agouti,0.522916667
agouti,0.676388889
agouti,0.695833333
peccary,0.238194444
peccary,0.240277778
agouti,0.475694444
agouti,0.571527778
agouti,0.613194444
agouti,0.615972222
agouti,0.678472222
agouti,0.732638889
agouti,0.25625
agouti,0.296527778
agouti,0.346527778
agouti,0.608333333
agouti,0.715972222
agouti,0.775
paca,0.943055556
agouti,0.250694444
peccary,0.258333333
agouti,0.301388889
agouti,0.311111111
agouti,0.467361111
agouti,0.475
agouti,0.752777778
agouti,0.244444444
agouti,0.250694444
squirrel,0.272916667
peccary,0.313194444
peccary,0.328472222
peccary,0.720833333
peccary,0.738194444
agouti,0.744444444
agouti,0.249305556
agouti,0.343055556
agouti,0.722222222
agouti,0.747222222
agouti,0.292361111
agouti,0.388194444
brocket,0.739583333
agouti,0.633333333
agouti,0.725
agouti,0.279166667
agouti,0.380555556
agouti,0.293055556
agouti,0.389583333
agouti,0.665972222
agouti,0.535416667
agouti,0.679861111
agouti,0.613194444
agouti,0.736111111
peccary,0.893055556
peccary,0.259722222
agouti,0.301388889
peccary,0.73125
peccary,0.733333333
peccary,0.253472222
peccary,0.265972222
agouti,0.363194444
agouti,0.420138889
agouti,0.682638889
agouti,0.703472222
agouti,0.705555556
peccary,0.788194444
peccary,0.792361111
agouti,0.29375
coati,0.665277778
agouti,0.717361111
agouti,0.636805556
agouti,0.695833333
agouti,0.259722222
agouti,0.254861111
agouti,0.709027778
tamandua,0.754166667
agouti,0.564583333
peccary,0.057638889
agouti,0.251388889
brocket,0.288888889
agouti,0.421527778
agouti,0.423611111
agouti,0.6125
agouti,0.7
mouse,0.924305556
peccary,0.038888889
agouti,0.28125
coati,0.297222222
agouti,0.299305556
squirrel,0.327083333
agouti,0.536111111
agouti,0.565972222
brocket,0.574305556
coati,0.614583333
peccary,0.040972222
peccary,0.254166667
agouti,0.284027778
agouti,0.416666667
coati,0.528472222
agouti,0.730555556
peccary,0.944444444
peccary,0.167361111
agouti,0.255555556
agouti,0.275
peccary,0.902777778
agouti,0.252777778
agouti,0.295138889
agouti,0.66875
peccary,0.76875
peccary,0.794444444
paca,0.913888889
agouti,0.286805556
agouti,0.313194444
agouti,0.714583333
agouti,0.286805556
agouti,0.296527778
agouti,0.393055556
agouti,0.413888889
agouti,0.676388889
agouti,0.704861111
agouti,0.256944444
agouti,0.302083333
peccary,0.339583333
agouti,0.515972222
agouti,0.685416667
agouti,0.745833333
squirrel,0.311805556
agouti,0.347222222
agouti,0.463888889
agouti,0.496527778
brocket,0.959722222
agouti,0.272916667
agouti,0.357638889
agouti,0.375
agouti,0.404166667
agouti,0.428472222
agouti,0.492361111
brocket,0.363888889
agouti,0.427083333
agouti,0.723611111
agouti,0.350694444
agouti,0.479861111
agouti,0.688888889
agouti,0.70625
peccary,0.208333333
agouti,0.251388889
agouti,0.284027778
agouti,0.3125
agouti,0.384722222
agouti,0.422916667
peccary,0.425
agouti,0.434027778
agouti,0.495833333
agouti,0.275694444
agouti,0.2875
agouti,0.4375
agouti,0.742361111
peccary,0.276388889
agouti,0.540972222
agouti,0.554166667
brocket,0.090277778
agouti,0.311805556
agouti,0.513194444
peccary,0.741666667
rat,0.813888889
agouti,0.251388889
agouti,0.25625
agouti,0.326388889
agouti,0.339583333
agouti,0.340972222
agouti,0.426388889
agouti,0.429861111
agouti,0.540277778
rat,0.931944444
peccary,0.970138889
agouti,0.267361111
peccary,0.343055556
agouti,0.381944444
agouti,0.642361111
peccary,0.65
agouti,0.706944444
agouti,0.266666667
agouti,0.481944444
agouti,0.575
agouti,0.380555556
agouti,0.384027778
agouti,0.417361111
agouti,0.268055556
agouti,0.318055556
rat,0.813194444
opossum,0.204166667
peccary,0.677777778
rat,0.05
agouti,0.702083333
agouti,0.343055556
paca,0.913888889
paca,0.975694444
agouti,0.314583333
agouti,0.248611111
rat,0.859027778
rat,0.097222222
paca,0.158333333
rat,0.0125
rat,0.116666667
peccary,0.011111111
peccary,0.313194444
agouti,0.736805556
agouti,0.577777778
coati,0.703472222
agouti,0.689583333
agouti,0.704861111
agouti,0.747222222
agouti,0.498611111
agouti,0.661111111
peccary,0.275694444
agouti,0.563888889
agouti,0.571527778
squirrel,0.329166667
agouti,0.390277778
agouti,0.458333333
agouti,0.708333333
agouti,0.714583333
agouti,0.685416667
agouti,0.254166667
agouti,0.275
agouti,0.614583333
agouti,0.670833333
agouti,0.332638889
agouti,0.3375
agouti,0.470833333
agouti,0.672916667
agouti,0.678472222
agouti,0.694444444
agouti,0.452083333
agouti,0.496527778
agouti,0.503472222
peccary,0.750694444
peccary,0.179861111
peccary,0.196527778
peccary,0.75625
agouti,0.648611111
paca,0.022916667
agouti,0.448611111
squirrel,0.740277778
agouti,0.750694444
brocket,0.279861111
peccary,0.338194444
agouti,0.395833333
agouti,0.580555556
agouti,0.700694444
rat,0.2125
squirrel,0.589583333
agouti,0.250694444
agouti,0.2875
agouti,0.552777778
squirrel,0.617361111
agouti,0.740277778
agouti,0.745833333
agouti,0.284027778
agouti,0.55625
agouti,0.750694444
agouti,0.3125
agouti,0.701388889
agouti,0.706944444
agouti,0.739583333
paca,0.926388889
agouti,0.430555556
agouti,0.459027778
squirrel,0.734027778
brocket,0.271527778
agouti,0.28125
squirrel,0.342361111
ocelot,0.739583333
agouti,0.713888889
armadillo,0.014583333
rat,0.129166667
agouti,0.420833333
ocelot,0.83125
rat,0.184027778
ocelot,0.223611111
agouti,0.697916667
ocelot,0.929166667
agouti,0.672916667
rat,0.966666667
rat,0.177083333
agouti,0.760416667
agouti,0.763888889
agouti,0.340972222
coati,0.382638889
ocelot,0.929861111
agouti,0.317361111
agouti,0.323611111
agouti,0.329861111
agouti,0.334722222
agouti,0.459027778
agouti,0.560416667
agouti,0.566666667
rat,0.222222222
agouti,0.665277778
coati,0.375
coati,0.424305556
agouti,0.699305556
agouti,0.75625
ocelot,0.825
agouti,0.70625
agouti,0.755555556
agouti,0.629166667
opossum,0.883333333
paca,0.054861111
ocelot,0.890277778
rat,0.014583333
agouti,0.734722222
peccary,0.760416667
squirrel,0.304861111
squirrel,0.35625
agouti,0.443055556
squirrel,0.273611111
squirrel,0.486111111
agouti,0.315277778
agouti,0.630555556
agouti,0.561805556
agouti,0.711805556
agouti,0.640277778
agouti,0.699305556
agouti,0.259027778
agouti,0.264583333
agouti,0.276388889
agouti,0.299305556
agouti,0.515972222
agouti,0.520138889
agouti,0.523611111
agouti,0.534722222
agouti,0.752083333
agouti,0.282638889
agouti,0.300694444
agouti,0.71875
agouti,0.7375
agouti,0.741666667
agouti,0.748611111
agouti,0.309722222
agouti,0.340972222
agouti,0.350694444
agouti,0.356944444
agouti,0.654166667
agouti,0.750694444
paca,0.811111111
paca,0.817361111
ocelot,0.927083333
ocelot,0.838194444
agouti,0.314583333
agouti,0.306944444
agouti,0.317361111
agouti,0.268055556
agouti,0.3625
agouti,0.508333333
agouti,0.524305556
agouti,0.5375
agouti,0.743055556
agouti,0.354166667
agouti,0.315972222
peccary,0.369444444
agouti,0.589583333
rat,0.931944444
agouti,0.331944444
agouti,0.35625
agouti,0.370138889
agouti,0.29375
agouti,0.330555556
agouti,0.343055556
agouti,0.399305556
ocelot,0.141666667
agouti,0.315277778
agouti,0.318055556
agouti,0.322916667
agouti,0.351388889
agouti,0.264583333
agouti,0.300694444
agouti,0.321527778
agouti,0.571527778
agouti,0.736111111
agouti,0.284722222
agouti,0.344444444
agouti,0.352777778
agouti,0.41875
agouti,0.422916667
agouti,0.444444444
agouti,0.470833333
agouti,0.279166667
agouti,0.376388889
agouti,0.51875
agouti,0.629861111
agouti,0.647916667
agouti,0.709027778
agouti,0.306944444
agouti,0.317361111
coati,0.328472222
agouti,0.33125
agouti,0.404166667
agouti,0.460416667
agouti,0.500694444
agouti,0.502777778
agouti,0.321527778
agouti,0.348611111
coati,0.3625
agouti,0.539583333
agouti,0.630555556
agouti,0.634722222
agouti,0.725694444
agouti,0.273611111
agouti,0.350694444
coati,0.363888889
agouti,0.56875
brocket,0.597916667
agouti,0.602777778
agouti,0.726388889
agouti,0.397222222
agouti,0.465972222
agouti,0.472222222
agouti,0.658333333
agouti,0.720138889
peccary,0.318055556
agouti,0.59375
agouti,0.634722222
rat,0.836805556
rat,0.911805556
rat,0.913194444
agouti,0.483333333
ocelot,0.497222222
coati,0.4625
rat,0.176388889
rat,0.186805556
agouti,0.551388889
rat,0.168055556
ocelot,0.945138889
agouti,0.323611111
agouti,0.463194444
ocelot,0.223611111
agouti,0.683333333
agouti,0.295833333
agouti,0.303472222
agouti,0.478472222
agouti,0.338888889
agouti,0.559722222
agouti,0.306944444
peccary,0.738888889
agouti,0.434027778
brocket,0.395138889
agouti,0.311805556
coati,0.486805556
agouti,0.547222222
agouti,0.294444444
agouti,0.284027778
squirrel,0.454861111
agouti,0.529861111
squirrel,0.311805556
agouti,0.634722222
peccary,0.263888889
rat,0.284722222
squirrel,0.483333333
paca,0.90625
agouti,0.248611111
agouti,0.3125
agouti,0.366666667
agouti,0.377083333
agouti,0.423611111
agouti,0.481944444
agouti,0.602777778
agouti,0.622222222
peccary,0.379166667
brocket,0.048611111
ocelot,0.873611111
peccary,0.038888889
agouti,0.304166667
agouti,0.389583333
ocelot,0.577083333
peccary,0.822222222
peccary,0.717361111
peccary,0.147916667
agouti,0.258333333
agouti,0.342361111
agouti,0.411805556
peccary,0.788888889
ocelot,0.882638889
agouti,0.561111111
coati,0.601388889
agouti,0.667361111
agouti,0.555555556
agouti,0.594444444
agouti,0.621527778
agouti,0.629861111
agouti,0.729166667
paca,0.213194444
agouti,0.25
agouti,0.308333333
agouti,0.547222222
agouti,0.7125
agouti,0.742361111
agouti,0.338194444
agouti,0.443055556
agouti,0.523611111
agouti,0.688888889
agouti,0.261111111
agouti,0.277777778
agouti,0.286111111
agouti,0.302777778
agouti,0.308333333
agouti,0.625
agouti,0.686111111
agouti,0.254861111
agouti,0.265277778
peccary,0.880555556
agouti,0.265972222
agouti,0.738888889
rat,0.880555556
rat,0.9375
agouti,0.275
agouti,0.3375
agouti,0.359027778
agouti,0.480555556
agouti,0.622916667
agouti,0.625
agouti,0.690277778
agouti,0.374305556
agouti,0.400694444
agouti,0.411111111
agouti,0.602083333
agouti,0.627083333
agouti,0.722916667
agouti,0.752083333
rat,0.902083333
agouti,0.255555556
agouti,0.258333333
agouti,0.290972222
agouti,0.352083333
agouti,0.364583333
agouti,0.670833333
agouti,0.677777778
agouti,0.679861111
agouti,0.734722222
agouti,0.749305556
peccary,0.828472222
agouti,0.268055556
agouti,0.438888889
agouti,0.286805556
coati,0.403472222
coati,0.409027778
coati,0.411111111
peccary,0.884027778
paca,0.088194444
brocket,0.961805556
coati,0.294444444
agouti,0.659722222
brocket,0.875694444
agouti,0.452777778
brocket,0.755555556
peccary,0.338194444
agouti,0.315972222
agouti,0.335416667
agouti,0.25
agouti,0.33125
agouti,0.300694444
peccary,0.946527778
peccary,0.288194444
agouti,0.324305556
agouti,0.455555556
peccary,0.538888889
peccary,0.117361111
agouti,0.332638889
paca,0.196527778
agouti,0.295138889
agouti,0.338888889
agouti,0.343055556
coati,0.732638889
peccary,0.759722222
ocelot,0.793055556
agouti,0.328472222
squirrel,0.449305556
tamandua,0.965972222
brocket,0.985416667
peccary,0.729861111
peccary,0.34375
agouti,0.450694444
brocket,0.050694444
rat,0.245138889
peccary,0.574305556
agouti,0.730555556
peccary,0.323611111
tamandua,0.343055556
peccary,0.733333333
peccary,0.281944444
brocket,0.339583333
agouti,0.580555556
brocket,0.303472222
rat,0.205555556
agouti,0.288194444
rat,0.761111111
agouti,0.672916667
ocelot,0.990277778
rat,0.215277778
brocket,0.285416667
agouti,0.315972222
agouti,0.688194444
agouti,0.439583333
brocket,0.247916667
agouti,0.589583333
squirrel,0.345833333
squirrel,0.352777778
agouti,0.375694444
agouti,0.381944444
agouti,0.576388889
agouti,0.395833333
agouti,0.434722222
rat,0.106944444
agouti,0.667361111
rat,0.088888889
agouti,0.272916667
agouti,0.34375
agouti,0.671527778
agouti,0.730555556
rat,0.99375
agouti,0.295138889
agouti,0.396527778
peccary,0.429166667
agouti,0.584722222
agouti,0.586805556
agouti,0.646527778
rat,0.847916667
rat,0.942361111
agouti,0.577777778
agouti,0.659027778
agouti,0.321527778
agouti,0.434027778
agouti,0.591666667
agouti,0.2875
agouti,0.386805556
agouti,0.427777778
agouti,0.751388889
agouti,0.386805556
agouti,0.4375
agouti,0.448611111
coati,0.261805556
brocket,0.330555556
coati,0.400694444
agouti,0.261111111
agouti,0.297222222
agouti,0.405555556
agouti,0.327777778
peccary,0.811111111
paca,0.908333333
agouti,0.740972222
agouti,0.456944444
agouti,0.634027778
agouti,0.7375
peccary,0.436805556
agouti,0.622222222
peccary,0.801388889
agouti,0.651388889
agouti,0.652083333
agouti,0.697916667
brocket,0.745833333
rat,0.938194444
agouti,0.542361111
coati,0.389583333
agouti,0.753472222
agouti,0.359027778
coati,0.522222222
agouti,0.722916667
rat,0.834722222
squirrel,0.383333333
agouti,0.497916667
agouti,0.724305556
peccary,0.250694444
peccary,0.253472222
brocket,0.296527778
agouti,0.465972222
coati,0.473611111
coati,0.480555556
agouti,0.3125
agouti,0.335416667
agouti,0.348611111
agouti,0.360416667
agouti,0.510416667
squirrel,0.58125
squirrel,0.606944444
agouti,0.724305556
squirrel,0.731944444
agouti,0.726388889
agouti,0.759027778
peccary,0.761805556
peccary,0.777083333
paca,0.820138889
peccary,0.783333333
peccary,0.79375
paca,0.942361111
paca,0.970833333
armadillo,0.117361111
paca,0.140277778
agouti,0.255555556
agouti,0.304861111
agouti,0.449305556
agouti,0.465277778
agouti,0.341666667
ocelot,0.93125
squirrel,0.38125
agouti,0.573611111
agouti,0.3375
agouti,0.371527778
paca,0.833333333
paca,0.110416667
agouti,0.275694444
agouti,0.616666667
peccary,0.23125
brocket,0.505555556
agouti,0.313194444
peccary,0.384722222
peccary,0.3875
squirrel,0.401388889
agouti,0.402777778
agouti,0.406944444
agouti,0.406944444
agouti,0.457638889
brocket,0.473611111
agouti,0.461111111
agouti,0.629861111
agouti,0.683333333
peccary,0.755555556
peccary,0.897916667
paca,0.909722222
paca,0.954166667
agouti,0.256944444
peccary,0.425694444
squirrel,0.634027778
agouti,0.651388889
agouti,0.668055556
agouti,0.688888889
armadillo,0.904166667
paca,0.919444444
paca,0.928472222
brocket,0.944444444
paca,0.997916667
agouti,0.270833333
agouti,0.293055556
agouti,0.294444444
agouti,0.360416667
agouti,0.613194444
ocelot,0.851388889
brocket,0.281944444
agouti,0.303472222
agouti,0.355555556
agouti,0.734722222
armadillo,0.994444444
agouti,0.289583333
agouti,0.289583333
agouti,0.357638889
agouti,0.364583333
agouti,0.61875
agouti,0.257638889
agouti,0.272222222
agouti,0.274305556
agouti,0.379166667
squirrel,0.513194444
agouti,0.636111111
agouti,0.720138889
brocket,0.741666667
paca,0.050694444
paca,0.195138889
agouti,0.299305556
agouti,0.336805556
squirrel,0.360416667
agouti,0.477777778
agouti,0.527777778
agouti,0.716666667
paca,0.027777778
armadillo,0.069444444
squirrel,0.3375
peccary,0.873611111
tamandua,0.688888889
agouti,0.448611111
agouti,0.3125
rat,0.780555556
rat,0.136805556
paca,0.210416667
agouti,0.366666667
agouti,0.689583333
agouti,0.300694444
agouti,0.490277778
agouti,0.261805556
agouti,0.352777778
agouti,0.260416667
agouti,0.55
agouti,0.743055556
paca,0.04375
rat,0.075694444
agouti,0.297222222
agouti,0.259722222
agouti,0.336111111
agouti,0.425694444
agouti,0.53125
agouti,0.341666667
peccary,0.361805556
agouti,0.370138889
agouti,0.452777778
agouti,0.692361111
agouti,0.472222222
agouti,0.624305556
brocket,0.833333333
paca,0.077083333
agouti,0.319444444
agouti,0.708333333
rat,0.238888889
rat,0.134722222
opossum,0.215277778
coati,0.296527778
rat,0.802083333
agouti,0.431944444
agouti,0.55625
squirrel,0.61875
agouti,0.311805556
paca,0.899305556
agouti,0.315277778
agouti,0.347916667
agouti,0.679166667
agouti,0.7375
brocket,0.101388889
agouti,0.427777778
agouti,0.595833333
agouti,0.628472222
agouti,0.254861111
agouti,0.344444444
brocket,0.30625
peccary,0.694444444
tamandua,0.407638889
agouti,0.545138889
rat,0.813888889
paca,0.006944444
brocket,0.91875
peccary,0.946527778
ocelot,0.580555556
armadillo,0.089583333
agouti,0.304861111
agouti,0.463194444
agouti,0.573611111
agouti,0.656944444
agouti,0.313194444
agouti,0.448611111
agouti,0.618055556
agouti,0.6375
agouti,0.731944444
brocket,0.853472222
agouti,0.688888889
agouti,0.733333333
paca,0.813888889
paca,0.819444444
paca,0.1
brocket,0.890277778
rat,0.906944444
agouti,0.672222222
agouti,0.686805556
agouti,0.264583333
agouti,0.265972222
agouti,0.497916667
agouti,0.572222222
agouti,0.604166667
agouti,0.65625
agouti,0.661805556
agouti,0.665972222
paca,0.855555556
agouti,0.454166667
agouti,0.461111111
agouti,0.625
agouti,0.66875
paca,0.922916667
agouti,0.314583333
agouti,0.361111111
agouti,0.505555556
rat,0.227777778
agouti,0.329166667
agouti,0.488194444
agouti,0.496527778
agouti,0.515972222
paca,0.788194444
agouti,0.286111111
agouti,0.299305556
agouti,0.304861111
agouti,0.311111111
agouti,0.420833333
agouti,0.688888889
armadillo,0.927777778
ocelot,0.394444444
agouti,0.665277778
paca,0.802777778
agouti,0.583333333
agouti,0.318055556
coati,0.569444444
agouti,0.702083333
peccary,0.830555556
agouti,0.297916667
agouti,0.309027778
agouti,0.350694444
agouti,0.65625
agouti,0.513194444
agouti,0.688194444
agouti,0.553472222
paca,0.028472222
agouti,0.736805556
paca,0.825
brocket,0.675
agouti,0.617361111
agouti,0.689583333
peccary,0.845138889
coati,0.373611111
agouti,0.273611111
agouti,0.277777778
agouti,0.365277778
agouti,0.620833333
agouti,0.275
agouti,0.2875
agouti,0.400694444
agouti,0.401388889
agouti,0.405555556
agouti,0.4125
agouti,0.436805556
agouti,0.548611111
agouti,0.632638889
agouti,0.253472222
agouti,0.359722222
peccary,0.365972222
peccary,0.373611111
agouti,0.351388889
agouti,0.532638889
agouti,0.579861111
rat,0.957638889
agouti,0.288194444
squirrel,0.306944444
agouti,0.413194444
agouti,0.574305556
peccary,0.71875
agouti,0.253472222
agouti,0.306944444
agouti,0.322222222
agouti,0.528472222
peccary,0.020138889
agouti,0.301388889
agouti,0.467361111
agouti,0.531944444
agouti,0.572222222
agouti,0.578472222
brocket,0.183333333
agouti,0.502777778
agouti,0.542361111
agouti,0.547916667
agouti,0.552777778
agouti,0.565972222
agouti,0.609722222
agouti,0.296527778
peccary,0.351388889
agouti,0.35625
agouti,0.399305556
agouti,0.479166667
agouti,0.519444444
peccary,0.705555556
agouti,0.2875
agouti,0.392361111
agouti,0.707638889
agouti,0.709027778
peccary,0.285416667
paca,0.825694444
peccary,0.086805556
rat,0.943055556
rat,0.106944444
agouti,0.353472222
agouti,0.397222222
peccary,0.668055556
agouti,0.257638889
agouti,0.730555556
agouti,0.252083333
agouti,0.275
agouti,0.316666667
agouti,0.352777778
peccary,0.315277778
peccary,0.320833333
peccary,0.8
agouti,0.319444444
rat,0.895833333
opossum,0.118055556
peccary,0.236111111
agouti,0.311111111
agouti,0.327777778
squirrel,0.332638889
agouti,0.252777778
agouti,0.298611111
agouti,0.367361111
agouti,0.4
agouti,0.573611111
agouti,0.640277778
agouti,0.725
agouti,0.3
agouti,0.261111111
agouti,0.688194444
rat,0.108333333
squirrel,0.618055556
coati,0.522916667
agouti,0.443055556
rat,0.970833333
rat,0.80625
agouti,0.744444444
paca,0.784027778
agouti,0.389583333
agouti,0.73125
rat,0.220138889
rat,0.882638889
coati,0.470833333
rat,0.90625
opossum,0.945833333
paca,0.017361111
rat,0.810416667
paca,0.965277778
agouti,0.320138889
agouti,0.360416667
agouti,0.36875
agouti,0.288194444
agouti,0.734027778
peccary,0.33125
agouti,0.656944444
coati,0.557638889
agouti,0.645138889
rat,0.931944444
brocket,0.29375
agouti,0.6375
agouti,0.35
agouti,0.466666667
rat,0.06875
agouti,0.468055556
agouti,0.473611111
agouti,0.614583333
rat,0.784027778
agouti,0.606944444
agouti,0.704861111
agouti,0.280555556
agouti,0.34375
agouti,0.627777778
agouti,0.680555556
agouti,0.709027778
agouti,0.727777778
paca,0.804166667
paca,0.81875
paca,0.840277778
paca,0.84375
paca,0.876388889
paca,0.883333333
paca,0.884722222
paca,0.923611111
paca,0.927083333
agouti,0.243055556
agouti,0.250694444
agouti,0.299305556
agouti,0.31875
agouti,0.357638889
agouti,0.386111111
agouti,0.398611111
agouti,0.440972222
agouti,0.486805556
agouti,0.545138889
agouti,0.708333333
agouti,0.7125
agouti,0.727777778
agouti,0.748611111
agouti,0.752777778
peccary,0.791666667
paca,0.808333333
paca,0.822916667
paca,0.836805556
paca,0.850694444
paca,0.890972222
opossum,0.040972222
agouti,0.24375
agouti,0.256944444
squirrel,0.313888889
agouti,0.354166667
agouti,0.501388889
agouti,0.747222222
paca,0.834722222
paca,0.093055556
paca,0.097916667
agouti,0.244444444
agouti,0.248611111
agouti,0.25
agouti,0.253472222
agouti,0.315972222
agouti,0.330555556
agouti,0.334027778
agouti,0.336111111
agouti,0.388194444
agouti,0.472222222
coati,0.500694444
agouti,0.559722222
agouti,0.561111111
agouti,0.73125
agouti,0.75
paca,0.869444444
paca,0.874305556
paca,0.892361111
paca,0.91875
paca,0.924305556
ocelot,0.929166667
paca,0.993055556
paca,0.031944444
paca,0.045833333
paca,0.075
paca,0.077083333
paca,0.079861111
paca,0.084027778
agouti,0.245138889
agouti,0.250694444
agouti,0.253472222
rat,0.275694444
agouti,0.282638889
peccary,0.292361111
agouti,0.420138889
agouti,0.615277778
agouti,0.620138889
agouti,0.629166667
agouti,0.726388889
agouti,0.728472222
agouti,0.7375
paca,0.819444444
paca,0.907638889
paca,0.938888889
paca,0.0
paca,0.005555556
paca,0.061805556
agouti,0.248611111
agouti,0.250694444
agouti,0.275694444
agouti,0.278472222
agouti,0.31875
agouti,0.324305556
agouti,0.333333333
agouti,0.338194444
agouti,0.36875
agouti,0.438194444
agouti,0.554861111
agouti,0.598611111
agouti,0.651388889
agouti,0.688888889
agouti,0.726388889
agouti,0.748611111
paca,0.85625
paca,0.893055556
paca,0.895138889
paca,0.901388889
paca,0.907638889
paca,0.911111111
paca,0.9125
paca,0.029166667
paca,0.038888889
paca,0.066666667
paca,0.130555556
paca,0.131944444
paca,0.134722222
paca,0.140972222
paca,0.161111111
paca,0.165277778
agouti,0.244444444
agouti,0.246527778
agouti,0.282638889
agouti,0.335416667
agouti,0.472222222
agouti,0.489583333
agouti,0.541666667
agouti,0.636111111
agouti,0.690277778
paca,0.849305556
paca,0.871527778
paca,0.885416667
paca,0.934027778
paca,0.95
paca,0.978472222
paca,0.182638889
paca,0.184722222
agouti,0.284722222
agouti,0.314583333
agouti,0.347222222
tamandua,0.367361111
agouti,0.424305556
agouti,0.531944444
agouti,0.672916667
agouti,0.679861111
agouti,0.704861111
agouti,0.721527778
agouti,0.750694444
paca,0.855555556
paca,0.874305556
paca,0.880555556
paca,0.897916667
paca,0.909722222
paca,0.914583333
paca,0.925694444
paca,0.99375
paca,0.997916667
paca,0.00625
paca,0.025
paca,0.050694444
paca,0.063888889
paca,0.094444444
paca,0.102083333
agouti,0.254166667
agouti,0.260416667
agouti,0.284722222
agouti,0.306944444
agouti,0.363194444
squirrel,0.529861111
agouti,0.602777778
agouti,0.715277778
paca,0.806944444
paca,0.809027778
paca,0.915972222
paca,0.981944444
paca,0.024305556
paca,0.075
paca,0.076388889
paca,0.155555556
agouti,0.255555556
peccary,0.36875
agouti,0.385416667
agouti,0.254166667
paca,0.863888889
agouti,0.271527778
agouti,0.282638889
agouti,0.584027778
agouti,0.584722222
agouti,0.597916667
agouti,0.648611111
paca,0.863194444
agouti,0.531944444
agouti,0.577083333
paca,0.934722222
peccary,0.40625
paca,0.865277778
paca,0.880555556
paca,0.921527778
opossum,0.964583333
agouti,0.375694444
agouti,0.409027778
paca,0.888888889
brocket,0.278472222
agouti,0.297222222
agouti,0.45
coati,0.460416667
paca,0.955555556
agouti,0.451388889
coati,0.572222222
paca,0.929861111
paca,0.023611111
agouti,0.667361111
rat,0.861805556
agouti,0.274305556
agouti,0.305555556
peccary,0.738888889
peccary,0.255555556
peccary,0.304166667
rat,0.047222222
peccary,0.2875
agouti,0.650694444
agouti,0.248611111
agouti,0.29375
agouti,0.606944444
agouti,0.4375
agouti,0.295833333
agouti,0.332638889
peccary,0.334722222
agouti,0.429861111
agouti,0.6875
rat,0.703472222
rat,0.972916667
agouti,0.594444444
tamandua,0.636805556
rat,0.879166667
paca,0.040972222
agouti,0.25
peccary,0.273611111
agouti,0.28125
agouti,0.465972222
peccary,0.654861111
rat,0.075
agouti,0.28125
peccary,0.697916667
coati,0.582638889
peccary,0.670138889
peccary,0.7375
peccary,0.739583333
agouti,0.479861111
agouti,0.586805556
agouti,0.622222222
agouti,0.713194444
agouti,0.483333333
agouti,0.577083333
agouti,0.584027778
coati,0.641666667
peccary,0.668055556
agouti,0.40625
brocket,0.326388889
coati,0.5
agouti,0.251388889
agouti,0.302777778
agouti,0.383333333
peccary,0.725
peccary,0.307638889
agouti,0.263194444
rat,0.004861111
agouti,0.254166667
agouti,0.257638889
agouti,0.593055556
agouti,0.7375
agouti,0.252777778
agouti,0.501388889
agouti,0.569444444
peccary,0.729166667
agouti,0.734722222
agouti,0.788888889
ocelot,0.888888889
paca,0.890972222
agouti,0.298611111
agouti,0.269444444
agouti,0.320138889
paca,0.854861111
ocelot,0.8625
ocelot,0.955555556
agouti,0.320833333
agouti,0.326388889
agouti,0.571527778
agouti,0.573611111
armadillo,0.070833333
agouti,0.276388889
agouti,0.272916667
squirrel,0.360416667
squirrel,0.676388889
agouti,0.279166667
rat,0.938888889
rat,0.081944444
rat,0.204166667
paca,0.801388889
paca,0.820138889
agouti,0.536111111
agouti,0.3
agouti,0.381944444
agouti,0.545138889
agouti,0.619444444
paca,0.167361111
agouti,0.323611111
agouti,0.350694444
squirrel,0.379166667
agouti,0.434027778
agouti,0.704861111
agouti,0.250694444
agouti,0.297916667
agouti,0.334027778
agouti,0.342361111
agouti,0.54375
squirrel,0.361111111
agouti,0.552083333
paca,0.001388889
rat,0.179166667
agouti,0.469444444
agouti,0.330555556
agouti,0.535416667
peccary,0.256944444
agouti,0.454166667
paca,0.966666667
agouti,0.358333333
agouti,0.266666667
agouti,0.304166667
squirrel,0.416666667
brocket,0.534722222
agouti,0.370138889
agouti,0.40625
squirrel,0.622916667
agouti,0.680555556
agouti,0.685416667
agouti,0.336805556
agouti,0.351388889
agouti,0.354861111
agouti,0.533333333
ocelot,0.602083333
agouti,0.656944444
agouti,0.675
agouti,0.294444444
rat,0.009722222
agouti,0.645833333
agouti,0.653472222
agouti,0.692361111
agouti,0.695138889
agouti,0.295138889
agouti,0.404861111
agouti,0.521527778
paca,0.775694444
squirrel,0.336805556
agouti,0.530555556
coati,0.304166667
squirrel,0.319444444
agouti,0.359722222
agouti,0.369444444
agouti,0.479166667
agouti,0.595138889
agouti,0.650694444
agouti,0.293055556
agouti,0.390277778
agouti,0.422222222
rat,0.883333333
agouti,0.429861111
rat,0.913888889
agouti,0.433333333
squirrel,0.285416667
agouti,0.434722222
peccary,0.527777778
agouti,0.586111111
agouti,0.600694444
agouti,0.631944444
agouti,0.636111111
agouti,0.68125
agouti,0.739583333
paca,0.780555556
paca,0.811805556
paca,0.859027778
paca,0.109722222
paca,0.227083333
coati,0.274305556
agouti,0.294444444
agouti,0.31875
agouti,0.463194444
agouti,0.622222222
agouti,0.332638889
paca,0.779861111
ocelot,0.855555556
rat,0.859722222
peccary,0.948611111
tamandua,0.004166667
paca,0.104861111
agouti,0.285416667
agouti,0.2875
agouti,0.306944444
agouti,0.311805556
agouti,0.320833333
agouti,0.333333333
agouti,0.468055556
squirrel,0.709722222
squirrel,0.742361111
peccary,0.251388889
peccary,0.252777778
peccary,0.25625
agouti,0.270833333
agouti,0.351388889
agouti,0.38125
agouti,0.392361111
agouti,0.535416667
agouti,0.538194444
agouti,0.254861111
agouti,0.265972222
agouti,0.367361111
agouti,0.525694444
paca,0.931944444
paca,0.179166667
paca,0.215277778
agouti,0.275694444
squirrel,0.363888889
squirrel,0.438194444
peccary,0.869444444
paca,0.093055556
agouti,0.338194444
agouti,0.423611111
agouti,0.435416667
agouti,0.446527778
agouti,0.286111111
agouti,0.34375
peccary,0.798611111
peccary,0.022916667
peccary,0.026388889
rat,0.202777778
peccary,0.257638889
peccary,0.261805556
peccary,0.273611111
peccary,0.289583333
peccary,0.302083333
agouti,0.329166667
agouti,0.450694444
ocelot,0.557638889
peccary,0.852777778
paca,0.086805556
peccary,0.304861111
agouti,0.655555556
agouti,0.28125
peccary,0.302777778
squirrel,0.308333333
agouti,0.310416667
agouti,0.444444444
agouti,0.455555556
agouti,0.597222222
agouti,0.602083333
agouti,0.613888889
agouti,0.63125
rat,0.01875
agouti,0.534027778
agouti,0.727083333
agouti,0.268055556
agouti,0.282638889
squirrel,0.294444444
squirrel,0.322916667
agouti,0.575694444
agouti,0.7125
agouti,0.285416667
coati,0.302777778
agouti,0.56875
agouti,0.645833333
agouti,0.688194444
agouti,0.739583333
rat,0.986111111
paca,0.986111111
agouti,0.263194444
agouti,0.557638889
agouti,0.256944444
agouti,0.313194444
agouti,0.475694444
brocket,0.24375
brocket,0.741666667
agouti,0.63125
ocelot,0.950694444
brocket,0.686111111
agouti,0.293055556
brocket,0.235416667
agouti,0.716666667
paca,0.879861111
paca,0.898611111
paca,0.900694444
paca,0.922222222
rat,0.209027778
agouti,0.510416667
agouti,0.639583333
agouti,0.641666667
agouti,0.278472222
agouti,0.552083333
agouti,0.677083333
agouti,0.720138889
agouti,0.733333333
agouti,0.74375
agouti,0.297222222
agouti,0.3375
agouti,0.361111111
agouti,0.365277778
agouti,0.481944444
agouti,0.641666667
agouti,0.702083333
agouti,0.319444444
agouti,0.349305556
agouti,0.282638889
agouti,0.34375
agouti,0.347916667
agouti,0.363194444
agouti,0.370138889
agouti,0.413888889
agouti,0.442361111
agouti,0.444444444
agouti,0.677777778
agouti,0.278472222
rat,0.992361111
agouti,0.521527778
rat,0.898611111
brocket,0.313194444
agouti,0.348611111
agouti,0.336805556
agouti,0.402777778
brocket,0.036805556
agouti,0.295833333
ocelot,0.811111111
agouti,0.54375
agouti,0.688888889
brocket,0.26875
peccary,0.29375
coati,0.421527778
rat,0.186111111
peccary,0.2625
peccary,0.279166667
peccary,0.29375
agouti,0.323611111
peccary,0.29375
agouti,0.319444444
paca,0.991666667
peccary,0.247916667
agouti,0.307638889
peccary,0.275694444
peccary,0.246527778
agouti,0.55
peccary,0.748611111
rat,0.893055556
rat,0.204166667
agouti,0.684027778
agouti,0.311805556
agouti,0.314583333
agouti,0.70625
rat,0.815277778
rat,0.957638889
squirrel,0.318055556
agouti,0.320138889
peccary,0.744444444
rat,0.827777778
agouti,0.259722222
agouti,0.353472222
squirrel,0.536805556
agouti,0.676388889
ocelot,0.88125
ocelot,0.265972222
agouti,0.259722222
agouti,0.271527778
squirrel,0.290277778
squirrel,0.605555556
agouti,0.655555556
paca,0.132638889
agouti,0.727083333
ocelot,0.829166667
ocelot,0.189583333
squirrel,0.260416667
agouti,0.314583333
ocelot,0.913888889
rat,0.2
agouti,0.288194444
agouti,0.253472222
agouti,0.258333333
brocket,0.6625
agouti,0.717361111
agouti,0.345138889
agouti,0.468055556
agouti,0.265972222
agouti,0.313888889
agouti,0.3375
agouti,0.571527778
agouti,0.656944444
agouti,0.736111111
agouti,0.275694444
agouti,0.456944444
agouti,0.527083333
agouti,0.669444444
agouti,0.678472222
ocelot,0.082638889
agouti,0.431944444
agouti,0.495138889
peccary,0.794444444
agouti,0.440972222
coati,0.457638889
peccary,0.614583333
agouti,0.661111111
agouti,0.691666667
agouti,0.339583333
agouti,0.477777778
agouti,0.263888889
agouti,0.277777778
agouti,0.365277778
agouti,0.392361111
agouti,0.502777778
agouti,0.657638889
brocket,0.680555556
agouti,0.721527778
paca,0.01875
agouti,0.247222222
agouti,0.290277778
coati,0.321527778
agouti,0.329861111
agouti,0.349305556
agouti,0.402083333
agouti,0.457638889
brocket,0.70625
brocket,0.777777778
agouti,0.325
peccary,0.700694444
brocket,0.160416667
agouti,0.28125
agouti,0.282638889
agouti,0.691666667
paca,0.828472222
agouti,0.277777778
brocket,0.484027778
agouti,0.496527778
agouti,0.540972222
agouti,0.547222222
agouti,0.552083333
agouti,0.652083333
paca,0.993055556
agouti,0.245833333
agouti,0.421527778
agouti,0.734027778
agouti,0.745833333
paca,0.920833333
paca,0.942361111
agouti,0.294444444
agouti,0.300694444
agouti,0.346527778
agouti,0.554166667
agouti,0.592361111
agouti,0.624305556
agouti,0.364583333
agouti,0.495138889
agouti,0.524305556
armadillo,0.023611111
ocelot,0.725
agouti,0.375694444
rat,0.809722222
rat,0.813194444
rat,0.082638889
coati,0.28125
agouti,0.301388889
agouti,0.59375
agouti,0.28125
peccary,0.298611111
tayra,0.55
squirrel,0.529166667
tayra,0.529166667
agouti,0.624305556
agouti,0.296527778
tamandua,0.474305556
agouti,0.515972222
squirrel,0.327777778
tayra,0.341666667
rat,0.081944444
agouti,0.288888889
rat,0.045833333
agouti,0.295138889
agouti,0.265277778
agouti,0.380555556
agouti,0.484722222
agouti,0.740277778
brocket,0.877083333
agouti,0.297916667
agouti,0.365972222
squirrel,0.538194444
armadillo,0.005555556
ocelot,0.082638889
agouti,0.390972222
agouti,0.396527778
agouti,0.265277778
agouti,0.279166667
agouti,0.626388889
agouti,0.261805556
agouti,0.436805556
agouti,0.586111111
ocelot,0.811111111
agouti,0.247222222
agouti,0.249305556
agouti,0.269444444
agouti,0.53125
agouti,0.673611111
agouti,0.259722222
agouti,0.288888889
agouti,0.338888889
agouti,0.340277778
agouti,0.733333333
agouti,0.75625
agouti,0.306944444
agouti,0.644444444
agouti,0.710416667
agouti,0.725
agouti,0.329861111
agouti,0.356944444
agouti,0.38125
agouti,0.261805556
agouti,0.30625
agouti,0.409027778
agouti,0.46875
agouti,0.473611111
agouti,0.5375
coati,0.590277778
paca,0.922916667
agouti,0.378472222
brocket,0.878472222
brocket,0.706944444
agouti,0.6625
agouti,0.668055556
rat,0.089583333
brocket,0.079166667
rat,0.027083333
agouti,0.354166667
agouti,0.25625
rat,0.892361111
agouti,0.264583333
brocket,0.290972222
agouti,0.350694444
agouti,0.690277778
tamandua,0.708333333
agouti,0.623611111
peccary,0.472916667
peccary,0.48125
peccary,0.327083333
agouti,0.294444444
agouti,0.30625
agouti,0.609722222
brocket,0.094444444
rat,0.129861111
agouti,0.697222222
agouti,0.272222222
agouti,0.500694444
brocket,0.672916667
ocelot,0.158333333
agouti,0.477083333
agouti,0.286805556
ocelot,0.575
paca,0.852777778
agouti,0.252777778
agouti,0.601388889
paca,0.779861111
peccary,0.643055556
squirrel,0.685416667
agouti,0.695138889
agouti,0.358333333
agouti,0.372916667
agouti,0.5
peccary,0.125694444
agouti,0.573611111
peccary,0.742361111
rat,0.808333333
ocelot,0.860416667
opossum,0.06875
rat,0.204861111
agouti,0.269444444
agouti,0.470833333
peccary,0.213888889
agouti,0.295833333
squirrel,0.442361111
agouti,0.528472222
agouti,0.59375
agouti,0.603472222
ocelot,0.891666667
rat,0.236111111
agouti,0.63125
squirrel,0.660416667
agouti,0.452777778
ocelot,0.575694444
rat,0.858333333
rat,0.085416667
rat,0.038888889
rat,0.139583333
agouti,0.314583333
agouti,0.315972222
agouti,0.613888889
agouti,0.701388889
agouti,0.275
tayra,0.490972222
agouti,0.469444444
agouti,0.581944444
agouti,0.4375
agouti,0.732638889
rat,0.135416667
agouti,0.736805556
rat,0.156944444
agouti,0.438194444
peccary,0.761805556
agouti,0.486805556
agouti,0.627083333
agouti,0.627777778
agouti,0.272222222
agouti,0.340972222
coati,0.463194444
ocelot,0.735416667
agouti,0.275694444
agouti,0.298611111
agouti,0.525694444
agouti,0.6375
agouti,0.265277778
agouti,0.279861111
peccary,0.786111111
peccary,0.788888889
agouti,0.461111111
peccary,0.791666667
squirrel,0.282638889
agouti,0.326388889
rat,0.1
rat,0.927777778
agouti,0.438888889
agouti,0.439583333
rat,0.788888889
rat,0.025694444
ocelot,0.440972222
peccary,0.298611111
agouti,0.373611111
agouti,0.555555556
agouti,0.669444444
agouti,0.672916667
agouti,0.74375
paca,0.964583333
agouti,0.447916667
agouti,0.620138889
agouti,0.677777778
agouti,0.705555556
agouti,0.74375
agouti,0.288194444
agouti,0.394444444
agouti,0.44375
rat,0.811805556
ocelot,0.129861111
peccary,0.273611111
agouti,0.425694444
agouti,0.659722222
agouti,0.695833333
agouti,0.7
agouti,0.319444444
agouti,0.260416667
agouti,0.539583333
paca,0.154861111
agouti,0.268055556
peccary,0.286111111
agouti,0.645138889
agouti,0.697916667
agouti,0.716666667
agouti,0.71875
agouti,0.498611111
agouti,0.706944444
agouti,0.719444444
agouti,0.265277778
agouti,0.390277778
agouti,0.355555556
agouti,0.727083333
agouti,0.730555556
agouti,0.269444444
peccary,0.272222222
agouti,0.376388889
coati,0.586805556
agouti,0.689583333
agouti,0.691666667
agouti,0.272916667
agouti,0.384722222
agouti,0.471527778
agouti,0.615972222
agouti,0.260416667
agouti,0.351388889
agouti,0.358333333
agouti,0.627777778
agouti,0.7125
peccary,0.330555556
squirrel,0.279166667
peccary,0.675
paca,0.961111111
agouti,0.257638889
agouti,0.488888889
rat,0.794444444
paca,0.222222222
squirrel,0.468055556
rat,0.897222222
peccary,0.998611111
peccary,0.23125
agouti,0.351388889
peccary,0.001388889
coati,0.584027778
paca,0.885416667
agouti,0.534027778
ocelot,0.635416667
paca,0.972222222
armadillo,0.9875
peccary,0.360416667
tayra,0.383333333
coati,0.523611111
peccary,0.5875
paca,0.027777778
paca,0.097916667
peccary,0.247222222
peccary,0.253472222
paca,0.056944444
agouti,0.359027778
agouti,0.366666667
agouti,0.311111111
squirrel,0.314583333
agouti,0.422222222
agouti,0.6875
peccary,0.393055556
coati,0.610416667
paca,0.834722222
agouti,0.329861111
peccary,0.694444444
peccary,0.252777778
agouti,0.331944444
agouti,0.670833333
ocelot,0.033333333
rat,0.045138889
peccary,0.636111111
agouti,0.283333333
rat,0.052777778
peccary,0.821527778
peccary,0.851388889
peccary,0.329166667
ocelot,0.079861111
squirrel,0.281944444
brocket,0.054861111
paca,0.129861111
agouti,0.279166667
agouti,0.433333333
agouti,0.738888889
agouti,0.255555556
agouti,0.288888889
ocelot,0.8
agouti,0.28125
agouti,0.402083333
agouti,0.702083333
agouti,0.2625
coati,0.336111111
agouti,0.654166667
agouti,0.390972222
agouti,0.271527778
agouti,0.290972222
agouti,0.396527778
agouti,0.513888889
agouti,0.259027778
squirrel,0.2875
agouti,0.402777778
agouti,0.407638889
brocket,0.420138889
agouti,0.349305556
agouti,0.423611111
agouti,0.261111111
agouti,0.277083333
agouti,0.31875
agouti,0.377083333
squirrel,0.384027778
agouti,0.488194444
agouti,0.709027778
agouti,0.329166667
agouti,0.535416667
agouti,0.716666667
agouti,0.742361111
rat,0.046527778
agouti,0.284027778
agouti,0.686111111
agouti,0.588888889
coati,0.594444444
agouti,0.70625
brocket,0.004166667
agouti,0.289583333
agouti,0.305555556
agouti,0.390277778
peccary,0.636805556
agouti,0.749305556
peccary,0.767361111
peccary,0.111111111
peccary,0.205555556
agouti,0.245833333
agouti,0.266666667
agouti,0.329166667
agouti,0.377083333
agouti,0.626388889
agouti,0.642361111
paca,0.153472222
agouti,0.238194444
agouti,0.298611111
agouti,0.302083333
agouti,0.442361111
agouti,0.676388889
agouti,0.326388889
agouti,0.715972222
agouti,0.244444444
agouti,0.418055556
agouti,0.420138889
agouti,0.445138889
agouti,0.453472222
agouti,0.45625
agouti,0.478472222
agouti,0.674305556
agouti,0.707638889
brocket,0.911111111
agouti,0.258333333
agouti,0.284027778
agouti,0.285416667
agouti,0.324305556
peccary,0.354166667
coati,0.414583333
agouti,0.2875
coati,0.639583333
paca,0.192361111
agouti,0.253472222
agouti,0.256944444
agouti,0.295833333
agouti,0.588888889
peccary,0.089583333
paca,0.189583333
peccary,0.233333333
agouti,0.28125
agouti,0.425
agouti,0.574305556
agouti,0.627083333
agouti,0.751388889
agouti,0.245833333
agouti,0.254166667
paca,0.1875
paca,0.198611111
agouti,0.329861111
squirrel,0.332638889
agouti,0.404861111
agouti,0.634722222
agouti,0.651388889
agouti,0.65625
agouti,0.675694444
agouti,0.681944444
agouti,0.264583333
agouti,0.327083333
agouti,0.427083333
agouti,0.457638889
agouti,0.713194444
peccary,0.169444444
peccary,0.236111111
agouti,0.290277778
coati,0.58125
agouti,0.73125
agouti,0.747916667
agouti,0.261111111
agouti,0.300694444
agouti,0.310416667
squirrel,0.370138889
agouti,0.371527778
agouti,0.350694444
agouti,0.385416667
agouti,0.395138889
agouti,0.396527778
agouti,0.628472222
agouti,0.410416667
agouti,0.348611111
agouti,0.734722222
agouti,0.314583333
agouti,0.695138889
agouti,0.74375
ocelot,0.190972222
peccary,0.836111111
agouti,0.340972222
peccary,0.452777778
agouti,0.640277778
agouti,0.600694444
agouti,0.325694444
paca,0.165972222
agouti,0.618055556
agouti,0.704861111
agouti,0.724305556
squirrel,0.3
coati,0.784027778
agouti,0.704861111
rat,0.947916667
agouti,0.273611111
peccary,0.784722222
agouti,0.255555556
agouti,0.2875
agouti,0.292361111
agouti,0.309722222
peccary,0.73125
agouti,0.638194444
agouti,0.267361111
agouti,0.286805556
agouti,0.302083333
agouti,0.359722222
peccary,0.361805556
peccary,0.36875
agouti,0.661805556
peccary,0.700694444
ocelot,0.857638889
coati,0.361805556
peccary,0.673611111
agouti,0.276388889
agouti,0.619444444
agouti,0.315277778
tamandua,0.772916667
agouti,0.425694444
agouti,0.61875
agouti,0.628472222
ocelot,0.917361111
agouti,0.266666667
squirrel,0.351388889
ocelot,0.885416667
paca,0.948611111
agouti,0.554861111
agouti,0.632638889
agouti,0.259722222
agouti,0.272916667
agouti,0.459027778
agouti,0.29375
agouti,0.272222222
agouti,0.278472222
squirrel,0.372222222
agouti,0.260416667
agouti,0.292361111
coati,0.698611111
agouti,0.334722222
ocelot,0.829861111
agouti,0.296527778
agouti,0.305555556
ocelot,0.929166667
agouti,0.599305556
agouti,0.659722222
agouti,0.272222222
squirrel,0.291666667
squirrel,0.261111111
squirrel,0.297222222
squirrel,0.302083333
peccary,0.727083333
agouti,0.35625
agouti,0.725
agouti,0.605555556
agouti,0.569444444
rat,0.029166667
squirrel,0.313888889
squirrel,0.584722222
agouti,0.689583333
agouti,0.30625
coati,0.567361111
agouti,0.633333333
agouti,0.374305556
agouti,0.485416667
agouti,0.65
agouti,0.391666667
agouti,0.563194444
squirrel,0.382638889
agouti,0.595138889
agouti,0.25625
agouti,0.728472222
agouti,0.280555556
agouti,0.713194444
agouti,0.307638889
agouti,0.578472222
agouti,0.580555556
agouti,0.688888889
agouti,0.275
agouti,0.333333333
agouti,0.346527778
agouti,0.352777778
agouti,0.379861111
agouti,0.610416667
agouti,0.259027778
agouti,0.295833333
agouti,0.297916667
agouti,0.300694444
agouti,0.672222222
agouti,0.681944444
agouti,0.264583333
agouti,0.326388889
agouti,0.34375
agouti,0.371527778
agouti,0.411805556
agouti,0.4375
squirrel,0.441666667
agouti,0.447222222
agouti,0.559722222
agouti,0.714583333
rat,0.79375
agouti,0.397916667
agouti,0.568055556
agouti,0.56875
agouti,0.581944444
agouti,0.30625
agouti,0.313888889
agouti,0.320138889
agouti,0.35625
agouti,0.272222222
agouti,0.279166667
agouti,0.315277778
agouti,0.721527778
agouti,0.734027778
agouti,0.269444444
squirrel,0.2875
agouti,0.358333333
agouti,0.740972222
ocelot,0.791666667
rat,0.9375
rat,0.0375
rat,0.845833333
squirrel,0.3625
agouti,0.582638889
squirrel,0.589583333
agouti,0.705555556
agouti,0.265277778
agouti,0.297916667
agouti,0.724305556
squirrel,0.275694444
agouti,0.663194444
agouti,0.400694444
agouti,0.433333333
agouti,0.701388889
agouti,0.243055556
agouti,0.252083333
agouti,0.276388889
squirrel,0.448611111
ocelot,0.920138889
agouti,0.536805556
squirrel,0.390972222
agouti,0.571527778
agouti,0.644444444
agouti,0.254166667
agouti,0.393055556
agouti,0.646527778
rat,0.049305556
agouti,0.263194444
agouti,0.315972222
agouti,0.499305556
agouti,0.557638889
agouti,0.579166667
agouti,0.630555556
ocelot,0.95625
agouti,0.249305556
agouti,0.257638889
agouti,0.286805556
agouti,0.3125
agouti,0.373611111
agouti,0.695833333
agouti,0.700694444
peccary,0.659027778
agouti,0.330555556
agouti,0.686111111
agouti,0.702083333
agouti,0.758333333
agouti,0.258333333
agouti,0.269444444
squirrel,0.329861111
agouti,0.339583333
agouti,0.355555556
agouti,0.370833333
agouti,0.379166667
agouti,0.383333333
agouti,0.631944444
agouti,0.702083333
rat,0.221527778
agouti,0.261805556
agouti,0.354166667
agouti,0.489583333
agouti,0.534722222
agouti,0.579861111
agouti,0.58125
agouti,0.596527778
ocelot,0.852777778
agouti,0.447222222
agouti,0.451388889
agouti,0.459722222
agouti,0.559027778
agouti,0.621527778
agouti,0.665277778
agouti,0.670138889
agouti,0.679861111
agouti,0.336111111
agouti,0.389583333
agouti,0.408333333
agouti,0.425
agouti,0.323611111
agouti,0.56875
ocelot,0.740277778
agouti,0.270833333
agouti,0.350694444
ocelot,0.214583333
agouti,0.254166667
agouti,0.306944444
squirrel,0.415972222
agouti,0.703472222
agouti,0.363194444
agouti,0.413194444
agouti,0.585416667
agouti,0.311111111
ocelot,0.888888889
ocelot,0.229166667
squirrel,0.279861111
agouti,0.30625
ocelot,0.773611111
ocelot,0.202083333
agouti,0.379861111
peccary,0.215972222
agouti,0.234722222
agouti,0.350694444
peccary,0.23125
coati,0.522916667
agouti,0.654166667
agouti,0.213888889
agouti,0.270833333
agouti,0.297222222
agouti,0.231944444
agouti,0.252083333
peccary,0.222222222
agouti,0.606944444
agouti,0.254861111
agouti,0.334027778
agouti,0.395138889
agouti,0.683333333
rat,0.804166667
agouti,0.251388889
agouti,0.469444444
agouti,0.728472222
agouti,0.747916667
brocket,0.928472222
agouti,0.394444444
agouti,0.405555556
coati,0.513194444
coati,0.53125
agouti,0.600694444
brocket,0.744444444
agouti,0.250694444
agouti,0.395138889
agouti,0.403472222
agouti,0.404861111
agouti,0.625
agouti,0.653472222
agouti,0.252083333
agouti,0.296527778
agouti,0.627083333
peccary,0.967361111
rat,0.020833333
agouti,0.363888889
agouti,0.372916667
agouti,0.409722222
agouti,0.450694444
agouti,0.679861111
agouti,0.327777778
agouti,0.386805556
agouti,0.445138889
agouti,0.567361111
peccary,0.034027778
agouti,0.534027778
coati,0.548611111
agouti,0.591666667
agouti,0.671527778
agouti,0.410416667
agouti,0.414583333
ocelot,0.149305556
agouti,0.398611111
rat,0.857638889
peccary,0.248611111
peccary,0.325694444
peccary,0.826388889
peccary,0.291666667
ocelot,0.51875
opossum,0.757638889
peccary,0.016666667
agouti,0.484722222
peccary,0.329861111
agouti,0.388194444
agouti,0.293055556
agouti,0.321527778
coati,0.546527778
paca,0.029861111
agouti,0.598611111
squirrel,0.34375
agouti,0.375694444
agouti,0.579861111
paca,0.865972222
paca,0.903472222
agouti,0.245138889
peccary,0.656944444
peccary,0.810416667
paca,0.093055556
paca,0.144444444
peccary,0.298611111
agouti,0.376388889
coati,0.4375
agouti,0.590277778
agouti,0.597222222
paca,0.863194444
paca,0.902777778
agouti,0.435416667
ocelot,0.090277778
squirrel,0.388194444
ocelot,0.222222222
ocelot,0.823611111
ocelot,0.936805556
ocelot,0.904861111
ocelot,0.005555556
rat,0.815972222
paca,0.036805556
ocelot,0.166666667
agouti,0.41875
agouti,0.425694444
rat,0.859027778
peccary,0.334027778
agouti,0.473611111
coati,0.6125
agouti,0.702777778
rat,0.739583333
agouti,0.742361111
squirrel,0.268055556
agouti,0.295138889
agouti,0.311111111
agouti,0.314583333
agouti,0.385416667
agouti,0.396527778
agouti,0.407638889
agouti,0.410416667
agouti,0.448611111
agouti,0.469444444
agouti,0.489583333
coati,0.493055556
agouti,0.697916667
agouti,0.74375
peccary,0.845138889
agouti,0.347222222
coati,0.647222222
agouti,0.652083333
ocelot,0.897222222
peccary,0.945833333
peccary,0.292361111
agouti,0.406944444
agouti,0.410416667
agouti,0.44375
agouti,0.522222222
agouti,0.739583333
rat,0.970138889
peccary,0.23125
agouti,0.270138889
agouti,0.310416667
agouti,0.375694444
agouti,0.697222222
agouti,0.252777778
agouti,0.302083333
agouti,0.454166667
coati,0.486805556
agouti,0.707638889
agouti,0.722916667
rat,0.790277778
rat,0.06875
agouti,0.449305556
agouti,0.461805556
agouti,0.528472222
agouti,0.732638889
agouti,0.271527778
agouti,0.291666667
agouti,0.302083333
peccary,0.361805556
agouti,0.399305556
coati,0.634722222
agouti,0.656944444
agouti,0.688888889
agouti,0.709722222
ocelot,0.157638889
agouti,0.261805556
agouti,0.26875
agouti,0.304166667
ocelot,0.026388889
squirrel,0.272916667
coati,0.590277778
agouti,0.568055556
agouti,0.571527778
agouti,0.607638889
agouti,0.609722222
agouti,0.6625
rat,0.904166667
agouti,0.25
agouti,0.275
peccary,0.291666667
agouti,0.302083333
agouti,0.4
agouti,0.360416667
agouti,0.663194444
agouti,0.303472222
agouti,0.404166667
paca,0.88125
paca,0.926388889
agouti,0.660416667
rat,0.809722222
agouti,0.466666667
peccary,0.499305556
peccary,0.546527778
peccary,0.340277778
agouti,0.349305556
squirrel,0.384722222
agouti,0.454166667
agouti,0.3375
rat,0.109027778
paca,0.777083333
ocelot,0.885416667
agouti,0.5875
rat,0.132638889
agouti,0.301388889
agouti,0.529861111
agouti,0.713888889
paca,0.029166667
agouti,0.269444444
agouti,0.41875
brocket,0.748611111
paca,0.874305556
paca,0.899305556
agouti,0.259722222
agouti,0.459027778
agouti,0.679861111
coati,0.705555556
coati,0.258333333
agouti,0.652777778
squirrel,0.280555556
agouti,0.288888889
agouti,0.359027778
agouti,0.45
squirrel,0.486805556
brocket,0.804166667
ocelot,0.985416667
paca,0.002083333
agouti,0.26875
squirrel,0.277777778
opossum,0.865277778
paca,0.9375
paca,0.111805556
agouti,0.390972222
paca,0.200694444
squirrel,0.283333333
paca,0.015972222
agouti,0.254861111
squirrel,0.404861111
agouti,0.395833333
brocket,0.375
agouti,0.363888889
agouti,0.368055556
agouti,0.602777778
agouti,0.273611111
agouti,0.427777778
agouti,0.559027778
agouti,0.266666667
squirrel,0.281944444
agouti,0.447222222
agouti,0.322222222
agouti,0.730555556
agouti,0.739583333
squirrel,0.300694444
squirrel,0.303472222
coati,0.302777778
tamandua,0.536805556
agouti,0.275694444
agouti,0.720138889
rat,0.154861111
agouti,0.690277778
agouti,0.703472222
coati,0.648611111
agouti,0.432638889
agouti,0.68125
agouti,0.75625
agouti,0.427777778
ocelot,0.921527778
agouti,0.308333333
brocket,0.325694444
agouti,0.409722222
agouti,0.684027778
agouti,0.729166667
agouti,0.286111111
agouti,0.386805556
coati,0.402083333
rat,0.336111111
agouti,0.34375
agouti,0.376388889
coati,0.565972222
rat,0.111111111
agouti,0.734027778
agouti,0.38125
agouti,0.694444444
peccary,0.265277778
agouti,0.628472222
rat,0.961805556
peccary,0.293055556
agouti,0.296527778
agouti,0.325694444
agouti,0.436111111
agouti,0.456944444
squirrel,0.573611111
agouti,0.690972222
agouti,0.704861111
squirrel,0.284027778
agouti,0.416666667
agouti,0.713194444
agouti,0.413194444
squirrel,0.573611111
rat,0.079861111
rat,0.081944444
agouti,0.271527778
agouti,0.280555556
agouti,0.284027778
squirrel,0.338888889
rat,0.004166667
rat,0.034722222
squirrel,0.282638889
agouti,0.724305556
rat,0.993055556
rat,0.097916667
agouti,0.375
rat,0.934722222
agouti,0.627083333
agouti,0.631944444
agouti,0.677777778
agouti,0.697916667
rat,0.782638889
rat,0.150694444
agouti,0.684027778
agouti,0.322222222
agouti,0.371527778
agouti,0.346527778
rat,0.983333333
rat,0.040972222
rat,0.140277778
squirrel,0.502083333
rat,0.798611111
rat,0.963194444
agouti,0.275694444
agouti,0.277777778
squirrel,0.403472222
rat,0.946527778
agouti,0.413888889
agouti,0.673611111
brocket,0.093055556
agouti,0.372222222
rat,0.773611111
rat,0.8125
agouti,0.53125
squirrel,0.422916667
rat,0.814583333
paca,0.079166667
rat,0.154861111
agouti,0.688194444
agouti,0.677777778
agouti,0.682638889
agouti,0.707638889
agouti,0.654861111
agouti,0.693055556
agouti,0.286111111
agouti,0.669444444
agouti,0.325694444
agouti,0.728472222
agouti,0.34375
agouti,0.297222222
agouti,0.326388889
squirrel,0.547916667
agouti,0.677083333
agouti,0.684722222
agouti,0.726388889
ocelot,0.765972222
peccary,0.861805556
agouti,0.284027778
agouti,0.286805556
agouti,0.352083333
agouti,0.463194444
agouti,0.265972222
agouti,0.674305556
agouti,0.703472222
agouti,0.722916667
agouti,0.730555556
agouti,0.265277778
agouti,0.288194444
agouti,0.388194444
agouti,0.420833333
agouti,0.261111111
agouti,0.3625
agouti,0.724305556
agouti,0.304166667
agouti,0.557638889
agouti,0.661805556
peccary,0.705555556
agouti,0.411805556
agouti,0.573611111
paca,0.081944444
agouti,0.329166667
squirrel,0.338194444
agouti,0.625
agouti,0.640277778
paca,0.849305556
agouti,0.275
agouti,0.3375
peccary,0.715972222
agouti,0.343055556
agouti,0.291666667
agouti,0.404861111
agouti,0.440972222
agouti,0.452777778
agouti,0.539583333
coati,0.367361111
brocket,0.480555556
agouti,0.639583333
agouti,0.34375
coati,0.491666667
rat,0.768055556
rat,0.774305556
coati,0.284722222
peccary,0.676388889
agouti,0.313888889
agouti,0.375694444
coati,0.636111111
peccary,0.205555556
peccary,0.218055556
brocket,0.227083333
peccary,0.333333333
coati,0.522222222
agouti,0.278472222
brocket,0.683333333
rat,0.088194444
peccary,0.311111111
peccary,0.319444444
coati,0.415972222
peccary,0.238194444
paca,0.055555556
peccary,0.3875
agouti,0.3625
rat,0.082638889
peccary,0.345138889
agouti,0.296527778
peccary,0.6625
rat,0.907638889
peccary,0.363194444
peccary,0.36875
peccary,0.377083333
agouti,0.321527778
agouti,0.272916667
agouti,0.56875
rat,0.014583333
peccary,0.027083333
agouti,0.352083333
armadillo,0.043055556
peccary,0.332638889
agouti,0.3625
agouti,0.666666667
agouti,0.682638889
paca,0.895833333
rat,0.089583333
peccary,0.564583333
agouti,0.622222222
paca,0.109027778
ocelot,0.184722222
peccary,0.3
agouti,0.293055556
agouti,0.295833333
peccary,0.3125
peccary,0.315277778
peccary,0.620833333
peccary,0.624305556
paca,0.877083333
paca,0.08125
squirrel,0.2875
peccary,0.447916667
ocelot,0.886111111
coati,0.394444444
rat,0.028472222
agouti,0.591666667
brocket,0.94375
rat,0.968055556
coati,0.5625
agouti,0.668055556
agouti,0.738888889
peccary,0.930555556
agouti,0.735416667
agouti,0.48125
agouti,0.520833333
brocket,0.923611111
agouti,0.644444444
agouti,0.689583333
agouti,0.7
agouti,0.720138889
agouti,0.461805556
agouti,0.667361111
agouti,0.672222222
agouti,0.25
squirrel,0.329166667
agouti,0.373611111
agouti,0.411805556
agouti,0.431944444
agouti,0.309722222
agouti,0.438888889
agouti,0.552777778
agouti,0.560416667
agouti,0.284027778
agouti,0.370833333
agouti,0.472916667
coati,0.336111111
squirrel,0.325694444
peccary,0.480555556
squirrel,0.566666667
squirrel,0.319444444
agouti,0.697916667
agouti,0.33125
agouti,0.288194444
agouti,0.300694444
tamandua,0.4375
paca,0.9375
agouti,0.626388889
agouti,0.688194444
agouti,0.691666667
agouti,0.33125
agouti,0.259027778
agouti,0.303472222
agouti,0.377083333
squirrel,0.397222222
agouti,0.296527778
agouti,0.315972222
agouti,0.305555556
agouti,0.330555556
agouti,0.685416667
ocelot,0.726388889
agouti,0.306944444
agouti,0.274305556
ocelot,0.096527778
agouti,0.270833333
agouti,0.694444444
agouti,0.688194444
agouti,0.28125
agouti,0.388888889
agouti,0.738888889
agouti,0.405555556
agouti,0.677083333
agouti,0.720833333
ocelot,0.853472222
agouti,0.271527778
peccary,0.291666667
agouti,0.384027778
agouti,0.677083333
agouti,0.690277778
paca,0.845833333
paca,0.029861111
peccary,0.250694444
agouti,0.3125
agouti,0.597222222
agouti,0.720138889
agouti,0.265277778
agouti,0.273611111
agouti,0.679861111
peccary,0.766666667
tamandua,0.849305556
agouti,0.336805556
coati,0.394444444
agouti,0.669444444
peccary,0.779166667
paca,0.911111111
agouti,0.367361111
agouti,0.436805556
agouti,0.529861111
agouti,0.254861111
agouti,0.256944444
agouti,0.2625
agouti,0.376388889
paca,0.861805556
paca,0.021527778
peccary,0.252083333
agouti,0.25625
agouti,0.271527778
agouti,0.338194444
agouti,0.698611111
peccary,0.036111111
rat,0.079166667
agouti,0.413888889
rat,0.800694444
paca,0.817361111
squirrel,0.561805556
paca,0.893055556
agouti,0.408333333
agouti,0.484722222
peccary,0.271527778
agouti,0.347916667
agouti,0.367361111
agouti,0.475694444
agouti,0.672916667
coati,0.534027778
agouti,0.642361111
ocelot,0.859027778
rat,0.177083333
peccary,0.273611111
agouti,0.645833333
paca,0.021527778
agouti,0.336805556
coati,0.722916667
rat,0.022916667
rat,0.151388889
coati,0.288194444
coati,0.299305556
coati,0.311805556
agouti,0.454166667
agouti,0.307638889
rat,0.803472222
tamandua,0.914583333
peccary,0.285416667
rat,0.066666667
agouti,0.311111111
agouti,0.479166667
coati,0.547916667
squirrel,0.348611111
agouti,0.365277778
agouti,0.681944444
agouti,0.2625
agouti,0.284027778
agouti,0.295138889
agouti,0.688194444
agouti,0.689583333
agouti,0.374305556
peccary,0.846527778
peccary,0.970833333
agouti,0.290972222
agouti,0.327083333
agouti,0.334722222
agouti,0.379166667
agouti,0.65
agouti,0.71875
agouti,0.750694444
agouti,0.274305556
agouti,0.391666667
agouti,0.402777778
agouti,0.710416667
agouti,0.28125
agouti,0.308333333
agouti,0.332638889
agouti,0.2625
agouti,0.265277778
agouti,0.275694444
agouti,0.293055556
agouti,0.403472222
squirrel,0.561111111
paca,0.900694444
paca,0.929166667
paca,0.119444444
agouti,0.265277778
agouti,0.448611111
paca,0.971527778
paca,0.976388889
agouti,0.363888889
agouti,0.582638889
rat,0.795138889
paca,0.911111111
agouti,0.438888889
paca,0.801388889
paca,0.907638889
agouti,0.544444444
agouti,0.55
paca,0.086111111
agouti,0.2375
coati,0.540277778
agouti,0.585416667
mouse,0.946527778
paca,0.064583333
agouti,0.713888889
agouti,0.75
squirrel,0.282638889
agouti,0.481944444
armadillo,0.796527778
agouti,0.469444444
rat,0.996527778
agouti,0.288888889
agouti,0.296527778
agouti,0.310416667
agouti,0.34375
agouti,0.483333333
agouti,0.532638889
agouti,0.721527778
rat,0.838194444
agouti,0.327083333
agouti,0.722222222
rat,0.994444444
armadillo,0.202083333
armadillo,0.215972222
agouti,0.385416667
agouti,0.74375
rat,0.0625
squirrel,0.273611111
agouti,0.749305556
squirrel,0.263194444
agouti,0.61875
agouti,0.284027778
agouti,0.315972222
agouti,0.727777778
rat,0.788194444
armadillo,0.180555556
agouti,0.291666667
peccary,0.850694444
peccary,0.525694444
paca,0.141666667
agouti,0.284027778
peccary,0.392361111
agouti,0.625
paca,0.893055556
paca,0.967361111
paca,0.995138889
agouti,0.490972222
agouti,0.688194444
paca,0.195138889
agouti,0.265277778
agouti,0.418055556
agouti,0.491666667
paca,0.092361111
coati,0.529166667
agouti,0.583333333
agouti,0.590972222
agouti,0.618055556
agouti,0.658333333
agouti,0.686111111
agouti,0.711805556
rat,0.136805556
agouti,0.372916667
agouti,0.570138889
agouti,0.60625
agouti,0.734027778
paca,0.104861111
agouti,0.695833333
ocelot,0.909027778
paca,0.051388889
brocket,0.138888889
paca,0.183333333
paca,0.234027778
agouti,0.372916667
agouti,0.69375
peccary,0.006944444
coati,0.524305556
agouti,0.677083333
brocket,0.090972222
agouti,0.272916667
peccary,0.279861111
opossum,0.838888889
rat,0.176388889
paca,0.159027778
agouti,0.717361111
agouti,0.725694444
rat,0.855555556
agouti,0.28125
agouti,0.284722222
squirrel,0.722916667
squirrel,0.363888889
agouti,0.720833333
squirrel,0.380555556
agouti,0.486805556
rat,0.056944444
agouti,0.288194444
rat,0.9625
paca,0.127777778
squirrel,0.329861111
peccary,0.879861111
peccary,0.784027778
agouti,0.334027778
rat,0.841666667
rat,0.972916667
rat,0.818055556
agouti,0.5125
agouti,0.311805556
agouti,0.288194444
agouti,0.713194444
agouti,0.725
agouti,0.53125
brocket,0.535416667
agouti,0.675694444
agouti,0.679861111
coati,0.279166667
agouti,0.656944444
agouti,0.679861111
agouti,0.283333333
agouti,0.320833333
agouti,0.284027778
agouti,0.461805556
agouti,0.3
agouti,0.629166667
agouti,0.274305556
squirrel,0.386111111
agouti,0.341666667
agouti,0.368055556
agouti,0.627777778
agouti,0.74375
rat,0.861805556
squirrel,0.603472222
agouti,0.479166667
agouti,0.598611111
agouti,0.6125
agouti,0.274305556
agouti,0.323611111
agouti,0.388194444
agouti,0.388888889
agouti,0.315972222
agouti,0.322222222
squirrel,0.441666667
rat,0.110416667
agouti,0.342361111
rat,0.247222222
agouti,0.345833333
paca,0.851388889
agouti,0.379166667
agouti,0.722222222
armadillo,0.188888889
armadillo,0.153472222
agouti,0.55
rat,0.861805556
rat,0.899305556
rat,0.909722222
rat,0.079861111
rat,0.113194444
rat,0.141666667
rat,0.209722222
rat,0.167361111
paca,0.839583333
agouti,0.277777778
rat,0.851388889
agouti,0.336805556
paca,0.836805556
paca,0.840277778
rat,0.174305556
agouti,0.316666667
coati,0.465277778
coati,0.608333333
agouti,0.250694444
rat,0.054861111
brocket,0.115972222
agouti,0.434027778
agouti,0.770833333
agouti,0.31875
agouti,0.415972222
agouti,0.766666667
coati,0.547916667
agouti,0.647916667
agouti,0.245833333
agouti,0.283333333
agouti,0.716666667
agouti,0.720833333
rat,0.049305556
agouti,0.415277778
agouti,0.421527778
agouti,0.442361111
agouti,0.391666667
coati,0.588888889
agouti,0.738194444
peccary,0.284722222
agouti,0.592361111
brocket,0.627777778
agouti,0.694444444
opossum,0.902777778
brocket,0.222916667
agouti,0.766666667
squirrel,0.678472222
squirrel,0.688194444
rat,0.263888889
agouti,0.378472222
agouti,0.495833333
agouti,0.497222222
agouti,0.331944444
agouti,0.454166667
agouti,0.701388889
peccary,0.309027778
agouti,0.311111111
squirrel,0.320138889
agouti,0.417361111
agouti,0.51875
agouti,0.741666667
agouti,0.744444444
agouti,0.754166667
ocelot,0.922916667
peccary,0.940277778
agouti,0.690277778
peccary,0.884722222
ocelot,0.126388889
ocelot,0.129861111
agouti,0.359722222
agouti,0.429166667
agouti,0.739583333
paca,0.020138889
agouti,0.678472222
agouti,0.302083333
mouse,0.215972222
agouti,0.302777778
rat,0.028472222
ocelot,0.806944444
peccary,0.8625
agouti,0.760416667
ocelot,0.127083333
agouti,0.711805556
armadillo,0.110416667
paca,0.894444444
ocelot,0.286805556
ocelot,0.29375
agouti,0.302777778
ocelot,0.855555556
agouti,0.286111111
agouti,0.286805556
agouti,0.377083333
ocelot,0.535416667
agouti,0.277777778
agouti,0.259722222
agouti,0.274305556
agouti,0.736805556
agouti,0.264583333
agouti,0.357638889
squirrel,0.383333333
agouti,0.392361111
agouti,0.399305556
agouti,0.676388889
rat,0.967361111
rat,0.997916667
agouti,0.277777778
paca,0.083333333
agouti,0.704166667
paca,0.842361111
paca,0.943055556
agouti,0.530555556
agouti,0.532638889
agouti,0.288194444
agouti,0.400694444
agouti,0.427777778
peccary,0.707638889
armadillo,0.078472222
agouti,0.354166667
armadillo,0.955555556
agouti,0.275694444
agouti,0.539583333
agouti,0.559722222
agouti,0.63125
paca,0.181944444
paca,0.170833333
agouti,0.391666667
agouti,0.413194444
agouti,0.416666667
agouti,0.536111111
agouti,0.607638889
agouti,0.31875
agouti,0.652777778
paca,0.971527778
agouti,0.257638889
agouti,0.259027778
agouti,0.344444444
agouti,0.347222222
agouti,0.372222222
squirrel,0.429861111
agouti,0.5375
agouti,0.563194444
agouti,0.727083333
agouti,0.758333333
paca,0.965972222
paca,0.990972222
agouti,0.29375
agouti,0.301388889
agouti,0.310416667
ocelot,0.359027778
agouti,0.394444444
agouti,0.502083333
agouti,0.580555556
agouti,0.601388889
agouti,0.690972222
agouti,0.751388889
agouti,0.770833333
agouti,0.26875
agouti,0.382638889
agouti,0.388194444
agouti,0.422916667
agouti,0.426388889
agouti,0.559722222
agouti,0.721527778
peccary,0.723611111
peccary,0.926388889
paca,0.99375
agouti,0.271527778
agouti,0.29375
agouti,0.324305556
agouti,0.420138889
agouti,0.451388889
squirrel,0.50625
agouti,0.520138889
agouti,0.597222222
agouti,0.645138889
agouti,0.646527778
agouti,0.686805556
agouti,0.753472222
paca,0.002083333
agouti,0.284027778
agouti,0.41875
agouti,0.555555556
agouti,0.56875
agouti,0.645833333
agouti,0.747916667
agouti,0.417361111
agouti,0.483333333
peccary,0.215277778
agouti,0.284722222
agouti,0.314583333
agouti,0.347916667
agouti,0.386805556
agouti,0.583333333
agouti,0.648611111
agouti,0.663194444
paca,0.911111111
agouti,0.338194444
agouti,0.363194444
agouti,0.376388889
ocelot,0.857638889
ocelot,0.858333333
agouti,0.575
agouti,0.256944444
agouti,0.259722222
agouti,0.742361111
agouti,0.743055556
agouti,0.254166667
agouti,0.352777778
agouti,0.358333333
agouti,0.368055556
agouti,0.764583333
ocelot,0.949305556
rat,0.921527778
agouti,0.369444444
rat,0.94375
agouti,0.255555556
agouti,0.659027778
agouti,0.675694444
agouti,0.291666667
agouti,0.30625
agouti,0.671527778
agouti,0.686805556
agouti,0.688888889
agouti,0.695138889
peccary,0.822222222
peccary,0.306944444
peccary,0.318055556
peccary,0.365277778
peccary,0.371527778
agouti,0.721527778
peccary,0.705555556
agouti,0.686805556
agouti,0.759722222
agouti,0.271527778
agouti,0.289583333
agouti,0.254861111
peccary,0.30625
brocket,0.536111111
peccary,0.6625
peccary,0.292361111
agouti,0.303472222
agouti,0.759027778
rat,0.022222222
agouti,0.716666667
rat,0.919444444
rat,0.022916667
agouti,0.759027778
brocket,0.092361111
agouti,0.69375
agouti,0.718055556
brocket,0.197916667
agouti,0.279166667
agouti,0.280555556
agouti,0.321527778
agouti,0.470138889
agouti,0.554166667
squirrel,0.595833333
agouti,0.631944444
agouti,0.746527778
agouti,0.272916667
agouti,0.295138889
agouti,0.300694444
rat,0.172916667
rat,0.18125
squirrel,0.375
brocket,0.979166667
brocket,0.989583333
brocket,0.997916667
rat,0.031944444
peccary,0.119444444
agouti,0.352777778
agouti,0.721527778
rat,0.965972222
agouti,0.318055556
agouti,0.334027778
brocket,0.740972222
agouti,0.751388889
ocelot,0.861111111
brocket,0.115277778
agouti,0.301388889
agouti,0.74375
peccary,0.930555556
peccary,0.940972222
peccary,0.94375
rat,0.024305556
brocket,0.215277778
agouti,0.279861111
agouti,0.34375
agouti,0.481944444
paca,0.902083333
agouti,0.371527778
brocket,0.890972222
agouti,0.636111111
agouti,0.734722222
agouti,0.734722222
agouti,0.727777778
coati,0.311111111
agouti,0.461111111
agouti,0.465277778
rat,0.839583333
ocelot,0.952777778
ocelot,0.6875
opossum,0.148611111
squirrel,0.61875
squirrel,0.44375
agouti,0.303472222
agouti,0.282638889
agouti,0.288194444
squirrel,0.300694444
agouti,0.477777778
agouti,0.48125
agouti,0.641666667
peccary,0.755555556
peccary,0.763194444
peccary,0.765277778
agouti,0.373611111
squirrel,0.395138889
agouti,0.489583333
agouti,0.5375
agouti,0.336111111
agouti,0.353472222
squirrel,0.505555556
brocket,0.832638889
agouti,0.622222222
agouti,0.708333333
paca,0.797916667
squirrel,0.286805556
agouti,0.309722222
agouti,0.313888889
ocelot,0.615972222
agouti,0.481944444
ocelot,0.758333333
agouti,0.304861111
agouti,0.3625
agouti,0.498611111
agouti,0.735416667
agouti,0.252777778
agouti,0.575694444
agouti,0.334027778
agouti,0.472916667
agouti,0.475694444
agouti,0.738194444
paca,0.952083333
rat,0.122916667
agouti,0.329166667
peccary,0.293055556
agouti,0.435416667
agouti,0.443055556
coati,0.575
agouti,0.651388889
agouti,0.733333333
paca,0.828472222
rat,0.866666667
peccary,0.961111111
rat,0.025694444
agouti,0.397916667
agouti,0.71875
paca,0.072916667
agouti,0.75
agouti,0.263888889
tamandua,0.541666667
ocelot,0.6125
tamandua,0.6375
paca,0.104861111
agouti,0.275694444
agouti,0.667361111
agouti,0.680555556
agouti,0.394444444
squirrel,0.666666667
agouti,0.731944444
squirrel,0.313888889
agouti,0.618055556
coati,0.270833333
agouti,0.326388889
squirrel,0.610416667
rat,0.834027778
rat,0.0875
coati,0.427777778
rat,0.235416667
rat,0.247916667
squirrel,0.318055556
agouti,0.686111111
rat,0.257638889
agouti,0.4
agouti,0.742361111
paca,0.150694444
paca,0.191666667
agouti,0.625
agouti,0.686805556
agouti,0.318055556
agouti,0.605555556
agouti,0.690277778
paca,0.113194444
squirrel,0.322916667
squirrel,0.625694444
peccary,0.009722222
peccary,0.386111111
agouti,0.680555556
agouti,0.68125
rat,0.823611111
agouti,0.433333333
tamandua,0.601388889
squirrel,0.377083333
rat,0.039583333
rat,0.080555556
rat,0.224305556
agouti,0.33125
agouti,0.341666667
ocelot,0.780555556
rat,0.95625
brocket,0.234027778
rat,0.238888889
rat,0.8375
rat,0.165972222
rat,0.01875
rat,0.178472222
rat,0.243055556
brocket,0.306944444
rat,0.877777778
rat,0.184722222
rat,0.226388889
rat,0.255555556
squirrel,0.347916667
rat,0.822916667
rat,0.827083333
armadillo,0.856944444
agouti,0.359027778
peccary,0.75625
peccary,0.756944444
peccary,0.757638889
peccary,0.757638889
peccary,0.758333333
peccary,0.759722222
peccary,0.759722222
peccary,0.759722222
agouti,0.373611111
agouti,0.336111111
agouti,0.336111111
agouti,0.680555556
coati,0.271527778
rat,0.834722222
agouti,0.742361111
agouti,0.743055556
rat,0.243055556
agouti,0.674305556
agouti,0.320138889
opossum,0.946527778
paca,0.088888889
paca,0.170138889
rat,0.188888889
peccary,0.218055556
agouti,0.245138889
agouti,0.253472222
agouti,0.374305556
agouti,0.696527778
paca,0.036805556
rat,0.081944444
paca,0.125
paca,0.1875
peccary,0.221527778
agouti,0.367361111
peccary,0.971527778
peccary,0.972916667
opossum,0.175
agouti,0.239583333
peccary,0.25625
agouti,0.286111111
agouti,0.288194444
agouti,0.29375
agouti,0.355555556
coati,0.565972222
peccary,0.590972222
agouti,0.625
agouti,0.625694444
peccary,0.843055556
agouti,0.240972222
agouti,0.459027778
agouti,0.46875
rat,0.814583333
peccary,0.235416667
agouti,0.243055556
agouti,0.3
peccary,0.441666667
paca,0.750694444
peccary,0.802777778
agouti,0.26875
agouti,0.311805556
agouti,0.315972222
agouti,0.322222222
agouti,0.327777778
agouti,0.328472222
agouti,0.330555556
agouti,0.332638889
agouti,0.338194444
agouti,0.352083333
agouti,0.432638889
paca,0.761805556
agouti,0.250694444
agouti,0.254166667
peccary,0.255555556
peccary,0.259722222
agouti,0.264583333
agouti,0.636805556
agouti,0.639583333
agouti,0.643055556
agouti,0.645138889
agouti,0.236111111
agouti,0.260416667
peccary,0.261111111
agouti,0.347222222
agouti,0.373611111
coati,0.504166667
coati,0.6
agouti,0.275694444
peccary,0.309027778
agouti,0.669444444
agouti,0.669444444
agouti,0.338194444
peccary,0.733333333
peccary,0.822916667
agouti,0.281944444
agouti,0.494444444
agouti,0.703472222
agouti,0.306944444
brocket,0.297222222
agouti,0.347222222
agouti,0.703472222
agouti,0.6625
squirrel,0.308333333
peccary,0.316666667
peccary,0.31875
squirrel,0.323611111
peccary,0.6375
paca,0.005555556
agouti,0.290277778
agouti,0.434027778
agouti,0.298611111
agouti,0.364583333
agouti,0.390277778
agouti,0.471527778
ocelot,0.219444444
agouti,0.409722222
agouti,0.513194444
agouti,0.729861111
peccary,0.736805556
peccary,0.7375
agouti,0.2625
agouti,0.299305556
peccary,0.813888889
paca,0.124305556
peccary,0.354166667
peccary,0.389583333
agouti,0.449305556
peccary,0.954166667
peccary,0.004861111
peccary,0.022222222
coati,0.372916667
coati,0.373611111
agouti,0.399305556
peccary,0.009027778
peccary,0.009722222
peccary,0.747222222
agouti,0.750694444
agouti,0.577083333
agouti,0.306944444
agouti,0.309027778
paca,0.096527778
paca,0.158333333
peccary,0.858333333
agouti,0.600694444
paca,0.845138889
paca,0.877083333
peccary,0.180555556
agouti,0.340972222
agouti,0.625694444
agouti,0.716666667
rat,0.031944444
rat,0.063888889
agouti,0.281944444
peccary,0.585416667
ocelot,0.997916667
rat,0.814583333
rat,0.190277778
agouti,0.395833333
agouti,0.4375
peccary,0.50625
agouti,0.589583333
agouti,0.617361111
paca,0.902083333
rat,0.147222222
agouti,0.291666667
peccary,0.330555556
peccary,0.331944444
peccary,0.333333333
agouti,0.348611111
agouti,0.578472222
peccary,0.673611111
peccary,0.680555556
rat,0.188194444
peccary,0.303472222
agouti,0.3375
agouti,0.523611111
agouti,0.618055556
brocket,0.883333333
peccary,0.078472222
paca,0.220138889
agouti,0.324305556
peccary,0.389583333
peccary,0.584722222
agouti,0.690277778
agouti,0.304861111
agouti,0.310416667
peccary,0.3125
agouti,0.391666667
peccary,0.571527778
coati,0.579861111
coati,0.580555556
agouti,0.682638889
peccary,0.290277778
agouti,0.33125
agouti,0.38125
agouti,0.403472222
peccary,0.486805556
tamandua,0.643055556
rat,0.852777778
agouti,0.413888889
peccary,0.417361111
peccary,0.425
peccary,0.506944444
rat,0.818055556
rat,0.829861111
rat,0.895833333
paca,0.935416667
rat,0.952777778
peccary,0.033333333
peccary,0.272222222
peccary,0.33125
peccary,0.331944444
peccary,0.333333333
agouti,0.575
agouti,0.586805556
agouti,0.621527778
peccary,0.673611111
peccary,0.679166667
rat,0.81875
peccary,0.878472222
agouti,0.277083333
peccary,0.304166667
peccary,0.381944444
agouti,0.659027778
agouti,0.425694444
peccary,0.357638889
peccary,0.358333333
agouti,0.559722222
mouse,0.911805556
agouti,0.652777778
peccary,0.672916667
agouti,0.680555556
coati,0.355555556
agouti,0.383333333
peccary,0.327083333
coati,0.636805556
agouti,0.513194444
agouti,0.490277778
armadillo,0.208333333
rat,0.872916667
agouti,0.690277778
rat,0.829166667
coati,0.352083333
rat,0.808333333
rat,0.017361111
rat,0.794444444
peccary,0.740972222
peccary,0.743055556
agouti,0.288888889
agouti,0.300694444
agouti,0.576388889
agouti,0.660416667
agouti,0.438888889
agouti,0.46875
agouti,0.505555556
agouti,0.675694444
agouti,0.698611111
rat,0.023611111
agouti,0.334722222
coati,0.424305556
coati,0.43125
coati,0.435416667
coati,0.436111111
peccary,0.825
peccary,0.248611111
agouti,0.250694444
agouti,0.315277778
agouti,0.328472222
agouti,0.350694444
agouti,0.366666667
rat,0.8375
peccary,0.248611111
peccary,0.251388889
agouti,0.482638889
agouti,0.345138889
peccary,0.709027778
mouse,0.855555556
agouti,0.335416667
agouti,0.340277778
ocelot,0.375
coati,0.65
agouti,0.727777778
peccary,0.901388889
peccary,0.240277778
agouti,0.278472222
agouti,0.3
agouti,0.318055556
brocket,0.649305556
peccary,0.674305556
peccary,0.711805556
peccary,0.734722222
peccary,0.893055556
peccary,0.256944444
peccary,0.258333333
coati,0.268055556
coati,0.44375
peccary,0.764583333
peccary,0.765277778
agouti,0.713194444
rat,0.827083333
rat,0.175
agouti,0.257638889
agouti,0.254861111
paca,0.876388889
rat,0.902083333
agouti,0.341666667
paca,0.992361111
agouti,0.30625
agouti,0.658333333
agouti,0.315277778
paca,0.017361111
paca,0.166666667
agouti,0.405555556
squirrel,0.572916667
agouti,0.579166667
rat,0.843055556
rat,0.075694444
agouti,0.672916667
agouti,0.674305556
agouti,0.4375
agouti,0.545138889
rat,0.879861111
rat,0.886111111
brocket,0.093055556
peccary,0.675
rat,0.9
rat,0.002083333
rat,0.894444444
rat,0.103472222
rat,0.129166667
peccary,0.663888889
peccary,0.663888889
rat,0.196527778
agouti,0.528472222
agouti,0.3125
agouti,0.313194444
agouti,0.776388889
opossum,0.072222222
agouti,0.381944444
agouti,0.470138889
agouti,0.574305556
agouti,0.647916667
agouti,0.378472222
agouti,0.663888889
agouti,0.768055556
agouti,0.411805556
agouti,0.510416667
agouti,0.709027778
opossum,0.036111111
agouti,0.452777778
agouti,0.470833333
coati,0.536111111
agouti,0.267361111
agouti,0.586805556
agouti,0.256944444
agouti,0.282638889
brocket,0.051388889
agouti,0.264583333
rat,0.142361111
agouti,0.708333333
rat,0.861111111
agouti,0.590972222
agouti,0.59375
agouti,0.6
agouti,0.641666667
agouti,0.705555556
peccary,0.3375
agouti,0.353472222
agouti,0.661805556
peccary,0.220833333
agouti,0.636111111
agouti,0.640972222
agouti,0.246527778
agouti,0.389583333
agouti,0.390972222
agouti,0.461805556
agouti,0.541666667
peccary,0.90625
peccary,0.907638889
peccary,0.027777778
agouti,0.580555556
rat,0.870138889
peccary,0.914583333
coati,0.431944444
agouti,0.488888889
agouti,0.736805556
brocket,0.284722222
agouti,0.345138889
agouti,0.686111111
brocket,0.977083333
agouti,0.290277778
squirrel,0.341666667
agouti,0.688194444
peccary,0.817361111
agouti,0.726388889
agouti,0.739583333
agouti,0.559027778
agouti,0.559722222
agouti,0.497916667
agouti,0.518055556
agouti,0.555555556
agouti,0.321527778
peccary,0.656944444
agouti,0.705555556
coati,0.488194444
coati,0.490972222
brocket,0.995138889
peccary,0.888888889
agouti,0.270138889
peccary,0.793055556
agouti,0.286111111
peccary,0.445833333
peccary,0.448611111
agouti,0.677083333
peccary,0.73125
agouti,0.659027778
rat,0.865972222
rat,0.867361111
rat,0.875694444
agouti,0.390972222
coati,0.5625
rat,0.822916667
brocket,0.979861111
agouti,0.306944444
agouti,0.570833333
agouti,0.665277778
peccary,0.772916667
agouti,0.410416667
peccary,0.39375
agouti,0.422222222
agouti,0.426388889
agouti,0.684027778
agouti,0.718055556
agouti,0.71875
agouti,0.280555556
agouti,0.557638889
peccary,0.299305556
peccary,0.300694444
agouti,0.345833333
agouti,0.64375
rat,0.898611111
agouti,0.434722222
agouti,0.674305556
rat,0.816666667
squirrel,0.272916667
agouti,0.391666667
agouti,0.654861111
rat,0.119444444
squirrel,0.447916667
peccary,0.311805556
agouti,0.377777778
rat,0.781944444
peccary,0.9125
mouse,0.938194444
mouse,0.943055556
agouti,0.359027778
paca,0.836111111
agouti,0.6375
opossum,0.197222222
rat,0.869444444
peccary,0.24375
peccary,0.538888889
brocket,0.359027778
agouti,0.327083333
ocelot,0.871527778
opossum,0.940277778
peccary,0.771527778
rat,0.251388889
agouti,0.272916667
agouti,0.273611111
agouti,0.3
agouti,0.405555556
agouti,0.515972222
squirrel,0.602083333
agouti,0.277777778
agouti,0.304861111
agouti,0.360416667
agouti,0.365277778
agouti,0.672222222
peccary,0.838194444
peccary,0.838888889
peccary,0.052083333
rat,0.127777778
agouti,0.258333333
agouti,0.298611111
agouti,0.622222222
agouti,0.736805556
agouti,0.399305556
agouti,0.519444444
agouti,0.53125
agouti,0.580555556
armadillo,0.952777778
agouti,0.275
agouti,0.29375
agouti,0.416666667
coati,0.429166667
coati,0.429861111
squirrel,0.556944444
peccary,0.838194444
peccary,0.959027778
peccary,0.959722222
peccary,0.282638889
peccary,0.284027778
agouti,0.361805556
agouti,0.363888889
agouti,0.463194444
agouti,0.470833333
agouti,0.631944444
peccary,0.084722222
agouti,0.33125
squirrel,0.353472222
agouti,0.354861111
squirrel,0.359027778
squirrel,0.369444444
agouti,0.370833333
coati,0.443055556
agouti,0.450694444
agouti,0.534722222
agouti,0.546527778
agouti,0.680555556
peccary,0.964583333
peccary,0.978472222
peccary,0.980555556
rat,0.123611111
rat,0.215972222
rat,0.255555556
peccary,0.284027778
agouti,0.441666667
agouti,0.729166667
agouti,0.253472222
agouti,0.270833333
agouti,0.274305556
peccary,0.367361111
agouti,0.432638889
agouti,0.598611111
peccary,0.604861111
agouti,0.630555556
peccary,0.7
agouti,0.709722222
agouti,0.286805556
agouti,0.422222222
agouti,0.528472222
agouti,0.604861111
peccary,0.792361111
agouti,0.270833333
agouti,0.270833333
agouti,0.706944444
peccary,0.7625
peccary,0.765972222
peccary,0.768055556
peccary,0.769444444
agouti,0.285416667
agouti,0.305555556
agouti,0.360416667
agouti,0.588194444
agouti,0.503472222
agouti,0.548611111
agouti,0.636111111
agouti,0.686805556
agouti,0.688194444
agouti,0.688888889
peccary,0.333333333
agouti,0.342361111
peccary,0.365277778
agouti,0.66875
paca,0.866666667
paca,0.907638889
agouti,0.700694444
agouti,0.746527778
agouti,0.267361111
agouti,0.28125
agouti,0.291666667
agouti,0.293055556
peccary,0.347916667
agouti,0.258333333
agouti,0.265972222
agouti,0.396527778
agouti,0.267361111
agouti,0.273611111
agouti,0.321527778
agouti,0.352083333
agouti,0.35625
agouti,0.409027778
agouti,0.534027778
agouti,0.597916667
agouti,0.718055556
agouti,0.26875
agouti,0.372916667
agouti,0.556944444
agouti,0.661805556
squirrel,0.289583333
agouti,0.375694444
agouti,0.493055556
agouti,0.672222222
agouti,0.325
agouti,0.527083333
agouti,0.570138889
agouti,0.709027778
agouti,0.265972222
agouti,0.675694444
agouti,0.680555556
peccary,0.668055556
peccary,0.680555556
rat,0.811805556
agouti,0.590972222
brocket,0.088888889
peccary,0.375
mouse,0.785416667
peccary,0.416666667
peccary,0.418055556
peccary,0.508333333
agouti,0.690277778
rat,0.230555556
agouti,0.28125
agouti,0.293055556
agouti,0.369444444
brocket,0.595138889
mouse,0.782638889
paca,0.954166667
agouti,0.311111111
agouti,0.429861111
ocelot,0.04375
brocket,0.352083333
peccary,0.361805556
agouti,0.755555556
peccary,0.857638889
brocket,0.075694444
agouti,0.289583333
peccary,0.698611111
brocket,0.749305556
peccary,0.322222222
peccary,0.322222222
agouti,0.726388889
agouti,0.304166667
armadillo,0.888888889
brocket,0.165972222
agouti,0.288194444
agouti,0.513194444
rat,0.824305556
brocket,0.922916667
peccary,0.322222222
peccary,0.348611111
peccary,0.822222222
agouti,0.394444444
agouti,0.477777778
agouti,0.497916667
paca,0.863888889
agouti,0.59375
brocket,0.598611111
agouti,0.6
armadillo,0.822222222
agouti,0.311111111
agouti,0.377777778
agouti,0.382638889
peccary,0.523611111
paca,0.140277778
agouti,0.381944444
squirrel,0.669444444
paca,0.983333333
peccary,0.326388889
agouti,0.335416667
agouti,0.459027778
agouti,0.744444444
squirrel,0.398611111
agouti,0.486805556
squirrel,0.640277778
agouti,0.708333333
coati,0.547916667
agouti,0.6
agouti,0.602777778
agouti,0.451388889
peccary,0.482638889
agouti,0.51875
agouti,0.645138889
agouti,0.706944444
rat,0.141666667
agouti,0.256944444
paca,0.920833333
paca,0.941666667
agouti,0.438194444
agouti,0.473611111
agouti,0.552083333
agouti,0.56875
agouti,0.573611111
agouti,0.579166667
agouti,0.66875
agouti,0.755555556
agouti,0.261111111
agouti,0.702083333
peccary,0.765277778
peccary,0.131944444
agouti,0.470833333
brocket,0.511805556
peccary,0.733333333
agouti,0.275694444
agouti,0.356944444
coati,0.538888889
peccary,0.706944444
agouti,0.410416667
agouti,0.658333333
agouti,0.665972222
agouti,0.305555556
agouti,0.459027778
agouti,0.665277778
agouti,0.681944444
peccary,0.714583333
agouti,0.735416667
ocelot,0.807638889
agouti,0.386805556
agouti,0.390277778
agouti,0.529166667
paca,0.851388889
rat,0.168055556
paca,0.938194444
paca,0.938888889
agouti,0.28125
agouti,0.582638889
agouti,0.299305556
agouti,0.3
agouti,0.301388889
rat,0.969444444
rat,0.139583333
squirrel,0.265972222
agouti,0.277777778
squirrel,0.288888889
agouti,0.599305556
agouti,0.609027778
tamandua,0.621527778
agouti,0.713194444
agouti,0.713888889
paca,0.80625
agouti,0.568055556
brocket,0.870833333
rat,0.245138889
agouti,0.352777778
peccary,0.671527778
agouti,0.489583333
agouti,0.493055556
agouti,0.557638889
agouti,0.725694444
brocket,0.784722222
opossum,0.970138889
opossum,0.105555556
agouti,0.422222222
agouti,0.458333333
agouti,0.459722222
agouti,0.461111111
paca,0.070833333
agouti,0.397222222
agouti,0.665277778
agouti,0.668055556
agouti,0.684722222
agouti,0.704861111
paca,0.841666667
paca,0.84375
agouti,0.365972222
agouti,0.451388889
brocket,0.129861111
agouti,0.375
agouti,0.382638889
agouti,0.404166667
agouti,0.265277778
brocket,0.488194444
brocket,0.5
coati,0.654861111
rat,0.830555556
brocket,0.9375
peccary,0.440277778
brocket,0.83125
armadillo,0.926388889
agouti,0.321527778
ocelot,0.947222222
brocket,0.003472222
brocket,0.009722222
brocket,0.013888889
peccary,0.090277778
peccary,0.093055556
peccary,0.096527778
peccary,0.123611111
peccary,0.127083333
peccary,0.1375
peccary,0.357638889
peccary,0.382638889
agouti,0.713194444
brocket,0.753472222
rat,0.863888889
brocket,0.890277778
agouti,0.333333333
agouti,0.63125
agouti,0.643055556
agouti,0.421527778
agouti,0.504166667
agouti,0.569444444
paca,0.046527778
agouti,0.740972222
rat,0.863194444
rat,0.864583333
paca,0.880555556
paca,0.895833333
agouti,0.295138889
agouti,0.623611111
agouti,0.749305556
paca,0.846527778
paca,0.827083333
paca,0.875
agouti,0.340972222
agouti,0.538888889
paca,0.827083333
paca,0.129861111
squirrel,0.430555556
agouti,0.640972222
agouti,0.404166667
agouti,0.459027778
agouti,0.350694444
agouti,0.313194444
agouti,0.343055556
agouti,0.379861111
squirrel,0.677777778
tayra,0.281944444
agouti,0.699305556
agouti,0.711805556
agouti,0.652083333
agouti,0.6625
ocelot,0.806944444
paca,0.851388889
rat,0.0375
squirrel,0.275
agouti,0.327777778
agouti,0.550694444
squirrel,0.296527778
agouti,0.719444444
agouti,0.349305556
agouti,0.461111111
ocelot,0.561805556
agouti,0.618055556
agouti,0.627083333
agouti,0.639583333
opossum,0.940972222
agouti,0.381944444
agouti,0.35625
agouti,0.377083333
agouti,0.693055556
agouti,0.658333333
opossum,0.015972222
agouti,0.570138889
agouti,0.574305556
rat,0.099305556
rat,0.235416667
agouti,0.593055556
agouti,0.729166667
rat,0.840972222
rat,0.855555556
squirrel,0.435416667
squirrel,0.483333333
rat,0.016666667
rat,0.023611111
rat,0.029166667
rat,0.072916667
rat,0.234722222
rat,0.236111111
agouti,0.448611111
rat,0.927777778
rat,0.031944444
paca,0.114583333
agouti,0.421527778
agouti,0.636111111
rat,0.2375
agouti,0.430555556
rat,0.779166667
rat,0.935416667
rat,0.245138889
paca,0.788888889
paca,0.8125
paca,0.053472222
agouti,0.760416667
paca,0.8
peccary,0.877083333
paca,0.108333333
paca,0.109722222
squirrel,0.401388889
agouti,0.484027778
agouti,0.602777778
peccary,0.780555556
peccary,0.784027778
paca,0.990277778
rat,0.138888889
agouti,0.521527778
coati,0.682638889
paca,0.863194444
paca,0.86875
agouti,0.755555556
agouti,0.760416667
brocket,0.834722222
paca,0.851388889
peccary,0.256944444
peccary,0.257638889
agouti,0.275694444
agouti,0.736805556
paca,0.830555556
paca,0.867361111
paca,0.975694444
peccary,0.29375
agouti,0.370138889
paca,0.933333333
peccary,0.298611111
agouti,0.646527778
peccary,0.663888889
peccary,0.705555556
peccary,0.714583333
paca,0.91875
agouti,0.250694444
peccary,0.290972222
peccary,0.351388889
peccary,0.584722222
peccary,0.586111111
agouti,0.592361111
agouti,0.594444444
peccary,0.598611111
peccary,0.606944444
peccary,0.607638889
agouti,0.734027778
agouti,0.751388889
peccary,0.809722222
peccary,0.813888889
peccary,0.88125
paca,0.164583333
agouti,0.284027778
squirrel,0.338194444
peccary,0.339583333
peccary,0.345138889
agouti,0.374305556
peccary,0.657638889
peccary,0.743055556
paca,0.841666667
rat,0.038888889
peccary,0.078472222
ocelot,0.240277778
agouti,0.26875
peccary,0.304861111
peccary,0.308333333
peccary,0.325
peccary,0.718055556
peccary,0.71875
peccary,0.901388889
peccary,0.911111111
peccary,0.677777778
peccary,0.679861111
peccary,0.702777778
agouti,0.734722222
peccary,0.845833333
peccary,0.847222222
peccary,0.85
peccary,0.853472222
peccary,0.85625
agouti,0.415972222
peccary,0.702083333
agouti,0.263888889
peccary,0.264583333
agouti,0.359722222
peccary,0.513888889
squirrel,0.683333333
peccary,0.777777778
peccary,0.304861111
peccary,0.305555556
agouti,0.377083333
agouti,0.704861111
peccary,0.729861111
peccary,0.743055556
peccary,0.302777778
peccary,0.304861111
peccary,0.30625
agouti,0.467361111
agouti,0.684722222
agouti,0.697222222
agouti,0.272222222
agouti,0.595833333
agouti,0.606944444
agouti,0.713194444
agouti,0.268055556
agouti,0.275694444
agouti,0.284722222
agouti,0.33125
agouti,0.338194444
agouti,0.356944444
agouti,0.366666667
agouti,0.367361111
agouti,0.400694444
agouti,0.542361111
agouti,0.611805556
agouti,0.676388889
agouti,0.727777778
ocelot,0.257638889
agouti,0.2875
agouti,0.297916667
agouti,0.316666667
agouti,0.320138889
agouti,0.327083333
agouti,0.475694444
agouti,0.484722222
agouti,0.586111111
agouti,0.5875
agouti,0.658333333
agouti,0.735416667
agouti,0.270833333
agouti,0.285416667
agouti,0.297222222
agouti,0.422222222
coati,0.633333333
agouti,0.694444444
agouti,0.703472222
agouti,0.707638889
agouti,0.263888889
agouti,0.396527778
agouti,0.404861111
agouti,0.409027778
agouti,0.445138889
agouti,0.448611111
agouti,0.574305556
peccary,0.577777778
peccary,0.579166667
agouti,0.605555556
agouti,0.652777778
agouti,0.704166667
agouti,0.71875
agouti,0.740972222
agouti,0.75625
agouti,0.266666667
agouti,0.26875
agouti,0.273611111
agouti,0.305555556
agouti,0.329861111
agouti,0.350694444
agouti,0.361805556
agouti,0.454861111
agouti,0.603472222
peccary,0.627083333
peccary,0.630555556
agouti,0.684027778
agouti,0.720833333
agouti,0.722916667
agouti,0.266666667
agouti,0.353472222
agouti,0.372222222
agouti,0.386111111
agouti,0.509722222
agouti,0.681944444
agouti,0.694444444
agouti,0.73125
agouti,0.731944444
agouti,0.267361111
agouti,0.291666667
agouti,0.304166667
agouti,0.329861111
agouti,0.345138889
agouti,0.384027778
agouti,0.391666667
agouti,0.643055556
agouti,0.690972222
agouti,0.746527778
agouti,0.411111111
agouti,0.520138889
agouti,0.522222222
agouti,0.354861111
agouti,0.647916667
agouti,0.661111111
brocket,0.725
agouti,0.728472222
agouti,0.297222222
agouti,0.724305556
agouti,0.724305556
squirrel,0.345833333
agouti,0.383333333
agouti,0.272916667
agouti,0.350694444
agouti,0.5375
agouti,0.542361111
brocket,0.622222222
peccary,0.577777778
rat,0.244444444
agouti,0.53125
rat,0.173611111
agouti,0.754166667
rat,0.824305556
rat,0.010416667
peccary,0.321527778
rat,0.802083333
rat,0.186805556
rat,0.203472222
rat,0.210416667
agouti,0.508333333
peccary,0.65
agouti,0.259027778
peccary,0.3125
paca,0.085416667
agouti,0.320138889
peccary,0.327083333
agouti,0.746527778
paca,0.8125
paca,0.985416667
squirrel,0.39375
paca,0.850694444
squirrel,0.268055556
agouti,0.291666667
agouti,0.384722222
squirrel,0.575694444
peccary,0.39375
agouti,0.550694444
agouti,0.563888889
coati,0.677083333
coati,0.68125
agouti,0.755555556
agouti,0.575694444
agouti,0.698611111
agouti,0.738194444
rat,0.901388889
agouti,0.279861111
coati,0.700694444
coati,0.702777778
paca,0.8125
peccary,0.236111111
peccary,0.334722222
agouti,0.492361111
agouti,0.673611111
agouti,0.690972222
agouti,0.699305556
agouti,0.701388889
agouti,0.71875
rat,0.211805556
coati,0.540277778
paca,0.813888889
agouti,0.26875
squirrel,0.313194444
agouti,0.464583333
agouti,0.602777778
agouti,0.420833333
agouti,0.744444444
agouti,0.758333333
agouti,0.759722222
rat,0.884027778
agouti,0.477083333
agouti,0.505555556
agouti,0.592361111
agouti,0.310416667
paca,0.097222222
agouti,0.552777778
coati,0.626388889
agouti,0.347916667
peccary,0.486111111
agouti,0.663888889
coati,0.695138889
agouti,0.715277778
agouti,0.701388889
rat,0.795833333
brocket,0.819444444
ocelot,0.836805556
paca,0.05625
paca,0.061805556
coati,0.689583333
coati,0.697916667
rat,0.89375
agouti,0.6625
agouti,0.389583333
coati,0.518055556
agouti,0.563194444
agouti,0.501388889
paca,0.817361111
agouti,0.536805556
rat,0.7875
paca,0.809027778
squirrel,0.269444444
agouti,0.314583333
rat,0.809722222
tayra,0.327083333
agouti,0.65625
peccary,0.714583333
agouti,0.729861111
ocelot,0.814583333
agouti,0.342361111
agouti,0.354166667
agouti,0.354861111
peccary,0.304166667
agouti,0.452777778
agouti,0.452777778
agouti,0.453472222
peccary,0.897916667
peccary,0.9125
armadillo,0.095138889
agouti,0.682638889
agouti,0.709722222
agouti,0.359027778
coati,0.546527778
squirrel,0.720138889
agouti,0.284722222
tamandua,0.48125
peccary,0.713888889
peccary,0.717361111
coati,0.544444444
brocket,0.836111111
armadillo,0.985416667
armadillo,0.9875
armadillo,0.036111111
brocket,0.613194444
paca,0.865972222
peccary,0.952083333
rat,0.966666667
peccary,0.229861111
ocelot,0.729166667
squirrel,0.354166667
peccary,0.3625
peccary,0.831944444
paca,0.885416667
agouti,0.293055556
agouti,0.371527778
coati,0.464583333
brocket,0.638194444
paca,0.840277778
paca,0.118055556
agouti,0.279166667
agouti,0.3625
paca,0.869444444
peccary,0.119444444
peccary,0.910416667
paca,0.057638889
peccary,0.275694444
peccary,0.276388889
brocket,0.690972222
peccary,0.116666667
agouti,0.315972222
peccary,0.332638889
peccary,0.363888889
paca,0.906944444
agouti,0.529166667
agouti,0.583333333
agouti,0.657638889
agouti,0.658333333
mouse,0.841666667
rat,0.929166667
rat,0.213888889
agouti,0.2875
agouti,0.377083333
agouti,0.377777778
rat,0.846527778
rat,0.236111111
squirrel,0.398611111
agouti,0.435416667
agouti,0.574305556
peccary,0.697222222
rat,0.194444444
rat,0.249305556
agouti,0.286111111
agouti,0.386805556
rat,0.0125
rat,0.020138889
rat,0.045833333
rat,0.115972222
rat,0.242361111
rat,0.25
agouti,0.270138889
agouti,0.284027778
agouti,0.726388889
agouti,0.738888889
rat,0.800694444
rat,0.927083333
rat,0.996527778
rat,0.195138889
rat,0.271527778
agouti,0.282638889
agouti,0.39375
agouti,0.504861111
rat,0.761111111
rat,0.835416667
rat,0.836111111
rat,0.844444444
rat,0.9125
rat,0.945138889
rat,0.969444444
rat,0.229861111
agouti,0.278472222
squirrel,0.73125
agouti,0.747916667
rat,0.84375
rat,0.109722222
rat,0.222916667
agouti,0.3125
agouti,0.314583333
rat,0.2625
squirrel,0.295833333
agouti,0.332638889
agouti,0.359722222
agouti,0.668055556
rat,0.033333333
rat,0.248611111
rat,0.263888889
coati,0.413194444
coati,0.413888889
coati,0.414583333
agouti,0.510416667
agouti,0.516666667
agouti,0.534722222
agouti,0.575694444
peccary,0.74375
mouse,0.05
peccary,0.061111111
agouti,0.284027778
agouti,0.359722222
agouti,0.638888889
agouti,0.681944444
agouti,0.739583333
paca,0.021527778
paca,0.028472222
peccary,0.713194444
peccary,0.715972222
peccary,0.716666667
agouti,0.463888889
agouti,0.464583333
agouti,0.694444444
squirrel,0.71875
peccary,0.761111111
peccary,0.868055556
paca,0.903472222
rat,0.976388889
peccary,0.364583333
armadillo,0.965277778
rat,0.015972222
agouti,0.341666667
peccary,0.394444444
agouti,0.499305556
peccary,0.584722222
paca,0.838888889
peccary,0.907638889
paca,0.009722222
paca,0.044444444
agouti,0.393055556
peccary,0.589583333
squirrel,0.630555556
agouti,0.6375
peccary,0.684027778
paca,0.915277778
agouti,0.343055556
peccary,0.546527778
paca,0.893055556
paca,0.075694444
agouti,0.309722222
agouti,0.350694444
squirrel,0.397916667
agouti,0.555555556
agouti,0.557638889
peccary,0.56875
agouti,0.734722222
paca,0.86875
armadillo,0.933333333
agouti,0.590972222
agouti,0.490972222
brocket,0.6
peccary,0.691666667
peccary,0.852083333
peccary,0.026388889
peccary,0.266666667
agouti,0.276388889
agouti,0.285416667
agouti,0.311111111
agouti,0.356944444
agouti,0.45
agouti,0.451388889
agouti,0.452083333
brocket,0.611805556
brocket,0.614583333
brocket,0.665972222
brocket,0.696527778
brocket,0.922222222
paca,0.022222222
paca,0.106944444
brocket,0.294444444
brocket,0.295138889
brocket,0.297222222
agouti,0.365277778
agouti,0.496527778
brocket,0.654166667
agouti,0.283333333
agouti,0.611805556
brocket,0.216666667
agouti,0.30625
peccary,0.455555556
agouti,0.471527778
brocket,0.521527778
agouti,0.678472222
agouti,0.732638889
rat,0.039583333
peccary,0.484027778
rat,0.055555556
brocket,0.265972222
brocket,0.277083333
agouti,0.344444444
agouti,0.498611111
agouti,0.554166667
armadillo,0.130555556
brocket,0.577777778
peccary,0.655555556
agouti,0.730555556
armadillo,0.109027778
armadillo,0.131944444
paca,0.150694444
brocket,0.340277778
agouti,0.486805556
agouti,0.540277778
brocket,0.647916667
brocket,0.652777778
mouse,0.876388889
agouti,0.272916667
agouti,0.491666667
agouti,0.651388889
agouti,0.346527778
agouti,0.306944444
agouti,0.276388889
ocelot,0.165972222
peccary,0.257638889
peccary,0.260416667
peccary,0.263194444
peccary,0.383333333
peccary,0.499305556
rat,0.802083333
agouti,0.385416667
agouti,0.325694444
agouti,0.3
agouti,0.286805556
agouti,0.255555556
agouti,0.427777778
agouti,0.663888889
agouti,0.334722222
agouti,0.509722222
agouti,0.588194444
agouti,0.440972222
agouti,0.697916667
agouti,0.276388889
coati,0.404861111
ocelot,0.302777778
coati,0.486111111
coati,0.470833333
paca,0.868055556
agouti,0.610416667
agouti,0.302083333
agouti,0.304861111
agouti,0.30625
agouti,0.3375
coati,0.417361111
rat,0.893055556
rat,0.088888889
rat,0.132638889
rat,0.072916667
ocelot,0.147916667
agouti,0.627777778
rat,0.070138889
rat,0.897222222
agouti,0.696527778
paca,0.134722222
paca,0.138888889
agouti,0.417361111
agouti,0.557638889
paca,0.188194444
agouti,0.310416667
agouti,0.417361111
agouti,0.711805556
agouti,0.278472222
agouti,0.309027778
agouti,0.720833333
agouti,0.248611111
agouti,0.635416667
agouti,0.634722222
ocelot,0.025
agouti,0.291666667
coati,0.336805556
agouti,0.708333333
agouti,0.502777778
ocelot,0.852777778
ocelot,0.247916667
agouti,0.257638889
rat,0.002777778
armadillo,0.145833333
rat,0.805555556
agouti,0.309027778
agouti,0.4875
armadillo,0.920138889
agouti,0.390972222
rat,0.20625
agouti,0.722916667
ocelot,0.844444444
ocelot,0.084722222
ocelot,0.406944444
rat,0.111805556
agouti,0.259027778
agouti,0.271527778
rat,0.907638889
tamandua,0.70625
tamandua,0.720138889
tamandua,0.729861111
ocelot,0.854166667
squirrel,0.311111111
rat,0.859722222
paca,0.013194444
rat,0.054166667
rat,0.808333333
ocelot,0.823611111
paca,0.046527778
armadillo,0.831944444
agouti,0.485416667
agouti,0.492361111
agouti,0.393055556
agouti,0.396527778
rat,0.009027778
paca,0.988194444
ocelot,0.109722222
agouti,0.327777778
agouti,0.707638889
agouti,0.714583333
agouti,0.277083333
agouti,0.286805556
agouti,0.288194444
agouti,0.309027778
agouti,0.408333333
agouti,0.709027778
rat,0.009722222
rat,0.945833333
rat,0.091666667
agouti,0.449305556
agouti,0.744444444
rat,0.001388889
rat,0.085416667
agouti,0.310416667
agouti,0.686111111
rat,0.116666667
rat,0.166666667
agouti,0.302083333
rat,0.216666667
agouti,0.26875
agouti,0.341666667
agouti,0.342361111
agouti,0.705555556
rat,0.804166667
rat,0.940277778
agouti,0.663888889
tamandua,0.791666667
ocelot,0.646527778
agouti,0.689583333
tayra,0.329861111
ocelot,0.446527778
ocelot,0.189583333
peccary,0.754861111
peccary,0.757638889
peccary,0.758333333
agouti,0.7125
peccary,0.738194444
peccary,0.739583333
ocelot,0.0375
agouti,0.307638889
agouti,0.469444444
agouti,0.475
agouti,0.670138889
ocelot,0.825694444
agouti,0.308333333
agouti,0.549305556
agouti,0.748611111
agouti,0.755555556
rat,0.175
mouse,0.175
agouti,0.48125
agouti,0.752083333
brocket,0.247222222
agouti,0.259722222
agouti,0.459027778
rat,0.159027778
agouti,0.586805556
squirrel,0.305555556
agouti,0.359027778
agouti,0.364583333
rat,0.11875
agouti,0.306944444
squirrel,0.319444444
agouti,0.720138889
peccary,0.047222222
ocelot,0.25625
agouti,0.275
agouti,0.283333333
agouti,0.286111111
agouti,0.304861111
agouti,0.315972222
agouti,0.425
rat,0.781944444
rat,0.789583333
agouti,0.6875
rat,0.882638889
coati,0.476388889
agouti,0.634027778
agouti,0.297222222
agouti,0.297916667
agouti,0.388888889
agouti,0.721527778
agouti,0.248611111
squirrel,0.373611111
agouti,0.681944444
agouti,0.258333333
agouti,0.258333333
agouti,0.265972222
agouti,0.265972222
agouti,0.281944444
agouti,0.690277778
ocelot,0.840972222
agouti,0.264583333
agouti,0.724305556
agouti,0.729166667
agouti,0.338194444
agouti,0.360416667
agouti,0.415972222
agouti,0.741666667
peccary,0.783333333
agouti,0.263888889
agouti,0.266666667
squirrel,0.284722222
agouti,0.361805556
agouti,0.638888889
ocelot,0.773611111
agouti,0.620138889
ocelot,0.807638889
agouti,0.272916667
agouti,0.3875
agouti,0.403472222
agouti,0.66875
paca,0.805555556
paca,0.808333333
agouti,0.347916667
paca,0.815277778
peccary,0.904861111
peccary,0.911805556
peccary,0.269444444
agouti,0.329166667
agouti,0.655555556
peccary,0.759027778
peccary,0.761111111
paca,0.861805556
peccary,0.742361111
agouti,0.748611111
peccary,0.247916667
agouti,0.259722222
agouti,0.763194444
paca,0.808333333
agouti,0.288888889
agouti,0.379166667
agouti,0.579861111
agouti,0.761805556
peccary,0.213888889
agouti,0.25
agouti,0.422222222
agouti,0.474305556
tamandua,0.679166667
peccary,0.803472222
paca,0.838888889
agouti,0.613888889
paca,0.815972222
paca,0.18125
peccary,0.895138889
paca,0.113888889
agouti,0.25625
peccary,0.771527778
ocelot,0.03125
agouti,0.382638889
peccary,0.705555556
paca,0.075
peccary,0.216666667
paca,0.063888889
agouti,0.384027778
agouti,0.420833333
agouti,0.547916667
paca,0.9
paca,0.016666667
paca,0.03125
paca,0.056944444
paca,0.082638889
paca,0.09375
paca,0.2
agouti,0.260416667
agouti,0.408333333
agouti,0.513194444
agouti,0.536805556
agouti,0.538888889
agouti,0.779861111
agouti,0.251388889
peccary,0.259722222
agouti,0.297222222
agouti,0.298611111
agouti,0.5
agouti,0.5375
agouti,0.544444444
agouti,0.558333333
agouti,0.559722222
agouti,0.729166667
agouti,0.745833333
agouti,0.363194444
agouti,0.723611111
agouti,0.425
agouti,0.320138889
agouti,0.542361111
agouti,0.570833333
agouti,0.573611111
agouti,0.705555556
agouti,0.295833333
agouti,0.321527778
agouti,0.338888889
agouti,0.283333333
agouti,0.326388889
brocket,0.331944444
tamandua,0.383333333
agouti,0.303472222
agouti,0.659027778
brocket,0.904166667
peccary,0.2625
agouti,0.282638889
agouti,0.386111111
agouti,0.339583333
squirrel,0.371527778
agouti,0.379166667
agouti,0.386111111
rat,0.028472222
ocelot,0.148611111
rat,0.7875
opossum,0.264583333
agouti,0.360416667
tayra,0.50625
agouti,0.328472222
rat,0.788888889
agouti,0.704166667
tayra,0.3125
tayra,0.351388889
tayra,0.317361111
brocket,0.78125
paca,0.1375
agouti,0.265972222
agouti,0.294444444
peccary,0.299305556
peccary,0.352083333
agouti,0.277777778
agouti,0.717361111
rat,0.890277778
agouti,0.270138889
agouti,0.310416667
agouti,0.311111111
agouti,0.3125
agouti,0.380555556
ocelot,0.820833333
agouti,0.286805556
ocelot,0.823611111
armadillo,0.968055556
rat,0.966666667
agouti,0.341666667
brocket,0.759722222
ocelot,0.522222222
rat,0.825694444
ocelot,0.031944444
rat,0.143055556
rat,0.047916667
rat,0.075694444
rat,0.1
paca,0.89375
paca,0.147222222
agouti,0.301388889
agouti,0.372916667
coati,0.453472222
agouti,0.559722222
rat,0.11875
paca,0.982638889
rat,0.157638889
rat,0.161805556
rat,0.206944444
rat,0.146527778
rat,0.191666667
paca,0.232638889
agouti,0.284027778
agouti,0.358333333
tamandua,0.475
brocket,0.711111111
peccary,0.797222222
peccary,0.798611111
peccary,0.800694444
agouti,0.604861111
peccary,0.783333333
squirrel,0.277777778
peccary,0.360416667
peccary,0.361111111
peccary,0.368055556
agouti,0.616666667
agouti,0.626388889
peccary,0.804861111
peccary,0.805555556
peccary,0.813888889
peccary,0.815277778
peccary,0.815972222
opossum,0.941666667
peccary,0.015277778
peccary,0.015972222
agouti,0.308333333
agouti,0.389583333
peccary,0.416666667
agouti,0.585416667
peccary,0.077083333
agouti,0.270138889
agouti,0.284027778
agouti,0.288194444
peccary,0.309027778
squirrel,0.309027778
peccary,0.309722222
agouti,0.384722222
agouti,0.59375
agouti,0.594444444
agouti,0.664583333
peccary,0.804861111
peccary,0.805555556
agouti,0.296527778
agouti,0.435416667
peccary,0.791666667
rat,0.013194444
agouti,0.333333333
agouti,0.281944444
agouti,0.606944444
paca,0.984027778
paca,0.99375
rat,0.140277778
agouti,0.311805556
agouti,0.342361111
agouti,0.567361111
rat,0.027083333
rat,0.046527778
rat,0.047222222
agouti,0.389583333
agouti,0.39375
peccary,0.426388889
peccary,0.433333333
agouti,0.445833333
peccary,0.604166667
peccary,0.60625
agouti,0.727777778
rat,0.842361111
rat,0.879166667
agouti,0.354861111
agouti,0.748611111
agouti,0.760416667
squirrel,0.296527778
rat,0.804861111
agouti,0.301388889
agouti,0.406944444
agouti,0.666666667
rat,0.752083333
rat,0.761111111
rat,0.814583333
rat,0.830555556
rat,0.920138889
agouti,0.415972222
rat,0.763194444
agouti,0.373611111
agouti,0.417361111
agouti,0.670833333
rat,0.204861111
paca,0.234027778
rat,0.765972222
agouti,0.440277778
rat,0.769444444
rat,0.945833333
agouti,0.365277778
agouti,0.563194444
rat,0.804861111
rat,0.050694444
agouti,0.577777778
rat,0.773611111
rat,0.252083333
rat,0.26875
agouti,0.457638889
agouti,0.725694444
agouti,0.742361111
squirrel,0.290972222
agouti,0.450694444
peccary,0.613888889
paca,0.791666667
agouti,0.318055556
agouti,0.507638889
agouti,0.679166667
peccary,0.129166667
agouti,0.325694444
agouti,0.33125
peccary,0.86875
brocket,0.027777778
agouti,0.563194444
agouti,0.705555556
agouti,0.363194444
agouti,0.502083333
ocelot,0.818055556
brocket,0.16875
agouti,0.666666667
agouti,0.269444444
peccary,0.733333333
peccary,0.736805556
peccary,0.063888889
rat,0.131944444
agouti,0.377777778
agouti,0.479166667
agouti,0.715972222
peccary,0.722916667
rat,0.814583333
peccary,0.6625
peccary,0.665972222
peccary,0.725
paca,0.135416667
peccary,0.854166667
peccary,0.855555556
peccary,0.857638889
rat,0.167361111
rat,0.773611111
peccary,0.261111111
agouti,0.39375
peccary,0.711805556
peccary,0.713194444
peccary,0.890277778
rat,0.929166667
peccary,0.019444444
rat,0.048611111
rat,0.146527778
peccary,0.832638889
peccary,0.834722222
peccary,0.847222222
rat,0.240277778
ocelot,0.734027778
squirrel,0.640277778
ocelot,0.735416667
mouse,0.799305556
agouti,0.277083333
agouti,0.595833333
agouti,0.629861111
agouti,0.66875
agouti,0.482638889
agouti,0.622916667
coati,0.710416667
brocket,0.8875
peccary,0.290277778
peccary,0.293055556
agouti,0.4375
agouti,0.650694444
peccary,0.70625
peccary,0.739583333
peccary,0.742361111
rat,0.833333333
brocket,0.004861111
peccary,0.053472222
paca,0.092361111
paca,0.095138889
peccary,0.180555556
agouti,0.279861111
brocket,0.296527778
peccary,0.322222222
peccary,0.324305556
peccary,0.326388889
peccary,0.333333333
agouti,0.530555556
agouti,0.590972222
agouti,0.754861111
peccary,0.783333333
peccary,0.784027778
peccary,0.317361111
peccary,0.329166667
agouti,0.420833333
agouti,0.443055556
agouti,0.471527778
squirrel,0.61875
peccary,0.633333333
peccary,0.636111111
peccary,0.697222222
peccary,0.282638889
peccary,0.315972222
brocket,0.336111111
peccary,0.338888889
agouti,0.658333333
peccary,0.679861111
paca,0.927777778
brocket,0.33125
agouti,0.354166667
agouti,0.35625
agouti,0.384027778
brocket,0.423611111
agouti,0.513194444
agouti,0.519444444
agouti,0.736805556
peccary,0.841666667
rat,0.974305556
agouti,0.542361111
agouti,0.639583333
agouti,0.659027778
peccary,0.760416667
peccary,0.763888889
paca,0.224305556
agouti,0.267361111
peccary,0.274305556
peccary,0.277083333
peccary,0.313888889
agouti,0.367361111
peccary,0.95
paca,0.2
peccary,0.263194444
peccary,0.432638889
tayra,0.552083333
agouti,0.242361111
rat,0.847916667
rat,0.042361111
brocket,0.401388889
paca,0.050694444
agouti,0.400694444
agouti,0.270833333
rat,0.077777778
paca,0.159722222
paca,0.885416667
coati,0.392361111
coati,0.393055556
coati,0.39375
agouti,0.620138889
agouti,0.670138889
agouti,0.358333333
agouti,0.498611111
paca,0.072916667
agouti,0.443055556
rat,0.790972222
rat,0.197222222
rat,0.235416667
brocket,0.029166667
brocket,0.558333333
brocket,0.070833333
rat,0.063888889
brocket,0.895833333
brocket,0.122222222
agouti,0.436805556
agouti,0.438194444
peccary,0.929166667
peccary,0.936111111
agouti,0.707638889
agouti,0.733333333
rat,0.8
peccary,0.886111111
coati,0.519444444
peccary,0.715972222
peccary,0.717361111
peccary,0.726388889
agouti,0.320833333
coati,0.432638889
coati,0.433333333
peccary,0.454166667
agouti,0.697916667
peccary,0.829166667
paca,0.031944444
agouti,0.265972222
peccary,0.622916667
peccary,0.705555556
rat,0.222916667
rat,0.233333333
peccary,0.327083333
peccary,0.329166667
brocket,0.3625
brocket,0.511805556
peccary,0.595138889
peccary,0.694444444
peccary,0.695833333
brocket,0.020833333
brocket,0.0375
peccary,0.260416667
agouti,0.2625
squirrel,0.275
agouti,0.276388889
peccary,0.279861111
agouti,0.280555556
peccary,0.284027778
peccary,0.289583333
agouti,0.336805556
peccary,0.397222222
agouti,0.711805556
peccary,0.742361111
peccary,0.74375
peccary,0.75
brocket,0.9625
brocket,0.294444444
peccary,0.297916667
brocket,0.310416667
peccary,0.311805556
brocket,0.311805556
peccary,0.3125
brocket,0.392361111
brocket,0.402083333
peccary,0.747916667
peccary,0.752083333
peccary,0.759027778
peccary,0.759722222
rat,0.188888889
agouti,0.28125
peccary,0.296527778
brocket,0.296527778
peccary,0.302777778
peccary,0.307638889
brocket,0.307638889
brocket,0.311805556
peccary,0.313194444
peccary,0.320138889
peccary,0.402777778
agouti,0.735416667
coati,0.519444444
peccary,0.713194444
agouti,0.311805556
squirrel,0.379166667
agouti,0.403472222
coati,0.432638889
tamandua,0.581944444
agouti,0.700694444
agouti,0.280555556
squirrel,0.302777778
paca,0.097916667
peccary,0.597222222
peccary,0.700694444
agouti,0.747222222
peccary,0.3
agouti,0.363194444
peccary,0.452777778
peccary,0.535416667
agouti,0.578472222
peccary,0.611805556
agouti,0.713888889
peccary,0.73125
agouti,0.277777778
agouti,0.320138889
peccary,0.324305556
peccary,0.33125
brocket,0.338194444
peccary,0.449305556
coati,0.579166667
peccary,0.708333333
squirrel,0.325
rat,0.18125
rat,0.947222222
rat,0.957638889
rat,0.826388889
tamandua,0.651388889
rat,0.803472222
peccary,0.393055556
peccary,0.398611111
squirrel,0.4375
tamandua,0.534722222
tamandua,0.745833333
paca,0.070138889
peccary,0.397222222
armadillo,0.16875
agouti,0.296527778
agouti,0.577777778
agouti,0.585416667
paca,0.796527778
agouti,0.428472222
paca,0.020138889
brocket,0.708333333
agouti,0.729861111
rat,0.126388889
armadillo,0.239583333
agouti,0.284722222
rat,0.179861111
agouti,0.517361111
rat,0.010416667
paca,0.213888889
peccary,0.327083333
agouti,0.653472222
rat,0.047222222
agouti,0.428472222
agouti,0.350694444
agouti,0.417361111
agouti,0.459722222
agouti,0.602083333
squirrel,0.685416667
peccary,0.775
rat,0.129166667
agouti,0.282638889
agouti,0.310416667
ocelot,0.316666667
agouti,0.611805556
agouti,0.636111111
agouti,0.548611111
agouti,0.603472222
agouti,0.624305556
agouti,0.26875
agouti,0.419444444
agouti,0.570833333
agouti,0.747916667
brocket,0.029166667
peccary,0.635416667
agouti,0.74375
agouti,0.452083333
agouti,0.645833333
agouti,0.729166667
agouti,0.385416667
agouti,0.441666667
agouti,0.44375
agouti,0.324305556
ocelot,0.340277778
agouti,0.447916667
agouti,0.552777778
agouti,0.722916667
agouti,0.754166667
peccary,0.777083333
agouti,0.277083333
agouti,0.384027778
agouti,0.752777778
agouti,0.292361111
agouti,0.393055556
agouti,0.408333333
agouti,0.611111111
agouti,0.658333333
agouti,0.299305556
agouti,0.624305556
agouti,0.397916667
agouti,0.4
agouti,0.552083333
agouti,0.722916667
agouti,0.739583333
agouti,0.397916667
rat,0.065277778
agouti,0.336805556
agouti,0.721527778
peccary,0.716666667
agouti,0.743055556
squirrel,0.309027778
agouti,0.345833333
coati,0.628472222
peccary,0.661111111
agouti,0.366666667
agouti,0.415277778
peccary,0.196527778
agouti,0.564583333
opossum,0.145138889
coati,0.550694444
agouti,0.699305556
peccary,0.738194444
agouti,0.611805556
agouti,0.624305556
agouti,0.28125
agouti,0.296527778
peccary,0.69375
agouti,0.703472222
agouti,0.416666667
agouti,0.469444444
agouti,0.731944444
agouti,0.740277778
rat,0.263888889
agouti,0.379861111
agouti,0.538888889
agouti,0.288888889
coati,0.353472222
agouti,0.486805556
agouti,0.641666667
agouti,0.765277778
peccary,0.952777778
peccary,0.0375
peccary,0.304861111
peccary,0.307638889
agouti,0.372916667
peccary,0.55625
agouti,0.720138889
peccary,0.826388889
peccary,0.827083333
peccary,0.332638889
agouti,0.392361111
peccary,0.454166667
agouti,0.543055556
peccary,0.604861111
ocelot,0.261111111
squirrel,0.488194444
agouti,0.497222222
agouti,0.575694444
agouti,0.753472222
peccary,0.813888889
agouti,0.751388889
peccary,0.786805556
peccary,0.1375
peccary,0.417361111
agouti,0.421527778
ocelot,0.581944444
agouti,0.752777778
agouti,0.288194444
agouti,0.554861111
agouti,0.568055556
agouti,0.571527778
agouti,0.574305556
agouti,0.577083333
agouti,0.70625
agouti,0.761111111
agouti,0.438888889
peccary,0.774305556
peccary,0.778472222
ocelot,0.817361111
peccary,0.827083333
paca,0.836111111
squirrel,0.356944444
agouti,0.705555556
peccary,0.827777778
agouti,0.279166667
agouti,0.279861111
agouti,0.553472222
rat,0.205555556
agouti,0.379861111
agouti,0.730555556
agouti,0.390972222
agouti,0.377777778
agouti,0.447222222
agouti,0.472916667
agouti,0.338888889
agouti,0.481944444
agouti,0.586111111
agouti,0.422222222
agouti,0.425
agouti,0.270833333
agouti,0.404861111
peccary,0.75
peccary,0.233333333
peccary,0.234027778
agouti,0.361111111
agouti,0.463194444
agouti,0.515277778
agouti,0.554861111
agouti,0.555555556
agouti,0.577083333
agouti,0.599305556
agouti,0.601388889
agouti,0.607638889
agouti,0.629861111
agouti,0.636805556
peccary,0.804166667
brocket,0.854166667
brocket,0.056944444
agouti,0.270138889
agouti,0.292361111
agouti,0.295833333
brocket,0.629861111
paca,0.194444444
peccary,0.267361111
agouti,0.270833333
peccary,0.294444444
agouti,0.553472222
agouti,0.554861111
tamandua,0.719444444
peccary,0.884722222
peccary,0.889583333
peccary,0.961805556
paca,0.131944444
brocket,0.257638889
agouti,0.286111111
agouti,0.297916667
agouti,0.329166667
agouti,0.575
agouti,0.620833333
peccary,0.74375
brocket,0.001388889
paca,0.138888889
peccary,0.14375
peccary,0.14375
paca,0.159027778
peccary,0.288888889
tayra,0.510416667
agouti,0.619444444
agouti,0.659027778
brocket,0.969444444
brocket,0.122222222
tamandua,0.429166667
brocket,0.436805556
paca,0.789583333
paca,0.856944444
brocket,0.951388889
agouti,0.261805556
agouti,0.270138889
agouti,0.300694444
agouti,0.4875
peccary,0.346527778
brocket,0.891666667
brocket,0.083333333
brocket,0.126388889
agouti,0.28125
agouti,0.699305556
peccary,0.065972222
peccary,0.189583333
agouti,0.304166667
agouti,0.732638889
coati,0.727083333
agouti,0.299305556
agouti,0.3
coati,0.285416667
brocket,0.841666667
coati,0.445833333
coati,0.610416667
brocket,0.964583333
agouti,0.452083333
agouti,0.534722222
agouti,0.745138889
agouti,0.461805556
agouti,0.540972222
agouti,0.483333333
peccary,0.758333333
peccary,0.830555556
peccary,0.01875
peccary,0.1125
agouti,0.268055556
agouti,0.300694444
agouti,0.302083333
squirrel,0.336805556
agouti,0.4625
rat,0.173611111
agouti,0.271527778
agouti,0.29375
agouti,0.296527778
agouti,0.320138889
agouti,0.335416667
peccary,0.358333333
squirrel,0.370833333
agouti,0.649305556
agouti,0.732638889
agouti,0.320833333
peccary,0.331944444
peccary,0.436805556
agouti,0.603472222
agouti,0.733333333
rat,0.836805556
brocket,0.025
agouti,0.335416667
agouti,0.35
agouti,0.545138889
agouti,0.725
agouti,0.323611111
agouti,0.766666667
rat,0.86875
agouti,0.460416667
agouti,0.535416667
agouti,0.619444444
squirrel,0.307638889
agouti,0.369444444
agouti,0.399305556
squirrel,0.453472222
agouti,0.565972222
coati,0.703472222
coati,0.705555556
peccary,0.105555556
agouti,0.284027778
agouti,0.413194444
agouti,0.691666667
agouti,0.693055556
agouti,0.709027778
agouti,0.270833333
agouti,0.465972222
peccary,0.840277778
peccary,0.841666667
rat,0.061805556
agouti,0.359027778
agouti,0.374305556
agouti,0.393055556
agouti,0.6625
rat,0.772916667
ocelot,0.884027778
rat,0.990972222
peccary,0.263194444
ocelot,0.870138889
rat,0.000694444
rat,0.134722222
agouti,0.577083333
squirrel,0.274305556
agouti,0.493055556
peccary,0.770138889
agouti,0.282638889
agouti,0.354166667
agouti,0.392361111
brocket,0.95
brocket,0.931944444
squirrel,0.499305556
agouti,0.363194444
paca,0.827777778
paca,0.829166667
mouse,0.877083333
brocket,0.120833333
rat,0.260416667
brocket,0.301388889
coati,0.308333333
paca,0.893055556
brocket,0.176388889
peccary,0.80625
paca,0.918055556
rat,0.975
paca,0.804166667
paca,0.843055556
paca,0.002083333
paca,0.059027778
paca,0.853472222
paca,0.834027778
paca,0.036111111
agouti,0.707638889
paca,0.952083333
paca,0.813194444
agouti,0.340972222
agouti,0.345138889
rat,0.039583333
rat,0.104166667
paca,0.983333333
rat,0.196527778
agouti,0.275
agouti,0.31875
tamandua,0.488888889
agouti,0.501388889
rat,0.269444444
brocket,0.275
coati,0.328472222
coati,0.330555556
agouti,0.576388889
armadillo,0.11875
paca,0.147222222
rat,0.223611111
agouti,0.359722222
rat,0.251388889
agouti,0.270138889
rat,0.272222222
rat,0.273611111
agouti,0.366666667
agouti,0.696527778
agouti,0.725
peccary,0.088888889
peccary,0.042361111
rat,0.100694444
opossum,0.057638889
agouti,0.429861111
agouti,0.361805556
agouti,0.658333333
peccary,0.779861111
rat,0.86875
rat,0.891666667
rat,0.901388889
rat,0.902777778
rat,0.909722222
rat,0.133333333
rat,0.2375
peccary,0.754166667
agouti,0.71875
peccary,0.285416667
coati,0.373611111
agouti,0.500694444
agouti,0.502777778
agouti,0.38125
peccary,0.875
brocket,0.186805556
agouti,0.294444444
peccary,0.567361111
peccary,0.570138889
tamandua,0.68125
peccary,0.919444444
agouti,0.302083333
agouti,0.366666667
agouti,0.283333333
agouti,0.336111111
agouti,0.338194444
agouti,0.275694444
brocket,0.277083333
agouti,0.322916667
agouti,0.3625
agouti,0.374305556
tayra,0.589583333
agouti,0.700694444
agouti,0.290972222
agouti,0.270833333
agouti,0.356944444
peccary,0.370833333
brocket,0.863888889
ocelot,0.052083333
agouti,0.348611111
agouti,0.745138889
peccary,0.741666667
peccary,0.74375
peccary,0.266666667
peccary,0.327777778
squirrel,0.421527778
agouti,0.503472222
agouti,0.555555556
paca,0.814583333
squirrel,0.309722222
agouti,0.372222222
agouti,0.589583333
agouti,0.6
agouti,0.645138889
ocelot,0.747916667
peccary,0.288194444
peccary,0.788888889
peccary,0.793055556
peccary,0.795138889
agouti,0.561111111
agouti,0.565972222
agouti,0.573611111
agouti,0.409027778
agouti,0.439583333
paca,0.09375
peccary,0.317361111
peccary,0.605555556
agouti,0.314583333
agouti,0.747222222
paca,0.823611111
rat,0.002083333
agouti,0.345138889
agouti,0.366666667
peccary,0.772916667
peccary,0.777777778
peccary,0.777777778
peccary,0.78125
agouti,0.296527778
agouti,0.328472222
agouti,0.338888889
agouti,0.484722222
rat,0.876388889
paca,0.99375
paca,0.110416667
agouti,0.286805556
agouti,0.607638889
rat,0.075
paca,0.161805556
paca,0.164583333
agouti,0.665972222
agouti,0.666666667
agouti,0.708333333
agouti,0.305555556
agouti,0.334027778
squirrel,0.347916667
agouti,0.441666667
rat,0.194444444
agouti,0.309722222
agouti,0.311111111
agouti,0.43125
agouti,0.457638889
agouti,0.665972222
agouti,0.729166667
rat,0.827083333
rat,0.829166667
agouti,0.4
agouti,0.452777778
agouti,0.453472222
agouti,0.533333333
agouti,0.563194444
paca,0.861805556
rat,0.188194444
agouti,0.479861111
ocelot,0.861111111
agouti,0.275
agouti,0.425694444
agouti,0.5625
agouti,0.339583333
agouti,0.350694444
agouti,0.4
agouti,0.402083333
agouti,0.609027778
agouti,0.626388889
rat,0.817361111
rat,0.013194444
agouti,0.279861111
agouti,0.388194444
agouti,0.370138889
rat,0.838194444
rat,0.914583333
agouti,0.286111111
rat,0.824305556
rat,0.996527778
agouti,0.288888889
agouti,0.408333333
agouti,0.432638889
agouti,0.619444444
agouti,0.352777778
agouti,0.669444444
agouti,0.704166667
brocket,0.091666667
peccary,0.256944444
peccary,0.261111111
peccary,0.265277778
agouti,0.738194444
peccary,0.766666667
peccary,0.767361111
peccary,0.769444444
peccary,0.638888889
peccary,0.643055556
peccary,0.648611111
agouti,0.303472222
peccary,0.431944444
peccary,0.432638889
peccary,0.435416667
agouti,0.304861111
agouti,0.605555556
agouti,0.672916667
peccary,0.592361111
peccary,0.594444444
peccary,0.61875
rat,0.125
agouti,0.659722222
peccary,0.760416667
peccary,0.618055556
peccary,0.780555556
brocket,0.777777778
agouti,0.267361111
brocket,0.993055556
agouti,0.363888889
agouti,0.767361111
peccary,0.689583333
peccary,0.306944444
peccary,0.308333333
agouti,0.340277778
agouti,0.302083333
rat,0.871527778
rat,0.872222222
rat,0.927777778
agouti,0.295138889
agouti,0.683333333
brocket,0.054861111
agouti,0.390277778
tamandua,0.395833333
agouti,0.738194444
brocket,0.769444444
agouti,0.496527778
agouti,0.497222222
agouti,0.503472222
tamandua,0.574305556
brocket,0.8
brocket,0.989583333
agouti,0.643055556
agouti,0.685416667
brocket,0.938194444
brocket,0.005555556
agouti,0.659027778
coati,0.666666667
brocket,0.81875
rat,0.990972222
ocelot,0.077777778
peccary,0.309722222
peccary,0.894444444
brocket,0.090277778
agouti,0.452777778
agouti,0.454166667
agouti,0.750694444
brocket,0.811805556
brocket,0.961111111
brocket,0.076388889
agouti,0.311805556
peccary,0.327083333
peccary,0.344444444
agouti,0.695833333
agouti,0.729861111
coati,0.302083333
agouti,0.34375
peccary,0.699305556
peccary,0.700694444
peccary,0.749305556
peccary,0.76875
agouti,0.285416667
agouti,0.757638889
rat,0.077083333
peccary,0.108333333
agouti,0.6625
peccary,0.786805556
agouti,0.606944444
agouti,0.628472222
squirrel,0.729166667
peccary,0.267361111
agouti,0.325694444
squirrel,0.329861111
agouti,0.339583333
squirrel,0.413194444
squirrel,0.74375
agouti,0.270833333
squirrel,0.282638889
squirrel,0.284722222
agouti,0.275
agouti,0.277083333
agouti,0.354861111
agouti,0.28125
agouti,0.434027778
agouti,0.445138889
agouti,0.759722222
agouti,0.760416667
agouti,0.384722222
agouti,0.340972222
agouti,0.394444444
agouti,0.397916667
agouti,0.401388889
agouti,0.597222222
squirrel,0.374305556
agouti,0.38125
squirrel,0.38125
squirrel,0.386111111
agouti,0.41875
agouti,0.702083333
agouti,0.709027778
squirrel,0.729166667
agouti,0.309722222
agouti,0.361111111
agouti,0.45625
agouti,0.459027778
agouti,0.511805556
paca,0.861111111
agouti,0.281944444
agouti,0.315277778
agouti,0.736111111
paca,0.984722222
agouti,0.41875
agouti,0.6625
agouti,0.719444444
rat,0.173611111
agouti,0.366666667
agouti,0.547222222
agouti,0.548611111
armadillo,0.952083333
paca,0.973611111
agouti,0.281944444
brocket,0.3
brocket,0.301388889
brocket,0.305555556
agouti,0.534027778
agouti,0.677083333
agouti,0.680555556
agouti,0.753472222
paca,0.097222222
agouti,0.319444444
agouti,0.320833333
agouti,0.652777778
agouti,0.738194444
agouti,0.276388889
agouti,0.307638889
agouti,0.426388889
agouti,0.452083333
peccary,0.625
agouti,0.659027778
agouti,0.4875
agouti,0.544444444
agouti,0.584722222
rat,0.219444444
brocket,0.255555556
squirrel,0.397916667
mouse,0.866666667
rat,0.125
squirrel,0.3625
agouti,0.392361111
agouti,0.6625
rat,0.897916667
agouti,0.306944444
agouti,0.308333333
agouti,0.413888889
agouti,0.542361111
rat,0.061111111
rat,0.122222222
rat,0.211805556
agouti,0.478472222
agouti,0.5625
brocket,0.552083333
paca,0.865972222
agouti,0.306944444
agouti,0.356944444
paca,0.893055556
agouti,0.350694444
agouti,0.703472222
agouti,0.726388889
agouti,0.747222222
rat,0.961111111
brocket,0.136111111
brocket,0.307638889
squirrel,0.321527778
agouti,0.425
agouti,0.425694444
agouti,0.438194444
agouti,0.678472222
brocket,0.248611111
agouti,0.365277778
agouti,0.378472222
agouti,0.379166667
agouti,0.652083333
agouti,0.272916667
squirrel,0.279861111
squirrel,0.280555556
paca,0.863888889
agouti,0.271527778
agouti,0.534027778
agouti,0.636805556
agouti,0.641666667
agouti,0.652777778
agouti,0.718055556
agouti,0.276388889
rat,0.807638889
rat,0.811111111
ocelot,0.839583333
peccary,0.671527778
brocket,0.785416667
rat,0.868055556
agouti,0.366666667
agouti,0.458333333
peccary,0.671527778
agouti,0.353472222
agouti,0.377777778
peccary,0.534722222
peccary,0.536805556
peccary,0.575
peccary,0.579861111
agouti,0.747916667
rat,0.881944444
squirrel,0.329166667
agouti,0.405555556
agouti,0.751388889
paca,0.890972222
rat,0.052777778
agouti,0.604166667
agouti,0.653472222
rat,0.824305556
agouti,0.334722222
agouti,0.463194444
agouti,0.615277778
peccary,0.697916667
peccary,0.7375
paca,0.063888889
agouti,0.269444444
agouti,0.419444444
agouti,0.423611111
agouti,0.535416667
paca,0.058333333
rat,0.090277778
agouti,0.368055556
agouti,0.592361111
agouti,0.734722222
rat,0.932638889
agouti,0.634722222
peccary,0.692361111
peccary,0.884722222
peccary,0.885416667
agouti,0.578472222
peccary,0.727083333
brocket,0.806944444
agouti,0.695833333
peccary,0.257638889
peccary,0.763194444
agouti,0.320833333
brocket,0.557638889
brocket,0.561805556
brocket,0.7125
peccary,0.790972222
brocket,0.697222222
brocket,0.980555556
peccary,0.209027778
peccary,0.219444444
agouti,0.396527778
agouti,0.528472222
brocket,0.685416667
coati,0.811111111
agouti,0.342361111
agouti,0.515277778
agouti,0.602777778
agouti,0.688194444
agouti,0.303472222
agouti,0.316666667
peccary,0.775694444
agouti,0.673611111
agouti,0.735416667
agouti,0.748611111
opossum,0.180555556
agouti,0.275694444
agouti,0.280555556
coati,0.289583333
agouti,0.301388889
agouti,0.389583333
agouti,0.409027778
agouti,0.714583333
peccary,0.763888889
brocket,0.834722222
paca,0.839583333
paca,0.841666667
agouti,0.275694444
agouti,0.322916667
agouti,0.355555556
agouti,0.525694444
agouti,0.556944444
agouti,0.575694444
brocket,0.029861111
agouti,0.276388889
peccary,0.468055556
agouti,0.546527778
agouti,0.561111111
agouti,0.563888889
paca,0.8375
paca,0.843055556
agouti,0.431944444
agouti,0.634027778
agouti,0.733333333
agouti,0.274305556
agouti,0.411111111
agouti,0.452083333
agouti,0.634722222
peccary,0.788888889
peccary,0.161805556
agouti,0.2875
agouti,0.440972222
ocelot,0.792361111
agouti,0.279166667
agouti,0.320138889
agouti,0.325694444
agouti,0.425
agouti,0.43125
coati,0.457638889
agouti,0.540277778
agouti,0.60625
agouti,0.611805556
agouti,0.648611111
agouti,0.686111111
agouti,0.722916667
paca,0.892361111
agouti,0.288888889
agouti,0.321527778
agouti,0.626388889
agouti,0.628472222
agouti,0.674305556
agouti,0.690277778
agouti,0.272916667
agouti,0.61875
paca,0.01875
agouti,0.296527778
paca,0.936111111
paca,0.982638889
paca,0.996527778
paca,0.114583333
paca,0.947222222
agouti,0.616666667
paca,0.047916667
rat,0.163888889
peccary,0.391666667
agouti,0.51875
agouti,0.55625
rat,0.208333333
agouti,0.670833333
peccary,0.597222222
brocket,0.184722222
agouti,0.314583333
rat,0.189583333
mouse,0.80625
rat,0.863888889
armadillo,0.88125
agouti,0.324305556
agouti,0.327083333
agouti,0.731944444
brocket,0.266666667
agouti,0.334027778
agouti,0.397916667
agouti,0.400694444
agouti,0.542361111
brocket,0.811111111
brocket,0.800694444
peccary,0.225694444
agouti,0.627083333
peccary,0.253472222
agouti,0.289583333
peccary,0.311111111
brocket,0.786111111
peccary,0.972916667
peccary,0.021527778
brocket,0.189583333
brocket,0.191666667
agouti,0.267361111
agouti,0.322222222
agouti,0.461805556
peccary,0.977083333
agouti,0.25625
squirrel,0.330555556
agouti,0.371527778
brocket,0.303472222
squirrel,0.366666667
agouti,0.379861111
agouti,0.55
agouti,0.569444444
peccary,0.970138889
brocket,0.252777778
agouti,0.513194444
agouti,0.679861111
paca,0.073611111
agouti,0.265972222
agouti,0.395833333
agouti,0.389583333
agouti,0.265972222
brocket,0.685416667
peccary,0.845138889
agouti,0.263888889
peccary,0.295833333
agouti,0.547916667
agouti,0.552083333
agouti,0.610416667
agouti,0.304166667
agouti,0.390972222
agouti,0.592361111
agouti,0.595833333
agouti,0.703472222
agouti,0.731944444
agouti,0.286805556
brocket,0.318055556
agouti,0.405555556
agouti,0.602777778
agouti,0.620138889
peccary,0.652083333
peccary,0.654861111
agouti,0.704166667
agouti,0.745833333
agouti,0.271527778
agouti,0.313888889
agouti,0.554166667
agouti,0.603472222
agouti,0.60625
peccary,0.643055556
peccary,0.647222222
peccary,0.650694444
agouti,0.74375
peccary,0.752083333
agouti,0.763888889
agouti,0.472916667
agouti,0.4875
agouti,0.563888889
squirrel,0.5875
agouti,0.722222222
agouti,0.734722222
brocket,0.734722222
brocket,0.775694444
ocelot,0.9625
agouti,0.394444444
agouti,0.486805556
agouti,0.342361111
agouti,0.349305556
agouti,0.422222222
agouti,0.536805556
agouti,0.613888889
peccary,0.689583333
agouti,0.256944444
agouti,0.277083333
agouti,0.756944444
opossum,0.789583333
agouti,0.3375
agouti,0.530555556
agouti,0.534722222
agouti,0.536805556
agouti,0.766666667
peccary,0.78125
ocelot,0.914583333
agouti,0.408333333
agouti,0.530555556
peccary,0.740277778
paca,0.0
agouti,0.702083333
agouti,0.736805556
opossum,0.945138889
agouti,0.258333333
agouti,0.2875
agouti,0.323611111
agouti,0.471527778
agouti,0.240277778
agouti,0.286111111
agouti,0.718055556
agouti,0.735416667
agouti,0.743055556
agouti,0.347916667
agouti,0.484027778
coati,0.620833333
agouti,0.766666667
agouti,0.774305556
agouti,0.290972222
agouti,0.468055556
agouti,0.629166667
agouti,0.857638889
squirrel,0.231944444
agouti,0.809722222
agouti,0.161111111
agouti,0.8375
agouti,0.018055556
agouti,0.199305556
agouti,0.466666667
agouti,0.647916667
agouti,0.718055556
agouti,0.749305556
agouti,0.255555556
agouti,0.267361111
agouti,0.270138889
agouti,0.279166667
agouti,0.311111111
agouti,0.40625
agouti,0.702777778
agouti,0.335416667
agouti,0.504861111
agouti,0.522222222
agouti,0.529861111
agouti,0.532638889
peccary,0.796527778
agouti,0.675
brocket,0.725694444
peccary,0.745833333
peccary,0.75
peccary,0.778472222
agouti,0.290277778
agouti,0.3125
agouti,0.620138889
agouti,0.626388889
brocket,0.704861111
brocket,0.709027778
agouti,0.711111111
peccary,0.109722222
agouti,0.305555556
agouti,0.707638889
brocket,0.713194444
peccary,0.750694444
peccary,0.752777778
agouti,0.274305556
agouti,0.453472222
peccary,0.760416667
peccary,0.778472222
peccary,0.783333333
brocket,0.804166667
peccary,0.072916667
agouti,0.25
agouti,0.304861111
peccary,0.734722222
peccary,0.940277778
peccary,0.245833333
peccary,0.252083333
agouti,0.260416667
peccary,0.269444444
peccary,0.724305556
peccary,0.898611111
brocket,0.1125
peccary,0.228472222
peccary,0.23125
agouti,0.269444444
peccary,0.698611111
peccary,0.744444444
peccary,0.984027778
peccary,0.05625
peccary,0.296527778
agouti,0.520138889
coati,0.583333333
agouti,0.642361111
peccary,0.711805556
brocket,0.736805556
peccary,0.785416667
peccary,0.788888889
peccary,0.929166667
peccary,0.931944444
peccary,0.163888889
peccary,0.224305556
peccary,0.229861111
peccary,0.251388889
peccary,0.523611111
peccary,0.534027778
peccary,0.650694444
peccary,0.729861111
peccary,0.740277778
peccary,0.231944444
brocket,0.279861111
peccary,0.967361111
peccary,0.209027778
peccary,0.718055556
peccary,0.724305556
peccary,0.734722222
peccary,0.786805556
peccary,0.965972222
peccary,0.228472222
agouti,0.397222222
brocket,0.76875
brocket,0.959722222
brocket,0.239583333
peccary,0.870138889
peccary,0.874305556
peccary,0.961111111
peccary,0.990277778
peccary,0.992361111
peccary,0.040277778
peccary,0.042361111
peccary,0.1625
peccary,0.179861111
peccary,0.204861111
peccary,0.232638889
brocket,0.643055556
brocket,0.811805556
peccary,0.900694444
brocket,0.115972222
brocket,0.150694444
brocket,0.869444444
peccary,0.965277778
brocket,0.977083333
peccary,0.0375
brocket,0.045138889
peccary,0.054861111
peccary,0.201388889
coati,0.329861111
agouti,0.631944444
peccary,0.736111111
brocket,0.829166667
brocket,0.019444444
peccary,0.777777778
peccary,0.779861111
peccary,0.797222222
peccary,0.804861111
peccary,0.897222222
brocket,0.984722222
agouti,0.408333333
agouti,0.5125
coati,0.5625
brocket,0.03125
agouti,0.425694444
peccary,0.029166667
agouti,0.270138889
agouti,0.365972222
peccary,0.842361111
peccary,0.843055556
tamandua,0.959027778
agouti,0.304166667
agouti,0.330555556
peccary,0.731944444
peccary,0.74375
peccary,0.745833333
peccary,0.795138889
peccary,0.83125
peccary,0.832638889
peccary,0.038888889
brocket,0.248611111
agouti,0.341666667
agouti,0.718055556
brocket,0.800694444
agouti,0.452083333
peccary,0.940972222
peccary,0.100694444
peccary,0.186805556
agouti,0.588888889
peccary,0.789583333
peccary,0.794444444
peccary,0.890277778
peccary,0.909027778
peccary,0.981944444
peccary,0.9875
peccary,0.292361111
peccary,0.395833333
agouti,0.396527778
peccary,0.670138889
peccary,0.865972222
peccary,0.932638889
peccary,0.934027778
peccary,0.935416667
agouti,0.268055556
agouti,0.302083333
agouti,0.350694444
peccary,0.359722222
opossum,0.847222222
peccary,0.856944444
peccary,0.858333333
peccary,0.916666667
rat,0.025694444
brocket,0.036805556
peccary,0.250694444
peccary,0.752777778
peccary,0.754861111
brocket,0.845833333
peccary,0.178472222
brocket,0.265972222
agouti,0.342361111
agouti,0.736805556
agouti,0.720138889
peccary,0.734722222
peccary,0.757638889
peccary,0.766666667
peccary,0.76875
peccary,0.775
brocket,0.088194444
peccary,0.254166667
peccary,0.722916667
agouti,0.731944444
peccary,0.398611111
peccary,0.415972222
peccary,0.43125
peccary,0.676388889
peccary,0.124305556
brocket,0.355555556
agouti,0.665972222
agouti,0.331944444
agouti,0.457638889
agouti,0.61875
peccary,0.852777778
agouti,0.332638889
agouti,0.338194444
agouti,0.422222222
agouti,0.640277778
paca,0.110416667
agouti,0.441666667
agouti,0.534722222
agouti,0.25625
agouti,0.354861111
agouti,0.319444444
agouti,0.414583333
agouti,0.490972222
agouti,0.65625
agouti,0.470138889
agouti,0.627083333
agouti,0.25
agouti,0.318055556
peccary,0.718055556
agouti,0.763194444
peccary,0.841666667
agouti,0.240972222
brocket,0.319444444
ocelot,0.785416667
agouti,0.236805556
agouti,0.35625
agouti,0.3625
agouti,0.597916667
agouti,0.742361111
agouti,0.746527778
paca,0.229166667
agouti,0.245833333
agouti,0.352777778
agouti,0.577777778
peccary,0.695138889
ocelot,0.910416667
peccary,0.083333333
agouti,0.252083333
agouti,0.257638889
brocket,0.810416667
brocket,0.816666667
agouti,0.414583333
agouti,0.538888889
agouti,0.547916667
agouti,0.747916667
agouti,0.749305556
opossum,0.7875
agouti,0.338194444
agouti,0.456944444
agouti,0.725694444
agouti,0.297222222
agouti,0.429861111
rat,0.124305556
agouti,0.5
agouti,0.516666667
agouti,0.520833333
agouti,0.522222222
peccary,0.299305556
agouti,0.301388889
agouti,0.388888889
agouti,0.391666667
agouti,0.515277778
peccary,0.252777778
paca,0.883333333
agouti,0.432638889
agouti,0.376388889
opossum,0.949305556
rat,0.059027778
agouti,0.330555556
agouti,0.73125
peccary,0.93125
squirrel,0.479166667
agouti,0.255555556
agouti,0.2625
brocket,0.263888889
agouti,0.379861111
agouti,0.381944444
opossum,0.457638889
agouti,0.604861111
tamandua,0.942361111
agouti,0.327083333
agouti,0.3375
agouti,0.690277778
agouti,0.278472222
agouti,0.490277778
agouti,0.735416667
agouti,0.377777778
agouti,0.431944444
agouti,0.4
agouti,0.429861111
agouti,0.278472222
opossum,0.863194444
agouti,0.261111111
agouti,0.394444444
agouti,0.4
agouti,0.759722222
ocelot,0.786111111
ocelot,0.079166667
agouti,0.331944444
agouti,0.333333333
agouti,0.531944444
agouti,0.542361111
agouti,0.714583333
agouti,0.275694444
agouti,0.28125
agouti,0.347222222
agouti,0.401388889
agouti,0.402777778
agouti,0.407638889
agouti,0.410416667
agouti,0.458333333
agouti,0.690277778
agouti,0.708333333
agouti,0.766666667
agouti,0.2625
coati,0.420138889
agouti,0.739583333
paca,0.090972222
agouti,0.663194444
agouti,0.748611111
agouti,0.75625
agouti,0.245833333
agouti,0.288888889
agouti,0.511111111
agouti,0.515972222
agouti,0.24375
agouti,0.270833333
agouti,0.443055556
agouti,0.536805556
agouti,0.690277778
agouti,0.71875
brocket,0.807638889
agouti,0.245138889
agouti,0.252083333
agouti,0.252083333
agouti,0.560416667
agouti,0.5625
squirrel,0.651388889
agouti,0.247222222
agouti,0.290277778
agouti,0.321527778
agouti,0.335416667
agouti,0.696527778
agouti,0.7375
agouti,0.247222222
agouti,0.361111111
agouti,0.386111111
agouti,0.3875
agouti,0.654861111
agouti,0.7125
agouti,0.760416667
agouti,0.7625
agouti,0.763194444
agouti,0.309722222
agouti,0.709027778
agouti,0.751388889
agouti,0.753472222
rat,0.999305556
peccary,0.218055556
agouti,0.275
agouti,0.284722222
tayra,0.374305556
agouti,0.7375
peccary,0.794444444
brocket,0.906944444
agouti,0.285416667
agouti,0.290972222
agouti,0.291666667
agouti,0.593055556
agouti,0.30625
agouti,0.309027778
peccary,0.731944444
peccary,0.258333333
agouti,0.317361111
agouti,0.320138889
agouti,0.661805556
agouti,0.253472222
agouti,0.263194444
agouti,0.379861111
agouti,0.618055556
agouti,0.747222222
paca,0.065972222
agouti,0.429861111
agouti,0.438888889
peccary,0.752777778
opossum,0.190277778
squirrel,0.31875
agouti,0.394444444
opossum,0.104166667
agouti,0.528472222
armadillo,0.072916667
agouti,0.372222222
agouti,0.702777778
paca,0.815277778
agouti,0.720833333
rat,0.06875
agouti,0.659722222
agouti,0.405555556
paca,0.590972222
opossum,0.795138889
agouti,0.404861111
agouti,0.427777778
agouti,0.756944444
agouti,0.281944444
agouti,0.340972222
agouti,0.696527778
agouti,0.286111111
agouti,0.255555556
agouti,0.365277778
agouti,0.575
brocket,0.964583333
agouti,0.338194444
agouti,0.353472222
agouti,0.369444444
agouti,0.509027778
agouti,0.775
peccary,0.845138889
opossum,0.865277778
agouti,0.274305556
agouti,0.355555556
agouti,0.536805556
opossum,0.932638889
agouti,0.264583333
agouti,0.283333333
coati,0.340277778
agouti,0.397222222
agouti,0.399305556
brocket,0.133333333
coati,0.429166667
agouti,0.295833333
agouti,0.650694444
agouti,0.340277778
agouti,0.295138889
agouti,0.464583333
agouti,0.469444444
agouti,0.663194444
agouti,0.677083333
agouti,0.254861111
agouti,0.277777778
agouti,0.299305556
agouti,0.656944444
agouti,0.390277778
agouti,0.746527778
peccary,0.784027778
agouti,0.544444444
agouti,0.754166667
agouti,0.272916667
peccary,0.297916667
agouti,0.377777778
agouti,0.378472222
agouti,0.384722222
agouti,0.442361111
agouti,0.471527778
agouti,0.482638889
agouti,0.489583333
agouti,0.753472222
peccary,0.780555556
peccary,0.788888889
agouti,0.3875
agouti,0.423611111
agouti,0.307638889
agouti,0.317361111
brocket,0.085416667
peccary,0.261805556
agouti,0.377777778
agouti,0.794444444
agouti,0.659027778
brocket,0.740277778
agouti,0.756944444
peccary,0.016666667
agouti,0.292361111
agouti,0.529861111
brocket,0.808333333
agouti,0.617361111
agouti,0.717361111
agouti,0.301388889
opossum,0.895138889
rat,0.195138889
brocket,0.782638889
brocket,0.084722222
peccary,0.285416667
brocket,0.345833333
agouti,0.325
brocket,0.46875
agouti,0.322916667
agouti,0.405555556
agouti,0.445833333
agouti,0.447222222
brocket,0.877083333
agouti,0.279166667
agouti,0.438194444
brocket,0.234027778
brocket,0.595833333
coati,0.478472222
brocket,0.945833333
brocket,0.21875
peccary,0.240972222
agouti,0.274305556
agouti,0.4375
agouti,0.655555556
agouti,0.611111111
agouti,0.633333333
rat,0.211805556
agouti,0.281944444
agouti,0.301388889
agouti,0.269444444
agouti,0.285416667
agouti,0.286111111
agouti,0.422916667
agouti,0.733333333
peccary,0.897222222
rat,0.155555556
agouti,0.247916667
agouti,0.261805556
agouti,0.672222222
agouti,0.626388889
agouti,0.332638889
coati,0.444444444
agouti,0.554861111
peccary,0.771527778
brocket,0.778472222
peccary,0.827083333
agouti,0.251388889
agouti,0.547916667
agouti,0.641666667
peccary,0.758333333
brocket,0.83125
agouti,0.297222222
agouti,0.320833333
agouti,0.34375
agouti,0.413194444
agouti,0.483333333
agouti,0.534027778
agouti,0.638194444
agouti,0.70625
agouti,0.725694444
agouti,0.729861111
brocket,0.75625
peccary,0.756944444
peccary,0.761111111
agouti,0.302083333
agouti,0.413888889
agouti,0.695833333
peccary,0.810416667
peccary,0.811111111
peccary,0.872916667
peccary,0.89375
peccary,0.895138889
agouti,0.265972222
brocket,0.2875
agouti,0.3375
agouti,0.340972222
agouti,0.345833333
agouti,0.347916667
agouti,0.446527778
agouti,0.448611111
agouti,0.522916667
agouti,0.547916667
brocket,0.811111111
brocket,0.865972222
agouti,0.276388889
agouti,0.370138889
agouti,0.449305556
agouti,0.507638889
agouti,0.523611111
agouti,0.624305556
agouti,0.627777778
agouti,0.629166667
agouti,0.632638889
agouti,0.665972222
agouti,0.668055556
agouti,0.695833333
agouti,0.727083333
agouti,0.747916667
agouti,0.750694444
agouti,0.264583333
agouti,0.330555556
agouti,0.370138889
agouti,0.435416667
agouti,0.552083333
agouti,0.566666667
agouti,0.729166667
agouti,0.734027778
peccary,0.767361111
rat,0.042361111
agouti,0.259722222
agouti,0.288194444
agouti,0.302777778
agouti,0.309722222
agouti,0.313194444
agouti,0.324305556
agouti,0.329861111
agouti,0.440277778
opossum,0.813888889
peccary,0.259027778
squirrel,0.344444444
peccary,0.820833333
peccary,0.199305556
peccary,0.854166667
brocket,0.057638889
opossum,0.078472222
opossum,0.8
peccary,0.80625
peccary,0.270138889
agouti,0.377083333
agouti,0.771527778
rat,0.223611111
agouti,0.401388889
agouti,0.305555556
squirrel,0.305555556
peccary,0.704166667
peccary,0.435416667
squirrel,0.29375
peccary,0.317361111
peccary,0.679166667
ocelot,0.884027778
peccary,0.076388889
peccary,0.640277778
peccary,0.668055556
opossum,0.979166667
agouti,0.429861111
tayra,0.275
coati,0.563194444
agouti,0.268055556
coati,0.2625
agouti,0.472916667
peccary,0.713194444
paca,0.197916667
peccary,0.754166667
agouti,0.438194444
peccary,0.935416667
agouti,0.365972222
agouti,0.41875
peccary,0.900694444
agouti,0.325694444
agouti,0.421527778
agouti,0.254861111
agouti,0.459722222
opossum,0.972916667
peccary,0.868055556
peccary,0.874305556
squirrel,0.265277778
agouti,0.534722222
peccary,0.763194444
agouti,0.350694444
agouti,0.379166667
agouti,0.615277778
agouti,0.625
peccary,0.724305556
peccary,0.697222222
brocket,0.015972222
coati,0.299305556
peccary,0.344444444
coati,0.627777778
peccary,0.7125
agouti,0.443055556
agouti,0.652083333
peccary,0.797916667
paca,0.919444444
agouti,0.509722222
agouti,0.743055556
peccary,0.278472222
agouti,0.705555556
agouti,0.715277778
agouti,0.271527778
peccary,0.411111111
peccary,0.411805556
agouti,0.325694444
peccary,0.046527778
agouti,0.28125
agouti,0.497916667
agouti,0.716666667
paca,0.943055556
agouti,0.959027778
peccary,0.247222222
peccary,0.254166667
agouti,0.344444444
agouti,0.563194444
paca,0.853472222
paca,0.856944444
paca,0.959722222
paca,0.143055556
agouti,0.68125
peccary,0.81875
peccary,0.949305556
paca,0.0625
peccary,0.270138889
agouti,0.305555556
agouti,0.372222222
agouti,0.401388889
agouti,0.432638889
peccary,0.988888889
paca,0.155555556
agouti,0.288888889
agouti,0.313194444
agouti,0.357638889
agouti,0.429861111
agouti,0.438194444
agouti,0.570833333
peccary,0.732638889
rat,0.844444444
rat,0.073611111
peccary,0.086805556
peccary,0.69375
paca,0.847916667
paca,0.047916667
agouti,0.313888889
agouti,0.395833333
agouti,0.593055556
paca,0.954861111
peccary,0.635416667
peccary,0.639583333
paca,0.827083333
agouti,0.721527778
paca,0.825
paca,0.836111111
agouti,0.532638889
peccary,0.709027778
agouti,0.719444444
paca,0.896527778
peccary,0.254166667
peccary,0.236111111
brocket,0.7625
brocket,0.770833333
brocket,0.255555556
brocket,0.715277778
brocket,0.184027778
peccary,0.234722222
agouti,0.282638889
peccary,0.25625
opossum,0.109722222
peccary,0.257638889
peccary,0.272222222
peccary,0.268055556
agouti,0.277777778
peccary,0.045833333
peccary,0.119444444
peccary,0.015972222
peccary,0.127777778
agouti,0.289583333
agouti,0.299305556
agouti,0.324305556
agouti,0.361805556
peccary,0.648611111
agouti,0.711111111
peccary,0.745138889
peccary,0.73125
peccary,0.775
agouti,0.718055556
peccary,0.895833333
peccary,0.909722222
peccary,0.911805556
agouti,0.3625
peccary,0.281944444
agouti,0.451388889
agouti,0.654861111
peccary,0.736111111
peccary,0.763194444
rat,0.970138889
agouti,0.68125
peccary,0.742361111
peccary,0.778472222
peccary,0.763194444
rat,0.095138889
agouti,0.267361111
agouti,0.625694444
coati,0.625694444
coati,0.659027778
coati,0.683333333
coati,0.695138889
coati,0.707638889
coati,0.331944444
brocket,0.332638889
agouti,0.364583333
peccary,0.652083333
agouti,0.298611111
brocket,0.381944444
agouti,0.425
agouti,0.577083333
agouti,0.599305556
agouti,0.647916667
agouti,0.697222222
brocket,0.251388889
squirrel,0.279166667
peccary,0.709027778
peccary,0.022916667
agouti,0.384027778
brocket,0.748611111
peccary,0.252777778
brocket,0.268055556
agouti,0.342361111
peccary,0.294444444
coati,0.544444444
agouti,0.379861111
agouti,0.674305556
peccary,0.750694444
agouti,0.265972222
paca,0.823611111
paca,0.057638889
agouti,0.253472222
agouti,0.371527778
coati,0.713888889
agouti,0.283333333
agouti,0.459722222
agouti,0.641666667
rat,0.9625
paca,0.177083333
agouti,0.738888889
peccary,0.756944444
agouti,0.329166667
agouti,0.747222222
peccary,0.883333333
peccary,0.888888889
peccary,0.940972222
agouti,0.261111111
peccary,0.306944444
agouti,0.348611111
peccary,0.846527778
peccary,0.271527778
agouti,0.330555556
peccary,0.558333333
peccary,0.277083333
peccary,0.30625
peccary,0.315277778
brocket,0.242361111
agouti,0.6875
agouti,0.720138889
peccary,0.865277778
peccary,0.815972222
peccary,0.761111111
paca,0.149305556
rat,0.202777778
rat,0.251388889
agouti,0.270138889
peccary,0.870833333
rat,0.186111111
peccary,0.289583333
agouti,0.292361111
brocket,0.364583333
tayra,0.7625
brocket,0.729166667
agouti,0.285416667
peccary,0.304166667
peccary,0.334722222
agouti,0.349305556
peccary,0.272222222
agouti,0.595138889
paca,0.933333333
paca,0.959027778
squirrel,0.324305556
agouti,0.685416667
peccary,0.290972222
peccary,0.1
agouti,0.264583333
agouti,0.740277778
paca,0.009027778
agouti,0.258333333
agouti,0.391666667
agouti,0.709027778
agouti,0.725694444
paca,0.975694444
peccary,0.246527778
agouti,0.706944444
peccary,0.864583333
agouti,0.420138889
agouti,0.75
peccary,0.786805556
agouti,0.267361111
agouti,0.288194444
agouti,0.627083333
agouti,0.632638889
agouti,0.634027778
agouti,0.644444444
peccary,0.904861111
paca,0.0
peccary,0.218055556
agouti,0.28125
agouti,0.579166667
agouti,0.465972222
agouti,0.490972222
peccary,0.920138889
brocket,0.128472222
squirrel,0.383333333
squirrel,0.388888889
agouti,0.751388889
agouti,0.756944444
brocket,0.895833333
agouti,0.344444444
agouti,0.373611111
agouti,0.404861111
agouti,0.40625
agouti,0.482638889
agouti,0.727777778
brocket,0.168055556
agouti,0.34375
brocket,0.900694444
agouti,0.306944444
agouti,0.261111111
squirrel,0.434722222
agouti,0.447222222
squirrel,0.447222222
squirrel,0.46875
brocket,0.797916667
agouti,0.401388889
brocket,0.55
agouti,0.725694444
agouti,0.734027778
peccary,0.738194444
peccary,0.202083333
agouti,0.258333333
coati,0.319444444
agouti,0.669444444
agouti,0.755555556
coati,0.488194444
agouti,0.716666667
brocket,0.980555556
agouti,0.302777778
agouti,0.438888889
agouti,0.439583333
agouti,0.534027778
peccary,0.116666667
peccary,0.245138889
peccary,0.250694444
agouti,0.255555556
brocket,0.269444444
agouti,0.3375
agouti,0.349305556
agouti,0.729166667
agouti,0.743055556
brocket,0.790972222
peccary,0.061111111
coati,0.673611111
peccary,0.752777778
peccary,0.9375
peccary,0.858333333
agouti,0.604861111
peccary,0.7875
agouti,0.250694444
brocket,0.39375
peccary,0.856944444
paca,0.079861111
agouti,0.486111111
paca,0.153472222
agouti,0.255555556
tamandua,0.320138889
agouti,0.432638889
agouti,0.524305556
paca,0.138194444
agouti,0.298611111
agouti,0.317361111
agouti,0.333333333
agouti,0.3625
agouti,0.425694444
agouti,0.429166667
agouti,0.43125
agouti,0.677777778
ocelot,0.241666667
coati,0.297222222
agouti,0.300694444
agouti,0.45625
agouti,0.683333333
agouti,0.545138889
agouti,0.415277778
agouti,0.275694444
agouti,0.399305556
agouti,0.593055556
agouti,0.540277778
agouti,0.281944444
agouti,0.313888889
agouti,0.464583333
agouti,0.576388889
agouti,0.654861111
tamandua,0.076388889
squirrel,0.421527778
agouti,0.625
agouti,0.370138889
agouti,0.377777778
agouti,0.498611111
agouti,0.256944444
agouti,0.408333333
agouti,0.420833333
ocelot,0.238194444
agouti,0.254861111
agouti,0.277083333
agouti,0.308333333
agouti,0.309027778
agouti,0.322222222
peccary,0.345833333
agouti,0.352083333
agouti,0.394444444
agouti,0.395833333
agouti,0.449305556
agouti,0.452083333
agouti,0.5
agouti,0.645138889
opossum,0.870833333
agouti,0.259722222
brocket,0.995138889
agouti,0.467361111
squirrel,0.676388889
agouti,0.2625
agouti,0.377083333
agouti,0.293055556
peccary,0.300694444
brocket,0.338194444
agouti,0.757638889
agouti,0.441666667
agouti,0.740972222
paca,0.932638889
agouti,0.434722222
agouti,0.432638889
tayra,0.695138889
brocket,0.734722222
rat,0.939583333
rat,0.96875
agouti,0.311805556
coati,0.555555556
paca,0.883333333
agouti,0.591666667
agouti,0.665277778
rat,0.004166667
agouti,0.295138889
agouti,0.375694444
brocket,0.586111111
squirrel,0.6625
agouti,0.70625
agouti,0.748611111
agouti,0.365277778
agouti,0.39375
agouti,0.402777778
agouti,0.416666667
squirrel,0.427777778
brocket,0.867361111
brocket,0.385416667
squirrel,0.446527778
agouti,0.685416667
rat,0.821527778
agouti,0.750694444
paca,0.959027778
agouti,0.582638889
agouti,0.715277778
agouti,0.688888889
agouti,0.247222222
peccary,0.689583333
agouti,0.755555556
brocket,0.578472222
agouti,0.711111111
squirrel,0.314583333
squirrel,0.318055556
agouti,0.715972222
agouti,0.684027778
agouti,0.366666667
agouti,0.372916667
opossum,0.911805556
paca,0.049305556
agouti,0.652083333
paca,0.09375
agouti,0.280555556
agouti,0.283333333
agouti,0.432638889
agouti,0.407638889
agouti,0.254861111
agouti,0.320138889
paca,0.115972222
agouti,0.429861111
agouti,0.75
brocket,0.724305556
peccary,0.734722222
brocket,0.251388889
agouti,0.284027778
agouti,0.331944444
brocket,0.827083333
agouti,0.740277778
brocket,0.8625
peccary,0.253472222
peccary,0.763194444
paca,0.146527778
agouti,0.714583333
agouti,0.502083333
agouti,0.627083333
brocket,0.707638889
agouti,0.745833333
agouti,0.254861111
agouti,0.397222222
agouti,0.425
agouti,0.538888889
peccary,0.999305556
rat,0.182638889
coati,0.309722222
agouti,0.559722222
opossum,0.900694444
agouti,0.379166667
agouti,0.773611111
peccary,0.880555556
agouti,0.318055556
agouti,0.645138889
agouti,0.702777778
coati,0.440972222
agouti,0.329861111
peccary,0.290277778
armadillo,0.034027778
brocket,0.159722222
agouti,0.619444444
peccary,0.738888889
agouti,0.254166667
agouti,0.295138889
agouti,0.252083333
agouti,0.694444444
brocket,0.247916667
agouti,0.382638889
agouti,0.728472222
brocket,0.296527778
agouti,0.5875
agouti,0.727083333
ocelot,0.840277778
brocket,0.172222222
ocelot,0.654861111
agouti,0.254166667
brocket,0.045138889
agouti,0.271527778
agouti,0.272916667
agouti,0.282638889
agouti,0.600694444
agouti,0.690277778
peccary,0.711111111
agouti,0.726388889
agouti,0.748611111
peccary,0.779166667
agouti,0.380555556
coati,0.397222222
agouti,0.491666667
paca,0.003472222
agouti,0.313888889
agouti,0.411111111
agouti,0.458333333
agouti,0.674305556
agouti,0.675694444
agouti,0.682638889
agouti,0.696527778
agouti,0.720138889
agouti,0.2875
peccary,0.302083333
agouti,0.304861111
agouti,0.315972222
peccary,0.4
agouti,0.584722222
agouti,0.586805556
agouti,0.679166667
peccary,0.286805556
agouti,0.425
coati,0.560416667
agouti,0.590972222
peccary,0.748611111
agouti,0.344444444
peccary,0.264583333
peccary,0.284027778
agouti,0.303472222
agouti,0.4
agouti,0.409027778
agouti,0.409722222
agouti,0.417361111
agouti,0.590972222
agouti,0.639583333
peccary,0.834027778
peccary,0.927777778
paca,0.058333333
agouti,0.416666667
peccary,0.429166667
agouti,0.584722222
agouti,0.586805556
peccary,0.872916667
peccary,0.874305556
peccary,0.989583333
brocket,0.179166667
peccary,0.239583333
peccary,0.359722222
peccary,0.404166667
agouti,0.647916667
paca,0.141666667
agouti,0.365277778
peccary,0.067361111
peccary,0.06875
agouti,0.300694444
agouti,0.421527778
brocket,0.4
agouti,0.430555556
peccary,0.031944444
peccary,0.045138889
peccary,0.261111111
agouti,0.735416667
agouti,0.277083333
agouti,0.334722222
agouti,0.50625
agouti,0.613194444
agouti,0.752083333
agouti,0.275
tamandua,0.004166667
brocket,0.128472222
agouti,0.325
agouti,0.747916667
rat,0.911805556
agouti,0.413888889
agouti,0.732638889
agouti,0.370138889
agouti,0.745833333
agouti,0.356944444
agouti,0.645138889
agouti,0.647916667
agouti,0.648611111
agouti,0.650694444
agouti,0.654166667
agouti,0.743055556
agouti,0.758333333
agouti,0.281944444
agouti,0.266666667
agouti,0.471527778
agouti,0.619444444
paca,0.988888889
agouti,0.280555556
agouti,0.313194444
brocket,0.574305556
agouti,0.765277778
opossum,0.779861111
paca,0.920833333
brocket,0.027777778
agouti,0.338194444
agouti,0.31875
peccary,0.799305556
agouti,0.621527778
agouti,0.704861111
agouti,0.606944444
agouti,0.756944444
rat,0.861805556
rat,0.038194444
brocket,0.905555556
agouti,0.432638889
brocket,0.797916667
peccary,0.786805556
peccary,0.789583333
brocket,0.854861111
agouti,0.501388889
agouti,0.70625
brocket,0.81875
agouti,0.365277778
agouti,0.55
agouti,0.285416667
rat,0.89375
agouti,0.733333333
agouti,0.272916667
agouti,0.275
agouti,0.290277778
agouti,0.36875
agouti,0.764583333
paca,0.028472222
agouti,0.78125
paca,0.944444444
paca,0.990277778
agouti,0.466666667
agouti,0.354861111
agouti,0.384722222
coati,0.449305556
agouti,0.755555556
agouti,0.2875
agouti,0.311805556
agouti,0.370833333
agouti,0.729166667
agouti,0.744444444
agouti,0.384027778
agouti,0.577777778
agouti,0.255555556
agouti,0.688194444
agouti,0.275694444
agouti,0.290972222
agouti,0.28125
rat,0.967361111
agouti,0.3625
agouti,0.424305556
agouti,0.746527778
agouti,0.751388889
opossum,0.901388889
rat,0.988888889
brocket,0.15625
agouti,0.477777778
agouti,0.686805556
agouti,0.740277778
squirrel,0.326388889
agouti,0.4
agouti,0.595833333
rat,0.021527778
agouti,0.278472222
agouti,0.3875
agouti,0.319444444
paca,0.884722222
squirrel,0.3125
agouti,0.683333333
agouti,0.736805556
agouti,0.315972222
agouti,0.355555556
agouti,0.5
peccary,0.023611111
peccary,0.255555556
agouti,0.720833333
opossum,0.802777778
peccary,0.178472222
agouti,0.264583333
agouti,0.445833333
peccary,0.138194444
agouti,0.677777778
ocelot,0.047222222
agouti,0.302083333
agouti,0.313888889
agouti,0.566666667
agouti,0.75
agouti,0.249305556
agouti,0.252777778
peccary,0.814583333
agouti,0.269444444
agouti,0.281944444
agouti,0.745138889
peccary,0.172222222
agouti,0.281944444
agouti,0.375
agouti,0.254166667
peccary,0.263888889
agouti,0.296527778
brocket,0.582638889
agouti,0.634722222
agouti,0.639583333
agouti,0.658333333
peccary,0.944444444
agouti,0.324305556
opossum,0.779861111
agouti,0.263888889
peccary,0.939583333
peccary,0.311805556
peccary,0.264583333
peccary,0.273611111
agouti,0.302777778
peccary,0.669444444
paca,0.900694444
paca,0.905555556
agouti,0.3
agouti,0.415972222
peccary,0.699305556
peccary,0.71875
peccary,0.721527778
rat,0.988194444
paca,0.106944444
peccary,0.26875
peccary,0.313194444
coati,0.377777778
peccary,0.378472222
agouti,0.260416667
agouti,0.310416667
agouti,0.313888889
peccary,0.813194444
peccary,0.814583333
opossum,0.179166667
peccary,0.847916667
agouti,0.445833333
peccary,0.716666667
agouti,0.383333333
agouti,0.620833333
peccary,0.758333333
peccary,0.848611111
peccary,0.851388889
agouti,0.299305556
agouti,0.304861111
agouti,0.25
squirrel,0.276388889
agouti,0.286111111
agouti,0.272222222
agouti,0.660416667
opossum,0.057638889
agouti,0.271527778
agouti,0.370833333
agouti,0.391666667
agouti,0.427777778
agouti,0.456944444
agouti,0.555555556
agouti,0.308333333
agouti,0.672222222
agouti,0.734027778
agouti,0.395833333
agouti,0.508333333
brocket,0.049305556
opossum,0.152777778
agouti,0.288888889
agouti,0.733333333
agouti,0.597222222
agouti,0.707638889
squirrel,0.270138889
agouti,0.596527778
agouti,0.722222222
brocket,0.168055556
agouti,0.722222222
peccary,0.234722222
agouti,0.242361111
agouti,0.300694444
peccary,0.671527778
opossum,0.919444444
opossum,0.070138889
peccary,0.991666667
peccary,0.260416667
peccary,0.194444444
peccary,0.750694444
peccary,0.790972222
peccary,0.227083333
agouti,0.321527778
agouti,0.342361111
peccary,0.750694444
peccary,0.785416667
peccary,0.983333333
peccary,0.984722222
peccary,0.030555556
peccary,0.245138889
peccary,0.245833333
coati,0.586805556
peccary,0.748611111
peccary,0.211111111
peccary,0.319444444
peccary,0.663194444
peccary,0.675694444
peccary,0.697222222
peccary,0.697916667
agouti,0.702777778
agouti,0.703472222
peccary,0.828472222
peccary,0.116666667
peccary,0.209027778
agouti,0.280555556
agouti,0.683333333
peccary,0.776388889
peccary,0.926388889
paca,0.0
agouti,0.256944444
peccary,0.700694444
agouti,0.297916667
brocket,0.645833333
paca,0.811111111
brocket,0.869444444
brocket,0.873611111
agouti,0.253472222
agouti,0.395833333
agouti,0.713194444
peccary,0.753472222
peccary,0.032638889
agouti,0.692361111
agouti,0.457638889
agouti,0.701388889
brocket,0.969444444
agouti,0.389583333
tamandua,0.78125
peccary,0.174305556
peccary,0.20625
agouti,0.277083333
peccary,0.649305556
agouti,0.636805556
peccary,0.828472222
brocket,0.097916667
agouti,0.309027778
agouti,0.561111111
peccary,0.627777778
peccary,0.736805556
peccary,0.982638889
agouti,0.425
peccary,0.797916667
agouti,0.369444444
agouti,0.74375
peccary,0.291666667
agouti,0.318055556
peccary,0.692361111
peccary,0.827777778
peccary,0.2375
peccary,0.156944444
paca,0.148611111
agouti,0.238888889
agouti,0.36875
agouti,0.730555556
peccary,0.819444444
peccary,0.822916667
rat,0.048611111
paca,0.180555556
agouti,0.326388889
agouti,0.585416667
peccary,0.677777778
peccary,0.679166667
peccary,0.68125
agouti,0.275694444
agouti,0.560416667
peccary,0.697916667
peccary,0.247916667
agouti,0.689583333
paca,0.835416667
paca,0.802083333
rat,0.941666667
agouti,0.708333333
peccary,0.729861111
peccary,0.159722222
agouti,0.245138889
agouti,0.352777778
peccary,0.827083333
peccary,0.109722222
brocket,0.16875
peccary,0.254861111
peccary,0.258333333
peccary,0.733333333
brocket,0.750694444
peccary,0.948611111
brocket,0.009722222
peccary,0.065277778
peccary,0.074305556
peccary,0.216666667
agouti,0.248611111
agouti,0.711805556
agouti,0.250694444
agouti,0.514583333
agouti,0.514583333
agouti,0.6625
agouti,0.676388889
peccary,0.798611111
peccary,0.8125
peccary,0.934027778
peccary,0.014583333
brocket,0.096527778
peccary,0.145138889
peccary,0.145833333
agouti,0.252777778
agouti,0.499305556
agouti,0.663194444
agouti,0.742361111
peccary,0.913194444
peccary,0.068055556
peccary,0.202083333
peccary,0.718055556
brocket,0.763194444
peccary,0.792361111
peccary,0.79375
peccary,0.799305556
peccary,0.060416667
coati,0.339583333
agouti,0.511111111
peccary,0.650694444
peccary,0.780555556
peccary,0.879861111
brocket,0.051388889
peccary,0.126388889
agouti,0.445833333
agouti,0.541666667
agouti,0.686805556
agouti,0.246527778
agouti,0.525
peccary,0.097222222
peccary,0.177083333
agouti,0.266666667
agouti,0.284722222
agouti,0.715972222
agouti,0.246527778
agouti,0.258333333
agouti,0.402083333
agouti,0.683333333
agouti,0.331944444
agouti,0.711805556
agouti,0.765972222
agouti,0.731944444
agouti,0.752083333
paca,0.822222222
agouti,0.289583333
agouti,0.369444444
agouti,0.296527778
agouti,0.259722222
agouti,0.5875
opossum,0.883333333
ocelot,0.889583333
opossum,0.922916667
mouse,0.925
opossum,0.974305556
agouti,0.4
agouti,0.714583333
agouti,0.995138889
agouti,0.265972222
agouti,0.292361111
squirrel,0.301388889
agouti,0.322222222
agouti,0.4
agouti,0.73125
brocket,0.115972222
agouti,0.3375
agouti,0.265277778
agouti,0.390277778
agouti,0.633333333
agouti,0.639583333
agouti,0.286805556
agouti,0.320833333
agouti,0.427777778
squirrel,0.261805556
squirrel,0.299305556
squirrel,0.302777778
peccary,0.788888889
peccary,0.799305556
agouti,0.538194444
peccary,0.067361111
peccary,0.80625
peccary,0.808333333
agouti,0.264583333
agouti,0.471527778
peccary,0.770138889
peccary,0.979861111
agouti,0.253472222
agouti,0.259027778
brocket,0.729861111
agouti,0.259027778
agouti,0.260416667
agouti,0.270833333
agouti,0.270833333
peccary,0.81875
peccary,0.252777778
agouti,0.307638889
agouti,0.247916667
agouti,0.579166667
agouti,0.59375
agouti,0.26875
coati,0.276388889
agouti,0.360416667
agouti,0.568055556
agouti,0.699305556
agouti,0.249305556
agouti,0.705555556
coati,0.654166667
agouti,0.692361111
agouti,0.693055556
agouti,0.305555556
agouti,0.325
brocket,0.381944444
agouti,0.390277778
brocket,0.55
agouti,0.455555556
peccary,0.457638889
agouti,0.470833333
peccary,0.659722222
agouti,0.700694444
agouti,0.704166667
peccary,0.729166667
agouti,0.275
agouti,0.444444444
peccary,0.790972222
peccary,0.805555556
agouti,0.254166667
peccary,0.25625
agouti,0.495833333
agouti,0.558333333
peccary,0.560416667
agouti,0.642361111
agouti,0.6625
agouti,0.663194444
agouti,0.741666667
peccary,0.779861111
peccary,0.190972222
peccary,0.243055556
agouti,0.366666667
agouti,0.549305556
agouti,0.635416667
agouti,0.665277778
agouti,0.725694444
agouti,0.726388889
agouti,0.728472222
agouti,0.731944444
peccary,0.263888889
agouti,0.319444444
agouti,0.370138889
agouti,0.415277778
agouti,0.416666667
agouti,0.421527778
agouti,0.517361111
peccary,0.773611111
peccary,0.820138889
peccary,0.243055556
peccary,0.252777778
peccary,0.259722222
agouti,0.647222222
agouti,0.764583333
rat,0.983333333
paca,0.045833333
peccary,0.734027778
peccary,0.1125
peccary,0.21875
peccary,0.220138889
peccary,0.239583333
peccary,0.241666667
peccary,0.661111111
peccary,0.725694444
peccary,0.228472222
peccary,0.234722222
agouti,0.283333333
agouti,0.288194444
agouti,0.303472222
agouti,0.471527778
agouti,0.644444444
agouti,0.663194444
agouti,0.692361111
peccary,0.754166667
peccary,0.802083333
peccary,0.807638889
peccary,0.178472222
peccary,0.185416667
agouti,0.284027778
peccary,0.750694444
peccary,0.777083333
peccary,0.998611111
peccary,0.039583333
peccary,0.216666667
peccary,0.234027778
agouti,0.3
agouti,0.314583333
peccary,0.738194444
peccary,0.770833333
peccary,0.798611111
peccary,0.802777778
peccary,0.219444444
peccary,0.2625
peccary,0.395833333
peccary,0.779861111
peccary,0.78125
peccary,0.784722222
peccary,0.79375
brocket,0.19375
peccary,0.243055556
peccary,0.729861111
peccary,0.790972222
peccary,0.811111111
peccary,0.736805556
agouti,0.741666667
peccary,0.754166667
peccary,0.783333333
brocket,0.81875
agouti,0.603472222
agouti,0.6625
agouti,0.697222222
agouti,0.243055556
agouti,0.309722222
agouti,0.401388889
agouti,0.596527778
agouti,0.6375
agouti,0.688888889
agouti,0.763888889
peccary,0.240277778
peccary,0.726388889
peccary,0.815277778
peccary,0.815972222
agouti,0.250694444
agouti,0.490972222
agouti,0.697916667
agouti,0.702777778
peccary,0.252777778
peccary,0.263888889
agouti,0.372222222
agouti,0.715972222
squirrel,0.270138889
agouti,0.298611111
agouti,0.358333333
agouti,0.678472222
agouti,0.732638889
paca,0.929166667
paca,0.975
agouti,0.2875
agouti,0.331944444
agouti,0.661805556
agouti,0.268055556
agouti,0.675694444
agouti,0.438888889
agouti,0.639583333
agouti,0.675
agouti,0.686805556
agouti,0.265972222
agouti,0.322222222
agouti,0.363888889
agouti,0.458333333
agouti,0.720138889
agouti,0.2375
agouti,0.51875
brocket,0.157638889
agouti,0.716666667
agouti,0.738888889
agouti,0.743055556
brocket,0.079861111
brocket,0.229166667
agouti,0.3125
agouti,0.313194444
agouti,0.415972222
agouti,0.465972222
agouti,0.734027778
agouti,0.736805556
peccary,0.766666667
peccary,0.769444444
peccary,0.772222222
peccary,0.773611111
paca,0.876388889
paca,0.002777778
brocket,0.161805556
agouti,0.271527778
agouti,0.3625
agouti,0.367361111
agouti,0.727777778
brocket,0.733333333
agouti,0.355555556
agouti,0.359722222
agouti,0.764583333
opossum,0.94375
squirrel,0.253472222
agouti,0.321527778
peccary,0.345833333
agouti,0.438194444
agouti,0.438888889
agouti,0.639583333
agouti,0.699305556
agouti,0.731944444
agouti,0.252777778
agouti,0.334027778
opossum,0.002083333
opossum,0.101388889
agouti,0.340277778
agouti,0.3
agouti,0.380555556
agouti,0.482638889
peccary,0.838888889
ocelot,0.838194444
agouti,0.265277778
agouti,0.45625
agouti,0.518055556
agouti,0.622222222
agouti,0.66875
agouti,0.266666667
agouti,0.516666667
peccary,0.810416667
agouti,0.59375
agouti,0.382638889
agouti,0.604166667
agouti,0.759027778
agouti,0.760416667
agouti,0.7625
agouti,0.892361111
peccary,0.243055556
peccary,0.245833333
agouti,0.250694444
agouti,0.290972222
rat,0.899305556
opossum,0.998611111
agouti,0.277777778
paca,0.960416667
brocket,0.019444444
agouti,0.244444444
agouti,0.254861111
agouti,0.279861111
agouti,0.292361111
agouti,0.465972222
agouti,0.58125
agouti,0.657638889
brocket,0.661111111
agouti,0.704861111
agouti,0.74375
agouti,0.75625
paca,0.959027778
peccary,0.261111111
peccary,0.265277778
peccary,0.265277778
peccary,0.267361111
peccary,0.269444444
agouti,0.281944444
agouti,0.305555556
agouti,0.6
agouti,0.731944444
agouti,0.261111111
agouti,0.309722222
agouti,0.339583333
agouti,0.371527778
brocket,0.375
agouti,0.544444444
agouti,0.653472222
agouti,0.66875
agouti,0.724305556
agouti,0.3125
agouti,0.297222222
agouti,0.624305556
agouti,0.615972222
agouti,0.316666667
agouti,0.309722222
agouti,0.386111111
agouti,0.496527778
agouti,0.669444444
agouti,0.683333333
agouti,0.729861111
agouti,0.732638889
paca,0.865972222
agouti,0.276388889
agouti,0.279166667
agouti,0.288194444
agouti,0.304166667
agouti,0.325
agouti,0.384722222
agouti,0.390277778
agouti,0.4
agouti,0.422916667
agouti,0.442361111
agouti,0.559027778
agouti,0.573611111
agouti,0.653472222
agouti,0.689583333
paca,0.086805556
agouti,0.277083333
agouti,0.279861111
agouti,0.382638889
agouti,0.677777778
agouti,0.688194444
agouti,0.699305556
agouti,0.722916667
agouti,0.741666667
agouti,0.768055556
peccary,0.840972222
paca,0.015972222
agouti,0.274305556
agouti,0.33125
agouti,0.35625
agouti,0.422222222
agouti,0.425
agouti,0.619444444
agouti,0.623611111
agouti,0.625694444
agouti,0.694444444
agouti,0.703472222
agouti,0.704861111
agouti,0.73125
agouti,0.307638889
agouti,0.315277778
agouti,0.470833333
agouti,0.48125
paca,0.215972222
agouti,0.265972222
agouti,0.309722222
agouti,0.313888889
agouti,0.59375
agouti,0.595833333
squirrel,0.613888889
agouti,0.695138889
agouti,0.713888889
agouti,0.729166667
agouti,0.742361111
agouti,0.76875
agouti,0.275
agouti,0.294444444
agouti,0.302083333
agouti,0.330555556
agouti,0.354166667
agouti,0.470833333
agouti,0.540972222
agouti,0.544444444
agouti,0.547222222
agouti,0.55625
agouti,0.63125
agouti,0.640277778
agouti,0.643055556
agouti,0.652083333
agouti,0.657638889
agouti,0.689583333
agouti,0.715972222
peccary,0.930555556
opossum,0.0
agouti,0.278472222
agouti,0.292361111
brocket,0.320833333
agouti,0.340972222
agouti,0.352777778
agouti,0.386805556
agouti,0.388194444
agouti,0.4375
agouti,0.438888889
agouti,0.498611111
agouti,0.28125
peccary,0.777083333
opossum,0.785416667
brocket,0.800694444
paca,0.809027778
paca,0.201388889
brocket,0.213194444
agouti,0.280555556
agouti,0.3
agouti,0.300694444
agouti,0.388194444
brocket,0.497916667
brocket,0.813194444
peccary,0.858333333
brocket,0.111111111
paca,0.184027778
peccary,0.242361111
agouti,0.265972222
agouti,0.268055556
agouti,0.345138889
agouti,0.440277778
agouti,0.445833333
agouti,0.628472222
agouti,0.740277778
agouti,0.259722222
squirrel,0.261805556
agouti,0.291666667
agouti,0.668055556
squirrel,0.66875
agouti,0.673611111
agouti,0.677777778
peccary,0.800694444
brocket,0.086111111
coati,0.388194444
agouti,0.678472222
brocket,0.788194444
paca,0.990277778
agouti,0.313888889
brocket,0.243055556
brocket,0.2625
peccary,0.290972222
squirrel,0.319444444
agouti,0.391666667
agouti,0.472916667
agouti,0.261805556
agouti,0.26875
agouti,0.3
peccary,0.300694444
agouti,0.369444444
agouti,0.415277778
brocket,0.503472222
agouti,0.677083333
peccary,0.697222222
peccary,0.70625
peccary,0.781944444
ocelot,0.590972222
peccary,0.766666667
paca,0.809722222
peccary,0.942361111
agouti,0.444444444
brocket,0.073611111
peccary,0.263194444
agouti,0.409722222
agouti,0.715972222
agouti,0.744444444
ocelot,0.964583333
squirrel,0.270833333
agouti,0.347916667
agouti,0.252777778
agouti,0.388888889
agouti,0.386805556
agouti,0.526388889
agouti,0.658333333
agouti,0.260416667
agouti,0.316666667
agouti,0.35625
agouti,0.702083333
agouti,0.713194444
brocket,0.7375
rat,0.913194444
rat,0.160416667
agouti,0.35
agouti,0.53125
agouti,0.5375
agouti,0.622222222
agouti,0.629861111
agouti,0.636111111
agouti,0.6375
agouti,0.638194444
agouti,0.642361111
agouti,0.643055556
agouti,0.646527778
agouti,0.647222222
agouti,0.666666667
agouti,0.673611111
agouti,0.677083333
peccary,0.838888889
agouti,0.273611111
agouti,0.274305556
agouti,0.276388889
agouti,0.277083333
agouti,0.308333333
agouti,0.347916667
agouti,0.519444444
agouti,0.522916667
agouti,0.588888889
agouti,0.665277778
agouti,0.669444444
agouti,0.258333333
agouti,0.270138889
agouti,0.290277778
agouti,0.330555556
agouti,0.331944444
agouti,0.703472222
agouti,0.717361111
agouti,0.738888889
armadillo,0.981944444
agouti,0.267361111
agouti,0.280555556
agouti,0.298611111
agouti,0.3
agouti,0.300694444
agouti,0.471527778
agouti,0.549305556
agouti,0.583333333
agouti,0.598611111
agouti,0.640277778
agouti,0.74375
agouti,0.25625
agouti,0.26875
agouti,0.292361111
agouti,0.305555556
agouti,0.33125
agouti,0.415277778
agouti,0.609027778
agouti,0.685416667
agouti,0.250694444
agouti,0.251388889
agouti,0.252083333
agouti,0.283333333
agouti,0.288194444
agouti,0.293055556
peccary,0.486805556
peccary,0.49375
agouti,0.525
agouti,0.645833333
agouti,0.696527778
agouti,0.734722222
agouti,0.736805556
agouti,0.263194444
agouti,0.334722222
agouti,0.590972222
agouti,0.68125
agouti,0.736805556
agouti,0.253472222
agouti,0.271527778
agouti,0.272222222
agouti,0.273611111
agouti,0.352083333
agouti,0.763194444
opossum,0.819444444
agouti,0.250694444
agouti,0.315972222
agouti,0.650694444
agouti,0.656944444
agouti,0.245138889
agouti,0.246527778
agouti,0.429166667
agouti,0.491666667
agouti,0.654861111
agouti,0.656944444
agouti,0.690277778
agouti,0.690972222
agouti,0.709027778
agouti,0.311805556
agouti,0.566666667
agouti,0.370833333
agouti,0.490972222
agouti,0.59375
agouti,0.622916667
agouti,0.657638889
agouti,0.354166667
agouti,0.363888889
agouti,0.369444444
agouti,0.401388889
agouti,0.446527778
agouti,0.722222222
opossum,0.838194444
agouti,0.254861111
agouti,0.327083333
agouti,0.351388889
agouti,0.589583333
agouti,0.733333333
agouti,0.319444444
agouti,0.6875
agouti,0.307638889
agouti,0.448611111
brocket,0.022916667
agouti,0.321527778
agouti,0.645833333
agouti,0.402083333
agouti,0.656944444
ocelot,0.305555556
agouti,0.688194444
agouti,0.722222222
opossum,0.83125
agouti,0.332638889
agouti,0.452777778
agouti,0.265972222
agouti,0.370138889
agouti,0.389583333
agouti,0.397916667
agouti,0.401388889
agouti,0.404166667
agouti,0.482638889
agouti,0.743055556
paca,0.870833333
agouti,0.2625
paca,0.820833333
opossum,0.192361111
agouti,0.2625
opossum,0.186111111
agouti,0.254166667
agouti,0.281944444
agouti,0.734027778
agouti,0.469444444
agouti,0.471527778
agouti,0.474305556
agouti,0.251388889
agouti,0.402083333
agouti,0.446527778
paca,0.823611111
rat,0.214583333
agouti,0.557638889
agouti,0.74375
paca,0.827777778
agouti,0.384027778
rat,0.109027778
squirrel,0.41875
squirrel,0.464583333
squirrel,0.63125
agouti,0.636111111
rat,0.065972222
agouti,0.558333333
agouti,0.673611111
agouti,0.676388889
tamandua,0.040972222
ocelot,0.191666667
agouti,0.360416667
agouti,0.376388889
agouti,0.393055556
agouti,0.58125
rat,0.194444444
peccary,0.653472222
peccary,0.739583333
agouti,0.755555556
paca,0.845138889
rat,0.859722222
rat,0.942361111
rat,0.958333333
agouti,0.588888889
agouti,0.652777778
agouti,0.658333333
agouti,0.664583333
brocket,0.752083333
opossum,0.088888889
agouti,0.740972222
opossum,0.132638889
agouti,0.348611111
agouti,0.403472222
agouti,0.538888889
agouti,0.591666667
agouti,0.627083333
agouti,0.629861111
agouti,0.679861111
paca,0.075694444
paca,0.127083333
agouti,0.274305556
brocket,0.275694444
agouti,0.301388889
agouti,0.309027778
agouti,0.360416667
agouti,0.381944444
agouti,0.404166667
agouti,0.534722222
agouti,0.636111111
agouti,0.254861111
agouti,0.304861111
squirrel,0.399305556
peccary,0.802777778
rat,0.186111111
squirrel,0.276388889
squirrel,0.382638889
agouti,0.582638889
brocket,0.28125
agouti,0.488888889
peccary,0.65625
agouti,0.656944444
peccary,0.661805556
agouti,0.322222222
agouti,0.377083333
agouti,0.533333333
agouti,0.763194444
paca,0.910416667
paca,0.10625
agouti,0.253472222
agouti,0.260416667
agouti,0.282638889
agouti,0.345833333
agouti,0.419444444
agouti,0.6
agouti,0.395138889
agouti,0.685416667
rat,0.847222222
squirrel,0.260416667
agouti,0.302083333
agouti,0.720833333
agouti,0.763888889
agouti,0.447916667
opossum,0.831944444
tamandua,0.416666667
tamandua,0.063888889
agouti,0.338194444
agouti,0.368055556
agouti,0.40625
opossum,0.980555556
agouti,0.240972222
opossum,0.184722222
tamandua,0.513194444
tamandua,0.653472222
paca,0.188194444
agouti,0.466666667
squirrel,0.477777778
agouti,0.716666667
opossum,0.952083333
agouti,0.39375
agouti,0.509027778
agouti,0.244444444
squirrel,0.396527778
agouti,0.601388889
agouti,0.725
agouti,0.726388889
agouti,0.329861111
agouti,0.332638889
agouti,0.334027778
agouti,0.334722222
agouti,0.35625
agouti,0.384027778
agouti,0.397222222
agouti,0.398611111
agouti,0.404861111
squirrel,0.409027778
agouti,0.665277778
agouti,0.668055556
agouti,0.686111111
agouti,0.713888889
agouti,0.7375
agouti,0.746527778
tamandua,0.074305556
tamandua,0.199305556
agouti,0.36875
agouti,0.363194444
agouti,0.375694444
agouti,0.538888889
agouti,0.69375
agouti,0.416666667
agouti,0.524305556
agouti,0.722222222
peccary,0.801388889
paca,0.002777778
agouti,0.702083333
agouti,0.704166667
agouti,0.716666667
peccary,0.724305556
peccary,0.727777778
paca,0.011111111
agouti,0.271527778
agouti,0.3375
agouti,0.491666667
agouti,0.493055556
agouti,0.297222222
agouti,0.4125
paca,0.864583333
paca,0.161111111
agouti,0.282638889
agouti,0.386805556
agouti,0.513194444
agouti,0.655555556
agouti,0.727777778
agouti,0.348611111
agouti,0.401388889
agouti,0.329861111
agouti,0.331944444
agouti,0.395833333
agouti,0.265972222
agouti,0.600694444
agouti,0.336111111
agouti,0.39375
agouti,0.756944444
agouti,0.291666667
squirrel,0.540972222
rat,0.95625
agouti,0.334027778
agouti,0.3
agouti,0.311111111
agouti,0.653472222
agouti,0.715972222
agouti,0.720833333
paca,0.946527778
squirrel,0.328472222
agouti,0.358333333
agouti,0.40625
agouti,0.440277778
paca,0.84375
agouti,0.246527778
agouti,0.248611111
agouti,0.3
agouti,0.313888889
agouti,0.354166667
agouti,0.357638889
squirrel,0.384027778
agouti,0.450694444
agouti,0.641666667
paca,0.828472222
peccary,0.99375
peccary,0.083333333
peccary,0.091666667
agouti,0.666666667
brocket,0.806944444
agouti,0.288194444
agouti,0.331944444
agouti,0.550694444
agouti,0.289583333
peccary,0.7
opossum,0.2
agouti,0.252777778
agouti,0.290277778
agouti,0.455555556
agouti,0.456944444
peccary,0.457638889
agouti,0.630555556
agouti,0.669444444
agouti,0.746527778
agouti,0.755555556
peccary,0.770833333
agouti,0.771527778
peccary,0.902777778
peccary,0.284027778
agouti,0.295833333
agouti,0.308333333
agouti,0.317361111
agouti,0.358333333
agouti,0.359027778
agouti,0.384722222
agouti,0.386805556
agouti,0.3875
coati,0.70625
peccary,0.208333333
agouti,0.301388889
agouti,0.267361111
peccary,0.647222222
agouti,0.657638889
agouti,0.684722222
agouti,0.699305556
agouti,0.442361111
agouti,0.488194444
agouti,0.560416667
agouti,0.619444444
agouti,0.629166667
agouti,0.639583333
armadillo,0.865277778
agouti,0.45
agouti,0.496527778
agouti,0.303472222
agouti,0.309027778
agouti,0.459722222
agouti,0.682638889
agouti,0.752083333
agouti,0.763194444
rat,0.844444444
agouti,0.299305556
agouti,0.3
agouti,0.301388889
agouti,0.31875
agouti,0.322222222
agouti,0.414583333
tamandua,0.000694444
tamandua,0.107638889
tamandua,0.109722222
tamandua,0.259027778
agouti,0.364583333
tamandua,0.611111111
agouti,0.708333333
agouti,0.430555556
agouti,0.616666667
agouti,0.70625
agouti,0.733333333
agouti,0.297916667
opossum,0.959722222
tamandua,0.053472222
agouti,0.347916667
agouti,0.684027778
agouti,0.741666667
agouti,0.315277778
agouti,0.731944444
squirrel,0.265972222
agouti,0.29375
agouti,0.338888889
agouti,0.643055556
brocket,0.527083333
agouti,0.750694444
agouti,0.7625
agouti,0.653472222
agouti,0.664583333
peccary,0.940972222
paca,0.029166667
agouti,0.771527778
agouti,0.323611111
agouti,0.742361111
ocelot,0.196527778
rat,0.23125
agouti,0.241666667
agouti,0.61875
paca,0.994444444
rat,0.177777778
rat,0.810416667
paca,0.994444444
paca,0.150694444
tamandua,0.121527778
tamandua,0.130555556
agouti,0.323611111
agouti,0.741666667
tamandua,0.788888889
paca,0.85
agouti,0.409027778
paca,0.13125
coati,0.35
coati,0.746527778
agouti,0.25625
agouti,0.290972222
agouti,0.330555556
agouti,0.680555556
agouti,0.682638889
squirrel,0.7
brocket,0.786111111
coati,0.390277778
agouti,0.684722222
agouti,0.772916667
agouti,0.779861111
agouti,0.349305556
squirrel,0.420138889
agouti,0.620138889
brocket,0.65625
agouti,0.309722222
agouti,0.420138889
coati,0.280555556
agouti,0.361111111
agouti,0.6
peccary,0.767361111
agouti,0.370833333
agouti,0.349305556
agouti,0.360416667
agouti,0.472916667
brocket,0.036111111
agouti,0.426388889
agouti,0.445138889
agouti,0.638888889
agouti,0.35625
agouti,0.269444444
squirrel,0.594444444
agouti,0.746527778
agouti,0.260416667
agouti,0.302083333
agouti,0.339583333
agouti,0.483333333
agouti,0.548611111
coati,0.708333333
agouti,0.302083333
agouti,0.382638889
agouti,0.425694444
agouti,0.604166667
agouti,0.715277778
agouti,0.7625
rat,0.997222222
paca,0.109027778
peccary,0.155555556
peccary,0.231944444
agouti,0.248611111
agouti,0.611805556
agouti,0.620138889
agouti,0.629166667
agouti,0.642361111
agouti,0.665277778
peccary,0.728472222
peccary,0.786805556
agouti,0.372916667
agouti,0.440972222
agouti,0.626388889
agouti,0.627083333
coati,0.703472222
agouti,0.720833333
agouti,0.245833333
agouti,0.330555556
agouti,0.390972222
agouti,0.431944444
agouti,0.436805556
peccary,0.216666667
agouti,0.238194444
agouti,0.310416667
squirrel,0.311111111
agouti,0.536111111
agouti,0.240277778
agouti,0.240972222
agouti,0.360416667
agouti,0.371527778
agouti,0.494444444
agouti,0.570138889
agouti,0.654166667
agouti,0.279861111
peccary,0.878472222
brocket,0.929861111
paca,0.034722222
agouti,0.240277778
agouti,0.2875
agouti,0.588888889
agouti,0.759027778
paca,0.049305556
paca,0.085416667
agouti,0.263194444
agouti,0.270138889
agouti,0.276388889
agouti,0.286805556
peccary,0.290277778
squirrel,0.313194444
agouti,0.375
agouti,0.655555556
agouti,0.751388889
agouti,0.247916667
agouti,0.335416667
agouti,0.693055556
agouti,0.756944444
agouti,0.245833333
agouti,0.758333333
agouti,0.301388889
agouti,0.404166667
agouti,0.664583333
agouti,0.723611111
agouti,0.772222222
agouti,0.729166667
agouti,0.774305556
agouti,0.322916667
agouti,0.324305556
agouti,0.339583333
agouti,0.752083333
agouti,0.758333333
agouti,0.253472222
tamandua,0.313194444
agouti,0.517361111
agouti,0.735416667
agouti,0.240277778
agouti,0.245138889
agouti,0.29375
squirrel,0.33125
agouti,0.692361111
agouti,0.694444444
agouti,0.697916667
agouti,0.772222222
opossum,0.981944444
rat,0.110416667
agouti,0.25
agouti,0.302777778
agouti,0.345138889
agouti,0.379861111
agouti,0.770138889
agouti,0.24375
agouti,0.3125
agouti,0.718055556
brocket,0.804861111
agouti,0.445833333
agouti,0.313194444
agouti,0.325694444
agouti,0.390277778
squirrel,0.363888889
agouti,0.413888889
agouti,0.424305556
agouti,0.641666667
brocket,0.909027778
brocket,0.033333333
agouti,0.259027778
agouti,0.765277778
agouti,0.265277778
rat,0.089583333
brocket,0.107638889
agouti,0.738194444
agouti,0.828472222
agouti,0.313888889
agouti,0.245833333
agouti,0.292361111
agouti,0.541666667
agouti,0.702083333
paca,0.997916667
agouti,0.545138889
agouti,0.694444444
agouti,0.728472222
agouti,0.765972222
brocket,0.177777778
agouti,0.501388889
agouti,0.60625
agouti,0.281944444
agouti,0.741666667
agouti,0.75625
agouti,0.758333333
paca,0.022916667
agouti,0.675
agouti,0.327083333
rat,0.209722222
agouti,0.263888889
agouti,0.395833333
agouti,0.49375
agouti,0.445138889
agouti,0.489583333
agouti,0.50625
agouti,0.555555556
agouti,0.579861111
rat,0.982638889
agouti,0.261805556
agouti,0.359722222
agouti,0.367361111
squirrel,0.401388889
agouti,0.738888889
squirrel,0.263194444
agouti,0.270833333
agouti,0.284722222
agouti,0.304861111
agouti,0.463194444
agouti,0.677777778
agouti,0.613888889
agouti,0.297916667
agouti,0.316666667
rat,0.972916667
agouti,0.261805556
agouti,0.295138889
agouti,0.494444444
agouti,0.623611111
agouti,0.625694444
agouti,0.627083333
agouti,0.644444444
agouti,0.6625
paca,0.050694444
peccary,0.305555556
agouti,0.308333333
agouti,0.372916667
agouti,0.381944444
agouti,0.527083333
agouti,0.70625
agouti,0.741666667
agouti,0.750694444
squirrel,0.400694444
agouti,0.458333333
agouti,0.459027778
agouti,0.309722222
agouti,0.410416667
agouti,0.514583333
agouti,0.714583333
agouti,0.720138889
peccary,0.65
peccary,0.654166667
agouti,0.349305556
agouti,0.452083333
agouti,0.549305556
agouti,0.602777778
agouti,0.61875
agouti,0.297916667
agouti,0.515972222
agouti,0.58125
agouti,0.717361111
agouti,0.374305556
agouti,0.405555556
agouti,0.425
agouti,0.510416667
agouti,0.640277778
agouti,0.703472222
agouti,0.742361111
agouti,0.4125
rat,0.815972222
squirrel,0.432638889
agouti,0.439583333
squirrel,0.506944444
agouti,0.697916667
agouti,0.244444444
agouti,0.271527778
rat,0.788194444
rat,0.840972222
agouti,0.316666667
agouti,0.576388889
agouti,0.317361111
agouti,0.755555556
agouti,0.371527778
agouti,0.373611111
opossum,0.111111111
agouti,0.758333333
ocelot,0.813194444
agouti,0.332638889
squirrel,0.295138889
agouti,0.296527778
agouti,0.369444444
agouti,0.716666667
agouti,0.364583333
agouti,0.266666667
agouti,0.693055556
squirrel,0.458333333
agouti,0.531944444
agouti,0.54375
agouti,0.633333333
agouti,0.657638889
agouti,0.275694444
agouti,0.31875
agouti,0.341666667
agouti,0.370138889
agouti,0.447222222
agouti,0.595138889
agouti,0.254861111
agouti,0.301388889
agouti,0.395833333
agouti,0.4
agouti,0.627083333
agouti,0.657638889
agouti,0.322222222
agouti,0.75625
peccary,0.826388889
agouti,0.259027778
agouti,0.270138889
agouti,0.384027778
agouti,0.654861111
agouti,0.720833333
agouti,0.738194444
mouse,0.893055556
agouti,0.425
agouti,0.252777778
agouti,0.305555556
agouti,0.338888889
agouti,0.464583333
agouti,0.573611111
agouti,0.577777778
agouti,0.7625
agouti,0.24375
