obstime,ra,dec,stn,mag,band,astcat,rmsra,rmsdec,mode,notes,sys,pos1,pos2,pos3
2019-08-30T01:03:19.872Z,126.65758,33.66464,L51,17.8,R,UCAC4,,,CCD,,,,,
2019-08-30T01:21:57.024Z,126.66396,33.66108,L51,17.8,R,UCAC4,,,CCD,,,,,
2019-08-30T01:37:19.776Z,126.66875,33.65842,L51,17.7,R,UCAC4,,,CCD,,,,,
2019-08-31T00:53:43.584Z,127.12383,33.40025,L51,18.4,R,UCAC4,,,CCD,,,,,
2019-08-31T00:57:19.584Z,127.12517,33.39936,L51,18.5,R,UCAC4,,,CCD,,,,,
2019-08-31T01:39:50.976Z,127.13862,33.39197,L51,18.4,R,UCAC4,,,CCD,,,,,
2019-08-31T01:43:13.152Z,127.14008,33.39108,L51,18.4,R,UCAC4,,,CCD,,,,,
2019-08-31T09:57:23.040Z,127.30104,33.29933,850,17.1,R,UCAC4,,,CCD,K,,,,
2019-08-31T10:05:06.144Z,127.30296,33.29758,850,17.0,R,UCAC4,,,CCD,K,,,,
2019-08-31T10:12:36.288Z,127.30612,33.29683,850,17.5,R,UCAC4,,,CCD,K,,,,
2019-09-01T01:00:06.336Z,127.59517,33.12992,L51,18.2,R,UCAC4,,,CCD,,,,,
2019-09-01T01:04:29.856Z,127.59658,33.12917,L51,18.2,R,UCAC4,,,CCD,,,,,
2019-09-01T01:10:52.608Z,127.59867,33.12803,L51,18.3,R,UCAC4,,,CCD,,,,,
2019-09-01T01:17:14.496Z,127.60071,33.12647,L51,18.2,R,UCAC4,,,CCD,,,,,
2019-09-01T02:34:08.256Z,127.62567,33.11217,595,18.0,G,Gaia2,,,CCD,K,,,,
2019-09-01T02:43:08.256Z,127.62850,33.11042,595,18.5,G,Gaia2,,,CCD,I,,,,
2019-09-01T03:03:23.904Z,127.63496,33.10689,595,18.0,G,Gaia2,,,CCD,K,,,,
2019-09-01T10:05:28.608Z,127.77279,33.02672,850,18.5,V,UCAC4,,,CCD,K,,,,
2019-09-01T10:09:40.032Z,127.77388,33.02553,850,18.5,V,UCAC4,,,CCD,K,,,,
2019-09-01T11:19:39.072Z,127.79675,33.01294,H06,,,Gaia2,,,CCD,,,,,
2019-09-01T11:26:07.872Z,127.79892,33.01172,H06,17.9,G,Gaia2,,,CCD,,,,,
2019-09-01T23:09:28.224Z,128.02812,32.87822,186,17.8,G,Gaia2,,,CCD,,,,,
2019-09-01T23:19:19.200Z,128.03150,32.87614,186,18.1,G,Gaia2,,,CCD,,,,,
2019-09-01T23:30:04.608Z,128.03450,32.87408,186,18.0,G,Gaia2,,,CCD,,,,,
2019-09-02T00:57:53.280Z,128.06375,32.85725,L51,17.9,R,UCAC4,,,CCD,,,,,
2019-09-02T01:04:15.168Z,128.06550,32.85594,L51,17.9,R,UCAC4,,,CCD,,,,,
2019-09-02T01:14:51.936Z,128.06896,32.85419,L51,17.8,R,UCAC4,,,CCD,,,,,
2019-09-02T01:29:40.992Z,128.07396,32.85128,L51,17.9,R,UCAC4,,,CCD,,,,,
2019-09-02T02:20:54.413Z,128.09042,32.84131,L01,18.8,G,Gaia2,,,CCD,K,,,,
2019-09-02T02:24:17.712Z,128.09154,32.84094,L01,18.9,G,Gaia2,,,CCD,p,,,,
2019-09-02T02:34:31.238Z,128.09479,32.83875,L01,18.8,G,Gaia2,,,CCD,K,,,,
2019-09-02T02:59:02.02Z,128.10287,32.83401,J95,18.9,G,Gaia2,0.16,0.19,CCD,pK,,,,
2019-09-02T03:51:01.29Z,128.11958,32.82420,J95,18.8,G,Gaia2,0.18,0.17,CCD,K,,,,
2019-09-02T09:08:04.704Z,128.22225,32.76464,850,18.2,V,UCAC4,,,CCD,K,,,,
2019-09-02T09:26:24.576Z,128.22908,32.75961,850,18.7,V,UCAC4,,,CCD,K,,,,
2019-09-03T01:08:14.496Z,128.53571,32.57894,L51,18.2,R,UCAC4,,,CCD,,,,,
2019-09-03T01:10:21.504Z,128.53658,32.57825,L51,18.3,R,UCAC4,,,CCD,,,,,
2019-09-03T01:18:48.672Z,128.53946,32.57669,L51,18.3,R,UCAC4,,,CCD,,,,,
2019-09-03T09:59:51.648Z,128.70908,32.47581,850,17.7,R,UCAC4,,,CCD,K,,,,
2019-09-03T10:13:55.776Z,128.71375,32.47311,850,17.7,R,UCAC4,,,CCD,K,,,,
2019-09-03T11:17:00.960Z,128.73438,32.46064,H06,,,Gaia2,,,CCD,,,,,
2019-09-03T11:22:38.784Z,128.73629,32.45939,H06,17.8,G,Gaia2,,,CCD,,,,,
2019-09-04T00:57:37.728Z,129.00162,32.30053,L51,18.0,R,UCAC4,,,CCD,,,,,
2019-09-04T01:25:10.560Z,129.01067,32.29517,L51,18.1,R,UCAC4,,,CCD,,,,,
2019-09-04T01:29:24.576Z,129.01200,32.29419,L51,18.0,R,UCAC4,,,CCD,,,,,
2019-09-04T02:41:47.040Z,129.03537,32.27994,C10,17.7,R,UCAC4,,,CCD,K,,,,
2019-09-04T02:49:58.656Z,129.03817,32.27839,C10,17.8,R,UCAC4,,,CCD,K,,,,
2019-09-04T02:52:20.352Z,129.03879,32.27769,A71,18.2,V,PPMXL,,,CCD,K,,,,
2019-09-04T02:58:11.136Z,129.04062,32.27689,C10,17.9,R,UCAC4,,,CCD,K,,,,
2019-09-04T03:01:16.032Z,129.04171,32.27631,A71,18.0,V,PPMXL,,,CCD,K,,,,
2019-09-04T05:29:39Z,129.09040,32.24706,G40,18.2,G,Gaia2,0.15,0.16,CCD,K,,,,
2019-09-04T05:41:48Z,129.09415,32.24489,G40,18.5,G,Gaia2,0.42,0.42,CCD,K,,,,
2019-09-04T09:54:51.840Z,129.17675,32.19556,850,18.7,V,UCAC4,,,CCD,K,,,,
2019-09-04T10:05:23.424Z,129.18042,32.19350,850,18.4,V,UCAC4,,,CCD,K,,,,
2019-09-04T10:15:55.008Z,129.18388,32.19150,850,18.2,V,UCAC4,,,CCD,K,,,,
2019-09-05T22:39:44.928Z,129.89508,31.75669,N55,18.6,R,UCAC4,,,CCD,K,,,,
2019-09-05T22:46:05.088Z,129.89696,31.75533,N55,18.2,R,UCAC4,,,CCD,K,,,,
2019-09-05T22:51:42.912Z,129.89879,31.75414,N55,18.4,R,UCAC4,,,CCD,K,,,,
2019-09-06T01:08:14.496Z,129.94338,31.72644,L51,18.0,R,UCAC4,,,CCD,,,,,
2019-09-06T01:12:28.512Z,129.94454,31.72553,L51,18.1,R,UCAC4,,,CCD,,,,,
2019-09-06T01:16:42.528Z,129.94608,31.72478,L51,18.0,R,UCAC4,,,CCD,,,,,
2019-09-06T01:20:55.680Z,129.94737,31.72389,L51,18.0,R,UCAC4,,,CCD,,,,,
2019-09-06T01:31:30.720Z,129.95050,31.72175,L51,18.1,R,UCAC4,,,CCD,,,,,
2019-09-06T01:35:44.736Z,129.95204,31.72108,L51,18.0,R,UCAC4,,,CCD,,,,,
2019-09-06T10:01:50.880Z,130.11675,31.61917,850,18.3,V,UCAC4,,,CCD,K,,,,
2019-09-06T10:17:36.960Z,130.12229,31.61628,850,18.8,V,UCAC4,,,CCD,K,,,,
2019-09-06T22:55:43.968Z,130.36925,31.46194,N55,17.5,R,UCAC4,,,CCD,K,,,,
2019-09-06T23:06:28.512Z,130.37275,31.45983,N55,17.5,R,UCAC4,,,CCD,K,,,,
2019-09-06T23:15:19.008Z,130.37571,31.45781,N55,18.4,R,UCAC4,,,CCD,K,,,,
2019-09-07T23:10:51.168Z,130.84292,31.16356,N55,17.9,R,UCAC4,,,CCD,K,,,,
2019-09-07T23:18:16.128Z,130.84533,31.16208,N55,17.3,R,UCAC4,,,CCD,K,,,,
2019-09-08T01:23:54.528Z,130.88604,31.13614,L51,18.0,R,UCAC4,,,CCD,,,,,
2019-09-08T01:30:20.736Z,130.88817,31.13464,L51,18.1,R,UCAC4,,,CCD,,,,,
2019-09-08T01:36:40.896Z,130.89029,31.13344,L51,18.0,R,UCAC4,,,CCD,,,,,
2019-09-08T01:43:01.920Z,130.89233,31.13214,L51,18.0,R,UCAC4,,,CCD,,,,,
2019-09-08T03:01:44.28Z,130.91779,31.11575,J95,18.7,G,Gaia2,0.17,0.17,CCD,K,,,,
2019-09-08T03:09:17.66Z,130.92018,31.11408,J95,18.5,G,Gaia2,0.19,0.20,CCD,K,,,,
2019-09-08T03:16:52.96Z,130.92273,31.11260,J95,18.7,G,Gaia2,0.18,0.19,CCD,K,,,,
2019-09-08T03:24:28.86Z,130.92512,31.11108,J95,18.1,G,Gaia2,0.19,0.18,CCD,K,,,,
2019-09-08T09:58:28.704Z,131.05362,31.02964,850,17.3,R,UCAC4,,,CCD,K,,,,
2019-09-08T10:07:21.792Z,131.05646,31.02769,850,17.1,R,UCAC4,,,CCD,K,,,,
2019-09-08T10:16:10.560Z,131.05933,31.02594,850,17.2,R,UCAC4,,,CCD,K,,,,
2019-09-08T15:08:07.469Z,131.154604,30.965150,568,19.4,G,Gaia2,,,CCD,,,,,
2019-09-08T22:53:03.264Z,131.30600,30.86797,N55,18.4,R,UCAC4,,,CCD,K,,,,
2019-09-08T22:54:48.672Z,131.30667,30.86772,N55,17.6,R,UCAC4,,,CCD,K,,,,
2019-09-09T01:04:33.053Z,131.348479,30.840306,121,18.6,G,Gaia2,,,CCD,,,,,
2019-09-09T01:08:49.920Z,131.35000,30.83983,L51,17.8,R,UCAC4,,,CCD,,,,,
2019-09-09T01:14:17.117Z,131.351642,30.838394,121,18.6,G,Gaia2,,,CCD,,,,,
2019-09-09T01:24:57.082Z,131.355137,30.836094,121,19.1,G,Gaia2,,,CCD,,,,,
2019-09-09T01:28:21.504Z,131.35613,30.83539,L51,17.9,R,UCAC4,,,CCD,,,,,
2019-09-09T01:43:14.016Z,131.36079,30.83247,L51,17.8,R,UCAC4,,,CCD,,,,,
2019-09-09T03:05:25.728Z,131.38771,30.81514,L06,17.4,V,NOMAD,,,CCD,K,,,,
2019-09-09T03:11:51.072Z,131.38992,30.81381,L06,17.4,V,NOMAD,,,CCD,K,,,,
2019-09-09T03:17:59.136Z,131.39196,30.81242,L06,17.3,V,NOMAD,,,CCD,K,,,,
2019-09-09T03:22:24.384Z,131.39308,30.81147,C23,17.4,R,UCAC4,,,CCD,K,,,,
2019-09-09T03:28:38.496Z,131.39546,30.81019,C23,17.1,R,UCAC4,,,CCD,K,,,,
2019-09-09T05:10:58.080Z,131.42883,30.78897,G40,17.6,V,UCAC4,,,CCD,,,,,
2019-09-09T05:30:33.984Z,131.43533,30.78489,G40,17.9,V,UCAC4,,,CCD,,,,,
2019-09-09T05:50:20.256Z,131.44158,30.78081,G40,17.4,V,UCAC4,,,CCD,,,,,
2019-09-09T15:03:59.933Z,131.621992,30.664197,568,18.8,G,Gaia2,,,CCD,,,,,
2019-09-09T15:05:41.798Z,131.622517,30.663828,568,18.6,G,Gaia2,,,CCD,,,,,
2019-09-09T15:07:24.614Z,131.623071,30.663483,568,18.8,G,Gaia2,,,CCD,,,,,
2019-09-09T15:09:06.826Z,131.623667,30.663119,568,18.7,G,Gaia2,,,CCD,,,,,
2019-09-09T23:03:10.656Z,131.77787,30.56275,N55,18.0,R,UCAC4,,,CCD,K,,,,
2019-09-09T23:11:54.240Z,131.78042,30.56119,N55,17.8,R,UCAC4,,,CCD,K,,,,
2019-09-09T23:19:14.016Z,131.78308,30.55969,N55,18.3,R,UCAC4,,,CCD,K,,,,
2019-09-10T03:10:25.536Z,131.85821,30.51028,104,,,Gaia2,,,CCD,K,,,,
2019-09-10T03:28:35.040Z,131.86408,30.50642,104,17.9,G,Gaia2,,,CCD,K,,,,
2019-09-10T03:36:22.464Z,131.86650,30.50478,104,17.9,G,Gaia2,,,CCD,K,,,,
2019-09-10T08:59:19.392Z,131.97129,30.43667,850,17.1,V,UCAC4,,,CCD,K,,,,
2019-09-10T09:20:16.512Z,131.97871,30.43172,850,17.2,V,UCAC4,,,CCD,K,,,,
2019-09-10T09:41:16.224Z,131.98562,30.42733,850,18.2,V,UCAC4,,,CCD,K,,,,
2019-09-10T10:02:10.752Z,131.99254,30.42283,850,17.9,V,UCAC4,,,CCD,K,,,,
2019-09-10T12:09:10.368Z,132.03429,30.39581,675,17.9,R,Gaia2,,,CCD,,,,,
2019-09-10T12:10:53.184Z,132.03463,30.39519,675,17.9,R,Gaia2,,,CCD,,,,,
2019-09-10T12:12:34.272Z,132.03529,30.39517,675,18.1,R,Gaia2,,,CCD,,,,,
2019-09-10T12:14:17.088Z,132.03592,30.39478,675,18.1,R,Gaia2,,,CCD,,,,,
2019-09-10T12:15:59.040Z,132.03629,30.39403,675,17.9,R,Gaia2,,,CCD,,,,,
2019-09-10T14:52:18.32Z,132.086600,30.360990,T05,17.49,Ao,Gaia2,0.230,0.230,CCD,,,,,
2019-09-10T14:52:57.78Z,132.086920,30.360500,T05,18.30,Ao,Gaia2,0.233,0.233,CCD,,,,,
2019-09-10T14:53:37.28Z,132.086960,30.360680,T05,18.15,Ao,Gaia2,0.248,0.248,CCD,,,,,
2019-09-10T14:54:16.81Z,132.087110,30.360680,T05,17.13,Ao,Gaia2,0.209,0.209,CCD,,,,,
2019-09-10T14:54:56.36Z,132.087640,30.360280,T05,17.94,Ao,Gaia2,0.196,0.196,CCD,,,,,
2019-09-10T14:55:35.83Z,132.087840,30.360140,T05,18.10,Ao,Gaia2,0.225,0.225,CCD,,,,,
2019-09-10T14:56:15.32Z,132.087810,30.360170,T05,17.96,Ao,Gaia2,0.206,0.206,CCD,,,,,
2019-09-10T14:56:54.82Z,132.088040,30.360320,T05,17.31,Ao,Gaia2,0.232,0.232,CCD,,,,,
2019-09-10T14:57:34.36Z,132.088070,30.360020,T05,17.38,Ao,Gaia2,0.234,0.234,CCD,,,,,
2019-09-10T15:04:52.61Z,132.091060,30.358320,T05,18.24,Ao,Gaia2,0.217,0.217,CCD,,,,,
2019-09-10T15:05:32.10Z,132.090940,30.358600,T05,18.33,Ao,Gaia2,0.265,0.265,CCD,,,,,
2019-09-10T15:06:11.55Z,132.091160,30.358190,T05,17.63,Ao,Gaia2,0.308,0.308,CCD,,,,,
2019-09-10T15:07:30.53Z,132.091770,30.357580,T05,18.35,Ao,Gaia2,0.275,0.275,CCD,,,,,
2019-09-10T15:08:10.02Z,132.091960,30.357680,T05,18.09,Ao,Gaia2,0.274,0.274,CCD,,,,,
2019-09-10T15:10:08.45Z,132.092580,30.357090,T05,17.88,Ao,Gaia2,0.248,0.248,CCD,,,,,
2019-09-10T22:37:24.960Z,132.23821,30.26086,N55,18.7,V,UCAC4,,,CCD,K,,,,
2019-09-10T22:50:04.416Z,132.24242,30.25839,N55,18.9,V,UCAC4,,,CCD,K,,,,
2019-09-10T23:02:46.464Z,132.24671,30.25531,N55,18.8,V,UCAC4,,,CCD,K,,,,
2019-09-11T01:51:06.624Z,132.30092,30.21942,L04,18.0,V,PPMXL,,,CCD,K,,,,
2019-09-11T02:01:05.376Z,132.30417,30.21725,L04,18.0,V,PPMXL,,,CCD,K,,,,
2019-09-11T02:01:28.704Z,132.30425,30.21706,585,17.7,R,UCAC4,,,CCD,K,,,,
2019-09-11T02:03:49.536Z,132.30483,30.21681,585,17.8,R,UCAC4,,,CCD,K,,,,
2019-09-11T02:06:04.320Z,132.30575,30.21611,585,18.0,R,UCAC4,,,CCD,K,,,,
2019-09-11T02:08:13.056Z,132.30625,30.21586,585,17.8,R,UCAC4,,,CCD,K,,,,
2019-09-11T02:09:42.048Z,132.30671,30.21547,585,17.8,R,UCAC4,,,CCD,K,,,,
2019-09-11T02:11:38.688Z,132.30738,30.21506,585,17.9,R,UCAC4,,,CCD,K,,,,
2019-09-11T02:13:07.680Z,132.30804,30.21458,L04,18.1,V,PPMXL,,,CCD,K,,,,
2019-09-11T02:13:28.416Z,132.30792,30.21458,585,17.9,R,UCAC4,,,CCD,K,,,,
2019-09-11T02:23:30.624Z,132.31146,30.21239,L04,18.0,V,PPMXL,,,CCD,K,,,,
2019-09-11T02:25:16.896Z,132.31208,30.21206,L04,18.0,V,PPMXL,,,CCD,K,,,,
2019-09-11T02:35:57.984Z,132.31562,30.20967,L04,17.9,V,PPMXL,,,CCD,K,,,,
2019-09-11T02:53:06.144Z,132.32137,30.20600,106,18.4,R,UCAC2,,,CCD,,,,,
2019-09-11T03:04:02.784Z,132.32458,30.20339,106,18.7,R,UCAC2,,,CCD,,,,,
2019-09-11T03:14:58.560Z,132.32742,30.20092,106,18.9,R,UCAC2,,,CCD,,,,,
2019-09-11T03:18:25.056Z,132.32937,30.20086,104,18.2,G,Gaia2,,,CCD,K,,,,
2019-09-11T03:22:25.248Z,132.33058,30.19997,104,17.7,G,Gaia2,,,CCD,K,,,,
2019-09-11T03:25:55.200Z,132.33075,30.19861,106,19.0,R,UCAC2,,,CCD,,,,,
2019-09-11T03:29:35.520Z,132.33288,30.19825,104,18.2,G,Gaia2,,,CCD,K,,,,
2019-09-11T03:30:16Z,132.334163,30.197240,K63,18.0,G,Gaia2,0.60,0.56,CCD,K,,,,
2019-09-11T03:45:34Z,132.338393,30.194387,K63,17.8,G,Gaia2,0.54,0.54,CCD,K,,,,
2019-09-11T03:48:11Z,132.338905,30.193311,K63,18.0,G,Gaia2,0.58,0.59,CCD,K,,,,
2019-09-11T03:55:04.800Z,132.34137,30.19269,104,17.8,G,Gaia2,,,CCD,K,,,,
2019-09-11T05:03:44.352Z,132.36433,30.17789,Z53,18.1,R,USNOA2,,,CCD,,,,,
2019-09-11T05:07:18.624Z,132.36542,30.17708,Z53,18.4,R,USNOA2,,,CCD,,,,,
2019-09-11T05:10:40.800Z,132.36650,30.17644,Z53,18.1,R,USNOA2,,,CCD,,,,,
2019-09-11T05:14:06.432Z,132.36767,30.17578,Z53,18.1,R,USNOA2,,,CCD,,,,,
2019-09-11T05:17:43.296Z,132.36883,30.17494,Z53,18.0,R,USNOA2,,,CCD,,,,,
2019-09-11T05:24:39.744Z,132.37121,30.17328,Z53,17.9,R,USNOA2,,,CCD,,,,,
2019-09-11T09:26:42.720Z,132.44921,30.12100,850,18.2,V,UCAC3,,,CCD,K,,,,
2019-09-11T09:37:28.992Z,132.45246,30.11864,850,17.7,V,UCAC3,,,CCD,K,,,,
2019-09-11T10:58:39.360Z,132.47896,30.10156,H36,17.6,G,Gaia1,,,CCD,K,,,,
2019-09-11T11:04:00.768Z,132.48112,30.10022,H36,17.8,G,Gaia1,,,CCD,K,,,,
2019-09-11T11:29:02.400Z,132.48887,30.09508,675,17.7,R,Gaia2,,,CCD,,,,,
2019-09-11T11:32:43.584Z,132.49004,30.09428,675,17.6,R,Gaia2,,,CCD,,,,,
2019-09-11T11:36:24.768Z,132.49113,30.09356,675,17.6,R,Gaia2,,,CCD,,,,,
2019-09-11T11:40:05.952Z,132.49233,30.09278,675,17.7,R,Gaia2,,,CCD,,,,,
2019-09-11T12:08:03.840Z,132.50200,30.08631,I41,18.37,g,Gaia1,,,CCD,,,,,
2019-09-11T15:04:45.91Z,132.559340,30.048390,T08,17.69,Ao,Gaia2,0.303,0.303,CCD,,,,,
2019-09-11T15:05:25.80Z,132.559510,30.048120,T08,18.19,Ao,Gaia2,0.248,0.248,CCD,,,,,
2019-09-11T15:06:05.46Z,132.559880,30.047940,T08,18.30,Ao,Gaia2,0.240,0.240,CCD,,,,,
2019-09-11T15:06:45.22Z,132.559980,30.047960,T08,17.53,Ao,Gaia2,0.242,0.242,CCD,,,,,
2019-09-11T15:07:25.08Z,132.560000,30.047910,T08,17.65,Ao,Gaia2,0.270,0.270,CCD,,,,,
2019-09-11T15:08:04.79Z,132.560130,30.047790,T08,17.22,Ao,Gaia2,0.258,0.258,CCD,,,,,
2019-09-11T15:16:46.39Z,132.563183,30.045672,F65,19.4,G,Gaia2,0.17,0.11,CCD,,,,,
2019-09-11T15:18:31.88Z,132.564046,30.045217,F65,19.5,G,Gaia2,0.21,0.20,CCD,,,,,
2019-09-11T15:21:45.25Z,132.564988,30.044578,F65,19.1,G,Gaia2,0.14,0.13,CCD,,,,,
2019-09-11T15:23:00.93Z,132.565208,30.044378,F65,19.3,G,Gaia2,0.18,0.13,CCD,,,,,
2019-09-11T15:24:16.45Z,132.565533,30.043961,F65,18.7,G,Gaia2,0.30,0.18,CCD,,,,,
2019-09-11T18:55:24.672Z,132.63442,29.99819,349,,,GSCACT,,,CCD,,,,,
2019-09-11T19:14:20.832Z,132.64071,29.99419,349,17.3,R,GSCACT,,,CCD,,,,,
2019-09-11T20:16:17.760Z,132.66063,29.98053,D35,17.5,R,Gaia1,,,CCD,,,,,
2019-09-11T20:22:32.736Z,132.66254,29.97928,D35,16.7,R,Gaia1,,,CCD,,,,,
2019-09-11T20:25:39.360Z,132.66362,29.97853,D35,18.1,V,Gaia1,,,CCD,,,,,
2019-09-11T20:28:45.984Z,132.66463,29.97800,D35,17.4,R,Gaia1,,,CCD,,,,,
2019-09-12T02:05:12.826Z,132.77404,29.90450,L01,18.5,G,Gaia2,,,CCD,K,,,,
2019-09-12T02:14:44.707Z,132.77725,29.90250,L01,18.2,G,Gaia2,,,CCD,K,,,,
2019-09-12T02:20:25.296Z,132.77912,29.90117,L01,18.5,G,Gaia2,,,CCD,K,,,,
2019-09-12T02:21:42.624Z,132.77921,29.90092,A71,18.4,V,PPMXL,,,CCD,K,,,,
2019-09-12T02:22:19.430Z,132.77967,29.90058,L01,18.9,G,Gaia2,,,CCD,K,,,,
2019-09-12T02:42:55.296Z,132.78629,29.89644,A71,18.1,V,PPMXL,,,CCD,K,,,,
2019-09-12T02:57:43.488Z,132.79179,29.89253,106,18.5,R,UCAC2,,,CCD,,,,,
2019-09-12T02:59:33.648Z,132.79158,29.89267,C95,18.5,G,Gaia2,,,CCD,K,,,,
2019-09-12T03:06:21.888Z,132.79358,29.89083,A71,18.3,V,PPMXL,,,CCD,K,,,,
2019-09-12T03:08:40.128Z,132.79450,29.89053,106,18.3,R,UCAC2,,,CCD,,,,,
2019-09-12T03:09:44.928Z,132.79517,29.89031,C95,18.3,G,Gaia2,,,CCD,K,,,,
2019-09-12T03:11:35.520Z,132.79567,29.89000,L06,17.8,G,NOMAD,,,CCD,K,,,,
2019-09-12T03:16:37.056Z,132.79675,29.88889,A71,18.8,V,PPMXL,,,CCD,K,,,,
2019-09-12T03:19:07.392Z,132.79808,29.88842,L06,18.0,G,NOMAD,,,CCD,K,,,,
2019-09-12T03:20:47.616Z,132.79871,29.88808,L06,17.9,G,NOMAD,,,CCD,K,,,,
2019-09-12T03:26:10.234Z,132.80021,29.88683,L01,18.7,G,Gaia2,,,CCD,K,,,,
2019-09-12T03:28:04.368Z,132.80071,29.88642,L01,18.8,G,Gaia2,,,CCD,I,,,,
2019-09-12T03:47:06.403Z,132.80696,29.88242,C95,17.8,G,Gaia2,,,CCD,K,,,,
2019-09-12T03:56:21.696Z,132.81058,29.88008,A77,18.0,V,UCAC4,,,CCD,K,,,,
2019-09-12T03:59:00.154Z,132.81096,29.87969,C95,18.2,G,Gaia2,,,CCD,K,,,,
2019-09-12T04:00:02.880Z,132.81171,29.87933,A77,18.0,V,UCAC4,,,CCD,K,,,,
2019-09-12T04:01:32.736Z,132.81229,29.87903,A77,18.1,V,UCAC4,,,CCD,K,,,,
2019-09-12T04:03:10.368Z,132.812496,29.878756,C65,19.0,G,Gaia2,,,CCD,,,,,
2019-09-12T04:05:54.528Z,132.81346,29.87803,A77,17.6,V,UCAC4,,,CCD,K,,,,
2019-09-12T04:09:36.058Z,132.814600,29.877367,C65,19.0,G,Gaia2,,,CCD,,,,,
2019-09-12T04:18:12.730Z,132.817375,29.875519,C65,19.1,G,Gaia2,,,CCD,,,,,
2019-09-12T04:57:44.064Z,132.83062,29.86592,954,17.4,R,UNK,,,CCD,,,,,
2019-09-12T05:04:16.320Z,132.83308,29.86447,954,17.6,R,UNK,,,CCD,,,,,
2019-09-12T05:09:56.736Z,132.83442,29.86342,954,17.2,R,UNK,,,CCD,,,,,
2019-09-12T05:17:58.848Z,132.83646,29.86228,954,17.7,R,UNK,,,CCD,,,,,
2019-09-12T05:26:00.960Z,132.83817,29.86122,954,17.6,R,UNK,,,CCD,,,,,
2019-09-12T09:37:28.128Z,132.92129,29.80614,850,17.0,R,UCAC4,,,CCD,K,,,,
2019-09-12T09:58:28.704Z,132.92800,29.80119,850,17.2,R,UCAC4,,,CCD,K,,,,
2019-09-12T10:03:40.608Z,132.92988,29.80031,850,17.7,V,UCAC4,,,CCD,K,,,,
2019-09-12T10:14:09.600Z,132.93371,29.79794,850,18.6,V,UCAC4,,,CCD,K,,,,
2019-09-12T10:18:30.528Z,132.93458,29.79692,850,17.5,R,UCAC4,,,CCD,K,,,,
2019-09-12T10:24:38.592Z,132.93654,29.79572,850,17.3,V,UCAC4,,,CCD,K,,,,
2019-09-12T10:50:32.064Z,132.94475,29.78969,H36,18.0,R,Gaia1,,,CCD,K,,,,
2019-09-12T10:59:24.288Z,132.94771,29.78767,H36,17.5,R,Gaia1,,,CCD,K,,,,
2019-09-12T11:20:21.408Z,132.95467,29.78331,H06,17.1,G,Gaia2,,,CCD,,,,,
2019-09-12T11:32:57.408Z,132.95896,29.78069,H06,17.5,G,Gaia2,,,CCD,,,,,
2019-09-12T20:26:53.664Z,133.13263,29.66331,D35,18.1,V,Gaia1,,,CCD,,,,,
2019-09-12T20:32:01.248Z,133.13433,29.66214,D35,18.0,R,Gaia1,,,CCD,,,,,
2019-09-12T20:37:07.968Z,133.13579,29.66103,D35,18.5,R,Gaia1,,,CCD,,,,,
2019-09-12T20:43:47.136Z,133.13721,29.65992,D35,17.5,UNK,Gaia1,,,CCD,,,,,
2019-09-13T01:51:16.992Z,133.23804,29.59186,585,17.8,R,UCAC4,,,CCD,K,,,,
2019-09-13T01:59:47.616Z,133.24079,29.58950,585,17.9,R,UCAC4,,,CCD,K,,,,
2019-09-13T02:02:15.360Z,133.24138,29.58900,585,17.6,R,UCAC4,,,CCD,K,,,,
2019-09-13T02:12:47.808Z,133.24504,29.58667,585,17.7,R,UCAC4,,,CCD,K,,,,
2019-09-13T02:42:18.144Z,133.25442,29.58033,587,17.9,G,Gaia2,,,CCD,K,,,,
2019-09-13T02:43:03.072Z,133.25487,29.58008,461,18.0,R,USNOB1,,,CCD,K,,,,
2019-09-13T02:47:36.960Z,133.25625,29.57911,461,18.1,R,USNOB1,,,CCD,K,,,,
2019-09-13T02:48:35.712Z,133.25650,29.57900,204,,,Gaia2,,,CCD,K,,,,
2019-09-13T02:49:29.280Z,133.25683,29.57875,587,18.1,G,Gaia2,,,CCD,K,,,,
2019-09-13T02:50:54.816Z,133.25729,29.57842,587,17.7,G,Gaia2,,,CCD,K,,,,
2019-09-13T02:51:15.552Z,133.25746,29.57842,461,18.1,R,USNOB1,,,CCD,K,,,,
2019-09-13T02:56:39.552Z,133.25925,29.57711,587,17.9,G,Gaia2,,,CCD,K,,,,
2019-09-13T02:57:16.704Z,133.25946,29.57708,461,18.1,R,USNOB1,,,CCD,K,,,,
2019-09-13T02:59:14.208Z,133.26008,29.57644,204,,,Gaia2,,,CCD,K,,,,
2019-09-13T03:02:45.888Z,133.26117,29.57575,461,18.0,R,USNOB1,,,CCD,K,,,,
2019-09-13T03:36:32.832Z,133.27221,29.56825,204,18.9,G,Gaia2,,,CCD,K,,,,
2019-09-13T03:48:07.488Z,133.27592,29.56581,A77,18.1,V,UCAC4,,,CCD,K,,,,
2019-09-13T03:51:24Z,133.27701,29.56496,B74,17.6,R,UCAC4,0.38,0.37,CCD,K,,,,
2019-09-13T03:55:13.440Z,133.27833,29.56422,A77,18.0,V,UCAC4,,,CCD,K,,,,
2019-09-13T04:02:19.392Z,133.28075,29.56261,A77,18.1,V,UCAC4,,,CCD,K,,,,
2019-09-13T04:10:58Z,133.28352,29.56081,B74,17.7,R,UCAC4,0.23,0.23,CCD,K,,,,
2019-09-13T04:12:19.526Z,133.283700,29.560472,C65,18.1,G,Gaia2,,,CCD,,,,,
2019-09-13T04:17:27.110Z,133.285417,29.559297,C65,18.0,G,Gaia2,,,CCD,,,,,
2019-09-13T04:20:33Z,133.28659,29.55867,B74,17.7,R,UCAC4,0.34,0.34,CCD,K,,,,
2019-09-13T04:22:35.386Z,133.287004,29.558386,C65,18.1,G,Gaia2,,,CCD,,,,,
2019-09-13T05:15:22Z,133.30439,29.54680,G40,19.2,V,UCAC4,0.41,0.40,CCD,K,,,,
2019-09-13T05:25:27.264Z,133.30808,29.54428,Z18,17.3,R,UNK,,,CCD,,,,,
2019-09-13T05:29:13.632Z,133.30904,29.54342,Z18,17.3,R,UNK,,,CCD,,,,,
2019-09-13T05:34:23.808Z,133.31062,29.54225,Z18,17.4,R,UNK,,,CCD,,,,,
2019-09-13T05:40:21Z,133.31260,29.54137,G40,19.1,V,UCAC4,0.60,0.59,CCD,K,,,,
2019-09-13T09:30:20.448Z,133.38725,29.49042,850,17.5,V,UCAC4,,,CCD,K,,,,
2019-09-13T09:51:19.296Z,133.39412,29.48544,850,18.2,V,UCAC4,,,CCD,K,,,,
2019-09-13T10:12:17.280Z,133.40100,29.48089,850,17.4,V,UCAC4,,,CCD,K,,,,
2019-09-13T12:47:10.291Z,133.451125,29.446361,C53,,,2MASS,0.25,0.25,CCD,,ICRF_KM,10.2502,5112.0801,4988.3508
2019-09-13T12:56:40.445Z,133.454083,29.444333,C53,,,2MASS,0.25,0.25,CCD,,ICRF_KM,841.1467,1485.5553,6934.1586
2019-09-13T13:06:10.598Z,133.457250,29.442194,C53,,,2MASS,0.25,0.25,CCD,,ICRF_KM,1382.9502,-2652.1563,6490.2646
2019-09-13T14:08:10.032Z,133.477250,29.428222,C53,,,2MASS,0.25,0.25,CCD,,ICRF_KM,-1397.3343,6352.7992,-2984.1488
2019-09-13T15:11:57.29Z,133.49842,29.41439,F65,19.5,G,Gaia2,0.12,0.08,CCD,,,,,
2019-09-13T15:13:54.62Z,133.49925,29.41383,F65,19.1,G,Gaia2,0.35,0.08,CCD,,,,,
2019-09-13T15:15:50.31Z,133.49963,29.41347,F65,19.6,G,Gaia2,0.22,0.16,CCD,,,,,
2019-09-13T15:44:30.192Z,133.508833,29.407417,C53,,,2MASS,0.25,0.25,CCD,,ICRF_KM,-1489.7357,5349.6200,-4518.7971
2019-09-13T15:54:00.259Z,133.512083,29.405222,C53,,,2MASS,0.25,0.25,CCD,,ICRF_KM,-1155.0952,7024.5191,-689.0637
2019-09-13T16:03:30.413Z,133.515458,29.403222,C53,,,2MASS,0.25,0.25,CCD,,ICRF_KM,-423.0707,6282.0325,3377.4777
2019-09-13T19:13:50.592Z,133.57679,29.36039,367,,,UCAC3,,,CCD,K,,,,
2019-09-13T19:22:35.904Z,133.57983,29.35861,367,,,UCAC3,,,CCD,K,,,,
2019-09-13T19:31:21.216Z,133.58283,29.35664,367,17.0,R,UCAC3,,,CCD,K,,,,
2019-09-13T22:46:55.200Z,133.64683,29.31256,N50,19.0,R,UNK,,,CCD,g,,,,
2019-09-13T22:53:41.280Z,133.64883,29.31103,N50,19.1,R,UNK,,,CCD,g,,,,
2019-09-13T22:56:43.584Z,133.64983,29.31047,N50,18.9,R,UNK,,,CCD,g,,,,
2019-09-13T22:59:16.512Z,133.65071,29.30983,N50,19.1,R,UNK,,,CCD,g,,,,
2019-09-13T23:01:09.696Z,133.65133,29.30933,N50,19.0,R,UNK,,,CCD,g,,,,
2019-09-13T23:03:02.880Z,133.65200,29.30894,N50,19.9,R,UNK,,,CCD,g,,,,
2019-09-13T23:04:56.064Z,133.65263,29.30847,N50,19.1,R,UNK,,,CCD,g,,,,
2019-09-13T23:06:49.248Z,133.65321,29.30811,N50,18.9,R,UNK,,,CCD,g,,,,
2019-09-13T23:08:41.568Z,133.65375,29.30764,N50,18.9,R,UNK,,,CCD,g,,,,
2019-09-13T23:10:34.752Z,133.65438,29.30733,N50,19.0,R,UNK,,,CCD,g,,,,
2019-09-13T23:12:27.936Z,133.65500,29.30686,N50,19.1,R,UNK,,,CCD,g,,,,
2019-09-13T23:14:20.256Z,133.65563,29.30642,N50,18.8,R,UNK,,,CCD,g,,,,
2019-09-13T23:16:13.440Z,133.65621,29.30606,N50,18.9,R,UNK,,,CCD,g,,,,
2019-09-13T23:18:39.456Z,133.65704,29.30542,N50,18.8,I,UNK,,,CCD,g,,,,
2019-09-13T23:22:25.824Z,133.65825,29.30464,N50,18.7,I,UNK,,,CCD,g,,,,
2019-09-13T23:24:19.008Z,133.65879,29.30419,N50,18.7,I,UNK,,,CCD,g,,,,
2019-09-13T23:26:12.192Z,133.65954,29.30375,N50,18.6,I,UNK,,,CCD,g,,,,
2019-09-14T02:03:54.720Z,133.71033,29.26825,595,18.2,V,UCAC4,,,CCD,K,,,,
2019-09-14T02:16:40.483Z,133.714167,29.265389,C53,,,2MASS,0.25,0.25,CCD,,ICRF_KM,522.5471,2978.8875,6469.2742
2019-09-14T02:26:10.637Z,133.717250,29.263889,C53,,,2MASS,0.25,0.25,CCD,,ICRF_KM,1240.3409,-1129.1038,6944.4122
2019-09-14T02:37:30.432Z,133.72129,29.26117,107,,,UCAC4,,,CCD,K,,,,
2019-09-14T02:38:55.968Z,133.72154,29.26075,595,17.9,V,UCAC4,,,CCD,K,,,,
2019-09-14T02:52:14.0Z,133.72542,29.25780,Z80,17.5,G,Gaia2,0.58,0.61,CCD,K,,,,
2019-09-14T03:04:32.160Z,133.73008,29.25492,C10,17.7,R,UCAC4,,,CCD,K,,,,
2019-09-14T03:05:09.312Z,133.73012,29.25478,470,17.9,R,Gaia1,,,CCD,K,,,,
2019-09-14T03:06:23.616Z,133.73063,29.25469,C95,18.5,V,UCAC4,,,CCD,K,,,,
2019-09-14T03:10:16.896Z,133.73179,29.25364,470,17.9,R,Gaia1,,,CCD,K,,,,
2019-09-14T03:14:07.06Z,133.73296,29.25273,J95,18.1,G,Gaia2,0.17,0.20,CCD,K,,,,
2019-09-14T03:15:24.480Z,133.73329,29.25275,470,17.9,R,Gaia1,,,CCD,K,,,,
2019-09-14T03:17:41.856Z,133.73421,29.25206,C10,17.5,R,UCAC4,,,CCD,K,,,,
2019-09-14T03:17:52.224Z,133.73421,29.25233,104,18.3,G,Gaia2,,,CCD,K,,,,
2019-09-14T03:22:41.664Z,133.73604,29.25058,107,,,UCAC4,,,CCD,K,,,,
2019-09-14T03:24:17.222Z,133.73621,29.25050,C95,18.7,V,UCAC4,,,CCD,K,,,,
2019-09-14T03:26:02.976Z,133.73729,29.25022,A77,17.6,R,UCAC4,,,CCD,K,,,,
2019-09-14T03:27:38.76Z,133.73745,29.24977,J95,18.0,G,Gaia2,0.17,0.15,CCD,K,,,,
2019-09-14T03:30:29.088Z,133.73829,29.24922,C10,17.6,R,UCAC4,,,CCD,K,,,,
2019-09-14T03:31:19.200Z,133.73867,29.24889,104,18.3,G,Gaia2,,,CCD,K,,,,
2019-09-14T03:31:42.528Z,133.73883,29.24897,970,18.0,R,UCAC4,,,CCD,K,,,,
2019-09-14T03:32:35.232Z,133.73804,29.24864,B96,18.1,R,UCAC4,,,CCD,,,,,
2019-09-14T03:33:10.051Z,133.738875,29.248306,C53,,,2MASS,0.25,0.25,CCD,,ICRF_KM,-1407.1885,6596.8614,-2387.2105
2019-09-14T03:33:52.0Z,133.73956,29.24829,Z80,17.5,G,Gaia2,0.54,0.55,CCD,K,,,,
2019-09-14T03:35:42.720Z,133.74000,29.24800,A77,18.3,R,UCAC4,,,CCD,K,,,,
2019-09-14T03:37:20.352Z,133.74046,29.24714,B96,17.9,R,UCAC4,,,CCD,,,,,
2019-09-14T03:37:46.272Z,133.74083,29.24753,970,17.1,R,UCAC4,,,CCD,K,,,,
2019-09-14T03:42:40.205Z,133.742083,29.246250,C53,,,2MASS,0.25,0.25,CCD,,ICRF_KM,-818.0956,6879.9105,1758.0313
2019-09-14T03:49:00.278Z,133.744500,29.244750,C53,,,2MASS,0.25,0.25,CCD,,ICRF_KM,-251.1820,5722.4241,4269.0503
2019-09-14T03:54:22.30Z,133.74606,29.24371,J95,18.6,G,Gaia2,0.16,0.15,CCD,K,,,,
2019-09-14T03:58:30.432Z,133.747333,29.242583,C53,,,2MASS,0.25,0.25,CCD,,ICRF_KM,642.9331,2411.1673,6691.0500
2019-09-14T03:59:47.328Z,133.74796,29.24239,970,16.8,R,UCAC4,,,CCD,K,,,,
2019-09-14T04:06:14.400Z,133.75054,29.24119,B96,17.4,R,UCAC4,,,CCD,,,,,
2019-09-14T04:09:42.0Z,133.75112,29.24045,Z80,18.1,G,Gaia2,0.42,0.42,CCD,K,,,,
2019-09-14T04:13:17.760Z,133.75229,29.23936,B96,16.9,R,UCAC4,,,CCD,,,,,
2019-09-14T05:16:20.093Z,133.772167,29.225389,C53,,,2MASS,0.25,0.25,CCD,,ICRF_KM,-1290.0272,6928.9946,-1221.4346
2019-09-14T05:25:50.246Z,133.775417,29.223222,C53,,,2MASS,0.25,0.25,CCD,,ICRF_KM,-592.7992,6505.8042,2896.1661
2019-09-14T05:35:20.400Z,133.778542,29.220611,C53,,,2MASS,0.25,0.25,CCD,,ICRF_KM,308.7525,3840.3281,6013.0677
2019-09-14T05:44:50.554Z,133.780625,29.219306,C53,,,2MASS,0.25,0.25,CCD,,ICRF_KM,1104.1582,-147.4753,7055.3003
2019-09-14T14:49:51.485Z,133.959521,29.096603,F51,19.0,G,Gaia2,,,CCD,,,,,
2019-09-14T15:01:45.581Z,133.963379,29.093967,F51,19.1,G,Gaia2,,,CCD,,,,,
2019-09-14T22:49:55.776Z,134.11575,28.98792,N50,19.9,V,UNK,,,CCD,g,,,,
2019-09-14T22:51:48.960Z,134.11621,28.98742,N50,19.7,V,UNK,,,CCD,g,,,,
2019-09-14T22:53:42.144Z,134.11696,28.98719,N50,19.7,V,UNK,,,CCD,g,,,,
2019-09-14T22:55:34.464Z,134.11746,28.98664,N50,19.5,V,UNK,,,CCD,g,,,,
2019-09-14T22:57:27.648Z,134.11821,28.98628,N50,19.6,V,UNK,,,CCD,g,,,,
2019-09-14T22:59:20.832Z,134.11875,28.98586,N50,19.6,V,UNK,,,CCD,g,,,,
2019-09-14T23:01:14.016Z,134.11946,28.98531,N50,19.6,V,UNK,,,CCD,g,,,,
2019-09-14T23:03:06.336Z,134.12004,28.98506,N50,19.5,V,UNK,,,CCD,g,,,,
2019-09-14T23:04:59.520Z,134.12071,28.98461,N50,19.6,V,UNK,,,CCD,g,,,,
2019-09-14T23:06:52.704Z,134.12117,28.98419,N50,19.5,V,UNK,,,CCD,g,,,,
2019-09-15T01:13:10.070Z,134.161833,28.956583,C53,,,2MASS,0.25,0.25,CCD,,ICRF_KM,-1617.1190,5257.0680,-4582.7056
2019-09-15T01:22:40.224Z,134.165667,28.954056,C53,,,2MASS,0.25,0.25,CCD,,ICRF_KM,-1333.3664,6984.2488,-772.1105
2019-09-15T01:32:10.291Z,134.168250,28.951111,C53,,,2MASS,0.25,0.25,CCD,,ICRF_KM,-590.9402,6308.0431,3303.9378
2019-09-15T01:53:26.592Z,134.17429,28.94644,585,17.3,R,UCAC4,,,CCD,K,,,,
2019-09-15T01:58:40.224Z,134.17621,28.94539,585,17.2,R,UCAC4,,,CCD,K,,,,
2019-09-15T02:00:46.368Z,134.17700,28.94472,585,17.2,R,UCAC4,,,CCD,K,,,,
2019-09-15T02:02:52.512Z,134.17758,28.94439,585,17.3,R,UCAC4,,,CCD,K,,,,
2019-09-15T02:03:53.856Z,134.17783,28.94414,585,17.3,R,UCAC4,,,CCD,K,,,,
2019-09-15T02:04:57.792Z,134.17817,28.94400,585,17.1,R,UCAC4,,,CCD,K,,,,
2019-09-15T02:07:03.072Z,134.17896,28.94347,585,17.3,R,UCAC4,,,CCD,K,,,,
2019-09-15T02:09:08.352Z,134.17967,28.94303,585,17.3,R,UCAC4,,,CCD,K,,,,
2019-09-15T02:50:00.038Z,134.193250,28.934194,C53,,,2MASS,0.25,0.25,CCD,,ICRF_KM,-1583.4981,4070.4300,-5675.3378
2019-09-15T02:59:30.106Z,134.196500,28.931861,C53,,,2MASS,0.25,0.25,CCD,,ICRF_KM,-1512.3800,6593.5669,-2330.0519
2019-09-15T03:11:23.424Z,134.20029,28.92878,C10,17.4,R,UCAC4,,,CCD,K,,,,
2019-09-15T03:27:56.160Z,134.20583,28.92506,A77,17.5,V,UCAC4,,,CCD,K,,,,
2019-09-15T03:29:19.104Z,134.20612,28.92472,A77,17.9,R,UCAC4,,,CCD,K,,,,
2019-09-15T03:31:18.509Z,134.20700,28.92425,C95,17.5,G,Gaia2,,,CCD,K,,,,
2019-09-15T03:37:27.264Z,134.20863,28.92286,C10,17.6,R,UCAC4,,,CCD,K,,,,
2019-09-15T03:42:08.064Z,134.21029,28.92181,A77,17.7,V,UCAC4,,,CCD,K,,,,
2019-09-15T03:45:30.240Z,134.21142,28.92119,A77,18.1,R,UCAC4,,,CCD,K,,,,
2019-09-15T03:49:11.510Z,134.21263,28.92017,C95,17.5,G,Gaia2,,,CCD,K,,,,
2019-09-15T03:56:19.968Z,134.21508,28.91856,A77,18.1,V,UCAC4,,,CCD,K,,,,
2019-09-15T04:03:22.464Z,134.21729,28.91708,C10,17.6,R,UCAC4,,,CCD,K,,,,
2019-09-15T04:07:03.734Z,134.21812,28.91617,C95,17.4,G,Gaia2,,,CCD,K,,,,
2019-09-15T04:40:00.048Z,134.229125,28.908528,C53,,,2MASS,0.25,0.25,CCD,,ICRF_KM,-1518.3342,6600.1934,-2307.0475
2019-09-15T04:49:30.115Z,134.231958,28.906361,C53,,,2MASS,0.25,0.25,CCD,,ICRF_KM,-925.3801,6844.4703,1840.0068
2019-09-16T02:32:52.224Z,134.65579,28.60819,A71,17.8,V,PPMXL,,,CCD,K,,,,
2019-09-16T02:44:45.024Z,134.65963,28.60592,461,17.6,R,USNOB1,,,CCD,K,,,,
2019-09-16T02:47:22.272Z,134.65987,28.60508,A71,17.8,V,PPMXL,,,CCD,K,,,,
2019-09-16T02:52:11.712Z,134.66187,28.60411,461,18.0,R,USNOB1,,,CCD,K,,,,
2019-09-16T02:57:52.992Z,134.66388,28.60269,461,18.2,R,USNOB1,,,CCD,K,,,,
2019-09-16T03:02:59.712Z,134.66550,28.60189,A71,17.9,V,PPMXL,,,CCD,K,,,,
2019-09-16T03:05:20.544Z,134.66633,28.60111,461,18.0,R,USNOB1,,,CCD,K,,,,
2019-09-16T03:17:29.760Z,134.67000,28.59842,A71,17.6,V,PPMXL,,,CCD,K,,,,
2019-09-16T04:06:20.102Z,134.686333,28.587750,C53,,,2MASS,0.25,0.25,CCD,,ICRF_KM,-1623.7941,6594.3651,-2250.0174
2019-09-16T04:10:46.560Z,134.68742,28.58611,213,17.7,R,CMC15,,,CCD,K,,,,
2019-09-16T04:12:40.176Z,134.688583,28.586250,C53,,,2MASS,0.25,0.25,CCD,,ICRF_KM,-1279.5736,7015.1901,517.7129
2019-09-16T04:17:04.128Z,134.68963,28.58481,213,17.7,R,CMC15,,,CCD,K,,,,
2019-09-16T04:25:16.608Z,134.69221,28.58292,213,17.5,R,CMC15,,,CCD,K,,,,
2019-09-16T05:40:00.077Z,134.716333,28.566250,C53,,,2MASS,0.25,0.25,CCD,,ICRF_KM,-1718.4678,5013.3710,-4813.0868
2019-09-16T05:49:30.144Z,134.719583,28.562972,C53,,,2MASS,0.25,0.25,CCD,,ICRF_KM,-1512.7377,6906.9507,-1077.8552
2019-09-17T00:10:00.048Z,135.077208,28.308694,C53,,,2MASS,0.25,0.25,CCD,,ICRF_KM,-1763.5810,6286.4408,-2927.3912
2019-09-17T00:16:20.122Z,135.079250,28.307139,C53,,,2MASS,0.25,0.25,CCD,,ICRF_KM,-1491.3803,6990.4256,-210.5524
2019-09-17T00:22:40.195Z,135.081250,28.305583,C53,,,2MASS,0.25,0.25,CCD,,ICRF_KM,-987.1465,6606.8331,2539.3130
2019-09-17T01:53:10.090Z,135.110708,28.284556,C53,,,2MASS,0.25,0.25,CCD,,ICRF_KM,-1686.5547,6716.8671,-1791.7470
2019-09-17T01:59:30.163Z,135.112750,28.283000,C53,,,2MASS,0.25,0.25,CCD,,ICRF_KM,-1307.4595,6957.7939,993.2617
2019-09-17T03:11:05.280Z,135.13612,28.26619,204,,,UCAC4,,,CCD,K,,,,
2019-09-17T03:20:24.288Z,135.13921,28.26408,A29,17.9,R,Gaia2,,,CCD,K,,,,
2019-09-17T03:26:15.072Z,135.14079,28.26269,470,18.2,R,Gaia1,,,CCD,K,,,,
2019-09-17T03:30:00.058Z,135.142167,28.262111,C53,,,2MASS,0.25,0.25,CCD,,ICRF_KM,-1794.8097,6100.7887,-3281.0795
2019-09-17T03:31:24.384Z,135.14267,28.26167,470,17.9,R,Gaia1,,,CCD,K,,,,
2019-09-17T03:33:56.448Z,135.14333,28.26100,204,18.6,R,UCAC4,,,CCD,K,,,,
2019-09-17T03:36:32.832Z,135.14417,28.26050,470,18.2,R,Gaia1,,,CCD,K,,,,
2019-09-17T03:39:30.125Z,135.145375,28.259583,C53,,,2MASS,0.25,0.25,CCD,,ICRF_KM,-1349.8775,6975.0618,798.0387
2019-09-17T03:49:24.384Z,135.14850,28.25764,A29,17.8,R,Gaia2,,,CCD,K,,,,
2019-09-17T03:52:48.288Z,135.14983,28.25692,A77,17.0,V,UCAC4,,,CCD,K,,,,
2019-09-17T03:53:30.624Z,135.15021,28.25694,B49,18.0,R,UCAC4,,,CCD,K,,,,
2019-09-17T03:54:29.030Z,135.15000,28.25636,C95,18.5,V,Gaia2,,,CCD,K,,,,
2019-09-17T03:55:09.984Z,135.15062,28.25658,B49,18.1,R,UCAC4,,,CCD,K,,,,
2019-09-17T03:58:26.112Z,135.15125,28.25508,B49,18.2,R,UCAC4,,,CCD,K,,,,
2019-09-17T03:59:54.240Z,135.15200,28.25500,A77,16.9,V,UCAC4,,,CCD,K,,,,
2019-09-17T04:04:02.208Z,135.15350,28.25447,C95,17.9,V,Gaia2,,,CCD,K,,,,
2019-09-17T04:07:00.192Z,135.15442,28.25300,A77,16.8,V,UCAC4,,,CCD,K,,,,
2019-09-17T05:10:00.019Z,135.174542,28.239306,C53,,,2MASS,0.25,0.25,CCD,,ICRF_KM,-1808.1950,6001.0192,-3453.7942
2019-09-17T05:16:20.093Z,135.176792,28.237417,C53,,,2MASS,0.25,0.25,CCD,,ICRF_KM,-1594.6887,6925.6722,-799.0448
2019-09-17T09:36:43.200Z,135.26121,28.17631,850,18.1,V,UCAC4,,,CCD,K,,,,
2019-09-17T09:47:13.056Z,135.26450,28.17389,850,17.7,V,UCAC4,,,CCD,K,,,,
2019-09-17T09:48:39.456Z,135.26517,28.17364,850,17.0,R,UCAC4,,,CCD,K,,,,
2019-09-17T09:57:40.320Z,135.26796,28.17153,850,17.9,V,UCAC4,,,CCD,K,,,,
2019-09-17T10:04:37.632Z,135.27029,28.16983,850,16.9,R,UCAC4,,,CCD,K,,,,
2019-09-17T10:08:15.360Z,135.27138,28.16914,850,17.9,V,UCAC4,,,CCD,K,,,,
2019-09-17T10:19:12.000Z,135.27500,28.16644,850,17.2,R,UCAC4,,,CCD,K,,,,
2019-09-17T14:42:27.302Z,135.360704,28.104778,F51,19.0,G,Gaia2,,,CCD,t,,,,
2019-09-18T01:10:00.077Z,135.564292,27.957778,C53,,,2MASS,0.25,0.25,CCD,,ICRF_KM,-1835.3517,4472.0627,-5281.0001
2019-09-18T01:19:30.144Z,135.567333,27.955306,C53,,,2MASS,0.25,0.25,CCD,,ICRF_KM,-1793.4932,6704.2723,-1732.7915
2019-09-18T01:29:00.298Z,135.570458,27.952833,C53,,,2MASS,0.25,0.25,CCD,,ICRF_KM,-1134.9999,6630.9604,2412.0132
2019-09-18T02:17:14.784Z,135.58592,27.94100,A71,18.1,V,PPMXL,,,CCD,K,,,,
2019-09-18T02:33:45.792Z,135.59150,27.93714,A71,18.0,V,PPMXL,,,CCD,K,,,,
2019-09-18T02:36:53.45Z,135.59237,27.93640,J95,17.7,G,Gaia2,0.25,0.25,CCD,K,,,,
2019-09-18T02:48:27.936Z,135.59642,27.93350,C23,17.3,R,UCAC4,,,CCD,K,,,,
2019-09-18T02:50:00.038Z,135.596583,27.933889,C53,,,2MASS,0.25,0.25,CCD,,ICRF_KM,-1826.2156,4319.2776,-5410.0160
2019-09-18T02:50:15.936Z,135.59687,27.93328,A71,17.9,V,PPMXL,,,CCD,K,,,,
2019-09-18T02:55:30.41Z,135.59846,27.93197,J95,17.9,G,Gaia2,0.27,0.27,CCD,K,,,,
2019-09-18T03:00:56.160Z,135.60025,27.93044,C23,17.1,R,UCAC4,,,CCD,K,,,,
2019-09-18T03:06:46.944Z,135.60217,27.92936,A71,17.9,V,PPMXL,,,CCD,K,,,,
2019-09-18T03:13:24.384Z,135.60425,27.92783,C23,17.2,R,UCAC4,,,CCD,K,,,,
2019-09-18T03:15:00.72Z,135.60471,27.92733,J95,18.0,G,Gaia2,0.18,0.19,CCD,K,,,,
2019-09-18T03:23:17.952Z,135.60763,27.92556,A71,18.0,V,PPMXL,,,CCD,K,,,,
2019-09-18T03:25:52.608Z,135.60837,27.92489,C23,17.3,R,UCAC4,,,CCD,K,,,,
2019-09-18T03:31:38.726Z,135.610092,27.923628,C65,18.5,G,Gaia2,,,CCD,,,,,
2019-09-18T03:33:52.48Z,135.61089,27.92288,J95,17.9,G,Gaia2,0.20,0.18,CCD,K,,,,
2019-09-18T03:38:20.832Z,135.61237,27.92183,C23,17.3,R,UCAC4,,,CCD,K,,,,
2019-09-18T03:50:48.192Z,135.61662,27.91886,C23,17.3,R,UCAC4,,,CCD,K,,,,
2019-09-18T03:57:21.053Z,135.618558,27.917389,C65,18.5,G,Gaia2,,,CCD,,,,,
2019-09-18T04:02:13.36Z,135.62002,27.91633,J95,17.7,G,Gaia2,0.16,0.18,CCD,K,,,,
2019-09-18T04:22:59.491Z,135.626904,27.911386,C65,18.5,G,Gaia2,,,CCD,,,,,
2019-09-18T04:39:19.008Z,135.63225,27.90750,I88,17.5,R,CMC15,,,CCD,,,,,
2019-09-18T04:40:52.320Z,135.63313,27.90725,I88,17.4,R,CMC15,,,CCD,,,,,
2019-09-18T04:42:23.904Z,135.63338,27.90681,I88,17.2,R,CMC15,,,CCD,,,,,
2019-09-18T09:19:09.120Z,135.72304,27.84144,850,18.3,V,UCAC4,,,CCD,K,,,,
2019-09-18T09:40:10.560Z,135.73012,27.83642,850,18.5,V,UCAC4,,,CCD,K,,,,
2019-09-18T09:48:23.904Z,135.73271,27.83433,850,17.2,R,UCAC4,,,CCD,K,,,,
2019-09-18T10:01:12.864Z,135.73692,27.83156,850,18.2,V,UCAC4,,,CCD,K,,,,
2019-09-18T10:05:00.960Z,135.73829,27.83042,850,17.2,R,UCAC4,,,CCD,K,,,,
2019-09-18T10:21:26.784Z,135.74362,27.82647,850,17.1,R,UCAC4,,,CCD,K,,,,
2019-09-18T10:42:43.776Z,135.75046,27.82161,H36,16.7,R,UCAC4,,,CCD,K,,,,
2019-09-18T10:48:44.064Z,135.75233,27.82017,H36,16.7,R,UCAC4,,,CCD,K,,,,
2019-09-18T11:01:57.216Z,135.75646,27.81714,H36,16.7,R,UCAC4,,,CCD,K,,,,
2019-09-18T11:15:13.824Z,135.76054,27.81386,H06,17.2,R,UCAC4,,,CCD,,,,,
2019-09-18T11:36:25.632Z,135.76775,27.80900,H06,17.1,R,UCAC4,,,CCD,,,,,
2019-09-18T12:14:30.912Z,135.77992,27.79958,U69,18.3,G,Gaia2,,,CCD,,,,,
2019-09-18T12:22:21.792Z,135.78250,27.79808,U69,18.0,G,Gaia2,,,CCD,,,,,
2019-09-18T12:30:11.808Z,135.78546,27.79572,U69,18.4,G,Gaia2,,,CCD,,,,,
2019-09-18T12:38:31.200Z,135.78783,27.79411,U69,18.2,G,Gaia2,,,CCD,,,,,
2019-09-18T12:50:00.067Z,135.791750,27.792000,C53,,,2MASS,0.25,0.25,CCD,,ICRF_KM,-1735.4447,3342.4785,-6090.7467
2019-09-18T13:05:50.208Z,135.796792,27.788000,C53,,,2MASS,0.25,0.25,CCD,,ICRF_KM,-1689.4992,6941.0494,-315.7216
2019-09-18T18:17:10.320Z,135.897458,27.713972,C53,,,2MASS,0.25,0.25,CCD,,ICRF_KM,-821.2955,5936.1755,3889.7123
2019-09-18T18:23:30.394Z,135.899542,27.712250,C53,,,2MASS,0.25,0.25,CCD,,ICRF_KM,-65.6750,4070.7844,5868.4576
2019-09-18T18:31:57.216Z,135.90288,27.71019,349,17.2,R,GSCACT,,,CCD,,,,,
2019-09-18T18:45:30.240Z,135.90733,27.70703,349,,,GSCACT,,,CCD,,,,,
2019-09-18T19:44:30.134Z,135.926000,27.692889,C53,,,2MASS,0.25,0.25,CCD,,ICRF_KM,-1876.7422,6695.1374,-1676.8154
2019-09-18T19:50:50.208Z,135.927875,27.691361,C53,,,2MASS,0.25,0.25,CCD,,ICRF_KM,-1493.4886,6901.7192,1110.7211
2019-09-18T19:57:10.368Z,135.929750,27.689972,C53,,,2MASS,0.25,0.25,CCD,,ICRF_KM,-877.6368,6033.4076,3724.7503
2019-09-18T21:15:00.029Z,135.955417,27.671639,C53,,,2MASS,0.25,0.25,CCD,,ICRF_KM,-1888.1582,4339.3723,-5371.8967
2019-09-18T21:21:20.102Z,135.957375,27.670028,C53,,,2MASS,0.25,0.25,CCD,,ICRF_KM,-1973.8675,6100.6408,-3174.9693
2019-09-18T21:27:40.176Z,135.959333,27.668556,C53,,,2MASS,0.25,0.25,CCD,,ICRF_KM,-1753.3694,6915.5417,-484.1620
2019-09-18T22:58:10.070Z,135.988750,27.647083,C53,,,2MASS,0.25,0.25,CCD,,ICRF_KM,-1968.9055,5196.0326,-4511.5994
2019-09-18T23:04:30.144Z,135.990792,27.645444,C53,,,2MASS,0.25,0.25,CCD,,ICRF_KM,-1923.5419,6576.4015,-2054.5622
2019-09-18T23:10:50.218Z,135.992750,27.644028,C53,,,2MASS,0.25,0.25,CCD,,ICRF_KM,-1579.3559,6934.9441,722.2916
2019-09-19T02:09:34.272Z,136.05083,27.60083,585,17.5,R,UCAC4,,,CCD,,,,,
2019-09-19T02:11:36.960Z,136.05142,27.60019,585,17.3,R,UCAC4,,,CCD,,,,,
2019-09-19T02:57:24.480Z,136.06654,27.58931,K61,17.3,R,Gaia2,,,CCD,K,,,,
2019-09-19T03:02:13.056Z,136.06817,27.58811,K61,17.3,R,Gaia2,,,CCD,K,,,,
2019-09-19T03:09:19.008Z,136.07050,27.58633,K61,17.8,R,Gaia2,,,CCD,K,,,,
2019-09-19T03:13:12.288Z,136.07175,27.58544,K61,17.9,R,Gaia2,,,CCD,K,,,,
2019-09-19T03:35:33.216Z,136.07892,27.58011,C10,17.3,R,UCAC4,,,CCD,K,,,,
2019-09-19T03:52:19.776Z,136.08429,27.57617,C10,17.3,R,UCAC4,,,CCD,K,,,,
2019-09-19T04:07:58.944Z,136.08954,27.57253,Z84,17.2,G,Gaia2,,,CCD,K,,,,
2019-09-19T04:09:08.064Z,136.08967,27.57208,C10,17.5,R,UCAC4,,,CCD,K,,,,
2019-09-19T04:20:11.616Z,136.09346,27.56961,Z84,17.2,G,Gaia2,,,CCD,K,,,,
2019-09-19T05:00:31Z,136.10678,27.55987,G40,17.9,G,Gaia2,0.12,0.09,CCD,K,,,,
2019-09-19T05:15:11Z,136.11163,27.55635,G40,18.0,G,Gaia2,0.18,0.18,CCD,K,,,,
2019-09-19T05:45:24Z,136.12118,27.54920,G40,18.0,G,Gaia2,0.10,0.09,CCD,K,,,,
2019-09-19T09:22:28.704Z,136.19112,27.49714,850,17.8,V,UCAC4,,,CCD,K,,,,
2019-09-19T09:43:23.232Z,136.19833,27.49208,850,17.7,V,UCAC4,,,CCD,K,,,,
2019-09-19T10:04:29.856Z,136.20488,27.48672,850,18.1,V,UCAC4,,,CCD,K,,,,
2019-09-19T20:05:38.400Z,136.40038,27.34222,D35,18.1,R,Gaia1,,,CCD,,,,,
2019-09-19T20:14:02.976Z,136.40321,27.33997,D35,18.3,R,Gaia1,,,CCD,,,,,
2019-09-19T20:16:09.120Z,136.40383,27.33953,D35,18.3,R,Gaia1,,,CCD,,,,,
2019-09-19T20:26:40.704Z,136.40729,27.33694,D35,18.3,R,Gaia1,,,CCD,,,,,
2019-09-20T02:09:59.328Z,136.51788,27.25386,A71,17.4,V,PPMXL,,,CCD,K,,,,
2019-09-20T02:30:31.392Z,136.52517,27.24867,A71,17.8,V,PPMXL,,,CCD,K,,,,
2019-09-20T02:38:59.424Z,136.52812,27.24672,106,18.6,R,UCAC2,,,CCD,,,,,
2019-09-20T02:43:26.400Z,136.52908,27.24525,I81,17.5,R,UCAC4,,,CCD,K,,,,
2019-09-20T02:51:01.728Z,136.53171,27.24358,A71,17.9,V,PPMXL,,,CCD,K,,,,
2019-09-20T02:54:55.008Z,136.53304,27.24250,C23,17.5,R,UCAC4,,,CCD,K,,,,
2019-09-20T03:00:02.592Z,136.53550,27.24128,106,19.0,R,UCAC2,,,CCD,,,,,
2019-09-20T03:04:15.744Z,136.53612,27.24031,I81,17.2,R,UCAC4,,,CCD,K,,,,
2019-09-20T03:07:45.696Z,136.53713,27.23964,C23,17.5,R,UCAC4,,,CCD,K,,,,
2019-09-20T03:11:32.928Z,136.53813,27.23878,A71,17.7,V,PPMXL,,,CCD,K,,,,
2019-09-20T03:13:44.54Z,136.53890,27.23822,J95,17.1,G,Gaia2,0.24,0.24,CCD,hK,,,,
2019-09-20T03:20:27.744Z,136.54146,27.23669,C23,17.2,R,UCAC4,,,CCD,K,,,,
2019-09-20T03:21:05.760Z,136.54104,27.23700,106,18.7,R,UCAC2,,,CCD,,,,,
2019-09-20T03:30:47.232Z,136.54462,27.23414,I81,16.6,R,UCAC4,,,CCD,K,,,,
2019-09-20T03:33:06.336Z,136.54550,27.23364,C23,17.4,R,UCAC4,,,CCD,K,,,,
2019-09-20T03:34:37.920Z,136.54567,27.23319,A71,17.5,V,PPMXL,,,CCD,K,,,,
2019-09-20T03:36:31.34Z,136.54640,27.23270,J95,18.2,G,Gaia2,0.21,0.21,CCD,K,,,,
2019-09-20T03:41:16.224Z,136.54825,27.23200,213,17.4,R,CMC15,,,CCD,K,,,,
2019-09-20T03:46:36.768Z,136.54979,27.23050,C23,16.9,R,UCAC4,,,CCD,K,,,,
2019-09-20T03:51:53.856Z,136.55163,27.22950,213,17.2,R,CMC15,,,CCD,K,,,,
2019-09-20T03:59:19.13Z,136.55382,27.22716,J95,17.7,G,Gaia2,0.24,0.24,CCD,K,,,,
2019-09-20T04:00:07.200Z,136.55412,27.22706,C23,17.2,R,UCAC4,,,CCD,K,,,,
2019-09-20T04:03:08.640Z,136.55525,27.22672,213,17.2,R,CMC15,,,CCD,K,,,,
2019-09-20T04:14:53.664Z,136.55896,27.22350,I81,17.0,R,UCAC4,,,CCD,K,,,,
2019-09-20T05:27:55.872Z,136.58300,27.20567,Z25,18.0,R,PPMXL,,,CCD,,,,,
2019-09-20T05:35:26.880Z,136.58542,27.20386,Z25,17.9,R,PPMXL,,,CCD,,,,,
2019-09-20T05:42:56.160Z,136.58779,27.20211,Z25,17.9,R,PPMXL,,,CCD,,,,,
2019-09-20T05:50:27.168Z,136.59017,27.20025,Z25,17.9,R,PPMXL,,,CCD,,,,,
2019-09-20T05:57:55.584Z,136.59267,27.19847,Z25,17.9,R,PPMXL,,,CCD,,,,,
2019-09-20T09:27:43.200Z,136.66083,27.14728,850,18.1,V,UCAC4,,,CCD,K,,,,
2019-09-20T09:48:59.328Z,136.66750,27.14250,850,18.0,V,UCAC4,,,CCD,K,,,,
2019-09-20T10:09:55.584Z,136.67413,27.13739,850,18.1,V,UCAC4,,,CCD,K,,,,
2019-09-20T10:23:10.032Z,136.678292,27.133806,C53,,,2MASS,0.25,0.25,CCD,,ICRF_KM,-1491.0096,6686.0825,2038.8527
2019-09-20T10:29:30.106Z,136.680292,27.132333,C53,,,2MASS,0.25,0.25,CCD,,ICRF_KM,-783.7088,5494.9982,4497.9091
2019-09-20T10:35:50.266Z,136.682208,27.130722,C53,,,2MASS,0.25,0.25,CCD,,ICRF_KM,45.5807,3448.5830,6255.2048
2019-09-20T12:00:50.198Z,136.709875,27.110139,C53,,,2MASS,0.25,0.25,CCD,,ICRF_KM,-1741.1343,6882.9013,837.2668
2019-09-20T12:04:00.278Z,136.710833,27.109083,C53,,,2MASS,0.25,0.25,CCD,,ICRF_KM,-1460.7308,6639.3497,2205.8143
2019-09-20T12:07:10.358Z,136.711917,27.108444,C53,,,2MASS,0.25,0.25,CCD,,ICRF_KM,-1122.8728,6134.6725,3487.3877
2019-09-20T12:10:48.000Z,136.71363,27.10775,U69,18.2,G,Gaia2,,,CCD,,,,,
2019-09-20T12:17:49.632Z,136.71562,27.10597,U69,17.9,G,Gaia2,,,CCD,,,,,
2019-09-20T13:25:00.019Z,136.736667,27.089306,C53,,,2MASS,0.25,0.25,CCD,,ICRF_KM,-1980.4278,4067.8040,-5548.1696
2019-09-20T13:28:10.013Z,136.738000,27.088472,C53,,,2MASS,0.25,0.25,CCD,,ICRF_KM,-2106.0756,5086.0490,-4573.8672
2019-09-20T13:44:00.326Z,136.743208,27.084417,C53,,,2MASS,0.25,0.25,CCD,,ICRF_KM,-1511.9302,6687.5529,2018.1038
2019-09-20T20:12:00.029Z,136.868667,26.990306,C53,,,2MASS,0.25,0.25,CCD,,ICRF_KM,-2170.8447,5633.9220,-3840.2744
2019-09-20T20:18:20.102Z,136.871000,26.988556,C53,,,2MASS,0.25,0.25,CCD,,ICRF_KM,-2069.5089,6731.3312,-1245.3049
2019-09-20T20:24:40.176Z,136.872958,26.986917,C53,,,2MASS,0.25,0.25,CCD,,ICRF_KM,-1646.3125,6781.9561,1543.9775
2019-09-20T20:31:00.250Z,136.875167,26.985111,C53,,,2MASS,0.25,0.25,CCD,,ICRF_KM,-966.6824,5776.2169,4092.1012
2019-09-21T02:19:01.920Z,136.98829,26.90006,A71,17.6,V,PPMXL,,,CCD,K,,,,
2019-09-21T02:34:23.808Z,136.99338,26.89625,A71,17.3,V,PPMXL,,,CCD,K,,,,
2019-09-21T02:39:41Z,136.995250,26.895444,246,,,Gaia2,,,CCD,,,,,
2019-09-21T02:39:57Z,136.995583,26.894500,246,,,Gaia2,,,CCD,,,,,
2019-09-21T02:40:09Z,136.995500,26.894806,246,,,Gaia2,,,CCD,,,,,
2019-09-21T02:41:09Z,136.995917,26.894417,246,,,Gaia2,,,CCD,,,,,
2019-09-21T02:49:46.560Z,136.99850,26.89250,A71,17.6,V,PPMXL,,,CCD,K,,,,
2019-09-21T03:05:08.448Z,137.00342,26.88872,A71,17.6,V,PPMXL,,,CCD,K,,,,
2019-09-21T03:06:04.608Z,137.00379,26.88844,B67,18.1,R,UCAC4,,,CCD,K,,,,
2019-09-21T03:20:30.336Z,137.00817,26.88489,A71,17.6,V,PPMXL,,,CCD,K,,,,
2019-09-21T03:21:39.456Z,137.00867,26.88483,L19,17.3,R,UCAC4,,,CCD,K,,,,
2019-09-21T03:22:08.832Z,137.00896,26.88444,215,17.6,R,UCAC4,,,CCD,K,,,,
2019-09-21T03:23:16.224Z,137.00946,26.88422,B67,18.2,R,UCAC4,,,CCD,K,,,,
2019-09-21T03:25:50.880Z,137.01017,26.88356,215,17.5,R,UCAC4,,,CCD,K,,,,
2019-09-21T03:25:57.23Z,137.00995,26.88367,J95,17.5,G,Gaia2,0.23,0.21,CCD,K,,,,
2019-09-21T03:26:42.720Z,137.01037,26.88350,104,17.5,G,Gaia2,,,CCD,K,,,,
2019-09-21T03:29:13.056Z,137.01121,26.88292,C10,17.5,R,UCAC4,,,CCD,K,,,,
2019-09-21T03:29:32.928Z,137.01137,26.88269,215,17.6,R,UCAC4,,,CCD,K,,,,
2019-09-21T03:40:26.976Z,137.01492,26.87978,B67,18.1,R,UCAC4,,,CCD,K,,,,
2019-09-21T03:44:32.352Z,137.01608,26.87922,L19,17.6,R,UCAC4,,,CCD,K,,,,
2019-09-21T03:45:18.144Z,137.01629,26.87881,A77,18.0,R,UCAC4,,,CCD,K,,,,
2019-09-21T03:51:31.62Z,137.01829,26.87739,J95,17.6,G,Gaia2,0.23,0.24,CCD,K,,,,
2019-09-21T03:54:00Z,137.01944,26.87686,K63,18.5,V,UCAC4,0.21,0.22,CCD,K,,,,
2019-09-21T03:54:55.296Z,137.01946,26.87650,104,17.4,G,Gaia2,,,CCD,K,,,,
2019-09-21T03:57:24.768Z,137.02033,26.87606,C10,17.6,R,UCAC4,,,CCD,K,,,,
2019-09-21T03:57:46.973Z,137.02046,26.87594,C95,17.5,G,Gaia2,,,CCD,K,,,,
2019-09-21T03:58:26Z,137.02052,26.87561,K63,17.6,V,UCAC4,0.21,0.26,CCD,K,,,,
2019-09-21T04:03:52Z,137.02279,26.87453,K63,17.2,V,UCAC4,0.28,0.34,CCD,K,,,,
2019-09-21T04:04:32.966Z,137.02246,26.87428,C95,17.0,G,Gaia2,,,CCD,K,,,,
2019-09-21T04:06:07.488Z,137.02408,26.87333,I81,17.2,R,UCAC4,,,CCD,K,,,,
2019-09-21T04:07:45.120Z,137.02325,26.87339,A77,17.9,R,UCAC4,,,CCD,K,,,,
2019-09-21T04:11:19.997Z,137.02479,26.87247,C95,17.7,G,Gaia2,,,CCD,K,,,,
2019-09-21T04:17:09.312Z,137.02662,26.87114,I81,17.3,R,UCAC4,,,CCD,K,,,,
2019-09-21T04:18:09.014Z,137.02688,26.87072,C95,17.3,G,Gaia2,,,CCD,K,,,,
2019-09-21T04:21:18.144Z,137.02829,26.86992,I81,17.6,R,UCAC4,,,CCD,K,,,,
2019-09-21T04:24:41.184Z,137.02929,26.86942,C10,17.7,R,UCAC4,,,CCD,K,,,,
2019-09-21T04:24:58.637Z,137.02917,26.86908,C95,17.9,G,Gaia2,,,CCD,K,,,,
2019-09-21T04:40:00.048Z,137.034042,26.865611,C53,,,2MASS,0.25,0.25,CCD,,ICRF_KM,-2131.4002,6663.6920,-1484.3332
2019-09-21T04:46:20.122Z,137.036292,26.864056,C53,,,2MASS,0.25,0.25,CCD,,ICRF_KM,-1735.2560,6810.4289,1304.9563
2019-09-21T04:52:40.195Z,137.038208,26.862306,C53,,,2MASS,0.25,0.25,CCD,,ICRF_KM,-1068.8288,5896.5837,3890.7962
2019-09-21T05:21:58Z,137.04779,26.85514,G40,18.0,G,Gaia2,0.14,0.15,CCD,K,,,,
2019-09-21T05:39:18Z,137.05373,26.85091,G40,18.0,G,Gaia2,0.09,0.10,CCD,K,,,,
2019-09-21T05:55:10Z,137.05855,26.84725,G40,18.1,G,Gaia2,0.10,0.12,CCD,K,,,,
2019-09-21T09:28:56.640Z,137.12783,26.79472,850,17.5,R,UCAC4,,,CCD,K,,,,
2019-09-21T09:30:39.456Z,137.12842,26.79397,850,18.4,V,UCAC4,,,CCD,K,,,,
2019-09-21T09:51:40.896Z,137.13513,26.78867,850,17.9,V,UCAC4,,,CCD,K,,,,
2019-09-21T10:12:43.200Z,137.14217,26.78350,850,17.6,V,UCAC4,,,CCD,K,,,,
2019-09-21T10:22:43.680Z,137.14517,26.78139,850,17.2,R,UCAC4,,,CCD,K,,,,
2019-09-21T11:04:59.520Z,137.15904,26.77075,H06,,,Gaia2,,,CCD,,,,,
2019-09-21T11:07:34.176Z,137.15996,26.77003,H06,17.4,G,Gaia2,,,CCD,,,,,
2019-09-21T11:26:40.186Z,137.165958,26.765361,C53,,,2MASS,0.25,0.25,CCD,,ICRF_KM,-1884.3613,6863.0148,676.5166
2019-09-21T11:33:00.259Z,137.167917,26.763583,C53,,,2MASS,0.25,0.25,CCD,,ICRF_KM,-1268.0169,6185.2849,3345.9323
2019-09-21T12:20:38.112Z,137.18400,26.75169,I41,17.63,R,Gaia1,,,CCD,,,,,
2019-09-21T12:22:09.696Z,137.18412,26.75167,U69,,,Gaia2,,,CCD,,,,,
2019-09-21T12:27:59.616Z,137.18596,26.75006,U69,17.7,G,Gaia2,,,CCD,,,,,
2019-09-22T01:50:55.392Z,137.44629,26.55078,L04,17.7,R,PPMXL,,,CCD,K,,,,
2019-09-22T01:54:19.296Z,137.44737,26.55000,L04,17.6,R,PPMXL,,,CCD,K,,,,
2019-09-22T02:22:44.832Z,137.45650,26.54289,L04,17.8,R,PPMXL,,,CCD,K,,,,
2019-09-22T02:48:27.072Z,137.46475,26.53681,461,17.9,R,USNOB1,,,CCD,K,,,,
2019-09-22T02:50:24.576Z,137.46554,26.53603,A71,17.9,V,PPMXL,,,CCD,K,,,,
2019-09-22T02:52:05.664Z,137.46596,26.53561,461,17.3,R,USNOB1,,,CCD,K,,,,
2019-09-22T02:55:52.896Z,137.46742,26.53469,461,18.0,R,USNOB1,,,CCD,K,,,,
2019-09-22T02:59:32.352Z,137.46846,26.53392,461,17.3,R,USNOB1,,,CCD,K,,,,
2019-09-22T03:03:10.944Z,137.46967,26.53300,461,18.0,R,USNOB1,,,CCD,K,,,,
2019-09-22T03:04:12.288Z,137.46992,26.53275,A71,17.7,V,PPMXL,,,CCD,K,,,,
2019-09-22T03:18:00.000Z,137.47442,26.52914,A71,18.0,V,PPMXL,,,CCD,K,,,,
2019-09-22T03:22:35.616Z,137.47579,26.52806,I81,16.8,R,UCAC4,,,CCD,K,,,,
2019-09-22T03:27:11.232Z,137.47713,26.52694,A71,17.6,V,PPMXL,,,CCD,K,,,,
2019-09-22T03:37:54.912Z,137.48075,26.52425,A71,18.2,V,PPMXL,,,CCD,K,,,,
2019-09-22T03:43:31.872Z,137.48263,26.52281,I81,16.9,R,UCAC4,,,CCD,K,,,,
2019-09-22T04:04:28.992Z,137.48946,26.51758,I81,17.2,R,UCAC4,,,CCD,K,,,,
2019-09-22T05:10:26Z,137.51099,26.50129,G40,17.9,G,Gaia2,0.13,0.09,CCD,K,,,,
2019-09-22T05:25:17Z,137.51576,26.49760,G40,18.0,G,Gaia2,0.11,0.10,CCD,K,,,,
2019-09-22T07:35:00.067Z,137.557250,26.465028,C53,,,2MASS,0.25,0.25,CCD,,ICRF_KM,-1718.1012,6646.8861,1987.7606
2019-09-22T07:38:10.061Z,137.558208,26.464222,C53,,,2MASS,0.25,0.25,CCD,,ICRF_KM,-1374.5741,6194.3438,3286.7563
2019-09-22T07:41:20.141Z,137.559250,26.463528,C53,,,2MASS,0.25,0.25,CCD,,ICRF_KM,-976.9151,5498.1400,4456.5286
2019-09-22T07:44:30.134Z,137.560083,26.462583,C53,,,2MASS,0.25,0.25,CCD,,ICRF_KM,-540.8640,4585.8648,5450.7231
2019-09-22T09:29:36.384Z,137.59500,26.43672,850,17.5,V,UCAC4,,,CCD,K,,,,
2019-09-22T09:50:35.232Z,137.60179,26.43147,850,17.9,V,UCAC4,,,CCD,K,,,,
2019-09-22T10:11:33.216Z,137.60850,26.42625,850,18.3,V,UCAC4,,,CCD,K,,,,
2019-09-22T10:55:50.275Z,137.622833,26.415111,C53,,,2MASS,0.25,0.25,CCD,,ICRF_KM,-1738.6187,6647.6386,1967.7783
2019-09-22T10:59:00.269Z,137.623833,26.414389,C53,,,2MASS,0.25,0.25,CCD,,ICRF_KM,-1394.8696,6199.5596,3268.6230
2019-09-22T11:02:10.349Z,137.625042,26.413500,C53,,,2MASS,0.25,0.25,CCD,,ICRF_KM,-996.2787,5507.7222,4440.6159
2019-09-22T11:50:49.632Z,137.64096,26.40100,I41,17.64,R,Gaia1,,,CCD,,,,,
2019-09-22T12:11:09.600Z,137.64733,26.39611,U69,,,Gaia2,,,CCD,,,,,
2019-09-22T12:16:18.912Z,137.64908,26.39481,U69,,,Gaia2,,,CCD,,,,,
2019-09-22T12:21:27.360Z,137.65067,26.39350,U69,17.6,G,Gaia2,,,CCD,,,,,
2019-09-22T17:26:20.141Z,137.749208,26.317528,C53,,,2MASS,0.25,0.25,CCD,,ICRF_KM,-2370.3331,6087.6786,-2914.6921
2019-09-22T17:29:30.134Z,137.750208,26.316500,C53,,,2MASS,0.25,0.25,CCD,,ICRF_KM,-2314.0155,6578.3788,-1586.5310
2019-09-22T17:32:40.214Z,137.751208,26.315833,C53,,,2MASS,0.25,0.25,CCD,,ICRF_KM,-2166.8360,6810.7760,-195.9191
2019-09-22T19:00:00.029Z,137.779458,26.294167,C53,,,2MASS,0.25,0.25,CCD,,ICRF_KM,-2186.0788,4271.1453,-5311.1749
2019-09-22T19:03:10.022Z,137.780583,26.293444,C53,,,2MASS,0.25,0.25,CCD,,ICRF_KM,-2327.5221,5236.2785,-4285.7821
2019-09-22T19:06:20.102Z,137.781833,26.292417,C53,,,2MASS,0.25,0.25,CCD,,ICRF_KM,-2377.9513,5996.8220,-3092.0587
2019-09-22T20:46:20.064Z,137.813917,26.267333,C53,,,2MASS,0.25,0.25,CCD,,ICRF_KM,-2383.5220,5901.5046,-3266.8415
2019-09-22T20:49:30.144Z,137.814875,26.266278,C53,,,2MASS,0.25,0.25,CCD,,ICRF_KM,-2354.3928,6461.2799,-1965.5725
2019-09-22T20:52:40.224Z,137.815958,26.265472,C53,,,2MASS,0.25,0.25,CCD,,ICRF_KM,-2232.8543,6767.4473,-586.9564
2019-09-23T00:05:00.067Z,137.878625,26.217667,C53,,,2MASS,0.25,0.25,CCD,,ICRF_KM,-2360.9175,5364.6621,-4104.6961
2019-09-23T00:08:10.061Z,137.879792,26.216583,C53,,,2MASS,0.25,0.25,CCD,,ICRF_KM,-2399.0972,6089.0420,-2888.5913
2019-09-23T00:11:20.054Z,137.880708,26.215583,C53,,,2MASS,0.25,0.25,CCD,,ICRF_KM,-2343.2506,6574.9236,-1558.6711
2019-09-23T02:24:47.520Z,137.92392,26.18158,A84,18.6,V,Gaia2,,,CCD,,,,,
2019-09-23T02:31:06.816Z,137.92600,26.17997,A84,17.6,I,Gaia2,,,CCD,,,,,
2019-09-23T02:34:15.168Z,137.92688,26.17917,A84,19.2,UNK,Gaia2,,,CCD,,,,,
2019-09-23T02:37:27.840Z,137.92800,26.17836,A84,18.5,V,Gaia2,,,CCD,,,,,
2019-09-23T02:40:54.336Z,137.92908,26.17756,A84,18.1,R,Gaia2,,,CCD,,,,,
2019-09-23T02:44:22.560Z,137.93021,26.17664,A84,17.6,I,Gaia2,,,CCD,,,,,
2019-09-23T02:53:53.664Z,137.93329,26.17431,A84,18.0,R,Gaia2,,,CCD,,,,,
2019-09-23T03:37:40.224Z,137.947250,26.163139,C53,,,2MASS,0.25,0.25,CCD,,ICRF_KM,-2051.3406,6796.3164,841.0516
2019-09-23T03:40:50.218Z,137.948167,26.162306,C53,,,2MASS,0.25,0.25,CCD,,ICRF_KM,-1760.0564,6565.2480,2209.4952
2019-09-23T03:44:00.298Z,137.949333,26.161556,C53,,,2MASS,0.25,0.25,CCD,,ICRF_KM,-1399.5532,6075.9932,3490.8166
2019-09-23T04:06:38.592Z,137.95671,26.15597,Z84,16.8,G,Gaia2,,,CCD,K,,,,
2019-09-23T04:13:25.536Z,137.95896,26.15425,Z84,17.3,G,Gaia2,,,CCD,K,,,,
2019-09-23T04:20:12.480Z,137.96121,26.15256,Z84,17.4,G,Gaia2,,,CCD,K,,,,
2019-09-23T05:05:00.038Z,137.975542,26.141306,C53,,,2MASS,0.25,0.25,CCD,,ICRF_KM,-2334.9943,4986.9879,-4570.4449
2019-09-23T05:08:10.032Z,137.976625,26.140583,C53,,,2MASS,0.25,0.25,CCD,,ICRF_KM,-2415.3325,5803.3445,-3416.5448
2019-09-23T05:11:20.112Z,137.977708,26.139722,C53,,,2MASS,0.25,0.25,CCD,,ICRF_KM,-2401.0756,6392.5742,-2128.1913
2019-09-23T05:23:14.208Z,137.98188,26.13656,Z25,17.9,R,PPMXL,,,CCD,,,,,
2019-09-23T05:30:46.080Z,137.98425,26.13472,Z25,17.8,R,PPMXL,,,CCD,,,,,
2019-09-23T05:38:16.224Z,137.98667,26.13275,Z25,17.8,R,PPMXL,,,CCD,,,,,
2019-09-23T05:45:47.232Z,137.98917,26.13092,Z25,17.8,R,PPMXL,,,CCD,,,,,
2019-09-23T05:53:18.240Z,137.99154,26.12903,Z25,17.8,R,PPMXL,,,CCD,,,,,
2019-09-23T15:05:00.067Z,138.169917,25.989694,C53,,,2MASS,0.25,0.25,CCD,,ICRF_KM,-2226.7097,4134.5531,-5401.6504
2019-09-23T15:08:10.061Z,138.171042,25.988861,C53,,,2MASS,0.25,0.25,CCD,,ICRF_KM,-2391.0673,5115.7167,-4395.1185
2019-09-23T15:11:20.141Z,138.172000,25.988028,C53,,,2MASS,0.25,0.25,CCD,,ICRF_KM,-2461.9475,5897.0366,-3216.0011
2019-09-23T20:20:48.192Z,138.27258,25.90881,D35,18.1,R,Gaia1,,,CCD,,,,,
2019-09-23T20:31:18.912Z,138.27592,25.90619,D35,18.2,R,Gaia1,,,CCD,,,,,
2019-09-23T20:41:49.632Z,138.27933,25.90350,D35,18.3,R,Gaia1,,,CCD,,,,,
2019-09-23T20:52:22.080Z,138.28283,25.90078,D35,18.3,R,Gaia1,,,CCD,,,,,
2019-09-24T01:10:00.077Z,138.365875,25.835500,C53,,,2MASS,0.25,0.25,CCD,,ICRF_KM,-2391.9180,4862.1559,-4674.3022
2019-09-24T01:13:10.070Z,138.366750,25.834500,C53,,,2MASS,0.25,0.25,CCD,,ICRF_KM,-2493.4594,5697.8130,-3536.0439
2019-09-24T01:16:20.064Z,138.367625,25.833528,C53,,,2MASS,0.25,0.25,CCD,,ICRF_KM,-2497.3651,6310.5140,-2258.6618
2019-09-24T02:04:20.640Z,138.38367,25.82103,585,17.5,R,UCAC4,,,CCD,K,,,,
2019-09-24T02:04:51.744Z,138.38383,25.82097,585,17.7,R,UCAC4,,,CCD,K,,,,
2019-09-24T02:09:00.576Z,138.38508,25.81994,585,17.6,R,UCAC4,,,CCD,K,,,,
2019-09-24T02:09:47.232Z,138.38542,25.81958,585,17.5,R,UCAC4,,,CCD,K,,,,
2019-09-24T02:10:18.336Z,138.38550,25.81967,585,17.5,R,UCAC4,,,CCD,K,,,,
2019-09-24T02:20:32.640Z,138.38879,25.81706,152,17.3,R,UCAC3,,,CCD,,,,,
2019-09-24T02:23:24.576Z,138.38938,25.81644,152,17.9,R,UCAC3,,,CCD,,,,,
2019-09-24T02:25:37.632Z,138.39021,25.81586,152,17.7,R,UCAC3,,,CCD,,,,,
2019-09-24T02:30:49.536Z,138.39217,25.81431,A84,18.6,V,Gaia2,,,CCD,,,,,
2019-09-24T02:32:17.664Z,138.39258,25.81389,152,17.3,R,UCAC3,,,CCD,,,,,
2019-09-24T02:33:31.104Z,138.39321,25.81364,152,17.4,R,UCAC3,,,CCD,,,,,
2019-09-24T02:33:58.752Z,138.39321,25.81350,A84,18.1,R,Gaia2,,,CCD,,,,,
2019-09-24T02:36:27.360Z,138.39362,25.81286,152,17.7,R,UCAC3,,,CCD,,,,,
2019-09-24T02:37:48.576Z,138.39446,25.81250,A84,17.7,I,Gaia2,,,CCD,,,,,
2019-09-24T02:39:40.032Z,138.39500,25.81172,152,17.8,R,UCAC3,,,CCD,,,,,
2019-09-24T02:44:31.200Z,138.39608,25.81131,152,17.1,R,UCAC3,,,CCD,,,,,
2019-09-24T02:44:33.792Z,138.39663,25.81086,A84,18.5,V,Gaia2,,,CCD,,,,,
2019-09-24T02:47:55.104Z,138.39771,25.80997,A84,18.1,R,Gaia2,,,CCD,,,,,
2019-09-24T02:51:06.912Z,138.39871,25.80911,A84,17.8,I,Gaia2,,,CCD,,,,,
2019-09-24T03:14:56.832Z,138.40637,25.80319,470,17.8,R,Gaia1,,,CCD,K,,,,
2019-09-24T03:19:56Z,138.408167,25.801961,K63,18.0,V,UCAC4,0.15,0.17,CCD,K,,,,
2019-09-24T03:20:06.144Z,138.40838,25.80169,470,17.8,R,Gaia1,,,CCD,K,,,,
2019-09-24T03:20:57.120Z,138.40846,25.80139,204,18.5,G,Gaia2,,,CCD,K,,,,
2019-09-24T03:25:12.864Z,138.40971,25.80033,470,17.8,R,Gaia1,,,CCD,K,,,,
2019-09-24T03:29:36Z,138.411079,25.799178,K63,16.6,V,UCAC4,0.30,0.26,CCD,K,,,,
2019-09-24T03:31:28.704Z,138.41179,25.79875,204,,,Gaia2,,,CCD,K,,,,
2019-09-24T03:33:13.248Z,138.41242,25.79836,L06,17.5,G,Gaia2,,,CCD,K,,,,
2019-09-24T03:34:17Z,138.412737,25.798121,K63,18.2,V,UCAC4,0.30,0.43,CCD,K,,,,
2019-09-24T03:40:24.384Z,138.41467,25.79633,L06,,,Gaia2,,,CCD,K,,,,
2019-09-24T03:46:47.136Z,138.41679,25.79486,L06,,,Gaia2,,,CCD,K,,,,
2019-09-24T03:58:32Z,138.420139,25.791965,K63,17.8,G,Gaia2,0.31,0.27,CCD,K,,,,
2019-09-24T04:02:43Z,138.421651,25.791003,K63,18.0,G,Gaia2,0.31,0.29,CCD,K,,,,
2019-09-24T04:09:10Z,138.424141,25.789437,K63,18.2,G,Gaia2,0.18,0.18,CCD,K,,,,
2019-09-24T10:38:57.408Z,138.55029,25.68897,H36,17.2,R,UCAC4,,,CCD,K,,,,
2019-09-24T10:59:07.008Z,138.55662,25.68419,H36,16.7,R,UCAC4,,,CCD,K,,,,
2019-09-24T18:16:55.200Z,138.69850,25.57122,D95,16.8,R,UCAC4,,,CCD,K,,,,
2019-09-24T18:35:29.760Z,138.70467,25.56664,D95,,,UCAC4,,,CCD,K,,,,
2019-09-24T18:38:35.520Z,138.70542,25.56578,D95,,,UCAC4,,,CCD,K,,,,
2019-09-24T19:41:20.141Z,138.725667,25.549583,C53,,,2MASS,0.25,0.25,CCD,,ICRF_KM,-2578.5709,6296.7515,-2203.7155
2019-09-24T19:44:30.134Z,138.726708,25.548750,C53,,,2MASS,0.25,0.25,CCD,,ICRF_KM,-2485.1465,6652.6092,-834.9049
2019-09-24T19:47:40.214Z,138.727458,25.547778,C53,,,2MASS,0.25,0.25,CCD,,ICRF_KM,-2294.0713,6747.0577,566.7726
2019-09-24T23:00:00.058Z,138.789750,25.498889,C53,,,2MASS,0.25,0.25,CCD,,ICRF_KM,-2597.8899,5893.3574,-3113.4991
2019-09-24T23:03:10.051Z,138.790792,25.498028,C53,,,2MASS,0.25,0.25,CCD,,ICRF_KM,-2576.4964,6424.2535,-1800.3103
2019-09-24T23:06:20.131Z,138.791917,25.496917,C53,,,2MASS,0.25,0.25,CCD,,ICRF_KM,-2453.9671,6703.1104,-415.9442
2019-09-25T00:46:20.093Z,138.824208,25.471250,C53,,,2MASS,0.25,0.25,CCD,,ICRF_KM,-2484.9708,6676.8923,-612.0090
2019-09-25T00:49:30.173Z,138.825083,25.470278,C53,,,2MASS,0.25,0.25,CCD,,ICRF_KM,-2279.1908,6729.7245,789.7564
2019-09-25T00:52:40.166Z,138.825917,25.469111,C53,,,2MASS,0.25,0.25,CCD,,ICRF_KM,-1983.8022,6517.9501,2160.3943
2019-09-25T02:29:49.056Z,138.85771,25.44428,152,17.5,R,USNOB1,,,CCD,,,,,
2019-09-25T02:35:40.704Z,138.85992,25.44247,152,17.6,R,USNOB1,,,CCD,,,,,
2019-09-25T02:42:30.240Z,138.86217,25.44128,152,17.3,R,USNOB1,,,CCD,,,,,
2019-09-25T03:57:55.872Z,138.88617,25.42142,213,16.9,R,CMC15,,,CCD,K,,,,
2019-09-25T04:01:37.920Z,138.88746,25.42039,213,16.8,R,CMC15,,,CCD,K,,,,
2019-09-25T04:05:56.256Z,138.88896,25.41933,213,16.7,R,CMC15,,,CCD,K,,,,
2019-09-25T10:12:29.376Z,139.00779,25.32397,850,17.3,R,UCAC4,,,CCD,K,,,,
2019-09-25T10:33:21.312Z,139.01442,25.31869,850,17.1,R,UCAC4,,,CCD,K,,,,
2019-09-25T10:59:00.269Z,139.022292,25.311778,C53,,,2MASS,0.25,0.25,CCD,,ICRF_KM,-1586.2392,5940.1356,3642.1718
2019-09-25T11:02:10.349Z,139.023375,25.310889,C53,,,2MASS,0.25,0.25,CCD,,ICRF_KM,-1135.5095,5201.4356,4765.4637
2019-09-25T12:42:10.310Z,139.055333,25.285167,C53,,,2MASS,0.25,0.25,CCD,,ICRF_KM,-1208.1684,5316.1054,4618.9357
2019-09-25T12:45:20.390Z,139.056292,25.284361,C53,,,2MASS,0.25,0.25,CCD,,ICRF_KM,-716.8539,4400.1808,5583.2119
2019-09-25T14:00:00.058Z,139.081125,25.265083,C53,,,2MASS,0.25,0.25,CCD,,ICRF_KM,-2532.9288,4873.3143,-4586.7003
2019-09-25T14:03:10.051Z,139.082167,25.264333,C53,,,2MASS,0.25,0.25,CCD,,ICRF_KM,-2648.1310,5689.0630,-3435.2061
2019-09-25T14:06:20.131Z,139.083125,25.263389,C53,,,2MASS,0.25,0.25,CCD,,ICRF_KM,-2659.6148,6282.1294,-2148.5015
2019-09-25T14:09:30.125Z,139.084042,25.262444,C53,,,2MASS,0.25,0.25,CCD,,ICRF_KM,-2566.7201,6628.6437,-777.2750
2019-09-25T17:34:00.307Z,139.150167,25.209083,C53,,,2MASS,0.25,0.25,CCD,,ICRF_KM,-2353.6612,6699.7753,822.4661
2019-09-25T17:40:20.381Z,139.152042,25.207472,C53,,,2MASS,0.25,0.25,CCD,,ICRF_KM,-1672.9021,6016.1189,3474.6499
2019-09-25T19:09:33.120Z,139.18138,25.18392,Q11,16.9,R,UCAC4,,,CCD,,,,,
2019-09-25T19:15:43.776Z,139.18342,25.18225,Q11,,,UCAC4,,,CCD,,,,,
2019-09-25T19:28:05.088Z,139.18742,25.17906,Q11,,,UCAC4,,,CCD,,,,,
2019-09-26T02:05:28.032Z,139.31596,25.07481,A84,18.6,V,Gaia2,,,CCD,,,,,
2019-09-26T02:12:23.616Z,139.31817,25.07300,A84,18.1,R,Gaia2,,,CCD,,,,,
2019-09-26T02:16:53.184Z,139.31958,25.07183,A84,17.7,I,Gaia2,,,CCD,,,,,
2019-09-26T02:21:22.752Z,139.32104,25.07067,A84,19.3,UNK,Gaia2,,,CCD,,,,,
2019-09-26T02:26:19.104Z,139.32263,25.06936,A84,18.5,V,Gaia2,,,CCD,,,,,
2019-09-26T02:30:48.672Z,139.32408,25.06819,A84,18.1,R,Gaia2,,,CCD,,,,,
2019-09-26T02:35:17.376Z,139.32554,25.06697,A84,17.7,I,Gaia2,,,CCD,,,,,
2019-09-26T02:39:46.944Z,139.32696,25.06581,A84,19.1,UNK,Gaia2,,,CCD,,,,,
2019-09-26T02:44:16.512Z,139.32837,25.06467,A84,18.5,V,Gaia2,,,CCD,,,,,
2019-09-26T02:48:45.216Z,139.32979,25.06350,A84,18.1,R,Gaia2,,,CCD,,,,,
2019-09-26T02:53:14.784Z,139.33133,25.06236,A84,17.7,I,Gaia2,,,CCD,,,,,
2019-09-26T05:18:40.320Z,139.37858,25.02403,Z25,17.7,R,PPMXL,,,CCD,,,,,
2019-09-26T05:26:14.006Z,139.380929,25.022167,J04,18.5,G,Gaia2,,,CCD,K,,,,
2019-09-26T05:26:14.784Z,139.38096,25.02208,Z25,17.6,R,PPMXL,,,CCD,,,,,
2019-09-26T05:32:44.534Z,139.383054,25.020442,J04,18.7,G,Gaia2,,,CCD,K,,,,
2019-09-26T05:33:45.792Z,139.38338,25.02017,Z25,17.6,R,PPMXL,,,CCD,,,,,
2019-09-26T05:39:15.494Z,139.385158,25.018733,J04,18.3,G,Gaia2,,,CCD,K,,,,
2019-09-26T05:41:17.664Z,139.38579,25.01822,Z25,17.6,R,PPMXL,,,CCD,,,,,
2019-09-26T05:42:57Z,139.38606,25.01797,G40,17.5,G,Gaia2,0.20,0.20,CCD,K,,,,
2019-09-26T05:52:41Z,139.38917,25.01539,G40,17.3,G,Gaia2,0.25,0.25,CCD,K,,,,
2019-09-26T05:56:22.272Z,139.39062,25.01419,Z25,17.6,R,PPMXL,,,CCD,,,,,
2019-09-26T08:42:00.086Z,139.443792,24.970667,C53,,,2MASS,0.25,0.25,CCD,,ICRF_KM,-2027.9624,6363.4448,2545.0305
2019-09-26T08:48:20.074Z,139.445875,24.968861,C53,,,2MASS,0.25,0.25,CCD,,ICRF_KM,-1153.1185,5073.7573,4897.2583
2019-09-26T08:54:40.234Z,139.447583,24.966750,C53,,,2MASS,0.25,0.25,CCD,,ICRF_KM,-98.8257,2994.8444,6486.4042
2019-09-26T11:20:54.240Z,139.49554,24.92886,H06,,,UCAC4,,,CCD,K,,,,
2019-09-26T11:24:25.056Z,139.49671,24.92789,H06,,,UCAC4,,,CCD,K,,,,
2019-09-26T11:27:56.736Z,139.49779,24.92689,H06,17.4,R,UCAC4,,,CCD,K,,,,
2019-09-26T11:57:50.227Z,139.506875,24.919250,C53,,,2MASS,0.25,0.25,CCD,,ICRF_KM,-2520.1051,6680.6397,365.8732
2019-09-26T12:01:00.307Z,139.507917,24.918333,C53,,,2MASS,0.25,0.25,CCD,,ICRF_KM,-2247.6127,6555.5425,1751.7441
2019-09-26T12:04:10.301Z,139.508708,24.917417,C53,,,2MASS,0.25,0.25,CCD,,ICRF_KM,-1886.7392,6172.6725,3068.5517
2019-09-26T18:15:21.024Z,139.62950,24.81908,D95,16.6,R,UCAC4,,,CCD,K,,,,
2019-09-26T18:55:40.224Z,139.64242,24.80850,D95,,,UCAC4,,,CCD,K,,,,
2019-09-26T19:02:02.976Z,139.64475,24.80692,349,17.1,R,GSCACT,,,CCD,,,,,
2019-09-26T19:15:48.960Z,139.64921,24.80333,349,,,GSCACT,,,CCD,,,,,
2019-09-26T19:17:19.680Z,139.64942,24.80275,D95,,,UCAC4,,,CCD,K,,,,
2019-09-26T20:10:44.256Z,139.66679,24.78850,D35,18.1,R,Gaia1,,,CCD,,,,,
2019-09-26T20:22:18.912Z,139.67046,24.78569,D35,18.1,R,Gaia1,,,CCD,,,,,
2019-09-26T20:33:55.296Z,139.67421,24.78253,D35,18.0,R,Gaia1,,,CCD,,,,,
2019-09-26T20:45:28.224Z,139.67804,24.77947,D35,18.2,R,Gaia1,,,CCD,,,,,
2019-09-27T00:34:55.200Z,139.75212,24.71783,A98,17.4,R,PPMXL,,,CCD,,,,,
2019-09-27T00:39:09.216Z,139.75350,24.71686,A98,17.4,R,PPMXL,,,CCD,,,,,
2019-09-27T00:40:12.288Z,139.75433,24.71694,A98,17.0,R,PPMXL,,,CCD,,,,,
2019-09-27T00:45:29.376Z,139.75608,24.71556,A98,17.3,R,PPMXL,,,CCD,,,,,
2019-09-27T01:01:18.912Z,139.76083,24.71122,A98,17.0,R,PPMXL,,,CCD,,,,,
2019-09-27T01:04:29.856Z,139.76204,24.71033,A98,17.5,R,PPMXL,,,CCD,,,,,
2019-09-27T01:57:53.568Z,139.77900,24.69636,A84,18.6,V,Gaia2,,,CCD,,,,,
2019-09-27T02:01:02.784Z,139.78004,24.69558,A84,18.1,R,Gaia2,,,CCD,,,,,
2019-09-27T02:04:33.600Z,139.78108,24.69461,A84,17.7,I,Gaia2,,,CCD,,,,,
2019-09-27T02:10:12.288Z,139.78292,24.69314,A84,19.3,UNK,Gaia2,,,CCD,,,,,
2019-09-27T02:13:31.008Z,139.78404,24.69228,A84,18.6,V,Gaia2,,,CCD,,,,,
2019-09-27T02:16:38.496Z,139.78504,24.69147,A84,18.1,R,Gaia2,,,CCD,,,,,
2019-09-27T02:19:14.880Z,139.78550,24.69081,069,18.3,R,USNOB1,,,CCD,,,,,
2019-09-27T02:19:58.944Z,139.78612,24.69050,A84,17.6,I,Gaia2,,,CCD,,,,,
2019-09-27T02:21:06.336Z,139.78633,24.69028,152,17.1,R,USNOB1,,,CCD,,,,,
2019-09-27T02:23:08.160Z,139.78713,24.68967,A84,19.1,UNK,Gaia2,,,CCD,,,,,
2019-09-27T02:26:14.784Z,139.78800,24.68892,A84,18.6,V,Gaia2,,,CCD,,,,,
2019-09-27T02:27:17.856Z,139.78833,24.68844,152,16.9,R,USNOB1,,,CCD,,,,,
2019-09-27T02:29:21.408Z,139.78908,24.68806,A84,18.5,V,Gaia2,,,CCD,,,,,
2019-09-27T02:30:22.752Z,139.78929,24.68786,152,16.8,R,USNOB1,,,CCD,,,,,
2019-09-27T02:31:19.776Z,139.78933,24.68764,069,18.0,R,USNOB1,,,CCD,,,,,
2019-09-27T02:32:58.272Z,139.79025,24.68708,A84,17.6,I,Gaia2,,,CCD,,,,,
2019-09-27T02:36:04.896Z,139.79125,24.68625,A84,19.2,UNK,Gaia2,,,CCD,,,,,
2019-09-27T02:37:13.152Z,139.79162,24.68569,152,17.1,R,USNOB1,,,CCD,,,,,
2019-09-27T02:39:11.520Z,139.79233,24.68542,A84,18.6,V,Gaia2,,,CCD,,,,,
2019-09-27T02:40:18.048Z,139.79242,24.68489,152,17.0,R,USNOB1,,,CCD,,,,,
2019-09-27T02:42:48.384Z,139.79342,24.68447,A84,18.0,R,Gaia2,,,CCD,,,,,
2019-09-27T02:43:22.944Z,139.79342,24.68469,152,17.0,R,USNOB1,,,CCD,,,,,
2019-09-27T02:46:28.704Z,139.79462,24.68350,A84,17.6,I,Gaia2,,,CCD,,,,,
2019-09-27T03:28:26Z,139.808396,24.672192,K63,17.3,V,UCAC4,0.26,0.27,CCD,,,,,
2019-09-27T03:29:35.520Z,139.80833,24.67222,213,17.0,R,CMC15,,,CCD,K,,,,
2019-09-27T03:33:42Z,139.809912,24.670925,K63,17.2,V,UCAC4,0.37,0.33,CCD,,,,,
2019-09-27T03:33:59.904Z,139.81012,24.67067,A77,17.6,R,UCAC4,,,CCD,K,,,,
2019-09-27T03:38:07.872Z,139.81129,24.66967,L01,18.3,G,Gaia2,,,CCD,,,,,
2019-09-27T03:38:57Z,139.811867,24.669331,K63,17.5,V,UCAC4,0.22,0.21,CCD,,,,,
2019-09-27T03:39:24.336Z,139.81171,24.66933,L01,18.3,G,Gaia2,,,CCD,,,,,
2019-09-27T03:40:01.920Z,139.81200,24.66919,L01,18.3,G,Gaia2,,,CCD,,,,,
2019-09-27T03:41:18.298Z,139.81246,24.66864,L01,18.4,G,Gaia2,,,CCD,,,,,
2019-09-27T03:42:34.675Z,139.81292,24.66850,L01,18.4,G,Gaia2,,,CCD,,,,,
2019-09-27T03:44:53.088Z,139.81338,24.66797,C95,17.4,G,Gaia2,,,CCD,K,,,,
2019-09-27T03:46:18Z,139.814141,24.667333,K63,17.6,V,UCAC4,0.26,0.20,CCD,,,,,
2019-09-27T03:49:52.896Z,139.81488,24.66656,A77,17.7,R,UCAC4,,,CCD,K,,,,
2019-09-27T03:52:37Z,139.815939,24.665600,K63,16.8,V,UCAC4,0.30,0.30,CCD,,,,,
2019-09-27T03:53:39Z,139.816315,24.665570,K63,17.8,G,Gaia2,0.24,0.23,CCD,,,,,
2019-09-27T03:58:49.872Z,139.81787,24.66428,C95,17.4,G,Gaia2,,,CCD,K,,,,
2019-09-27T03:58:55Z,139.817925,24.664088,K63,17.7,G,Gaia2,0.20,0.17,CCD,,,,,
2019-09-27T04:02:28.032Z,139.81896,24.66314,A77,17.7,R,UCAC4,,,CCD,K,,,,
2019-09-27T04:03:38.016Z,139.81938,24.66314,213,17.1,R,CMC15,,,CCD,K,,,,
2019-09-27T04:05:12.192Z,139.82013,24.66256,A77,17.7,V,USNOSA2,,,CCD,K,,,,
2019-09-27T04:06:18Z,139.820117,24.662033,K63,16.7,G,Gaia2,0.33,0.31,CCD,,,,,
2019-09-27T04:12:46.742Z,139.82229,24.66058,C95,17.4,G,Gaia2,,,CCD,K,,,,
2019-09-27T04:16:24.384Z,139.82417,24.65928,J57,18.3,R,UCAC4,,,CCD,K,,,,
2019-09-27T04:17:02.400Z,139.82404,24.65947,A77,17.7,V,USNOSA2,,,CCD,K,,,,
2019-09-27T04:24:08.352Z,139.82625,24.65753,A77,17.7,V,USNOSA2,,,CCD,K,,,,
2019-09-27T04:26:43.613Z,139.82696,24.65675,C95,17.7,G,Gaia2,,,CCD,K,,,,
2019-09-27T04:29:47.904Z,139.82837,24.65572,J57,18.2,R,UCAC4,,,CCD,K,,,,
2019-09-27T04:34:49.440Z,139.82962,24.65483,213,17.0,R,CMC15,,,CCD,K,,,,
2019-09-27T04:43:09.696Z,139.83258,24.65228,J57,17.1,R,UCAC4,,,CCD,K,,,,
2019-09-27T05:30:07.114Z,139.847629,24.640044,J04,17.9,G,Gaia2,,,CCD,K,,,,
2019-09-27T05:36:38.246Z,139.849662,24.638306,J04,18.6,G,Gaia2,,,CCD,K,,,,
2019-09-27T05:43:09.206Z,139.851808,24.636572,J04,18.0,G,Gaia2,,,CCD,K,,,,
2019-09-27T09:21:58.464Z,139.92237,24.57792,850,17.5,V,UCAC3,,,CCD,K,,,,
2019-09-27T09:43:05.952Z,139.92950,24.57250,850,17.3,V,UCAC3,,,CCD,K,,,,
2019-09-27T10:04:06.528Z,139.93604,24.56692,850,17.4,V,UCAC3,,,CCD,K,,,,
2019-09-27T10:25:01.920Z,139.94296,24.56133,850,17.3,V,UCAC3,,,CCD,K,,,,
2019-09-28T01:34:23.520Z,140.23646,24.31678,A98,16.8,R,UCAC4,,,CCD,,,,,
2019-09-28T01:36:07.200Z,140.23713,24.31669,A98,16.8,R,UCAC4,,,CCD,,,,,
2019-09-28T01:41:17.376Z,140.23904,24.31542,A98,17.2,R,UCAC4,,,CCD,,,,,
2019-09-28T01:43:01.056Z,140.23938,24.31464,A98,16.8,R,UCAC4,,,CCD,,,,,
2019-09-28T02:15:05.184Z,140.24958,24.30639,A84,19.5,UNK,Gaia2,,,CCD,,,,,
2019-09-28T02:17:43.296Z,140.25012,24.30575,069,16.2,R,USNOB1,,,CCD,,,,,
2019-09-28T02:18:30.816Z,140.25079,24.30539,A84,18.6,V,Gaia2,,,CCD,,,,,
2019-09-28T02:21:56.448Z,140.25183,24.30453,A84,18.2,R,Gaia2,,,CCD,,,,,
2019-09-28T02:25:21.216Z,140.25292,24.30364,A84,17.8,I,Gaia2,,,CCD,,,,,
2019-09-28T02:26:30.336Z,140.25267,24.30372,069,16.1,R,USNOB1,,,CCD,,,,,
2019-09-28T02:31:23.232Z,140.25483,24.30189,152,17.9,R,USNOB1,,,CCD,,,,,
2019-09-28T02:32:11.616Z,140.25517,24.30175,A84,18.6,V,Gaia2,,,CCD,,,,,
2019-09-28T02:33:23.328Z,140.25558,24.30100,152,18.1,R,USNOB1,,,CCD,,,,,
2019-09-28T02:35:36.384Z,140.25625,24.30083,A84,18.2,R,Gaia2,,,CCD,,,,,
2019-09-28T02:35:45.888Z,140.25637,24.30064,152,18.0,R,USNOB1,,,CCD,,,,,
2019-09-28T02:37:12.288Z,140.25675,24.30025,152,17.8,R,USNOB1,,,CCD,,,,,
2019-09-28T02:38:23.136Z,140.25717,24.29981,152,17.7,R,USNOB1,,,CCD,,,,,
2019-09-28T02:38:53.376Z,140.25675,24.30022,069,16.2,R,USNOB1,,,CCD,,,,,
2019-09-28T02:39:01.152Z,140.25729,24.30000,A84,17.9,I,Gaia2,,,CCD,,,,,
2019-09-28T02:39:35.712Z,140.25729,24.29950,152,18.0,R,USNOB1,,,CCD,,,,,
2019-09-28T02:40:57.792Z,140.25813,24.29917,152,17.9,R,USNOB1,,,CCD,,,,,
2019-09-28T02:42:25.920Z,140.25842,24.29903,A84,19.8,UNK,Gaia2,,,CCD,,,,,
2019-09-28T02:43:03.936Z,140.25862,24.29878,152,17.4,R,USNOB1,,,CCD,,,,,
2019-09-28T02:44:43.296Z,140.25925,24.29831,152,17.9,R,USNOB1,,,CCD,,,,,
2019-09-28T02:45:51.552Z,140.25950,24.29811,A84,18.7,V,Gaia2,,,CCD,,,,,
2019-09-28T02:45:53.280Z,140.25946,24.29803,152,17.8,R,USNOB1,,,CCD,,,,,
2019-09-28T02:46:56.352Z,140.25979,24.29792,152,17.7,R,USNOB1,,,CCD,,,,,
2019-09-28T02:48:19.296Z,140.26033,24.29742,152,18.2,R,USNOB1,,,CCD,,,,,
2019-09-28T02:49:16.320Z,140.26067,24.29717,A84,18.1,R,Gaia2,,,CCD,,,,,
2019-09-28T02:49:29.280Z,140.26067,24.29667,152,17.5,R,USNOB1,,,CCD,,,,,
2019-09-28T02:50:38.400Z,140.26083,24.29669,152,17.7,R,USNOB1,,,CCD,,,,,
2019-09-28T02:52:07.392Z,140.26133,24.29619,152,18.0,R,USNOB1,,,CCD,,,,,
2019-09-28T02:54:27.360Z,140.26221,24.29567,152,17.7,R,USNOB1,,,CCD,,,,,
2019-09-28T02:55:54.624Z,140.26271,24.29539,152,17.6,R,USNOB1,,,CCD,,,,,
2019-09-28T02:57:16.704Z,140.26317,24.29478,152,18.0,R,USNOB1,,,CCD,,,,,
2019-09-28T02:59:53.952Z,140.26392,24.29433,152,17.9,R,USNOB1,,,CCD,,,,,
2019-09-28T03:53:28.032Z,140.28133,24.27975,A77,17.5,R,UCAC4,,,CCD,K,,,,
2019-09-28T04:17:28.320Z,140.28892,24.27339,A77,17.6,R,UCAC4,,,CCD,K,,,,
2019-09-28T05:15:22Z,140.30781,24.25777,G40,18.2,G,Gaia2,0.22,0.23,CCD,K,,,,
2019-09-28T05:25:06.787Z,140.311113,24.255144,J04,18.0,G,Gaia2,,,CCD,K,,,,
2019-09-28T05:31:37.315Z,140.313212,24.253444,J04,18.1,G,Gaia2,,,CCD,K,,,,
2019-09-28T05:35:24Z,140.31441,24.25244,G40,18.3,G,Gaia2,0.19,0.17,CCD,K,,,,
2019-09-28T05:38:08.448Z,140.315304,24.251706,J04,17.6,G,Gaia2,,,CCD,K,,,,
2019-09-28T07:35:00.067Z,140.352625,24.220194,C53,,,2MASS,0.25,0.25,CCD,,ICRF_KM,-2165.4700,6212.1166,2793.8491
2019-09-28T07:38:10.061Z,140.353542,24.219333,C53,,,2MASS,0.25,0.25,CCD,,ICRF_KM,-1727.5173,5650.6816,4019.6151
2019-09-28T07:41:20.141Z,140.354583,24.218306,C53,,,2MASS,0.25,0.25,CCD,,ICRF_KM,-1221.5949,4867.1423,5087.4050
2019-09-28T09:14:10.090Z,140.384750,24.193417,C53,,,2MASS,0.25,0.25,CCD,,ICRF_KM,-2326.3067,6367.4235,2266.3403
2019-09-28T09:17:20.083Z,140.385792,24.192611,C53,,,2MASS,0.25,0.25,CCD,,ICRF_KM,-1920.0543,5902.4633,3542.8072
2019-09-28T09:20:30.163Z,140.386833,24.191639,C53,,,2MASS,0.25,0.25,CCD,,ICRF_KM,-1438.3518,5205.5526,4679.7119
2019-09-28T09:44:22.848Z,140.39442,24.18539,850,17.3,V,UCAC4,,,CCD,K,,,,
2019-09-28T10:05:32.064Z,140.40162,24.17947,850,17.6,V,UCAC4,,,CCD,K,,,,
2019-09-28T10:26:19.680Z,140.40825,24.17389,850,17.7,V,UCAC4,,,CCD,K,,,,
2019-09-28T10:56:20.083Z,140.417333,24.165500,C53,,,2MASS,0.25,0.25,CCD,,ICRF_KM,-2122.6872,6141.7538,2976.2551
2019-09-28T10:59:30.163Z,140.418083,24.164333,C53,,,2MASS,0.25,0.25,CCD,,ICRF_KM,-1672.4544,5548.0794,4182.5864
2019-09-28T11:02:40.157Z,140.419083,24.163500,C53,,,2MASS,0.25,0.25,CCD,,ICRF_KM,-1156.5363,4736.4968,5224.2205
2019-09-28T17:20:00.067Z,140.541750,24.062833,C53,,,2MASS,0.25,0.25,CCD,,ICRF_KM,-2796.3326,4752.3864,-4559.0128
2019-09-28T17:23:10.061Z,140.542750,24.062083,C53,,,2MASS,0.25,0.25,CCD,,ICRF_KM,-2952.5100,5555.8414,-3403.5033
2019-09-28T17:26:20.141Z,140.543625,24.061306,C53,,,2MASS,0.25,0.25,CCD,,ICRF_KM,-2993.0124,6141.7577,-2113.9824
2019-09-29T01:52:39.072Z,140.70729,23.92183,A84,19.1,UNK,Gaia2,,,CCD,,,,,
2019-09-29T01:56:04.704Z,140.70837,23.92094,A84,18.5,V,Gaia2,,,CCD,,,,,
2019-09-29T01:59:44.160Z,140.70958,23.91989,A84,18.0,R,Gaia2,,,CCD,,,,,
2019-09-29T02:03:09.792Z,140.71063,23.91900,A84,17.6,I,Gaia2,,,CCD,,,,,
2019-09-29T02:06:34.560Z,140.71171,23.91808,A84,19.3,UNK,Gaia2,,,CCD,,,,,
2019-09-29T02:09:59.328Z,140.71283,23.91711,A84,18.4,V,Gaia2,,,CCD,,,,,
2019-09-29T02:13:24.096Z,140.71396,23.91622,A84,18.1,R,Gaia2,,,CCD,,,,,
2019-09-29T02:16:48.864Z,140.71504,23.91528,A84,17.6,I,Gaia2,,,CCD,,,,,
2019-09-29T02:20:14.496Z,140.71613,23.91433,A84,19.2,UNK,Gaia2,,,CCD,,,,,
2019-09-29T02:23:39.264Z,140.71725,23.91342,A84,18.5,V,Gaia2,,,CCD,,,,,
2019-09-29T02:27:04.032Z,140.71829,23.91253,A84,18.0,R,Gaia2,,,CCD,,,,,
2019-09-29T02:30:28.800Z,140.71946,23.91153,A84,17.6,I,Gaia2,,,CCD,,,,,
2019-09-29T02:33:52.704Z,140.72050,23.91069,A84,19.1,UNK,Gaia2,,,CCD,,,,,
2019-09-29T02:37:42.528Z,140.72175,23.90958,A84,18.5,V,Gaia2,,,CCD,,,,,
2019-09-29T02:41:07.296Z,140.72283,23.90864,A84,18.0,R,Gaia2,,,CCD,,,,,
2019-09-29T02:44:32.064Z,140.72392,23.90775,A84,17.6,I,Gaia2,,,CCD,,,,,
2019-09-29T03:06:51.264Z,140.73104,23.90164,104,17.1,G,Gaia2,,,CCD,K,,,,
2019-09-29T03:20:43.296Z,140.73571,23.89764,204,18.1,G,Gaia2,,,CCD,K,,,,
2019-09-29T03:33:42.624Z,140.73975,23.89433,104,17.3,G,Gaia2,,,CCD,K,,,,
2019-09-29T03:36:25.920Z,140.74079,23.89336,A77,17.0,V,UCAC4,,,CCD,K,,,,
2019-09-29T03:37:50.592Z,140.74113,23.89308,204,,,Gaia2,,,CCD,K,,,,
2019-09-29T03:43:50.016Z,140.74321,23.89131,A77,17.5,V,UCAC4,,,CCD,K,,,,
2019-09-29T03:48:10.944Z,140.74454,23.89022,A77,16.9,R,Gaia2,,,CCD,K,,,,
2019-09-29T03:48:31.680Z,140.74475,23.89006,A77,17.5,R,UCAC4,,,CCD,K,,,,
2019-09-29T03:51:14.112Z,140.74563,23.88931,A77,17.5,V,UCAC4,,,CCD,K,,,,
2019-09-29T03:53:12.480Z,140.74596,23.88889,204,,,Gaia2,,,CCD,K,,,,
2019-09-29T04:00:33.984Z,140.74842,23.88694,104,17.3,G,Gaia2,,,CCD,K,,,,
2019-09-29T04:00:45.216Z,140.74875,23.88672,A77,17.5,R,UCAC4,,,CCD,K,,,,
2019-09-29T04:11:13.344Z,140.75200,23.88397,A77,17.5,R,UCAC4,,,CCD,K,,,,
2019-09-29T04:20:10.752Z,140.75454,23.88206,A77,16.7,R,Gaia2,,,CCD,K,,,,
2019-09-29T04:31:58.368Z,140.75862,23.87836,J01,17.0,R,CMC15,,,CCD,K,,,,
2019-09-29T04:42:43.776Z,140.76200,23.87556,J01,16.8,R,CMC15,,,CCD,K,,,,
2019-09-29T04:53:29.184Z,140.76538,23.87272,J01,16.9,R,CMC15,,,CCD,K,,,,
2019-09-29T05:20:16.138Z,140.774383,23.865197,J04,18.2,G,Gaia2,,,CCD,K,,,,
2019-09-29T05:22:23.232Z,140.77525,23.86444,J47,17.4,R,CMC15,,,CCD,K,,,,
2019-09-29T05:26:47.098Z,140.776450,23.863456,J04,17.5,G,Gaia2,,,CCD,K,,,,
2019-09-29T05:29:21.408Z,140.77729,23.86269,J47,17.5,R,CMC15,,,CCD,K,,,,
2019-09-29T05:33:18.144Z,140.778500,23.861681,J04,18.2,G,Gaia2,,,CCD,K,,,,
2019-09-29T05:37:29.568Z,140.77975,23.86044,J47,17.5,R,CMC15,,,CCD,K,,,,
2019-09-29T08:40:00.077Z,140.838250,23.810722,C53,,,2MASS,0.25,0.25,CCD,,ICRF_KM,-2474.3882,6364.6548,2113.2163
2019-09-29T08:43:10.070Z,140.839375,23.809806,C53,,,2MASS,0.25,0.25,CCD,,ICRF_KM,-2070.7952,5934.5906,3402.2538
2019-09-29T08:46:20.064Z,140.840583,23.808750,C53,,,2MASS,0.25,0.25,CCD,,ICRF_KM,-1585.7389,5271.2457,4557.6098
2019-09-29T10:32:40.186Z,140.874833,23.779333,C53,,,2MASS,0.25,0.25,CCD,,ICRF_KM,-538.3150,3511.8907,6200.4969
2019-09-29T10:35:50.266Z,140.875792,23.778389,C53,,,2MASS,0.25,0.25,CCD,,ICRF_KM,67.6703,2353.8499,6747.6887
2019-09-29T10:39:00.259Z,140.876792,23.777361,C53,,,2MASS,0.25,0.25,CCD,,ICRF_KM,671.0058,1103.6791,7030.1338
2019-09-29T12:05:50.266Z,140.904583,23.754111,C53,,,2MASS,0.25,0.25,CCD,,ICRF_KM,-1819.6367,5583.4962,4073.2870
2019-09-29T12:12:10.339Z,140.906583,23.752417,C53,,,2MASS,0.25,0.25,CCD,,ICRF_KM,-719.8175,3830.0504,5990.1229
2019-09-29T12:15:20.333Z,140.907417,23.751472,C53,,,2MASS,0.25,0.25,CCD,,ICRF_KM,-116.2874,2709.0349,6612.2438
2019-09-29T13:45:50.227Z,140.936458,23.726889,C53,,,2MASS,0.25,0.25,CCD,,ICRF_KM,-1894.7984,5673.7378,3911.1021
2019-09-29T13:49:00.307Z,140.937292,23.726056,C53,,,2MASS,0.25,0.25,CCD,,ICRF_KM,-1378.2213,4920.8401,4995.6114
2019-09-29T15:16:20.122Z,140.966208,23.702389,C53,,,2MASS,0.25,0.25,CCD,,ICRF_KM,-2964.9104,6501.0571,-264.2301
2019-09-29T15:19:30.115Z,140.967042,23.701694,C53,,,2MASS,0.25,0.25,CCD,,ICRF_KM,-2735.9334,6506.3965,1134.9688
2019-09-30T01:35:46.982Z,141.16658,23.53117,L54,16.2,R,Gaia2,,,CCD,,,,,
2019-09-30T01:37:59.002Z,141.16692,23.52997,L54,15.7,R,Gaia2,,,CCD,,,,,
2019-09-30T01:51:36.000Z,141.17137,23.52619,L04,17.8,V,PPMXL,,,CCD,K,,,,
2019-09-30T02:19:40.800Z,141.18037,23.51856,L04,17.5,V,PPMXL,,,CCD,K,,,,
2019-09-30T02:47:53.376Z,141.18942,23.51075,L04,17.5,V,PPMXL,,,CCD,K,,,,
2019-09-30T03:06:04.94Z,141.19522,23.50585,J95,18.2,G,Gaia2,0.25,0.25,CCD,K,,,,
2019-09-30T03:14:19.680Z,141.19792,23.50342,470,17.9,R,Gaia1,,,CCD,K,,,,
2019-09-30T03:15:48.69Z,141.19844,23.50303,J95,,,Gaia2,0.34,0.34,CCD,hK,,,,
2019-09-30T03:19:30.720Z,141.19942,23.50228,470,17.5,R,Gaia1,,,CCD,K,,,,
2019-09-30T03:24:39.168Z,141.20142,23.50050,470,18.1,R,Gaia1,,,CCD,K,,,,
2019-09-30T03:25:50.016Z,141.20171,23.50025,970,16.9,R,UCAC4,,,CCD,K,,,,
2019-09-30T03:51:45.216Z,141.21008,23.49319,970,16.9,R,UCAC4,,,CCD,K,,,,
2019-09-30T03:57:34.272Z,141.21217,23.49139,A77,17.5,R,UCAC4,,,CCD,K,,,,
2019-09-30T04:14:18.240Z,141.21700,23.48700,970,16.8,R,UCAC4,,,CCD,K,,,,
2019-09-30T04:17:45.600Z,141.21858,23.48581,586,17.6,R,Gaia2,,,CCD,,,,,
2019-09-30T04:18:21.024Z,141.21863,23.48581,A77,17.5,R,UCAC4,,,CCD,K,,,,
2019-09-30T04:19:49.152Z,141.21921,23.48525,586,17.4,R,Gaia2,,,CCD,,,,,
2019-09-30T04:21:50.976Z,141.21988,23.48461,586,17.6,R,Gaia2,,,CCD,,,,,
2019-09-30T04:23:52.800Z,141.22050,23.48414,586,17.5,R,Gaia2,,,CCD,,,,,
2019-09-30T04:25:54.624Z,141.22108,23.48361,586,17.4,R,Gaia2,,,CCD,,,,,
2019-09-30T04:27:57.312Z,141.22179,23.48306,586,17.6,R,Gaia2,,,CCD,,,,,
2019-09-30T04:29:59.136Z,141.22242,23.48239,586,17.5,R,Gaia2,,,CCD,,,,,
2019-09-30T04:30:00.086Z,141.222333,23.483083,C53,,,2MASS,0.25,0.25,CCD,,ICRF_KM,-2963.9106,4875.7689,-4315.6828
2019-09-30T04:32:00.960Z,141.22292,23.48206,586,17.2,R,Gaia2,,,CCD,,,,,
2019-09-30T04:34:02.784Z,141.22371,23.48128,586,17.6,R,Gaia2,,,CCD,,,,,
2019-09-30T04:36:04.608Z,141.22446,23.48069,586,17.5,R,Gaia2,,,CCD,,,,,
2019-09-30T04:36:20.074Z,141.224000,23.481083,C53,,,2MASS,0.25,0.25,CCD,,ICRF_KM,-3141.6089,6163.3285,-1813.8566
2019-09-30T04:42:40.234Z,141.225833,23.479222,C53,,,2MASS,0.25,0.25,CCD,,ICRF_KM,-2830.8708,6492.7352,970.8485
2019-09-30T06:10:00.048Z,141.254417,23.455583,C53,,,2MASS,0.25,0.25,CCD,,ICRF_KM,-2939.4103,4750.9802,-4469.2375
2019-09-30T06:16:20.122Z,141.256417,23.453694,C53,,,2MASS,0.25,0.25,CCD,,ICRF_KM,-3152.5679,6099.2147,-2002.5617
2019-09-30T06:22:40.195Z,141.258583,23.451833,C53,,,2MASS,0.25,0.25,CCD,,ICRF_KM,-2875.6684,6499.4131,776.3496
2019-09-30T10:18:33Z,141.33478,23.38635,W34,17.3,G,Gaia2,0.22,0.21,CCD,K,,,,
2019-09-30T10:23:25Z,141.33623,23.38491,W34,17.4,G,Gaia2,0.30,0.30,CCD,K,,,,
2019-09-30T10:28:20Z,141.33789,23.38314,W34,17.6,G,Gaia2,0.28,0.27,CCD,K,,,,
2019-09-30T10:33:17Z,141.33921,23.38164,W34,17.5,G,Gaia2,0.16,0.15,CCD,K,,,,
2019-09-30T11:25:50.246Z,141.356083,23.367444,C53,,,2MASS,0.25,0.25,CCD,,ICRF_KM,-2730.3839,6414.9664,1581.3090
2019-09-30T11:32:10.320Z,141.358042,23.365556,C53,,,2MASS,0.25,0.25,CCD,,ICRF_KM,-1890.9085,5523.1159,4123.3093
2019-09-30T13:02:40.214Z,141.387250,23.340889,C53,,,2MASS,0.25,0.25,CCD,,ICRF_KM,-3032.3520,6475.2787,-5.7327
2019-09-30T13:09:00.288Z,141.389250,23.338611,C53,,,2MASS,0.25,0.25,CCD,,ICRF_KM,-2422.6844,6146.0473,2729.5953
2019-09-30T14:30:00.029Z,141.415500,23.316778,C53,,,2MASS,0.25,0.25,CCD,,ICRF_KM,-2777.9201,4075.3595,-5183.8805
2019-09-30T14:36:20.102Z,141.417708,23.314889,C53,,,2MASS,0.25,0.25,CCD,,ICRF_KM,-3167.8779,5709.1806,-2920.6756
2019-09-30T14:42:40.176Z,141.419542,23.312917,C53,,,2MASS,0.25,0.25,CCD,,ICRF_KM,-3065.8435,6456.3591,-202.5885
2019-09-30T18:43:31.008Z,141.49767,23.24533,D95,,,UCAC4,,,CCD,,,,,
2019-09-30T18:54:16.416Z,141.50100,23.24233,D95,,,UCAC4,,,CCD,,,,,
2019-09-30T19:08:36.096Z,141.50579,23.23836,D95,16.6,R,UCAC4,,,CCD,,,,,
2019-10-01T00:35:00.038Z,141.610625,23.147444,C53,,,2MASS,0.25,0.25,CCD,,ICRF_KM,-3011.3605,4749.0341,-4422.9594
2019-10-01T00:41:20.112Z,141.612500,23.145611,C53,,,2MASS,0.25,0.25,CCD,,ICRF_KM,-3231.8754,6076.1538,-1945.4601
2019-10-01T00:47:40.186Z,141.614583,23.143389,C53,,,2MASS,0.25,0.25,CCD,,ICRF_KM,-2950.0295,6458.8212,835.3852
2019-10-01T02:12:28.800Z,141.64196,23.11967,K74,17.1,R,Gaia2,,,CCD,K,,,,
2019-10-01T02:14:09.888Z,141.64279,23.11925,A84,17.5,I,Gaia2,,,CCD,,,,,
2019-10-01T02:14:12.480Z,141.64229,23.11942,K74,16.8,R,UCAC4,,,CCD,K,,,,
2019-10-01T02:17:05.280Z,141.64304,23.11867,K74,16.2,R,UCAC4,,,CCD,K,,,,
2019-10-01T02:17:49.344Z,141.64396,23.11822,A84,17.9,R,Gaia2,,,CCD,,,,,
2019-10-01T02:19:52.896Z,141.64413,23.11792,K74,16.8,R,UCAC4,,,CCD,K,,,,
2019-10-01T02:21:33.120Z,141.64463,23.11769,K74,16.7,R,Gaia2,,,CCD,,,,,
2019-10-01T02:22:03.360Z,141.64533,23.11703,A84,18.4,V,Gaia2,,,CCD,,,,,
2019-10-01T02:25:28.128Z,141.64646,23.11606,A84,19.1,UNK,Gaia2,,,CCD,,,,,
2019-10-01T02:28:52.896Z,141.64754,23.11511,A84,17.5,I,Gaia2,,,CCD,,,,,
2019-10-01T02:30:03.744Z,141.64792,23.11447,K61,16.4,R,Gaia2,,,CCD,K,,,,
2019-10-01T02:32:58.272Z,141.64883,23.11397,A84,17.9,R,Gaia2,,,CCD,,,,,
2019-10-01T02:36:23.040Z,141.64992,23.11303,A84,18.4,V,Gaia2,,,CCD,,,,,
2019-10-01T02:37:16.608Z,141.65000,23.11269,A71,18.0,V,PPMXL,,,CCD,K,,,,
2019-10-01T02:39:48.672Z,141.65100,23.11206,A84,19.1,UNK,Gaia2,,,CCD,,,,,
2019-10-01T02:43:19.488Z,141.65229,23.11117,K61,17.7,R,Gaia2,,,CCD,K,,,,
2019-10-01T02:43:22.944Z,141.65212,23.11108,A84,17.5,I,Gaia2,,,CCD,,,,,
2019-10-01T02:47:20.544Z,141.65342,23.11000,A84,18.0,R,Gaia2,,,CCD,,,,,
2019-10-01T02:48:39.168Z,141.65363,23.10972,A71,17.8,V,PPMXL,,,CCD,K,,,,
2019-10-01T02:50:45.312Z,141.65450,23.10903,A84,18.4,V,Gaia2,,,CCD,,,,,
2019-10-01T02:54:10.080Z,141.65558,23.10811,A84,19.0,UNK,Gaia2,,,CCD,,,,,
2019-10-01T02:55:33.888Z,141.65617,23.10742,K61,16.1,R,Gaia2,,,CCD,K,,,,
2019-10-01T03:00:27.648Z,141.65792,23.10606,A71,18.5,V,PPMXL,,,CCD,K,,,,
2019-10-01T03:01:44.544Z,141.65800,23.10583,K61,15.9,R,Gaia2,,,CCD,K,,,,
2019-10-01T03:04:29.568Z,141.65887,23.10503,118,,,Gaia2,,,CCD,K,,,,
2019-10-01T03:11:04.243Z,141.66096,23.10336,C95,17.0,G,Gaia2,,,CCD,K,,,,
2019-10-01T03:14:04.128Z,141.66233,23.10261,K61,17.2,R,Gaia2,,,CCD,K,,,,
2019-10-01T03:14:37.824Z,141.66208,23.10231,118,,,Gaia2,,,CCD,K,,,,
2019-10-01T03:15:23.616Z,141.66288,23.10217,K61,17.3,R,Gaia2,,,CCD,K,,,,
2019-10-01T03:18:10.368Z,141.66329,23.10122,215,18.1,R,UCAC4,,,CCD,K,,,,
2019-10-01T03:18:32.832Z,141.66342,23.10114,215,18.1,R,UCAC4,,,CCD,K,,,,
2019-10-01T03:20:23.424Z,141.66392,23.10067,215,18.3,R,UCAC4,,,CCD,K,,,,
2019-10-01T03:21:31.680Z,141.66425,23.10031,A71,17.9,V,PPMXL,,,CCD,K,,,,
2019-10-01T03:22:14.016Z,141.66433,23.10031,215,18.0,R,UCAC4,,,CCD,K,,,,
2019-10-01T03:22:36.480Z,141.66454,23.10000,215,17.9,R,UCAC4,,,CCD,K,,,,
2019-10-01T03:24:45.216Z,141.66533,23.09933,118,,,Gaia2,,,CCD,K,,,,
2019-10-01T03:26:42.979Z,141.66600,23.09892,C95,17.5,G,Gaia2,,,CCD,K,,,,
2019-10-01T03:32:03.264Z,141.66742,23.09769,A71,17.7,V,PPMXL,,,CCD,K,,,,
2019-10-01T03:42:21.629Z,141.67113,23.09444,C95,17.6,G,Gaia2,,,CCD,K,,,,
2019-10-01T03:54:16.416Z,141.67492,23.09117,511,18.2,R,Gaia2,,,CCD,,,,,
2019-10-01T03:55:00.048Z,141.674583,23.092083,C53,,,2MASS,0.25,0.25,CCD,,ICRF_KM,-2952.0813,4490.6146,-4723.0790
2019-10-01T03:56:09.600Z,141.67554,23.09058,511,18.2,R,Gaia2,,,CCD,,,,,
2019-10-01T03:58:00.365Z,141.67600,23.09022,C95,17.5,G,Gaia2,,,CCD,K,,,,
2019-10-01T03:58:02.784Z,141.67617,23.09003,511,18.2,R,Gaia2,,,CCD,,,,,
2019-10-01T04:01:20.122Z,141.676625,23.090222,C53,,,2MASS,0.25,0.25,CCD,,ICRF_KM,-3245.4207,5935.8978,-2320.6672
2019-10-01T04:07:40.195Z,141.678500,23.088361,C53,,,2MASS,0.25,0.25,CCD,,ICRF_KM,-3034.4154,6458.7997,443.4315
2019-10-01T04:08:49.056Z,141.67958,23.08703,511,18.2,R,Gaia2,,,CCD,,,,,
2019-10-01T04:10:42.240Z,141.68025,23.08650,511,18.1,R,Gaia2,,,CCD,,,,,
2019-10-01T04:13:20.352Z,141.68104,23.08575,511,18.2,R,Gaia2,,,CCD,,,,,
2019-10-01T04:14:00.269Z,141.680000,23.086611,C53,,,2MASS,0.25,0.25,CCD,,ICRF_KM,-2351.0637,5976.3193,3138.2885
2019-10-01T04:15:13.536Z,141.68171,23.08522,511,18.2,R,Gaia2,,,CCD,,,,,
2019-10-01T04:17:05.856Z,141.68229,23.08469,511,18.2,R,Gaia2,,,CCD,,,,,
2019-10-01T05:25:46Z,141.70446,23.06572,G40,17.5,V,UCAC4,0.27,0.29,CCD,K,,,,
2019-10-01T05:45:33Z,141.71081,23.06024,G40,17.4,V,UCAC4,0.25,0.26,CCD,K,,,,
2019-10-01T05:55:33Z,141.71423,23.05741,G40,18.0,V,UCAC4,0.18,0.21,CCD,K,,,,
2019-10-01T09:43:31.872Z,141.78754,22.99306,850,17.9,V,UCAC4,,,CCD,K,,,,
2019-10-01T10:02:44.448Z,141.79379,22.98800,850,17.7,V,UCAC4,,,CCD,K,,,,
2019-10-01T10:21:45.792Z,141.79946,22.98283,850,17.5,V,UCAC4,,,CCD,K,,,,
2019-10-01T11:39:02.016Z,141.82492,22.96042,I41,17.41,R,Gaia1,,,CCD,,,,,
2019-10-01T12:31:51.168Z,141.84183,22.94575,U69,,,Gaia2,,,CCD,,,,,
2019-10-01T12:38:26.880Z,141.84387,22.94381,U69,17.2,G,Gaia2,,,CCD,,,,,
2019-10-01T17:20:00.067Z,141.934458,22.864944,C53,,,2MASS,0.25,0.25,CCD,,ICRF_KM,-3110.0443,4865.8824,-4222.2389
2019-10-01T17:26:20.141Z,141.936500,22.863028,C53,,,2MASS,0.25,0.25,CCD,,ICRF_KM,-3300.4517,6112.1741,-1700.3253
2019-10-01T19:12:40.176Z,141.970833,22.832806,C53,,,2MASS,0.25,0.25,CCD,,ICRF_KM,-3023.8411,6416.6471,892.7921
2019-10-01T19:15:50.256Z,141.971708,22.831833,C53,,,2MASS,0.25,0.25,CCD,,ICRF_KM,-2697.8481,6222.4732,2258.9406
2019-10-01T19:19:00.250Z,141.973208,22.830861,C53,,,2MASS,0.25,0.25,CCD,,ICRF_KM,-2265.8119,5783.7190,3536.0710
2019-10-01T20:55:50.218Z,142.003083,22.804611,C53,,,2MASS,0.25,0.25,CCD,,ICRF_KM,-2757.4661,6261.3006,2072.6683
2019-10-01T20:59:00.298Z,142.003875,22.803722,C53,,,2MASS,0.25,0.25,CCD,,ICRF_KM,-2338.8070,5856.3253,3365.3167
2019-10-01T21:02:10.291Z,142.004583,22.803167,C53,,,2MASS,0.25,0.25,CCD,,ICRF_KM,-1828.2624,5221.2772,4525.4198
2019-10-02T02:04:20.640Z,142.10325,22.71578,L04,17.9,V,PPMXL,,,CCD,K,,,,
2019-10-02T02:18:42.048Z,142.10796,22.71161,A84,17.5,I,Gaia2,,,CCD,,,,,
2019-10-02T02:18:44.640Z,142.10788,22.71164,L04,18.1,V,PPMXL,,,CCD,K,,,,
2019-10-02T02:19:45.984Z,142.10829,22.71133,A84,17.6,I,Gaia2,,,CCD,,,,,
2019-10-02T02:20:49.056Z,142.10863,22.71106,A84,17.5,I,Gaia2,,,CCD,,,,,
2019-10-02T02:21:52.992Z,142.10892,22.71075,A84,17.5,I,Gaia2,,,CCD,,,,,
2019-10-02T02:22:56.928Z,142.10933,22.71042,A84,17.5,I,Gaia2,,,CCD,,,,,
2019-10-02T02:24:00.864Z,142.10967,22.71014,A84,17.5,I,Gaia2,,,CCD,,,,,
2019-10-02T02:24:25.056Z,142.10979,22.71003,585,17.3,R,UCAC4,,,CCD,K,,,,
2019-10-02T02:25:03.936Z,142.11000,22.70981,A84,17.5,I,Gaia2,,,CCD,,,,,
2019-10-02T02:25:27.264Z,142.10987,22.70994,585,17.2,R,UCAC4,,,CCD,K,,,,
2019-10-02T02:26:07.872Z,142.11033,22.70953,A84,17.5,I,Gaia2,,,CCD,,,,,
2019-10-02T02:26:29.472Z,142.11042,22.70944,585,17.1,R,UCAC4,,,CCD,K,,,,
2019-10-02T02:27:11.808Z,142.11071,22.70922,A84,17.4,I,Gaia2,,,CCD,,,,,
2019-10-02T02:28:34.752Z,142.11113,22.70883,A84,17.5,I,Gaia2,,,CCD,,,,,
2019-10-02T02:29:37.824Z,142.11146,22.70856,A84,17.4,I,Gaia2,,,CCD,,,,,
2019-10-02T02:30:41.760Z,142.11179,22.70825,A84,17.4,I,Gaia2,,,CCD,,,,,
2019-10-02T02:30:56.448Z,142.11183,22.70806,L04,18.2,V,PPMXL,,,CCD,K,,,,
2019-10-02T02:31:45.696Z,142.11212,22.70794,A84,17.4,I,Gaia2,,,CCD,,,,,
2019-10-02T02:32:48.768Z,142.11246,22.70767,A84,17.5,I,Gaia2,,,CCD,,,,,
2019-10-02T02:33:52.704Z,142.11279,22.70733,A84,17.4,I,Gaia2,,,CCD,,,,,
2019-10-02T02:34:56.640Z,142.11317,22.70703,A84,17.4,I,Gaia2,,,CCD,,,,,
2019-10-02T02:37:03.648Z,142.11383,22.70642,A84,17.4,I,Gaia2,,,CCD,,,,,
2019-10-02T02:39:25.344Z,142.11458,22.70575,A84,17.5,I,Gaia2,,,CCD,,,,,
2019-10-02T02:40:28.416Z,142.11492,22.70544,A84,17.5,I,Gaia2,,,CCD,,,,,
2019-10-02T02:41:32.352Z,142.11529,22.70517,A84,17.5,I,Gaia2,,,CCD,,,,,
2019-10-02T02:42:35.424Z,142.11558,22.70489,A84,17.5,I,Gaia2,,,CCD,,,,,
2019-10-02T02:43:39.360Z,142.11596,22.70458,A84,17.5,I,Gaia2,,,CCD,,,,,
2019-10-02T02:44:43.296Z,142.11629,22.70428,A84,17.5,I,Gaia2,,,CCD,,,,,
2019-10-02T02:45:46.368Z,142.11662,22.70400,A84,17.5,I,Gaia2,,,CCD,,,,,
2019-10-02T02:46:50.304Z,142.11700,22.70367,A84,17.4,I,Gaia2,,,CCD,,,,,
2019-10-02T02:47:54.240Z,142.11729,22.70339,A84,17.5,I,Gaia2,,,CCD,,,,,
2019-10-02T02:48:57.312Z,142.11767,22.70308,A84,17.5,I,Gaia2,,,CCD,,,,,
2019-10-02T02:50:21.120Z,142.11808,22.70269,A84,17.5,I,Gaia2,,,CCD,,,,,
2019-10-02T02:51:24.192Z,142.11842,22.70239,A84,17.5,I,Gaia2,,,CCD,,,,,
2019-10-02T02:52:27.264Z,142.11879,22.70206,A84,17.4,I,Gaia2,,,CCD,,,,,
2019-10-02T02:53:31.200Z,142.11908,22.70175,A84,17.5,I,Gaia2,,,CCD,,,,,
2019-10-02T02:54:35.136Z,142.11946,22.70147,A84,17.4,I,Gaia2,,,CCD,,,,,
2019-10-02T02:55:39.072Z,142.11979,22.70114,A84,17.4,I,Gaia2,,,CCD,,,,,
2019-10-02T02:56:42.144Z,142.12013,22.70094,A84,17.5,I,Gaia2,,,CCD,,,,,
2019-10-02T02:57:46.080Z,142.12050,22.70053,A84,17.5,I,Gaia2,,,CCD,,,,,
2019-10-02T02:58:50.016Z,142.12075,22.70025,A84,17.5,I,Gaia2,,,CCD,,,,,
2019-10-02T02:59:53.952Z,142.12108,22.69997,A84,17.5,I,Gaia2,,,CCD,,,,,
2019-10-02T03:48:38.592Z,142.13650,22.68619,970,16.9,R,UCAC4,,,CCD,K,,,,
2019-10-02T03:49:13.152Z,142.13738,22.68564,K02,17.7,R,UCAC4,,,CCD,K,,,,
2019-10-02T03:58:10.560Z,142.13950,22.68350,K02,17.4,R,UCAC4,,,CCD,K,,,,
2019-10-02T04:06:49.824Z,142.14238,22.68117,970,16.8,R,UCAC4,,,CCD,K,,,,
2019-10-02T04:06:53.280Z,142.14250,22.68119,K02,17.2,R,UCAC4,,,CCD,K,,,,
2019-10-02T04:11:06.432Z,142.14425,22.67961,A77,17.6,R,UCAC4,,,CCD,K,,,,
2019-10-02T04:21:45.792Z,142.14775,22.67669,A77,17.6,R,UCAC4,,,CCD,K,,,,
2019-10-02T05:03:10.051Z,142.160292,22.665556,C53,,,2MASS,0.25,0.25,CCD,,ICRF_KM,-3155.4323,4857.7008,-4198.0340
2019-10-02T05:09:30.125Z,142.162500,22.663778,C53,,,2MASS,0.25,0.25,CCD,,ICRF_KM,-3350.7248,6093.1757,-1670.8137
2019-10-02T05:19:00.278Z,142.165292,22.660889,C53,,,2MASS,0.25,0.25,CCD,,ICRF_KM,-2679.2976,6149.2623,2472.0625
2019-10-02T10:23:10.032Z,142.263417,22.573722,C53,,,2MASS,0.25,0.25,CCD,,ICRF_KM,-2300.3670,5727.7452,3605.1521
2019-10-02T10:26:20.112Z,142.264417,22.572778,C53,,,2MASS,0.25,0.25,CCD,,ICRF_KM,-1767.6594,5055.3322,4733.6443
2019-10-02T10:29:30.192Z,142.265375,22.571861,C53,,,2MASS,0.25,0.25,CCD,,ICRF_KM,-1165.6007,4184.5691,5675.9459
2019-10-02T23:23:00.038Z,142.514375,22.351306,C53,,,2MASS,0.25,0.25,CCD,,ICRF_KM,-2690.8083,3290.5451,-5756.2694
2019-10-02T23:35:40.186Z,142.518333,22.347472,C53,,,2MASS,0.25,0.25,CCD,,ICRF_KM,-3407.6990,6189.3718,-1104.8560
2019-10-02T23:42:00.259Z,142.520167,22.345667,C53,,,2MASS,0.25,0.25,CCD,,ICRF_KM,-2979.6484,6277.3573,1682.4385
2019-10-03T03:36:24.192Z,142.59588,22.27786,511,17.8,R,Gaia2,,,CCD,,,,,
2019-10-03T03:37:09.984Z,142.59663,22.27739,A77,17.0,V,UCAC4,,,CCD,K,,,,
2019-10-03T03:38:26.880Z,142.59658,22.27725,511,17.8,R,Gaia2,,,CCD,,,,,
2019-10-03T03:40:30.432Z,142.59725,22.27669,511,17.8,R,Gaia2,,,CCD,,,,,
2019-10-03T03:42:33.120Z,142.59792,22.27617,511,17.8,R,Gaia2,,,CCD,,,,,
2019-10-03T03:44:35.808Z,142.59858,22.27550,511,17.8,R,Gaia2,,,CCD,,,,,
2019-10-03T03:46:38.496Z,142.59925,22.27500,511,17.7,R,Gaia2,,,CCD,,,,,
2019-10-03T03:48:41.184Z,142.59983,22.27425,511,17.8,R,Gaia2,,,CCD,,,,,
2019-10-03T03:50:43.872Z,142.60050,22.27361,511,17.8,R,Gaia2,,,CCD,,,,,
2019-10-03T03:52:46.560Z,142.60129,22.27308,511,17.7,R,Gaia2,,,CCD,,,,,
2019-10-03T03:53:48.768Z,142.60196,22.27275,A77,16.4,V,UCAC4,,,CCD,K,,,,
2019-10-03T03:54:49.248Z,142.60179,22.27256,511,17.7,R,Gaia2,,,CCD,,,,,
2019-10-03T03:56:51.936Z,142.60250,22.27208,511,17.5,R,Gaia2,,,CCD,,,,,
2019-10-03T04:10:28.416Z,142.60713,22.26772,A77,16.5,V,UCAC4,,,CCD,K,,,,
2019-10-03T09:28:32.448Z,142.70913,22.17628,850,17.9,V,UCAC4,,,CCD,K,,,,
2019-10-03T09:44:11.616Z,142.71425,22.17206,850,17.8,V,UCAC4,,,CCD,K,,,,
2019-10-03T09:59:50.784Z,142.71958,22.16742,850,17.6,V,UCAC4,,,CCD,K,,,,
2019-10-03T18:10:50.246Z,142.877000,22.025250,C53,,,2MASS,0.25,0.25,CCD,,ICRF_KM,-2545.2567,5797.0425,3318.9959
2019-10-03T18:17:10.320Z,142.878875,22.023417,C53,,,2MASS,0.25,0.25,CCD,,ICRF_KM,-1411.4665,4373.6033,5474.4231
2019-10-03T19:35:00.067Z,142.904083,22.001000,C53,,,2MASS,0.25,0.25,CCD,,ICRF_KM,-3399.9817,5171.8024,-3585.7761
2019-10-03T19:41:20.141Z,142.906042,21.998833,C53,,,2MASS,0.25,0.25,CCD,,ICRF_KM,-3486.4749,6170.8335,-950.1040
2019-10-03T19:47:40.214Z,142.908125,21.997056,C53,,,2MASS,0.25,0.25,CCD,,ICRF_KM,-3030.5987,6209.9971,1833.9592
2019-10-03T21:15:00.029Z,142.936042,21.972167,C53,,,2MASS,0.25,0.25,CCD,,ICRF_KM,-3379.6472,5065.6074,-3753.0938
2019-10-03T21:21:20.102Z,142.938292,21.970139,C53,,,2MASS,0.25,0.25,CCD,,ICRF_KM,-3505.6851,6127.2139,-1143.7289
2019-10-03T21:27:40.176Z,142.940250,21.968167,C53,,,2MASS,0.25,0.25,CCD,,ICRF_KM,-3086.4457,6235.8493,1644.1895
2019-10-04T02:05:09.888Z,143.02946,21.88736,A71,17.9,V,PPMXL,,,CCD,K,,,,
2019-10-04T02:18:51.552Z,143.03450,21.88269,A71,18.0,V,PPMXL,,,CCD,K,,,,
2019-10-04T02:31:29.280Z,143.03817,21.87950,A71,18.1,V,PPMXL,,,CCD,K,,,,
2019-10-04T02:43:04.800Z,143.04171,21.87594,A71,18.1,V,PPMXL,,,CCD,K,,,,
2019-10-04T02:55:40.800Z,143.04583,21.87225,A71,18.1,V,PPMXL,,,CCD,K,,,,
2019-10-04T03:07:16.320Z,143.04962,21.86872,A71,18.0,V,PPMXL,,,CCD,K,,,,
2019-10-04T04:02:40.992Z,143.06729,21.85294,160,18.0,R,UCAC4,,,CCD,K,,,,
2019-10-04T04:06:58Z,143.069130,21.851473,K63,17.2,V,UCAC4,0.39,0.48,CCD,,,,,
2019-10-04T04:08:49.056Z,143.06921,21.85092,160,,,UCAC4,,,CCD,K,,,,
2019-10-04T04:12:15Z,143.070491,21.849869,K63,17.7,V,UCAC4,0.25,0.41,CCD,,,,,
2019-10-04T04:13:38.496Z,143.07079,21.84922,A77,17.6,R,UCAC4,,,CCD,K,,,,
2019-10-04T04:14:57.984Z,143.07125,21.84931,160,,,UCAC4,,,CCD,K,,,,
2019-10-04T04:16:27Z,143.072041,21.848785,K63,17.1,V,UCAC4,0.26,0.22,CCD,,,,,
2019-10-04T04:21:04.320Z,143.07358,21.84719,160,17.7,R,UCAC4,,,CCD,K,,,,
2019-10-04T04:26:07.584Z,143.07504,21.84581,A77,17.6,V,UCAC4,,,CCD,K,,,,
2019-10-04T04:28:09.408Z,143.07563,21.84508,A77,17.4,R,UCAC4,,,CCD,K,,,,
2019-10-04T04:29:29.760Z,143.07625,21.84475,A77,17.6,V,UCAC4,,,CCD,K,,,,
2019-10-04T04:34:33.024Z,143.07796,21.84322,A77,17.7,V,UCAC4,,,CCD,K,,,,
2019-10-04T09:29:27.744Z,143.17258,21.75753,850,,,UCAC4,,,CCD,K,,,,
2019-10-04T09:50:24.864Z,143.17933,21.75128,850,16.8,V,UCAC4,,,CCD,K,,,,
2019-10-04T10:05:52Z,143.18407,21.74671,W34,16.9,G,Gaia2,0.16,0.17,CCD,K,,,,
2019-10-04T10:10:50Z,143.18567,21.74550,W34,17.0,G,Gaia2,0.18,0.17,CCD,K,,,,
2019-10-04T10:11:21.984Z,143.18604,21.74572,850,17.2,V,UCAC4,,,CCD,K,,,,
2019-10-04T10:16:59Z,143.18770,21.74361,W34,17.3,G,Gaia2,0.14,0.13,CCD,K,,,,
2019-10-04T10:23:06Z,143.18954,21.74176,W34,17.6,G,Gaia2,0.17,0.16,CCD,K,,,,
2019-10-04T10:29:12Z,143.19139,21.73984,W34,17.4,G,Gaia2,0.22,0.22,CCD,K,,,,
2019-10-04T18:46:11.712Z,143.35142,21.59383,Q11,,,UCAC4,,,CCD,K,,,,
2019-10-04T18:55:00.048Z,143.353500,21.592278,C53,,,2MASS,0.25,0.25,CCD,,ICRF_KM,-2860.9092,3368.4715,-5626.8782
2019-10-04T18:56:30.336Z,143.35471,21.59081,Q11,16.4,R,UCAC4,,,CCD,K,,,,
2019-10-04T19:01:20.122Z,143.355542,21.590222,C53,,,2MASS,0.25,0.25,CCD,,ICRF_KM,-3494.3072,5145.1083,-3533.0463
2019-10-04T19:05:45.024Z,143.35771,21.58814,Q11,,,UCAC4,,,CCD,K,,,,
2019-10-04T19:07:40.195Z,143.357625,21.588278,C53,,,2MASS,0.25,0.25,CCD,,ICRF_KM,-3585.3306,6123.2005,-889.3015
2019-10-04T19:14:00.269Z,143.359708,21.586333,C53,,,2MASS,0.25,0.25,CCD,,ICRF_KM,-3118.5801,6148.6934,1893.0477
2019-10-04T19:20:20.342Z,143.361708,21.584667,C53,,,2MASS,0.25,0.25,CCD,,ICRF_KM,-2166.4998,5217.3177,4380.0769
2019-10-05T03:34:26Z,143.52078,21.43818,C77,17.5,V,UCAC4,0.30,0.31,CCD,K,,,,
2019-10-05T03:37:16.896Z,143.52175,21.43717,204,,,Gaia2,,,CCD,K,,,,
2019-10-05T03:46:57Z,143.52475,21.43461,C77,17.5,V,UCAC4,0.29,0.30,CCD,K,,,,
2019-10-05T03:47:45.024Z,143.52496,21.43408,I81,16.8,R,UCAC4,,,CCD,K,,,,
2019-10-05T03:53:29.760Z,143.52688,21.43247,204,18.3,G,Gaia2,,,CCD,K,,,,
2019-10-05T03:53:59.136Z,143.52688,21.43231,I81,15.8,R,UCAC4,,,CCD,K,,,,
2019-10-05T03:57:06.624Z,143.52787,21.43139,I81,16.0,R,UCAC4,,,CCD,K,,,,
2019-10-05T03:59:54Z,143.52895,21.43074,C77,17.3,V,UCAC4,0.25,0.26,CCD,K,,,,
2019-10-05T04:10:07.680Z,143.53238,21.42756,A77,17.2,R,UCAC4,,,CCD,K,,,,
2019-10-05T04:14:50.208Z,143.53404,21.42614,A77,16.7,V,UCAC4,,,CCD,K,,,,
2019-10-05T04:15:17.856Z,143.53400,21.42619,I88,17.1,R,CMC15,,,CCD,,,,,
2019-10-05T04:20:23.712Z,143.53571,21.42453,A77,16.9,V,UCAC4,,,CCD,K,,,,
2019-10-05T04:25:32.160Z,143.53713,21.42275,A77,17.5,R,UCAC4,,,CCD,K,,,,
2019-10-05T04:25:56.352Z,143.53758,21.42289,A77,16.6,V,UCAC4,,,CCD,K,,,,
2019-10-05T04:31:54.048Z,143.53921,21.42131,J01,17.7,R,CMC15,,,CCD,K,,,,
2019-10-05T04:33:43.776Z,143.53975,21.42075,I88,17.0,R,CMC15,,,CCD,,,,,
2019-10-05T04:45:28.800Z,143.54325,21.41717,J01,17.7,R,CMC15,,,CCD,K,,,,
2019-10-05T04:50:39.840Z,143.54542,21.41583,I88,16.9,R,CMC15,,,CCD,,,,,
2019-10-05T04:59:02.688Z,143.54775,21.41333,J01,17.7,R,CMC15,,,CCD,K,,,,
2019-10-05T05:32:49Z,143.55890,21.40352,G40,17.1,G,Gaia2,0.19,0.18,CCD,K,,,,
2019-10-05T05:43:11Z,143.56219,21.40038,G40,17.2,G,Gaia2,0.53,0.14,CCD,K,,,,
2019-10-05T09:37:04.800Z,143.63729,21.33133,850,17.5,V,UCAC4,,,CCD,K,,,,
2019-10-05T09:58:01.920Z,143.64437,21.32458,850,17.6,V,UCAC4,,,CCD,K,,,,
2019-10-05T10:18:59.904Z,143.65058,21.31894,850,17.4,V,UCAC4,,,CCD,K,,,,
2019-10-05T10:39:52.704Z,143.65729,21.31250,850,16.8,V,UCAC4,,,CCD,K,,,,
2019-10-05T12:04:00.278Z,143.684250,21.287194,C53,,,2MASS,0.25,0.25,CCD,,ICRF_KM,-2366.4498,5348.4846,4111.2006
2019-10-05T12:07:10.358Z,143.685292,21.286194,C53,,,2MASS,0.25,0.25,CCD,,ICRF_KM,-1762.0868,4618.0343,5164.5879
2019-10-05T12:10:20.352Z,143.686333,21.285111,C53,,,2MASS,0.25,0.25,CCD,,ICRF_KM,-1088.6592,3706.5787,6015.0309
2019-10-05T12:36:06.912Z,143.69417,21.27794,U69,,,Gaia2,,,CCD,,,,,
2019-10-05T12:42:04.608Z,143.69612,21.27617,U69,17.0,G,Gaia2,,,CCD,,,,,
2019-10-05T13:34:30.173Z,143.712958,21.260889,C53,,,2MASS,0.25,0.25,CCD,,ICRF_KM,-3580.5257,6189.9976,-20.5687
2019-10-05T13:40:50.246Z,143.715000,21.258972,C53,,,2MASS,0.25,0.25,CCD,,ICRF_KM,-2948.2109,5920.2201,2715.6607
2019-10-05T13:47:10.320Z,143.716625,21.257194,C53,,,2MASS,0.25,0.25,CCD,,ICRF_KM,-1857.2844,4729.5323,5028.4655
2019-10-06T01:15:00.058Z,143.938292,21.051917,C53,,,2MASS,0.25,0.25,CCD,,ICRF_KM,-3731.6000,5988.3583,-1167.5000
2019-10-06T01:21:20.131Z,143.940042,21.049806,C53,,,2MASS,0.25,0.25,CCD,,ICRF_KM,-3322.0387,6121.0081,1620.1374
2019-10-06T01:27:40.205Z,143.942000,21.047861,C53,,,2MASS,0.25,0.25,CCD,,ICRF_KM,-2395.6159,5301.4125,4155.4694
2019-10-06T01:29:54.816Z,143.94258,21.04706,069,17.9,R,USNOB1,,,CCD,,,,,
2019-10-06T01:45:33.120Z,143.94792,21.04250,069,17.6,R,USNOB1,,,CCD,,,,,
2019-10-06T01:52:11.424Z,143.95017,21.04003,069,17.5,R,USNOB1,,,CCD,,,,,
2019-10-06T01:54:40.032Z,143.95096,21.03928,069,17.6,R,USNOB1,,,CCD,,,,,
2019-10-06T01:56:15.072Z,143.95112,21.03942,069,17.6,R,USNOB1,,,CCD,,,,,
2019-10-06T02:16:03Z,143.95767,21.03329,K96,17.7,G,Gaia2,0.25,0.23,CCD,K,,,,
2019-10-06T02:43:32Z,143.96674,21.02497,K96,17.8,G,Gaia2,0.72,0.73,CCD,K,,,,
2019-10-06T03:05:33.504Z,143.97333,21.01900,A77,14.8,R,UCAC4,,,CCD,K,,,,
2019-10-06T03:06:02Z,143.97371,21.01853,K96,17.4,G,Gaia2,0.13,0.14,CCD,K,,,,
2019-10-06T03:07:02.496Z,143.97413,21.01792,L06,17.7,R,UCAC4,,,CCD,K,,,,
2019-10-06T03:09:39.744Z,143.97475,21.01753,104,17.1,R,Gaia2,,,CCD,K,,,,
2019-10-06T03:18:01.728Z,143.97758,21.01478,157,17.0,R,UCAC4,,,CCD,K,,,,
2019-10-06T03:19:52.320Z,143.97837,21.01400,A77,15.5,R,UCAC4,,,CCD,K,,,,
2019-10-06T03:24:07.200Z,143.97954,21.01297,157,17.2,R,UCAC4,,,CCD,K,,,,
2019-10-06T03:25:06.816Z,143.97988,21.01253,L06,17.6,R,UCAC4,,,CCD,K,,,,
2019-10-06T03:30:11.808Z,143.98142,21.01108,157,17.0,R,UCAC4,,,CCD,K,,,,
2019-10-06T03:34:10.272Z,143.98313,21.01003,A77,15.6,R,UCAC4,,,CCD,K,,,,
2019-10-06T03:36:16.416Z,143.98342,21.00944,157,17.0,R,UCAC4,,,CCD,K,,,,
2019-10-06T03:40:47.712Z,143.98487,21.00806,104,17.1,R,Gaia2,,,CCD,K,,,,
2019-10-06T03:44:04.704Z,143.98583,21.00711,L06,17.6,R,UCAC4,,,CCD,K,,,,
2019-10-06T03:44:40Z,143.986046,21.006820,K63,16.2,V,UCAC4,0.26,0.28,CCD,K,,,,
2019-10-06T03:50:58Z,143.988039,21.004965,K63,16.8,V,UCAC4,0.29,0.34,CCD,K,,,,
2019-10-06T03:58:19Z,143.990486,21.002670,K63,17.4,V,UCAC4,0.32,0.33,CCD,K,,,,
2019-10-06T04:01:44.832Z,143.99154,21.00172,104,17.0,R,Gaia2,,,CCD,K,,,,
2019-10-06T04:05:39Z,143.992724,21.000466,K63,16.2,V,UCAC4,0.36,0.32,CCD,K,,,,
2019-10-06T04:10:54Z,143.994448,20.998932,K63,17.5,V,UCAC4,0.27,0.26,CCD,K,,,,
2019-10-06T04:20:47.040Z,143.99783,20.99583,A77,17.6,R,UCAC4,,,CCD,K,,,,
2019-10-06T04:25:31.296Z,143.99929,20.99464,A77,17.6,R,UCAC4,,,CCD,K,,,,
2019-10-06T04:31:23.808Z,144.00075,20.99286,J01,17.6,R,CMC15,,,CCD,K,,,,
2019-10-06T04:44:13.632Z,144.00517,20.98914,J01,17.6,R,CMC15,,,CCD,K,,,,
2019-10-06T04:59:12.192Z,144.00992,20.98472,J01,17.4,R,CMC15,,,CCD,K,,,,
2019-10-06T06:15:00.029Z,144.033875,20.962139,C53,,,2MASS,0.25,0.25,CCD,,ICRF_KM,-3765.3876,5825.1901,-1744.0003
2019-10-06T06:21:20.102Z,144.035958,20.960167,C53,,,2MASS,0.25,0.25,CCD,,ICRF_KM,-3476.4201,6161.2332,1041.5491
2019-10-06T06:27:40.176Z,144.038042,20.958194,C53,,,2MASS,0.25,0.25,CCD,,ICRF_KM,-2646.5159,5538.6959,3664.9821
2019-10-06T09:50:00.067Z,144.102417,20.896833,C53,,,2MASS,0.25,0.25,CCD,,ICRF_KM,-2405.5953,5263.3746,4197.8426
2019-10-06T09:56:20.141Z,144.104417,20.894972,C53,,,2MASS,0.25,0.25,CCD,,ICRF_KM,-1091.9026,3614.7389,6070.4248
2019-10-06T09:59:30.134Z,144.105458,20.893917,C53,,,2MASS,0.25,0.25,CCD,,ICRF_KM,-357.2957,2560.1186,6665.7821
2019-10-06T11:22:37.056Z,144.13325,20.86997,V16,17.7,R,UCAC4,,,CCD,,,,,
2019-10-06T11:26:49.344Z,144.13408,20.86781,V16,17.7,R,UCAC4,,,CCD,,,,,
2019-10-06T11:31:01.632Z,144.13612,20.86656,V16,18.1,R,UCAC4,,,CCD,,,,,
2019-10-06T11:35:13.920Z,144.13712,20.86539,V16,17.7,R,UCAC4,,,CCD,,,,,
2019-10-06T11:39:26.208Z,144.13813,20.86475,V16,18.0,R,UCAC4,,,CCD,,,,,
2019-10-06T11:43:39.360Z,144.13925,20.86311,V16,17.9,R,UCAC4,,,CCD,,,,,
2019-10-06T11:47:50.784Z,144.14142,20.86186,V16,16.8,R,UCAC4,,,CCD,,,,,
2019-10-06T11:52:03.936Z,144.14250,20.86022,V16,17.8,R,UCAC4,,,CCD,,,,,
2019-10-07T00:29:00.096Z,144.384875,20.633056,C53,,,2MASS,0.25,0.25,CCD,,ICRF_KM,-2962.9396,3204.7945,-5669.4107
2019-10-07T00:35:20.083Z,144.386875,20.631139,C53,,,2MASS,0.25,0.25,CCD,,ICRF_KM,-3677.4910,4972.5340,-3594.3526
2019-10-07T00:41:40.157Z,144.389000,20.629361,C53,,,2MASS,0.25,0.25,CCD,,ICRF_KM,-3821.3677,5968.6690,-959.9692
2019-10-07T00:48:00.317Z,144.391083,20.627083,C53,,,2MASS,0.25,0.25,CCD,,ICRF_KM,-3370.9789,6036.5434,1824.0050
2019-10-07T00:54:20.390Z,144.392875,20.624639,C53,,,2MASS,0.25,0.25,CCD,,ICRF_KM,-2396.2170,5165.3759,4323.5649
2019-10-08T00:05:00.067Z,144.838250,20.201250,C53,,,2MASS,0.25,0.25,CCD,,ICRF_KM,-3924.4617,5562.2457,-2195.5092
2019-10-08T00:11:20.141Z,144.840167,20.199194,C53,,,2MASS,0.25,0.25,CCD,,ICRF_KM,-3748.1630,6063.3450,574.3027
2019-10-08T00:17:40.214Z,144.842208,20.197139,C53,,,2MASS,0.25,0.25,CCD,,ICRF_KM,-2988.8405,5621.3342,3254.8793
2019-10-08T02:41:47.904Z,144.88879,20.15247,470,,,Gaia1,,,CCD,K,,,,
2019-10-08T02:46:58.080Z,144.89062,20.15072,470,,,Gaia1,,,CCD,K,,,,
2019-10-08T02:52:06.528Z,144.89217,20.14944,470,18.2,R,Gaia1,,,CCD,K,,,,
2019-10-08T03:18:38.016Z,144.90033,20.14164,G20,16.9,V,UCAC4,,,CCD,K,,,,
2019-10-08T03:35:00.384Z,144.90571,20.13650,G20,17.1,V,UCAC4,,,CCD,K,,,,
2019-10-08T03:43:20.640Z,144.90825,20.13381,G20,16.5,V,UCAC4,,,CCD,K,,,,
2019-10-08T03:46:43.680Z,144.90946,20.13283,160,17.8,R,UCAC4,,,CCD,K,,,,
2019-10-08T03:59:04.992Z,144.91350,20.12886,160,18.4,R,UCAC4,,,CCD,K,,,,
2019-10-08T03:59:14.496Z,144.91371,20.12875,A77,16.8,V,NOMAD,,,CCD,K,,,,
2019-10-08T04:01:47.424Z,144.91442,20.12786,A77,16.6,R,UCAC4,,,CCD,K,,,,
2019-10-08T04:09:26.208Z,144.91650,20.12622,213,17.6,R,CMC15,,,CCD,K,,,,
2019-10-08T04:11:01.248Z,144.91746,20.12514,A77,16.9,V,NOMAD,,,CCD,K,,,,
2019-10-08T04:11:32.352Z,144.91729,20.12497,160,18.3,R,UCAC4,,,CCD,K,,,,
2019-10-08T04:12:04Z,144.917654,20.124929,K63,17.6,G,Gaia2,0.28,0.27,CCD,,,,,
2019-10-08T04:12:31.968Z,144.91754,20.12519,213,17.6,R,CMC15,,,CCD,K,,,,
2019-10-08T04:16:16.608Z,144.91892,20.12397,213,17.0,R,CMC15,,,CCD,K,,,,
2019-10-08T04:17:46.464Z,144.91963,20.12297,A77,17.5,R,UCAC4,,,CCD,K,,,,
2019-10-08T04:19:13Z,144.919855,20.122688,K63,17.7,G,Gaia2,0.19,0.20,CCD,,,,,
2019-10-08T04:22:48.864Z,144.92125,20.12156,A77,16.8,V,NOMAD,,,CCD,K,,,,
2019-10-08T04:23:26Z,144.921104,20.121484,K63,17.2,G,Gaia2,0.26,0.23,CCD,,,,,
2019-10-08T11:04:32Z,145.04993,19.99780,H06,18.2,V,UCAC4,0.17,0.22,CCD,K,,,,
2019-10-08T11:04:43.104Z,145.04987,19.99814,H06,,,UCAC4,,,CCD,K,,,,
2019-10-08T11:10:20.928Z,145.05158,19.99631,H06,16.8,R,UCAC4,,,CCD,K,,,,
2019-10-08T11:11:42Z,145.05212,19.99594,H06,17.9,V,UCAC4,0.20,0.21,CCD,K,,,,
2019-10-08T11:16:58.368Z,145.05371,19.99414,H36,16.7,R,UCAC4,,,CCD,K,,,,
2019-10-08T11:18:49Z,145.05441,19.99341,H06,18.4,V,UCAC4,0.17,0.22,CCD,K,,,,
2019-10-08T11:21:31.392Z,145.05500,19.99281,H36,16.9,R,UCAC4,,,CCD,K,,,,
2019-10-08T11:26:20.832Z,145.05658,19.99142,H36,16.4,R,UCAC4,,,CCD,K,,,,
2019-10-08T11:30:59.040Z,145.05812,19.99000,H36,16.7,R,UCAC4,,,CCD,K,,,,
2019-10-08T13:20:00.038Z,145.092625,19.956528,C53,,,2MASS,0.25,0.25,CCD,,ICRF_KM,-3240.5087,3523.0963,-5317.1284
2019-10-08T13:32:40.186Z,145.096708,19.952556,C53,,,2MASS,0.25,0.25,CCD,,ICRF_KM,-3936.5121,5957.4501,-402.8463
2019-10-08T16:45:00.029Z,145.158250,19.893611,C53,,,2MASS,0.25,0.25,CCD,,ICRF_KM,-3739.0892,4643.5176,-3953.1301
2019-10-08T16:51:20.102Z,145.160292,19.891556,C53,,,2MASS,0.25,0.25,CCD,,ICRF_KM,-4005.5065,5762.5976,-1378.9296
2019-10-08T16:57:40.176Z,145.162458,19.889500,C53,,,2MASS,0.25,0.25,CCD,,ICRF_KM,-3649.1954,5985.8551,1410.4315
2019-10-08T19:00:45.216Z,145.20212,19.85086,Q11,,,UCAC4,,,CCD,K,,,,
2019-10-08T19:10:59.520Z,145.20550,19.84775,Q11,16.0,R,UCAC4,,,CCD,K,,,,
2019-10-08T19:21:14.688Z,145.20867,19.84458,Q11,,,UCAC4,,,CCD,K,,,,
2019-10-09T02:46:31.296Z,145.35075,19.70631,C23,17.0,R,UCAC4,,,CCD,K,,,,
2019-10-09T02:49:51.744Z,145.35200,19.70500,134,17.4,G,Gaia2,,,CCD,,,,,
2019-10-09T02:52:04.800Z,145.35271,19.70433,134,17.4,G,Gaia2,,,CCD,,,,,
2019-10-09T02:54:16.992Z,145.35350,19.70358,134,17.4,G,Gaia2,,,CCD,,,,,
2019-10-09T02:56:30.048Z,145.35408,19.70303,134,17.4,G,Gaia2,,,CCD,,,,,
2019-10-09T02:56:55.104Z,145.35446,19.70272,C23,17.3,R,UCAC4,,,CCD,K,,,,
2019-10-09T02:58:43.104Z,145.35479,19.70231,134,17.4,G,Gaia2,,,CCD,,,,,
2019-10-09T03:00:55.296Z,145.35546,19.70161,134,17.4,G,Gaia2,,,CCD,,,,,
2019-10-09T03:03:08.352Z,145.35625,19.70097,134,17.4,G,Gaia2,,,CCD,,,,,
2019-10-09T03:05:19.680Z,145.35688,19.70019,134,17.4,G,Gaia2,,,CCD,,,,,
2019-10-09T03:07:19.776Z,145.35746,19.70000,C23,16.5,R,UCAC4,,,CCD,K,,,,
2019-10-09T03:07:32.736Z,145.35763,19.69947,134,17.4,G,Gaia2,,,CCD,,,,,
2019-10-09T03:09:44.928Z,145.35850,19.69878,134,17.4,G,Gaia2,,,CCD,,,,,
2019-10-09T03:11:57.984Z,145.35900,19.69814,134,17.4,G,Gaia2,,,CCD,,,,,
2019-10-09T03:14:10.176Z,145.35962,19.69758,134,17.4,G,Gaia2,,,CCD,,,,,
2019-10-09T03:16:00.768Z,145.36025,19.69653,G20,17.2,V,UCAC4,,,CCD,K,,,,
2019-10-09T03:16:23.232Z,145.36046,19.69681,134,17.4,G,Gaia2,,,CCD,,,,,
2019-10-09T03:18:33.696Z,145.36104,19.69631,C23,16.9,R,UCAC4,,,CCD,K,,,,
2019-10-09T03:18:35.424Z,145.36108,19.69611,134,17.4,G,Gaia2,,,CCD,,,,,
2019-10-09T03:20:47.616Z,145.36192,19.69542,134,17.4,G,Gaia2,,,CCD,,,,,
2019-10-09T03:22:59.808Z,145.36263,19.69472,134,17.4,G,Gaia2,,,CCD,,,,,
2019-10-09T03:25:12.864Z,145.36329,19.69403,134,17.4,G,Gaia2,,,CCD,,,,,
2019-10-09T03:27:38.016Z,145.36408,19.69347,134,17.4,G,Gaia2,,,CCD,,,,,
2019-10-09T03:29:51.072Z,145.36479,19.69261,134,17.4,G,Gaia2,,,CCD,,,,,
2019-10-09T03:30:12.672Z,145.36504,19.69264,C23,16.7,R,UCAC4,,,CCD,K,,,,
2019-10-09T03:32:03.264Z,145.36550,19.69183,134,17.4,G,Gaia2,,,CCD,,,,,
2019-10-09T03:34:16.320Z,145.36604,19.69128,134,17.4,G,Gaia2,,,CCD,,,,,
2019-10-09T03:36:27.648Z,145.36675,19.69078,134,17.4,G,Gaia2,,,CCD,,,,,
2019-10-09T03:41:25.728Z,145.36804,19.68911,G20,17.7,V,UCAC4,,,CCD,K,,,,
2019-10-09T03:54:17.280Z,145.37279,19.68522,G20,17.1,V,UCAC4,,,CCD,K,,,,
2019-10-09T11:51:40.608Z,145.52529,19.53617,U69,17.4,V,UCAC4,,,CCD,,,,,
2019-10-09T12:00:34.560Z,145.52846,19.53367,U69,17.5,V,UCAC4,,,CCD,,,,,
2019-10-09T12:22:49.267Z,145.535525,19.526392,679,19.2,G,Gaia2,,,CCD,K,,,,
2019-10-09T12:23:01.795Z,145.535525,19.526392,679,19.2,G,Gaia2,,,CCD,K,,,,
2019-10-09T12:29:21.437Z,145.537596,19.524339,679,18.1,G,Gaia2,,,CCD,K,,,,
2019-10-09T12:29:33.965Z,145.537596,19.524339,679,18.1,G,Gaia2,,,CCD,K,,,,
2019-10-09T12:35:53.434Z,145.539654,19.522328,679,18.5,G,Gaia2,,,CCD,K,,,,
2019-10-09T12:36:05.962Z,145.539654,19.522328,679,18.5,G,Gaia2,,,CCD,K,,,,
2019-10-09T14:21:36.60Z,145.573370,19.489820,T08,16.81,Ao,Gaia2,0.194,0.194,CCD,,,,,
2019-10-09T14:26:16.23Z,145.574730,19.488420,T08,16.73,Ao,Gaia2,0.159,0.159,CCD,,,,,
2019-10-09T14:34:18.96Z,145.577560,19.485530,T08,17.53,Ao,Gaia2,0.174,0.174,CCD,,,,,
2019-10-09T14:49:38.11Z,145.582200,19.480930,T08,16.98,Ao,Gaia2,0.153,0.153,CCD,,,,,
2019-10-09T18:08:53.952Z,145.64596,19.41833,349,16.4,R,GSCACT,,,CCD,,,,,
2019-10-09T18:22:13.152Z,145.65013,19.41425,349,,,GSCACT,,,CCD,,,,,
2019-10-09T18:50:32Z,145.65991,19.40471,Q21,18.0,V,UCAC4,1.70,1.70,CCD,K,,,,
2019-10-09T18:54:40Z,145.66107,19.40384,Q21,16.1,V,UCAC4,2.86,2.86,CCD,K,,,,
2019-10-09T18:58:47Z,145.66282,19.40253,Q21,17.4,V,UCAC4,2.69,2.69,CCD,K,,,,
2019-10-09T19:06:58Z,145.66473,19.40040,Q21,16.7,V,UCAC4,1.77,1.76,CCD,K,,,,
2019-10-09T19:12:30.240Z,145.66629,19.39842,372,17.0,R,GSCACT,,,CCD,,,,,
2019-10-09T19:18:59.904Z,145.66829,19.39636,372,,,GSCACT,,,CCD,,,,,
2019-10-09T19:26:30.048Z,145.67062,19.39397,372,,,GSCACT,,,CCD,,,,,
2019-10-10T03:59:52.512Z,145.83467,19.23208,K02,17.1,R,UCAC4,,,CCD,K,,,,
2019-10-10T04:04:22.944Z,145.83650,19.23069,A77,15.7,V,NOMAD,,,CCD,K,,,,
2019-10-10T04:08:28.320Z,145.83733,19.22944,K02,17.3,R,UCAC4,,,CCD,K,,,,
2019-10-10T04:09:26.208Z,145.83788,19.22919,A77,15.9,V,NOMAD,,,CCD,K,,,,
2019-10-10T04:14:29.472Z,145.83958,19.22756,A77,15.5,V,NOMAD,,,CCD,K,,,,
2019-10-10T04:18:20.160Z,145.84062,19.22625,K02,17.6,R,UCAC4,,,CCD,K,,,,
2019-10-10T04:47:53Z,145.85040,19.21718,G40,17.5,G,Gaia2,0.20,0.17,CCD,K,,,,
2019-10-10T04:58:07Z,145.85349,19.21406,G40,17.6,G,Gaia2,0.17,0.16,CCD,K,,,,
2019-10-10T05:08:08Z,145.85666,19.21097,G40,17.5,G,Gaia2,0.14,0.12,CCD,K,,,,
2019-10-10T05:18:08Z,145.85985,19.20776,G40,17.6,G,Gaia2,0.19,0.16,CCD,K,,,,
2019-10-10T05:28:07Z,145.86310,19.20463,G40,17.5,G,Gaia2,0.19,0.13,CCD,K,,,,
2019-10-10T11:34:04.800Z,145.98000,19.08875,H06,,,Gaia2,,,CCD,,,,,
2019-10-10T11:37:58.944Z,145.98129,19.08747,H06,16.7,G,Gaia2,,,CCD,,,,,
2019-10-11T02:04:41.376Z,146.25779,18.81189,K74,17.1,R,UCAC4,,,CCD,,,,,
2019-10-11T02:07:28.992Z,146.25867,18.81097,K74,17.0,R,UCAC4,,,CCD,K,,,,
2019-10-11T02:14:09.888Z,146.26067,18.80931,K74,17.0,R,Gaia2,,,CCD,K,,,,
2019-10-11T02:19:10.560Z,146.26229,18.80742,K74,17.1,R,UCAC4,,,CCD,K,,,,
2019-10-11T02:20:50.784Z,146.26300,18.80675,K74,16.9,R,UCAC4,,,CCD,K,,,,
2019-10-11T02:29:12.768Z,146.26554,18.80419,K74,16.8,R,UCAC4,,,CCD,K,,,,
2019-10-11T02:56:15.360Z,146.27425,18.79561,A71,18.0,V,PPMXL,,,CCD,K,,,,
2019-10-11T03:04:05.376Z,146.27671,18.79303,A71,18.0,V,PPMXL,,,CCD,K,,,,
2019-10-11T03:11:55.392Z,146.27921,18.79047,A71,18.1,V,PPMXL,,,CCD,K,,,,
2019-10-11T03:15:46.080Z,146.28071,18.78958,G20,18.2,V,UCAC4,,,CCD,M,,,,
2019-10-11T03:19:48.000Z,146.28163,18.78797,A71,18.1,V,PPMXL,,,CCD,K,,,,
2019-10-11T03:27:39.744Z,146.28429,18.78553,A71,18.4,V,PPMXL,,,CCD,K,,,,
2019-10-11T03:33:40.896Z,146.28612,18.78386,G20,17.3,V,UCAC4,,,CCD,K,,,,
2019-10-11T03:35:32.352Z,146.28671,18.78294,A71,18.4,V,PPMXL,,,CCD,K,,,,
2019-10-11T03:43:24.096Z,146.28929,18.78044,A71,18.5,V,PPMXL,,,CCD,K,,,,
2019-10-11T03:50:08.448Z,146.29125,18.77872,G20,17.4,V,UCAC4,,,CCD,K,,,,
2019-10-11T03:51:15.840Z,146.29175,18.77800,A71,18.1,V,PPMXL,,,CCD,K,,,,
2019-10-11T03:59:07.584Z,146.29429,18.77550,A71,18.1,V,PPMXL,,,CCD,K,,,,
2019-10-11T04:03:59.616Z,146.29587,18.77419,587,18.1,R,NOMAD,,,CCD,K,,,,
2019-10-11T04:07:41.146Z,146.297300,18.772708,Z84,18.7,G,Gaia2,,,CCD,K,,,,
2019-10-11T04:11:21.120Z,146.29825,18.77172,A77,16.0,V,NOMAD,,,CCD,K,,,,
2019-10-11T04:12:12.096Z,146.29867,18.77150,587,,,NOMAD,,,CCD,K,,,,
2019-10-11T04:20:24.576Z,146.30108,18.76864,587,,,NOMAD,,,CCD,K,,,,
2019-10-11T04:23:20.486Z,146.302208,18.767792,Z84,19.1,G,Gaia2,,,CCD,K,,,,
2019-10-11T04:28:11.136Z,146.30358,18.76636,A77,16.1,V,NOMAD,,,CCD,K,,,,
2019-10-11T04:38:59.654Z,146.307217,18.762772,Z84,19.5,G,Gaia2,,,CCD,K,,,,
2019-10-11T04:54:39.514Z,146.312188,18.757714,Z84,19.2,G,Gaia2,,,CCD,K,,,,
2019-10-11T05:10:18.941Z,146.317150,18.752833,Z84,19.7,G,Gaia2,,,CCD,K,,,,
2019-10-11T11:36:16.128Z,146.44017,18.62928,V16,17.4,R,UCAC4,,,CCD,,,,,
2019-10-11T11:40:26.688Z,146.44167,18.62836,V16,17.4,R,UCAC4,,,CCD,,,,,
2019-10-11T11:44:38.112Z,146.44333,18.62667,V16,17.5,R,UCAC4,,,CCD,,,,,
2019-10-11T11:48:48.672Z,146.44442,18.62528,V16,17.4,R,UCAC4,,,CCD,,,,,
2019-10-11T11:53:00.096Z,146.44563,18.62406,V16,17.4,R,UCAC4,,,CCD,,,,,
2019-10-11T11:57:10.656Z,146.44708,18.62225,V16,17.6,R,UCAC4,,,CCD,,,,,
2019-10-11T12:01:22.080Z,146.44900,18.62161,V16,17.8,R,UCAC4,,,CCD,,,,,
2019-10-11T12:05:32.640Z,146.44975,18.61989,V16,17.4,R,UCAC4,,,CCD,,,,,
2019-10-11T12:07:10.358Z,146.449542,18.618889,C53,,,2MASS,0.25,0.25,CCD,,ICRF_KM,-1771.3461,3921.8123,5711.4984
2019-10-11T12:10:20.352Z,146.450667,18.617806,C53,,,2MASS,0.25,0.25,CCD,,ICRF_KM,-969.5917,2994.9616,6421.2046
2019-10-11T12:37:04.886Z,146.459904,18.609761,679,18.3,G,Gaia2,,,CCD,,,,,
2019-10-11T12:37:49.037Z,146.460071,18.609567,679,18.4,G,Gaia2,,,CCD,,,,,
2019-10-11T12:38:32.064Z,146.460292,18.609422,679,18.5,G,Gaia2,,,CCD,,,,,
2019-10-11T12:41:25.901Z,146.461150,18.608328,679,18.6,G,Gaia2,,,CCD,,,,,
2019-10-11T15:00:00.086Z,146.504667,18.564694,C53,,,2MASS,0.25,0.25,CCD,,ICRF_KM,-3504.6208,3503.4343,-5160.0069
2019-10-11T15:06:20.074Z,146.506917,18.562417,C53,,,2MASS,0.25,0.25,CCD,,ICRF_KM,-4188.4636,5027.5125,-2889.8484
2019-10-11T15:12:40.234Z,146.508792,18.560139,C53,,,2MASS,0.25,0.25,CCD,,ICRF_KM,-4221.9942,5771.0512,-169.6773
2019-10-12T03:02:04.416Z,146.73554,18.33128,104,17.2,G,Gaia2,,,CCD,K,,,,
2019-10-12T03:09:58.752Z,146.73800,18.32861,A71,18.3,V,PPMXL,,,CCD,K,,,,
2019-10-12T03:20:59.712Z,146.74158,18.32506,A71,18.6,V,PPMXL,,,CCD,K,,,,
2019-10-12T03:27:40.4Z,146.743698,18.323007,K63,16.6,V,UCAC4,0.61,0.61,CCD,K,,,,
2019-10-12T03:32:49.920Z,146.74533,18.32117,A71,17.8,V,PPMXL,,,CCD,K,,,,
2019-10-12T03:36:00.864Z,146.74650,18.32019,160,17.2,R,UCAC4,,,CCD,K,,,,
2019-10-12T03:37:41.952Z,146.74683,18.31975,104,17.1,G,Gaia2,,,CCD,K,,,,
2019-10-12T03:37:47.6Z,146.746772,18.319918,K63,17.2,V,UCAC4,0.21,0.26,CCD,K,,,,
2019-10-12T03:40:03.648Z,146.74767,18.31903,160,17.6,R,UCAC4,,,CCD,K,,,,
2019-10-12T03:41:12.768Z,146.74829,18.31875,160,17.7,R,UCAC4,,,CCD,K,,,,
2019-10-12T03:49:24.384Z,146.75062,18.31578,204,,,Gaia2,,,CCD,K,,,,
2019-10-12T03:49:50.2Z,146.750725,18.315881,K63,17.1,V,UCAC4,0.14,0.17,CCD,K,,,,
2019-10-12T03:59:15.6Z,146.753563,18.312853,K63,16.9,V,UCAC4,0.21,0.23,CCD,K,,,,
2019-10-12T04:02:54.816Z,146.75500,18.31142,204,,,Gaia2,,,CCD,K,,,,
2019-10-12T04:10:47.1Z,146.757526,18.308934,K63,17.9,V,UCAC4,0.14,0.20,CCD,K,,,,
2019-10-12T04:13:11.712Z,146.75817,18.30828,104,17.0,G,Gaia2,,,CCD,K,,,,
2019-10-12T04:13:43.680Z,146.75846,18.30806,204,18.1,G,Gaia2,,,CCD,K,,,,
2019-10-12T10:56:33.216Z,146.88721,18.17764,H06,16.9,R,UCAC4,,,CCD,,,,,
2019-10-12T11:02:25.728Z,146.88900,18.17567,H06,16.9,R,UCAC4,,,CCD,,,,,
2019-10-12T11:08:18.240Z,146.89112,18.17369,H06,17.0,R,UCAC4,,,CCD,,,,,
2019-10-12T13:00:40.205Z,146.925958,18.138361,C53,,,2MASS,0.25,0.25,CCD,,ICRF_KM,-4163.2989,5757.4077,825.0620
2019-10-12T13:07:00.278Z,146.928417,18.135861,C53,,,2MASS,0.25,0.25,CCD,,ICRF_KM,-3318.5605,5296.6494,3476.0801
2019-10-12T14:30:00.029Z,146.954458,18.108833,C53,,,2MASS,0.25,0.25,CCD,,ICRF_KM,-4064.3979,4434.5127,-3872.0343
2019-10-12T14:36:20.102Z,146.956500,18.106778,C53,,,2MASS,0.25,0.25,CCD,,ICRF_KM,-4382.3065,5505.9320,-1283.7129
2019-10-12T14:42:40.176Z,146.958458,18.104583,C53,,,2MASS,0.25,0.25,CCD,,ICRF_KM,-4019.1840,5721.7641,1504.8580
2019-10-13T02:05:28.032Z,147.17654,17.88150,585,17.1,R,UCAC4,,,CCD,K,,,,
2019-10-13T02:06:28.512Z,147.17688,17.88117,585,17.1,R,UCAC4,,,CCD,K,,,,
2019-10-13T02:07:29.856Z,147.17704,17.88078,585,17.1,R,UCAC4,,,CCD,K,,,,
2019-10-13T02:08:31.200Z,147.17733,17.88042,585,17.1,R,UCAC4,,,CCD,K,,,,
2019-10-13T02:09:32.544Z,147.17783,17.88028,585,17.1,R,UCAC4,,,CCD,K,,,,
2019-10-13T02:10:33.888Z,147.17817,17.87989,585,17.1,R,UCAC4,,,CCD,K,,,,
2019-10-13T02:11:35.232Z,147.17825,17.87942,585,17.3,R,UCAC4,,,CCD,K,,,,
2019-10-13T02:12:35.712Z,147.17875,17.87922,585,17.0,R,UCAC4,,,CCD,K,,,,
2019-10-13T02:14:38.400Z,147.17963,17.87836,585,17.0,R,UCAC4,,,CCD,K,,,,
2019-10-13T02:15:39.744Z,147.17979,17.87822,585,17.3,R,UCAC4,,,CCD,K,,,,
2019-10-13T02:16:41.088Z,147.18013,17.87783,585,16.9,R,UCAC4,,,CCD,K,,,,
2019-10-13T02:17:42.432Z,147.18042,17.87750,585,16.9,R,UCAC4,,,CCD,K,,,,
2019-10-13T02:17:46.752Z,147.18067,17.87700,C73,17.7,G,Gaia2,,,CCD,K,,,,
2019-10-13T02:18:42.912Z,147.18075,17.87719,585,16.9,R,UCAC4,,,CCD,K,,,,
2019-10-13T02:19:44.256Z,147.18117,17.87669,585,16.9,R,UCAC4,,,CCD,K,,,,
2019-10-13T02:20:45.600Z,147.18142,17.87642,585,16.9,R,UCAC4,,,CCD,K,,,,
2019-10-13T02:22:57.792Z,147.18217,17.87572,585,16.9,R,UCAC4,,,CCD,K,,,,
2019-10-13T02:23:33.216Z,147.18233,17.87525,C73,17.7,G,Gaia2,,,CCD,K,,,,
2019-10-13T02:29:19.680Z,147.18429,17.87308,C73,18.0,G,Gaia2,,,CCD,K,,,,
2019-10-13T02:35:05.280Z,147.18592,17.87142,C73,17.6,G,Gaia2,,,CCD,K,,,,
2019-10-13T02:40:51.744Z,147.18829,17.86919,C73,18.0,G,Gaia2,,,CCD,K,,,,
2019-10-13T02:46:37.344Z,147.18992,17.86769,C73,18.0,G,Gaia2,,,CCD,K,,,,
2019-10-13T02:52:23.808Z,147.19213,17.86564,C73,18.1,G,Gaia2,,,CCD,K,,,,
2019-10-13T02:58:09.408Z,147.19313,17.86406,C73,18.1,G,Gaia2,,,CCD,K,,,,
2019-10-13T03:53:10.061Z,147.210833,17.846639,C53,,,2MASS,0.25,0.25,CCD,,ICRF_KM,-4066.0602,4308.9114,-4009.9042
2019-10-13T03:59:30.134Z,147.213000,17.844611,C53,,,2MASS,0.25,0.25,CCD,,ICRF_KM,-4434.4355,5423.6110,-1446.4315
2019-10-13T04:05:50.208Z,147.214917,17.842250,C53,,,2MASS,0.25,0.25,CCD,,ICRF_KM,-4113.7084,5695.4838,1342.2874
2019-10-13T05:32:33Z,147.24253,17.81367,G40,17.6,G,Gaia2,0.29,0.28,CCD,K,,,,
2019-10-13T05:49:35Z,147.24800,17.80810,G40,17.6,G,Gaia2,0.21,0.18,CCD,K,,,,
2019-10-13T06:05:16Z,147.25282,17.80303,G40,17.6,G,Gaia2,0.18,0.17,CCD,K,,,,
2019-10-13T10:45:50.227Z,147.341792,17.711222,C53,,,2MASS,0.25,0.25,CCD,,ICRF_KM,-4299.0430,5689.0969,566.8290
2019-10-13T10:52:10.301Z,147.343958,17.709111,C53,,,2MASS,0.25,0.25,CCD,,ICRF_KM,-3504.3446,5322.6107,3247.6994
2019-10-13T10:58:30.374Z,147.346125,17.706917,C53,,,2MASS,0.25,0.25,CCD,,ICRF_KM,-2165.3798,4129.4819,5423.0272
2019-10-13T14:03:10.051Z,147.404500,17.646250,C53,,,2MASS,0.25,0.25,CCD,,ICRF_KM,-4469.2787,5494.3193,-1004.9799
2019-10-13T14:09:30.125Z,147.406708,17.643722,C53,,,2MASS,0.25,0.25,CCD,,ICRF_KM,-4041.3204,5627.0448,1779.4391
2019-10-13T14:15:50.198Z,147.408667,17.641722,C53,,,2MASS,0.25,0.25,CCD,,ICRF_KM,-2985.2515,4885.2046,4286.6579
2019-10-14T01:30:00.086Z,147.623542,17.419361,C53,,,2MASS,0.25,0.25,CCD,,ICRF_KM,-2537.3677,1629.5329,-6488.3817
2019-10-14T01:36:20.074Z,147.625500,17.417222,C53,,,2MASS,0.25,0.25,CCD,,ICRF_KM,-3784.2017,3590.5939,-4896.0257
2019-10-14T01:42:40.234Z,147.627417,17.415222,C53,,,2MASS,0.25,0.25,CCD,,ICRF_KM,-4444.8153,4995.4924,-2543.1269
2019-10-14T01:49:00.307Z,147.629417,17.413083,C53,,,2MASS,0.25,0.25,CCD,,ICRF_KM,-4415.2011,5624.6254,205.5474
2019-10-14T01:55:20.381Z,147.631458,17.410611,C53,,,2MASS,0.25,0.25,CCD,,ICRF_KM,-3699.3454,5379.5355,2922.1878
2019-10-14T04:02:43.584Z,147.67325,17.36742,A77,16.7,R,UCAC4,,,CCD,K,,,,
2019-10-14T04:12:28.512Z,147.67592,17.36506,A77,16.4,R,UCAC4,,,CCD,K,,,,
2019-10-14T04:22:13.440Z,147.67925,17.36231,A77,16.4,R,UCAC4,,,CCD,K,,,,
2019-10-14T13:13:10.070Z,147.847083,17.185833,C53,,,2MASS,0.25,0.25,CCD,,ICRF_KM,-2567.4310,1631.5549,-6476.0235
2019-10-14T13:19:30.144Z,147.849125,17.183889,C53,,,2MASS,0.25,0.25,CCD,,ICRF_KM,-3825.2685,3577.7702,-4873.4974
2019-10-14T13:32:10.291Z,147.853458,17.179222,C53,,,2MASS,0.25,0.25,CCD,,ICRF_KM,-4458.1333,5589.5287,236.6471
2019-10-14T16:53:10.090Z,147.917292,17.111889,C53,,,2MASS,0.25,0.25,CCD,,ICRF_KM,-4464.6425,5581.8692,284.7039
2019-10-14T16:59:30.163Z,147.919167,17.109667,C53,,,2MASS,0.25,0.25,CCD,,ICRF_KM,-3727.6270,5319.9780,2994.1378
2019-10-14T17:05:50.237Z,147.921250,17.107333,C53,,,2MASS,0.25,0.25,CCD,,ICRF_KM,-2411.6049,4231.7933,5237.4666
2019-10-14T21:46:36.768Z,148.01112,17.01356,N55,,,UCAC4,,,CCD,K,,,,
2019-10-14T21:56:21.696Z,148.01417,17.01003,N55,17.2,R,UCAC4,,,CCD,K,,,,
2019-10-14T23:15:00.086Z,148.037500,16.985889,C53,,,2MASS,0.25,0.25,CCD,,ICRF_KM,-2380.2375,1336.9391,-6613.6621
2019-10-15T06:00:00.086Z,148.167083,16.849028,C53,,,2MASS,0.25,0.25,CCD,,ICRF_KM,-3133.1251,2381.0196,-5975.1627
2019-10-15T06:06:20.074Z,148.169417,16.846667,C53,,,2MASS,0.25,0.25,CCD,,ICRF_KM,-4205.3958,4135.7614,-4048.9810
2019-10-15T06:12:40.147Z,148.171458,16.844361,C53,,,2MASS,0.25,0.25,CCD,,ICRF_KM,-4625.6178,5249.2965,-1493.2180
2019-10-15T06:19:00.307Z,148.173625,16.842083,C53,,,2MASS,0.25,0.25,CCD,,ICRF_KM,-4327.2120,5547.3037,1295.0311
2019-10-15T06:25:20.381Z,148.175583,16.839611,C53,,,2MASS,0.25,0.25,CCD,,ICRF_KM,-3356.3603,4983.2815,3881.5752
