body,jd_tdb,x,y,z,vx,vy,vz
earth,2458724.5,0.916397337806,-0.389913014041,-0.169030519882,0.00696266882228,0.0142657780596,0.00618353278087
earth,2458724.54167,0.91668721945,-0.389318508462,-0.168772830054,0.00695164935419,0.0142704884361,0.00618557843998
earth,2458724.58333,0.916976641858,-0.388723806776,-0.168515055056,0.00694062547337,0.0142751912759,0.00618762090843
earth,2458724.625,0.917265604845,-0.388128909294,-0.168257195023,0.00692959719121,0.0142798865687,0.00618966018128
earth,2458724.66667,0.91755410823,-0.387533816333,-0.167999250086,0.00691856451921,0.0142845743037,0.00619169625361
earth,2458724.70833,0.917842151828,-0.386938528207,-0.167741220379,0.00690752746905,0.0142892544708,0.00619372912051
earth,2458724.75,0.918129735458,-0.386343045233,-0.167483106037,0.00689648605255,0.0142939270594,0.00619575877709
earth,2458724.79167,0.918416858938,-0.385747367725,-0.167224907192,0.00688544028168,0.0142985920595,0.0061977852185
earth,2458724.83333,0.918703522088,-0.385151496,-0.16696662398,0.00687439016854,0.0143032494607,0.0061998084399
earth,2458724.875,0.918989724726,-0.384555430375,-0.166708256534,0.0068633357254,0.0143078992532,0.00620182843646
earth,2458724.91667,0.919275466672,-0.383959171168,-0.166449804989,0.00685227696465,0.0143125414269,0.00620384520339
earth,2458724.95833,0.919560747746,-0.383362718696,-0.166191269479,0.00684121389885,0.014317175972,0.00620585873594
earth,2458725,0.91984556777,-0.382766073276,-0.165932650139,0.00683014654066,0.0143218028787,0.00620786902936
earth,2458725.04167,0.920129926565,-0.382169235229,-0.165673947105,0.00681907490293,0.0143264221374,0.00620987607895
earth,2458725.08333,0.920413823953,-0.381572204871,-0.165415160511,0.0068079989986,0.0143310337385,0.00621187988003
earth,2458725.125,0.920697259756,-0.380974982523,-0.165156290493,0.00679691884078,0.0143356376725,0.00621388042796
earth,2458725.16667,0.920980233797,-0.380377568505,-0.164897337187,0.00678583444269,0.0143402339302,0.00621587771811
earth,2458725.20833,0.921262745901,-0.379779963136,-0.164638300729,0.0067747458177,0.0143448225023,0.00621787174592
earth,2458725.25,0.92154479589,-0.379182166737,-0.164379181254,0.00676365297929,0.0143494033797,0.00621986250685
earth,2458725.29167,0.921826383591,-0.378584179628,-0.164119978898,0.00675255594108,0.0143539765535,0.00622184999638
earth,2458725.33333,0.922107508827,-0.377986002131,-0.163860693799,0.00674145471683,0.0143585420148,0.00622383421004
earth,2458725.375,0.922388171426,-0.377387634567,-0.163601326093,0.00673034932039,0.0143630997548,0.00622581514342
earth,2458725.41667,0.922668371213,-0.376789077259,-0.163341875916,0.00671923976575,0.014367649765,0.00622779279211
earth,2458725.45833,0.922948108015,-0.376190330528,-0.163082343406,0.00670812606703,0.0143721920369,0.00622976715177
earth,2458725.5,0.923227381661,-0.375591394697,-0.162822728699,0.00669700823844,0.0143767265621,0.0062317382181
earth,2458725.54167,0.923506191978,-0.374992270089,-0.162563031934,0.00668588629433,0.0143812533325,0.00623370598684
earth,2458725.58333,0.923784538795,-0.374392957027,-0.162303253246,0.00667476024913,0.0143857723399,0.00623567045376
earth,2458725.625,0.924062421942,-0.373793455835,-0.162043392775,0.0066636301174,0.0143902835764,0.00623763161469
earth,2458725.66667,0.924339841249,-0.373193766837,-0.161783450658,0.00665249591381,0.0143947870342,0.00623958946552
earth,2458725.70833,0.924616796545,-0.372593890357,-0.161523427032,0.00664135765313,0.0143992827057,0.00624154400217
earth,2458725.75,0.924893287664,-0.37199382672,-0.161263322037,0.0066302153502,0.0144037705833,0.00624349522061
earth,2458725.79167,0.925169314435,-0.37139357625,-0.16100313581,0.00661906902,0.0144082506597,0.00624544311686
earth,2458725.83333,0.925444876693,-0.370793139273,-0.16074286849,0.00660791867758,0.0144127229277,0.00624738768699
earth,2458725.875,0.92571997427,-0.370192516115,-0.160482520216,0.00659676433809,0.0144171873802,0.00624932892714
earth,2458725.91667,0.925994606999,-0.3695917071,-0.160222091126,0.00658560601676,0.0144216440102,0.00625126683349
earth,2458725.95833,0.926268774716,-0.368990712556,-0.159961581359,0.00657444372892,0.014426092811,0.00625320140226
earth,2458726,0.926542477255,-0.368389532808,-0.159700991055,0.00656327748995,0.014430533776,0.00625513262974
earth,2458726.04167,0.926815714452,-0.367788168183,-0.159440320353,0.00655210731535,0.0144349668988,0.00625706051228
earth,2458726.08333,0.927088486143,-0.367186619009,-0.159179569393,0.00654093322066,0.014439392173,0.00625898504629
earth,2458726.125,0.927360792166,-0.366584885611,-0.158918738313,0.00652975522153,0.0144438095925,0.0062609062282
earth,2458726.16667,0.927632632358,-0.365982968319,-0.158657827254,0.00651857333363,0.0144482191512,0.00626282405456
earth,2458726.20833,0.927904006557,-0.365380867458,-0.158396836355,0.00650738757274,0.0144526208435,0.00626473852192
earth,2458726.25,0.928174914602,-0.364778583358,-0.158135765757,0.00649619795467,0.0144570146636,0.00626664962692
earth,2458726.29167,0.928445356333,-0.364176116345,-0.157874615599,0.00648500449532,0.014461400606,0.00626855736626
earth,2458726.33333,0.92871533159,-0.36357346675,-0.157613386023,0.00647380721061,0.0144657786653,0.00627046173669
earth,2458726.375,0.928984840214,-0.3629706349,-0.157352077168,0.00646260611654,0.0144701488365,0.00627236273504
earth,2458726.41667,0.929253882047,-0.362367621123,-0.157090689175,0.00645140122914,0.0144745111145,0.00627426035818
earth,2458726.45833,0.929522456931,-0.36176442575,-0.156829222185,0.00644019256451,0.0144788654944,0.00627615460305
earth,2458726.5,0.929790564709,-0.361161049108,-0.156567676339,0.00642898013875,0.0144832119716,0.00627804546666
earth,2458726.54167,0.930058205224,-0.360557491529,-0.156306051777,0.00641776396803,0.0144875505415,0.00627993294608
earth,2458726.58333,0.930325378321,-0.35995375334,-0.15604434864,0.00640654406856,0.0144918811999,0.00628181703845
earth,2458726.625,0.930592083845,-0.359349834872,-0.155782567071,0.00639532045655,0.0144962039425,0.00628369774097
earth,2458726.66667,0.930858321641,-0.358745736455,-0.155520707209,0.00638409314825,0.0145005187653,0.00628557505089
earth,2458726.70833,0.931124091556,-0.358141458418,-0.155258769197,0.00637286215996,0.0145048256645,0.00628744896556
earth,2458726.75,0.931389393437,-0.357537001093,-0.154996753176,0.00636162750795,0.0145091246364,0.00628931948236
earth,2458726.79167,0.931654227131,-0.356932364809,-0.154734659287,0.00635038920856,0.0145134156774,0.00629118659876
earth,2458726.83333,0.931918592487,-0.356327549896,-0.154472487673,0.00633914727809,0.0145176987843,0.00629305031229
earth,2458726.875,0.932182489354,-0.355722556687,-0.154210238475,0.0063279017329,0.0145219739539,0.00629491062055
earth,2458726.91667,0.932445917581,-0.355117385511,-0.153947911835,0.00631665258931,0.0145262411831,0.00629676752119
earth,2458726.95833,0.93270887702,-0.354512036699,-0.153685507896,0.00630539986369,0.0145305004691,0.00629862101195
earth,2458727,0.932971367521,-0.353906510582,-0.153423026798,0.00629414357236,0.0145347518092,0.00630047109063
earth,2458727.04167,0.933233388935,-0.353300807491,-0.153160468686,0.00628288373167,0.014538995201,0.00630231775509
earth,2458727.08333,0.933494941116,-0.352694927759,-0.1528978337,0.00627162035794,0.014543230642,0.00630416100326
earth,2458727.125,0.933756023916,-0.352088871715,-0.152635121983,0.00626035346751,0.01454745813,0.00630600083315
earth,2458727.16667,0.934016637189,-0.351482639692,-0.152372333678,0.00624908307667,0.0145516776631,0.00630783724282
earth,2458727.20833,0.934276780791,-0.35087623202,-0.152109468927,0.00623780920171,0.0145558892394,0.00630967023041
earth,2458727.25,0.934536454575,-0.350269649032,-0.151846527873,0.00622653185889,0.0145600928572,0.00631149979411
earth,2458727.29167,0.934795658398,-0.349662891059,-0.151583510658,0.00621525106446,0.0145642885149,0.00631332593221
earth,2458727.33333,0.935054392116,-0.349055958433,-0.151320417426,0.00620396683462,0.0145684762111,0.00631514864303
earth,2458727.375,0.935312655586,-0.348448851486,-0.151057248319,0.00619267918556,0.0145726559447,0.00631696792499
earth,2458727.41667,0.935570448667,-0.347841570549,-0.15079400348,0.00618138813342,0.0145768277146,0.00631878377655
earth,2458727.45833,0.935827771217,-0.347234115954,-0.150530683052,0.00617009369432,0.0145809915198,0.00632059619625
earth,2458727.5,0.936084623095,-0.346626488033,-0.150267287178,0.00615879588431,0.0145851473595,0.00632240518269
earth,2458727.54167,0.936341004161,-0.346018687118,-0.150003816001,0.00614749471944,0.0145892952333,0.00632421073455
earth,2458727.58333,0.936596914275,-0.34541071354,-0.149740269664,0.00613619021566,0.0145934351406,0.00632601285057
earth,2458727.625,0.936852353299,-0.344802567633,-0.149476648311,0.00612488238891,0.0145975670812,0.00632781152954
earth,2458727.66667,0.937107321095,-0.344194249728,-0.149212952085,0.00611357125507,0.0146016910548,0.00632960677033
earth,2458727.70833,0.937361817525,-0.343585760156,-0.148949181128,0.00610225682996,0.0146058070614,0.00633139857188
earth,2458727.75,0.937615842452,-0.34297709925,-0.148685335585,0.00609093912933,0.0146099151013,0.00633318693317
earth,2458727.79167,0.93786939574,-0.342368267341,-0.148421415598,0.00607961816889,0.0146140151746,0.00633497185328
earth,2458727.83333,0.938122477254,-0.341759264763,-0.148157421311,0.00606829396428,0.0146181072818,0.00633675333131
earth,2458727.875,0.938375086859,-0.341150091845,-0.147893352868,0.00605696653106,0.0146221914235,0.00633853136647
earth,2458727.91667,0.938627224421,-0.340540748921,-0.147629210412,0.00604563588475,0.0146262676003,0.006340305958
earth,2458727.95833,0.938878889805,-0.339931236323,-0.147364994086,0.00603430204076,0.014630335813,0.0063420771052
earth,2458728,0.93913008288,-0.339321554381,-0.147100704034,0.00602296501445,0.0146343960627,0.00634384480745
earth,2458728.04167,0.939380803512,-0.338711703428,-0.1468363404,0.00601162482112,0.0146384483505,0.00634560906419
earth,2458728.08333,0.939631051571,-0.338101683795,-0.146571903327,0.00600028147595,0.0146424926775,0.0063473698749
earth,2458728.125,0.939880826925,-0.337491495815,-0.146307392958,0.00598893499408,0.0146465290451,0.00634912723914
earth,2458728.16667,0.940130129444,-0.336881139819,-0.146042809438,0.00597758539053,0.0146505574548,0.00635088115651
earth,2458728.20833,0.940378958998,-0.336270616138,-0.14577815291,0.00596623268027,0.0146545779082,0.00635263162668
earth,2458728.25,0.940627315458,-0.335659925104,-0.145513423517,0.00595487687817,0.014658590407,0.00635437864939
earth,2458728.29167,0.940875198695,-0.335049067048,-0.145248621404,0.00594351799899,0.014662594953,0.0063561222244
earth,2458728.33333,0.941122608582,-0.334438042301,-0.144983746713,0.00593215605743,0.0146665915482,0.00635786235157
earth,2458728.375,0.941369544991,-0.333826851196,-0.144718799589,0.00592079106808,0.0146705801948,0.00635959903078
earth,2458728.41667,0.941616007795,-0.333215494062,-0.144453780175,0.00590942304545,0.0146745608947,0.00636133226198
earth,2458728.45833,0.941861996869,-0.332603971232,-0.144188688615,0.00589805200393,0.0146785336505,0.00636306204517
earth,2458728.5,0.942107512087,-0.331992283035,-0.143923525053,0.00588667795784,0.0146824984643,0.00636478838041
earth,2458728.54167,0.942352553324,-0.331380429803,-0.143658289631,0.00587530092138,0.0146864553388,0.00636651126779
earth,2458728.58333,0.942597120456,-0.330768411867,-0.143392982495,0.00586392090865,0.0146904042766,0.00636823070749
earth,2458728.625,0.942841213359,-0.330156229557,-0.143127603787,0.00585253793367,0.0146943452803,0.00636994669969
earth,2458728.66667,0.94308483191,-0.329543883204,-0.142862153651,0.00584115201033,0.0146982783528,0.00637165924467
earth,2458728.70833,0.943327975986,-0.328931373138,-0.142596632231,0.00582976315242,0.014702203497,0.00637336834272
earth,2458728.75,0.943570645465,-0.328318699689,-0.14233103967,0.00581837137365,0.0147061207157,0.00637507399421
earth,2458728.79167,0.943812840226,-0.327705863188,-0.142065376113,0.00580697668758,0.0147100300123,0.00637677619952
earth,2458728.83333,0.944054560149,-0.327092863965,-0.141799641702,0.0057955791077,0.0147139313897,0.0063784749591
earth,2458728.875,0.944295805112,-0.326479702349,-0.141533836581,0.00578417864736,0.0147178248512,0.00638017027345
earth,2458728.91667,0.944536574996,-0.32586637867,-0.141267960893,0.00577277531983,0.0147217104002,0.00638186214309
earth,2458728.95833,0.944776869682,-0.325252893259,-0.141002014783,0.00576136913825,0.0147255880402,0.00638355056862
earth,2458729,0.945016689052,-0.324639246443,-0.140735998394,0.00574996011565,0.0147294577745,0.00638523555064
earth,2458729.04167,0.945256032986,-0.324025438554,-0.140469911868,0.00573854826495,0.0147333196068,0.00638691708982
earth,2458729.08333,0.945494901368,-0.323411469919,-0.140203755351,0.00572713359895,0.0147371735407,0.00638859518686
earth,2458729.125,0.94573329408,-0.322797340869,-0.139937528984,0.00571571613035,0.0147410195799,0.00639026984251
earth,2458729.16667,0.945971211007,-0.322183051731,-0.139671232912,0.00570429587173,0.0147448577282,0.00639194105754
earth,2458729.20833,0.946208652031,-0.321568602834,-0.139404867277,0.00569287283554,0.0147486879894,0.00639360883277
earth,2458729.25,0.946445617038,-0.320953994508,-0.139138432223,0.00568144703413,0.0147525103675,0.00639527316906
earth,2458729.29167,0.946682105912,-0.32033922708,-0.138871927894,0.00567001847974,0.0147563248665,0.00639693406731
earth,2458729.33333,0.94691811854,-0.319724300878,-0.138605354432,0.00565858718449,0.0147601314903,0.00639859152842
earth,2458729.375,0.947153654807,-0.319109216231,-0.138338711981,0.00564715316036,0.0147639302431,0.00640024555338
earth,2458729.41667,0.947388714599,-0.318493973467,-0.138072000684,0.00563571641925,0.014767721129,0.00640189614316
earth,2458729.45833,0.947623297804,-0.317878572913,-0.137805220683,0.00562427697291,0.0147715041521,0.00640354329881
earth,2458729.5,0.947857404309,-0.317263014897,-0.137538372123,0.00561283483301,0.0147752793168,0.00640518702136
earth,2458729.54167,0.948091034003,-0.316647299746,-0.137271455146,0.00560139001106,0.0147790466274,0.00640682731192
earth,2458729.58333,0.948324186773,-0.316031427787,-0.137004469895,0.0055899425185,0.0147828060881,0.0064084641716
earth,2458729.625,0.948556862509,-0.315415399347,-0.136737416513,0.00557849236661,0.0147865577033,0.00641009760154
earth,2458729.66667,0.9487890611,-0.314799214754,-0.136470295142,0.00556703956657,0.0147903014775,0.00641172760292
earth,2458729.70833,0.949020782436,-0.314182874333,-0.136203105927,0.00555558412947,0.0147940374152,0.00641335417695
earth,2458729.75,0.949252026408,-0.313566378411,-0.135935849008,0.00554412606624,0.0147977655207,0.00641497732484
earth,2458729.79167,0.949482792905,-0.312949727315,-0.13566852453,0.00553266538772,0.0148014857988,0.00641659704785
earth,2458729.83333,0.949713081821,-0.31233292137,-0.135401132635,0.00552120210464,0.0148051982538,0.00641821334725
earth,2458729.875,0.949942893045,-0.311715960903,-0.135133673466,0.00550973622759,0.0148089028905,0.00641982622436
earth,2458729.91667,0.95017222647,-0.311098846238,-0.134866147164,0.00549826776706,0.0148125997134,0.00642143568047
earth,2458729.95833,0.95040108199,-0.310481577702,-0.134598553873,0.00548679673343,0.0148162887272,0.00642304171696
earth,2458730,0.950629459496,-0.309864155619,-0.134330893735,0.00547532313696,0.0148199699365,0.00642464433516
earth,2458730.04167,0.950857358882,-0.309246580315,-0.134063166893,0.0054638469878,0.0148236433462,0.00642624353648
earth,2458730.08333,0.951084780043,-0.308628852115,-0.133795373488,0.00545236829598,0.0148273089607,0.00642783932232
earth,2458730.125,0.951311722872,-0.308010971343,-0.133527513663,0.00544088707143,0.014830966785,0.0064294316941
earth,2458730.16667,0.951538187264,-0.307392938324,-0.133259587561,0.00542940332396,0.0148346168238,0.00643102065325
earth,2458730.20833,0.951764173114,-0.306774753383,-0.132991595323,0.00541791706326,0.0148382590818,0.00643260620125
earth,2458730.25,0.951989680318,-0.306156416842,-0.132723537091,0.00540642829894,0.0148418935638,0.00643418833955
earth,2458730.29167,0.952214708771,-0.305537929027,-0.132455413009,0.00539493704047,0.0148455202746,0.00643576706966
earth,2458730.33333,0.95243925837,-0.304919290261,-0.132187223216,0.00538344329723,0.014849139219,0.00643734239306
earth,2458730.375,0.952663329011,-0.304300500867,-0.131918967856,0.00537194707847,0.0148527504019,0.00643891431129
earth,2458730.41667,0.952886920592,-0.303681561168,-0.131650647071,0.00536044839337,0.0148563538279,0.00644048282587
earth,2458730.45833,0.95311003301,-0.303062471489,-0.131382261002,0.00534894725097,0.0148599495021,0.00644204793834
earth,2458730.5,0.953332666162,-0.302443232151,-0.13111380979,0.00533744366021,0.0148635374291,0.00644360965026
earth,2458730.54167,0.953554819948,-0.301823843477,-0.130845293578,0.00532593762994,0.0148671176139,0.0064451679632
earth,2458730.58333,0.953776494264,-0.30120430579,-0.130576712507,0.00531442916891,0.0148706900612,0.00644672287873
earth,2458730.625,0.953997689011,-0.300584619413,-0.130308066718,0.00530291828574,0.0148742547759,0.00644827439843
earth,2458730.66667,0.954218404088,-0.299964784666,-0.130039356354,0.00529140498897,0.0148778117628,0.0064498225239
earth,2458730.70833,0.954438639394,-0.299344801873,-0.129770581555,0.00527988928703,0.0148813610267,0.00645136725675
earth,2458730.75,0.954658394829,-0.298724671355,-0.129501742463,0.00526837118827,0.0148849025725,0.00645290859858
earth,2458730.79167,0.954877670293,-0.298104393432,-0.129232839219,0.00525685070092,0.014888436405,0.00645444655101
earth,2458730.83333,0.955096465687,-0.297483968428,-0.128963871964,0.00524532783311,0.0148919625289,0.00645598111567
earth,2458730.875,0.955314780913,-0.296863396662,-0.12869484084,0.00523380259289,0.0148954809492,0.00645751229418
earth,2458730.91667,0.955532615871,-0.296242678456,-0.128425745987,0.00522227498821,0.0148989916704,0.00645904008819
earth,2458730.95833,0.955749970462,-0.29562181413,-0.128156587546,0.00521074502691,0.0149024946975,0.00646056449933
earth,2458731,0.95596684459,-0.295000804004,-0.127887365659,0.00519921271677,0.0149059900353,0.00646208552925
earth,2458731.04167,0.956183238156,-0.2943796484,-0.127618080466,0.00518767806543,0.0149094776883,0.0064636031796
earth,2458731.08333,0.956399151063,-0.293758347637,-0.127348732107,0.00517614108049,0.0149129576615,0.00646511745202
earth,2458731.125,0.956614583214,-0.293136902035,-0.127079320725,0.00516460176943,0.0149164299595,0.00646662834817
earth,2458731.16667,0.956829534512,-0.292515311914,-0.126809846459,0.00515306013965,0.014919894587,0.00646813586971
earth,2458731.20833,0.95704400486,-0.291893577592,-0.126540309449,0.00514151619845,0.0149233515487,0.0064696400183
earth,2458731.25,0.957257994163,-0.291271699391,-0.126270709837,0.00512996995306,0.0149268008493,0.00647114079559
earth,2458731.29167,0.957471502324,-0.290649677628,-0.126001047763,0.00511842141061,0.0149302424934,0.00647263820325
earth,2458731.33333,0.957684529249,-0.290027512623,-0.125731323367,0.00510687057816,0.0149336764857,0.00647413224293
earth,2458731.375,0.957897074841,-0.289405204694,-0.12546153679,0.00509531746269,0.0149371028308,0.0064756229163
earth,2458731.41667,0.958109139006,-0.28878275416,-0.125191688171,0.00508376207107,0.0149405215333,0.00647711022501
earth,2458731.45833,0.958320721649,-0.288160161339,-0.124921777651,0.00507220441012,0.0149439325977,0.00647859417072
earth,2458731.5,0.958531822675,-0.287537426549,-0.12465180537,0.00506064448656,0.0149473360285,0.00648007475509
earth,2458731.54167,0.958742441991,-0.286914550109,-0.124381771468,0.00504908230704,0.0149507318304,0.00648155197977
earth,2458731.58333,0.958952579503,-0.286291532336,-0.124111676085,0.00503751787813,0.0149541200078,0.00648302584641
earth,2458731.625,0.959162235116,-0.285668373548,-0.123841519361,0.00502595120633,0.0149575005651,0.00648449635668
earth,2458731.66667,0.959371408739,-0.285045074061,-0.123571301435,0.00501438229806,0.0149608735069,0.0064859635122
earth,2458731.70833,0.959580100277,-0.284421634194,-0.123301022448,0.00500281115967,0.0149642388375,0.00648742731463
earth,2458731.75,0.959788309638,-0.283798054264,-0.123030682539,0.00499123779742,0.0149675965613,0.00648888776561
earth,2458731.79167,0.959996036729,-0.283174334586,-0.122760281847,0.00497966221752,0.0149709466828,0.00649034486676
earth,2458731.83333,0.960203281459,-0.282550475479,-0.122489820513,0.0049680844261,0.0149742892062,0.00649179861973
earth,2458731.875,0.960410043734,-0.281926477258,-0.122219298676,0.00495650442922,0.0149776241358,0.00649324902615
earth,2458731.91667,0.960616323464,-0.28130234024,-0.121948716474,0.00494492223288,0.014980951476,0.00649469608762
earth,2458731.95833,0.960822120556,-0.28067806474,-0.121678074048,0.00493333784299,0.0149842712309,0.00649613980578
earth,2458732,0.961027434921,-0.280053651076,-0.121407371537,0.00492175126542,0.0149875834049,0.00649758018223
earth,2458732.04167,0.961232266465,-0.279429099562,-0.121136609079,0.00491016250596,0.014990888002,0.00649901721857
earth,2458732.08333,0.961436615099,-0.278804410514,-0.120865786815,0.00489857157034,0.0149941850265,0.00650045091642
earth,2458732.125,0.961640480732,-0.278179584248,-0.120594904882,0.00488697846423,0.0149974744825,0.00650188127736
earth,2458732.16667,0.961843863274,-0.277554621079,-0.120323963421,0.00487538319324,0.0150007563741,0.00650330830298
earth,2458732.20833,0.962046762635,-0.276929521322,-0.12005296257,0.0048637857629,0.0150040307054,0.00650473199486
earth,2458732.25,0.962249178725,-0.276304285292,-0.119781902468,0.0048521861787,0.0150072974804,0.00650615235457
earth,2458732.29167,0.962451111454,-0.275678913304,-0.119510783254,0.00484058444608,0.0150105567031,0.00650756938369
earth,2458732.33333,0.962652560732,-0.275053405671,-0.119239605066,0.00482898057039,0.0150138083774,0.00650898308377
earth,2458732.375,0.962853526471,-0.27442776271,-0.118968368043,0.00481737455695,0.0150170525074,0.00651039345637
earth,2458732.41667,0.963054008582,-0.273801984734,-0.118697072324,0.00480576641101,0.0150202890969,0.00651180050303
earth,2458732.45833,0.963254006976,-0.273176072057,-0.118425718047,0.00479415613778,0.0150235181498,0.00651320422529
earth,2458732.5,0.963453521564,-0.272550024993,-0.118154305351,0.0047825437424,0.01502673967,0.00651460462468
earth,2458732.54167,0.963652552259,-0.271923843856,-0.117882834374,0.00477092922997,0.0150299536613,0.00651600170271
earth,2458732.58333,0.963851098971,-0.271297528959,-0.117611305255,0.00475931260553,0.0150331601274,0.00651739546091
earth,2458732.625,0.964049161613,-0.270671080616,-0.117339718132,0.00474769387407,0.015036359072,0.00651878590077
earth,2458732.66667,0.964246740098,-0.270044499141,-0.117068073143,0.00473607304054,0.015039550499,0.0065201730238
earth,2458732.70833,0.964443834337,-0.269417784846,-0.116796370426,0.00472445010982,0.015042734412,0.00652155683148
earth,2458732.75,0.964640444244,-0.268790938044,-0.11652461012,0.00471282508677,0.0150459108145,0.0065229373253
earth,2458732.79167,0.964836569732,-0.268163959049,-0.116252792362,0.00470119797618,0.0150490797103,0.00652431450671
earth,2458732.83333,0.965032210714,-0.267536848172,-0.11598091729,0.00468956878281,0.0150522411029,0.00652568837719
earth,2458732.875,0.965227367102,-0.266909605727,-0.115708985043,0.00467793751135,0.0150553949959,0.00652705893818
earth,2458732.91667,0.965422038811,-0.266282232027,-0.115436995758,0.00466630416648,0.0150585413928,0.00652842619114
earth,2458732.95833,0.965616225754,-0.265654727382,-0.115164949573,0.00465466875282,0.0150616802969,0.00652979013748
earth,2458733,0.965809927845,-0.265027092106,-0.114892846626,0.00464303127493,0.0150648117119,0.00653115077865
earth,2458733.04167,0.966003144998,-0.26439932651,-0.114620687054,0.00463139173735,0.0150679356411,0.00653250811606
earth,2458733.08333,0.966195877128,-0.263771430906,-0.114348470995,0.00461975014458,0.0150710520878,0.00653386215111
earth,2458733.125,0.966388124148,-0.263143405607,-0.114076198587,0.00460810650106,0.0150741610555,0.0065352128852
earth,2458733.16667,0.966579885974,-0.262515250922,-0.113803869967,0.00459646081122,0.0150772625474,0.00653656031972
earth,2458733.20833,0.966771162521,-0.261886967165,-0.113531485273,0.00458481307942,0.0150803565667,0.00653790445604
earth,2458733.25,0.966961953703,-0.261258554646,-0.113259044642,0.00457316331,0.0150834431169,0.00653924529555
earth,2458733.29167,0.967152259435,-0.260630013675,-0.112986548211,0.00456151150726,0.015086522201,0.00654058283959
earth,2458733.33333,0.967342079633,-0.260001344566,-0.112713996118,0.00454985767546,0.0150895938222,0.00654191708951
earth,2458733.375,0.967531414213,-0.259372547627,-0.112441388499,0.00453820181883,0.0150926579838,0.00654324804667
earth,2458733.41667,0.96772026309,-0.258743623171,-0.112168725493,0.00452654394156,0.0150957146887,0.00654457571238
earth,2458733.45833,0.96790862618,-0.258114571507,-0.111896007235,0.00451488404781,0.0150987639401,0.00654590008798
earth,2458733.5,0.9680965034,-0.257485392946,-0.111623233864,0.00450322214169,0.015101805741,0.00654722117476
earth,2458733.54167,0.968283894664,-0.256856087798,-0.111350405517,0.0044915582273,0.0151048400945,0.00654853897404
earth,2458733.58333,0.968470799891,-0.256226656375,-0.111077522329,0.0044798923087,0.0151078670035,0.00654985348711
earth,2458733.625,0.968657218996,-0.255597098985,-0.110804584438,0.00446822438991,0.0151108864709,0.00655116471525
earth,2458733.66667,0.968843151896,-0.254967415939,-0.110531591982,0.00445655447493,0.0151138984998,0.00655247265973
earth,2458733.70833,0.969028598507,-0.254337607546,-0.110258545096,0.00444488256772,0.0151169030929,0.00655377732182
earth,2458733.75,0.969213558749,-0.253707674118,-0.109985443917,0.00443320867221,0.0151199002532,0.00655507870277
earth,2458733.79167,0.969398032536,-0.253077615962,-0.109712288583,0.00442153279231,0.0151228899835,0.00655637680383
earth,2458733.83333,0.969582019787,-0.252447433389,-0.109439079229,0.0044098549319,0.0151258722865,0.00655767162623
earth,2458733.875,0.969765520419,-0.251817126708,-0.109165815993,0.00439817509481,0.015128847165,0.00655896317119
earth,2458733.91667,0.969948534351,-0.251186696228,-0.10889249901,0.00438649328488,0.0151318146218,0.00656025143994
earth,2458733.95833,0.970131061499,-0.250556142259,-0.108619128418,0.00437480950589,0.0151347746595,0.00656153643368
earth,2458734,0.970313101782,-0.249925465109,-0.108345704353,0.00436312376161,0.0151377272808,0.00656281815361
earth,2458734.04167,0.970494655119,-0.249294665089,-0.108072226951,0.00435143605578,0.0151406724885,0.00656409660092
earth,2458734.08333,0.970675721427,-0.248663742505,-0.107798696348,0.00433974639211,0.015143610285,0.00656537177678
earth,2458734.125,0.970856300624,-0.248032697668,-0.107525112681,0.00432805477429,0.0151465406729,0.00656664368236
earth,2458734.16667,0.971036392631,-0.247401530885,-0.107251476087,0.00431636120599,0.0151494636549,0.00656791231883
earth,2458734.20833,0.971215997364,-0.246770242466,-0.1069777867,0.00430466569084,0.0151523792334,0.00656917768733
earth,2458734.25,0.971395114745,-0.246138832718,-0.106704044658,0.00429296823246,0.015155287411,0.00657043978901
earth,2458734.29167,0.97157374469,-0.245507301951,-0.106430250096,0.00428126883445,0.01515818819,0.006571698625
earth,2458734.33333,0.971751887121,-0.244875650472,-0.106156403151,0.00426956750037,0.015161081573,0.00657295419642
earth,2458734.375,0.971929541955,-0.244243878589,-0.105882503959,0.00425786423377,0.0151639675623,0.00657420650438
earth,2458734.41667,0.972106709113,-0.243611986611,-0.105608552655,0.00424615903817,0.0151668461603,0.00657545555
earth,2458734.45833,0.972283388515,-0.242979974845,-0.105334549375,0.00423445191708,0.0151697173694,0.00657670133437
earth,2458734.5,0.97245958008,-0.2423478436,-0.105060494255,0.00422274287398,0.0151725811919,0.00657794385856
earth,2458734.54167,0.972635283728,-0.241715593182,-0.104786387432,0.00421103191233,0.0151754376301,0.00657918312368
earth,2458734.58333,0.972810499379,-0.2410832239,-0.10451222904,0.00419931903558,0.0151782866862,0.00658041913077
earth,2458734.625,0.972985226954,-0.240450736061,-0.104238019216,0.00418760424713,0.0151811283626,0.00658165188091
earth,2458734.66667,0.973159466373,-0.239818129972,-0.103963758095,0.0041758875504,0.0151839626613,0.00658288137515
earth,2458734.70833,0.973333217557,-0.239185405941,-0.103689445814,0.00416416894876,0.0151867895846,0.00658410761453
earth,2458734.75,0.973506480426,-0.238552564276,-0.103415082506,0.00415244844557,0.0151896091347,0.00658533060008
earth,2458734.79167,0.973679254901,-0.237919605282,-0.103140668309,0.00414072604418,0.0151924213137,0.00658655033283
earth,2458734.83333,0.973851540903,-0.237286529268,-0.102866203357,0.0041290017479,0.0151952261237,0.0065877668138
earth,2458734.875,0.974023338354,-0.236653336541,-0.102591687786,0.00411727556005,0.0151980235668,0.006588980044
earth,2458734.91667,0.974194647174,-0.236020027407,-0.102317121732,0.00410554748392,0.0152008136451,0.00659019002443
earth,2458734.95833,0.974365467284,-0.235386602173,-0.102042505329,0.00409381752276,0.0152035963605,0.00659139675609
earth,2458735,0.974535798608,-0.234753061146,-0.101767838714,0.00408208567984,0.0152063717151,0.00659260023995
earth,2458735.04167,0.974705641065,-0.234119404632,-0.101493122021,0.00407035195838,0.0152091397108,0.00659380047699
earth,2458735.08333,0.974874994578,-0.233485632939,-0.101218355386,0.00405861636161,0.0152119003497,0.00659499746819
earth,2458735.125,0.975043859069,-0.232851746372,-0.100943538944,0.00404687889273,0.0152146536336,0.0065961912145
earth,2458735.16667,0.97521223446,-0.232217745238,-0.10066867283,0.00403513955491,0.0152173995645,0.00659738171688
earth,2458735.20833,0.975380120673,-0.231583629844,-0.100393757179,0.00402339835134,0.0152201381442,0.00659856897627
earth,2458735.25,0.97554751763,-0.230949400495,-0.100118792127,0.00401165528515,0.0152228693747,0.0065997529936
earth,2458735.29167,0.975714425254,-0.230315057498,-0.0998437778078,0.00399991035949,0.0152255932576,0.00660093376981
earth,2458735.33333,0.975880843468,-0.229680601159,-0.0995687143575,0.00398816357748,0.015228309795,0.00660211130582
earth,2458735.375,0.976046772193,-0.229046031783,-0.0992936019107,0.00397641494222,0.0152310189884,0.00660328560253
earth,2458735.41667,0.976212211354,-0.228411349678,-0.0990184406023,0.0039646644568,0.0152337208398,0.00660445666086
earth,2458735.45833,0.976377160872,-0.227776555149,-0.0987432305672,0.00395291212429,0.0152364153508,0.0066056244817
earth,2458735.5,0.976541620672,-0.227141648501,-0.0984679719404,0.00394115794776,0.0152391025231,0.00660678906594
earth,2458735.54167,0.976705590676,-0.22650663004,-0.0981926648567,0.00392940193025,0.0152417823586,0.00660795041447
earth,2458735.58333,0.976869070807,-0.225871500073,-0.0979173094508,0.00391764407479,0.0152444548587,0.00660910852816
earth,2458735.625,0.97703206099,-0.225236258904,-0.0976419058576,0.00390588438439,0.0152471200253,0.00661026340788
earth,2458735.66667,0.977194561147,-0.224600906839,-0.0973664542117,0.00389412286206,0.0152497778598,0.00661141505449
earth,2458735.70833,0.977356571203,-0.223965444184,-0.0970909546479,0.00388235951078,0.015252428364,0.00661256346885
earth,2458735.75,0.977518091081,-0.223329871244,-0.0968154073008,0.00387059433352,0.0152550715393,0.00661370865179
earth,2458735.79167,0.977679120705,-0.222694188324,-0.0965398123051,0.00385882733326,0.0152577073875,0.00661485060416
earth,2458735.83333,0.97783966,-0.22205839573,-0.0962641697954,0.00384705851292,0.0152603359099,0.00661598932679
earth,2458735.875,0.977999708889,-0.221422493767,-0.0959884799061,0.00383528787544,0.0152629571082,0.00661712482051
earth,2458735.91667,0.978159267298,-0.22078648274,-0.0957127427718,0.00382351542375,0.0152655709838,0.00661825708613
earth,2458735.95833,0.97831833515,-0.220150362953,-0.0954369585271,0.00381174116074,0.0152681775382,0.00661938612447
earth,2458736,0.978476912369,-0.219514134713,-0.0951611273063,0.0037999650893,0.0152707767728,0.00662051193632
earth,2458736.04167,0.978634998882,-0.218877798324,-0.0948852492438,0.00378818721232,0.0152733686892,0.00662163452249
earth,2458736.08333,0.978792594612,-0.218241354091,-0.0946093244742,0.00377640753267,0.0152759532886,0.00662275388376
earth,2458736.125,0.978949699485,-0.217604802318,-0.0943333531316,0.00376462605318,0.0152785305726,0.00662387002092
earth,2458736.16667,0.979106313425,-0.216968143311,-0.0940573353505,0.00375284277671,0.0152811005424,0.00662498293474
earth,2458736.20833,0.979262436358,-0.216331377374,-0.0937812712652,0.00374105770607,0.0152836631995,0.006626092626
earth,2458736.25,0.979418068209,-0.215694504813,-0.0935051610098,0.00372927084409,0.0152862185451,0.00662719909545
earth,2458736.29167,0.979573208903,-0.215057525931,-0.0932290047186,0.00371748219356,0.0152887665806,0.00662830234386
earth,2458736.33333,0.979727858367,-0.214420441032,-0.0929528025258,0.00370569175727,0.0152913073072,0.00662940237197
earth,2458736.375,0.979882016525,-0.213783250423,-0.0926765545657,0.00369389953799,0.0152938407263,0.00663049918053
earth,2458736.41667,0.980035683304,-0.213145954407,-0.0924002609722,0.0036821055385,0.0152963668391,0.00663159277027
earth,2458736.45833,0.980188858629,-0.212508553288,-0.0921239218795,0.00367030976154,0.0152988856468,0.00663268314192
earth,2458736.5,0.980341542426,-0.211871047371,-0.0918475374217,0.00365851220985,0.0153013971507,0.00663377029621
earth,2458736.54167,0.980493734621,-0.21123343696,-0.0915711077328,0.00364671288616,0.0153039013519,0.00663485423385
earth,2458736.58333,0.980645435142,-0.21059572236,-0.0912946329469,0.00363491179318,0.0153063982516,0.00663593495556
earth,2458736.625,0.980796643913,-0.209957903874,-0.0910181131979,0.00362310893362,0.0153088878509,0.00663701246203
earth,2458736.66667,0.980947360862,-0.209319981807,-0.0907415486197,0.00361130431015,0.0153113701511,0.00663808675398
earth,2458736.70833,0.981097585914,-0.208681956463,-0.0904649393463,0.00359949792547,0.0153138451531,0.00663915783208
earth,2458736.75,0.981247318998,-0.208043828145,-0.0901882855116,0.00358768978224,0.0153163128582,0.00664022569702
earth,2458736.79167,0.981396560038,-0.207405597159,-0.0899115872495,0.00357587988311,0.0153187732673,0.00664129034949
earth,2458736.83333,0.981545308964,-0.206767263808,-0.0896348446938,0.00356406823073,0.0153212263816,0.00664235179015
earth,2458736.875,0.9816935657,-0.206128828395,-0.0893580579783,0.00355225482772,0.0153236722021,0.00664341001967
earth,2458736.91667,0.981841330175,-0.205490291226,-0.0890812272367,0.00354043967671,0.0153261107298,0.00664446503872
earth,2458736.95833,0.981988602316,-0.204851652602,-0.088804352603,0.00352862278029,0.0153285419657,0.00664551684794
earth,2458737,0.982135382049,-0.20421291283,-0.0885274342107,0.00351680414108,0.0153309659108,0.00664656544798
earth,2458737.04167,0.982281669303,-0.203574072211,-0.0882504721935,0.00350498376164,0.015333382566,0.00664761083948
earth,2458737.08333,0.982427464005,-0.20293513105,-0.0879734666853,0.00349316164455,0.0153357919323,0.00664865302309
earth,2458737.125,0.982572766083,-0.202296089651,-0.0876964178195,0.00348133779238,0.0153381940107,0.00664969199943
earth,2458737.16667,0.982717575464,-0.201656948317,-0.0874193257298,0.00346951220767,0.015340588802,0.00665072776911
earth,2458737.20833,0.982861892076,-0.201017707352,-0.0871421905499,0.00345768489296,0.0153429763071,0.00665176033277
earth,2458737.25,0.983005715848,-0.20037836706,-0.0868650124133,0.00344585585077,0.015345356527,0.006652789691
earth,2458737.29167,0.983149046706,-0.199738927743,-0.0865877914535,0.00343402508362,0.0153477294624,0.00665381584442
earth,2458737.33333,0.983291884581,-0.199099389706,-0.0863105278041,0.00342219259401,0.0153500951141,0.00665483879362
earth,2458737.375,0.983434229399,-0.198459753251,-0.0860332215985,0.00341035838443,0.0153524534831,0.0066558585392
earth,2458737.41667,0.983576081089,-0.197820018683,-0.0857558729703,0.00339852245736,0.01535480457,0.00665687508173
earth,2458737.45833,0.98371743958,-0.197180186305,-0.0854784820529,0.00338668481528,0.0153571483758,0.00665788842181
earth,2458737.5,0.9838583048,-0.19654025642,-0.0852010489796,0.00337484546063,0.015359484901,0.00665889856
earth,2458737.54167,0.983998676678,-0.195900229331,-0.084923573884,0.00336300439587,0.0153618141466,0.00665990549687
earth,2458737.58333,0.984138555142,-0.195260105342,-0.0846460568994,0.00335116162343,0.0153641361131,0.00666090923299
earth,2458737.625,0.984277940122,-0.194619884756,-0.084368498159,0.00333931714573,0.0153664508014,0.0066619097689
earth,2458737.66667,0.984416831547,-0.193979567876,-0.0840908977964,0.00332747096519,0.015368758212,0.00666290710517
earth,2458737.70833,0.984555229346,-0.193339155006,-0.0838132559447,0.0033156230842,0.0153710583457,0.00666390124232
earth,2458737.75,0.984693133447,-0.192698646448,-0.0835355727373,0.00330377350516,0.0153733512031,0.00666489218091
earth,2458737.79167,0.984830543781,-0.192058042507,-0.0832578483074,0.00329192223045,0.0153756367849,0.00666587992145
earth,2458737.83333,0.984967460276,-0.191417343484,-0.0829800827882,0.00328006926243,0.0153779150916,0.00666686446448
earth,2458737.875,0.985103882863,-0.190776549683,-0.0827022763131,0.00326821460347,0.0153801861238,0.00666784581051
earth,2458737.91667,0.98523981147,-0.190135661408,-0.0824244290151,0.0032563582559,0.0153824498822,0.00666882396006
earth,2458737.95833,0.985375246027,-0.189494678961,-0.0821465410275,0.00324450022206,0.0153847063672,0.00666979891363
earth,2458738,0.985510186465,-0.188853602645,-0.0818686124833,0.00323264050428,0.0153869555795,0.00667077067172
earth,2458738.04167,0.985644632713,-0.188212432764,-0.0815906435159,0.00322077910487,0.0153891975195,0.00667173923482
earth,2458738.08333,0.9857785847,-0.18757116962,-0.0813126342581,0.00320891602613,0.0153914321877,0.00667270460343
earth,2458738.125,0.985912042358,-0.186929813516,-0.0810345848433,0.00319705127036,0.0153936595847,0.00667366677802
earth,2458738.16667,0.986045005616,-0.186288364755,-0.0807564954043,0.00318518483984,0.0153958797108,0.00667462575908
earth,2458738.20833,0.986177474405,-0.185646823641,-0.0804783660744,0.00317331673682,0.0153980925665,0.00667558154706
earth,2458738.25,0.986309448655,-0.185005190476,-0.0802001969864,0.00316144696359,0.0154002981524,0.00667653414243
earth,2458738.29167,0.986440928296,-0.184363465562,-0.0799219882735,0.00314957552238,0.0154024964686,0.00667748354565
earth,2458738.33333,0.986571913258,-0.183721649204,-0.0796437400686,0.00313770241543,0.0154046875158,0.00667842975716
earth,2458738.375,0.986702403474,-0.183079741704,-0.0793654525047,0.00312582764497,0.0154068712941,0.00667937277742
earth,2458738.41667,0.986832398872,-0.182437743364,-0.0790871257148,0.00311395121322,0.015409047804,0.00668031260685
earth,2458738.45833,0.986961899385,-0.181795654488,-0.0788087598318,0.00310207312238,0.0154112170458,0.00668124924588
earth,2458738.5,0.987090904943,-0.181153475378,-0.0785303549886,0.00309019337465,0.0154133790199,0.00668218269495
earth,2458738.54167,0.987219415477,-0.180511206337,-0.0782519113182,0.00307831197222,0.0154155337264,0.00668311295447
earth,2458738.58333,0.987347430918,-0.179868847668,-0.0779734289534,0.00306642891727,0.0154176811658,0.00668404002485
earth,2458738.625,0.987474951197,-0.179226399674,-0.0776949080271,0.00305454421195,0.0154198213381,0.0066849639065
earth,2458738.66667,0.987601976246,-0.178583862658,-0.0774163486721,0.00304265785843,0.0154219542438,0.00668588459981
earth,2458738.70833,0.987728505996,-0.177941236921,-0.0771377510214,0.00303076985884,0.015424079883,0.00668680210517
earth,2458738.75,0.987854540378,-0.177298522768,-0.0768591152076,0.00301888021533,0.0154261982558,0.00668771642297
earth,2458738.79167,0.987980079324,-0.176655720501,-0.0765804413637,0.00300698893002,0.0154283093625,0.0066886275536
earth,2458738.83333,0.988105122766,-0.176012830422,-0.0763017296224,0.00299509600503,0.0154304132033,0.00668953549741
earth,2458738.875,0.988229670635,-0.175369852835,-0.0760229801165,0.00298320144245,0.0154325097782,0.00669044025478
earth,2458738.91667,0.988353722863,-0.174726788042,-0.0757441929788,0.00297130524439,0.0154345990875,0.00669134182606
earth,2458738.95833,0.988477279383,-0.174083636345,-0.0754653683419,0.00295940741293,0.0154366811311,0.0066922402116
earth,2458739,0.988600340125,-0.173440398048,-0.0751865063387,0.00294750795015,0.0154387559092,0.00669313541176
earth,2458739.04167,0.988722905023,-0.172797073454,-0.0749076071018,0.00293560685811,0.0154408234218,0.00669402742686
earth,2458739.08333,0.988844974007,-0.172153662864,-0.074628670764,0.00292370413888,0.015442883669,0.00669491625725
earth,2458739.125,0.988966547012,-0.171510166582,-0.074349697458,0.00291179979449,0.0154449366509,0.00669580190323
earth,2458739.16667,0.989087623968,-0.170866584911,-0.0740706873163,0.00289989382699,0.0154469823673,0.00669668436514
earth,2458739.20833,0.989208204808,-0.170222918152,-0.0737916404718,0.0028879862384,0.0154490208183,0.00669756364328
earth,2458739.25,0.989328289465,-0.16957916661,-0.0735125570569,0.00287607703075,0.0154510520039,0.00669843973795
earth,2458739.29167,0.989447877871,-0.168935330586,-0.0732334372045,0.00286416620605,0.015453075924,0.00669931264946
earth,2458739.33333,0.98956696996,-0.168291410384,-0.072954281047,0.00285225376629,0.0154550925784,0.00670018237808
earth,2458739.375,0.989685565663,-0.167647406306,-0.0726750887172,0.00284033971347,0.0154571019672,0.00670104892411
earth,2458739.41667,0.989803664914,-0.167003318654,-0.0723958603475,0.00282842404957,0.0154591040902,0.00670191228781
earth,2458739.45833,0.989921267645,-0.166359147732,-0.0721165960707,0.00281650677657,0.0154610989473,0.00670277246947
earth,2458739.5,0.990038373789,-0.165714893843,-0.0718372960193,0.00280458789643,0.0154630865383,0.00670362946933
earth,2458739.54167,0.99015498328,-0.165070557289,-0.0715579603258,0.00279266741111,0.015465066863,0.00670448328765
earth,2458739.58333,0.990271096051,-0.164426138372,-0.0712785891228,0.00278074532255,0.0154670399212,0.00670533392467
earth,2458739.625,0.990386712035,-0.163781637396,-0.0709991825429,0.00276882163271,0.0154690057127,0.00670618138065
earth,2458739.66667,0.990501831165,-0.163137054664,-0.0707197407186,0.0027568963435,0.0154709642373,0.0067070256558
earth,2458739.70833,0.990616453375,-0.162492390477,-0.0704402637824,0.00274496945686,0.0154729154947,0.00670786675035
earth,2458739.75,0.990730578598,-0.16184764514,-0.0701607518669,0.0027330409747,0.0154748594846,0.00670870466453
earth,2458739.79167,0.990844206767,-0.161202818954,-0.0698812051046,0.00272111089892,0.0154767962067,0.00670953939853
earth,2458739.83333,0.990957337817,-0.160557912224,-0.0696016236279,0.00270917923143,0.0154787256607,0.00671037095256
earth,2458739.875,0.991069971681,-0.15991292525,-0.0693220075693,0.00269724597412,0.0154806478463,0.00671119932682
earth,2458739.91667,0.991182108293,-0.159267858337,-0.0690423570615,0.00268531112886,0.015482562763,0.00671202452149
earth,2458739.95833,0.991293747586,-0.158622711788,-0.0687626722367,0.00267337469754,0.0154844704106,0.00671284653676
earth,2458740,0.991404889496,-0.157977485904,-0.0684829532276,0.00266143668203,0.0154863707885,0.00671366537279
earth,2458740.04167,0.991515533955,-0.15733218099,-0.0682032001665,0.00264949708418,0.0154882638964,0.00671448102974
earth,2458740.08333,0.991625680897,-0.156686797347,-0.0679234131859,0.00263755590585,0.0154901497338,0.00671529350778
earth,2458740.125,0.991735330258,-0.156041335279,-0.0676435924183,0.00262561314888,0.0154920283002,0.00671610280706
earth,2458740.16667,0.991844481971,-0.15539579509,-0.0673637379961,0.00261366881512,0.0154938995952,0.0067169089277
earth,2458740.20833,0.991953135971,-0.154750177081,-0.0670838500518,0.0026017229064,0.0154957636182,0.00671771186986
earth,2458740.25,0.992061292192,-0.154104481556,-0.0668039287178,0.00258977542454,0.0154976203686,0.00671851163365
earth,2458740.29167,0.992168950568,-0.153458708818,-0.0665239741265,0.00257782637136,0.0154994698461,0.00671930821918
earth,2458740.33333,0.992276111034,-0.15281285917,-0.0662439864103,0.00256587574867,0.0155013120498,0.00672010162658
earth,2458740.375,0.992382773525,-0.152166932915,-0.0659639657017,0.00255392355828,0.0155031469793,0.00672089185593
earth,2458740.41667,0.992488937976,-0.151520930356,-0.0656839121331,0.00254196980199,0.0155049746339,0.00672167890735
earth,2458740.45833,0.99259460432,-0.150874851796,-0.0654038258369,0.00253001448159,0.0155067950131,0.0067224627809
earth,2458740.5,0.992699772494,-0.150228697539,-0.0651237069455,0.00251805759886,0.015508608116,0.00672324347666
earth,2458740.54167,0.992804442432,-0.149582467888,-0.0648435555913,0.00250609915559,0.015510413942,0.00672402099472
earth,2458740.58333,0.992908614069,-0.148936163145,-0.0645633719068,0.00249413915356,0.0155122124905,0.00672479533512
earth,2458740.625,0.99301228734,-0.148289783615,-0.0642831560242,0.00248217759452,0.0155140037606,0.00672556649792
earth,2458740.66667,0.99311546218,-0.147643329599,-0.0640029080761,0.00247021448025,0.0155157877517,0.00672633448316
earth,2458740.70833,0.993218138525,-0.146996801403,-0.0637226281948,0.0024582498125,0.0155175644629,0.00672709929089
earth,2458740.75,0.993320316309,-0.146350199329,-0.0634423165126,0.00244628359302,0.0155193338935,0.00672786092113
earth,2458740.79167,0.993421995469,-0.14570352368,-0.0631619731621,0.00243431582356,0.0155210960426,0.0067286193739
earth,2458740.83333,0.99352317594,-0.14505677476,-0.0628815982756,0.00242234650587,0.0155228509094,0.00672937464921
earth,2458740.875,0.993623857657,-0.144409952872,-0.0626011919855,0.00241037564167,0.015524598493,0.00673012674706
earth,2458740.91667,0.993724040555,-0.14376305832,-0.0623207544242,0.0023984032327,0.0155263387925,0.00673087566746
earth,2458740.95833,0.993823724571,-0.143116091407,-0.062040285724,0.00238642928069,0.015528071807,0.00673162141038
earth,2458741,0.993922909641,-0.142469052437,-0.0617597860174,0.00237445378736,0.0155297975357,0.0067323639758
earth,2458741.04167,0.994021595699,-0.141821941713,-0.0614792554368,0.00236247675443,0.0155315159774,0.0067331033637
earth,2458741.08333,0.994119782682,-0.14117475954,-0.0611986941146,0.0023504981836,0.0155332271313,0.00673383957404
earth,2458741.125,0.994217470526,-0.14052750622,-0.0609181021831,0.0023385180766,0.0155349309964,0.00673457260676
earth,2458741.16667,0.994314659167,-0.139880182058,-0.0606374797748,0.00232653643512,0.0155366275715,0.00673530246181
earth,2458741.20833,0.994411348541,-0.139232787357,-0.0603568270221,0.00231455326087,0.0155383168558,0.00673602913912
earth,2458741.25,0.994507538584,-0.138585322422,-0.0600761440574,0.00230256855554,0.015539998848,0.00673675263863
earth,2458741.29167,0.994603229233,-0.137937787555,-0.059795431013,0.00229058232082,0.0155416735472,0.00673747296025
earth,2458741.33333,0.994698420423,-0.137290183061,-0.0595146880215,0.00227859455842,0.0155433409522,0.00673819010389
earth,2458741.375,0.994793112092,-0.136642509243,-0.0592339152152,0.00226660527,0.0155450010618,0.00673890406945
earth,2458741.41667,0.994887304174,-0.135994766407,-0.0589531127265,0.00225461445726,0.0155466538749,0.00673961485681
earth,2458741.45833,0.994980996608,-0.135346954855,-0.0586722806879,0.00224262212188,0.0155482993904,0.00674032246588
earth,2458741.5,0.99507418933,-0.134699074892,-0.0583914192318,0.00223062826553,0.0155499376069,0.00674102689651
earth,2458741.54167,0.995166882276,-0.134051126823,-0.0581105284907,0.00221863288989,0.0155515685233,0.00674172814857
earth,2458741.58333,0.995259075383,-0.13340311095,-0.0578296085969,0.00220663599662,0.0155531921384,0.00674242622192
earth,2458741.625,0.995350768588,-0.132755027579,-0.057548659683,0.0021946375874,0.0155548084508,0.00674312111641
earth,2458741.66667,0.995441961828,-0.132106877014,-0.0572676818814,0.00218263766389,0.0155564174593,0.00674381283188
earth,2458741.70833,0.995532655039,-0.131458659559,-0.0569866753245,0.00217063622776,0.0155580191625,0.00674450136815
earth,2458741.75,0.995622848159,-0.130810375519,-0.0567056401448,0.00215863328066,0.015559613559,0.00674518672504
earth,2458741.79167,0.995712541125,-0.130162025197,-0.0564245764749,0.00214662882426,0.0155612006476,0.00674586890237
earth,2458741.83333,0.995801733874,-0.129513608899,-0.0561434844471,0.00213462286022,0.0155627804268,0.00674654789994
earth,2458741.875,0.995890426342,-0.12886512693,-0.0558623641941,0.00212261539018,0.0155643528953,0.00674722371754
earth,2458741.91667,0.995978618469,-0.128216579593,-0.0555812158482,0.0021106064158,0.0155659180515,0.00674789635496
earth,2458741.95833,0.996066310189,-0.127567967194,-0.055300039542,0.00209859593874,0.015567475894,0.00674856581197
earth,2458742,0.996153501443,-0.126919290037,-0.055018835408,0.00208658396065,0.0155690264213,0.00674923208834
earth,2458742.04167,0.996240192165,-0.126270548427,-0.0547376035788,0.00207457048316,0.0155705696319,0.00674989518382
earth,2458742.08333,0.996326382295,-0.125621742669,-0.0544563441869,0.00206255550794,0.0155721055244,0.00675055509816
earth,2458742.125,0.99641207177,-0.124972873068,-0.0541750573648,0.00205053903663,0.015573634097,0.00675121183111
earth,2458742.16667,0.996497260528,-0.124323939929,-0.0538937432452,0.00203852107087,0.0155751553483,0.00675186538238
earth,2458742.20833,0.996581948505,-0.123674943558,-0.0536124019605,0.00202650161231,0.0155766692767,0.00675251575171
earth,2458742.25,0.996666135641,-0.123025884258,-0.0533310336434,0.00201448066259,0.0155781758805,0.0067531629388
earth,2458742.29167,0.996749821873,-0.122376762336,-0.0530496384265,0.00200245822336,0.015579675158,0.00675380694335
earth,2458742.33333,0.996833007139,-0.121727578097,-0.0527682164423,0.00199043429627,0.0155811671077,0.00675444776505
earth,2458742.375,0.996915691377,-0.121078331845,-0.0524867678236,0.00197840888294,0.0155826517278,0.00675508540359
earth,2458742.41667,0.996997874526,-0.120429023888,-0.0522052927029,0.00196638198503,0.0155841290165,0.00675571985865
earth,2458742.45833,0.997079556522,-0.119779654529,-0.0519237912129,0.00195435360418,0.0155855989722,0.00675635112987
earth,2458742.5,0.997160737305,-0.119130224075,-0.0516422634863,0.00194232374203,0.0155870615931,0.00675697921693
earth,2458742.54167,0.997241416813,-0.118480732832,-0.0513607096557,0.00193029240023,0.0155885168774,0.00675760411947
earth,2458742.58333,0.997321594985,-0.117831181104,-0.0510791298539,0.00191825958041,0.0155899648232,0.00675822583711
earth,2458742.625,0.997401271758,-0.117181569198,-0.0507975242135,0.00190622528422,0.0155914054288,0.0067588443695
earth,2458742.66667,0.997480447071,-0.11653189742,-0.0505158928674,0.0018941895133,0.0155928386923,0.00675945971624
earth,2458742.70833,0.997559120864,-0.115882166076,-0.0502342359481,0.00188215226931,0.0155942646117,0.00676007187694
earth,2458742.75,0.997637293073,-0.115232375471,-0.0499525535885,0.00187011355387,0.0155956831852,0.0067606808512
earth,2458742.79167,0.997714963639,-0.114582525913,-0.0496708459214,0.00185807336865,0.0155970944109,0.00676128663861
earth,2458742.83333,0.9977921325,-0.113932617706,-0.0493891130796,0.00184603171528,0.0155984982868,0.00676188923875
earth,2458742.875,0.997868799595,-0.113282651158,-0.0491073551958,0.00183398859542,0.0155998948109,0.00676248865118
earth,2458742.91667,0.997944964863,-0.112632626574,-0.0488255724029,0.00182194401071,0.0156012839812,0.00676308487547
earth,2458742.95833,0.998020628242,-0.111982544261,-0.0485437648338,0.00180989796281,0.0156026657957,0.00676367791117
earth,2458743,0.998095789673,-0.111332404526,-0.0482619326213,0.00179785045336,0.0156040402523,0.00676426775781
earth,2458743.04167,0.998170449093,-0.110682207676,-0.0479800758983,0.00178580148402,0.015605407349,0.00676485441493
earth,2458743.08333,0.998244606443,-0.110031954016,-0.0476981947977,0.00177375105644,0.0156067670836,0.00676543788205
earth,2458743.125,0.998318261661,-0.109381643854,-0.0474162894524,0.00176169917229,0.015608119454,0.00676601815868
earth,2458743.16667,0.998391414687,-0.108731277497,-0.0471343599955,0.00174964583321,0.0156094644582,0.00676659524432
earth,2458743.20833,0.99846406546,-0.108080855252,-0.0468524065597,0.00173759104088,0.0156108020939,0.00676716913846
earth,2458743.25,0.99853621392,-0.107430377425,-0.0465704292783,0.00172553479695,0.0156121323588,0.00676773984059
earth,2458743.29167,0.998607860007,-0.106779844324,-0.046288428284,0.00171347710308,0.0156134552509,0.00676830735018
earth,2458743.33333,0.998679003659,-0.106129256257,-0.0460064037101,0.00170141796095,0.0156147707678,0.00676887166668
earth,2458743.375,0.998749644817,-0.10547861353,-0.0457243556895,0.00168935737222,0.0156160789074,0.00676943278956
earth,2458743.41667,0.99881978342,-0.10482791645,-0.0454422843553,0.00167729533856,0.0156173796672,0.00676999071825
earth,2458743.45833,0.998889419408,-0.104177165327,-0.0451601898407,0.00166523186165,0.015618673045,0.00677054545219
earth,2458743.5,0.998958552722,-0.103526360466,-0.0448780722787,0.00165316694317,0.0156199590385,0.0067710969908
earth,2458743.54167,0.9990271833,-0.102875502176,-0.0445959318025,0.00164110058479,0.0156212376452,0.00677164533349
earth,2458743.58333,0.999095311084,-0.102224590765,-0.0443137685453,0.0016290327882,0.0156225088628,0.00677219047967
earth,2458743.625,0.999162936012,-0.10157362654,-0.0440315826403,0.00161696355507,0.0156237726889,0.00677273242873
earth,2458743.66667,0.999230058027,-0.10092260981,-0.0437493742206,0.00160489288711,0.015625029121,0.00677327118005
earth,2458743.70833,0.999296677066,-0.100271540883,-0.0434671434197,0.001592820786,0.0156262781567,0.006773806733
earth,2458743.75,0.999362793072,-0.0996204200664,-0.0431848903707,0.00158074725343,0.0156275197935,0.00677433908696
earth,2458743.79167,0.999428405984,-0.0989692476694,-0.0429026152069,0.00156867229111,0.0156287540288,0.00677486824126
earth,2458743.83333,0.999493515743,-0.0983180240001,-0.0426203180617,0.00155659590073,0.0156299808602,0.00677539419525
earth,2458743.875,0.99955812229,-0.0976667493672,-0.0423379990684,0.00154451808399,0.0156312002851,0.00677591694826
earth,2458743.91667,0.999622225564,-0.0970154240793,-0.0420556583604,0.00153243884261,0.0156324123009,0.00677643649963
earth,2458743.95833,0.999685825507,-0.0963640484451,-0.0417732960712,0.00152035817831,0.015633616905,0.00677695284865
earth,2458744,0.999748922059,-0.0957126227735,-0.0414909123342,0.00150827609278,0.0156348140947,0.00677746599462
earth,2458744.04167,0.999811515161,-0.0950611473735,-0.0412085072828,0.00149619258776,0.0156360038674,0.00677797593685
earth,2458744.08333,0.999873604755,-0.0944096225543,-0.0409260810506,0.00148410766496,0.0156371862204,0.00677848267461
earth,2458744.125,0.999935190781,-0.0937580486249,-0.0406436337711,0.00147202132611,0.015638361151,0.00677898620717
earth,2458744.16667,0.999996273179,-0.0931064258948,-0.0403611655779,0.00145993357295,0.0156395286565,0.00677948653379
earth,2458744.20833,1.00005685189,-0.0924547546734,-0.0400786766045,0.00144784440721,0.0156406887341,0.00677998365372
earth,2458744.25,1.00011692686,-0.0918030352702,-0.0397961669846,0.00143575383063,0.015641841381,0.0067804775662
earth,2458744.29167,1.00017649802,-0.0911512679949,-0.0395136368519,0.00142366184495,0.0156429865944,0.00678096827046
earth,2458744.33333,1.00023556533,-0.0904994531573,-0.03923108634,0.00141156845192,0.0156441243714,0.00678145576571
earth,2458744.375,1.00029412871,-0.0898475910672,-0.0389485155827,0.0013994736533,0.0156452547093,0.00678194005117
earth,2458744.41667,1.00035218811,-0.0891956820348,-0.0386659247137,0.00138737745085,0.0156463776051,0.00678242112602
earth,2458744.45833,1.00040974348,-0.0885437263702,-0.0383833138668,0.00137527984632,0.0156474930559,0.00678289898946
earth,2458744.5,1.00046679475,-0.0878917243836,-0.0381006831758,0.00136318084148,0.0156486010588,0.00678337364066
earth,2458744.54167,1.00052334186,-0.0872396763855,-0.0378180327747,0.00135108043811,0.0156497016108,0.00678384507878
earth,2458744.58333,1.00057938476,-0.0865875826863,-0.0375353627972,0.00133897863798,0.0156507947089,0.00678431330297
earth,2458744.625,1.0006349234,-0.0859354435966,-0.0372526733774,0.00132687544287,0.0156518803501,0.00678477831239
earth,2458744.66667,1.0006899577,-0.0852832594274,-0.0369699646492,0.00131477085458,0.0156529585314,0.00678524010615
earth,2458744.70833,1.00074448761,-0.0846310304893,-0.0366872367466,0.0013026648749,0.0156540292497,0.00678569868339
earth,2458744.75,1.00079851309,-0.0839787570936,-0.0364044898036,0.00129055750562,0.0156550925018,0.0067861540432
earth,2458744.79167,1.00085203405,-0.0833264395513,-0.0361217239543,0.00127844874855,0.0156561482847,0.00678660618469
earth,2458744.83333,1.00090505046,-0.0826740781736,-0.0358389393329,0.00126633860549,0.0156571965953,0.00678705510695
earth,2458744.875,1.00095756225,-0.0820216732721,-0.0355561360735,0.00125422707827,0.0156582374303,0.00678750080904
earth,2458744.91667,1.00100956937,-0.0813692251583,-0.0352733143102,0.00124211416871,0.0156592707866,0.00678794329004
earth,2458744.95833,1.00106107175,-0.0807167341438,-0.0349904741774,0.00122999987863,0.0156602966608,0.00678838254899
earth,2458745,1.00111206934,-0.0800642005405,-0.0347076158093,0.00121788420986,0.0156613150499,0.00678881858494
earth,2458745.04167,1.00116256208,-0.0794116246604,-0.0344247393401,0.00120576716424,0.0156623259504,0.00678925139692
earth,2458745.08333,1.00121254991,-0.0787590068154,-0.0341418449043,0.00119364874363,0.0156633293591,0.00678968098394
earth,2458745.125,1.00126203279,-0.0781063473179,-0.0338589326362,0.00118152894987,0.0156643252726,0.00679010734502
earth,2458745.16667,1.00131101064,-0.0774536464802,-0.0335760026704,0.00116940778481,0.0156653136876,0.00679053047914
earth,2458745.20833,1.00135948342,-0.0768009046148,-0.0332930551412,0.00115728525034,0.0156662946007,0.00679095038529
earth,2458745.25,1.00140745106,-0.0761481220343,-0.0330100901831,0.00114516134831,0.0156672680085,0.00679136706245
earth,2458745.29167,1.00145491351,-0.0754952990517,-0.0327271079308,0.0011330360806,0.0156682339074,0.00679178050956
earth,2458745.33333,1.00150187071,-0.0748424359797,-0.0324441085189,0.00112090944911,0.0156691922941,0.00679219072558
earth,2458745.375,1.00154832261,-0.0741895331316,-0.0321610920819,0.00110878145572,0.015670143165,0.00679259770944
earth,2458745.41667,1.00159426915,-0.0735365908204,-0.0318780587546,0.00109665210234,0.0156710865165,0.00679300146007
earth,2458745.45833,1.00163971027,-0.0728836093597,-0.0315950086718,0.00108452139086,0.0156720223453,0.00679340197637
earth,2458745.5,1.00168464591,-0.0722305890628,-0.0313119419682,0.00107238932322,0.0156729506475,0.00679379925725
earth,2458745.54167,1.00172907603,-0.0715775302436,-0.0310288587787,0.00106025590132,0.0156738714196,0.00679419330159
earth,2458745.58333,1.00177300055,-0.0709244332158,-0.030745759238,0.00104812112711,0.0156747846581,0.00679458410826
earth,2458745.625,1.00181641944,-0.0702712982935,-0.0304626434813,0.00103598500252,0.015675690359,0.00679497167612
earth,2458745.66667,1.00185933262,-0.0696181257907,-0.0301795116434,0.00102384752949,0.0156765885189,0.00679535600402
earth,2458745.70833,1.00190174004,-0.0689649160217,-0.0298963638593,0.00101170870998,0.0156774791339,0.0067957370908
earth,2458745.75,1.00194364166,-0.068311669301,-0.0296132002642,0.000999568545965,0.0156783622003,0.00679611493527
earth,2458745.79167,1.0019850374,-0.0676583859432,-0.0293300209931,0.000987427039406,0.0156792377142,0.00679648953626
earth,2458745.83333,1.00202592723,-0.0670050662631,-0.0290468261812,0.000975284192286,0.0156801056718,0.00679686089254
earth,2458745.875,1.00206631107,-0.0663517105756,-0.0287636159638,0.000963140006598,0.0156809660694,0.00679722900291
earth,2458745.91667,1.00210618888,-0.0656983191957,-0.0284803904761,0.000950994484341,0.0156818189029,0.00679759386613
earth,2458745.95833,1.00214556059,-0.0650448924388,-0.0281971498534,0.000938847627524,0.0156826641684,0.00679795548097
earth,2458746,1.00218442616,-0.0643914306202,-0.0279138942311,0.000926699438167,0.0156835018621,0.00679831384616
earth,2458746.04167,1.00222278553,-0.0637379340555,-0.0276306237447,0.000914549918298,0.0156843319798,0.00679866896043
earth,2458746.08333,1.00226063863,-0.0630844030605,-0.0273473385296,0.000902399069957,0.0156851545177,0.00679902082249
earth,2458746.125,1.00229798543,-0.062430837951,-0.0270640387213,0.000890246895193,0.0156859694716,0.00679936943105
earth,2458746.16667,1.00233482586,-0.0617772390432,-0.0267807244555,0.000878093396066,0.0156867768375,0.0067997147848
earth,2458746.20833,1.00237115986,-0.0611236066533,-0.0264973958678,0.000865938574646,0.0156875766112,0.0068000568824
earth,2458746.25,1.00240698739,-0.0604699410978,-0.0262140530939,0.000853782433017,0.0156883687886,0.00680039572252
earth,2458746.29167,1.00244230838,-0.0598162426932,-0.0259306962696,0.00084162497327,0.0156891533656,0.0068007313038
earth,2458746.33333,1.00247712278,-0.0591625117563,-0.0256473255306,0.000829466197511,0.0156899303378,0.00680106362486
earth,2458746.375,1.00251143054,-0.0585087486041,-0.0253639410128,0.000817306107856,0.0156906997012,0.00680139268433
earth,2458746.41667,1.00254523161,-0.0578549535536,-0.0250805428522,0.000805144706434,0.0156914614513,0.00680171848081
earth,2458746.45833,1.00257852592,-0.0572011269222,-0.0247971311847,0.000792981995386,0.0156922155838,0.00680204101288
earth,2458746.5,1.00261131342,-0.0565472690275,-0.0245137061465,0.000780817976866,0.0156929620945,0.00680236027911
earth,2458746.54167,1.00264359406,-0.055893380187,-0.0242302678735,0.000768652653041,0.015693700979,0.00680267627805
earth,2458746.58333,1.00267536779,-0.0552394607185,-0.023946816502,0.000756486026091,0.0156944322327,0.00680298900825
earth,2458746.625,1.00270663455,-0.0545855109403,-0.0236633521682,0.000744318098209,0.0156951558514,0.00680329846823
earth,2458746.66667,1.00273739428,-0.0539315311704,-0.0233798750084,0.000732148871604,0.0156958718304,0.0068036046565
earth,2458746.70833,1.00276764694,-0.0532775217272,-0.023096385159,0.000719978348496,0.0156965801652,0.00680390757156
earth,2458746.75,1.00279739246,-0.0526234829295,-0.0228128827563,0.000707806531124,0.0156972808514,0.00680420721187
earth,2458746.79167,1.0028266308,-0.0519694150959,-0.0225293679368,0.000695633421738,0.0156979738842,0.00680450357591
earth,2458746.83333,1.00285536189,-0.0513153185455,-0.0222458408372,0.000683459022606,0.0156986592592,0.00680479666212
earth,2458746.875,1.0028835857,-0.0506611935974,-0.0219623015939,0.000671283336009,0.0156993369715,0.00680508646892
earth,2458746.91667,1.00291130215,-0.050007040571,-0.0216787503437,0.000659106364249,0.0157000070165,0.00680537299474
earth,2458746.95833,1.00293851121,-0.0493528597859,-0.0213951872232,0.000646928109639,0.0157006693895,0.00680565623795
earth,2458747,1.00296521281,-0.0486986515619,-0.0211116123694,0.000634748574512,0.0157013240857,0.00680593619696
earth,2458747.04167,1.00299140691,-0.0480444162188,-0.0208280259191,0.000622567761218,0.0157019711002,0.00680621287011
earth,2458747.08333,1.00301709344,-0.0473901540769,-0.0205444280093,0.000610385672124,0.0157026104283,0.00680648625576
earth,2458747.125,1.00304227236,-0.0467358654566,-0.0202608187768,0.000598202309617,0.0157032420649,0.00680675635223
earth,2458747.16667,1.00306694361,-0.0460815506784,-0.0199771983589,0.000586017676101,0.0157038660053,0.00680702315783
earth,2458747.20833,1.00309110715,-0.0454272100631,-0.0196935668927,0.000573831774001,0.0157044822443,0.00680728667086
earth,2458747.25,1.00311476291,-0.0447728439318,-0.0194099245155,0.000561644605758,0.0157050907771,0.00680754688959
earth,2458747.29167,1.00313791085,-0.0441184526055,-0.0191262713644,0.000549456173838,0.0157056915985,0.00680780381228
earth,2458747.33333,1.00316055091,-0.0434640364057,-0.0188426075769,0.000537266480724,0.0157062847035,0.00680805743717
earth,2458747.375,1.00318268304,-0.0428095956541,-0.0185589332905,0.000525075528922,0.015706870087,0.00680830776249
earth,2458747.41667,1.00320430719,-0.0421551306724,-0.0182752486426,0.00051288332096,0.0157074477437,0.00680855478643
earth,2458747.45833,1.0032254233,-0.0415006417828,-0.0179915537708,0.000500689859386,0.0157080176685,0.00680879850719
earth,2458747.5,1.00324603132,-0.0408461293075,-0.0177078488129,0.000488495146775,0.0157085798561,0.00680903892292
earth,2458747.54167,1.00326613121,-0.040191593569,-0.0174241339065,0.00047629918572,0.0157091343012,0.00680927603178
earth,2458747.58333,1.0032857229,-0.03953703489,-0.0171404091895,0.000464101978843,0.0157096809985,0.0068095098319
earth,2458747.625,1.00330480636,-0.0388824535935,-0.0168566747998,0.000451903528787,0.0157102199427,0.00680974032138
earth,2458747.66667,1.00332338151,-0.0382278500026,-0.0165729308754,0.000439703838224,0.0157107511283,0.00680996749832
earth,2458747.70833,1.00334144833,-0.0375732244406,-0.0162891775543,0.000427502909847,0.0157112745498,0.00681019136079
earth,2458747.75,1.00335900674,-0.0369185772313,-0.0160054149747,0.00041530074638,0.0157117902018,0.00681041190684
earth,2458747.79167,1.0033760567,-0.0362639086985,-0.0157216432748,0.000403097350573,0.0157122980788,0.0068106291345
earth,2458747.83333,1.00339259817,-0.0356092191662,-0.015437862593,0.000390892725201,0.0157127981751,0.00681084304178
earth,2458747.875,1.00340863108,-0.0349545089587,-0.0151540730675,0.000378686873071,0.0157132904851,0.00681105362668
earth,2458747.91667,1.00342415539,-0.0342997784006,-0.0148702748369,0.000366479797019,0.0157137750031,0.00681126088717
earth,2458747.95833,1.00343917105,-0.0336450278167,-0.0145864680398,0.000354271499909,0.0157142517235,0.0068114648212
earth,2458748,1.003453678,-0.0329902575321,-0.0143026528147,0.000342061984637,0.0157147206405,0.0068116654267
earth,2458748.04167,1.0034676762,-0.0323354678718,-0.0140188293005,0.00032985125413,0.0157151817482,0.00681186270158
earth,2458748.08333,1.00348116559,-0.0316806591616,-0.0137349976359,0.000317639311348,0.015715635041,0.00681205664373
earth,2458748.125,1.00349414612,-0.031025831727,-0.0134511579598,0.000305426159284,0.0157160805127,0.00681224725102
earth,2458748.16667,1.00350661775,-0.0303709858942,-0.0131673104113,0.000293211800964,0.0157165181576,0.0068124345213
earth,2458748.20833,1.00351858042,-0.0297161219894,-0.0128834551294,0.000280996239449,0.0157169479697,0.00681261845239
earth,2458748.25,1.00353003409,-0.029061240339,-0.0125995922533,0.000268779477836,0.0157173699429,0.0068127990421
earth,2458748.29167,1.00354097869,-0.0284063412697,-0.0123157219223,0.000256561519258,0.0157177840712,0.00681297628821
earth,2458748.33333,1.0035514142,-0.0277514251087,-0.0120318442758,0.000244342366885,0.0157181903484,0.00681315018849
earth,2458748.375,1.00356134054,-0.0270964921832,-0.0117479594531,0.000232122023925,0.0157185887685,0.00681332074067
earth,2458748.41667,1.00357075768,-0.0264415428206,-0.0114640675939,0.000219900493626,0.0157189793252,0.00681348794248
earth,2458748.45833,1.00357966557,-0.0257865773487,-0.0111801688378,0.000207677779274,0.0157193620123,0.0068136517916
earth,2458748.5,1.00358806415,-0.0251315960956,-0.0108962633246,0.000195453884198,0.0157197368234,0.00681381228571
earth,2458748.54167,1.00359595337,-0.0244765993896,-0.010612351194,0.000183228811768,0.0157201037523,0.00681396942246
earth,2458748.58333,1.0036033332,-0.0238215875591,-0.010328432586,0.000171002565397,0.0157204627926,0.00681412319949
earth,2458748.625,1.00361020357,-0.0231665609332,-0.0100445076407,0.00015877514854,0.0157208139378,0.00681427361439
earth,2458748.66667,1.00361656444,-0.0225115198407,-0.00976057649821,0.000146546564699,0.0157211571815,0.00681442066476
earth,2458748.70833,1.00362241577,-0.0218564646112,-0.00947663929875,0.000134316817421,0.0157214925171,0.00681456434815
earth,2458748.75,1.0036277575,-0.0212013955742,-0.00919269618266,0.000122085910299,0.0157218199382,0.0068147046621
earth,2458748.79167,1.00363258958,-0.0205463130597,-0.0089087472904,0.000109853846975,0.015722139438,0.00681484160412
earth,2458748.83333,1.00363691197,-0.0198912173978,-0.00862479276252,9.76206311393e-05,0.01572245101,0.00681497517172
earth,2458748.875,1.00364072462,-0.0192361089191,-0.00834083273966,8.53862665323e-05,0.0157227546475,0.00681510536235
earth,2458748.91667,1.00364402747,-0.0185809879542,-0.00805686736259,7.31507569452e-05,0.0157230503436,0.00681523217346
earth,2458748.95833,1.0036468205,-0.0179258548342,-0.00777289677218,6.09141062218e-05,0.0157233380916,0.00681535560247
earth,2458749,1.00364910363,-0.0172707098904,-0.0074889211094,4.86763182589e-05,0.0157236178848,0.00681547564679
earth,2458749.04167,1.00365087684,-0.0166155534544,-0.00720494051533,3.64373970078e-05,0.0157238897161,0.00681559230378
earth,2458749.08333,1.00365214007,-0.015960385858,-0.00692095513117,2.41973464755e-05,0.0157241535787,0.00681570557081
earth,2458749.125,1.00365289327,-0.0153052074336,-0.00663696509821,1.19561707256e-05,0.0157244094656,0.00681581544519
earth,2458749.16667,1.0036531364,-0.0146500185134,-0.00635297055789,-2.86126120257e-07,0.0157246573698,0.00681592192424
earth,2458749.20833,1.00365286941,-0.0139948194304,-0.00606897165172,-1.25295398813e-05,0.0157248972842,0.00681602500523
earth,2458749.25,1.00365209226,-0.0133396105175,-0.00578496852136,-2.47740663165e-05,0.0157251292018,0.00681612468542
earth,2458749.29167,1.00365080489,-0.0126843921081,-0.00550096130854,-3.70197011232e-05,0.0157253531153,0.00681622096205
earth,2458749.33333,1.00364900727,-0.0120291645358,-0.00521695015516,-4.92664399357e-05,0.0157255690177,0.00681631383232
earth,2458749.375,1.00364669934,-0.0113739281346,-0.0049329352032,-6.15142783247e-05,0.0157257769015,0.00681640329342
earth,2458749.41667,1.00364388106,-0.0107186832388,-0.00464891659477,-7.37632117951e-05,0.0157259767597,0.00681648934251
earth,2458749.45833,1.00364055239,-0.0100634301829,-0.00436489447209,-8.60132357856e-05,0.0157261685848,0.00681657197674
earth,2458749.5,1.00363671328,-0.00940816930176,-0.00408086897751,-9.82643456667e-05,0.0157263523696,0.00681665119321
earth,2458749.54167,1.00363236368,-0.00875290093055,-0.00379684025349,-0.00011051653674,0.0157265281065,0.00681672698903
earth,2458749.58333,1.00362750355,-0.00809762540476,-0.00351280844264,-0.000122769804236,0.0157266957881,0.00681679936124
earth,2458749.625,1.00362213285,-0.00744234306019,-0.00322877368765,-0.000135024143315,0.015726855407,0.00681686830691
earth,2458749.66667,1.00361625152,-0.00678705423293,-0.00294473613136,-0.000147279549061,0.0157270069556,0.00681693382305
earth,2458749.70833,1.00360985954,-0.00613175925941,-0.00266069591673,-0.000159536016487,0.0157271504264,0.00681699590666
earth,2458749.75,1.00360295684,-0.00547645847636,-0.00237665318685,-0.000171793540529,0.0157272858117,0.00681705455472
earth,2458749.79167,1.00359554339,-0.00482115222084,-0.00209260808493,-0.000184052116044,0.0157274131039,0.00681710976416
earth,2458749.83333,1.00358761915,-0.00416584083021,-0.00180856075431,-0.000196311737813,0.0157275322953,0.00681716153193
earth,2458749.875,1.00357918407,-0.00351052464218,-0.00152451133845,-0.000208572400536,0.0157276433782,0.00681720985492
earth,2458749.91667,1.0035702381,-0.00285520399475,-0.00124045998095,-0.000220834098831,0.0157277463448,0.00681725473003
earth,2458749.95833,1.00356078121,-0.00219987922628,-0.000956406825545,-0.000233096827235,0.0157278411873,0.0068172961541
earth,2458750,1.00355081335,-0.00154455067542,-0.000672352016086,-0.000245360580199,0.0157279278979,0.00681733412397
earth,2458750.04167,1.00354033448,-0.000889218681178,-0.000388295696567,-0.000257625352091,0.0157280064686,0.00681736863646
earth,2458750.08333,1.00352934456,-0.000233883582868,-0.000104238011112,-0.00026989113719,0.0157280768917,0.00681739968836
earth,2458750.125,1.00351784354,0.000421454279854,0.000179820896021,-0.000282157929687,0.015728139159,0.00681742727644
earth,2458750.16667,1.00350583138,0.001076794567,0.000463880880438,-0.000294425723685,0.0157281932628,0.00681745139745
earth,2458750.20833,1.00349330805,0.00173213693826,0.000747941797609,-0.000306694513194,0.0157282391949,0.00681747204811
earth,2458750.25,1.00348027349,0.00238748105297,0.00103200350287,-0.000318964292133,0.0157282769474,0.00681748922513
earth,2458750.29167,1.00346672768,0.00304282657015,0.00131606585141,-0.000331235054326,0.0157283065121,0.00681750292519
earth,2458750.33333,1.00345267056,0.00369817314848,0.0016001286983,-0.000343506793504,0.0157283278809,0.00681751314496
earth,2458750.375,1.0034381021,0.00435352044628,0.00188419189844,-0.000355779503298,0.0157283410458,0.00681751988108
earth,2458750.41667,1.00342302225,0.00500886812157,0.00216825530662,-0.000368053177245,0.0157283459985,0.00681752313017
earth,2458750.45833,1.00340743099,0.00566421583199,0.00245231877748,-0.000380327808779,0.0157283427309,0.00681752288883
earth,2458750.5,1.00339132826,0.00631956323486,0.0027363821655,-0.000392603391235,0.0157283312349,0.00681751915365
earth,2458750.54167,1.00337471402,0.00697490998716,0.00302044532504,-0.000404879917847,0.015728311502,0.00681751192119
earth,2458750.58333,1.00335758825,0.00763025574552,0.00330450811031,-0.000417157381743,0.0157282835242,0.00681750118799
earth,2458750.625,1.0033399509,0.00828560016621,0.00358857037537,-0.000429435775949,0.0157282472931,0.00681748695059
earth,2458750.66667,1.00332180192,0.00894094290519,0.00387263197414,-0.000441715093382,0.0157282028004,0.00681746920548
earth,2458750.70833,1.00330314129,0.00959628361805,0.00415669276039,-0.000453995326854,0.0157281500378,0.00681744794916
earth,2458750.75,1.00328396897,0.01025162196,0.00444075258776,-0.000466276469068,0.015728088997,0.0068174231781
earth,2458750.79167,1.00326428491,0.010906957586,0.0047248113097,-0.000478558512614,0.0157280196697,0.00681739488876
earth,2458750.83333,1.00324408908,0.0115622901506,0.00500886877957,-0.000490841449975,0.0157279420474,0.00681736307757
earth,2458750.875,1.00322338144,0.012217619308,0.00529292485054,-0.000503125273518,0.0157278561218,0.00681732774097
earth,2458750.91667,1.00320216196,0.012872944712,0.00557697937564,-0.000515409975499,0.0157277618845,0.00681728887536
earth,2458750.95833,1.0031804306,0.0135282660162,0.00586103220775,-0.000527695548055,0.0157276593271,0.00681724647712
earth,2458751,1.00315818732,0.0141835828736,0.00614508319962,-0.000539981983212,0.0157275484412,0.00681720054265
earth,2458751.04167,1.00313543209,0.0148388949371,0.00642913220381,-0.000552269272873,0.0157274292184,0.00681715106831
earth,2458751.08333,1.00311216487,0.0154942018592,0.00671317907276,-0.000564557408827,0.0157273016502,0.00681709805044
earth,2458751.125,1.00308838562,0.016149503292,0.00699722365875,-0.00057684638274,0.0157271657283,0.0068170414854
earth,2458751.16667,1.00306409432,0.0168047988871,0.00728126581389,-0.000589136186159,0.0157270214442,0.00681698136949
earth,2458751.20833,1.00303929093,0.017460088296,0.00756530539017,-0.000601426810508,0.0157268687894,0.00681691769905
earth,2458751.25,1.00301397541,0.0181153711698,0.00784934223939,-0.00061371824709,0.0157267077556,0.00681685047037
earth,2458751.29167,1.00298814773,0.0187706471592,0.00813337621323,-0.00062601048708,0.0157265383344,0.00681677967976
earth,2458751.33333,1.00296180786,0.0194259159144,0.00841740716318,-0.000638303521532,0.0157263605172,0.00681670532349
earth,2458751.375,1.00293495576,0.0200811770856,0.00870143494061,-0.000650597341373,0.0157261742958,0.00681662739784
earth,2458751.41667,1.0029075914,0.0207364303222,0.00898545939671,-0.000662891937401,0.0157259796616,0.00681654589909
earth,2458751.45833,1.00287971476,0.0213916752737,0.00926948038252,-0.000675187300289,0.0157257766064,0.00681646082349
earth,2458751.5,1.00285132579,0.022046911589,0.00955349774894,-0.00068748342058,0.0157255651217,0.00681637216729
earth,2458751.54167,1.00282242446,0.0227021389167,0.00983751134668,-0.000699780288687,0.0157253451992,0.00681627992675
earth,2458751.58333,1.00279301075,0.023357356905,0.0101215210263,-0.000712077894893,0.0157251168304,0.00681618409811
earth,2458751.625,1.00276308463,0.0240125652018,0.0104055266383,-0.000724376229353,0.0157248800072,0.00681608467761
earth,2458751.66667,1.00273264606,0.0246677634547,0.0106895280329,-0.000736675282085,0.0157246347212,0.00681598166149
earth,2458751.70833,1.00270169501,0.0253229513109,0.0109735250601,-0.00074897504298,0.0157243809641,0.00681587504597
earth,2458751.75,1.00267023146,0.0259781284173,0.01125751757,-0.000761275501792,0.0157241187277,0.0068157648273
earth,2458751.79167,1.00263825537,0.0266332944203,0.0115415054123,-0.000773576648144,0.0157238480037,0.0068156510017
earth,2458751.83333,1.00260576673,0.0272884489663,0.0118254884366,-0.000785878471524,0.0157235687839,0.0068155335654
earth,2458751.875,1.00257276549,0.0279435917009,0.0121094664925,-0.000798180961287,0.0157232810602,0.00681541251464
earth,2458751.91667,1.00253925164,0.0285987222697,0.0123934394293,-0.000810484106652,0.0157229848244,0.00681528784564
earth,2458751.95833,1.00250522514,0.0292538403179,0.012677407096,-0.000822787896703,0.0157226800685,0.00681515955465
earth,2458752,1.00247068597,0.0299089454903,0.0129613693418,-0.000835092320389,0.0157223667843,0.00681502763791
earth,2458752.04167,1.00243563411,0.0305640374314,0.0132453260154,-0.000847397366522,0.015722044964,0.00681489209165
earth,2458752.08333,1.00240006952,0.0312191157853,0.0135292769656,-0.000859703023781,0.0157217145995,0.00681475291214
earth,2458752.125,1.00236399218,0.0318741801959,0.0138132220409,-0.000872009280706,0.0157213756829,0.00681461009563
earth,2458752.16667,1.00232740207,0.0325292303066,0.0140971610897,-0.000884316125704,0.0157210282063,0.00681446363838
earth,2458752.20833,1.00229029916,0.0331842657608,0.0143810939602,-0.000896623547043,0.015720672162,0.00681431353667
earth,2458752.25,1.00225268343,0.033839286201,0.0146650205004,-0.000908931532857,0.0157203075421,0.00681415978678
earth,2458752.29167,1.00221455486,0.03449429127,0.0149489405584,-0.000921240071144,0.0157199343389,0.006814002385
earth,2458752.33333,1.00217591342,0.03514928061,0.0152328539817,-0.000933549149765,0.0157195525449,0.00681384132765
earth,2458752.375,1.00213675909,0.0358042538627,0.0155167606182,-0.000945858756447,0.0157191621524,0.00681367661103
earth,2458752.41667,1.00209709185,0.0364592106698,0.0158006603151,-0.000958168878783,0.0157187631539,0.00681350823149
earth,2458752.45833,1.00205691168,0.0371141506726,0.0160845529199,-0.000970479504228,0.0157183555419,0.00681333618536
earth,2458752.5,1.00201621855,0.0377690735119,0.0163684382796,-0.000982790620105,0.0157179393091,0.00681316046902
earth,2458752.54167,1.00197501245,0.0384239788285,0.0166523162413,-0.000995102213601,0.0157175144482,0.00681298107885
earth,2458752.58333,1.00193329336,0.0390788662626,0.0169361866518,-0.00100741427178,0.0157170809519,0.00681279801124
earth,2458752.625,1.00189106125,0.0397337354544,0.0172200493578,-0.00101972678155,0.0157166388131,0.00681261126261
earth,2458752.66667,1.00184831612,0.0403885860436,0.0175039042058,-0.00103203972972,0.0157161880247,0.0068124208294
earth,2458752.70833,1.00180505794,0.0410434176696,0.0177877510423,-0.00104435310294,0.0157157285796,0.00681222670807
earth,2458752.75,1.00176128669,0.0416982299716,0.0180715897135,-0.00105666688774,0.0157152604711,0.00681202889512
earth,2458752.79167,1.00171700236,0.0423530225884,0.0183554200656,-0.00106898107052,0.0157147836922,0.00681182738703
earth,2458752.83333,1.00167220493,0.0430077951587,0.0186392419444,-0.00108129563757,0.0157142982362,0.00681162218036
earth,2458752.875,1.00162689438,0.0436625473208,0.0189230551959,-0.00109361057502,0.0157138040966,0.00681141327165
earth,2458752.91667,1.00158107071,0.0443172787128,0.0192068596656,-0.00110592586889,0.0157133012667,0.0068112006575
earth,2458752.95833,1.00153473389,0.0449719889723,0.0194906551991,-0.00111824150508,0.0157127897401,0.00681098433451
earth,2458753,1.00148788391,0.0456266777369,0.0197744416419,-0.00113055746936,0.0157122695105,0.00681076429934
earth,2458753.04167,1.00144052076,0.0462813446439,0.0200582188392,-0.00114287374738,0.0157117405716,0.00681054054865
earth,2458753.08333,1.00139264443,0.0469359893302,0.020341986636,-0.00115519032468,0.0157112029173,0.00681031307917
earth,2458753.125,1.0013442549,0.0475906114325,0.0206257448774,-0.00116750718665,0.0157106565416,0.00681008188762
earth,2458753.16667,1.00129535216,0.0482452105874,0.0209094934082,-0.0011798243186,0.0157101014385,0.00680984697078
earth,2458753.20833,1.0012459362,0.0488997864311,0.0211932320732,-0.00119214170571,0.0157095376022,0.00680960832547
earth,2458753.25,1.00119600701,0.0495543385996,0.0214769607168,-0.00120445933302,0.0157089650271,0.00680936594853
earth,2458753.29167,1.00114556459,0.0502088667286,0.0217606791837,-0.00121677718551,0.0157083837076,0.00680911983685
earth,2458753.33333,1.00109460891,0.0508633704537,0.022044387318,-0.001229095248,0.0157077936382,0.00680886998734
earth,2458753.375,1.00104313998,0.0515178494102,0.022328084964,-0.00124141350523,0.0157071948136,0.00680861639698
earth,2458753.41667,1.00099115778,0.0521723032331,0.0226117719657,-0.00125373194183,0.0157065872286,0.00680835906276
earth,2458753.45833,1.00093866232,0.0528267315575,0.0228954481672,-0.00126605054231,0.0157059708781,0.00680809798174
earth,2458753.5,1.00088565357,0.0534811340178,0.0231791134121,-0.0012783692911,0.0157053457572,0.00680783315101
earth,2458753.54167,1.00083213154,0.0541355102487,0.0234627675443,-0.00129068817252,0.015704711861,0.00680756456769
earth,2458753.58333,1.00077809622,0.0547898598843,0.0237464104073,-0.00130300717078,0.0157040691849,0.00680729222897
earth,2458753.625,1.00072354761,0.0554441825587,0.0240300418445,-0.00131532627002,0.0157034177242,0.00680701613208
earth,2458753.66667,1.0006684857,0.0560984779059,0.0243136616994,-0.00132764545427,0.0157027574747,0.00680673627429
earth,2458753.70833,1.00061291049,0.0567527455595,0.0245972698151,-0.00133996470747,0.0157020884319,0.00680645265291
earth,2458753.75,1.00055682197,0.0574069851531,0.0248808660348,-0.00135228401348,0.0157014105919,0.00680616526533
earth,2458753.79167,1.00050022015,0.0580611963199,0.0251644502016,-0.00136460335607,0.0157007239505,0.00680587410897
earth,2458753.83333,1.00044310502,0.0587153786933,0.0254480221582,-0.00137692271893,0.015700028504,0.00680557918129
earth,2458753.875,1.00038547659,0.0593695319062,0.0257315817476,-0.00138924208566,0.0156993242486,0.00680528047982
earth,2458753.91667,1.00032733485,0.0600236555916,0.0260151288124,-0.0014015614398,0.0156986111807,0.00680497800215
earth,2458753.95833,1.00026867981,0.0606777493822,0.0262986631953,-0.00141388076481,0.0156978892971,0.00680467174591
earth,2458754,1.00020951145,0.0613318129106,0.0265821847387,-0.00142620004407,0.0156971585943,0.00680436170878
earth,2458754.04167,1.0001498298,0.0619858458092,0.0268656932851,-0.00143851926089,0.0156964190694,0.00680404788852
earth,2458754.08333,1.00008963485,0.0626398477104,0.0271491886769,-0.00145083839854,0.0156956707194,0.00680373028291
earth,2458754.125,1.0000289266,0.0632938182465,0.0274326707561,-0.0014631574402,0.0156949135414,0.00680340888983
earth,2458754.16667,0.999967705066,0.0639477570496,0.027716139365,-0.001475476369,0.0156941475329,0.00680308370719
earth,2458754.20833,0.999905970242,0.0646016637516,0.0279995943457,-0.00148779516802,0.0156933726913,0.00680275473296
earth,2458754.25,0.999843722137,0.0652555379845,0.0282830355401,-0.00150011382027,0.0156925890144,0.00680242196519
earth,2458754.29167,0.999780960759,0.06590937938,0.0285664627901,-0.00151243230874,0.0156917964999,0.00680208540197
earth,2458754.33333,0.999717686114,0.06656318757,0.0288498759375,-0.00152475061634,0.015690995146,0.00680174504147
earth,2458754.375,0.99965389821,0.0672169621861,0.0291332748241,-0.00153706872596,0.0156901849506,0.0068014008819
earth,2458754.41667,0.999589597056,0.0678707028598,0.0294166592916,-0.00154938662045,0.0156893659123,0.00680105292154
earth,2458754.45833,0.999524782662,0.0685244092226,0.0297000291814,-0.0015617042826,0.0156885380293,0.00680070115876
earth,2458754.5,0.999459455036,0.069178080906,0.0299833843353,-0.00157402169518,0.0156877013005,0.00680034559195
earth,2458754.54167,0.999393614191,0.0698317175414,0.0302667245946,-0.00158633884095,0.0156868557246,0.0067999862196
earth,2458754.58333,0.999327260137,0.0704853187602,0.0305500498007,-0.00159865570262,0.0156860013006,0.00679962304025
earth,2458754.625,0.999260392887,0.0711388841936,0.030833359795,-0.00161097226288,0.0156851380276,0.00679925605251
earth,2458754.66667,0.999193012453,0.0717924134729,0.0311166544188,-0.00162328850441,0.015684265905,0.00679888525504
earth,2458754.70833,0.999125118849,0.0724459062294,0.0313999335134,-0.00163560440986,0.0156833849322,0.00679851064659
earth,2458754.75,0.99905671209,0.0730993620943,0.0316831969198,-0.00164791996187,0.0156824951088,0.00679813222597
earth,2458754.79167,0.998987792191,0.0737527806989,0.0319664444792,-0.00166023514309,0.0156815964348,0.00679774999205
earth,2458754.83333,0.998918359167,0.0744061616743,0.0322496760328,-0.00167254993614,0.01568068891,0.00679736394377
earth,2458754.875,0.998848413035,0.0750595046518,0.0325328914216,-0.00168486432366,0.0156797725345,0.00679697408015
earth,2458754.91667,0.998777953813,0.0757128092626,0.0328160904865,-0.00169717828826,0.0156788473088,0.00679658040025
earth,2458754.95833,0.998706981517,0.0763660751379,0.0330992730686,-0.00170949181259,0.0156779132333,0.00679618290324
earth,2458755,0.998635496168,0.0770193019091,0.0333824390087,-0.00172180487929,0.0156769703086,0.00679578158831
earth,2458755.04167,0.998563497784,0.0776724892074,0.0336655881479,-0.00173411747101,0.0156760185355,0.00679537645476
earth,2458755.08333,0.998490986385,0.0783256366642,0.0339487203269,-0.00174642957042,0.015675057915,0.00679496750195
earth,2458755.125,0.998417961993,0.0789787439108,0.0342318353867,-0.0017587411602,0.0156740884482,0.00679455472928
earth,2458755.16667,0.998344424629,0.0796318105787,0.034514933168,-0.00177105222308,0.0156731101365,0.00679413813626
earth,2458755.20833,0.998270374316,0.0802848362994,0.0347980135116,-0.00178336274178,0.0156721229812,0.00679371772244
earth,2458755.25,0.998195811075,0.0809378207043,0.0350810762584,-0.00179567269906,0.0156711269841,0.00679329348745
earth,2458755.29167,0.998120734932,0.0815907634252,0.0353641212492,-0.00180798207773,0.0156701221468,0.006792865431
earth,2458755.33333,0.998045145911,0.0822436640938,0.0356471483246,-0.00182029086061,0.0156691084714,0.00679243355284
earth,2458755.375,0.997969044036,0.0828965223418,0.0359301573255,-0.00183259903058,0.0156680859599,0.00679199785283
earth,2458755.41667,0.997892429333,0.0835493378011,0.0362131480926,-0.00184490657056,0.0156670546146,0.00679155833085
earth,2458755.45833,0.99781530183,0.0842021101037,0.0364961204666,-0.00185721346349,0.0156660144379,0.0067911149869
earth,2458755.5,0.997737661554,0.0848548388817,0.0367790742884,-0.00186951969239,0.0156649654325,0.006790667821
earth,2458755.54167,0.997659508532,0.0855075237672,0.0370620093986,-0.00188182524032,0.0156639076009,0.00679021683328
earth,2458755.58333,0.997580842794,0.0861601643925,0.0373449256381,-0.00189413009039,0.0156628409462,0.00678976202391
earth,2458755.625,0.997501664368,0.0868127603902,0.0376278228476,-0.00190643422578,0.0156617654713,0.00678930339314
earth,2458755.66667,0.997421973285,0.0874653113927,0.0379107008678,-0.00191873762971,0.0156606811795,0.00678884094128
earth,2458755.70833,0.997341769576,0.0881178170327,0.0381935595396,-0.0019310402855,0.015659588074,0.00678837466871
earth,2458755.75,0.997261053272,0.0887702769431,0.0384763987038,-0.0019433421765,0.0156584861584,0.00678790457588
earth,2458755.79167,0.997179824405,0.0894226907569,0.0387592182012,-0.00195564328615,0.0156573754362,0.00678743066331
earth,2458755.83333,0.997098083009,0.0900750581072,0.0390420178727,-0.00196794359796,0.0156562559113,0.00678695293158
earth,2458755.875,0.997015829117,0.0907273786273,0.0393247975591,-0.00198024309552,0.0156551275876,0.00678647138133
earth,2458755.91667,0.996933062763,0.0913796519507,0.0396075571014,-0.00199254176248,0.0156539904691,0.00678598601327
earth,2458755.95833,0.996849783982,0.092031877711,0.0398902963406,-0.0020048395826,0.0156528445599,0.00678549682818
earth,2458756,0.996765992809,0.092684055542,0.0401730151175,-0.00201713653971,0.0156516898646,0.00678500382689
earth,2458756.04167,0.996681689282,0.0933361850777,0.0404557132731,-0.00202943261771,0.0156505263874,0.00678450701031
earth,2458756.08333,0.996596873437,0.0939882659524,0.0407383906487,-0.00204172780062,0.015649354133,0.0067840063794
earth,2458756.125,0.996511545311,0.0946402978003,0.0410210470851,-0.00205402207253,0.0156481731061,0.00678350193518
earth,2458756.16667,0.996425704944,0.0952922802561,0.0413036824237,-0.00206631541763,0.0156469833115,0.00678299367874
earth,2458756.20833,0.996339352373,0.0959442129546,0.0415862965054,-0.00207860782022,0.0156457847543,0.00678248161123
earth,2458756.25,0.996252487639,0.0965960955307,0.0418688891717,-0.00209089926466,0.0156445774396,0.00678196573386
earth,2458756.29167,0.996165110781,0.0972479276196,0.0421514602637,-0.00210318973546,0.0156433613725,0.00678144604788
earth,2458756.33333,0.996077221841,0.0978997088569,0.0424340096228,-0.00211547921721,0.0156421365584,0.00678092255464
earth,2458756.375,0.99598882086,0.0985514388781,0.0427165370904,-0.00212776769458,0.0156409030028,0.0067803952555
earth,2458756.41667,0.995899907881,0.0992031173191,0.0429990425079,-0.0021400551524,0.0156396607112,0.00677986415191
earth,2458756.45833,0.995810482945,0.0998547438161,0.0432815257169,-0.00215234157556,0.0156384096893,0.00677932924535
earth,2458756.5,0.995720546098,0.100506318005,0.0435639865589,-0.00216462694909,0.0156371499429,0.00677879053739
earth,2458756.54167,0.995630097381,0.101157839524,0.0438464248756,-0.00217691125813,0.0156358814779,0.00677824802962
earth,2458756.58333,0.995539136841,0.101809308008,0.0441288405086,-0.00218919448791,0.0156346043002,0.0067777017237
earth,2458756.625,0.995447664522,0.102460723094,0.0444112332998,-0.00220147662381,0.0156333184161,0.00677715162134
earth,2458756.66667,0.995355680471,0.103112084421,0.044693603091,-0.00221375765131,0.0156320238317,0.0067765977243
earth,2458756.70833,0.995263184734,0.103763391626,0.0449759497241,-0.00222603755601,0.0156307205532,0.0067760400344
earth,2458756.75,0.995170177357,0.104414644347,0.0452582730412,-0.00223831632362,0.0156294085871,0.00677547855348
earth,2458756.79167,0.995076658389,0.105065842221,0.0455405728843,-0.00225059393999,0.0156280879399,0.00677491328347
earth,2458756.83333,0.994982627878,0.105716984888,0.0458228490956,-0.00226287039109,0.0156267586181,0.00677434422632
earth,2458756.875,0.994888085873,0.106368071986,0.0461051015173,-0.002275145663,0.0156254206284,0.00677377138403
earth,2458756.91667,0.994793032423,0.107019103153,0.0463873299917,-0.00228741974194,0.0156240739775,0.00677319475866
earth,2458756.95833,0.994697467578,0.10767007803,0.0466695343613,-0.00229969261425,0.0156227186723,0.0067726143523
earth,2458757,0.994601391389,0.108320996256,0.0469517144686,-0.00231196426639,0.0156213547196,0.00677203016708
earth,2458757.04167,0.994504803906,0.10897185747,0.0472338701561,-0.00232423468498,0.0156199821264,0.0067714422052
earth,2458757.08333,0.994407705182,0.109622661313,0.0475160012666,-0.00233650385672,0.0156186008997,0.00677085046887
earth,2458757.125,0.994310095269,0.110273407425,0.0477981076428,-0.00234877176847,0.0156172110467,0.00677025496036
earth,2458757.16667,0.994211974219,0.110924095447,0.0480801891276,-0.00236103840723,0.0156158125745,0.00676965568198
earth,2458757.20833,0.994113342086,0.11157472502,0.048362245564,-0.00237330376009,0.0156144054905,0.00676905263605
earth,2458757.25,0.994014198924,0.112225295786,0.048644276795,-0.00238556781433,0.0156129898018,0.00676844582498
earth,2458757.29167,0.993914544787,0.112875807384,0.0489262826638,-0.0023978305573,0.0156115655158,0.00676783525117
earth,2458757.33333,0.993814379729,0.113526259459,0.0492082630137,-0.00241009197653,0.0156101326401,0.00676722091707
earth,2458757.375,0.993713703807,0.114176651652,0.049490217688,-0.00242235205965,0.015608691182,0.00676660282518
earth,2458757.41667,0.993612517076,0.114826983605,0.0497721465303,-0.00243461079445,0.015607241149,0.00676598097801
earth,2458757.45833,0.993510819593,0.115477254962,0.0500540493841,-0.00244686816883,0.0156057825489,0.00676535537812
earth,2458757.5,0.993408611415,0.116127465365,0.050335926093,-0.00245912417084,0.0156043153891,0.0067647260281
earth,2458757.54167,0.993305892598,0.116777614459,0.050617776501,-0.00247137878866,0.0156028396773,0.00676409293055
earth,2458757.58333,0.993202663202,0.117427701887,0.0508996004519,-0.00248363201059,0.0156013554213,0.00676345608813
earth,2458757.625,0.993098923284,0.118077727292,0.0511813977897,-0.00249588382508,0.0155998626288,0.00676281550351
earth,2458757.66667,0.992994672903,0.11872769032,0.0514631683586,-0.00250813422071,0.0155983613075,0.00676217117939
earth,2458757.70833,0.992889912118,0.119377590616,0.0517449120028,-0.00252038318618,0.0155968514654,0.00676152311849
earth,2458757.75,0.99278464099,0.120027427824,0.0520266285666,-0.00253263071033,0.0155953331102,0.00676087132357
earth,2458757.79167,0.992678859579,0.120677201591,0.0523083178946,-0.00254487678214,0.0155938062498,0.00676021579741
earth,2458757.83333,0.992572567946,0.121326911561,0.0525899798313,-0.00255712139071,0.0155922708921,0.0067595565428
earth,2458757.875,0.992465766151,0.12197655738,0.0528716142214,-0.00256936452528,0.015590727045,0.00675889356258
earth,2458757.91667,0.992358454256,0.122626138696,0.0531532209098,-0.00258160617523,0.0155891747165,0.00675822685957
earth,2458757.95833,0.992250632323,0.123275655156,0.0534347997414,-0.00259384633004,0.0155876139146,0.00675755643666
earth,2458758,0.992142300416,0.123925106405,0.0537163505612,-0.00260608497935,0.0155860446473,0.00675688229671
earth,2458758.04167,0.992033458596,0.124574492092,0.0539978732145,-0.00261832211291,0.0155844669224,0.00675620444264
earth,2458758.08333,0.991924106928,0.125223811865,0.0542793675466,-0.00263055772061,0.0155828807481,0.00675552287736
earth,2458758.125,0.991814245474,0.125873065371,0.0545608334028,-0.00264279179246,0.0155812861324,0.00675483760381
earth,2458758.16667,0.9917038743,0.126522252259,0.0548422706287,-0.00265502431861,0.0155796830833,0.00675414862495
earth,2458758.20833,0.991592993469,0.127171372177,0.0551236790701,-0.00266725528933,0.0155780716089,0.00675345594373
earth,2458758.25,0.991481603047,0.127820424776,0.0554050585727,-0.002679484695,0.0155764517171,0.00675275956314
earth,2458758.29167,0.9913697031,0.128469409703,0.0556864089824,-0.00269171252615,0.0155748234161,0.00675205948618
earth,2458758.33333,0.991257293692,0.12911832661,0.0559677301452,-0.00270393877341,0.0155731867138,0.00675135571584
earth,2458758.375,0.991144374891,0.129767175146,0.0562490219074,-0.00271616342755,0.0155715416184,0.00675064825515
earth,2458758.41667,0.991030946762,0.130415954962,0.0565302841153,-0.00272838647946,0.0155698881378,0.00674993710712
earth,2458758.45833,0.990917009373,0.131064665708,0.0568115166152,-0.00274060792014,0.0155682262802,0.00674922227481
earth,2458758.5,0.990802562791,0.131713307036,0.0570927192537,-0.00275282774072,0.0155665560535,0.00674850376125
earth,2458758.54167,0.990687607084,0.132361878597,0.0573738918775,-0.00276504593244,0.0155648774658,0.0067477815695
earth,2458758.58333,0.99057214232,0.133010380042,0.0576550343335,-0.00277726248667,0.015563190525,0.00674705570261
earth,2458758.625,0.990456168566,0.133658811024,0.0579361464684,-0.00278947739488,0.0155614952392,0.00674632616365
earth,2458758.66667,0.990339685893,0.134307171196,0.0582172281295,-0.00280169064866,0.0155597916164,0.0067455929557
earth,2458758.70833,0.990222694369,0.13495546021,0.0584982791638,-0.00281390223972,0.0155580796645,0.00674485608182
earth,2458758.75,0.990105194063,0.135603677719,0.0587792994188,-0.00282611215988,0.0155563593915,0.0067441155451
earth,2458758.79167,0.989987185045,0.136251823377,0.0590602887417,-0.00283832040107,0.0155546308053,0.00674337134863
earth,2458758.83333,0.989868667386,0.136899896838,0.0593412469804,-0.00285052695533,0.0155528939138,0.00674262349548
earth,2458758.875,0.989749641156,0.137547897755,0.0596221739823,-0.00286273181481,0.015551148725,0.00674187198874
earth,2458758.91667,0.989630106425,0.138195825783,0.0599030695954,-0.00287493497176,0.0155493952467,0.00674111683151
earth,2458758.95833,0.989510063266,0.138843680577,0.0601839336676,-0.00288713641855,0.0155476334868,0.00674035802687
earth,2458759,0.989389511748,0.139491461792,0.060464766047,-0.00289933614763,0.0155458634531,0.00673959557791
earth,2458759.04167,0.989268451944,0.140139169083,0.0607455665818,-0.00291153415159,0.0155440851533,0.00673882948772
earth,2458759.08333,0.989146883926,0.140786802107,0.0610263351205,-0.0029237304231,0.0155422985953,0.00673805975938
earth,2458759.125,0.989024807766,0.141434360518,0.0613070715113,-0.00293592495491,0.0155405037869,0.00673728639598
earth,2458759.16667,0.988902223537,0.142081843974,0.061587775603,-0.00294811773991,0.0155387007356,0.0067365094006
earth,2458759.20833,0.988779131312,0.142729252132,0.0618684472443,-0.00296030877107,0.0155368894492,0.00673572877632
earth,2458759.25,0.988655531164,0.143376584648,0.062149086284,-0.00297249804144,0.0155350699354,0.00673494452621
earth,2458759.29167,0.988531423167,0.144023841179,0.0624296925712,-0.00298468554418,0.0155332422017,0.00673415665333
earth,2458759.33333,0.988406807393,0.144671021384,0.0627102659548,-0.00299687127256,0.0155314062558,0.00673336516077
earth,2458759.375,0.988281683919,0.14531812492,0.0629908062843,-0.00300905521991,0.0155295621052,0.00673257005157
earth,2458759.41667,0.988156052817,0.145965151445,0.063271313409,-0.00302123737966,0.0155277097574,0.00673177132878
earth,2458759.45833,0.988029914162,0.146612100619,0.0635517871782,-0.00303341774534,0.0155258492199,0.00673096899546
earth,2458759.5,0.987903268029,0.1472589721,0.0638322274418,-0.00304559631056,0.0155239805002,0.00673016305465
earth,2458759.54167,0.987776114494,0.147905765547,0.0641126340494,-0.00305777306902,0.0155221036055,0.00672935350937
earth,2458759.58333,0.987648453632,0.14855248062,0.0643930068509,-0.00306994801449,0.0155202185434,0.00672854036266
earth,2458759.625,0.987520285518,0.149199116979,0.0646733456963,-0.00308212114085,0.0155183253211,0.00672772361752
earth,2458759.66667,0.987391610229,0.149845674284,0.0649536504358,-0.00309429244203,0.0155164239458,0.00672690327697
earth,2458759.70833,0.98726242784,0.150492152195,0.0652339209195,-0.00310646191206,0.0155145144249,0.00672607934401
earth,2458759.75,0.987132738429,0.151138550373,0.0655141569979,-0.00311862954504,0.0155125967656,0.00672525182162
earth,2458759.79167,0.987002542071,0.151784868479,0.0657943585215,-0.00313079533516,0.0155106709749,0.00672442071279
earth,2458759.83333,0.986871838843,0.152431106175,0.0660745253409,-0.00314295927668,0.0155087370601,0.00672358602048
earth,2458759.875,0.986740628823,0.153077263121,0.0663546573068,-0.00315512136391,0.0155067950281,0.00672274774766
earth,2458759.91667,0.986608912089,0.153723338981,0.0666347542702,-0.00316728159128,0.0155048448861,0.00672190589726
earth,2458759.95833,0.986476688717,0.154369333416,0.0669148160819,-0.00317943995324,0.015502886641,0.00672106047224
earth,2458760,0.986343958785,0.155015246089,0.0671948425932,-0.00319159644435,0.0155009202997,0.00672021147551
earth,2458760.04167,0.986210722372,0.155661076662,0.0674748336553,-0.00320375105922,0.0154989458691,0.00671935890999
earth,2458760.08333,0.986076979556,0.156306824799,0.0677547891195,-0.00321590379254,0.0154969633561,0.00671850277858
earth,2458760.125,0.985942730416,0.156952490163,0.0680347088374,-0.00322805463904,0.0154949727676,0.00671764308417
earth,2458760.16667,0.985807975029,0.157598072417,0.0683145926604,-0.00324020359354,0.0154929741101,0.00671677982965
earth,2458760.20833,0.985672713476,0.158243571227,0.0685944404404,-0.00325235065091,0.0154909673906,0.00671591301786
earth,2458760.25,0.985536945835,0.158888986255,0.0688742520292,-0.00326449580609,0.0154889526156,0.00671504265168
earth,2458760.29167,0.985400672185,0.159534317166,0.0691540272788,-0.00327663905407,0.0154869297917,0.00671416873392
earth,2458760.33333,0.985263892607,0.160179563626,0.0694337660411,-0.00328878038991,0.0154848989256,0.00671329126743
earth,2458760.375,0.985126607179,0.160824725298,0.0697134681685,-0.00330091980873,0.0154828600237,0.00671241025502
earth,2458760.41667,0.984988815983,0.161469801849,0.0699931335131,-0.00331305730568,0.0154808130926,0.00671152569947
earth,2458760.45833,0.984850519097,0.162114792945,0.0702727619276,-0.00332519287599,0.0154787581387,0.00671063760358
earth,2458760.5,0.984711716603,0.16275969825,0.0705523532643,-0.00333732651495,0.0154766951683,0.00670974597012
earth,2458760.54167,0.984572408581,0.163404517431,0.070831907376,-0.00334945821787,0.0154746241879,0.00670885080184
earth,2458760.58333,0.984432595112,0.164049250154,0.0711114241154,-0.00336158798015,0.0154725452036,0.00670795210149
earth,2458760.625,0.984292276277,0.164693896087,0.0713909033354,-0.00337371579721,0.0154704582218,0.00670704987179
earth,2458760.66667,0.984151452156,0.165338454895,0.0716703448891,-0.00338584166453,0.0154683632487,0.00670614411546
earth,2458760.70833,0.984010122832,0.165982926246,0.0719497486294,-0.00339796557764,0.0154662602904,0.0067052348352
earth,2458760.75,0.983868288385,0.166627309808,0.0722291144098,-0.00341008753212,0.0154641493529,0.00670432203369
earth,2458760.79167,0.983725948898,0.167271605248,0.0725084420834,-0.00342220752358,0.0154620304425,0.00670340571361
earth,2458760.83333,0.983583104452,0.167915812235,0.0727877315037,-0.00343432554769,0.015459903565,0.0067024858776
earth,2458760.875,0.98343975513,0.168559930435,0.0730669825244,-0.00344644160015,0.0154577687265,0.00670156252831
earth,2458760.91667,0.983295901013,0.169203959518,0.073346194999,-0.00345855567671,0.0154556259329,0.00670063566837
earth,2458760.95833,0.983151542184,0.169847899152,0.0736253687814,-0.00347066777316,0.01545347519,0.00669970530038
earth,2458761,0.983006678726,0.170491749007,0.0739045037253,-0.00348277788534,0.0154513165036,0.00669877142694
earth,2458761.04167,0.982861310721,0.171135508751,0.074183599685,-0.0034948860091,0.0154491498797,0.00669783405062
earth,2458761.08333,0.982715438253,0.171779178053,0.0744626565143,-0.00350699214035,0.0154469753238,0.00669689317401
earth,2458761.125,0.982569061404,0.172422756584,0.0747416740675,-0.00351909627503,0.0154447928417,0.00669594879964
earth,2458761.16667,0.982422180258,0.173066244013,0.075020652199,-0.00353119840913,0.0154426024391,0.00669500093006
earth,2458761.20833,0.982274794898,0.173709640011,0.0752995907632,-0.00354329853865,0.0154404041214,0.00669404956778
earth,2458761.25,0.982126905408,0.174352944247,0.0755784896145,-0.00355539665963,0.0154381978944,0.00669309471531
earth,2458761.29167,0.981978511871,0.174996156392,0.0758573486077,-0.00356749276816,0.0154359837634,0.00669213637514
earth,2458761.33333,0.981829614372,0.175639276118,0.0761361675974,-0.00357958686034,0.0154337617341,0.00669117454974
earth,2458761.375,0.981680212994,0.176282303094,0.0764149464385,-0.00359167893231,0.0154315318117,0.00669020924158
earth,2458761.41667,0.981530307822,0.176925236992,0.0766936849859,-0.00360376898025,0.0154292940016,0.00668924045311
earth,2458761.45833,0.98137989894,0.177568077485,0.0769723830946,-0.00361585700035,0.0154270483093,0.00668826818674
earth,2458761.5,0.981228986433,0.178210824242,0.0772510406198,-0.00362794298885,0.0154247947399,0.00668729244491
earth,2458761.54167,0.981077570386,0.178853476937,0.0775296574168,-0.00364002694199,0.0154225332988,0.00668631323001
earth,2458761.58333,0.980925650883,0.179496035241,0.0778082333408,-0.00365210885605,0.0154202639911,0.00668533054443
earth,2458761.625,0.98077322801,0.180138498827,0.0780867682473,-0.00366418872735,0.0154179868221,0.00668434439055
earth,2458761.66667,0.980620301851,0.180780867367,0.0783652619919,-0.00367626655221,0.0154157017968,0.00668335477071
earth,2458761.70833,0.980466872492,0.181423140534,0.0786437144301,-0.003688342327,0.0154134089203,0.00668236168726
earth,2458761.75,0.980312940019,0.182065318001,0.0789221254177,-0.00370041604808,0.0154111081976,0.00668136514254
earth,2458761.79167,0.980158504517,0.182707399442,0.0792004948106,-0.00371248771187,0.0154087996339,0.00668036513885
earth,2458761.83333,0.980003566072,0.183349384529,0.0794788224646,-0.00372455731478,0.0154064832339,0.0066793616785
earth,2458761.875,0.979848124769,0.183991272936,0.0797571082358,-0.00373662485326,0.0154041590027,0.00667835476377
earth,2458761.91667,0.979692180696,0.184633064337,0.0800353519803,-0.00374869032377,0.0154018269451,0.00667734439694
earth,2458761.95833,0.979535733938,0.185274758406,0.0803135535543,-0.00376075372281,0.0153994870659,0.00667633058027
earth,2458762,0.979378784581,0.185916354817,0.0805917128141,-0.00377281504688,0.0153971393701,0.00667531331599
earth,2458762.04167,0.979221332713,0.186557853245,0.0808698296161,-0.00378487429249,0.0153947838622,0.00667429260635
earth,2458762.08333,0.979063378419,0.187199253364,0.0811479038168,-0.0037969314562,0.0153924205471,0.00667326845355
earth,2458762.125,0.978904921787,0.187840554849,0.0814259352728,-0.00380898653455,0.0153900494295,0.0066722408598
earth,2458762.16667,0.978745962904,0.188481757375,0.0817039238407,-0.00382103952413,0.0153876705139,0.00667120982729
earth,2458762.20833,0.978586501856,0.189122860617,0.0819818693773,-0.00383309042153,0.0153852838051,0.00667017535821
earth,2458762.25,0.978426538731,0.18976386425,0.0822597717395,-0.00384513922335,0.0153828893075,0.0066691374547
earth,2458762.29167,0.978266073616,0.190404767951,0.0825376307842,-0.00385718592622,0.0153804870258,0.00666809611893
earth,2458762.33333,0.9781051066,0.191045571395,0.0828154463685,-0.00386923052677,0.0153780769644,0.00666705135303
earth,2458762.375,0.977943637768,0.191686274257,0.0830932183494,-0.00388127302166,0.0153756591279,0.00666600315912
earth,2458762.41667,0.97778166721,0.192326876214,0.0833709465842,-0.00389331340755,0.0153732335205,0.00666495153933
earth,2458762.45833,0.977619195014,0.192967376942,0.0836486309301,-0.00390535168113,0.0153708001469,0.00666389649574
earth,2458762.5,0.977456221266,0.193607776118,0.0839262712446,-0.00391738783907,0.0153683590112,0.00666283803045
earth,2458762.54167,0.977292746057,0.194248073419,0.0842038673851,-0.0039294218781,0.0153659101179,0.00666177614553
earth,2458762.58333,0.977128769473,0.19488826852,0.0844814192093,-0.00394145379491,0.0153634534713,0.00666071084304
earth,2458762.625,0.976964291603,0.1955283611,0.0847589265746,-0.00395348358625,0.0153609890756,0.00665964212504
earth,2458762.66667,0.976799312537,0.196168350836,0.0850363893389,-0.00396551124884,0.0153585169351,0.00665856999357
earth,2458762.70833,0.976633832362,0.196808237404,0.08531380736,-0.00397753677944,0.015356037054,0.00665749445064
earth,2458762.75,0.976467851168,0.197448020483,0.0855911804958,-0.00398956017481,0.0153535494364,0.00665641549828
earth,2458762.79167,0.976301369044,0.19808769975,0.0858685086042,-0.00400158143172,0.0153510540865,0.0066553331385
earth,2458762.83333,0.976134386078,0.198727274883,0.0861457915434,-0.00401360054695,0.0153485510084,0.00665424737328
earth,2458762.875,0.975966902361,0.19936674556,0.0864230291714,-0.00402561751728,0.0153460402063,0.0066531582046
earth,2458762.91667,0.975798917982,0.200006111459,0.0867002213465,-0.00403763233951,0.015343521684,0.00665206563444
earth,2458762.95833,0.97563043303,0.20064537226,0.0869773679271,-0.00404964501046,0.0153409954458,0.00665096966476
earth,2458763,0.975461447594,0.201284527639,0.0872544687714,-0.00406165552694,0.0153384614955,0.0066498702975
earth,2458763.04167,0.975291961766,0.201923577277,0.087531523738,-0.00407366388577,0.0153359198372,0.0066487675346
earth,2458763.08333,0.975121975634,0.202562520852,0.0878085326855,-0.00408567008378,0.0153333704747,0.006647661378
earth,2458763.125,0.974951489289,0.203201358043,0.0880854954724,-0.00409767411782,0.0153308134121,0.0066465518296
earth,2458763.16667,0.974780502821,0.20384008853,0.0883624119575,-0.00410967598472,0.0153282486531,0.00664543889132
earth,2458763.20833,0.97460901632,0.204478711991,0.0886392819996,-0.00412167568135,0.0153256762016,0.00664432256505
earth,2458763.25,0.974437029877,0.205117228106,0.0889161054576,-0.00413367320457,0.0153230960615,0.00664320285267
earth,2458763.29167,0.974264543583,0.205755636556,0.0891928821904,-0.00414566855124,0.0153205082366,0.00664207975607
earth,2458763.33333,0.974091557528,0.206393937019,0.089469612057,-0.00415766171825,0.0153179127307,0.00664095327711
earth,2458763.375,0.973918071804,0.207032129177,0.0897462949165,-0.00416965270247,0.0153153095474,0.00663982341766
earth,2458763.41667,0.9737440865,0.207670212708,0.0900229306282,-0.00418164150078,0.0153126986906,0.00663869017955
earth,2458763.45833,0.973569601709,0.208308187295,0.0902995190512,-0.0041936281101,0.0153100801639,0.00663755356462
earth,2458763.5,0.973394617522,0.208946052616,0.090576060045,-0.00420561252731,0.015307453971,0.00663641357472
earth,2458763.54167,0.973219134029,0.209583808352,0.0908525534689,-0.00421759474932,0.0153048201156,0.00663527021165
earth,2458763.58333,0.973043151323,0.210221454186,0.0911289991825,-0.00422957477305,0.0153021786013,0.00663412347722
earth,2458763.625,0.972866669495,0.210858989796,0.0914053970452,-0.00424155259541,0.0152995294317,0.00663297337325
earth,2458763.66667,0.972689688637,0.211496414865,0.0916817469168,-0.00425352821332,0.0152968726105,0.00663181990152
earth,2458763.70833,0.972512208841,0.212133729074,0.091958048657,-0.00426550162373,0.015294208141,0.00663066306383
earth,2458763.75,0.972334230199,0.212770932104,0.0922343021254,-0.00427747282355,0.015291536027,0.00662950286194
earth,2458763.79167,0.972155752804,0.213408023637,0.0925105071821,-0.00428944180974,0.0152888562719,0.00662833929763
earth,2458763.83333,0.971976776746,0.214045003354,0.0927866636869,-0.00430140857923,0.0152861688792,0.00662717237265
earth,2458763.875,0.971797302119,0.214681870937,0.0930627714998,-0.00431337312897,0.0152834738524,0.00662600208876
earth,2458763.91667,0.971617329016,0.215318626069,0.093338830481,-0.00432533545593,0.015280771195,0.00662482844771
earth,2458763.95833,0.971436857529,0.215955268431,0.0936148404905,-0.00433729555706,0.0152780609103,0.00662365145123
earth,2458764,0.971255887751,0.216591797706,0.0938908013887,-0.00434925342933,0.0152753430019,0.00662247110105
earth,2458764.04167,0.971074419774,0.217228213575,0.0941667130357,-0.0043612090697,0.015272617473,0.00662128739888
earth,2458764.08333,0.970892453693,0.217864515723,0.094442575292,-0.00437316247516,0.0152698843271,0.00662010034646
earth,2458764.125,0.970709989599,0.21850070383,0.0947183880181,-0.00438511364269,0.0152671435675,0.00661890994547
earth,2458764.16667,0.970527027587,0.219136777581,0.0949941510744,-0.00439706256926,0.0152643951975,0.00661771619763
earth,2458764.20833,0.970343567749,0.219772736658,0.0952698643214,-0.00440900925188,0.0152616392205,0.00661651910461
earth,2458764.25,0.97015961018,0.220408580744,0.09554552762,-0.00442095368753,0.0152588756398,0.00661531866812
earth,2458764.29167,0.969975154973,0.221044309522,0.0958211408307,-0.00443289587322,0.0152561044586,0.00661411488982
earth,2458764.33333,0.969790202222,0.221679922676,0.0960967038144,-0.00444483580595,0.0152533256802,0.00661290777138
earth,2458764.375,0.969604752021,0.22231541989,0.0963722164319,-0.00445677348273,0.0152505393078,0.00661169731448
earth,2458764.41667,0.969418804463,0.222950800847,0.0966476785443,-0.00446870890058,0.0152477453447,0.00661048352076
earth,2458764.45833,0.969232359644,0.22358606523,0.0969230900123,-0.00448064205652,0.015244943794,0.00660926639189
earth,2458764.5,0.969045417657,0.224221212724,0.0971984506973,-0.00449257294757,0.015242134659,0.00660804592949
earth,2458764.54167,0.968857978596,0.224856243013,0.0974737604602,-0.00450450157077,0.0152393179428,0.00660682213522
earth,2458764.58333,0.968670042557,0.225491155781,0.0977490191623,-0.00451642792314,0.0152364936486,0.0066055950107
earth,2458764.625,0.968481609634,0.226125950712,0.0980242266649,-0.00452835200173,0.0152336617795,0.00660436455757
earth,2458764.66667,0.968292679922,0.226760627491,0.0982993828292,-0.00454027380359,0.0152308223387,0.00660313077743
earth,2458764.70833,0.968103253516,0.227395185802,0.0985744875168,-0.00455219332577,0.0152279753292,0.0066018936719
earth,2458764.75,0.96791333051,0.22802962533,0.098849540589,-0.00456411056532,0.0152251207541,0.00660065324259
earth,2458764.79167,0.967722911,0.228663945759,0.0991245419075,-0.00457602551931,0.0152222586165,0.00659940949111
earth,2458764.83333,0.967531995082,0.229298146776,0.0993994913339,-0.0045879381848,0.0152193889194,0.00659816241904
earth,2458764.875,0.96734058285,0.229932228064,0.0996743887297,-0.00459984855887,0.0152165116659,0.00659691202798
earth,2458764.91667,0.967148674401,0.23056618931,0.0999492339568,-0.00461175663859,0.0152136268591,0.00659565831951
earth,2458764.95833,0.966956269829,0.231200030198,0.100224026877,-0.00462366242106,0.0152107345018,0.00659440129521
earth,2458765,0.966763369231,0.231833750414,0.100498767352,-0.00463556590335,0.0152078345972,0.00659314095665
earth,2458765.04167,0.966569972702,0.232467349643,0.100773455244,-0.00464746708258,0.0152049271482,0.0065918773054
earth,2458765.08333,0.966376080339,0.233100827571,0.101048090415,-0.00465936595583,0.0152020121577,0.00659061034303
earth,2458765.125,0.966181692238,0.233734183885,0.101322672727,-0.00467126252022,0.0151990896288,0.00658934007108
earth,2458765.16667,0.965986808495,0.234367418269,0.101597202041,-0.00468315677286,0.0151961595642,0.00658806649112
earth,2458765.20833,0.965791429206,0.23500053041,0.101871678222,-0.00469504871087,0.0151932219671,0.00658678960468
earth,2458765.25,0.965595554468,0.235633519995,0.102146101129,-0.00470693833138,0.0151902768401,0.00658550941331
earth,2458765.29167,0.965399184377,0.236266386709,0.102420470627,-0.00471882563153,0.0151873241864,0.00658422591855
earth,2458765.33333,0.965202319031,0.236899130239,0.102694786577,-0.00473071060844,0.0151843640086,0.00658293912192
earth,2458765.375,0.965004958525,0.237531750272,0.102969048841,-0.00474259325928,0.0151813963098,0.00658164902495
earth,2458765.41667,0.964807102958,0.238164246494,0.103243257283,-0.00475447358119,0.0151784210926,0.00658035562916
earth,2458765.45833,0.964608752426,0.238796618592,0.103517411764,-0.00476635157133,0.0151754383601,0.00657905893607
earth,2458765.5,0.964409907026,0.239428866253,0.103791512148,-0.00477822722687,0.0151724481149,0.00657775894719
earth,2458765.54167,0.964210566856,0.240060989164,0.104065558298,-0.00479010054498,0.0151694503599,0.00657645566402
earth,2458765.58333,0.964010732013,0.240692987012,0.104339550075,-0.00480197152285,0.0151664450979,0.00657514908807
earth,2458765.625,0.963810402595,0.241324859485,0.104613487343,-0.00481384015766,0.0151634323316,0.00657383922083
earth,2458765.66667,0.963609578699,0.241956606269,0.104887369964,-0.00482570644661,0.0151604120639,0.00657252606379
earth,2458765.70833,0.963408260424,0.242588227052,0.105161197802,-0.00483757038691,0.0151573842974,0.00657120961844
earth,2458765.75,0.963206447866,0.243219721523,0.10543497072,-0.00484943197575,0.0151543490349,0.00656988988626
earth,2458765.79167,0.963004141125,0.243851089368,0.10570868858,-0.00486129121038,0.0151513062792,0.00656856686873
earth,2458765.83333,0.962801340298,0.244482330275,0.105982351247,-0.00487314808799,0.0151482560328,0.00656724056732
earth,2458765.875,0.962598045484,0.245113443933,0.106255958582,-0.00488500260585,0.0151451982987,0.0065659109835
earth,2458765.91667,0.962394256781,0.24574443003,0.10652951045,-0.00489685476118,0.0151421330793,0.00656457811873
earth,2458765.95833,0.962189974287,0.246375288253,0.106803006713,-0.00490870455123,0.0151390603774,0.00656324197446
earth,2458766,0.961985198101,0.247006018291,0.107076447236,-0.00492055197327,0.0151359801956,0.00656190255217
earth,2458766.04167,0.961779928322,0.247636619832,0.10734983188,-0.00493239702457,0.0151328925366,0.00656055985328
earth,2458766.08333,0.961574165049,0.248267092565,0.107623160511,-0.00494423970239,0.0151297974029,0.00655921387925
earth,2458766.125,0.96136790838,0.248897436178,0.107896432991,-0.00495608000403,0.0151266947973,0.00655786463152
earth,2458766.16667,0.961161158415,0.249527650361,0.108169649185,-0.00496791792677,0.0151235847223,0.00655651211152
earth,2458766.20833,0.960953915252,0.250157734801,0.108442808955,-0.00497975346792,0.0151204671805,0.00655515632068
earth,2458766.25,0.960746178992,0.250787689189,0.108715912166,-0.00499158662479,0.0151173421745,0.00655379726043
earth,2458766.29167,0.960537949733,0.251417513212,0.108988958682,-0.00500341739469,0.0151142097067,0.00655243493219
earth,2458766.33333,0.960329227576,0.252047206561,0.109261948365,-0.00501524577497,0.0151110697799,0.00655106933738
earth,2458766.375,0.960120012619,0.252676768924,0.109534881081,-0.00502707176295,0.0151079223964,0.0065497004774
earth,2458766.41667,0.959910304962,0.25330619999,0.109807756693,-0.00503889535598,0.0151047675589,0.00654832835367
earth,2458766.45833,0.959700104706,0.25393549945,0.110080575065,-0.00505071655141,0.0151016052697,0.00654695296758
earth,2458766.5,0.959489411949,0.254564666993,0.110353336062,-0.00506253534663,0.0150984355315,0.00654557432054
earth,2458766.54167,0.959278226793,0.255193702308,0.110626039547,-0.00507435173899,0.0150952583466,0.00654419241394
earth,2458766.58333,0.959066549338,0.255822605085,0.110898685384,-0.00508616572589,0.0150920737176,0.00654280724916
earth,2458766.625,0.958854379683,0.256451375014,0.111171273439,-0.00509797730472,0.0150888816468,0.0065414188276
earth,2458766.66667,0.958641717929,0.257080011785,0.111443803575,-0.00510978647289,0.0150856821368,0.00654002715062
earth,2458766.70833,0.958428564177,0.257708515089,0.111716275656,-0.00512159322781,0.0150824751899,0.0065386322196
earth,2458766.75,0.958214918527,0.258336884615,0.111988689548,-0.00513339756691,0.0150792608086,0.00653723403592
earth,2458766.79167,0.95800078108,0.258965120053,0.112261045114,-0.00514519948762,0.0150760389951,0.00653583260094
earth,2458766.83333,0.957786151937,0.259593221094,0.112533342219,-0.00515699898738,0.015072809752,0.006534427916
earth,2458766.875,0.957571031198,0.260221187429,0.112805580729,-0.00516879606365,0.0150695730815,0.00653301998248
earth,2458766.91667,0.957355418965,0.260849018748,0.113077760506,-0.00518059071391,0.015066328986,0.00653160880172
earth,2458766.95833,0.957139315339,0.261476714742,0.113349881417,-0.00519238293562,0.0150630774679,0.00653019437506
earth,2458767,0.956922720421,0.262104275101,0.113621943326,-0.00520417272627,0.0150598185294,0.00652877670385
earth,2458767.04167,0.956705634312,0.262731699516,0.113893946097,-0.00521596008335,0.0150565521728,0.00652735578941
earth,2458767.08333,0.956488057115,0.263358987679,0.114165889597,-0.00522774500439,0.0150532784005,0.00652593163308
earth,2458767.125,0.956269988929,0.26398613928,0.114437773688,-0.00523952748689,0.0150499972147,0.00652450423618
earth,2458767.16667,0.956051429858,0.26461315401,0.114709598238,-0.00525130752838,0.0150467086176,0.00652307360003
earth,2458767.20833,0.955832380002,0.265240031562,0.11498136311,-0.0052630851264,0.0150434126115,0.00652163972594
earth,2458767.25,0.955612839465,0.265866771625,0.11525306817,-0.00527486027851,0.0150401091986,0.00652020261522
earth,2458767.29167,0.955392808347,0.266493373892,0.115524713283,-0.00528663298227,0.0150367983812,0.00651876226917
earth,2458767.33333,0.95517228675,0.267119838054,0.115796298314,-0.00529840323524,0.0150334801613,0.0065173186891
earth,2458767.375,0.954951274778,0.267746163803,0.116067823129,-0.00531017103502,0.0150301545413,0.00651587187629
earth,2458767.41667,0.954729772531,0.26837235083,0.116339287592,-0.00532193637919,0.0150268215231,0.00651442183202
earth,2458767.45833,0.954507780114,0.268998398827,0.11661069157,-0.00533369926536,0.0150234811091,0.00651296855759
earth,2458767.5,0.954285297627,0.269624307486,0.116882034927,-0.00534545969115,0.0150201333012,0.00651151205426
earth,2458767.54167,0.954062325174,0.270250076499,0.11715331753,-0.00535721765418,0.0150167781017,0.00651005232331
earth,2458767.58333,0.953838862857,0.270875705559,0.117424539243,-0.0053689731521,0.0150134155126,0.00650858936599
earth,2458767.625,0.953614910778,0.271501194356,0.117695699932,-0.00538072618256,0.0150100455359,0.00650712318357
earth,2458767.66667,0.953390469042,0.272126542584,0.117966799463,-0.0053924767432,0.0150066681738,0.00650565377729
earth,2458767.70833,0.953165537751,0.272751749935,0.118237837702,-0.00540422483171,0.0150032834283,0.00650418114841
earth,2458767.75,0.952940117007,0.273376816101,0.118508814514,-0.00541597044577,0.0149998913013,0.00650270529816
earth,2458767.79167,0.952714206915,0.274001740774,0.118779729766,-0.00542771358308,0.014996491795,0.00650122622778
earth,2458767.83333,0.952487807577,0.274626523648,0.119050583322,-0.00543945424132,0.0149930849112,0.00649974393849
earth,2458767.875,0.952260919096,0.275251164414,0.119321375049,-0.00545119241824,0.0149896706521,0.00649825843152
earth,2458767.91667,0.952033541576,0.275875662766,0.119592104813,-0.00546292811154,0.0149862490194,0.00649676970807
earth,2458767.95833,0.951805675121,0.276500018397,0.11986277248,-0.00547466131897,0.0149828200151,0.00649527776936
earth,2458768,0.951577319834,0.277124230999,0.120133377916,-0.00548639203828,0.0149793836412,0.0064937826166
earth,2458768.04167,0.951348475819,0.277748300265,0.120403920987,-0.00549812026723,0.0149759398996,0.00649228425097
earth,2458768.08333,0.95111914318,0.278372225888,0.120674401559,-0.00550984600359,0.014972488792,0.00649078267366
earth,2458768.125,0.95088932202,0.278996007562,0.120944819498,-0.00552156924515,0.0149690303205,0.00648927788586
earth,2458768.16667,0.950659012444,0.279619644979,0.121215174672,-0.00553328998968,0.0149655644867,0.00648776988874
earth,2458768.20833,0.950428214556,0.280243137833,0.121485466945,-0.00554500823501,0.0149620912926,0.00648625868348
earth,2458768.25,0.950196928459,0.280866485818,0.121755696184,-0.00555672397894,0.0149586107399,0.00648474427122
earth,2458768.29167,0.949965154259,0.281489688626,0.122025862256,-0.00556843721931,0.0149551228305,0.00648322665313
earth,2458768.33333,0.949732892059,0.282112745952,0.122295965027,-0.00558014795394,0.014951627566,0.00648170583036
earth,2458768.375,0.949500141964,0.282735657488,0.122566004364,-0.00559185618068,0.0149481249482,0.00648018180404
earth,2458768.41667,0.949266904079,0.283358422929,0.122835980133,-0.0056035618974,0.0149446149788,0.0064786545753
earth,2458768.45833,0.949033178508,0.283981041967,0.123105892201,-0.00561526510195,0.0149410976596,0.00647712414528
earth,2458768.5,0.948798965355,0.284603514298,0.123375740434,-0.00562696579223,0.0149375729922,0.00647559051509
earth,2458768.54167,0.948564264727,0.285225839615,0.123645524699,-0.00563866396611,0.0149340409782,0.00647405368584
earth,2458768.58333,0.948329076726,0.285848017611,0.123915244863,-0.0056503596215,0.0149305016193,0.00647251365863
earth,2458768.625,0.94809340146,0.286470047981,0.124184900793,-0.00566205275631,0.0149269549171,0.00647097043456
earth,2458768.66667,0.947857239032,0.287091930419,0.124454492355,-0.00567374336845,0.0149234008732,0.00646942401472
earth,2458768.70833,0.947620589548,0.287713664618,0.124724019417,-0.00568543145586,0.0149198394892,0.00646787440018
earth,2458768.75,0.947383453112,0.288335250274,0.124993481844,-0.00569711701647,0.0149162707666,0.00646632159202
earth,2458768.79167,0.947145829831,0.28895668708,0.125262879505,-0.00570880004825,0.0149126947069,0.0064647655913
earth,2458768.83333,0.94690771981,0.289577974731,0.125532212266,-0.00572048054914,0.0149091113117,0.00646320639908
earth,2458768.875,0.946669123154,0.290199112921,0.125801479994,-0.00573215851711,0.0149055205824,0.0064616440164
earth,2458768.91667,0.946430039969,0.290820101345,0.126070682556,-0.00574383395014,0.0149019225204,0.0064600784443
earth,2458768.95833,0.94619047036,0.291440939696,0.12633981982,-0.00575550684623,0.0148983171273,0.00645850968381
earth,2458769,0.945950414434,0.29206162767,0.126608891652,-0.00576717720336,0.0148947044045,0.00645693773596
earth,2458769.04167,0.945709872295,0.292682164961,0.12687789792,-0.00577884501955,0.0148910843532,0.00645536260175
earth,2458769.08333,0.945468844051,0.293302551264,0.127146838492,-0.00579051029281,0.014887456975,0.0064537842822
earth,2458769.125,0.945227329806,0.293922786274,0.127415713233,-0.00580217302116,0.0148838222711,0.00645220277829
earth,2458769.16667,0.944985329668,0.294542869685,0.127684522012,-0.00581383320264,0.0148801802428,0.00645061809101
earth,2458769.20833,0.944742843741,0.295162801193,0.127953264696,-0.00582549083528,0.0148765308915,0.00644903022134
earth,2458769.25,0.944499872133,0.295782580491,0.128221941153,-0.00583714591714,0.0148728742183,0.00644743917026
earth,2458769.29167,0.94425641495,0.296402207276,0.12849055125,-0.00584879844628,0.0148692102247,0.00644584493871
earth,2458769.33333,0.944012472298,0.297021681242,0.128759094854,-0.00586044842076,0.0148655389117,0.00644424752765
earth,2458769.375,0.943768044284,0.297641002084,0.129027571833,-0.00587209583865,0.0148618602806,0.00644264693802
earth,2458769.41667,0.943523131014,0.298260169497,0.129295982055,-0.00588374069804,0.0148581743326,0.00644104317075
earth,2458769.45833,0.943277732595,0.298879183176,0.129564325386,-0.00589538299701,0.0148544810688,0.00643943622676
earth,2458769.5,0.943031849133,0.299498042818,0.129832601696,-0.00590702273367,0.0148507804903,0.00643782610697
earth,2458769.54167,0.942785480736,0.300116748116,0.130100810851,-0.00591865990611,0.0148470725982,0.00643621281228
earth,2458769.58333,0.94253862751,0.300735298766,0.13036895272,-0.00593029451245,0.0148433573936,0.00643459634357
earth,2458769.625,0.942291289562,0.301353694464,0.130637027169,-0.00594192655081,0.0148396348775,0.00643297670174
earth,2458769.66667,0.942043467,0.301971934904,0.130905034067,-0.00595355601931,0.014835905051,0.00643135388765
earth,2458769.70833,0.94179515993,0.302590019783,0.131172973282,-0.00596518291608,0.0148321679151,0.00642972790217
earth,2458769.75,0.941546368459,0.303207948795,0.131440844682,-0.00597680723925,0.0148284234706,0.00642809874615
earth,2458769.79167,0.941297092695,0.303825721637,0.131708648134,-0.00598842898698,0.0148246717186,0.00642646642044
earth,2458769.83333,0.941047332746,0.304443338004,0.131976383506,-0.0060000481574,0.01482091266,0.00642483092586
earth,2458769.875,0.940797088718,0.305060797591,0.132244050667,-0.00601166474869,0.0148171462956,0.00642319226323
earth,2458769.91667,0.940546360719,0.305678100094,0.132511649484,-0.00602327875898,0.0148133726264,0.00642155043337
earth,2458769.95833,0.940295148857,0.306295245208,0.132779179826,-0.00603489018646,0.0148095916531,0.00641990543707
earth,2458770,0.94004345324,0.30691223263,0.13304664156,-0.00604649902929,0.0148058033765,0.00641825727514
earth,2458770.04167,0.939791273974,0.307529062055,0.133314034555,-0.00605810528564,0.0148020077975,0.00641660594833
earth,2458770.08333,0.939538611169,0.308145733178,0.133581358678,-0.0060697089537,0.0147982049167,0.00641495145743
earth,2458770.125,0.939285464931,0.308762245697,0.133848613799,-0.00608131003164,0.0147943947349,0.00641329380319
earth,2458770.16667,0.939031835369,0.309378599305,0.134115799785,-0.00609290851767,0.0147905772529,0.00641163298635
earth,2458770.20833,0.93877772259,0.3099947937,0.134382916504,-0.00610450440996,0.0147867524712,0.00640996900765
earth,2458770.25,0.938523126704,0.310610828576,0.134649963825,-0.00611609770671,0.0147829203905,0.00640830186781
earth,2458770.29167,0.938268047817,0.311226703631,0.134916941616,-0.00612768840613,0.0147790810114,0.00640663156755
earth,2458770.33333,0.938012486039,0.311842418559,0.135183849745,-0.00613927650641,0.0147752343345,0.00640495810756
earth,2458770.375,0.937756441478,0.312457973057,0.135450688081,-0.00615086200576,0.0147713803603,0.00640328148853
earth,2458770.41667,0.937499914242,0.313073366821,0.135717456492,-0.00616244490238,0.0147675190895,0.00640160171115
earth,2458770.45833,0.937242904439,0.313688599547,0.135984154846,-0.00617402519449,0.0147636505223,0.00639991877607
earth,2458770.5,0.936985412178,0.31430367093,0.136250783013,-0.00618560288029,0.0147597746594,0.00639823268396
earth,2458770.54167,0.936727437569,0.314918580667,0.136517340859,-0.00619717795801,0.0147558915012,0.00639654343545
earth,2458770.58333,0.936468980718,0.315533328454,0.136783828255,-0.00620875042584,0.0147520010481,0.00639485103117
earth,2458770.625,0.936210041736,0.316147913986,0.137050245068,-0.00622032028201,0.0147481033003,0.00639315547174
earth,2458770.66667,0.935950620731,0.316762336961,0.137316591167,-0.00623188752474,0.0147441982584,0.00639145675778
earth,2458770.70833,0.935690717812,0.317376597073,0.137582866421,-0.00624345215224,0.0147402859226,0.00638975488986
earth,2458770.75,0.935430333088,0.31799069402,0.137849070698,-0.00625501416273,0.0147363662933,0.00638804986859
earth,2458770.79167,0.935169466668,0.318604627496,0.138115203866,-0.00626657355443,0.0147324393705,0.00638634169452
earth,2458770.83333,0.934908118662,0.319218397199,0.138381265795,-0.00627813032556,0.0147285051547,0.00638463036821
earth,2458770.875,0.934646289177,0.319832002825,0.138647256353,-0.00628968447432,0.014724563646,0.0063829158902
earth,2458770.91667,0.934383978325,0.320445444069,0.138913175409,-0.00630123599895,0.0147206148445,0.00638119826104
earth,2458770.95833,0.934121186214,0.321058720627,0.139179022831,-0.00631278489766,0.0147166587505,0.00637947748124
earth,2458771,0.933857912953,0.321671832196,0.139444798488,-0.00632433116865,0.0147126953639,0.00637775355131
earth,2458771.04167,0.933594158653,0.322284778473,0.13971050225,-0.00633587481014,0.0147087246849,0.00637602647174
earth,2458771.08333,0.933329923422,0.322897559152,0.139976133984,-0.00634741582035,0.0147047467136,0.00637429624301
earth,2458771.125,0.933065207371,0.323510173931,0.14024169356,-0.00635895419748,0.0147007614499,0.0063725628656
earth,2458771.16667,0.932800010609,0.324122622505,0.140507180846,-0.00637048993974,0.0146967688939,0.00637082633996
earth,2458771.20833,0.932534333246,0.324734904571,0.140772595711,-0.00638202304532,0.0146927690454,0.00636908666653
earth,2458771.25,0.932268175392,0.325347019824,0.141037938024,-0.00639355351244,0.0146887619045,0.00636734384574
earth,2458771.29167,0.932001537157,0.325958967962,0.141303207654,-0.00640508133928,0.0146847474709,0.00636559787802
earth,2458771.33333,0.931734418651,0.326570748679,0.14156840447,-0.00641660652405,0.0146807257447,0.00636384876375
earth,2458771.375,0.931466819983,0.327182361672,0.141833528341,-0.00642812906492,0.0146766967255,0.00636209650335
earth,2458771.41667,0.931198741265,0.327793806638,0.142098579135,-0.00643964896008,0.0146726604132,0.00636034109718
earth,2458771.45833,0.930930182607,0.328405083272,0.142363556722,-0.00645116620772,0.0146686168076,0.0063585825456
earth,2458771.5,0.930661144118,0.329016191271,0.14262846097,-0.00646268080601,0.0146645659085,0.00635682084898
earth,2458771.54167,0.93039162591,0.32962713033,0.142893291749,-0.00647419275311,0.0146605077154,0.00635505600764
earth,2458771.58333,0.930121628092,0.330237900146,0.143158048927,-0.0064857020472,0.0146564422281,0.00635328802191
earth,2458771.625,0.929851150776,0.330848500414,0.143422732374,-0.00649720868642,0.0146523694462,0.0063515168921
earth,2458771.66667,0.929580194072,0.331458930832,0.143687341958,-0.00650871266894,0.0146482893694,0.00634974261851
earth,2458771.70833,0.929308758091,0.332069191094,0.143951877549,-0.0065202139929,0.0146442019971,0.00634796520141
earth,2458771.75,0.929036842943,0.332679280897,0.144216339014,-0.00653171265643,0.0146401073291,0.00634618464109
earth,2458771.79167,0.928764448739,0.333289199936,0.144480726225,-0.00654320865766,0.0146360053647,0.00634440093779
earth,2458771.83333,0.928491575592,0.333898947909,0.144745039049,-0.00655470199473,0.0146318961035,0.00634261409176
earth,2458771.875,0.92821822361,0.33450852451,0.145009277356,-0.00656619266575,0.0146277795448,0.00634082410323
earth,2458771.91667,0.927944392907,0.335117929436,0.145273441014,-0.00657768066882,0.0146236556883,0.0063390309724
earth,2458771.95833,0.927670083592,0.335727162383,0.145537529893,-0.00658916600204,0.0146195245331,0.00633723469949
earth,2458772,0.927395295777,0.336336223046,0.145801543862,-0.00660064866351,0.0146153860787,0.00633543528467
earth,2458772.04167,0.927120029573,0.336945111122,0.14606548279,-0.0066121286513,0.0146112403245,0.00633363272812
earth,2458772.08333,0.926844285093,0.337553826305,0.146329346546,-0.0066236059635,0.0146070872696,0.00633182702999
earth,2458772.125,0.926568062447,0.338162368293,0.146593134999,-0.00663508059815,0.0146029269134,0.00633001819044
earth,2458772.16667,0.926291361747,0.33877073678,0.146856848018,-0.00664655255331,0.014598759255,0.00632820620959
earth,2458772.20833,0.926014183105,0.339378931462,0.147120485472,-0.00665802182703,0.0145945842938,0.00632639108755
earth,2458772.25,0.925736526632,0.339986952036,0.147384047232,-0.00666948841733,0.0145904020287,0.00632457282443
earth,2458772.29167,0.925458392441,0.340594798197,0.147647533164,-0.00668095232224,0.0145862124591,0.00632275142032
earth,2458772.33333,0.925179780643,0.34120246964,0.14791094314,-0.00669241353976,0.014582015584,0.00632092687528
earth,2458772.375,0.92490069135,0.341809966061,0.148174277027,-0.00670387206789,0.0145778114023,0.00631909918938
earth,2458772.41667,0.924621124674,0.342417287155,0.148437534695,-0.00671532790461,0.0145735999133,0.00631726836266
earth,2458772.45833,0.924341080728,0.343024432619,0.148700716013,-0.0067267810479,0.0145693811159,0.00631543439515
earth,2458772.5,0.924060559624,0.343631402146,0.148963820851,-0.00673823149571,0.014565155009,0.00631359728687
earth,2458772.54167,0.923779561475,0.344238195434,0.149226849077,-0.006749679246,0.0145609215916,0.00631175703781
earth,2458772.58333,0.923498086391,0.344844812178,0.149489800561,-0.00676112429668,0.0145566808626,0.00630991364797
earth,2458772.625,0.923216134487,0.345451252071,0.149752675171,-0.00677256664569,0.0145524328209,0.00630806711731
earth,2458772.66667,0.922933705875,0.346057514811,0.150015472777,-0.00678400629093,0.0145481774653,0.00630621744579
earth,2458772.70833,0.922650800667,0.346663600092,0.150278193248,-0.00679544323029,0.0145439147946,0.00630436463336
earth,2458772.75,0.922367418977,0.347269507609,0.150540836453,-0.00680687746164,0.0145396448077,0.00630250867993
earth,2458772.79167,0.922083560917,0.347875237058,0.150803402261,-0.00681830898285,0.0145353675032,0.00630064958544
earth,2458772.83333,0.921799226599,0.348480788133,0.151065890541,-0.00682973779175,0.01453108288,0.00629878734976
earth,2458772.875,0.921514416138,0.349086160529,0.151328301163,-0.00684116388619,0.0145267909365,0.0062969219728
earth,2458772.91667,0.921229129647,0.349691353942,0.151590633995,-0.00685258726396,0.0145224916716,0.00629505345441
earth,2458772.95833,0.920943367237,0.350296368067,0.151852888907,-0.00686400792288,0.0145181850838,0.00629318179445
earth,2458773,0.920657129024,0.350901202598,0.152115065768,-0.00687542586071,0.0145138711718,0.00629130699277
earth,2458773.04167,0.92037041512,0.351505857229,0.152377164446,-0.00688684107523,0.014509549934,0.00628942904918
earth,2458773.08333,0.920083225639,0.352110331657,0.152639184812,-0.00689825356418,0.014505221369,0.00628754796349
earth,2458773.125,0.919795560694,0.352714625575,0.152901126733,-0.00690966332528,0.0145008854753,0.00628566373551
earth,2458773.16667,0.9195074204,0.353318738678,0.153162990079,-0.00692107035625,0.0144965422513,0.006283776365
earth,2458773.20833,0.919218804869,0.353922670661,0.15342477472,-0.00693247465477,0.0144921916955,0.00628188585174
earth,2458773.25,0.918929714217,0.354526421218,0.153686480523,-0.00694387621852,0.0144878338063,0.00627999219548
earth,2458773.29167,0.918640148556,0.355129990043,0.153948107359,-0.00695527504515,0.0144834685821,0.00627809539595
earth,2458773.33333,0.918350108001,0.355733376831,0.154209655096,-0.0069666711323,0.0144790960211,0.00627619545287
earth,2458773.375,0.918059592666,0.356336581276,0.154471123603,-0.00697806447757,0.0144747161216,0.00627429236595
earth,2458773.41667,0.917768602666,0.356939603072,0.154732512749,-0.00698945507857,0.014470328882,0.00627238613487
earth,2458773.45833,0.917477138114,0.357542441914,0.154993822404,-0.00700084293286,0.0144659343005,0.00627047675932
earth,2458773.5,0.917185199126,0.358145097495,0.155255052436,-0.007012228038,0.0144615323753,0.00626856423895
jupiter,2458724.5,-0.405377153902,-4.83511963388,-2.06259770652,0.00744019200727,-0.000140074795216,-0.000241157133413
jupiter,2458724.75,-0.403517080262,-4.83515434724,-2.06265786556,0.00744039695452,-0.000137632050032,-0.000240115119311
jupiter,2458725,-0.401656955502,-4.83518844989,-2.06271776407,0.00744060097376,-0.000135189162605,-0.00023907302153
jupiter,2458725.25,-0.399796779853,-4.83522194181,-2.06277740206,0.00744080406478,-0.000132746133212,-0.000238030840171
jupiter,2458725.5,-0.397936553547,-4.83525482295,-2.06283677949,0.00744100622735,-0.000130302962133,-0.000236988575343
jupiter,2458725.75,-0.396076276817,-4.83528709328,-2.06289589634,0.00744120746126,-0.000127859649649,-0.000235946227153
jupiter,2458726,-0.394215949894,-4.83531875276,-2.06295475259,0.0074414077663,-0.000125416196046,-0.00023490379571
jupiter,2458726.25,-0.392355573011,-4.83534980136,-2.06301334823,0.00744160714226,-0.000122972601613,-0.000233861281128
jupiter,2458726.5,-0.3904951464,-4.83538023905,-2.06307168323,0.00744180558891,-0.000120528866641,-0.000232818683518
jupiter,2458726.75,-0.388634670294,-4.83541006578,-2.06312975757,0.00744200310606,-0.000118084991423,-0.000231776002997
jupiter,2458727,-0.386774144924,-4.83543928153,-2.06318757122,0.00744219969349,-0.000115640976256,-0.000230733239679
jupiter,2458727.25,-0.384913570525,-4.83546788626,-2.06324512418,0.00744239535101,-0.000113196821438,-0.000229690393683
jupiter,2458727.5,-0.383052947327,-4.83549587993,-2.06330241641,0.0074425900784,-0.00011075252727,-0.000228647465128
jupiter,2458727.75,-0.381192275563,-4.83552326251,-2.0633594479,0.00744278387548,-0.000108308094054,-0.000227604454134
jupiter,2458728,-0.379331555466,-4.83555003397,-2.06341621863,0.00744297674203,-0.000105863522094,-0.000226561360823
jupiter,2458728.25,-0.377470787269,-4.83557619426,-2.06347272858,0.00744316867786,-0.000103418811697,-0.000225518185317
jupiter,2458728.5,-0.375609971205,-4.83560174336,-2.06352897772,0.00744335968279,-0.000100973963171,-0.00022447492774
jupiter,2458728.75,-0.373749107506,-4.83562668123,-2.06358496603,0.00744354975661,-9.85289768238e-05,-0.000223431588216
jupiter,2458729,-0.371888196404,-4.83565100784,-2.06364069351,0.00744373889914,-9.60838529669e-05,-0.000222388166872
jupiter,2458729.25,-0.370027238134,-4.83567472315,-2.06369616011,0.00744392711019,-9.36385919119e-05,-0.000221344663834
jupiter,2458729.5,-0.368166232927,-4.83569782712,-2.06375136583,0.00744411438958,-9.11931939716e-05,-0.000220301079228
jupiter,2458729.75,-0.366305181017,-4.83572031973,-2.06380631064,0.00744430073713,-8.87476594599e-05,-0.000219257413184
jupiter,2458730,-0.364444082636,-4.83574220094,-2.06386099453,0.00744448615264,-8.63019886915e-05,-0.000218213665829
jupiter,2458730.25,-0.362582938018,-4.83576347072,-2.06391541747,0.00744467063595,-8.38561819821e-05,-0.000217169837294
jupiter,2458730.5,-0.360721747396,-4.83578412902,-2.06396957944,0.00744485418689,-8.1410239648e-05,-0.000216125927708
jupiter,2458730.75,-0.358860511002,-4.83580417582,-2.06402348043,0.00744503680526,-7.89641620061e-05,-0.000215081937201
jupiter,2458731,-0.356999229071,-4.83582361109,-2.0640771204,0.00744521849091,-7.65179493738e-05,-0.000214037865904
jupiter,2458731.25,-0.355137901834,-4.83584243479,-2.06413049935,0.00744539924367,-7.40716020693e-05,-0.00021299371395
jupiter,2458731.5,-0.353276529527,-4.83586064688,-2.06418361725,0.00744557906336,-7.16251204107e-05,-0.000211949481469
jupiter,2458731.75,-0.351415112381,-4.83587824734,-2.06423647409,0.00744575794981,-6.91785047169e-05,-0.000210905168594
jupiter,2458732,-0.34955365063,-4.83589523612,-2.06428906983,0.00744593590288,-6.67317553068e-05,-0.000209860775457
jupiter,2458732.25,-0.347692144507,-4.8359116132,-2.06434140447,0.00744611292238,-6.42848724995e-05,-0.000208816302191
jupiter,2458732.5,-0.345830594246,-4.83592737855,-2.06439347798,0.00744628900817,-6.18378566145e-05,-0.000207771748929
jupiter,2458732.75,-0.343969000081,-4.83594253212,-2.06444529034,0.00744646416008,-5.93907079712e-05,-0.000206727115804
jupiter,2458733,-0.342107362244,-4.83595707389,-2.06449684153,0.00744663837796,-5.69434268891e-05,-0.00020568240295
jupiter,2458733.25,-0.34024568097,-4.83597100382,-2.06454813153,0.00744681166164,-5.44960136877e-05,-0.000204637610499
jupiter,2458733.5,-0.338383956491,-4.83598432189,-2.06459916033,0.00744698401099,-5.20484686866e-05,-0.000203592738587
jupiter,2458733.75,-0.336522189042,-4.83599702805,-2.06464992789,0.00744715542584,-4.96007922052e-05,-0.000202547787345
jupiter,2458734,-0.334660378856,-4.83600912227,-2.06470043421,0.00744732590604,-4.71529845629e-05,-0.000201502756909
jupiter,2458734.25,-0.332798526167,-4.83602060453,-2.06475067927,0.00744749545144,-4.4705046079e-05,-0.000200457647412
jupiter,2458734.5,-0.330936631208,-4.83603147478,-2.06480066303,0.0074476640619,-4.22569770725e-05,-0.000199412458989
jupiter,2458734.75,-0.329074694214,-4.836041733,-2.06485038549,0.00744783173727,-3.98087778625e-05,-0.000198367191772
jupiter,2458735,-0.327212715417,-4.83605137916,-2.06489984662,0.0074479984774,-3.73604487676e-05,-0.000197321845896
jupiter,2458735.25,-0.325350695053,-4.83606041322,-2.06494904641,0.00744816428216,-3.49119901064e-05,-0.000196276421496
jupiter,2458735.5,-0.323488633354,-4.83606883515,-2.06499798482,0.00744832915138,-3.24634021971e-05,-0.000195230918704
jupiter,2458735.75,-0.321626530555,-4.83607664491,-2.06504666186,0.00744849308495,-3.00146853579e-05,-0.000194185337656
jupiter,2458736,-0.31976438689,-4.83608384248,-2.06509507749,0.0074486560827,-2.75658399066e-05,-0.000193139678484
jupiter,2458736.25,-0.317902202592,-4.83609042782,-2.06514323169,0.00744881814451,-2.51168661606e-05,-0.000192093941322
jupiter,2458736.5,-0.316039977896,-4.8360964009,-2.06519112445,0.00744897927023,-2.26677644372e-05,-0.000191048126305
jupiter,2458736.75,-0.314177713035,-4.83610176169,-2.06523875575,0.00744913945973,-2.02185350536e-05,-0.000190002233565
jupiter,2458737,-0.312315408244,-4.83610651016,-2.06528612556,0.00744929871287,-1.77691783263e-05,-0.000188956263238
jupiter,2458737.25,-0.310453063756,-4.83611064627,-2.06533323387,0.00744945702951,-1.53196945718e-05,-0.000187910215455
jupiter,2458737.5,-0.308590679807,-4.83611416999,-2.06538008066,0.00744961440953,-1.28700841061e-05,-0.00018686409035
jupiter,2458737.75,-0.30672825663,-4.8361170813,-2.06542666591,0.00744977085277,-1.0420347245e-05,-0.000185817888057
jupiter,2458738,-0.304865794459,-4.83611938016,-2.0654729896,0.00744992635912,-7.97048430404e-06,-0.000184771608709
jupiter,2458738.25,-0.303003293528,-4.83612106653,-2.06551905171,0.00745008092844,-5.52049559837e-06,-0.000183725252439
jupiter,2458738.5,-0.301140754073,-4.83612214039,-2.06556485222,0.00745023456059,-3.07038144288e-06,-0.00018267881938
jupiter,2458738.75,-0.299278176326,-4.83612260171,-2.06561039111,0.00745038725545,-6.20142152155e-07,-0.000181632309665
jupiter,2458739,-0.297415560523,-4.83612245045,-2.06565566837,0.00745053901288,1.83022195953e-06,-0.000180585723426
jupiter,2458739.25,-0.295552906898,-4.83612168659,-2.06570068397,0.00745068983276,4.2807105782e-06,-0.000179539060796
jupiter,2458739.5,-0.293690215685,-4.83612031009,-2.06574543789,0.00745083971495,6.73132339015e-06,-0.000178492321908
jupiter,2458739.75,-0.291827487118,-4.83611832092,-2.06578993012,0.00745098865933,9.18206008198e-06,-0.000177445506893
jupiter,2458740,-0.289964721433,-4.83611571905,-2.06583416064,0.00745113666577,1.16329203406e-05,-0.000176398615886
jupiter,2458740.25,-0.288101918864,-4.83611250445,-2.06587812942,0.00745128373414,1.40839038531e-05,-0.000175351649016
jupiter,2458740.5,-0.286239079644,-4.83610867709,-2.06592183646,0.00745142986431,1.65350103071e-05,-0.000174304606417
jupiter,2458740.75,-0.28437620401,-4.83610423693,-2.06596528172,0.00745157505616,1.89862393901e-05,-0.00017325748822
jupiter,2458741,-0.282513292194,-4.83609918396,-2.0660084652,0.00745171930956,2.14375907902e-05,-0.000172210294557
jupiter,2458741.25,-0.280650344433,-4.83609351813,-2.06605138686,0.00745186262439,2.38890641956e-05,-0.000171163025561
jupiter,2458741.5,-0.278787360961,-4.83608723941,-2.0660940467,0.00745200500051,2.63406592948e-05,-0.000170115681361
jupiter,2458741.75,-0.276924342011,-4.83608034779,-2.0661364447,0.00745214643781,2.87923757766e-05,-0.000169068262091
jupiter,2458742,-0.27506128782,-4.83607284322,-2.06617858083,0.00745228693616,3.12442133298e-05,-0.00016802076788
jupiter,2458742.25,-0.273198198621,-4.83606472567,-2.06622045507,0.00745242649544,3.36961716437e-05,-0.000166973198861
jupiter,2458742.5,-0.27133507465,-4.83605599512,-2.06626206742,0.00745256511552,3.61482504077e-05,-0.000165925555165
jupiter,2458742.75,-0.269471916142,-4.83604665154,-2.06630341785,0.00745270279628,3.86004493115e-05,-0.000164877836922
jupiter,2458743,-0.267608723331,-4.83603669489,-2.06634450633,0.00745283953759,4.10527680449e-05,-0.000163830044264
jupiter,2458743.25,-0.265745496451,-4.83602612514,-2.06638533286,0.00745297533934,4.3505206298e-05,-0.00016278217732
jupiter,2458743.5,-0.263882235739,-4.83601494227,-2.06642589741,0.0074531102014,4.59577637609e-05,-0.000161734236223
jupiter,2458743.75,-0.262018941429,-4.83600314625,-2.06646619997,0.00745324412365,4.84104401242e-05,-0.000160686221103
jupiter,2458744,-0.260155613756,-4.83599073704,-2.06650624052,0.00745337710597,5.08632350784e-05,-0.00015963813209
jupiter,2458744.25,-0.258292252954,-4.83597771462,-2.06654601903,0.00745350914823,5.33161483144e-05,-0.000158589969314
jupiter,2458744.5,-0.25642885926,-4.83596407896,-2.0665855355,0.00745364025031,5.57691795231e-05,-0.000157541732906
jupiter,2458744.75,-0.254565432908,-4.83594983002,-2.06662478989,0.0074537704121,5.82223283957e-05,-0.000156493422997
jupiter,2458745,-0.252701974132,-4.83593496778,-2.0666637822,0.00745389963347,6.06755946233e-05,-0.000155445039716
jupiter,2458745.25,-0.250838483169,-4.83591949222,-2.06670251241,0.0074540279143,6.31289778973e-05,-0.000154396583193
jupiter,2458745.5,-0.248974960253,-4.83590340329,-2.06674098049,0.00745415525448,6.55824779095e-05,-0.00015334805356
jupiter,2458745.75,-0.24711140562,-4.83588670097,-2.06677918643,0.00745428165387,6.80360943513e-05,-0.000152299450944
jupiter,2458746,-0.245247819505,-4.83586938523,-2.06681713021,0.00745440711237,7.04898269147e-05,-0.000151250775478
jupiter,2458746.25,-0.243384202143,-4.83585145604,-2.06685481181,0.00745453162985,7.29436752915e-05,-0.000150202027289
jupiter,2458746.5,-0.241520553768,-4.83583291338,-2.06689223122,0.00745465520619,7.53976391738e-05,-0.000149153206509
jupiter,2458746.75,-0.239656874618,-4.83581375721,-2.06692938841,0.00745477784127,7.78517182538e-05,-0.000148104313267
jupiter,2458747,-0.237793164926,-4.83579398751,-2.06696628337,0.00745489953498,8.03059122235e-05,-0.000147055347692
jupiter,2458747.25,-0.235929424929,-4.83577360425,-2.06700291608,0.00745502028719,8.27602207755e-05,-0.000146006309914
jupiter,2458747.5,-0.234065654861,-4.83575260739,-2.06703928652,0.00745514009778,8.5214643602e-05,-0.000144957200062
jupiter,2458747.75,-0.232201854958,-4.83573099692,-2.06707539467,0.00745525896665,8.76691803956e-05,-0.000143908018267
jupiter,2458748,-0.230338025456,-4.83570877279,-2.06711124052,0.00745537689366,9.01238308488e-05,-0.000142858764657
jupiter,2458748.25,-0.22847416659,-4.83568593499,-2.06714682405,0.0074554938787,9.25785946543e-05,-0.000141809439362
jupiter,2458748.5,-0.226610278595,-4.83566248349,-2.06718214523,0.00745560992165,9.50334715048e-05,-0.000140760042512
jupiter,2458748.75,-0.224746361708,-4.83563841825,-2.06721720406,0.0074557250224,9.74884610929e-05,-0.000139710574235
jupiter,2458749,-0.222882416163,-4.83561373925,-2.06725200051,0.00745583918082,9.99435631115e-05,-0.00013866103466
jupiter,2458749.25,-0.221018442196,-4.83558844646,-2.06728653457,0.00745595239681,0.000102398777254,-0.000137611423918
jupiter,2458749.5,-0.219154440043,-4.83556253985,-2.06732080622,0.00745606467023,0.000104854103212,-0.000136561742138
jupiter,2458749.75,-0.217290409939,-4.8355360194,-2.06735481544,0.00745617600097,0.000107309540679,-0.000135511989448
jupiter,2458750,-0.215426352121,-4.83550888507,-2.06738856221,0.00745628638892,0.000109765089349,-0.000134462165977
jupiter,2458750.25,-0.213562266824,-4.83548113684,-2.06742204651,0.00745639583396,0.000112220748913,-0.000133412271856
jupiter,2458750.5,-0.211698154283,-4.83545277469,-2.06745526834,0.00745650433597,0.000114676519065,-0.000132362307212
jupiter,2458750.75,-0.209834014734,-4.83542379857,-2.06748822766,0.00745661189483,0.000117132399499,-0.000131312272176
jupiter,2458751,-0.207969848414,-4.83539420848,-2.06752092447,0.00745671851043,0.000119588389907,-0.000130262166875
jupiter,2458751.25,-0.206105655558,-4.83536400437,-2.06755335874,0.00745682418265,0.000122044489981,-0.00012921199144
jupiter,2458751.5,-0.204241436401,-4.83533318622,-2.06758553046,0.00745692891138,0.000124500699416,-0.000128161745999
jupiter,2458751.75,-0.20237719118,-4.83530175401,-2.06761743961,0.00745703269649,0.000126957017904,-0.000127111430681
jupiter,2458752,-0.200512920132,-4.8352697077,-2.06764908617,0.00745713553787,0.000129413445138,-0.000126061045615
jupiter,2458752.25,-0.19864862349,-4.83523704728,-2.06768047012,0.00745723743541,0.000131869980811,-0.000125010590931
jupiter,2458752.5,-0.196784301492,-4.83520377271,-2.06771159146,0.00745733838898,0.000134326624616,-0.000123960066757
jupiter,2458752.75,-0.194919954374,-4.83516988396,-2.06774245015,0.00745743839848,0.000136783376246,-0.000122909473222
jupiter,2458753,-0.193055582372,-4.83513538101,-2.06777304619,0.00745753746378,0.000139240235394,-0.000121858810456
jupiter,2458753.25,-0.191191185721,-4.83510026383,-2.06780337955,0.00745763558477,0.000141697201754,-0.000120808078587
jupiter,2458753.5,-0.189326764658,-4.8350645324,-2.06783345022,0.00745773276133,0.000144154275016,-0.000119757277744
jupiter,2458753.75,-0.187462319419,-4.83502818668,-2.06786325818,0.00745782899336,0.000146611454876,-0.000118706408057
jupiter,2458754,-0.18559785024,-4.83499122666,-2.06789280342,0.00745792428072,0.000149068741025,-0.000117655469654
jupiter,2458754.25,-0.183733357358,-4.8349536523,-2.06792208591,0.00745801862331,0.000151526133156,-0.000116604462665
jupiter,2458754.5,-0.181868841007,-4.83491546359,-2.06795110565,0.00745811202102,0.000153983630961,-0.000115553387218
jupiter,2458754.75,-0.180004301426,-4.83487666048,-2.0679798626,0.00745820447372,0.000156441234135,-0.000114502243443
jupiter,2458755,-0.178139738849,-4.83483724296,-2.06800835676,0.00745829598129,0.000158898942368,-0.000113451031468
jupiter,2458755.25,-0.176275153514,-4.834797211,-2.06803658811,0.00745838654364,0.000161356755355,-0.000112399751423
jupiter,2458755.5,-0.174410545656,-4.83475656457,-2.06806455663,0.00745847616063,0.000163814672786,-0.000111348403437
jupiter,2458755.75,-0.172545915512,-4.83471530366,-2.06809226231,0.00745856483216,0.000166272694355,-0.000110296987639
jupiter,2458756,-0.170681263319,-4.83467342822,-2.06811970512,0.00745865255812,0.000168730819754,-0.000109245504157
jupiter,2458756.25,-0.168816589312,-4.83463093824,-2.06814688505,0.00745873933837,0.000171189048675,-0.000108193953122
jupiter,2458756.5,-0.166951893729,-4.83458783369,-2.06817380209,0.00745882517282,0.000173647380811,-0.000107142334663
jupiter,2458756.75,-0.165087176805,-4.83454411454,-2.06820045622,0.00745891006134,0.000176105815854,-0.000106090648908
jupiter,2458757,-0.163222438777,-4.83449978077,-2.06822684741,0.00745899400383,0.000178564353495,-0.000105038895987
jupiter,2458757.25,-0.161357679882,-4.83445483235,-2.06825297566,0.00745907700016,0.000181022993427,-0.000103987076029
jupiter,2458757.5,-0.159492900356,-4.83440926926,-2.06827884094,0.00745915905022,0.000183481735342,-0.000102935189163
jupiter,2458757.75,-0.157628100435,-4.83436309148,-2.06830444325,0.0074592401539,0.000185940578931,-0.000101883235519
jupiter,2458758,-0.155763280357,-4.83431629897,-2.06832978255,0.00745932031109,0.000188399523887,-0.000100831215227
jupiter,2458758.25,-0.153898440359,-4.83426889171,-2.06835485885,0.00745939952166,0.0001908585699,-9.97791284143e-05
jupiter,2458758.5,-0.152033580675,-4.83422086967,-2.06837967211,0.00745947778551,0.000193317716663,-9.87269752121e-05
jupiter,2458758.75,-0.150168701545,-4.83417223284,-2.06840422233,0.00745955510253,0.000195776963866,-9.76747557492e-05
jupiter,2458759,-0.148303803203,-4.83412298118,-2.06842850949,0.00745963147259,0.000198236311202,-9.66224701552e-05
jupiter,2458759.25,-0.146438885887,-4.83407311468,-2.06845253356,0.00745970689558,0.000200695758362,-9.55701185597e-05
jupiter,2458759.5,-0.144573949834,-4.8340226333,-2.06847629454,0.0074597813714,0.000203155305036,-9.45177010922e-05
jupiter,2458759.75,-0.142708995281,-4.83397153702,-2.06849979241,0.00745985489992,0.000205614950915,-9.34652178823e-05
jupiter,2458760,-0.140844022463,-4.83391982581,-2.06852302714,0.00745992748103,0.000208074695692,-9.24126690598e-05
jupiter,2458760.25,-0.138979031619,-4.83386749966,-2.06854599873,0.00745999911462,0.000210534539055,-9.13600547543e-05
jupiter,2458760.5,-0.137114022985,-4.83381455853,-2.06856870716,0.00746006980058,0.000212994480697,-9.03073750956e-05
jupiter,2458760.75,-0.135248996798,-4.83376100241,-2.06859115242,0.0074601395388,0.000215454520308,-8.92546302135e-05
jupiter,2458761,-0.133383953295,-4.83370683127,-2.06861333447,0.00746020832915,0.000217914657578,-8.82018202379e-05
jupiter,2458761.25,-0.131518892712,-4.83365204507,-2.06863525332,0.00746027617152,0.000220374892197,-8.71489452986e-05
jupiter,2458761.5,-0.129653815288,-4.83359664381,-2.06865690894,0.00746034306581,0.000222835223856,-8.60960055257e-05
jupiter,2458761.75,-0.127788721258,-4.83354062745,-2.06867830132,0.0074604090119,0.000225295652245,-8.50430010492e-05
jupiter,2458762,-0.125923610861,-4.83348399598,-2.06869943044,0.00746047400968,0.000227756177054,-8.3989931999e-05
jupiter,2458762.25,-0.124058484332,-4.83342674936,-2.06872029628,0.00746053805903,0.000230216797973,-8.29367985055e-05
jupiter,2458762.5,-0.12219334191,-4.83336888757,-2.06874089883,0.00746060115985,0.00023267751469,-8.18836006987e-05
jupiter,2458762.75,-0.120328183832,-4.83331041059,-2.06876123807,0.00746066331201,0.000235138326897,-8.08303387089e-05
jupiter,2458763,-0.118463010333,-4.8332513184,-2.06878131399,0.00746072451541,0.000237599234282,-7.97770126664e-05
jupiter,2458763.25,-0.116597821653,-4.83319161097,-2.06880112658,0.00746078476993,0.000240060236534,-7.87236227015e-05
jupiter,2458763.5,-0.114732618028,-4.83313128827,-2.0688206758,0.00746084407546,0.000242521333343,-7.76701689448e-05
jupiter,2458763.75,-0.112867399694,-4.83307035029,-2.06883996165,0.00746090243189,0.000244982524398,-7.66166515267e-05
jupiter,2458764,-0.111002166891,-4.833008797,-2.06885898412,0.00746095983911,0.000247443809387,-7.55630705777e-05
jupiter,2458764.25,-0.109136919854,-4.83294662838,-2.06887774318,0.007461016297,0.000249905187999,-7.45094262286e-05
jupiter,2458764.5,-0.107271658821,-4.8328838444,-2.06889623883,0.00746107180545,0.000252366659922,-7.345571861e-05
jupiter,2458764.75,-0.10540638403,-4.83282044504,-2.06891447104,0.00746112636435,0.000254828224846,-7.24019478527e-05
jupiter,2458765,-0.103541095718,-4.83275643028,-2.0689324398,0.00746117997359,0.000257289882457,-7.13481140876e-05
jupiter,2458765.25,-0.101675794123,-4.83269180009,-2.06895014509,0.00746123263306,0.000259751632444,-7.02942174456e-05
jupiter,2458765.5,-0.0998104794809,-4.83262655446,-2.0689675869,0.00746128434264,0.000262213474495,-6.92402580577e-05
jupiter,2458765.75,-0.0979451520305,-4.83256069335,-2.06898476521,0.00746133510222,0.000264675408298,-6.81862360549e-05
jupiter,2458766,-0.096079812009,-4.83249421674,-2.06900168001,0.00746138491169,0.000267137433539,-6.71321515686e-05
jupiter,2458766.25,-0.0942144596539,-4.83242712462,-2.06901833128,0.00746143377094,0.000269599549907,-6.60780047298e-05
jupiter,2458766.5,-0.0923490952027,-4.83235941696,-2.06903471901,0.00746148167986,0.000272061757088,-6.502379567e-05
jupiter,2458766.75,-0.0904837188931,-4.83229109374,-2.06905084318,0.00746152863833,0.000274524054769,-6.39695245206e-05
jupiter,2458767,-0.0886183309628,-4.83222215493,-2.06906670377,0.00746157464625,0.000276986442637,-6.29151914132e-05
jupiter,2458767.25,-0.0867529316492,-4.83215260051,-2.06908230077,0.0074616197035,0.000279448920378,-6.18607964792e-05
jupiter,2458767.5,-0.0848875211902,-4.83208243046,-2.06909763416,0.00746166380997,0.000281911487679,-6.08063398504e-05
jupiter,2458767.75,-0.0830220998235,-4.83201164476,-2.06911270393,0.00746170696555,0.000284374144226,-5.97518216586e-05
jupiter,2458768,-0.0811566677867,-4.83194024338,-2.06912751007,0.00746174917013,0.000286836889704,-5.86972420358e-05
jupiter,2458768.25,-0.0792912253177,-4.83186822631,-2.06914205255,0.0074617904236,0.000289299723799,-5.76426011138e-05
jupiter,2458768.5,-0.0774257726542,-4.83179559351,-2.06915633136,0.00746183072584,0.000291762646198,-5.65878990249e-05
jupiter,2458768.75,-0.075560310034,-4.83172234497,-2.06917034649,0.00746187007675,0.000294225656584,-5.55331359011e-05
jupiter,2458769,-0.0736948376951,-4.83164848068,-2.06918409793,0.00746190847622,0.000296688754643,-5.44783118749e-05
jupiter,2458769.25,-0.0718293558752,-4.83157400059,-2.06919758564,0.00746194592413,0.00029915194006,-5.34234270787e-05
jupiter,2458769.5,-0.0699638648123,-4.8314989047,-2.06921080963,0.00746198242037,0.00030161521252,-5.23684816449e-05
jupiter,2458769.75,-0.0680983647444,-4.83142319298,-2.06922376988,0.00746201796484,0.000304078571705,-5.13134757062e-05
jupiter,2458770,-0.0662328559092,-4.83134686541,-2.06923646637,0.00746205255742,0.000306542017302,-5.02584093955e-05
jupiter,2458770.25,-0.064367338545,-4.83126992196,-2.06924889908,0.007462086198,0.000309005548993,-4.92032828456e-05
jupiter,2458770.5,-0.0625018128896,-4.83119236262,-2.069261068,0.00746211888647,0.000311469166461,-4.81480961895e-05
jupiter,2458770.75,-0.0606362791811,-4.83111418737,-2.06927297312,0.00746215062273,0.000313932869391,-4.70928495604e-05
jupiter,2458771,-0.0587707376576,-4.83103539618,-2.06928461442,0.00746218140665,0.000316396657465,-4.60375430916e-05
jupiter,2458771.25,-0.0569051885571,-4.83095598903,-2.06929599189,0.00746221123814,0.000318860530365,-4.49821769165e-05
jupiter,2458771.5,-0.0550396321179,-4.83087596591,-2.06930710551,0.00746224011708,0.000321324487775,-4.39267511686e-05
jupiter,2458771.75,-0.053174068578,-4.83079532678,-2.06931795526,0.00746226804336,0.000323788529377,-4.28712659816e-05
jupiter,2458772,-0.0513084981756,-4.83071407164,-2.06932854113,0.00746229501687,0.000326252654851,-4.18157214894e-05
jupiter,2458772.25,-0.049442921149,-4.83063220045,-2.06933886312,0.0074623210375,0.00032871686388,-4.0760117826e-05
jupiter,2458772.5,-0.0475773377363,-4.8305497132,-2.06934892119,0.00746234610514,0.000331181156146,-3.97044551255e-05
jupiter,2458772.75,-0.0457117481758,-4.83046660986,-2.06935871534,0.00746237021968,0.000333645531328,-3.86487335222e-05
jupiter,2458773,-0.0438461527059,-4.83038289043,-2.06936824555,0.00746239338102,0.000336109989107,-3.75929531506e-05
jupiter,2458773.25,-0.0419805515647,-4.83029855486,-2.06937751181,0.00746241558904,0.000338574529165,-3.65371141454e-05
jupiter,2458773.5,-0.0401149449908,-4.83021360315,-2.0693865141,0.00746243684364,0.00034103915118,-3.54812166413e-05
saturn,2458724.5,3.18104368736,-8.75784316304,-3.75444732993,0.00499185219087,0.00169689299725,0.000486047587945
saturn,2458724.75,3.18229162125,-8.75741885939,-3.75432578358,0.00499161889302,0.00169753613363,0.000486323260991
saturn,2458725,3.1835394968,-8.75699439497,-3.7542041683,0.00499138550311,0.00169817924708,0.000486598928722
saturn,2458725.25,3.18478731399,-8.75656976977,-3.75408248411,0.00499115202106,0.0016988223376,0.000486874591147
saturn,2458725.5,3.1860350728,-8.7561449838,-3.75396073101,0.00499091844677,0.00169946540518,0.000487150248276
saturn,2458725.75,3.18728277321,-8.75572003707,-3.75383890899,0.00499068478015,0.00170010844982,0.000487425900114
saturn,2458726,3.18853041518,-8.75529492958,-3.75371701806,0.00499045102108,0.0017007514715,0.000487701546667
saturn,2458726.25,3.18977799871,-8.75486966134,-3.75359505822,0.00499021716949,0.00170139447022,0.000487977187939
saturn,2458726.5,3.19102552376,-8.75444423235,-3.75347302946,0.00498998322528,0.00170203744595,0.00048825282393
saturn,2458726.75,3.19227299031,-8.75401864262,-3.7533509318,0.00498974918837,0.00170268039868,0.000488528454641
saturn,2458727,3.19352039835,-8.75359289215,-3.75322876524,0.00498951505865,0.00170332332838,0.000488804080071
saturn,2458727.25,3.19476774784,-8.75316698095,-3.75310652976,0.00498928083606,0.00170396623503,0.000489079700217
saturn,2458727.5,3.19601503876,-8.75274090903,-3.75298422539,0.0049890465205,0.00170460911861,0.000489355315075
saturn,2458727.75,3.19726227109,-8.7523146764,-3.75286185211,0.00498881211189,0.00170525197908,0.000489630924641
saturn,2458728,3.19850944481,-8.75188828305,-3.75273940993,0.00498857761016,0.00170589481643,0.000489906528907
saturn,2458728.25,3.19975655989,-8.75146172899,-3.75261689884,0.00498834301522,0.00170653763061,0.000490182127866
saturn,2458728.5,3.2010036163,-8.75103501423,-3.75249431886,0.00498810832701,0.0017071804216,0.00049045772151
saturn,2458728.75,3.20225061404,-8.75060813878,-3.75237166998,0.00498787354544,0.00170782318936,0.00049073330983
saturn,2458729,3.20349755307,-8.75018110264,-3.75224895221,0.00498763867045,0.00170846593386,0.000491008892814
saturn,2458729.25,3.20474443337,-8.74975390582,-3.75212616554,0.00498740370197,0.00170910865505,0.000491284470452
saturn,2458729.5,3.20599125491,-8.74932654832,-3.75200330997,0.00498716863994,0.00170975135291,0.000491560042733
saturn,2458729.75,3.20723801768,-8.74889903014,-3.75188038552,0.00498693348428,0.0017103940274,0.000491835609643
saturn,2458730,3.20848472165,-8.7484713513,-3.75175739217,0.00498669823493,0.00171103667847,0.000492111171168
saturn,2458730.25,3.20973136679,-8.74804351181,-3.75163432993,0.00498646289185,0.00171167930609,0.000492386727296
saturn,2458730.5,3.21097795309,-8.74761551165,-3.75151119881,0.00498622745496,0.00171232191021,0.000492662278012
saturn,2458730.75,3.21222448051,-8.74718735085,-3.75138799879,0.00498599192421,0.0017129644908,0.000492937823301
saturn,2458731,3.21347094904,-8.74675902941,-3.75126472989,0.00498575629955,0.00171360704781,0.000493213363147
saturn,2458731.25,3.21471735865,-8.74633054733,-3.75114139211,0.00498552058093,0.00171424958121,0.000493488897535
saturn,2458731.5,3.21596370932,-8.74590190462,-3.75101798545,0.00498528476829,0.00171489209094,0.000493764426449
saturn,2458731.75,3.21721000103,-8.74547310129,-3.7508945099,0.00498504886159,0.00171553457697,0.000494039949871
saturn,2458732,3.21845623375,-8.74504413733,-3.75077096547,0.00498481286078,0.00171617703925,0.000494315467786
saturn,2458732.25,3.21970240745,-8.74461501277,-3.75064735217,0.00498457676582,0.00171681947775,0.000494590980176
saturn,2458732.5,3.22094852212,-8.7441857276,-3.75052366998,0.00498434057665,0.00171746189241,0.000494866487025
saturn,2458732.75,3.22219457773,-8.74375628182,-3.75039991892,0.00498410429325,0.0017181042832,0.000495141988314
saturn,2458733,3.22344057426,-8.74332667546,-3.75027609899,0.00498386791557,0.00171874665007,0.000495417484027
saturn,2458733.25,3.22468651168,-8.7428969085,-3.75015221018,0.00498363144357,0.00171938899298,0.000495692974145
saturn,2458733.5,3.22593238997,-8.74246698096,-3.7500282525,0.00498339487722,0.00172003131189,0.000495968458651
saturn,2458733.75,3.22717820911,-8.74203689285,-3.74990422595,0.00498315821647,0.00172067360676,0.000496243937527
saturn,2458734,3.22842396907,-8.74160664416,-3.74978013053,0.0049829214613,0.00172131587754,0.000496519410756
saturn,2458734.25,3.22966966983,-8.74117623491,-3.74965596625,0.00498268461168,0.00172195812418,0.000496794878318
saturn,2458734.5,3.23091531137,-8.7407456651,-3.74953173309,0.00498244766756,0.00172260034666,0.000497070340198
saturn,2458734.75,3.23216089366,-8.74031493474,-3.74940743108,0.00498221062893,0.00172324254492,0.000497345796375
saturn,2458735,3.23340641668,-8.73988404383,-3.7492830602,0.00498197349575,0.00172388471892,0.000497621246833
saturn,2458735.25,3.2346518804,-8.73945299238,-3.74915862045,0.00498173626799,0.00172452686863,0.000497896691554
saturn,2458735.5,3.2358972848,-8.7390217804,-3.74903411185,0.00498149894563,0.001725168994,0.00049817213052
saturn,2458735.75,3.23714262987,-8.73859040789,-3.74890953439,0.00498126152864,0.00172581109499,0.000498447563714
saturn,2458736,3.23838791556,-8.73815887485,-3.74878488807,0.004981024017,0.00172645317157,0.000498722991117
saturn,2458736.25,3.23963314187,-8.7377271813,-3.74866017289,0.00498078641069,0.00172709522368,0.000498998412713
saturn,2458736.5,3.24087830876,-8.73729532724,-3.74853538886,0.00498054870967,0.0017277372513,0.000499273828483
saturn,2458736.75,3.24212341621,-8.73686331268,-3.74841053598,0.00498031091393,0.00172837925438,0.000499549238411
saturn,2458737,3.24336846421,-8.73643113762,-3.74828561425,0.00498007302345,0.00172902123288,0.000499824642479
saturn,2458737.25,3.24461345272,-8.73599880207,-3.74816062366,0.00497983503821,0.00172966318677,0.000500100040671
saturn,2458737.5,3.24585838172,-8.73556630603,-3.74803556423,0.00497959695818,0.00173030511601,0.000500375432969
saturn,2458737.75,3.24710325119,-8.73513364951,-3.74791043594,0.00497935878336,0.00173094702055,0.000500650819356
saturn,2458738,3.2483480611,-8.73470083252,-3.74778523882,0.00497912051371,0.00173158890037,0.000500926199816
saturn,2458738.25,3.24959281144,-8.73426785506,-3.74765997284,0.00497888214923,0.00173223075542,0.000501201574333
saturn,2458738.5,3.25083750217,-8.73383471714,-3.74753463803,0.0049786436899,0.00173287258567,0.000501476942889
saturn,2458738.75,3.25208213327,-8.73340141877,-3.74740923437,0.00497840513569,0.00173351439109,0.000501752305469
saturn,2458739,3.25332670473,-8.73296795995,-3.74728376188,0.00497816648661,0.00173415617162,0.000502027662057
saturn,2458739.25,3.25457121651,-8.73253434069,-3.74715822054,0.00497792774262,0.00173479792725,0.000502303012637
saturn,2458739.5,3.25581566859,-8.73210056099,-3.74703261037,0.00497768890372,0.00173543965794,0.000502578357192
saturn,2458739.75,3.25706006095,-8.73166662086,-3.74690693137,0.00497744996989,0.00173608136365,0.000502853695708
saturn,2458740,3.25830439357,-8.73123252031,-3.74678118352,0.00497721094111,0.00173672304434,0.000503129028168
saturn,2458740.25,3.25954866642,-8.73079825934,-3.74665536685,0.00497697181739,0.00173736469998,0.000503404354558
saturn,2458740.5,3.26079287947,-8.73036383796,-3.74652948135,0.00497673259869,0.00173800633055,0.000503679674862
saturn,2458740.75,3.26203703271,-8.72992925618,-3.74640352701,0.00497649328502,0.00173864793599,0.000503954989066
saturn,2458741,3.2632811261,-8.72949451399,-3.74627750385,0.00497625387636,0.00173928951629,0.000504230297154
saturn,2458741.25,3.26452515964,-8.72905961142,-3.74615141187,0.00497601437269,0.00173993107141,0.000504505599111
saturn,2458741.5,3.26576913328,-8.72862454846,-3.74602525105,0.00497577477401,0.00174057260132,0.000504780894924
saturn,2458741.75,3.26701304702,-8.72818932512,-3.74589902142,0.0049755350803,0.00174121410598,0.000505056184577
saturn,2458742,3.26825690082,-8.72775394141,-3.74577272296,0.00497529529156,0.00174185558537,0.000505331468057
saturn,2458742.25,3.26950069465,-8.72731839733,-3.74564635569,0.00497505540778,0.00174249703944,0.000505606745349
saturn,2458742.5,3.27074442851,-8.72688269289,-3.74551991959,0.00497481542894,0.00174313846818,0.000505882016439
saturn,2458742.75,3.27198810236,-8.7264468281,-3.74539341468,0.00497457535503,0.00174377987155,0.000506157281313
saturn,2458743,3.27323171618,-8.72601080296,-3.74526684095,0.00497433518605,0.00174442124952,0.000506432539959
saturn,2458743.25,3.27447526995,-8.72557461748,-3.74514019841,0.00497409492199,0.00174506260205,0.000506707792361
saturn,2458743.5,3.27571876363,-8.72513827166,-3.74501348706,0.00497385456283,0.00174570392913,0.000506983038507
saturn,2458743.75,3.27696219722,-8.72470176551,-3.74488670689,0.00497361410857,0.00174634523071,0.000507258278383
saturn,2458744,3.27820557068,-8.72426509905,-3.74475985792,0.0049733735592,0.00174698650677,0.000507533511977
saturn,2458744.25,3.27944888399,-8.72382827226,-3.74463294013,0.00497313291472,0.00174762775729,0.000507808739274
saturn,2458744.5,3.28069213713,-8.72339128517,-3.74450595355,0.00497289217511,0.00174826898222,0.000508083960262
saturn,2458744.75,3.28193533007,-8.72295413777,-3.74437889816,0.00497265134036,0.00174891018155,0.000508359174929
saturn,2458745,3.28317846279,-8.72251683008,-3.74425177396,0.00497241041047,0.00174955135524,0.000508634383261
saturn,2458745.25,3.28442153527,-8.7220793621,-3.74412458096,0.00497216938543,0.00175019250327,0.000508909585246
saturn,2458745.5,3.28566454748,-8.72164173383,-3.74399731917,0.00497192826524,0.0017508336256,0.000509184780871
saturn,2458745.75,3.28690749939,-8.72120394529,-3.74386998857,0.00497168704988,0.00175147472221,0.000509459970124
saturn,2458746,3.28815039099,-8.72076599647,-3.74374258918,0.00497144573934,0.00175211579308,0.000509735152992
saturn,2458746.25,3.28939322225,-8.72032788739,-3.743615121,0.00497120433363,0.00175275683817,0.000510010329464
saturn,2458746.5,3.29063599315,-8.71988961806,-3.74348758402,0.00497096283273,0.00175339785746,0.000510285499528
saturn,2458746.75,3.29187870366,-8.71945118847,-3.74335997825,0.00497072123663,0.00175403885091,0.00051056066317
saturn,2458747,3.29312135376,-8.71901259863,-3.74323230369,0.00497047954534,0.00175467981851,0.00051083582038
saturn,2458747.25,3.29436394343,-8.71857384856,-3.74310456034,0.00497023775883,0.00175532076023,0.000511110971146
saturn,2458747.5,3.29560647263,-8.71813493826,-3.7429767482,0.00496999587711,0.00175596167603,0.000511386115455
saturn,2458747.75,3.29684894136,-8.71769586772,-3.74284886728,0.00496975390017,0.0017566025659,0.000511661253297
saturn,2458748,3.29809134958,-8.71725663697,-3.74272091758,0.004969511828,0.0017572434298,0.000511936384659
saturn,2458748.25,3.29933369726,-8.71681724601,-3.74259289909,0.0049692696606,0.00175788426772,0.000512211509531
saturn,2458748.5,3.3005759844,-8.71637769484,-3.74246481182,0.00496902739795,0.00175852507961,0.000512486627899
saturn,2458748.75,3.30181821096,-8.71593798347,-3.74233665578,0.00496878504006,0.00175916586547,0.000512761739755
saturn,2458749,3.30306037691,-8.71549811191,-3.74220843095,0.00496854258691,0.00175980662526,0.000513036845085
saturn,2458749.25,3.30430248224,-8.71505808016,-3.74208013736,0.0049683000385,0.00176044735895,0.000513311943879
saturn,2458749.5,3.30554452692,-8.71461788823,-3.74195177498,0.00496805739482,0.00176108806652,0.000513587036126
saturn,2458749.75,3.30678651093,-8.71417753613,-3.74182334384,0.00496781465587,0.00176172874795,0.000513862121814
saturn,2458750,3.30802843424,-8.71373702386,-3.74169484392,0.00496757182164,0.00176236940321,0.000514137200933
saturn,2458750.25,3.30927029683,-8.71329635143,-3.74156627524,0.00496732889213,0.00176301003228,0.000514412273472
saturn,2458750.5,3.31051209868,-8.71285551885,-3.74143763779,0.00496708586732,0.00176365063512,0.000514687339419
saturn,2458750.75,3.31175383976,-8.71241452612,-3.74130893157,0.00496684274721,0.00176429121172,0.000514962398765
saturn,2458751,3.31299552005,-8.71197337325,-3.74118015659,0.0049665995318,0.00176493176204,0.000515237451497
saturn,2458751.25,3.31423713952,-8.71153206024,-3.74105131284,0.00496635622107,0.00176557228607,0.000515512497606
saturn,2458751.5,3.31547869815,-8.7110905871,-3.74092240034,0.00496611281503,0.00176621278378,0.00051578753708
saturn,2458751.75,3.31672019592,-8.71064895385,-3.74079341908,0.00496586931366,0.00176685325515,0.000516062569909
saturn,2458752,3.3179616328,-8.71020716048,-3.74066436905,0.00496562571697,0.00176749370014,0.000516337596083
saturn,2458752.25,3.31920300877,-8.709765207,-3.74053525028,0.00496538202494,0.00176813411874,0.00051661261559
saturn,2458752.5,3.3204443238,-8.70932309342,-3.74040606275,0.00496513823757,0.00176877451092,0.000516887628421
saturn,2458752.75,3.32168557788,-8.70888081975,-3.74027680646,0.00496489435485,0.00176941487665,0.000517162634564
saturn,2458753,3.32292677097,-8.70843838599,-3.74014748143,0.00496465037678,0.00177005521592,0.000517437634009
saturn,2458753.25,3.32416790306,-8.70799579214,-3.74001808765,0.00496440630334,0.00177069552869,0.000517712626747
saturn,2458753.5,3.32540897412,-8.70755303822,-3.73988862512,0.00496416213454,0.00177133581494,0.000517987612766
saturn,2458753.75,3.32664998412,-8.70711012424,-3.73975909384,0.00496391787037,0.00177197607466,0.000518262592056
saturn,2458754,3.32789093304,-8.70666705019,-3.73962949382,0.00496367351082,0.0017726163078,0.000518537564606
saturn,2458754.25,3.32913182087,-8.70622381609,-3.73949982506,0.00496342905589,0.00177325651435,0.000518812530407
saturn,2458754.5,3.33037264756,-8.70578042193,-3.73937008756,0.00496318450556,0.00177389669429,0.000519087489448
saturn,2458754.75,3.33161341311,-8.70533686774,-3.73924028132,0.00496293985984,0.00177453684759,0.000519362441719
saturn,2458755,3.33285411748,-8.70489315351,-3.73911040634,0.00496269511872,0.00177517697423,0.00051963738721
saturn,2458755.25,3.33409476066,-8.70444927926,-3.73898046262,0.00496245028219,0.00177581707418,0.00051991232591
saturn,2458755.5,3.33533534262,-8.70400524498,-3.73885045017,0.00496220535024,0.00177645714741,0.000520187257808
saturn,2458755.75,3.33657586333,-8.70356105068,-3.73872036899,0.00496196032288,0.00177709719391,0.000520462182896
saturn,2458756,3.33781632277,-8.70311669638,-3.73859021908,0.00496171520009,0.00177773721365,0.000520737101163
saturn,2458756.25,3.33905672092,-8.70267218208,-3.73846000044,0.00496146998186,0.0017783772066,0.000521012012598
saturn,2458756.5,3.34029705775,-8.70222750778,-3.73832971308,0.0049612246682,0.00177901717274,0.000521286917192
saturn,2458756.75,3.34153733325,-8.7017826735,-3.73819935699,0.00496097925909,0.00177965711205,0.000521561814933
saturn,2458757,3.34277754738,-8.70133767923,-3.73806893217,0.00496073375453,0.00178029702451,0.000521836705813
saturn,2458757.25,3.34401770012,-8.70089252499,-3.73793843863,0.00496048815452,0.00178093691008,0.000522111589821
saturn,2458757.5,3.34525779144,-8.70044721077,-3.73780787638,0.00496024245904,0.00178157676874,0.000522386466946
saturn,2458757.75,3.34649782134,-8.7000017366,-3.7376772454,0.00495999666809,0.00178221660048,0.000522661337179
saturn,2458758,3.34773778977,-8.69955610248,-3.73754654571,0.00495975078167,0.00178285640526,0.00052293620051
saturn,2458758.25,3.34897769672,-8.6991103084,-3.7374157773,0.00495950479976,0.00178349618306,0.000523211056928
saturn,2458758.5,3.35021754216,-8.69866435439,-3.73728494018,0.00495925872237,0.00178413593385,0.000523485906423
saturn,2458758.75,3.35145732607,-8.69821824044,-3.73715403435,0.00495901254949,0.00178477565762,0.000523760748986
saturn,2458759,3.35269704843,-8.69777196656,-3.73702305981,0.0049587662811,0.00178541535434,0.000524035584605
saturn,2458759.25,3.35393670921,-8.69732553276,-3.73689201656,0.00495851991721,0.00178605502398,0.000524310413271
saturn,2458759.5,3.35517630838,-8.69687893905,-3.7367609046,0.00495827345781,0.00178669466652,0.000524585234974
saturn,2458759.75,3.35641584593,-8.69643218543,-3.73662972394,0.00495802690289,0.00178733428194,0.000524860049703
saturn,2458760,3.35765532182,-8.69598527191,-3.73649847458,0.00495778025245,0.0017879738702,0.000525134857448
saturn,2458760.25,3.35889473605,-8.6955381985,-3.73636715651,0.00495753350647,0.0017886134313,0.0005254096582
saturn,2458760.5,3.36013408857,-8.6950909652,-3.73623576975,0.00495728666496,0.00178925296519,0.000525684451947
saturn,2458760.75,3.36137337937,-8.69464357202,-3.73610431429,0.00495703972791,0.00178989247186,0.00052595923868
saturn,2458761,3.36261260843,-8.69419601897,-3.73597279013,0.0049567926953,0.00179053195128,0.000526234018389
saturn,2458761.25,3.36385177571,-8.69374830605,-3.73584119728,0.00495654556714,0.00179117140343,0.000526508791063
saturn,2458761.5,3.3650908812,-8.69330043327,-3.73570953573,0.00495629834342,0.00179181082828,0.000526783556691
saturn,2458761.75,3.36632992487,-8.69285240063,-3.7355778055,0.00495605102413,0.00179245022581,0.000527058315264
saturn,2458762,3.3675689067,-8.69240420816,-3.73544600658,0.00495580360927,0.00179308959599,0.000527333066772
saturn,2458762.25,3.36880782667,-8.69195585584,-3.73531413897,0.00495555609882,0.0017937289388,0.000527607811203
saturn,2458762.5,3.37004668475,-8.69150734369,-3.73518220267,0.00495530849279,0.00179436825422,0.000527882548549
saturn,2458762.75,3.37128548091,-8.69105867171,-3.73505019769,0.00495506079117,0.00179500754221,0.000528157278797
saturn,2458763,3.37252421513,-8.69060983992,-3.73491812403,0.00495481299394,0.00179564680275,0.000528432001938
saturn,2458763.25,3.3737628874,-8.69016084831,-3.73478598169,0.00495456510111,0.00179628603582,0.000528706717962
saturn,2458763.5,3.37500149768,-8.6897116969,-3.73465377068,0.00495431711267,0.00179692524139,0.000528981426857
saturn,2458763.75,3.37624004595,-8.6892623857,-3.73452149098,0.00495406902861,0.00179756441944,0.000529256128614
saturn,2458764,3.37747853218,-8.6888129147,-3.73438914261,0.00495382084892,0.00179820356995,0.000529530823222
saturn,2458764.25,3.37871695636,-8.68836328391,-3.73425672557,0.00495357257361,0.00179884269287,0.00052980551067
saturn,2458764.5,3.37995531846,-8.68791349335,-3.73412423986,0.00495332420265,0.0017994817882,0.000530080190948
saturn,2458764.75,3.38119361846,-8.68746354302,-3.73399168547,0.00495307573605,0.00180012085591,0.000530354864045
saturn,2458765,3.38243185632,-8.68701343293,-3.73385906243,0.00495282717379,0.00180075989596,0.00053062952995
saturn,2458765.25,3.38367003203,-8.68656316308,-3.73372637071,0.00495257851588,0.00180139890833,0.000530904188653
saturn,2458765.5,3.38490814557,-8.68611273347,-3.73359361033,0.00495232976231,0.001802037893,0.000531178840142
saturn,2458765.75,3.38614619691,-8.68566214413,-3.73346078129,0.00495208091306,0.00180267684995,0.000531453484408
saturn,2458766,3.38738418602,-8.68521139505,-3.73332788359,0.00495183196814,0.00180331577913,0.000531728121438
saturn,2458766.25,3.38862211288,-8.68476048624,-3.73319491723,0.00495158292753,0.00180395468054,0.000532002751223
saturn,2458766.5,3.38985997748,-8.68430941771,-3.73306188222,0.00495133379123,0.00180459355414,0.000532277373752
saturn,2458766.75,3.39109777977,-8.68385818947,-3.73292877854,0.00495108455924,0.0018052323999,0.000532551989012
saturn,2458767,3.39233551975,-8.68340680152,-3.73279560622,0.00495083523154,0.0018058712178,0.000532826596994
saturn,2458767.25,3.39357319738,-8.68295525386,-3.73266236525,0.00495058580813,0.00180651000781,0.000533101197685
saturn,2458767.5,3.39481081264,-8.68250354652,-3.73252905562,0.004950336289,0.00180714876991,0.000533375791076
saturn,2458767.75,3.39604836552,-8.68205167948,-3.73239567735,0.00495008667415,0.00180778750407,0.000533650377153
saturn,2458768,3.39728585597,-8.68159965277,-3.73226223044,0.00494983696356,0.00180842621026,0.000533924955908
saturn,2458768.25,3.39852328399,-8.68114746638,-3.73212871487,0.00494958715724,0.00180906488845,0.000534199527326
saturn,2458768.5,3.39976064954,-8.68069512032,-3.73199513067,0.00494933725518,0.00180970353862,0.000534474091399
saturn,2458768.75,3.40099795261,-8.68024261461,-3.73186147783,0.00494908725736,0.00181034216073,0.000534748648113
saturn,2458769,3.40223519316,-8.67978994925,-3.73172775635,0.00494883716379,0.00181098075477,0.000535023197457
saturn,2458769.25,3.40347237118,-8.67933712424,-3.73159396623,0.00494858697445,0.0018116193207,0.00053529773942
saturn,2458769.5,3.40470948664,-8.67888413959,-3.73146010748,0.00494833668934,0.00181225785849,0.00053557227399
saturn,2458769.75,3.40594653952,-8.67843099531,-3.73132618009,0.00494808630844,0.00181289636812,0.000535846801154
saturn,2458770,3.40718352979,-8.67797769141,-3.73119218408,0.00494783583177,0.00181353484956,0.000536121320901
saturn,2458770.25,3.40842045743,-8.67752422789,-3.73105811944,0.0049475852593,0.00181417330277,0.00053639583322
saturn,2458770.5,3.40965732241,-8.67707060476,-3.73092398616,0.00494733459103,0.00181481172774,0.000536670338097
saturn,2458770.75,3.41089412472,-8.67661682202,-3.73078978427,0.00494708382696,0.00181545012443,0.000536944835521
saturn,2458771,3.41213086432,-8.6761628797,-3.73065551375,0.00494683296707,0.00181608849281,0.000537219325479
saturn,2458771.25,3.41336754119,-8.67570877778,-3.7305211746,0.00494658201136,0.00181672683285,0.000537493807959
saturn,2458771.5,3.41460415531,-8.67525451628,-3.73038676684,0.00494633095982,0.00181736514453,0.000537768282948
saturn,2458771.75,3.41584070666,-8.67480009521,-3.73025229046,0.00494607981245,0.00181800342781,0.000538042750434
saturn,2458772,3.41707719521,-8.67434551457,-3.73011774547,0.00494582856924,0.00181864168266,0.000538317210404
saturn,2458772.25,3.41831362094,-8.67389077437,-3.72998313186,0.00494557723018,0.00181927990906,0.000538591662845
saturn,2458772.5,3.41954998382,-8.67343587462,-3.72984844964,0.00494532579526,0.00181991810696,0.000538866107745
saturn,2458772.75,3.42078628383,-8.67298081532,-3.72971369881,0.00494507426448,0.00182055627635,0.000539140545089
saturn,2458773,3.42202252094,-8.67252559648,-3.72957887937,0.00494482263783,0.00182119441719,0.000539414974865
saturn,2458773.25,3.42325869514,-8.67207021811,-3.72944399132,0.00494457091531,0.00182183252945,0.00053968939706
saturn,2458773.5,3.42449480639,-8.67161468022,-3.72930903467,0.0049443190969,0.0018224706131,0.00053996381166
2I_jpl,2458724.5,-0.916671440577,2.11724176124,1.92062386527,-0.00830616748991,-0.00792171692241,-0.0203210803264
2I_jpl,2458724.75,-0.918747668607,2.11526060796,1.91554293858,-0.00830365411945,-0.00792751224724,-0.0203263344348
2I_jpl,2458725,-0.920823266319,2.11327800363,1.91046069746,-0.00830112493395,-0.00793332542343,-0.0203315956895
2I_jpl,2458725.25,-0.922898229749,2.11129394376,1.90537714014,-0.00829857984514,-0.00793915650505,-0.020336864067
2I_jpl,2458725.5,-0.924972554909,2.10930842388,1.90029226483,-0.00829601876431,-0.0079450055462,-0.020342139543
2I_jpl,2458725.75,-0.927046237791,2.10732143949,1.89520606978,-0.00829344160231,-0.00795087260098,-0.020347422093
2I_jpl,2458726,-0.929119274363,2.10533298607,1.8901185532,-0.00829084826958,-0.0079567577235,-0.020352711692
2I_jpl,2458726.25,-0.931191660571,2.10334305911,1.88502971335,-0.00828823867612,-0.00796266096789,-0.0203580083143
2I_jpl,2458726.5,-0.933263392338,2.10135165407,1.87993954846,-0.00828561273153,-0.00796858238824,-0.0203633119341
2I_jpl,2458726.75,-0.935334465566,2.0993587664,1.8748480568,-0.00828297034495,-0.00797452203868,-0.0203686225247
2I_jpl,2458727,-0.937404876133,2.09736439153,1.86975523662,-0.0082803114251,-0.00798047997331,-0.0203739400593
2I_jpl,2458727.25,-0.939474619893,2.09536852489,1.86466108619,-0.00827763588027,-0.00798645624623,-0.0203792645103
2I_jpl,2458727.5,-0.94154369268,2.09337116188,1.85956560379,-0.00827494361832,-0.00799245091152,-0.0203845958498
2I_jpl,2458727.75,-0.943612090302,2.09137229789,1.8544687877,-0.00827223454669,-0.00799846402326,-0.0203899340493
2I_jpl,2458728,-0.945679808545,2.08937192832,1.8493706362,-0.00826950857237,-0.0080044956355,-0.0203952790799
2I_jpl,2458728.25,-0.947746843172,2.08737004853,1.84427114759,-0.00826676560193,-0.00801054580225,-0.020400630912
2I_jpl,2458728.5,-0.949813189921,2.08536665387,1.83917032018,-0.0082640055415,-0.00801661457754,-0.0204059895156
2I_jpl,2458728.75,-0.95187884451,2.08336173969,1.83406815227,-0.00826122829679,-0.00802270201534,-0.0204113548602
2I_jpl,2458729,-0.95394380263,2.0813553013,1.82896464219,-0.00825843377307,-0.00802880816959,-0.0204167269148
2I_jpl,2458729.25,-0.956008059949,2.07934733404,1.82385978826,-0.00825562187517,-0.00803493309419,-0.0204221056477
2I_jpl,2458729.5,-0.958071612112,2.07733783319,1.81875358881,-0.0082527925075,-0.00804107684302,-0.0204274910268
2I_jpl,2458729.75,-0.960134454739,2.07532679404,1.81364604219,-0.00824994557403,-0.00804723946991,-0.0204328830194
2I_jpl,2458730,-0.962196583427,2.07331421187,1.80853714675,-0.00824708097828,-0.00805342102863,-0.0204382815924
2I_jpl,2458730.25,-0.964257993748,2.07130008195,1.80342690085,-0.00824419862338,-0.00805962157291,-0.0204436867119
2I_jpl,2458730.5,-0.966318681251,2.0692843995,1.79831530285,-0.00824129841199,-0.00806584115643,-0.0204490983437
2I_jpl,2458730.75,-0.968378641458,2.06726715978,1.79320235114,-0.00823838024634,-0.00807207983281,-0.0204545164527
2I_jpl,2458731,-0.970437869869,2.06524835799,1.78808804409,-0.00823544402824,-0.00807833765561,-0.0204599410036
2I_jpl,2458731.25,-0.972496361959,2.06322798935,1.7829723801,-0.00823248965906,-0.00808461467831,-0.0204653719604
2I_jpl,2458731.5,-0.974554113178,2.06120604905,1.77785535758,-0.00822951703974,-0.00809091095434,-0.0204708092864
2I_jpl,2458731.75,-0.97661111895,2.05918253226,1.77273697493,-0.00822652607077,-0.00809722653705,-0.0204762529443
2I_jpl,2458732,-0.978667374676,2.05715743416,1.76761723058,-0.00822351665225,-0.00810356147971,-0.0204817028965
2I_jpl,2458732.25,-0.98072287573,2.0551307499,1.76249612296,-0.00822048868379,-0.00810991583551,-0.0204871591046
2I_jpl,2458732.5,-0.982777617464,2.05310247462,1.75737365051,-0.00821744206462,-0.00811628965756,-0.0204926215295
2I_jpl,2458732.75,-0.9848315952,2.05107260345,1.75224981168,-0.0082143766935,-0.00812268299887,-0.0204980901316
2I_jpl,2458733,-0.986884804239,2.04904113149,1.74712460493,-0.00821129246879,-0.00812909591236,-0.0205035648708
2I_jpl,2458733.25,-0.988937239855,2.04700805386,1.74199802874,-0.00820818928839,-0.00813552845087,-0.0205090457063
2I_jpl,2458733.5,-0.990988897295,2.04497336563,1.73687008158,-0.00820506704979,-0.00814198066711,-0.0205145325966
2I_jpl,2458733.75,-0.993039771783,2.04293706188,1.73174076194,-0.00820192565004,-0.0081484526137,-0.0205200254996
2I_jpl,2458734,-0.995089858515,2.04089913767,1.72661006833,-0.00819876498577,-0.00815494434314,-0.0205255243727
2I_jpl,2458734.25,-0.997139152662,2.03885958806,1.72147799926,-0.00819558495318,-0.00816145590782,-0.0205310291725
2I_jpl,2458734.5,-0.999187649369,2.03681840806,1.71634455325,-0.00819238544803,-0.00816798736001,-0.0205365398549
2I_jpl,2458734.75,-1.00123534375,2.03477559271,1.71120972884,-0.00818916636567,-0.00817453875186,-0.0205420563755
2I_jpl,2458735,-1.00328223091,2.03273113702,1.70607352458,-0.00818592760101,-0.00818111013537,-0.0205475786889
2I_jpl,2458735.25,-1.00532830591,2.03068503598,1.70093593902,-0.00818266904855,-0.00818770156243,-0.0205531067492
2I_jpl,2458735.5,-1.00737356378,2.02863728456,1.69579697073,-0.00817939060234,-0.00819431308479,-0.0205586405097
2I_jpl,2458735.75,-1.00941799954,2.02658787775,1.6906566183,-0.00817609215604,-0.00820094475403,-0.0205641799231
2I_jpl,2458736,-1.01146160818,2.0245368105,1.6855148803,-0.00817277360286,-0.00820759662161,-0.0205697249415
2I_jpl,2458736.25,-1.01350438466,2.02248407776,1.68037175536,-0.0081694348356,-0.00821426873882,-0.0205752755163
2I_jpl,2458736.5,-1.0155463239,2.02042967444,1.67522724209,-0.00816607574664,-0.00822096115681,-0.0205808315981
2I_jpl,2458736.75,-1.01758742083,2.01837359548,1.67008133911,-0.00816269622793,-0.00822767392654,-0.0205863931368
2I_jpl,2458737,-1.01962767031,2.01631583578,1.66493404507,-0.00815929617103,-0.00823440709883,-0.0205919600818
2I_jpl,2458737.25,-1.02166706719,2.01425639023,1.65978535862,-0.00815587546706,-0.00824116072429,-0.0205975323816
2I_jpl,2458737.5,-1.02370560631,2.01219525371,1.65463527843,-0.00815243400673,-0.0082479348534,-0.020603109984
2I_jpl,2458737.75,-1.02574328246,2.01013242109,1.64948380319,-0.00814897168033,-0.0082547295364,-0.0206086928362
2I_jpl,2458738,-1.0277800904,2.00806788722,1.64433093158,-0.00814548837774,-0.00826154482339,-0.0206142808846
2I_jpl,2458738.25,-1.02981602489,2.00600164696,1.63917666232,-0.00814198398845,-0.00826838076424,-0.0206198740748
2I_jpl,2458738.5,-1.03185108063,2.00393369512,1.63402099412,-0.00813845840151,-0.00827523740864,-0.0206254723518
2I_jpl,2458738.75,-1.03388525231,2.00186402652,1.62886392573,-0.00813491150559,-0.00828211480606,-0.0206310756597
2I_jpl,2458739,-1.0359185346,1.99979263598,1.62370545588,-0.00813134318893,-0.00828901300576,-0.0206366839421
2I_jpl,2458739.25,-1.03795092211,1.99771951828,1.61854558334,-0.00812775333938,-0.00829593205681,-0.0206422971416
2I_jpl,2458739.5,-1.03998240946,1.99564466821,1.6133843069,-0.00812414184439,-0.008302872008,-0.0206479152002
2I_jpl,2458739.75,-1.04201299122,1.99356808053,1.60822162534,-0.008120508591,-0.00830983290795,-0.020653538059
2I_jpl,2458740,-1.04404266194,1.99148975001,1.60305753748,-0.00811685346586,-0.00831681480501,-0.0206591656584
2I_jpl,2458740.25,-1.04607141612,1.98940967138,1.59789204213,-0.00811317635522,-0.0083238177473,-0.020664797938
2I_jpl,2458740.5,-1.04809924827,1.98732783937,1.59272513812,-0.00810947714494,-0.00833084178268,-0.0206704348367
2I_jpl,2458740.75,-1.05012615285,1.98524424872,1.58755682433,-0.00810575572047,-0.00833788695878,-0.0206760762925
2I_jpl,2458741,-1.05215212427,1.98315889413,1.5823870996,-0.00810201196691,-0.00834495332295,-0.0206817222427
2I_jpl,2458741.25,-1.05417715696,1.98107177029,1.57721596284,-0.00809824576893,-0.00835204092229,-0.0206873726237
2I_jpl,2458741.5,-1.05620124528,1.97898287189,1.57204341293,-0.00809445701085,-0.00835914980362,-0.0206930273711
2I_jpl,2458741.75,-1.05822438357,1.97689219361,1.56686944879,-0.00809064557657,-0.00836628001348,-0.0206986864198
2I_jpl,2458742,-1.06024656617,1.97479973011,1.56169406936,-0.00808681134966,-0.00837343159812,-0.0207043497038
2I_jpl,2458742.25,-1.06226778734,1.97270547603,1.55651727359,-0.00808295421326,-0.00838060460352,-0.0207100171562
2I_jpl,2458742.5,-1.06428804135,1.97060942602,1.55133906044,-0.00807907405018,-0.00838779907534,-0.0207156887094
2I_jpl,2458742.75,-1.06630732244,1.9685115747,1.5461594289,-0.00807517074284,-0.00839501505895,-0.0207213642949
2I_jpl,2458743,-1.06832562479,1.96641191669,1.54097837797,-0.00807124417327,-0.0084022525994,-0.0207270438433
2I_jpl,2458743.25,-1.07034294257,1.9643104466,1.53579590666,-0.00806729422319,-0.00840951174142,-0.0207327272845
2I_jpl,2458743.5,-1.07235926994,1.96220715902,1.53061201401,-0.0080633207739,-0.00841679252943,-0.0207384145475
2I_jpl,2458743.75,-1.07437460099,1.96010204853,1.52542669907,-0.00805932370637,-0.0084240950075,-0.0207441055602
2I_jpl,2458744,-1.07638892982,1.9579951097,1.52023996092,-0.00805530290122,-0.00843141921938,-0.02074980025
2I_jpl,2458744.25,-1.07840225046,1.9558863371,1.51505179864,-0.0080512582387,-0.00843876520845,-0.0207554985431
2I_jpl,2458744.5,-1.08041455694,1.95377572528,1.50986221135,-0.00804718959871,-0.00844613301775,-0.0207612003651
2I_jpl,2458744.75,-1.08242584325,1.95166326877,1.50467119817,-0.00804309686083,-0.00845352268998,-0.0207669056405
2I_jpl,2458745,-1.08443610335,1.94954896211,1.49947875825,-0.00803897990427,-0.00846093426743,-0.0207726142929
2I_jpl,2458745.25,-1.08644533117,1.94743279981,1.49428489075,-0.00803483860791,-0.00846836779204,-0.0207783262453
2I_jpl,2458745.5,-1.08845352061,1.94531477638,1.48908959486,-0.0080306728503,-0.00847582330538,-0.0207840414194
2I_jpl,2458745.75,-1.09046066555,1.94319488632,1.48389286978,-0.00802648250967,-0.0084833008486,-0.0207897597362
2I_jpl,2458746,-1.09246675981,1.94107312412,1.47869471474,-0.00802226746389,-0.00849080046247,-0.0207954811157
2I_jpl,2458746.25,-1.09447179721,1.93894948425,1.47349512898,-0.00801802759055,-0.00849832218736,-0.0208012054771
2I_jpl,2458746.5,-1.09647577153,1.93682396118,1.46829411176,-0.00801376276688,-0.0085058660632,-0.0208069327386
2I_jpl,2458746.75,-1.0984786765,1.93469654936,1.46309166237,-0.00800947286983,-0.00851343212953,-0.0208126628173
2I_jpl,2458747,-1.10048050586,1.93256724326,1.45788778012,-0.00800515777602,-0.00852102042545,-0.0208183956297
2I_jpl,2458747.25,-1.10248125328,1.9304360373,1.45268246434,-0.00800081736178,-0.00852863098962,-0.020824131091
2I_jpl,2458747.5,-1.10448091242,1.9283029259,1.44747571436,-0.00799645150312,-0.00853626386025,-0.0208298691158
2I_jpl,2458747.75,-1.1064794769,1.9261679035,1.44226752957,-0.00799206007577,-0.00854391907511,-0.0208356096173
2I_jpl,2458748,-1.10847694032,1.9240309645,1.43705790935,-0.00798764295517,-0.00855159667149,-0.0208413525081
2I_jpl,2458748.25,-1.11047329623,1.9218921033,1.43184685313,-0.00798320001645,-0.00855929668624,-0.0208470976997
2I_jpl,2458748.5,-1.11246853817,1.91975131429,1.42663436032,-0.0079787311345,-0.0085670191557,-0.0208528451026
2I_jpl,2458748.75,-1.11446265962,1.91760859185,1.4214204304,-0.0079742361839,-0.00857476411575,-0.0208585946263
2I_jpl,2458749,-1.11645565407,1.91546393035,1.41620506284,-0.00796971503897,-0.00858253160175,-0.0208643461794
2I_jpl,2458749.25,-1.11844751495,1.91331732417,1.41098825715,-0.00796516757377,-0.00859032164857,-0.0208700996695
2I_jpl,2458749.5,-1.12043823566,1.91116876765,1.40577001285,-0.00796059366209,-0.00859813429058,-0.020875855003
2I_jpl,2458749.75,-1.12242780957,1.90901825514,1.4005503295,-0.00795599317747,-0.00860596956161,-0.0208816120855
2I_jpl,2458750,-1.12441623002,1.90686578098,1.39532920667,-0.00795136599321,-0.00861382749496,-0.0208873708215
2I_jpl,2458750.25,-1.12640349033,1.9047113395,1.39010664396,-0.00794671198235,-0.00862170812339,-0.0208931311145
2I_jpl,2458750.5,-1.12838958377,1.90255492502,1.38488264099,-0.0079420310177,-0.00862961147914,-0.020898892867
2I_jpl,2458750.75,-1.13037450358,1.90039653186,1.37965719741,-0.00793732297185,-0.00863753759386,-0.0209046559804
2I_jpl,2458751,-1.13235824298,1.89823615432,1.37443031289,-0.00793258771716,-0.00864548649866,-0.0209104203551
2I_jpl,2458751.25,-1.13434079516,1.89607378671,1.36920198714,-0.00792782512575,-0.00865345822404,-0.0209161858904
2I_jpl,2458751.5,-1.13632215326,1.89390942331,1.36397221986,-0.00792303506957,-0.00866145279994,-0.0209219524847
2I_jpl,2458751.75,-1.1383023104,1.8917430584,1.35874101082,-0.00791821742033,-0.00866947025572,-0.0209277200352
2I_jpl,2458752,-1.14028125966,1.88957468627,1.35350835977,-0.00791337204954,-0.00867751062011,-0.0209334884381
2I_jpl,2458752.25,-1.1422589941,1.88740430118,1.34827426653,-0.00790849882855,-0.00868557392124,-0.0209392575884
2I_jpl,2458752.5,-1.14423550674,1.8852318974,1.34303873093,-0.0079035976285,-0.0086936601866,-0.0209450273803
2I_jpl,2458752.75,-1.14621079057,1.88305746917,1.3378017528,-0.00789866832034,-0.00870176944309,-0.0209507977066
2I_jpl,2458753,-1.14818483855,1.88088101076,1.33256333204,-0.00789371077489,-0.00870990171691,-0.0209565684594
2I_jpl,2458753.25,-1.1501576436,1.87870251639,1.32732346854,-0.00788872486276,-0.00871805703367,-0.0209623395292
2I_jpl,2458753.5,-1.15212919861,1.87652198032,1.32208216225,-0.00788371045445,-0.00872623541826,-0.0209681108059
2I_jpl,2458753.75,-1.15409949644,1.87433939676,1.31683941313,-0.00787866742026,-0.00873443689495,-0.020973882178
2I_jpl,2458754,-1.15606852992,1.87215475994,1.31159522117,-0.0078735956304,-0.00874266148728,-0.0209796535331
2I_jpl,2458754.25,-1.15803629185,1.86996806409,1.30634958638,-0.00786849495491,-0.00875090921815,-0.0209854247574
2I_jpl,2458754.5,-1.16000277498,1.86777930341,1.30110250881,-0.00786336526373,-0.00875918010971,-0.0209911957363
2I_jpl,2458754.75,-1.16196797205,1.8655884721,1.29585398854,-0.00785820642665,-0.00876747418343,-0.0209969663538
2I_jpl,2458755,-1.16393187575,1.86339556438,1.29060402567,-0.00785301831339,-0.00877579146004,-0.021002736493
2I_jpl,2458755.25,-1.16589447875,1.86120057444,1.28535262034,-0.00784780079355,-0.00878413195956,-0.0210085060358
2I_jpl,2458755.5,-1.16785577369,1.85900349646,1.28009977271,-0.00784255373664,-0.00879249570123,-0.0210142748628
2I_jpl,2458755.75,-1.16981575315,1.85680432465,1.27484548298,-0.00783727701208,-0.00880088270357,-0.0210200428538
2I_jpl,2458756,-1.17177440971,1.85460305317,1.26958975137,-0.00783197048923,-0.00880929298432,-0.0210258098871
2I_jpl,2458756.25,-1.1737317359,1.85239967621,1.26433257813,-0.00782663403738,-0.00881772656045,-0.02103157584
2I_jpl,2458756.5,-1.17568772422,1.85019418795,1.25907396355,-0.00782126752575,-0.00882618344815,-0.0210373405887
2I_jpl,2458756.75,-1.17764236715,1.84798658255,1.25381390794,-0.00781587082354,-0.00883466366279,-0.0210431040081
2I_jpl,2458757,-1.17959565711,1.84577685417,1.24855241166,-0.00781044379988,-0.00884316721895,-0.0210488659721
2I_jpl,2458757.25,-1.18154758651,1.84356499699,1.24328947509,-0.00780498632389,-0.0088516941304,-0.0210546263533
2I_jpl,2458757.5,-1.18349814772,1.84135100516,1.23802509863,-0.00779949826468,-0.00886024441006,-0.0210603850232
2I_jpl,2458757.75,-1.18544733308,1.83913487284,1.23275928273,-0.00779397949134,-0.00886881807003,-0.0210661418521
2I_jpl,2458758,-1.1873951349,1.83691659418,1.22749202787,-0.00778842987296,-0.00887741512154,-0.021071896709
2I_jpl,2458758.25,-1.18934154544,1.83469616333,1.22222333455,-0.00778284927864,-0.00888603557497,-0.0210776494619
2I_jpl,2458758.5,-1.19128655694,1.83247357444,1.21695320332,-0.00777723757751,-0.00889467943983,-0.0210833999776
2I_jpl,2458758.75,-1.19323016162,1.83024882165,1.21168163476,-0.00777159463874,-0.00890334672472,-0.0210891481214
2I_jpl,2458759,-1.19517235165,1.82802189912,1.20640862947,-0.00776592033151,-0.00891203743736,-0.0210948937579
2I_jpl,2458759.25,-1.19711311916,1.82579280098,1.2011341881,-0.0077602145251,-0.00892075158457,-0.02110063675
2I_jpl,2458759.5,-1.19905245628,1.82356152138,1.19585831133,-0.00775447708881,-0.00892948917225,-0.0211063769597
2I_jpl,2458759.75,-1.20099035506,1.82132805444,1.19058099987,-0.00774870789205,-0.00893825020534,-0.0211121142478
2I_jpl,2458760,-1.20292680757,1.81909239432,1.18530225446,-0.00774290680429,-0.00894703468786,-0.0211178484737
2I_jpl,2458760.25,-1.2048618058,1.81685453514,1.1800220759,-0.00773707369513,-0.00895584262289,-0.0211235794956
2I_jpl,2458760.5,-1.20679534173,1.81461447105,1.17474046499,-0.00773120843425,-0.00896467401251,-0.0211293071707
2I_jpl,2458760.75,-1.20872740732,1.81237219618,1.1694574226,-0.00772531089146,-0.00897352885785,-0.0211350313548
2I_jpl,2458761,-1.21065799448,1.81012770467,1.16417294962,-0.00771938093672,-0.00898240715902,-0.0211407519024
2I_jpl,2458761.25,-1.21258709508,1.80788099065,1.15888704697,-0.00771341844012,-0.00899130891517,-0.021146468667
2I_jpl,2458761.5,-1.21451470098,1.80563204826,1.15359971561,-0.0077074232719,-0.0090002341244,-0.0211521815006
2I_jpl,2458761.75,-1.21644080398,1.80338087163,1.14831095655,-0.0077013953025,-0.0090091827838,-0.0211578902542
2I_jpl,2458762,-1.21836539588,1.80112745491,1.14302077084,-0.0076953344025,-0.00901815488942,-0.0211635947774
2I_jpl,2458762.25,-1.22028846843,1.79887179224,1.13772915953,-0.00768924044272,-0.00902715043625,-0.0211692949186
2I_jpl,2458762.5,-1.22221001334,1.79661387774,1.13243612375,-0.00768311329417,-0.00903616941825,-0.021174990525
2I_jpl,2458762.75,-1.2241300223,1.79435370557,1.12714166466,-0.00767695282806,-0.00904521182827,-0.0211806814426
2I_jpl,2458763,-1.22604848697,1.79209126988,1.12184578344,-0.00767075891588,-0.00905427765808,-0.0211863675159
2I_jpl,2458763.25,-1.22796539896,1.78982656479,1.11654848132,-0.00766453142932,-0.00906336689838,-0.0211920485885
2I_jpl,2458763.5,-1.22988074987,1.78755958448,1.11124975957,-0.00765827024036,-0.00907247953873,-0.0211977245024
2I_jpl,2458763.75,-1.23179453126,1.78529032308,1.10594961951,-0.00765197522126,-0.00908161556757,-0.0212033950987
2I_jpl,2458764,-1.23370673465,1.78301877474,1.10064806248,-0.00764564624455,-0.00909077497221,-0.021209060217
2I_jpl,2458764.25,-1.23561735154,1.78074493364,1.09534508987,-0.00763928318307,-0.00909995773883,-0.0212147196956
2I_jpl,2458764.5,-1.23752637339,1.77846879393,1.09004070312,-0.00763288590999,-0.00910916385242,-0.0212203733717
2I_jpl,2458764.75,-1.23943379164,1.77619034977,1.08473490368,-0.00762645429879,-0.00911839329681,-0.0212260210812
2I_jpl,2458765,-1.24133959767,1.77390959534,1.07942769309,-0.00761998822332,-0.00912764605464,-0.0212316626588
2I_jpl,2458765.25,-1.24324378286,1.7716265248,1.07411907288,-0.00761348755777,-0.00913692210738,-0.0212372979377
2I_jpl,2458765.5,-1.24514633856,1.76934113235,1.06880904466,-0.00760695217672,-0.00914622143525,-0.02124292675
2I_jpl,2458765.75,-1.24704725605,1.76705341215,1.06349761006,-0.00760038195513,-0.00915554401726,-0.0212485489267
2I_jpl,2458766,-1.24894652662,1.7647633584,1.05818477076,-0.00759377676837,-0.00916488983121,-0.0212541642972
2I_jpl,2458766.25,-1.25084414151,1.7624709653,1.05287052849,-0.00758713649225,-0.00917425885363,-0.0212597726899
2I_jpl,2458766.5,-1.25274009193,1.76017622704,1.04755488501,-0.00758046100299,-0.00918365105978,-0.0212653739318
2I_jpl,2458766.75,-1.25463436907,1.75787913784,1.04223784213,-0.00757375017727,-0.00919306642368,-0.0212709678487
2I_jpl,2458767,-1.25652696407,1.7555796919,1.03691940171,-0.00756700389226,-0.00920250491803,-0.0212765542651
2I_jpl,2458767.25,-1.25841786805,1.75327788345,1.03159956564,-0.00756022202559,-0.00921196651425,-0.0212821330042
2I_jpl,2458767.5,-1.2603070721,1.75097370672,1.02627833586,-0.00755340445539,-0.00922145118245,-0.021287703888
2I_jpl,2458767.75,-1.26219456729,1.74866715594,1.02095571437,-0.00754655106034,-0.00923095889141,-0.0212932667372
2I_jpl,2458768,-1.26408034464,1.74635822536,1.01563170318,-0.00753966171961,-0.00924048960859,-0.0212988213714
2I_jpl,2458768.25,-1.26596439514,1.74404690922,1.01030630438,-0.00753273631296,-0.00925004330008,-0.0213043676086
2I_jpl,2458768.5,-1.26784670978,1.7417332018,1.00497952009,-0.00752577472069,-0.00925961993063,-0.0213099052659
2I_jpl,2458768.75,-1.26972727948,1.73941709735,0.999651352478,-0.0075187768237,-0.00926921946359,-0.021315434159
2I_jpl,2458769,-1.27160609515,1.73709859016,0.994321803757,-0.00751174250349,-0.00927884186096,-0.0213209541022
2I_jpl,2458769.25,-1.27348314769,1.73477767452,0.988990876188,-0.00750467164218,-0.00928848708331,-0.0213264649087
2I_jpl,2458769.5,-1.27535842792,1.73245434472,0.98365857208,-0.00749756412252,-0.0092981550898,-0.0213319663905
2I_jpl,2458769.75,-1.27723192668,1.73012859508,0.978324893786,-0.00749041982793,-0.0093078458382,-0.0213374583583
2I_jpl,2458770,-1.27910363476,1.72780041991,0.972989843709,-0.00748323864249,-0.00931755928481,-0.0213429406214
2I_jpl,2458770.25,-1.28097354292,1.72546981355,0.9676534243,-0.00747602045097,-0.0093272953845,-0.0213484129882
2I_jpl,2458770.5,-1.28284164189,1.72313677033,0.962315638056,-0.00746876513886,-0.00933705409065,-0.0213538752654
2I_jpl,2458770.75,-1.28470792239,1.72080128462,0.956976487524,-0.00746147259237,-0.00934683535521,-0.0213593272589
2I_jpl,2458771,-1.28657237508,1.71846335078,0.9516359753,-0.00745414269847,-0.00935663912862,-0.0213647687731
2I_jpl,2458771.25,-1.28843499061,1.71612296319,0.946294104027,-0.00744677534486,-0.00936646535981,-0.0213701996113
2I_jpl,2458771.5,-1.29029575962,1.71378011623,0.9409508764,-0.00743937042007,-0.00937631399623,-0.0213756195755
2I_jpl,2458771.75,-1.29215467268,1.71143480433,0.935606295162,-0.0074319278134,-0.00938618498377,-0.0213810284665
2I_jpl,2458772,-1.29401172038,1.70908702188,0.930260363107,-0.00742444741498,-0.00939607826683,-0.0213864260839
2I_jpl,2458772.25,-1.29586689323,1.70673676334,0.924913083077,-0.00741692911579,-0.00940599378821,-0.0213918122261
2I_jpl,2458772.5,-1.29772018177,1.70438402314,0.919564457967,-0.00740937280767,-0.00941593148921,-0.0213971866902
2I_jpl,2458772.75,-1.29957157646,1.70202879575,0.914214490722,-0.00740177838333,-0.0094258913095,-0.0214025492723
2I_jpl,2458773,-1.30142106777,1.69967107565,0.908863184338,-0.00739414573638,-0.00943587318721,-0.021407899767
2I_jpl,2458773.25,-1.30326864613,1.69731085733,0.903510541863,-0.00738647476136,-0.00944587705885,-0.0214132379681
2I_jpl,2458773.5,-1.30511430195,1.69494813529,0.898156566396,-0.00737876535376,-0.00945590285934,-0.0214185636678
