household_id,half,M194_family,M794_family,Store_kids,M794_kids,M194_kids,M1046_kids,M1046_adult,M794_adult,Store_family,Store_adult,M584_kids,M584_family,M194_adult,M1046_family
1,1,0,1,0,0,0,0,0,0,0,0,0,0,1,0
100,1,0,1,0,1,0,0,0,0,0,0,0,0,0,0
1000,1,0,0,0,0,0,0,0,0,1,1,0,0,0,0
1001,1,0,0,1,0,0,0,0,0,0,0,0,0,0,0
1002,1,0,0,1,0,0,0,0,0,0,0,0,0,0,0
1003,1,0,0,1,0,0,0,0,0,1,0,0,0,0,0
1004,1,0,0,0,1,1,1,1,1,0,0,1,0,0,0
1005,1,0,0,1,0,0,0,0,0,0,1,0,0,0,0
1006,1,0,0,0,0,0,0,0,0,0,0,0,0,0,0
1007,1,0,0,0,0,0,0,0,0,1,0,0,0,0,0
1008,1,0,0,0,0,0,0,0,0,0,0,0,0,0,0
1009,1,0,0,0,0,0,0,0,0,0,0,0,0,0,0
101,1,0,0,0,1,0,0,0,0,0,0,0,0,0,0
1010,1,0,0,0,0,0,0,1,0,1,1,0,0,0,0
1011,1,0,0,0,0,0,0,0,0,0,0,0,0,0,0
1012,1,0,0,0,0,0,0,0,0,0,0,0,0,0,0
1013,1,0,0,0,0,0,0,0,0,0,0,0,0,0,0
1014,1,0,0,1,1,0,1,0,1,0,1,1,1,0,0
1015,1,0,0,0,0,0,0,0,1,0,0,0,0,0,0
1016,1,1,0,0,1,0,0,0,1,0,1,0,0,0,0
1017,1,0,0,0,0,1,0,1,0,0,0,0,0,0,0
1018,1,0,0,0,0,0,0,0,0,0,0,0,0,0,0
1019,1,0,0,0,0,0,0,0,1,0,0,0,0,0,0
1020,1,1,1,1,1,0,0,1,1,1,0,0,0,0,0
1021,1,0,0,1,0,0,0,0,0,0,0,0,0,0,0
1022,1,0,0,0,0,0,0,0,0,0,0,0,0,0,0
1023,1,1,1,0,1,0,0,0,0,0,0,0,0,0,0
1024,1,0,1,1,0,1,0,0,0,0,1,1,0,0,0
1025,1,1,1,1,0,1,0,0,1,1,0,0,0,1,0
1026,1,0,0,1,0,0,0,0,0,0,0,1,0,0,0
1027,1,0,0,0,0,0,0,0,0,0,0,0,0,0,0
1028,1,0,0,0,0,0,0,0,0,0,0,0,0,1,0
1029,1,1,1,0,0,0,0,1,0,0,1,0,0,0,0
103,1,0,0,1,0,0,0,0,0,0,0,0,0,0,0
1030,1,0,0,0,0,0,0,0,0,0,0,1,0,0,0
1031,1,0,0,1,0,0,0,0,0,0,0,0,0,0,0
1032,1,0,0,0,0,0,0,0,0,0,0,0,0,0,0
1033,1,1,0,0,0,0,0,0,0,0,0,0,0,0,0
1034,1,0,0,0,0,0,0,0,0,0,0,0,0,0,0
1035,1,0,0,0,0,0,0,0,0,0,0,0,0,0,0
1036,1,0,0,0,0,0,0,0,0,0,0,0,0,0,0
1037,1,0,0,0,0,0,0,1,0,0,0,0,0,0,0
1038,1,0,0,1,0,0,0,0,0,0,0,0,0,0,0
1039,1,1,0,0,1,1,0,1,1,0,0,0,0,0,0
104,1,0,1,1,1,1,1,1,1,0,0,1,1,0,0
1040,1,1,0,0,1,0,0,1,1,0,1,1,0,0,0
1041,1,0,1,1,0,1,1,0,0,0,0,0,0,0,0
1042,1,1,0,1,0,0,1,1,0,1,1,0,1,0,0
1043,1,0,0,0,0,0,0,0,0,0,0,0,0,0,0
1044,1,0,0,1,0,0,1,0,0,0,0,0,0,0,0
1045,1,1,0,0,0,1,0,1,0,0,0,1,0,0,0
1046,1,1,1,0,0,0,0,0,0,0,0,0,0,0,0
1047,1,0,0,0,0,0,0,0,0,0,0,0,0,0,0
1048,1,0,0,0,0,0,0,0,0,0,0,0,0,1,0
1049,1,0,0,0,0,0,1,0,1,0,0,0,0,0,0
105,1,0,0,0,0,1,0,1,0,1,1,0,0,0,0
1050,1,1,0,1,1,1,1,1,0,0,0,1,0,0,0
1051,1,0,0,0,1,0,0,0,0,0,0,0,0,0,0
1053,1,0,0,0,0,0,0,0,0,0,0,0,0,0,0
1054,1,0,0,0,0,1,0,1,0,0,0,0,0,0,0
1055,1,0,0,0,0,0,0,0,0,0,0,0,0,0,0
1056,1,0,1,1,1,1,1,0,0,0,0,0,0,0,0
1057,1,0,0,0,0,0,0,0,0,0,0,1,1,0,0
1058,1,0,0,0,0,0,1,0,1,0,0,1,0,0,0
1059,1,0,0,0,0,0,0,0,0,0,0,0,0,0,0
106,1,0,0,0,0,0,0,0,0,0,0,0,0,0,0
1060,1,1,1,0,1,0,1,0,0,0,0,1,0,0,0
1061,1,0,0,1,0,0,1,0,0,0,0,0,0,0,0
1062,1,0,0,0,0,0,0,1,0,0,0,0,0,0,0
1063,1,0,0,0,0,0,0,0,0,0,0,0,0,0,0
1064,1,0,0,0,1,0,0,1,0,1,0,1,0,0,1
1065,1,0,0,1,0,0,0,0,0,0,1,0,0,0,0
1066,1,1,0,0,1,0,0,0,1,0,0,0,0,1,0
1067,1,0,0,0,0,0,0,0,0,0,0,0,0,0,0
1068,1,0,0,1,0,0,0,0,0,0,1,0,0,0,0
1069,1,0,0,1,0,0,0,0,0,0,1,0,0,0,0
107,1,0,0,0,0,0,0,0,0,0,0,0,0,0,0
1070,1,1,0,1,0,0,1,1,0,0,0,0,1,1,0
1071,1,0,0,1,0,0,0,0,0,0,0,0,0,0,0
1072,1,1,1,1,0,0,0,0,0,0,0,0,0,0,0
1073,1,1,0,0,1,0,0,1,1,0,0,1,1,1,0
1074,1,0,0,0,1,0,1,0,0,0,1,1,0,0,0
1075,1,0,0,0,0,0,0,0,0,0,0,0,0,0,0
1076,1,0,0,0,0,0,0,0,0,0,0,0,0,0,0
1077,1,0,0,0,0,0,0,0,0,0,0,0,0,0,0
1078,1,1,0,1,1,1,0,0,0,1,1,0,0,0,0
1079,1,0,0,0,0,0,0,0,0,0,0,0,0,0,0
108,1,1,0,0,0,0,0,0,0,0,0,0,0,0,0
1080,1,0,1,0,1,0,0,0,0,0,0,0,0,0,0
1081,1,0,1,0,0,0,0,0,0,0,0,0,0,0,0
1082,1,0,0,0,0,0,1,1,0,1,1,1,0,0,0
1083,1,0,0,0,0,0,0,0,0,0,0,0,0,0,0
1084,1,0,0,0,0,0,0,0,0,0,0,0,0,0,0
1085,1,1,1,1,1,0,0,0,0,0,1,0,0,1,0
1086,1,0,0,0,0,0,0,0,0,0,0,0,0,0,0
1087,1,0,0,1,0,0,0,0,0,0,0,0,0,0,0
1088,1,0,0,0,0,0,0,0,0,0,0,0,0,0,0
1089,1,0,0,0,0,0,0,0,0,0,0,0,0,0,0
109,1,1,0,0,1,0,1,0,1,0,1,0,1,0,1
1090,1,0,0,0,0,0,0,0,0,0,0,0,0,0,0
1091,1,0,1,0,1,1,1,0,1,0,0,1,1,0,0
1092,1,0,0,0,0,0,0,0,0,0,0,0,0,0,0
1093,1,0,0,0,0,0,0,0,0,0,0,0,0,0,0
1094,1,0,0,1,0,0,1,0,0,0,0,0,0,0,0
1095,1,0,0,0,0,0,0,0,0,0,0,0,0,0,0
1096,1,0,0,0,0,0,0,0,0,0,0,0,0,0,0
1097,1,0,0,0,0,1,0,0,0,0,0,0,0,0,0
1098,1,0,0,0,0,0,0,0,0,0,0,0,0,0,0
1099,1,0,0,0,0,0,0,0,0,0,0,0,0,0,0
11,1,0,0,0,0,0,0,0,0,0,0,0,0,0,0
110,1,0,0,0,0,0,1,0,0,1,0,0,0,0,0
1100,1,0,0,0,0,0,0,0,0,0,0,0,0,0,0
1101,1,0,0,1,0,0,0,0,0,0,0,0,0,0,0
1102,1,0,0,0,0,0,0,0,0,0,0,0,0,0,0
1103,1,0,1,1,1,0,0,0,0,0,0,1,1,0,1
1104,1,0,1,1,1,1,0,0,1,0,0,0,0,0,0
1106,1,0,0,0,0,0,0,0,0,0,0,0,0,0,0
1107,1,0,0,0,0,0,0,0,0,0,0,0,0,0,0
1108,1,0,0,0,0,0,0,0,0,0,0,0,0,0,0
1109,1,0,1,0,0,1,0,1,1,0,0,0,0,0,0
111,1,0,0,0,0,0,1,0,0,0,0,0,0,0,0
1110,1,0,1,0,0,0,0,0,0,0,0,0,0,0,0
1111,1,0,1,1,1,0,0,0,1,0,0,0,0,0,0
1112,1,0,0,0,0,0,0,0,0,0,0,0,0,0,0
1113,1,1,1,0,0,0,0,0,0,1,0,0,0,0,0
1114,1,0,0,0,0,0,0,0,0,0,0,0,0,0,0
1115,1,0,1,0,0,0,0,0,0,0,0,0,0,0,0
1116,1,0,0,0,0,0,0,0,0,0,0,0,0,0,0
1117,1,1,0,1,0,0,0,0,0,0,0,0,0,0,0
1118,1,0,0,0,0,0,0,0,0,0,0,0,0,0,0
1119,1,0,0,0,0,0,0,0,0,0,0,0,0,0,0
112,1,0,0,0,0,0,0,0,0,0,0,0,0,0,0
1120,1,0,0,0,0,0,0,1,0,0,0,0,0,0,0
1121,1,1,0,0,0,0,0,0,0,0,0,0,0,0,0
1122,1,0,0,0,0,0,0,1,0,0,0,0,0,0,0
1123,1,0,0,0,0,0,0,0,0,0,0,0,0,0,0
1124,1,0,0,0,0,0,0,0,0,0,0,0,0,0,0
1125,1,0,0,0,1,0,0,0,1,0,0,0,0,0,0
1126,1,0,0,0,0,0,0,1,0,0,1,0,0,0,0
1127,1,1,0,0,0,0,0,0,0,0,0,0,0,0,0
1128,1,0,0,1,0,1,0,1,0,1,0,0,0,1,0
1129,1,0,0,0,0,0,0,0,0,0,0,0,0,0,0
113,1,1,1,1,1,1,0,0,0,0,1,0,0,1,0
1130,1,0,0,0,0,0,0,1,0,1,1,0,0,0,0
1131,1,0,0,0,0,0,0,0,0,0,0,0,0,0,0
1132,1,0,0,0,0,0,0,0,0,0,0,0,0,0,0
1133,1,0,0,0,0,0,0,0,0,0,0,0,0,0,0
1134,1,1,1,0,0,1,0,0,0,0,0,0,0,1,0
1135,1,0,0,0,0,0,0,0,0,0,0,0,0,0,0
1136,1,0,0,0,0,0,0,0,0,0,0,0,0,0,0
1137,1,1,0,0,0,0,0,0,0,0,0,0,0,0,0
1138,1,0,0,0,0,0,0,0,0,0,0,0,0,0,0
1139,1,1,1,0,0,0,0,0,0,0,0,0,0,0,0
114,1,1,1,0,1,0,0,0,0,0,0,0,0,0,0
1141,1,0,0,0,0,0,1,0,0,0,0,0,0,0,0
1142,1,1,0,0,0,0,0,1,0,1,1,0,1,0,1
1143,1,0,0,0,0,0,0,0,0,0,0,0,0,0,0
1144,1,0,0,0,0,0,0,0,0,0,0,0,0,0,0
1145,1,0,0,1,1,0,1,0,0,0,0,0,0,0,0
1146,1,1,1,1,1,1,1,0,0,0,0,1,0,0,0
1147,1,0,1,1,1,1,0,0,0,0,0,0,0,0,0
1148,1,0,0,0,0,0,0,0,0,0,0,0,0,0,0
1149,1,0,0,0,0,0,0,0,0,0,0,0,0,0,0
115,1,0,0,1,0,0,0,0,0,0,0,0,0,0,0
1150,1,0,0,0,0,0,0,1,0,0,0,0,1,0,0
1151,1,1,1,0,0,0,0,0,0,0,0,0,0,0,0
1152,1,0,0,0,0,0,0,0,0,0,0,0,0,0,0
1153,1,0,0,0,0,0,0,0,0,0,0,0,0,0,0
1154,1,1,0,1,0,1,0,0,0,0,1,1,0,0,1
1155,1,0,0,0,0,0,0,0,0,0,0,0,0,0,0
1156,1,0,0,0,0,0,0,0,0,0,0,0,0,0,0
1157,1,1,1,0,0,1,0,1,1,0,0,0,1,0,0
1158,1,0,1,0,1,0,1,0,0,0,0,0,1,0,0
1159,1,0,1,0,0,0,1,0,0,0,0,0,0,0,1
116,1,0,0,0,0,0,0,0,0,0,0,0,0,0,0
1160,1,0,0,1,1,0,0,0,1,0,0,1,0,0,0
1161,1,0,0,0,1,0,0,0,0,0,0,0,0,0,0
1162,1,0,0,0,1,1,1,0,0,0,0,0,0,0,0
1163,1,1,1,0,0,1,0,1,1,1,0,0,1,0,0
1164,1,0,0,0,0,0,0,0,0,0,0,0,0,0,0
1165,1,0,1,0,0,0,0,0,0,0,0,0,0,0,0
1166,1,1,1,1,1,0,0,1,1,1,0,1,1,0,1
1167,1,1,1,1,0,1,1,1,0,1,0,0,0,1,1
1168,1,0,0,0,0,0,0,0,0,0,0,0,0,0,0
1169,1,0,1,0,1,1,1,0,0,0,0,1,0,0,0
117,1,1,0,0,0,0,0,0,0,0,1,0,0,0,0
1170,1,0,0,0,0,0,0,0,0,0,0,0,0,0,0
1171,1,0,0,0,0,0,0,0,0,0,0,0,0,1,0
1172,1,1,1,0,0,0,0,0,0,0,0,1,0,0,0
1173,1,1,0,0,0,1,0,0,0,0,0,0,0,1,0
1174,1,1,0,0,1,0,1,1,0,0,1,0,0,0,1
1175,1,0,0,0,0,0,0,1,0,0,0,0,0,0,0
1177,1,0,0,0,0,0,0,0,0,0,0,0,0,0,0
1178,1,0,1,0,0,0,0,0,0,0,0,0,0,0,0
1179,1,1,0,1,0,1,1,0,0,0,0,0,0,1,0
118,1,0,0,0,0,0,0,0,0,1,0,0,0,0,0
1180,1,0,1,1,0,1,0,0,0,0,0,0,0,0,0
1181,1,0,0,0,0,0,0,0,0,0,0,0,0,0,0
1182,1,0,0,0,0,0,0,0,0,0,0,0,0,0,0
1185,1,0,0,0,0,0,0,0,0,0,0,0,0,1,0
1186,1,0,1,1,1,0,0,0,0,0,0,0,0,0,0
1187,1,0,0,1,1,1,1,0,0,0,0,1,0,0,0
1188,1,0,0,0,0,0,0,0,0,0,0,0,0,0,0
1189,1,0,0,0,0,0,0,0,0,0,0,0,0,0,0
119,1,1,1,0,1,0,0,1,1,0,0,0,0,0,1
1190,1,0,0,1,1,0,0,0,0,0,0,0,0,0,0
1191,1,0,1,0,1,0,0,0,0,0,0,0,0,0,0
1192,1,0,0,1,1,0,0,0,0,0,1,1,0,0,0
1193,1,0,0,0,0,0,0,0,0,0,0,0,0,0,0
1194,1,0,0,0,0,0,0,0,0,0,1,0,0,0,0
1195,1,0,0,0,0,0,0,0,0,0,0,0,0,0,0
1196,1,1,0,0,0,1,0,0,0,0,0,0,0,0,0
1197,1,1,1,0,0,1,1,0,1,0,0,0,0,1,0
1198,1,0,0,0,0,0,0,0,0,0,0,0,0,0,0
12,1,0,0,0,0,0,0,0,0,0,0,0,0,0,0
120,1,0,0,0,0,0,0,0,0,0,0,0,0,0,0
1200,1,0,0,0,0,0,0,0,0,0,0,0,0,0,0
1201,1,0,0,0,0,0,0,0,0,0,0,0,0,0,0
1202,1,0,0,0,0,0,0,0,0,0,0,0,0,0,0
1203,1,1,1,0,0,1,1,0,0,0,0,1,0,0,0
1204,1,0,0,1,1,0,0,0,0,0,0,0,0,0,0
1205,1,0,0,1,1,0,0,1,0,0,0,0,0,0,0
1206,1,0,0,0,0,0,0,1,0,1,0,0,1,0,0
1207,1,0,0,0,0,0,0,0,0,0,0,0,0,0,0
1208,1,0,0,0,0,0,1,0,0,0,0,1,0,0,0
1209,1,0,0,0,0,0,0,0,0,0,0,0,0,0,0
121,1,1,1,1,1,1,1,0,0,0,0,1,1,0,0
1210,1,0,0,1,0,0,0,0,0,1,1,0,1,0,0
1211,1,1,0,0,0,1,0,0,0,0,0,0,0,1,0
1212,1,0,0,0,0,0,0,0,0,0,0,0,0,0,0
1213,1,0,0,0,0,0,0,0,0,0,0,0,0,0,0
1214,1,0,0,0,0,0,0,0,0,0,0,0,0,0,0
1215,1,0,0,0,0,0,0,0,0,0,0,0,0,0,0
1216,1,0,0,1,1,0,0,1,0,0,0,0,0,1,1
1217,1,0,0,1,0,1,0,0,0,0,0,0,0,0,0
1218,1,1,1,0,0,1,0,0,0,0,0,0,0,1,0
1219,1,0,0,0,0,0,0,0,0,0,0,0,0,0,0
122,1,0,0,0,0,0,0,0,0,0,0,0,0,0,0
1220,1,0,0,1,0,0,0,0,0,0,0,0,0,0,0
1221,1,0,0,0,0,0,0,0,0,0,0,0,0,0,0
1222,1,1,0,1,1,0,1,0,0,0,0,0,0,0,0
1223,1,0,0,0,0,0,0,0,0,0,0,0,0,0,0
1224,1,0,1,0,1,1,1,0,0,0,0,0,0,0,0
1225,1,1,0,1,0,0,0,0,0,0,0,0,0,0,0
1226,1,1,0,1,0,1,1,0,0,0,0,0,0,0,0
1227,1,1,1,0,0,0,0,0,1,0,0,0,0,0,0
1228,1,0,0,0,0,0,0,0,0,1,1,0,0,0,0
1229,1,0,0,1,0,1,0,1,1,0,0,0,0,1,0
123,1,0,0,0,0,0,0,0,0,0,0,0,0,0,0
1230,1,0,0,0,0,0,0,0,0,0,0,0,0,0,0
1231,1,0,0,0,0,0,0,0,0,1,1,0,0,0,0
1232,1,0,0,0,0,0,0,0,0,0,0,0,0,0,0
1233,1,0,0,0,0,0,0,0,0,0,0,0,0,0,0
1234,1,1,1,0,1,0,0,0,1,1,0,0,0,0,0
1235,1,0,0,0,0,0,0,0,0,0,0,0,0,0,0
1236,1,0,1,0,0,0,0,0,0,0,0,0,0,0,0
1237,1,0,0,0,0,0,0,0,0,0,0,0,0,0,0
1238,1,1,0,0,0,0,0,0,1,0,0,0,0,0,0
1239,1,0,0,1,0,0,0,0,0,0,0,1,0,0,0
124,1,0,0,0,0,0,0,0,0,0,0,0,0,0,0
1240,1,1,0,0,0,0,0,1,0,0,0,0,1,0,1
1241,1,1,0,1,1,1,1,1,0,0,0,1,0,0,0
1242,1,0,0,0,0,0,0,0,0,0,0,0,0,0,0
1243,1,0,0,0,0,0,0,0,0,1,0,0,0,0,0
1244,1,0,0,0,0,0,0,1,1,0,0,0,0,0,1
1245,1,1,0,1,0,1,0,0,0,0,0,0,0,0,0
1246,1,1,0,0,1,1,1,0,0,1,1,0,1,1,0
1247,1,0,1,0,1,0,0,1,0,0,0,0,0,0,0
1248,1,1,0,1,1,1,0,0,0,1,0,0,0,0,0
1249,1,1,0,0,0,0,0,0,0,0,0,0,0,0,0
125,1,0,0,0,0,0,1,1,0,0,0,1,0,0,0
1250,1,0,0,0,0,0,0,0,0,0,0,0,0,0,0
1251,1,0,0,0,0,0,0,0,0,0,0,0,0,0,0
1252,1,0,0,0,0,0,0,0,0,0,0,0,0,0,0
1255,1,0,0,0,0,0,0,0,0,0,0,0,0,0,0
1256,1,1,0,0,0,0,0,0,0,0,0,0,0,0,0
1257,1,0,0,0,1,0,0,0,0,0,0,0,1,0,0
1258,1,0,0,0,0,0,0,0,1,0,0,0,0,0,0
1259,1,1,0,0,0,0,0,0,0,0,0,0,0,0,0
126,1,0,0,0,0,0,0,0,0,0,0,0,0,0,0
1260,1,0,0,0,0,0,0,1,1,0,1,0,0,0,0
1261,1,0,0,1,0,0,0,0,0,1,0,0,0,0,0
1262,1,0,0,0,0,0,0,0,0,0,0,0,0,0,0
1263,1,0,0,1,0,1,1,0,1,0,0,1,0,0,0
1264,1,0,1,1,0,0,0,0,0,0,0,0,0,0,0
1265,1,0,0,0,0,0,0,0,0,0,0,0,0,0,0
1266,1,0,0,0,0,0,0,0,0,1,0,0,0,0,0
1267,1,0,1,0,0,0,0,0,0,0,0,0,0,0,0
1268,1,1,1,0,0,0,0,0,0,0,0,0,0,0,0
1269,1,0,1,0,1,0,0,0,0,1,0,0,1,0,0
127,1,0,0,0,0,1,0,0,0,0,0,0,0,0,0
1270,1,0,0,1,1,1,1,0,0,0,0,1,0,0,0
1271,1,0,1,0,0,0,0,0,1,0,0,0,0,0,0
1272,1,1,0,0,1,1,0,0,1,0,0,0,1,0,1
1274,1,1,1,0,1,0,0,0,0,0,0,0,0,1,0
1275,1,0,0,0,0,0,0,0,0,0,0,0,0,0,0
1276,1,0,0,0,0,0,0,0,0,0,0,0,0,0,0
1277,1,1,1,0,1,1,1,0,1,1,1,0,0,1,0
1278,1,0,0,0,0,1,0,0,0,0,0,0,0,0,0
1279,1,1,1,1,1,1,1,0,0,1,0,1,0,0,0
128,1,0,0,0,0,0,0,0,0,0,0,0,0,0,0
1281,1,0,0,0,0,0,0,0,0,0,0,0,0,0,0
1282,1,0,1,0,1,1,1,0,0,0,0,1,0,1,0
1283,1,0,0,0,0,0,0,0,0,0,0,0,0,0,0
1284,1,0,0,0,0,0,0,0,0,0,0,1,0,0,0
1285,1,1,0,1,0,1,0,0,0,0,0,1,0,0,0
1286,1,0,0,0,0,0,0,0,0,0,0,0,0,0,0
1287,1,0,1,0,1,0,0,0,1,0,0,0,0,0,0
1288,1,0,1,1,0,0,0,0,0,1,0,0,0,0,0
1289,1,0,0,0,0,0,0,0,0,0,0,0,0,0,0
129,1,0,0,0,0,0,0,0,0,0,1,0,1,0,0
1290,1,0,0,0,0,1,0,0,0,0,0,0,0,0,0
1291,1,0,0,0,0,0,0,0,0,0,0,0,0,0,0
1292,1,0,0,0,0,0,0,0,0,0,0,0,0,0,0
1293,1,0,0,0,1,0,0,0,0,0,0,0,0,0,0
1294,1,0,0,0,1,1,0,1,0,0,0,0,0,1,0
1295,1,0,0,0,0,1,0,0,0,0,0,0,0,0,0
1296,1,0,0,0,0,0,0,1,1,0,0,0,0,0,0
1297,1,0,1,0,0,0,0,1,0,0,0,0,0,0,0
1298,1,0,1,0,0,0,0,1,0,0,0,0,0,0,0
1299,1,0,1,0,0,0,0,1,0,1,0,0,0,0,1
13,1,0,1,0,0,1,0,0,0,1,0,0,1,0,0
130,1,0,0,0,0,0,0,0,0,0,0,0,0,0,0
1300,1,0,0,0,0,0,0,0,0,0,0,0,0,0,0
1301,1,0,0,1,0,0,0,0,0,1,1,0,0,0,0
1302,1,0,0,0,0,0,0,0,0,0,0,0,1,0,0
1303,1,0,0,1,0,0,0,0,0,1,0,0,0,0,0
1304,1,0,0,0,0,0,0,0,0,0,0,0,0,0,0
1305,1,1,1,0,0,1,0,0,1,0,0,1,0,1,0
1306,1,0,0,0,0,1,0,0,0,0,0,1,0,0,0
1307,1,0,0,0,0,0,0,0,0,0,0,0,0,0,0
1308,1,0,0,0,0,0,0,0,0,0,0,0,0,0,0
131,1,0,0,1,0,0,0,0,0,0,0,0,0,0,0
1310,1,0,0,0,0,0,0,0,0,0,0,0,0,0,0
1311,1,0,0,0,0,0,0,0,0,0,0,0,0,0,0
1312,1,1,0,0,0,1,0,1,1,1,0,0,1,0,1
1313,1,0,0,0,0,0,0,1,0,0,0,0,0,0,0
1314,1,0,1,0,1,0,0,1,0,0,0,0,0,0,0
1316,1,1,1,1,0,0,1,0,0,0,0,0,0,0,0
1317,1,0,1,1,1,0,1,1,0,0,1,0,1,0,0
1318,1,0,0,0,0,0,0,0,0,0,0,0,0,0,0
1319,1,0,0,0,0,0,0,0,0,0,0,0,0,0,0
132,1,0,0,0,0,0,0,0,0,1,0,0,0,0,0
1320,1,0,0,0,0,0,0,0,0,0,0,0,0,0,0
1321,1,0,1,1,1,0,1,0,0,1,0,0,0,0,0
1322,1,0,0,0,0,0,0,0,0,0,0,0,0,0,0
1323,1,0,0,0,0,0,0,0,0,0,0,0,0,0,0
1324,1,0,0,0,0,0,0,0,0,0,0,0,0,0,0
1325,1,0,0,0,0,0,0,0,0,0,0,0,0,0,0
1326,1,0,0,1,1,1,0,0,1,1,0,1,1,0,0
1327,1,0,0,0,0,0,0,0,0,0,0,0,0,0,0
1328,1,0,0,0,0,1,1,0,0,0,0,0,0,0,0
1329,1,0,0,0,0,0,0,0,0,0,0,0,0,0,0
133,1,1,0,0,0,0,0,0,1,0,0,0,0,1,0
1330,1,0,0,0,0,0,0,0,0,0,0,0,0,0,0
1331,1,1,1,1,1,0,0,0,1,0,0,0,0,0,0
1332,1,0,0,0,0,0,0,0,0,0,0,0,0,0,0
1333,1,1,0,0,0,0,0,0,0,0,0,0,0,0,0
1335,1,0,0,0,0,0,0,0,1,0,0,0,0,0,0
1336,1,0,0,0,0,0,0,0,0,0,0,0,0,0,0
1337,1,0,1,0,0,1,0,0,0,0,0,0,0,0,0
1338,1,0,0,0,0,0,0,0,0,0,0,0,0,0,0
134,1,1,0,0,0,1,0,0,0,0,1,0,0,0,0
1340,1,0,0,0,0,0,1,0,0,0,0,0,0,0,0
1341,1,0,0,0,0,0,0,0,0,0,0,0,1,0,0
1342,1,0,0,0,0,0,0,0,0,0,0,0,0,0,0
1343,1,0,0,0,0,0,0,0,0,0,0,0,0,0,0
1344,1,1,1,0,0,0,0,0,0,1,0,0,0,0,1
1345,1,0,1,1,0,1,0,0,0,0,0,0,0,0,0
1346,1,0,0,0,0,0,0,0,0,0,0,0,0,0,0
1347,1,0,0,0,0,0,0,0,0,0,0,0,0,0,0
1348,1,0,0,0,0,0,0,0,0,0,0,0,0,0,0
1349,1,0,0,0,1,0,0,0,0,1,1,0,0,0,0
135,1,0,0,0,0,0,0,0,0,0,0,0,0,0,0
1350,1,0,0,0,0,0,0,0,0,1,0,0,0,0,0
1351,1,0,0,0,0,0,0,0,0,0,0,0,0,0,0
1352,1,1,0,0,0,0,0,0,1,0,0,0,0,0,0
1353,1,0,0,1,0,0,0,0,0,1,0,0,0,0,0
1354,1,0,0,0,0,0,0,0,0,1,0,0,0,0,0
1356,1,0,0,0,0,0,0,0,0,0,0,0,0,0,0
1357,1,0,0,0,0,0,0,0,0,0,0,0,0,0,0
1359,1,0,0,0,0,0,0,0,1,0,0,0,0,0,0
136,1,0,0,1,1,0,0,0,0,0,0,0,0,0,0
1360,1,0,0,0,0,0,0,0,0,0,0,0,0,0,0
1361,1,0,0,0,0,0,0,0,0,0,0,0,0,0,0
1362,1,0,0,0,0,0,0,0,0,0,0,0,0,0,0
1363,1,1,0,0,1,0,1,1,0,0,0,0,0,0,0
1364,1,0,0,0,0,0,0,0,0,1,0,0,0,0,0
1365,1,0,0,0,0,0,0,0,0,1,0,0,0,0,0
1366,1,0,0,0,0,0,0,0,0,0,0,0,0,0,0
1367,1,1,1,1,0,0,1,1,1,1,0,1,1,0,1
1368,1,0,1,0,0,0,0,0,1,0,0,0,0,0,0
1369,1,0,0,0,0,0,0,0,0,0,0,0,0,0,1
137,1,0,0,0,1,0,0,0,0,0,0,0,0,0,0
1370,1,0,0,0,0,0,0,0,0,0,0,0,0,0,0
1371,1,0,0,1,0,0,0,0,0,0,0,1,0,0,0
1372,1,1,0,0,0,0,0,0,1,1,0,0,1,0,0
1373,1,0,0,0,0,0,0,0,0,0,0,0,0,0,0
1374,1,0,1,0,0,0,1,0,0,0,0,0,0,0,0
1375,1,0,1,0,1,1,0,0,0,1,1,0,0,0,0
1376,1,0,1,0,0,0,0,1,0,0,1,0,1,0,0
1377,1,0,0,0,0,0,0,0,0,0,0,0,0,0,0
1378,1,0,0,0,0,0,0,0,0,0,1,0,0,0,0
1379,1,0,0,0,1,1,1,1,0,0,0,0,0,0,1
138,1,0,1,1,0,0,0,0,0,0,0,0,0,0,0
1380,1,0,0,0,0,0,0,0,0,0,0,0,0,0,0
1381,1,0,0,0,0,0,0,0,0,0,0,0,0,0,0
1382,1,1,1,0,0,1,1,0,0,0,1,0,0,0,0
1383,1,0,0,0,0,0,0,0,0,0,0,0,0,0,0
1384,1,0,0,0,0,0,0,0,0,1,0,0,0,0,0
1385,1,1,1,1,0,1,1,1,0,0,0,1,0,0,0
1386,1,0,0,0,0,0,0,0,0,0,0,0,0,0,0
1387,1,0,0,0,0,0,1,0,0,0,0,0,0,0,0
1388,1,0,0,0,1,0,0,0,0,0,0,0,0,0,0
1389,1,0,1,0,0,0,0,0,1,0,0,0,0,0,0
139,1,0,0,0,0,0,0,0,0,0,0,0,0,0,0
1390,1,1,0,1,1,1,1,1,0,1,0,1,0,0,0
1391,1,0,0,0,0,0,0,0,1,1,1,0,0,0,0
1392,1,0,0,0,0,0,0,0,0,0,0,0,0,0,1
1393,1,0,1,0,0,0,1,0,0,0,0,0,0,0,1
1394,1,1,1,0,0,0,0,0,0,0,0,0,0,0,0
1395,1,0,0,0,0,0,0,1,0,0,0,0,0,0,0
1396,1,1,1,1,0,0,0,0,1,1,1,0,0,1,0
1397,1,0,1,0,0,1,0,0,1,0,0,0,0,0,0
1398,1,0,0,0,0,0,0,0,0,0,0,0,0,0,0
1399,1,1,0,0,0,0,1,1,0,0,0,0,0,0,0
14,1,1,1,1,1,0,1,0,0,0,0,0,1,0,0
140,1,0,0,0,1,1,0,0,0,1,0,0,0,0,0
1400,1,0,0,0,0,0,0,0,0,0,0,0,0,0,0
1401,1,0,0,0,0,0,0,0,0,0,0,0,0,0,0
1402,1,0,0,0,0,0,0,0,0,0,0,0,0,0,0
1403,1,0,0,0,1,1,1,0,0,0,0,0,0,0,0
1404,1,0,0,0,0,0,0,0,0,0,0,0,0,0,0
1405,1,0,1,1,1,0,0,0,0,0,0,0,0,0,0
1406,1,1,1,1,1,1,0,0,0,1,0,0,0,0,0
1407,1,0,0,0,0,0,0,0,0,0,0,0,0,0,0
1408,1,0,0,1,0,0,1,0,0,0,0,1,0,0,0
1409,1,0,0,0,0,0,0,0,0,1,1,0,0,0,0
141,1,0,0,0,0,0,0,0,0,0,0,0,0,0,0
1410,1,0,0,0,1,1,0,0,0,0,0,0,0,0,0
1411,1,0,0,0,0,0,0,0,0,0,0,0,0,0,0
1412,1,0,0,0,0,0,1,0,1,0,0,0,0,0,0
1413,1,0,0,0,0,0,0,0,0,0,0,0,0,0,0
1414,1,0,0,0,0,0,0,0,0,0,0,0,0,0,0
1415,1,0,0,0,0,0,0,0,0,0,0,0,0,0,0
1416,1,0,0,0,0,0,0,0,0,0,0,0,0,0,0
1417,1,0,0,1,0,0,0,0,0,0,0,0,0,0,0
1418,1,1,0,0,0,0,0,0,0,0,0,0,0,0,0
1419,1,0,0,1,0,0,0,0,0,0,0,0,0,0,0
142,1,0,0,0,0,0,0,1,0,0,0,0,0,0,0
1420,1,0,0,1,1,1,1,0,1,0,1,0,0,0,0
1421,1,0,0,0,0,0,0,0,1,0,0,1,0,0,0
1422,1,0,0,0,0,0,0,0,0,0,0,0,0,0,0
1423,1,0,0,1,0,0,0,0,0,1,0,0,0,0,0
1424,1,0,0,0,0,0,0,1,0,0,0,0,0,0,0
1425,1,1,0,0,0,1,0,0,0,0,0,1,0,0,0
1426,1,0,0,0,1,0,0,0,0,0,0,0,0,0,0
1427,1,0,1,1,0,0,0,0,0,0,0,0,0,0,0
1428,1,0,1,1,0,0,1,0,1,1,0,0,0,0,0
1429,1,0,0,0,0,0,0,1,1,0,0,0,0,0,0
143,1,1,1,0,1,1,0,0,0,0,0,0,0,0,0
1430,1,1,1,0,0,0,0,0,1,1,1,0,1,0,0
1431,1,0,1,0,0,0,0,0,0,0,0,0,1,0,0
1432,1,0,0,0,0,0,0,0,0,0,0,0,0,0,0
1434,1,0,0,0,1,0,0,0,0,0,0,0,0,1,0
1435,1,0,0,0,0,0,0,0,0,0,0,0,0,0,0
1436,1,0,0,0,0,0,0,0,0,0,0,0,0,0,0
1437,1,0,0,0,0,1,1,0,0,0,0,0,0,0,1
1438,1,0,0,0,0,0,0,1,0,0,0,0,0,0,0
1439,1,0,0,0,0,0,0,0,0,0,0,0,0,0,0
144,1,0,0,1,1,1,0,0,0,0,0,1,0,0,0
1440,1,0,0,0,1,0,0,0,0,0,0,0,0,0,0
1441,1,0,0,0,0,0,0,0,0,0,0,0,0,0,0
1442,1,0,0,0,0,0,0,0,0,0,0,0,0,0,0
1443,1,0,0,0,0,0,0,0,0,0,0,0,0,0,0
1444,1,0,0,0,1,0,0,0,0,0,0,0,0,0,0
1445,1,0,1,0,1,1,0,0,0,1,0,1,0,0,0
1446,1,1,1,0,1,0,1,1,1,0,0,0,0,0,0
1447,1,0,0,0,0,0,0,0,0,0,0,0,0,0,0
1448,1,1,1,1,0,1,1,0,0,1,0,0,0,0,0
1449,1,0,0,1,0,0,0,0,0,0,0,0,0,0,0
145,1,0,0,0,0,0,0,0,0,0,0,0,0,0,0
1450,1,0,0,1,0,0,0,0,0,0,0,0,0,0,0
1451,1,1,0,0,0,0,0,1,1,0,0,0,0,0,1
1452,1,0,0,0,0,0,1,0,0,0,0,0,0,0,0
1453,1,1,1,0,1,1,0,0,1,1,0,0,0,0,0
1454,1,1,1,0,0,0,0,0,0,0,0,0,0,0,0
1456,1,0,0,1,1,0,1,0,0,0,0,0,0,0,0
1457,1,0,1,0,1,0,1,0,0,0,0,0,0,0,0
1458,1,0,0,0,1,0,0,0,0,0,1,0,1,0,0
1459,1,0,0,0,0,1,0,0,1,0,0,0,1,0,0
146,1,1,0,1,1,0,1,0,0,0,0,1,0,0,0
1460,1,0,1,0,0,0,0,0,1,0,0,0,0,0,0
1461,1,1,0,1,1,0,1,0,1,0,0,0,0,0,0
1462,1,0,1,0,1,1,0,0,0,0,0,1,0,0,0
1463,1,0,0,0,0,0,0,0,0,0,0,0,0,0,0
1464,1,1,0,0,0,0,0,0,0,0,0,0,0,0,0
1465,1,0,0,0,0,0,0,0,0,0,0,0,0,0,0
1466,1,0,0,0,0,0,0,0,0,0,0,0,1,0,1
1467,1,0,0,1,0,0,1,0,0,1,0,1,1,0,0
1468,1,1,0,0,0,0,0,0,1,1,0,0,0,0,0
1469,1,1,0,1,1,1,0,0,0,0,0,0,0,0,0
147,1,0,0,0,0,0,0,0,0,0,0,0,0,0,0
1470,1,1,0,0,0,1,0,0,0,0,0,0,0,0,0
1471,1,0,0,0,0,0,0,0,0,0,0,0,0,0,0
1472,1,0,0,0,0,0,0,0,0,0,0,0,0,0,0
1473,1,0,0,0,0,0,0,0,0,0,0,0,0,0,0
1474,1,0,0,0,1,0,1,0,0,0,0,0,0,0,0
1475,1,1,0,0,0,0,0,0,1,0,1,0,0,0,0
1476,1,0,0,0,0,0,0,0,1,0,1,0,0,0,0
1477,1,0,0,0,0,0,0,0,0,0,0,0,0,0,0
1478,1,0,0,0,0,0,0,0,0,0,0,0,0,0,0
1479,1,0,0,1,0,0,0,0,0,1,1,0,1,0,0
148,1,1,1,0,1,0,1,0,0,0,0,0,0,0,0
1480,1,0,0,0,0,0,0,0,0,0,0,0,0,0,0
1481,1,1,0,0,1,0,1,0,0,0,0,1,0,0,0
1482,1,0,0,0,0,0,0,0,0,0,0,0,0,0,0
1483,1,0,0,1,1,0,0,0,0,0,0,0,0,0,0
1484,1,0,0,0,0,0,0,0,0,0,0,0,0,0,0
1485,1,0,1,0,0,0,0,0,0,0,0,0,0,0,0
1486,1,0,0,0,0,0,0,0,0,0,0,0,0,0,0
1487,1,0,0,0,0,0,0,0,0,0,0,0,0,0,0
1488,1,0,1,1,1,0,1,0,0,0,1,1,0,0,0
1489,1,1,1,1,1,1,1,1,1,0,0,1,1,0,1
149,1,1,0,0,0,0,0,1,0,0,0,0,0,0,0
1490,1,0,1,0,0,0,0,0,0,1,0,1,0,0,0
1491,1,1,0,0,0,0,0,1,1,0,0,0,0,1,0
1492,1,0,0,0,0,0,0,0,0,0,0,0,0,0,0
1493,1,0,0,1,1,0,0,1,0,0,0,0,0,0,0
1494,1,0,1,0,0,0,0,1,0,0,0,0,0,1,1
1495,1,0,0,0,0,0,0,0,0,0,0,0,0,0,0
1496,1,0,0,0,0,0,0,0,0,0,0,0,0,0,0
1497,1,0,0,0,0,0,0,0,0,0,0,0,0,0,0
1498,1,0,0,0,0,0,0,0,1,0,0,0,0,0,0
1499,1,1,0,0,0,0,0,1,0,0,0,0,0,0,0
15,1,0,0,0,1,0,0,0,0,0,0,0,0,0,0
150,1,0,0,0,0,0,0,0,0,0,0,0,0,0,0
1500,1,0,0,0,0,0,0,0,0,0,0,0,0,0,0
1501,1,0,0,0,0,0,0,0,0,0,0,0,0,0,0
1502,1,0,0,0,0,0,0,0,0,0,1,0,0,0,0
1503,1,0,0,0,0,0,0,0,0,0,0,0,0,0,0
1505,1,0,0,0,1,0,0,0,0,0,0,0,0,0,0
1506,1,0,0,0,0,0,0,0,0,0,0,0,0,0,0
1507,1,0,0,0,0,0,0,0,0,0,0,0,0,0,0
1508,1,1,0,0,0,0,0,0,0,0,0,0,0,0,0
1509,1,1,0,0,0,0,0,0,0,0,0,0,0,0,0
151,1,0,0,0,0,0,0,0,0,0,0,0,0,0,0
1510,1,1,1,0,1,0,0,0,0,0,0,0,0,0,0
1511,1,1,0,0,1,1,0,0,0,0,0,0,0,0,1
1512,1,0,0,0,0,0,0,0,0,1,0,0,0,0,0
1513,1,1,0,0,0,0,0,0,1,0,0,0,0,0,0
1514,1,1,1,0,0,0,0,1,0,1,0,0,0,1,0
1515,1,0,0,1,0,0,0,0,0,0,0,0,1,0,0
1516,1,0,0,0,0,0,0,0,0,0,0,0,0,0,0
1517,1,1,1,1,1,1,0,0,1,0,0,0,0,0,0
1518,1,0,0,0,0,0,0,0,0,0,0,0,0,0,0
1519,1,0,0,0,0,0,0,0,0,0,0,0,0,0,0
152,1,0,0,0,0,0,0,0,0,0,1,0,0,0,0
1520,1,0,0,0,0,0,0,0,0,0,0,0,0,0,0
1521,1,0,0,0,0,0,0,0,0,0,0,0,0,0,0
1522,1,1,0,1,0,0,0,0,0,0,1,1,0,0,0
1523,1,1,1,0,0,0,0,1,0,0,0,0,0,0,0
1524,1,0,0,0,0,0,1,0,0,1,1,0,0,0,1
1525,1,0,1,0,0,0,0,0,0,0,0,0,0,0,0
1526,1,0,0,0,0,0,0,0,0,0,0,0,0,0,0
1527,1,1,0,1,0,1,1,0,1,0,0,0,1,0,0
1528,1,0,0,1,1,1,1,0,0,0,1,0,1,0,0
1529,1,1,0,0,1,1,0,1,1,0,0,0,0,0,0
153,1,0,0,0,0,0,0,0,0,0,0,0,0,0,0
1530,1,1,1,0,0,0,0,0,0,0,0,0,0,0,0
1531,1,0,0,0,0,0,0,0,0,0,0,0,0,0,0
1532,1,0,0,0,0,0,0,0,0,0,0,0,0,0,0
1533,1,0,0,0,0,0,0,0,0,0,0,0,0,0,0
1534,1,0,1,0,1,0,1,0,1,0,0,0,0,1,0
1535,1,1,1,0,1,1,1,1,1,0,0,1,1,0,0
1536,1,0,1,1,1,1,0,0,0,0,0,0,0,1,1
1537,1,0,1,0,0,1,0,0,0,0,0,0,0,0,0
1538,1,0,0,1,0,0,0,0,0,0,0,0,0,0,0
1539,1,0,0,0,0,0,0,0,0,1,0,0,0,0,0
154,1,0,0,0,0,0,0,0,0,0,0,0,0,0,0
1540,1,0,0,0,0,0,0,0,0,0,0,0,0,0,0
1541,1,0,1,1,1,1,0,0,0,0,0,1,1,0,0
1542,1,0,0,0,0,0,0,0,0,0,0,0,0,0,0
1543,1,0,0,0,0,0,0,0,0,0,0,0,0,0,0
1544,1,0,0,1,0,0,0,0,0,1,0,0,0,0,0
1545,1,0,0,0,0,0,0,0,0,0,0,0,0,0,0
1546,1,0,0,0,0,1,1,0,0,0,0,1,0,0,0
1547,1,0,0,0,0,0,0,0,1,0,0,0,0,0,1
1548,1,0,0,0,0,0,0,0,0,0,0,0,0,0,0
1549,1,0,0,0,0,0,0,0,0,0,0,0,0,0,0
155,1,1,0,0,0,0,0,0,0,0,0,0,0,0,0
1552,1,0,1,0,0,0,0,0,0,0,0,0,0,0,0
1553,1,0,0,0,0,0,0,0,0,0,0,0,0,0,0
1554,1,0,0,0,0,0,0,0,0,0,0,0,0,0,0
1555,1,0,0,0,0,0,1,0,0,0,0,0,0,0,0
1556,1,0,0,1,1,0,0,0,1,1,1,0,0,0,0
1557,1,1,1,0,0,1,0,1,0,0,1,0,0,0,0
1558,1,0,0,0,0,0,0,0,0,0,0,0,0,0,0
1559,1,0,0,1,1,0,0,0,0,0,0,0,0,0,0
156,1,0,1,0,0,0,0,0,1,0,0,0,1,0,0
1560,1,0,0,0,0,0,0,0,0,0,0,0,0,0,0
1562,1,0,0,0,0,0,1,0,0,0,0,0,0,0,0
1563,1,0,0,0,0,0,0,0,0,0,0,0,0,0,0
1564,1,0,0,0,0,1,0,0,0,0,1,0,0,0,0
1565,1,0,0,0,1,0,0,0,0,0,0,0,0,0,0
1566,1,0,0,0,0,0,0,0,0,0,0,0,0,0,0
1567,1,0,1,0,0,0,0,0,0,0,0,0,0,0,0
1568,1,0,0,0,0,0,0,0,0,0,0,0,0,0,0
1569,1,1,1,1,1,1,0,0,0,0,0,0,0,0,0
157,1,0,0,0,1,1,1,1,1,0,1,1,0,0,0
1570,1,0,0,0,1,0,0,0,0,0,0,0,1,0,0
1571,1,0,0,0,0,0,0,0,0,0,0,0,0,0,0
1572,1,0,0,0,0,0,0,0,0,0,0,0,0,0,0
1573,1,0,0,0,0,0,0,0,0,0,0,0,0,0,0
1574,1,0,0,1,0,0,0,0,0,0,1,0,0,0,0
1575,1,0,0,0,0,0,0,0,0,1,0,0,0,0,0
1576,1,0,0,0,0,0,0,0,0,0,0,0,0,0,0
1577,1,0,0,1,0,1,0,0,0,1,0,0,0,0,0
1578,1,0,1,0,0,0,1,0,0,0,0,0,0,0,0
1579,1,0,0,0,1,1,1,0,0,0,0,0,0,0,0
158,1,0,0,0,0,0,0,0,0,0,0,0,0,1,0
1580,1,0,0,1,1,0,1,0,0,0,0,0,0,0,0
1581,1,1,0,1,1,1,0,1,0,0,0,0,0,0,0
1582,1,0,0,0,0,0,0,0,0,0,0,0,0,0,0
1583,1,0,0,0,0,0,0,0,0,0,0,0,0,0,0
1584,1,1,1,0,1,0,0,0,0,0,0,0,0,0,0
1585,1,0,0,0,0,1,0,1,1,0,0,0,0,0,1
1586,1,1,0,0,0,0,0,0,0,0,0,0,0,0,0
1587,1,0,1,0,0,0,0,0,0,0,0,0,0,0,0
1588,1,0,0,0,0,0,0,0,0,0,0,0,0,0,0
1589,1,0,0,0,0,0,0,0,0,0,0,0,0,0,0
159,1,1,0,1,1,0,0,0,1,0,0,1,0,0,0
1590,1,1,1,1,1,1,1,0,1,0,0,1,0,0,1
1591,1,0,1,0,1,1,1,1,1,0,1,0,0,0,0
1592,1,0,0,0,0,0,0,0,0,0,0,0,0,0,0
1593,1,0,0,0,0,0,0,0,0,0,0,0,0,0,0
1594,1,1,1,1,1,1,1,0,0,0,0,0,0,0,0
1595,1,0,0,0,0,0,0,0,0,0,0,0,0,0,0
1596,1,0,0,0,0,1,0,0,0,0,0,0,1,0,0
1597,1,0,1,1,0,1,0,0,0,0,0,0,0,0,0
1598,1,0,1,0,1,1,1,1,1,0,0,0,0,0,0
1599,1,1,0,1,1,1,1,0,1,0,0,0,0,0,0
16,1,0,0,0,0,0,0,0,0,0,0,0,0,0,0
160,1,0,0,0,0,0,0,0,0,0,0,0,0,0,0
1600,1,0,0,0,0,0,0,0,0,0,0,0,0,0,0
1601,1,0,1,0,0,0,0,0,0,1,1,0,0,1,0
1602,1,1,0,0,0,0,1,0,1,0,0,0,0,1,1
1603,1,0,0,0,0,0,0,0,0,0,1,0,0,0,0
1604,1,0,0,0,0,0,0,0,0,0,0,0,0,0,0
1605,1,0,0,0,0,0,0,0,0,0,0,0,0,0,0
1606,1,1,1,0,0,0,1,0,0,0,0,0,0,0,0
1607,1,0,0,0,0,0,0,1,0,0,0,0,0,0,0
1608,1,0,0,0,0,0,0,0,0,0,0,0,0,0,0
1609,1,1,1,0,1,1,0,0,1,0,1,1,0,1,0
161,1,0,0,0,0,0,0,0,0,0,0,0,0,0,0
1610,1,0,0,0,0,0,0,0,0,0,0,0,0,0,0
1611,1,0,0,0,0,0,0,0,0,0,0,0,0,0,0
1612,1,1,0,0,0,1,0,0,0,0,0,0,0,0,0
1613,1,0,1,0,0,1,1,1,0,0,0,1,1,0,0
1614,1,0,0,0,0,0,0,0,0,0,0,0,0,0,0
1615,1,0,1,0,0,0,0,0,0,0,0,0,0,0,0
1616,1,0,0,1,0,0,0,0,0,0,0,0,0,0,0
1617,1,1,1,0,1,0,1,0,0,0,0,1,0,0,0
1618,1,1,1,0,0,0,0,0,0,0,0,0,0,1,0
1619,1,0,0,0,0,0,0,0,0,0,0,0,0,0,0
162,1,1,0,0,0,0,0,0,0,0,0,0,0,0,0
1620,1,0,0,1,0,0,1,0,0,1,0,0,0,0,0
1621,1,0,0,0,0,0,0,0,0,0,0,0,0,0,0
1622,1,0,0,0,0,0,0,1,0,0,1,0,1,0,0
1623,1,1,0,0,1,1,1,0,0,0,0,0,0,0,0
1624,1,0,0,0,0,0,0,0,0,0,0,0,0,0,0
1625,1,0,0,0,0,0,1,0,0,0,0,0,0,0,0
1626,1,0,0,0,0,0,0,0,0,0,0,0,0,0,0
1627,1,0,0,0,0,0,0,0,0,0,0,0,0,0,0
1629,1,0,0,0,0,0,0,0,0,0,0,0,0,0,0
163,1,0,0,0,0,0,0,0,0,0,0,0,0,0,0
1630,1,0,0,0,0,0,0,0,0,0,0,0,0,0,0
1631,1,0,0,1,1,0,0,0,0,0,1,0,0,0,0
1632,1,0,1,0,0,0,1,1,0,1,1,0,1,0,0
1633,1,0,0,0,1,1,0,0,0,0,1,0,0,0,0
1634,1,0,0,1,0,1,0,0,0,0,0,0,0,0,0
1635,1,0,0,0,0,0,0,0,0,0,0,0,0,0,0
1637,1,0,0,0,0,0,0,0,0,0,0,0,0,0,0
1638,1,0,0,1,0,0,0,0,1,1,1,0,1,0,0
1639,1,0,0,1,1,0,0,0,0,1,1,0,0,0,0
164,1,0,1,0,1,0,0,0,0,0,0,0,0,0,0
1640,1,0,1,1,1,0,0,0,0,1,0,0,0,0,0
1641,1,0,0,0,1,0,0,0,0,0,0,0,0,0,0
1642,1,0,0,0,0,0,0,1,0,0,0,0,0,0,0
1643,1,0,1,0,1,0,0,0,0,0,0,0,0,0,0
1645,1,0,0,0,0,0,0,0,0,0,0,0,0,0,0
1646,1,0,0,0,0,0,0,0,0,0,0,0,0,0,0
1648,1,0,1,1,1,1,1,0,0,0,1,0,1,0,0
1649,1,0,0,0,0,0,0,0,0,0,0,0,0,0,0
165,1,0,0,0,0,1,0,0,0,0,0,0,0,0,0
1650,1,0,0,0,0,0,0,0,0,0,0,0,0,0,0
1651,1,0,0,0,0,0,0,0,1,0,1,0,0,0,0
1652,1,0,0,0,0,0,0,0,0,0,0,0,0,0,0
1653,1,1,0,1,0,0,1,0,0,0,0,1,0,0,0
1654,1,0,0,0,0,0,0,0,0,0,0,0,0,0,0
1656,1,0,0,0,0,0,0,0,0,0,0,0,0,0,0
1657,1,0,0,0,0,0,0,0,0,0,0,0,0,0,0
1658,1,0,0,0,0,0,0,0,0,0,0,0,0,0,0
1659,1,1,0,1,0,0,0,0,0,0,1,0,0,0,0
166,1,0,0,0,0,0,0,0,0,0,0,1,0,0,0
1660,1,0,0,0,0,0,0,0,0,0,0,0,0,0,0
1661,1,0,0,0,0,0,0,0,1,0,0,0,0,0,0
1662,1,1,0,0,1,0,1,1,0,0,0,0,0,0,0
1663,1,0,0,0,0,0,0,0,0,0,0,0,0,0,0
1665,1,0,0,0,0,0,0,1,0,0,0,0,0,0,0
1666,1,0,0,0,0,0,0,0,0,0,0,0,0,0,0
1667,1,0,0,0,0,0,0,0,0,0,0,0,0,0,0
1668,1,0,0,0,0,0,0,0,0,0,0,0,0,0,0
167,1,0,0,0,0,0,0,0,0,0,0,0,0,0,0
1670,1,0,0,0,0,0,0,0,0,0,0,0,0,0,0
1671,1,0,0,0,0,0,0,0,1,0,0,0,0,0,0
1672,1,0,0,0,0,0,0,0,0,0,0,0,0,0,0
1673,1,0,1,1,1,1,0,1,0,0,0,0,0,0,1
1674,1,0,0,0,0,0,0,0,0,0,0,0,0,0,0
1675,1,1,0,1,0,0,0,0,0,1,1,0,1,1,0
1676,1,1,0,1,0,0,0,1,0,0,0,0,0,1,0
1677,1,1,1,1,0,1,0,1,1,0,1,0,1,1,1
1678,1,0,0,0,0,1,0,0,0,0,0,0,0,0,0
168,1,0,0,0,0,0,0,0,0,0,0,0,0,0,0
1680,1,0,0,1,0,0,0,0,0,0,0,0,0,0,0
1681,1,1,1,0,1,1,0,0,0,0,0,1,0,0,0
1683,1,0,1,0,0,0,0,0,0,1,1,0,0,0,0
1684,1,0,0,0,0,0,0,0,0,0,0,0,0,0,0
1685,1,0,0,0,0,0,1,1,0,0,0,0,0,0,1
1686,1,0,0,0,0,0,0,0,0,0,0,0,0,0,0
1687,1,0,0,0,0,0,0,0,1,0,0,0,0,1,0
1688,1,0,0,0,0,0,0,0,0,0,0,1,0,0,0
1689,1,0,0,0,1,0,0,0,0,0,0,0,0,0,0
169,1,0,0,0,0,0,0,0,0,0,0,0,0,0,0
1690,1,0,0,0,1,0,0,0,0,0,0,0,0,0,0
1691,1,0,0,0,0,0,0,0,1,0,0,0,0,0,0
1692,1,0,0,1,0,0,0,0,0,0,0,0,0,0,0
1693,1,1,0,1,0,0,0,1,0,0,1,0,0,0,0
1694,1,0,0,1,0,0,1,0,0,0,0,0,0,0,0
1695,1,0,0,0,0,0,0,0,0,0,0,0,0,0,0
1696,1,1,1,0,1,0,0,1,1,0,0,0,0,1,0
1697,1,0,0,0,1,0,0,0,0,0,0,1,0,0,0
1698,1,0,0,1,0,1,0,0,0,0,0,0,0,0,0
1699,1,0,0,0,0,0,0,0,0,0,0,0,0,0,0
17,1,0,0,0,0,0,0,0,0,0,0,0,0,0,0
170,1,0,0,0,0,0,0,1,0,0,0,0,1,0,0
1700,1,0,0,1,0,0,0,0,0,0,0,0,0,0,0
1701,1,0,0,0,0,1,0,0,0,0,0,0,0,0,0
1702,1,0,0,0,0,0,0,0,0,0,0,0,0,0,0
1703,1,0,1,1,1,1,1,0,0,1,0,0,0,0,0
1704,1,0,0,0,0,0,0,0,0,0,0,1,0,0,0
1705,1,0,0,0,0,0,0,0,0,0,0,0,0,0,0
1707,1,0,0,0,0,0,0,0,0,0,0,0,0,0,0
1708,1,0,0,0,1,0,0,1,0,0,0,0,0,1,0
1709,1,1,0,0,0,0,1,0,0,0,0,0,0,0,0
171,1,0,0,0,0,0,0,0,0,0,0,0,0,0,0
1710,1,1,1,0,0,1,1,1,1,0,1,0,0,0,1
1711,1,0,0,0,0,0,0,0,0,0,0,0,0,0,0
1712,1,0,1,0,0,0,0,0,1,0,0,0,0,0,0
1713,1,0,0,0,1,0,0,0,0,0,0,0,0,0,0
1714,1,0,0,0,0,0,0,0,0,0,0,0,0,0,0
1715,1,0,0,0,0,0,0,0,0,0,0,0,0,0,0
1716,1,0,0,1,0,1,0,0,0,0,0,1,0,0,0
1717,1,0,1,0,0,0,0,0,0,0,0,0,0,0,0
1719,1,1,1,0,1,1,1,1,0,0,0,0,1,0,0
172,1,0,0,0,0,0,0,0,0,0,0,0,0,0,0
1720,1,1,0,0,0,0,0,0,1,0,0,0,0,0,0
1722,1,0,1,0,0,0,0,0,1,1,0,0,0,0,0
1723,1,0,0,0,0,0,0,0,0,0,0,0,0,0,0
1724,1,0,0,0,1,0,0,1,0,0,0,0,0,0,0
1725,1,0,0,0,0,0,0,0,0,0,0,0,0,0,0
1726,1,0,0,0,0,0,0,0,0,0,0,0,0,0,0
1728,1,0,0,0,0,1,0,0,0,0,0,0,0,0,0
1729,1,0,0,0,0,0,0,0,0,0,0,0,0,0,0
173,1,1,0,0,0,0,0,0,1,0,0,0,0,0,0
1730,1,0,0,0,0,0,0,0,0,0,0,0,0,0,0
1731,1,0,0,0,0,0,0,0,1,0,0,0,0,0,0
1732,1,0,0,1,0,0,0,0,0,1,0,0,0,0,0
1734,1,0,0,0,0,0,0,0,0,0,0,0,0,0,0
1735,1,1,0,0,0,0,1,0,0,0,0,1,0,0,0
1736,1,0,1,0,1,1,0,1,0,1,0,0,0,0,0
1738,1,0,0,0,0,1,0,0,0,0,0,0,0,0,0
1739,1,0,0,0,0,1,1,0,0,0,0,1,0,0,0
174,1,0,0,0,0,0,0,0,0,0,0,0,0,0,0
1740,1,1,1,0,1,1,1,0,1,0,0,1,0,0,0
1741,1,0,0,0,0,0,0,0,0,0,0,0,0,0,0
1742,1,0,0,0,0,0,0,0,0,0,0,0,0,0,0
1743,1,0,0,1,0,0,0,0,0,0,0,0,0,0,0
1744,1,0,1,0,0,0,0,0,0,0,0,0,0,0,0
1745,1,0,0,1,0,1,0,0,0,0,0,0,0,0,0
1746,1,0,0,0,0,0,0,0,0,0,0,0,0,0,0
1747,1,0,0,0,0,0,0,0,0,0,0,0,0,0,0
1748,1,0,0,1,0,0,0,1,0,0,0,0,0,0,0
1749,1,0,0,0,0,0,0,0,1,0,0,0,1,0,0
175,1,0,0,0,0,0,0,1,0,0,0,0,0,0,0
1750,1,0,0,1,0,0,0,1,0,0,0,0,0,0,0
1751,1,1,0,0,0,0,0,0,0,1,0,0,0,0,0
1752,1,0,1,1,1,1,1,0,0,0,0,1,0,0,0
1753,1,0,1,0,0,0,0,0,0,0,0,0,0,0,0
1754,1,0,0,0,0,0,0,0,0,0,0,0,0,0,0
1755,1,0,0,0,0,0,0,0,0,0,0,0,0,0,0
1756,1,1,0,1,0,1,0,0,0,0,0,0,0,0,0
1757,1,0,0,0,0,0,0,0,0,0,0,0,0,0,0
1758,1,0,1,1,1,0,0,0,0,1,1,0,0,0,0
1759,1,1,0,1,0,0,0,0,0,0,0,0,0,0,0
176,1,0,0,0,1,0,0,0,0,0,0,1,0,0,0
1760,1,0,1,0,0,0,0,0,0,0,0,0,0,0,0
1761,1,0,0,0,0,0,0,0,0,0,0,0,0,0,0
1762,1,1,1,1,1,1,1,0,0,1,0,1,0,0,0
1763,1,0,0,0,0,0,0,0,0,0,0,0,0,0,0
1764,1,0,0,0,0,0,0,1,0,0,0,0,1,0,0
1765,1,0,0,1,1,0,0,0,0,0,0,1,0,0,0
1766,1,0,0,0,1,0,0,0,0,0,0,0,0,0,0
1767,1,0,0,1,1,0,1,0,0,0,0,1,0,0,0
1768,1,0,0,0,0,0,0,0,0,0,0,0,0,1,0
1769,1,0,0,0,0,0,0,0,0,0,0,0,0,0,0
177,1,0,1,0,0,0,0,0,0,0,0,0,0,0,0
1770,1,1,1,0,1,0,0,0,1,0,0,0,0,0,1
1771,1,0,0,0,0,0,0,0,0,0,0,0,0,0,0
1772,1,0,1,0,1,0,0,0,1,0,0,0,0,0,0
1773,1,0,0,0,0,0,0,0,0,1,0,0,0,0,0
1774,1,1,0,0,1,1,1,1,1,1,0,1,0,0,0
1775,1,1,1,0,1,1,1,0,1,0,0,0,1,0,0
1776,1,0,0,1,0,0,0,0,0,1,1,0,0,0,0
1777,1,0,0,0,0,0,0,0,0,1,0,0,0,0,0
1778,1,1,1,0,1,1,1,0,0,0,0,0,0,0,0
1779,1,0,1,0,0,0,0,1,0,0,1,0,0,0,1
178,1,0,0,0,0,0,0,0,0,0,0,0,0,0,0
1780,1,0,0,0,0,0,0,0,0,0,0,0,0,0,0
1781,1,1,0,0,0,0,0,1,0,0,0,0,0,0,0
1782,1,0,1,0,0,0,0,0,0,0,0,0,0,0,0
1783,1,0,1,0,0,0,0,0,1,0,0,0,0,0,0
1784,1,0,0,0,0,0,0,0,0,0,0,0,0,0,0
1785,1,0,1,0,0,0,0,0,0,0,0,0,0,0,0
1786,1,0,0,0,0,0,0,0,0,0,0,0,0,0,0
1787,1,1,0,1,0,0,0,0,0,0,0,0,0,0,0
1788,1,1,1,0,0,1,1,1,1,0,0,0,0,0,0
1789,1,0,0,0,0,0,0,0,0,0,0,0,0,0,0
179,1,0,0,0,0,0,0,0,0,0,0,0,0,0,0
1790,1,1,1,0,0,0,0,0,1,1,0,0,0,0,0
1791,1,0,0,0,0,0,0,0,0,0,0,0,0,0,0
1793,1,1,0,1,0,0,0,0,0,0,0,0,0,0,0
1794,1,1,0,1,0,0,0,0,0,0,0,0,0,0,0
1795,1,1,1,0,0,1,0,1,0,0,0,0,1,0,0
1796,1,1,0,0,0,1,0,0,0,0,0,0,0,1,0
1797,1,0,0,0,0,0,0,0,0,0,0,0,0,0,0
1798,1,1,0,0,0,0,0,1,0,1,1,0,0,0,0
1799,1,0,0,0,0,0,0,0,0,0,0,0,0,0,0
18,1,0,0,0,0,0,0,0,1,0,0,0,0,0,1
180,1,0,0,1,0,0,0,0,0,0,0,0,0,0,0
1800,1,1,0,0,0,0,0,0,0,0,0,0,0,0,0
1801,1,0,0,0,0,0,1,0,0,0,0,0,0,0,0
1802,1,0,1,0,1,0,1,0,0,0,0,0,0,0,0
1803,1,1,0,1,0,0,1,0,0,1,0,0,0,0,0
1804,1,0,1,1,1,0,0,1,1,0,1,0,0,0,0
1805,1,0,0,0,0,0,0,0,0,0,0,0,0,0,0
1806,1,1,1,1,0,0,0,0,0,0,0,0,0,0,0
1807,1,0,0,0,0,0,1,1,0,0,0,0,0,0,1
1808,1,0,0,0,0,0,0,0,0,0,0,0,0,0,0
1809,1,1,1,0,0,0,0,0,0,1,0,0,0,1,0
181,1,0,1,0,0,0,0,0,0,0,0,0,0,0,0
1810,1,0,0,0,0,0,0,0,0,0,0,0,0,0,0
1811,1,0,0,0,0,0,0,0,0,0,0,0,0,0,0
1812,1,0,0,0,0,0,0,0,1,0,0,0,0,0,0
1814,1,1,0,1,0,1,0,0,0,0,0,0,0,0,0
1815,1,1,0,0,1,1,0,0,1,0,0,0,0,0,1
1816,1,0,0,0,1,1,0,0,0,0,0,0,0,0,0
1817,1,1,0,0,0,0,0,0,0,0,0,0,0,0,0
1819,1,0,1,0,0,0,0,0,1,0,0,0,0,0,0
182,1,0,0,0,0,0,0,0,0,0,0,1,0,0,0
1820,1,1,1,0,0,0,1,1,1,0,1,0,0,1,0
1821,1,0,0,0,1,0,0,1,1,0,0,1,0,0,0
1822,1,1,1,1,1,0,1,1,0,1,0,0,0,0,0
1823,1,1,1,0,1,1,1,1,1,0,0,1,1,1,1
1824,1,0,0,0,0,0,0,0,0,0,0,0,0,0,0
1825,1,0,0,0,0,0,0,0,0,0,0,0,0,0,0
1826,1,1,0,1,0,1,0,0,0,0,0,0,0,0,0
1827,1,0,0,0,0,1,0,0,0,0,0,0,0,0,0
1828,1,0,0,1,0,0,0,0,1,0,0,0,0,0,0
1829,1,0,0,0,0,0,0,0,1,0,0,0,0,0,0
183,1,0,0,0,0,0,0,0,0,0,0,0,0,0,0
1831,1,0,0,0,1,0,0,0,0,1,0,0,0,0,0
1832,1,0,0,0,0,0,0,0,0,0,0,0,0,0,0
1833,1,0,0,0,1,0,1,0,0,0,0,0,0,0,0
1834,1,1,0,0,1,0,1,1,0,0,0,0,0,0,0
1835,1,1,1,0,1,0,1,1,1,0,1,1,0,0,0
1836,1,0,1,0,0,0,0,0,1,0,0,0,0,0,0
1837,1,0,0,0,0,0,0,0,0,0,0,0,0,0,0
1838,1,0,0,0,0,0,0,0,0,0,0,0,0,0,0
1839,1,0,0,0,0,0,0,0,0,0,0,0,0,0,0
184,1,0,0,0,0,0,0,0,0,0,0,0,0,0,0
1840,1,0,0,0,0,0,0,0,0,0,0,0,0,0,0
1841,1,0,0,0,0,0,0,0,0,0,0,0,0,0,0
1842,1,0,0,0,0,0,0,0,1,0,0,0,0,0,0
1843,1,0,0,0,0,0,0,0,0,0,0,0,0,0,0
1844,1,0,0,0,0,0,0,0,0,0,0,0,0,0,0
1845,1,1,1,0,1,1,0,0,0,0,1,0,0,0,0
1846,1,1,1,0,0,0,0,0,0,0,0,0,0,0,0
1847,1,1,0,0,0,0,0,0,0,0,0,0,0,0,0
1848,1,1,0,0,0,0,0,0,1,0,0,0,0,0,0
1849,1,0,0,0,0,0,0,0,0,0,0,0,0,0,0
185,1,0,0,1,0,1,1,0,0,1,0,0,0,0,0
1850,1,0,0,0,0,0,0,1,1,1,1,0,0,0,0
1851,1,0,0,0,0,0,0,0,0,0,0,0,0,0,0
1852,1,0,1,0,1,1,1,0,1,0,0,0,0,0,0
1853,1,0,0,0,0,0,0,0,0,0,0,0,0,0,0
1854,1,0,0,0,0,0,0,0,0,0,0,0,0,0,0
1855,1,0,0,0,0,0,0,0,0,0,0,0,0,0,0
1856,1,0,0,1,0,0,0,0,1,1,0,0,0,0,0
1857,1,0,0,1,0,0,0,0,0,0,0,0,0,0,0
1858,1,1,1,0,0,1,0,0,0,0,0,0,1,0,0
1859,1,0,0,0,0,0,0,0,0,0,0,0,0,0,0
186,1,0,0,0,0,0,0,0,0,0,0,0,0,0,0
1860,1,0,0,0,0,0,0,0,0,0,0,0,0,0,0
1861,1,0,0,0,1,0,1,0,0,0,0,1,0,0,0
1862,1,0,0,0,0,0,0,0,0,0,0,0,0,0,0
1864,1,1,1,0,0,0,0,0,1,0,0,0,0,0,0
1865,1,0,0,0,0,0,0,1,1,0,0,0,0,1,1
1867,1,0,0,0,0,0,0,0,0,0,0,0,0,0,0
1868,1,0,0,0,0,0,0,0,0,0,0,0,0,0,0
1869,1,1,1,0,1,1,0,0,1,1,1,0,0,0,0
187,1,0,0,0,0,0,1,0,0,0,0,0,0,0,0
1870,1,0,0,0,0,0,0,0,0,0,0,0,0,0,0
1871,1,0,0,0,0,0,0,0,0,0,0,0,0,0,0
1872,1,0,0,1,0,0,0,0,1,1,0,0,0,0,0
1873,1,1,1,0,1,0,0,1,0,0,0,1,0,1,0
1874,1,0,0,0,0,0,0,0,0,0,0,0,0,0,0
1875,1,0,0,0,0,0,0,0,0,0,0,0,0,0,0
1877,1,0,1,0,1,0,0,0,0,0,0,0,0,0,0
1878,1,0,0,0,0,0,0,0,0,0,0,0,0,0,0
1879,1,0,0,0,1,0,0,0,0,0,0,0,0,0,0
188,1,0,0,0,1,1,1,0,0,0,0,0,0,0,0
1880,1,0,0,0,0,0,0,0,0,0,0,0,0,0,0
1881,1,0,1,0,1,1,1,1,0,0,0,0,0,0,0
1882,1,0,0,0,0,0,0,0,0,0,0,0,0,0,0
1883,1,0,0,1,0,1,0,0,0,0,0,0,0,0,0
1884,1,0,0,0,0,0,0,0,0,0,0,0,0,0,0
1885,1,0,0,0,0,0,0,0,0,0,0,0,0,0,0
1886,1,0,0,0,0,0,0,0,0,0,0,0,0,0,0
1887,1,0,0,0,0,0,0,0,1,0,0,0,0,0,0
1889,1,0,0,0,0,0,0,0,0,0,0,0,0,0,0
189,1,0,0,0,0,0,0,0,0,0,0,0,0,0,0
1890,1,0,0,0,0,0,0,0,0,0,0,0,0,0,0
1891,1,0,0,0,0,0,0,0,0,0,0,0,0,0,0
1892,1,0,0,0,1,0,1,0,0,0,0,1,0,0,0
1893,1,0,0,0,0,0,0,0,0,0,0,0,0,0,0
1894,1,0,0,0,0,0,0,0,0,0,0,1,0,0,0
1895,1,0,0,0,0,0,0,0,0,0,0,0,0,0,0
1896,1,1,0,0,0,0,0,0,1,0,0,0,1,0,0
1898,1,0,0,0,0,0,0,0,0,0,0,0,0,0,0
1899,1,1,1,1,1,1,0,0,0,0,0,1,0,0,0
19,1,1,1,1,1,1,1,0,1,0,0,1,0,1,0
190,1,0,0,0,0,0,0,0,1,0,0,0,0,0,0
1900,1,0,0,0,0,0,0,0,1,0,0,0,0,1,1
1901,1,1,0,1,1,1,1,1,1,0,1,0,0,0,1
1902,1,0,0,0,0,0,1,0,0,0,0,0,0,0,0
1903,1,0,0,1,0,0,0,0,1,1,0,0,0,0,0
1904,1,0,0,0,0,0,0,0,0,0,1,0,0,0,0
1905,1,1,0,0,1,0,0,0,0,0,0,0,0,0,0
1906,1,1,0,0,0,0,0,0,1,0,1,0,1,1,0
1907,1,0,1,0,0,0,0,1,0,1,0,1,0,0,1
1908,1,0,0,0,0,0,0,0,0,0,0,0,0,0,0
1909,1,0,0,0,0,0,1,0,0,0,0,0,0,0,0
191,1,0,0,0,0,0,0,0,0,0,0,0,0,0,0
1910,1,0,0,0,0,0,0,0,0,0,0,0,0,0,0
1911,1,0,0,0,1,0,0,0,0,1,0,0,0,0,0
1912,1,0,0,0,0,0,0,0,0,1,0,0,0,1,0
1913,1,0,0,0,0,0,0,0,0,0,0,0,0,0,0
1914,1,0,1,0,0,0,0,0,0,0,0,0,0,0,0
1915,1,0,0,0,1,0,0,0,0,0,0,0,0,0,0
1916,1,0,0,0,0,0,0,1,0,0,0,0,1,0,0
1917,1,1,1,0,0,0,0,0,0,0,0,0,1,0,0
1918,1,0,0,0,0,0,0,0,0,0,0,0,0,0,0
1919,1,0,0,1,0,0,1,0,0,0,0,0,0,0,0
192,1,0,1,0,1,0,0,0,0,0,0,1,0,1,0
1920,1,0,0,0,0,0,0,0,0,0,0,0,0,0,0
1921,1,0,0,0,0,0,0,0,0,0,0,0,0,0,0
1922,1,0,0,0,0,1,0,0,1,0,0,0,0,0,0
1923,1,0,0,1,0,0,0,0,0,0,0,0,0,0,0
1924,1,0,1,1,0,1,1,0,0,1,1,0,0,0,0
1925,1,0,1,0,1,0,0,0,0,0,0,0,0,0,0
1926,1,0,0,0,0,0,0,0,0,0,0,0,0,0,0
1927,1,1,1,0,0,1,0,0,0,0,0,0,0,0,0
1928,1,0,0,0,0,0,0,0,0,0,0,0,0,0,0
1929,1,1,0,1,1,1,0,0,0,0,1,0,1,0,0
193,1,1,0,0,0,1,0,0,0,0,0,0,0,0,0
1930,1,0,0,0,0,0,1,0,0,1,0,0,0,0,0
1931,1,0,0,0,1,0,1,1,0,0,0,0,0,0,0
1932,1,1,0,0,1,0,0,0,0,0,0,0,0,0,0
1933,1,0,1,1,1,0,0,0,0,1,0,1,0,0,0
1934,1,0,0,0,0,0,0,0,0,0,0,0,0,0,0
1935,1,0,0,0,0,0,0,0,0,0,0,0,0,0,0
1936,1,0,1,1,1,1,1,0,0,0,0,1,0,0,0
1937,1,1,1,0,0,1,0,1,0,0,0,0,1,0,0
1938,1,0,0,0,0,0,0,0,0,0,0,0,0,0,0
1939,1,0,0,0,0,0,0,0,0,0,0,0,1,0,0
194,1,0,0,0,0,0,0,0,0,0,0,0,0,0,0
1940,1,0,0,0,0,0,0,1,1,0,1,0,0,0,0
1941,1,0,0,0,0,0,1,0,0,0,0,0,0,0,0
1942,1,0,0,0,0,0,0,0,0,0,0,0,0,0,0
1943,1,1,1,1,1,0,1,0,0,0,0,0,0,0,0
1944,1,0,1,0,0,1,0,0,1,0,0,0,1,1,0
1945,1,1,1,0,0,1,0,0,0,0,0,0,0,0,0
1946,1,1,1,0,0,0,0,1,0,0,1,0,1,0,0
1947,1,1,0,0,0,0,1,0,1,0,0,0,0,0,0
1948,1,0,0,0,0,0,0,0,0,0,0,0,0,0,0
1949,1,0,0,0,0,0,1,1,0,0,0,0,0,0,0
195,1,0,0,0,0,0,0,0,1,0,1,0,0,0,0
1951,1,0,0,0,0,0,0,0,0,0,0,0,0,0,0
1952,1,0,0,0,0,0,0,0,0,0,0,0,0,0,0
1953,1,0,0,0,0,0,0,0,0,0,0,0,0,0,0
1954,1,0,0,0,0,0,0,0,0,0,0,0,0,0,0
1955,1,1,1,1,1,1,1,1,0,0,0,1,0,1,0
1956,1,0,0,0,0,0,0,0,0,0,0,0,0,0,0
1957,1,1,0,0,0,0,0,0,1,0,0,0,0,0,0
1958,1,0,0,0,0,0,0,0,0,1,0,0,0,0,0
1959,1,0,0,0,0,0,0,0,0,1,0,0,0,0,0
196,1,0,0,1,1,1,0,0,0,0,0,1,0,0,0
1960,1,0,1,0,0,0,0,0,0,0,0,0,0,0,0
1961,1,0,0,1,0,0,0,0,0,0,0,0,0,0,0
1962,1,0,0,0,0,0,0,0,0,0,0,0,0,0,0
1963,1,0,0,0,0,0,0,0,0,0,0,0,0,0,0
1964,1,1,0,0,0,0,0,0,1,0,0,0,0,0,0
1965,1,0,0,0,0,0,0,0,0,0,0,0,0,0,0
1966,1,1,0,0,0,0,0,0,0,1,0,0,0,0,0
1967,1,0,1,1,0,0,0,0,0,0,0,0,1,0,0
1968,1,0,0,0,0,0,0,0,0,0,0,0,0,0,0
1969,1,0,0,1,0,0,1,0,0,0,0,0,0,0,0
197,1,0,1,0,0,0,0,0,0,0,0,0,0,0,0
1970,1,0,0,1,0,1,1,0,0,0,0,1,0,0,0
1971,1,0,0,0,1,1,0,0,0,0,0,1,0,0,0
1972,1,0,1,0,0,0,0,0,0,0,1,0,0,0,0
1973,1,0,0,0,0,0,0,0,0,0,0,0,0,0,0
1974,1,1,1,0,0,0,0,0,1,0,0,0,0,0,0
1975,1,1,0,0,1,1,0,0,1,0,0,0,0,0,0
1976,1,0,0,1,0,0,0,0,0,1,0,1,1,0,1
1977,1,0,0,0,0,0,0,0,0,0,0,0,0,0,0
1978,1,0,0,1,1,0,0,0,0,0,1,0,0,0,0
1979,1,0,0,0,1,0,0,0,0,0,0,0,0,0,0
198,1,0,0,1,1,1,1,0,0,1,0,0,0,0,0
1980,1,0,0,1,0,0,0,1,0,0,1,1,0,0,0
1981,1,0,0,0,0,0,0,0,0,0,0,0,0,0,0
1982,1,0,0,0,0,0,0,1,0,0,1,0,1,0,0
1983,1,0,1,0,1,0,0,0,0,0,0,0,0,0,0
1985,1,1,1,0,1,1,1,1,0,0,0,0,1,1,0
1986,1,0,0,1,0,0,0,0,0,0,0,0,0,0,0
1987,1,0,0,1,0,0,1,0,0,1,0,1,0,0,0
1988,1,0,0,0,1,1,0,1,0,0,0,0,0,0,0
1989,1,0,0,0,0,0,0,1,0,1,0,0,0,0,0
199,1,0,0,0,0,0,0,0,0,0,0,0,0,0,0
1990,1,0,0,0,0,0,0,0,0,0,0,0,0,0,0
1991,1,0,0,0,0,0,0,0,0,0,0,0,0,0,0
1992,1,0,0,0,0,0,0,0,0,0,0,0,0,0,0
1993,1,0,0,1,0,0,0,0,0,0,0,1,0,0,0
1994,1,1,0,1,0,0,0,0,0,0,1,0,0,0,0
1995,1,1,1,0,0,0,0,1,0,0,0,0,0,0,1
1996,1,0,0,1,1,0,0,0,0,0,1,1,0,0,0
1997,1,0,1,0,1,0,0,0,0,0,0,0,0,0,1
1998,1,0,0,1,0,0,0,0,0,0,0,0,0,0,0
1999,1,0,0,1,0,0,0,0,0,0,0,0,0,0,0
2,1,0,1,0,0,0,0,0,0,0,0,0,0,0,0
20,1,1,1,1,1,0,0,0,1,1,0,0,0,0,0
2000,1,0,0,0,0,0,0,0,0,0,0,0,0,0,0
2001,1,0,0,0,0,0,0,0,0,0,0,0,0,0,0
2002,1,1,0,0,0,0,0,0,0,0,0,0,0,0,0
2003,1,0,0,0,1,1,0,0,0,0,0,0,0,0,0
2004,1,0,0,0,0,0,0,0,1,0,0,0,0,0,0
2005,1,0,0,0,0,0,0,0,1,0,0,0,0,0,0
2006,1,0,0,0,0,0,0,0,0,0,0,0,0,0,0
2007,1,1,1,0,0,1,1,0,1,0,0,0,1,1,0
2008,1,1,0,0,1,1,0,0,0,0,0,0,0,0,0
2009,1,0,0,0,0,0,0,0,0,0,0,0,0,0,0
201,1,0,0,0,0,0,0,0,0,0,0,0,0,0,0
2011,1,0,0,0,0,0,0,0,0,0,0,0,0,0,0
2012,1,0,1,1,0,1,0,0,0,1,0,1,0,0,0
2013,1,0,0,1,0,0,0,0,0,0,0,0,0,0,0
2014,1,0,0,0,1,0,0,0,0,0,0,0,0,0,0
2015,1,1,1,0,0,0,0,0,1,1,0,0,0,0,0
2016,1,0,1,1,0,1,1,0,0,0,0,0,0,0,0
2017,1,0,1,1,0,0,0,1,0,1,0,0,0,1,0
2018,1,0,0,1,1,0,1,1,0,1,0,0,1,0,0
2019,1,1,1,1,1,0,0,0,0,1,0,0,0,0,0
202,1,0,0,0,0,0,0,0,0,0,0,0,0,0,0
2020,1,0,1,0,1,1,1,1,1,0,0,0,0,0,0
2021,1,0,0,0,0,0,0,0,0,0,0,0,0,0,0
2022,1,1,1,0,0,0,0,0,1,1,0,0,1,0,0
2023,1,0,0,0,0,0,0,0,0,0,0,0,1,0,0
2024,1,1,1,0,0,0,0,0,0,0,0,0,0,0,0
2025,1,0,0,0,0,0,0,0,1,0,0,0,1,0,0
2026,1,0,0,0,0,0,0,0,0,0,0,0,0,0,0
2027,1,0,0,0,0,0,0,0,0,0,0,0,0,0,0
2028,1,0,0,0,0,0,0,0,0,0,0,0,0,0,0
2029,1,0,0,0,1,0,0,0,0,0,0,0,0,0,0
203,1,1,0,1,0,0,1,0,0,0,0,0,0,0,0
2030,1,0,0,0,0,0,1,0,0,0,0,0,0,0,0
2031,1,0,0,0,0,0,0,0,0,0,0,0,0,0,0
2032,1,0,1,0,0,0,1,0,0,0,0,0,1,0,0
2033,1,1,0,0,0,0,0,0,0,0,0,0,0,0,1
2034,1,0,0,1,0,0,0,0,0,0,0,0,0,0,0
2035,1,0,0,0,1,1,0,0,0,0,0,0,0,0,0
2036,1,0,0,0,1,0,0,0,0,0,0,0,1,0,0
2037,1,1,1,0,0,0,0,0,0,1,0,0,0,0,0
2038,1,0,0,0,0,0,0,0,0,0,0,0,0,0,0
204,1,0,0,0,0,0,0,0,0,0,0,0,0,0,0
2040,1,1,0,1,0,0,0,0,0,0,0,0,0,0,0
2041,1,0,0,0,0,0,0,0,0,0,0,0,0,0,0
2042,1,0,0,1,0,0,0,0,0,0,0,0,0,1,0
2043,1,0,0,0,0,0,0,0,0,0,0,0,0,0,0
2044,1,0,0,0,0,0,0,0,0,0,0,0,0,0,0
2045,1,0,0,0,0,0,0,0,0,0,0,0,0,0,0
2046,1,0,0,0,0,0,0,0,0,0,0,0,0,0,0
2047,1,1,1,1,0,1,0,0,0,0,0,0,0,0,0
2048,1,0,1,0,0,0,0,0,0,0,1,0,0,0,0
2049,1,0,0,0,0,0,0,0,0,0,0,0,0,0,0
205,1,0,1,1,1,0,1,0,1,0,0,0,0,0,0
2050,1,0,0,0,0,0,0,0,0,0,0,0,0,0,0
2051,1,0,0,0,0,0,0,0,0,0,0,0,0,0,0
2053,1,0,0,0,0,0,0,0,1,0,1,0,0,0,0
2054,1,0,0,0,0,0,0,0,0,0,0,0,0,0,0
2055,1,0,0,0,0,0,0,1,0,0,0,0,0,0,0
2056,1,1,0,0,0,1,1,0,1,0,0,0,0,0,0
2057,1,0,0,1,1,0,0,0,0,0,0,0,0,0,1
2058,1,0,0,0,0,0,0,0,0,0,0,0,0,0,0
2059,1,0,0,0,0,0,0,0,0,0,0,0,0,0,0
2060,1,0,0,0,0,0,0,0,0,0,0,0,0,0,0
2061,1,0,0,0,0,0,0,0,0,0,0,0,0,0,0
2062,1,0,1,1,1,0,1,0,0,0,0,0,0,0,0
2063,1,0,0,0,0,0,0,0,1,0,0,0,0,0,0
2064,1,1,0,0,0,0,0,0,0,0,0,0,1,0,0
2065,1,0,1,0,0,1,0,0,0,0,0,1,0,0,0
2066,1,0,0,0,0,0,0,0,0,0,0,0,0,0,0
2068,1,1,0,0,1,0,0,1,1,0,0,0,0,0,0
2069,1,0,1,0,1,0,1,0,0,0,0,0,0,1,0
207,1,0,0,0,0,0,0,0,0,0,0,0,0,0,0
2070,1,1,1,1,0,0,0,0,0,1,0,0,0,0,0
2071,1,1,0,0,0,0,0,0,0,0,0,0,0,0,0
2073,1,0,0,0,1,1,0,0,1,0,0,1,0,0,0
2074,1,0,0,0,0,0,0,0,0,0,0,0,0,0,0
2075,1,0,1,0,0,1,0,1,0,0,0,0,0,0,0
2076,1,1,0,1,0,1,0,1,0,1,1,0,0,1,1
2077,1,0,0,0,0,0,0,0,0,0,0,0,0,0,0
2078,1,0,0,0,0,0,0,0,0,0,0,0,0,0,0
2079,1,0,1,0,0,0,0,0,0,0,0,0,0,0,0
208,1,0,0,0,0,0,0,0,0,0,0,0,0,0,0
2080,1,1,0,0,0,1,1,0,0,0,0,0,0,0,0
2081,1,0,0,1,0,0,0,0,0,0,0,0,0,0,0
2082,1,1,0,0,0,1,0,0,0,1,0,0,0,0,0
2083,1,1,0,1,0,0,0,1,0,0,1,0,0,0,0
2084,1,0,0,0,0,0,0,1,0,0,0,0,0,0,0
2085,1,0,0,1,1,0,1,1,1,1,1,1,0,0,0
2086,1,1,0,0,0,0,0,0,0,0,0,0,0,0,0
2087,1,0,0,0,0,0,0,0,1,0,1,0,0,0,1
2088,1,0,1,1,0,0,1,0,0,0,0,0,0,0,0
2089,1,0,0,0,0,0,0,1,0,0,0,0,0,0,0
209,1,0,1,0,1,0,0,0,1,0,0,0,0,0,0
2090,1,0,0,0,0,0,0,0,0,0,0,1,0,0,0
2091,1,0,0,0,1,0,1,0,0,0,0,0,0,0,0
2092,1,0,0,0,0,0,0,0,0,0,0,0,0,0,0
2093,1,0,0,0,0,0,0,0,0,0,0,0,0,0,0
2094,1,1,0,0,0,0,0,0,0,0,0,0,0,0,0
2095,1,1,0,0,1,0,0,0,0,0,0,1,0,0,0
2096,1,0,0,0,0,0,0,0,0,0,0,0,0,0,0
2097,1,0,0,1,0,0,0,0,0,1,0,0,0,0,0
2098,1,1,0,0,0,0,0,0,0,0,0,0,0,0,0
2099,1,0,0,0,0,0,0,0,0,0,0,0,0,0,0
21,1,0,0,1,0,0,0,0,0,0,1,0,0,0,0
210,1,0,1,0,0,1,0,0,0,0,0,0,0,0,0
2100,1,1,1,0,1,0,0,0,1,0,1,1,0,0,0
2102,1,0,0,0,0,0,0,0,0,0,0,0,0,0,0
2103,1,0,0,0,0,0,0,0,0,0,0,0,0,0,0
2104,1,0,0,1,0,0,0,0,0,0,0,0,0,0,0
2105,1,0,0,0,0,0,0,0,0,0,0,0,0,0,0
2106,1,0,0,0,0,0,0,0,0,0,0,0,0,0,0
2107,1,1,1,1,1,1,0,0,0,1,0,0,1,0,0
2108,1,0,0,1,0,0,0,0,0,0,0,0,0,0,0
2109,1,0,0,1,0,0,0,0,0,0,0,0,0,0,0
211,1,1,0,0,0,0,0,0,0,0,0,0,0,0,0
2110,1,1,0,0,1,1,0,1,0,0,0,0,0,0,0
2111,1,0,0,0,0,0,0,0,0,0,0,0,0,0,0
2112,1,1,1,1,0,1,0,0,0,0,0,0,0,0,0
2113,1,0,0,0,0,0,0,0,0,0,0,0,0,0,0
2114,1,0,0,0,0,0,0,0,0,0,0,0,0,0,0
2115,1,1,1,1,1,1,0,1,1,0,0,0,0,0,0
2116,1,1,1,1,0,1,1,1,1,1,1,1,0,0,1
2117,1,0,0,0,0,0,0,0,0,0,0,0,0,0,0
2118,1,0,0,0,0,0,0,0,0,0,0,0,0,0,0
2119,1,0,0,0,0,1,0,0,0,0,0,0,0,0,0
212,1,0,0,0,0,0,0,0,1,0,0,0,0,0,0
2120,1,0,0,0,0,0,0,0,0,0,0,0,0,0,0
2121,1,1,1,0,0,0,0,0,0,1,0,0,0,0,0
2123,1,1,0,0,0,0,0,0,1,0,0,0,0,0,0
2124,1,1,1,0,1,1,1,1,1,0,1,0,1,0,0
2125,1,1,1,0,0,1,0,0,1,0,0,0,1,0,0
2126,1,0,0,0,0,0,0,0,0,0,0,0,0,0,0
2127,1,1,0,0,0,0,0,0,1,1,0,0,0,0,0
2128,1,0,0,0,0,0,0,1,0,0,0,0,0,0,0
2129,1,0,0,1,1,0,0,0,0,0,0,0,0,0,0
213,1,0,0,0,0,0,0,0,0,0,0,0,0,0,0
2130,1,1,0,1,1,0,0,0,0,1,0,0,0,1,0
2131,1,0,0,0,0,1,0,1,0,0,0,0,0,0,0
2132,1,0,0,0,0,0,0,0,0,0,0,0,0,0,0
2133,1,0,0,0,0,0,0,0,0,1,1,0,0,1,0
2134,1,1,0,1,1,0,0,0,0,0,0,1,0,1,0
2135,1,0,0,0,0,0,0,0,0,0,0,0,0,0,0
2136,1,0,0,0,0,0,0,0,0,0,0,0,0,0,0
2137,1,0,0,1,0,0,0,0,0,0,0,0,0,0,0
2138,1,0,0,1,0,0,0,0,0,0,0,0,0,0,0
2139,1,0,0,1,0,1,0,1,0,0,0,0,1,0,0
214,1,1,0,0,0,0,0,0,1,0,0,0,0,0,0
2140,1,0,0,0,0,0,0,0,0,0,0,0,0,0,0
2141,1,0,0,0,0,1,1,0,0,0,0,1,1,0,0
2142,1,1,1,0,1,1,0,0,1,0,0,1,0,0,0
2143,1,0,0,1,1,0,0,0,0,0,0,0,0,0,0
2144,1,0,0,0,0,0,0,0,0,0,0,0,0,0,0
2145,1,0,0,0,0,0,0,0,0,0,0,0,0,0,0
2146,1,0,0,0,0,1,0,0,0,0,1,0,0,0,0
2147,1,0,1,1,1,0,0,0,0,1,1,0,1,0,0
2148,1,0,0,0,0,0,0,0,1,0,0,0,0,1,0
2149,1,0,0,0,0,0,0,0,0,0,0,0,0,0,0
215,1,0,0,0,0,0,0,0,0,0,0,0,0,0,0
2152,1,0,0,0,0,0,0,0,0,0,0,0,0,0,0
2153,1,0,0,1,0,0,0,0,0,0,0,1,0,0,0
2154,1,0,0,1,0,0,1,0,0,0,0,0,0,0,0
2155,1,0,0,0,0,0,0,0,0,0,0,0,0,0,0
2156,1,1,1,0,0,0,0,0,0,1,1,0,0,0,0
2157,1,0,0,0,0,0,0,0,0,0,0,0,0,0,0
2158,1,0,0,0,0,0,1,0,0,0,0,0,1,0,0
2159,1,0,0,0,0,0,1,0,0,0,0,0,0,0,0
216,1,0,0,0,0,0,0,0,0,0,0,0,0,0,0
2160,1,0,0,0,0,0,0,0,0,0,0,0,0,0,0
2161,1,0,0,0,0,0,0,0,0,0,0,0,0,0,0
2162,1,1,1,1,1,1,0,1,0,1,0,0,1,0,0
2163,1,0,0,0,0,0,0,0,0,0,0,0,0,0,0
2164,1,0,0,0,0,0,0,0,0,0,0,0,0,0,0
2165,1,0,0,0,0,0,0,0,0,0,0,0,0,0,0
2166,1,0,0,0,0,0,0,0,0,0,0,0,0,0,0
2167,1,1,0,1,0,0,0,0,0,0,0,0,0,0,0
2168,1,0,0,0,0,0,0,0,0,0,0,0,0,0,0
2169,1,0,0,0,0,0,0,0,0,0,0,0,0,0,0
217,1,0,0,0,0,0,0,0,0,0,0,0,0,0,0
2170,1,0,1,1,1,0,0,0,0,1,0,0,0,0,0
2171,1,0,1,1,0,0,0,0,1,0,0,0,0,0,0
2172,1,0,0,1,0,0,0,0,0,0,0,0,0,0,0
2173,1,0,0,0,0,0,0,0,0,0,0,0,0,0,0
2174,1,0,0,0,0,0,0,0,0,0,0,0,0,0,0
2175,1,0,0,0,0,0,0,0,0,0,0,0,0,0,0
2176,1,0,0,0,0,0,0,0,0,0,0,0,0,0,0
2178,1,0,1,0,0,1,1,0,0,0,0,0,0,0,0
2179,1,0,0,0,0,0,0,1,0,0,0,0,0,0,0
218,1,0,0,0,0,0,0,1,0,1,1,0,0,0,1
2180,1,0,0,0,0,0,0,0,0,0,0,0,0,0,0
2181,1,0,0,0,0,0,0,0,0,0,0,0,0,0,0
2182,1,0,0,1,0,0,0,0,0,0,0,0,0,0,0
2183,1,1,1,0,0,0,0,0,1,0,0,1,0,1,1
2184,1,0,1,0,0,0,0,0,0,0,0,0,0,0,0
2185,1,1,0,0,0,1,0,0,0,0,0,0,0,0,0
2186,1,0,1,1,1,0,1,0,0,0,0,0,0,0,0
2187,1,0,0,1,0,0,1,0,0,1,0,0,0,0,0
2188,1,0,0,1,0,1,0,0,0,0,0,0,0,0,0
2189,1,0,0,0,0,0,0,0,0,0,0,0,0,0,0
219,1,1,0,0,0,0,0,0,0,0,0,0,0,0,0
2190,1,0,0,1,1,1,0,0,0,1,0,1,0,0,0
2191,1,1,0,0,0,0,1,0,0,0,0,0,0,0,0
2192,1,0,0,0,0,0,0,0,0,0,0,0,0,0,0
2193,1,1,0,0,1,0,0,1,0,1,1,0,1,1,0
2194,1,1,0,1,1,0,0,0,1,1,1,0,0,1,0
2195,1,0,0,0,1,0,0,1,0,0,0,0,0,0,0
2196,1,0,0,1,0,0,0,0,0,0,0,0,0,0,0
2197,1,0,0,0,0,0,0,0,0,0,0,0,0,0,0
2198,1,0,0,0,0,0,0,1,1,0,0,0,0,0,1
2199,1,1,1,1,0,0,0,1,1,0,0,0,1,1,1
22,1,1,1,0,0,0,0,0,0,0,0,0,0,1,0
220,1,0,0,0,0,0,0,0,0,0,0,0,0,0,0
2200,1,1,1,1,1,0,0,0,0,1,0,0,1,0,0
2202,1,0,0,0,0,0,0,0,0,0,0,0,0,0,0
2203,1,0,0,0,0,0,0,1,1,0,0,0,0,1,0
2204,1,0,0,0,1,0,1,0,0,0,0,0,0,0,0
2205,1,0,0,0,0,0,0,0,0,0,0,0,0,0,0
2206,1,0,0,0,0,0,0,0,0,0,0,0,0,0,0
2207,1,0,0,0,1,1,0,0,1,0,0,1,0,0,0
2208,1,1,1,1,1,0,1,0,0,0,0,1,0,0,0
2209,1,0,0,0,0,0,0,0,0,1,0,0,0,0,0
221,1,0,1,1,0,0,0,0,0,1,0,0,0,0,0
2210,1,1,0,1,0,1,1,0,0,1,0,1,0,0,0
2211,1,1,1,0,0,0,0,0,1,0,0,0,1,1,0
2212,1,0,0,0,0,0,0,0,0,0,0,0,0,0,0
2213,1,0,0,0,0,0,0,0,0,0,0,0,0,0,0
2214,1,0,0,0,0,0,0,0,0,0,0,0,0,0,0
2215,1,0,0,0,0,0,0,0,0,0,0,0,0,0,0
2216,1,0,0,0,0,0,0,0,0,0,0,0,0,0,0
2217,1,0,0,0,0,0,0,0,0,0,0,0,0,0,0
2218,1,0,0,0,0,0,0,0,0,0,0,0,0,0,0
2219,1,0,0,0,0,0,0,0,0,0,0,0,0,0,0
222,1,0,0,1,0,0,0,0,0,1,0,0,0,0,0
2220,1,0,0,0,0,0,0,0,0,0,0,0,0,0,0
2221,1,1,0,0,1,0,0,1,0,1,1,0,1,0,1
2222,1,0,0,0,0,0,0,0,0,0,0,0,0,1,0
2223,1,0,0,0,0,0,0,0,0,0,0,0,0,0,0
2224,1,1,1,0,1,0,0,1,1,0,0,0,0,0,1
2225,1,0,0,0,0,0,0,0,0,0,0,0,0,0,0
2226,1,1,0,0,1,0,0,0,1,0,1,1,1,0,0
2227,1,0,0,1,1,1,0,0,1,1,0,0,0,0,0
2228,1,0,0,1,0,0,0,0,0,0,0,0,0,0,0
2229,1,0,0,0,0,0,0,0,0,0,0,0,0,0,0
223,1,0,0,0,0,0,0,0,0,0,0,0,0,0,0
2230,1,0,0,0,0,1,0,0,0,0,0,0,0,0,0
2231,1,0,0,1,0,0,0,1,0,0,0,0,0,0,1
2232,1,0,0,0,0,0,0,0,0,0,0,0,0,0,0
2233,1,0,0,0,0,0,0,0,1,0,1,0,0,0,0
2234,1,0,0,0,0,0,0,0,0,0,0,0,0,0,0
2235,1,0,0,0,0,0,0,0,0,0,0,0,0,0,0
2236,1,0,0,1,0,0,1,0,0,0,0,0,0,0,0
2237,1,1,0,0,0,1,0,0,0,1,0,0,0,1,0
2238,1,0,0,0,0,0,0,0,0,0,0,0,0,0,0
2239,1,0,0,1,1,1,0,0,0,0,0,0,0,0,0
224,1,0,0,1,0,0,1,0,0,0,0,0,0,0,0
2240,1,1,1,1,0,1,0,1,0,0,0,0,0,0,0
2241,1,0,0,1,0,1,0,0,0,0,0,0,0,0,0
2242,1,0,0,0,0,0,0,0,0,0,0,0,0,0,0
2243,1,0,0,0,0,0,0,0,0,0,0,0,0,0,0
2244,1,0,0,1,0,0,0,0,0,0,1,1,0,0,0
2245,1,0,0,0,1,0,0,0,0,0,0,0,0,0,0
2246,1,0,0,0,0,0,0,0,0,0,0,0,0,0,0
2247,1,1,1,1,0,1,1,0,0,0,0,0,0,0,0
2248,1,0,0,0,0,0,0,0,0,0,0,0,0,0,0
2249,1,1,0,1,0,0,0,0,0,0,0,0,0,0,0
225,1,0,0,0,1,0,0,0,0,0,0,1,0,0,0
2250,1,0,0,0,0,0,0,0,0,0,0,0,0,0,0
2251,1,1,0,0,0,0,0,0,0,0,0,0,0,0,0
2252,1,1,0,0,0,0,0,0,0,0,1,0,0,0,0
2253,1,0,0,0,0,0,0,0,0,0,0,0,0,0,0
2254,1,0,1,0,0,0,0,0,0,0,0,0,0,0,0
2255,1,0,0,0,0,0,0,0,0,0,0,0,0,0,0
2256,1,0,1,0,0,0,0,0,0,0,0,0,0,0,0
2257,1,0,0,0,0,0,0,0,0,0,0,0,0,1,0
2258,1,0,1,0,0,0,0,0,0,0,0,0,0,0,0
226,1,0,0,1,0,0,0,0,0,0,0,0,0,0,0
2260,1,0,0,0,0,0,0,0,0,0,0,0,0,0,0
2261,1,1,1,1,0,1,1,1,1,1,0,1,0,1,0
2262,1,0,0,1,0,0,0,0,0,1,0,0,0,0,0
2263,1,1,0,0,0,0,0,0,1,0,0,0,0,0,0
2264,1,1,1,1,1,1,1,0,1,1,1,0,0,0,0
2266,1,1,0,0,0,0,0,1,0,0,0,0,1,1,0
2267,1,0,0,0,0,0,0,1,0,0,0,0,0,0,0
2268,1,0,0,0,0,0,0,0,0,0,0,0,0,0,0
2269,1,0,0,0,0,0,0,0,0,0,0,0,0,0,0
227,1,0,0,0,0,0,0,0,0,0,0,0,0,0,0
2270,1,0,0,1,1,1,0,0,0,1,0,0,0,0,0
2271,1,0,0,0,0,0,0,0,0,0,0,0,0,0,0
2272,1,0,0,0,0,0,0,0,0,0,0,0,0,0,0
2273,1,0,0,0,0,0,0,0,1,0,0,0,0,0,0
2274,1,0,1,1,0,0,0,0,0,1,0,0,0,0,0
2275,1,0,0,0,0,0,0,0,0,0,0,0,0,0,0
2276,1,1,1,0,0,0,0,1,0,0,0,0,0,0,0
2277,1,1,0,1,0,0,0,0,0,0,0,1,1,0,0
2278,1,0,0,0,0,0,0,0,0,1,0,0,0,0,0
2279,1,0,0,0,0,0,0,0,0,0,0,0,0,0,0
228,1,0,0,0,0,0,0,0,0,0,0,0,0,0,0
2280,1,0,1,0,0,0,0,1,1,1,0,1,0,0,0
2281,1,1,0,0,0,1,0,0,0,0,0,0,0,0,0
2282,1,0,0,0,0,0,0,0,0,0,0,0,0,0,0
2284,1,1,1,0,0,0,0,0,1,0,0,0,0,0,1
2285,1,0,0,0,0,0,0,0,0,0,0,0,0,1,0
2286,1,0,0,0,0,0,0,0,0,0,0,0,0,0,0
2287,1,0,0,0,0,0,0,0,0,0,0,0,0,0,0
2288,1,0,0,0,0,0,0,0,0,0,0,0,0,0,0
2289,1,0,0,0,0,0,0,0,1,0,0,0,0,0,0
229,1,0,0,0,0,0,0,0,0,0,0,0,0,0,0
2290,1,0,0,0,0,0,0,0,0,0,0,0,0,0,0
2291,1,0,0,0,0,0,0,0,0,0,0,0,0,0,0
2293,1,0,0,0,1,0,0,0,1,0,0,0,0,0,0
2294,1,1,0,1,0,1,0,1,0,0,0,0,1,0,1
2295,1,1,0,1,0,0,0,0,0,0,1,0,0,0,0
2296,1,1,1,1,0,1,0,0,0,1,0,0,0,0,0
2297,1,0,0,0,0,0,0,0,0,1,0,0,0,0,0
2298,1,1,0,0,0,0,0,1,0,0,0,0,0,0,0
2299,1,0,1,0,1,0,0,0,0,0,0,0,0,0,0
23,1,1,0,0,0,0,0,0,1,0,0,0,0,0,0
230,1,0,0,1,1,1,0,0,0,0,0,0,0,0,0
2300,1,0,0,0,0,0,0,1,1,0,0,0,1,0,0
2301,1,0,0,0,0,0,0,0,0,0,1,1,0,0,0
2302,1,0,0,0,0,0,0,0,0,0,0,0,0,0,0
2303,1,0,0,0,0,0,0,0,0,0,0,0,0,0,0
2304,1,0,0,0,0,0,0,0,0,0,0,0,0,0,0
2305,1,1,0,0,0,1,1,1,0,1,0,0,1,0,1
2306,1,0,0,0,0,0,0,0,0,0,0,0,0,0,0
2307,1,1,0,0,0,1,0,0,0,1,0,0,0,0,0
2308,1,0,0,0,0,0,0,0,1,0,0,0,0,0,0
2309,1,0,0,0,0,0,0,0,0,0,0,0,0,0,0
231,1,0,0,0,0,0,0,0,0,0,0,0,0,0,0
2310,1,0,1,0,1,0,1,0,0,0,0,1,0,0,0
2311,1,0,0,0,0,1,1,0,0,0,0,1,0,0,0
2312,1,1,1,0,1,0,0,0,1,1,1,0,1,0,0
2313,1,0,0,0,0,0,0,0,0,0,0,0,0,0,0
2314,1,0,0,0,0,0,0,1,1,0,0,0,0,0,0
2316,1,0,0,0,0,0,0,0,0,0,0,0,0,0,0
2317,1,1,1,1,1,0,0,1,1,1,0,0,1,1,0
2318,1,0,0,1,0,1,0,1,0,1,0,1,1,0,0
2319,1,0,1,0,0,1,0,0,0,0,0,0,0,0,0
232,1,0,1,1,1,1,0,0,0,1,0,0,0,0,0
2320,1,0,0,0,0,0,0,0,0,0,0,0,0,0,0
2322,1,1,0,1,1,1,0,0,0,0,0,0,0,0,0
2323,1,0,0,0,0,0,0,0,0,0,0,0,0,0,0
2324,1,1,0,1,1,0,0,0,0,0,0,0,0,0,0
2326,1,0,1,0,0,0,0,0,0,0,0,1,0,0,0
2327,1,0,0,1,0,0,0,0,0,0,0,0,0,0,0
2328,1,0,1,0,1,1,1,0,0,0,0,0,0,1,0
2329,1,1,0,0,0,0,0,0,0,0,0,0,0,0,0
233,1,0,1,0,0,0,1,0,1,0,0,0,0,0,0
2330,1,1,0,0,0,1,1,0,0,0,0,1,0,0,0
2331,1,1,1,0,1,0,0,0,1,1,0,1,0,0,0
2332,1,0,0,0,0,0,0,0,0,0,0,0,0,0,0
2333,1,0,0,0,0,0,0,0,0,0,0,0,0,0,0
2334,1,0,0,1,1,0,1,0,1,1,0,1,0,0,0
2335,1,0,0,1,0,0,0,0,0,0,0,0,0,0,0
2336,1,0,0,0,0,0,0,0,0,0,1,1,0,0,0
2337,1,0,1,1,1,1,1,1,0,0,0,0,0,0,0
2338,1,0,0,0,0,0,0,0,0,0,0,0,0,0,0
2340,1,1,0,1,0,0,0,0,0,0,0,0,0,0,0
2341,1,0,1,1,0,1,1,1,0,0,0,1,0,0,0
2342,1,0,0,0,0,0,0,0,1,0,0,0,0,0,0
2343,1,1,0,0,1,0,1,1,0,0,0,1,0,0,0
2344,1,0,0,0,0,0,0,0,0,0,0,0,0,0,0
2345,1,0,1,1,1,1,1,0,0,0,0,0,0,0,0
2346,1,0,0,0,0,0,0,0,1,0,0,0,1,0,1
2347,1,0,0,1,0,1,0,1,0,0,1,0,0,0,1
2349,1,1,0,0,0,0,0,0,0,0,0,0,0,1,0
235,1,1,1,0,1,1,0,0,0,0,0,0,1,0,0
2350,1,0,1,1,1,0,1,0,0,1,0,1,0,0,0
2351,1,0,0,0,0,0,0,1,0,0,0,0,0,0,0
2352,1,0,0,0,0,0,0,0,0,0,0,0,0,0,0
2353,1,0,0,0,0,0,0,0,0,0,0,0,0,0,0
2354,1,1,0,0,0,0,0,1,0,0,0,0,0,1,0
2355,1,0,0,0,0,0,0,0,0,0,0,0,0,0,0
2356,1,0,0,1,1,0,0,0,0,0,0,0,0,0,0
2357,1,0,0,0,0,0,0,0,0,0,0,0,0,0,0
2358,1,0,0,0,0,0,0,0,0,0,0,0,0,0,0
2359,1,1,0,0,0,0,1,0,0,0,0,0,0,0,0
236,1,0,0,0,0,0,0,0,0,0,0,0,0,0,0
2360,1,0,1,0,1,0,0,0,0,0,0,1,0,0,0
2361,1,1,1,0,1,1,1,0,1,0,0,0,0,0,0
2362,1,0,0,0,0,0,0,0,0,0,0,0,0,0,0
2363,1,0,0,0,0,0,0,0,1,0,1,0,0,0,0
2364,1,0,0,0,0,0,0,0,0,0,0,0,0,0,0
2366,1,1,0,1,0,0,0,0,0,1,0,0,0,0,0
2367,1,1,1,1,0,1,1,1,1,1,0,1,0,0,0
2368,1,0,0,1,0,0,0,0,0,0,0,0,0,0,0
2369,1,1,1,0,0,0,0,0,0,0,0,0,1,0,0
237,1,0,0,0,0,0,0,0,0,0,0,0,0,0,0
2370,1,1,1,0,0,0,0,1,1,1,0,1,0,0,0
2371,1,0,1,0,0,0,0,0,0,0,0,0,0,0,0
2372,1,1,0,0,0,1,1,1,0,1,0,0,0,0,0
2373,1,0,0,1,0,0,0,0,0,1,0,0,0,0,0
2374,1,0,0,0,0,0,0,1,0,1,0,1,0,0,0
2375,1,0,0,0,0,0,1,0,0,0,0,0,0,0,0
2376,1,1,0,0,0,0,0,0,0,0,0,0,0,0,0
2377,1,0,0,0,0,0,0,0,0,1,0,0,0,0,0
2378,1,1,1,1,0,0,1,0,0,0,0,0,0,1,0
2379,1,0,0,0,0,0,0,0,0,0,0,0,0,0,0
238,1,0,0,0,0,0,0,0,0,0,0,0,0,0,0
2380,1,0,0,1,0,0,0,0,1,1,0,0,1,0,1
2381,1,0,0,0,1,0,1,1,0,0,0,0,0,0,0
2382,1,0,0,0,0,0,0,0,0,0,0,0,0,0,0
2383,1,0,0,0,0,0,0,0,0,0,0,0,0,0,0
2384,1,0,0,1,0,0,0,0,0,0,0,0,0,0,0
2385,1,0,1,1,1,1,0,0,0,1,0,0,0,0,0
2386,1,0,0,0,0,0,0,0,0,1,0,0,0,0,0
2387,1,0,0,0,0,1,0,0,0,0,0,0,0,0,0
2388,1,1,0,1,0,0,0,1,0,0,0,0,0,1,0
2389,1,0,1,1,1,0,0,0,0,1,0,0,0,0,0
239,1,0,0,0,0,0,0,0,0,0,0,0,0,0,0
2390,1,0,0,0,0,0,0,0,0,0,0,0,0,0,0
2391,1,0,1,0,0,0,0,0,0,0,0,0,0,0,0
2392,1,0,0,1,0,0,0,0,0,0,0,0,0,0,0
2393,1,0,0,0,1,0,0,1,0,0,0,0,0,0,0
2394,1,0,0,0,0,0,0,0,0,0,0,0,0,0,0
2395,1,0,1,1,0,0,1,0,0,0,1,0,1,0,0
2396,1,0,0,0,0,0,0,0,0,0,0,0,0,0,0
2398,1,0,0,0,0,0,0,0,0,0,0,0,0,0,0
2399,1,0,0,0,0,0,0,0,0,0,0,0,0,0,0
24,1,0,0,0,0,0,0,0,0,0,0,0,0,0,0
240,1,0,0,0,0,0,0,0,0,0,0,0,0,0,0
2400,1,0,1,0,1,1,1,1,1,0,0,1,1,0,0
2401,1,0,0,0,0,0,0,1,0,0,0,0,0,0,0
2402,1,0,0,0,0,0,0,1,0,1,0,0,0,0,0
2403,1,0,0,0,0,0,0,0,0,0,0,0,0,0,0
2405,1,1,0,0,0,1,0,0,1,0,0,0,0,0,0
2406,1,0,1,0,1,1,1,0,0,0,0,0,0,0,0
2407,1,1,1,1,1,0,1,1,0,1,1,0,0,0,1
2408,1,0,0,0,0,0,0,0,0,0,0,0,0,0,0
241,1,0,0,0,0,0,0,0,0,0,0,0,0,0,0
2410,1,0,1,0,0,0,1,1,0,0,0,0,0,0,1
2411,1,0,0,0,0,0,0,0,0,0,0,0,0,0,0
2412,1,1,1,1,1,1,1,0,1,0,0,1,1,1,0
2413,1,0,0,0,0,0,0,0,0,0,0,0,0,0,0
2414,1,0,1,0,0,0,0,0,0,0,0,0,0,0,0
2415,1,0,0,1,0,0,0,0,0,0,0,0,0,0,0
2416,1,1,0,0,1,0,1,0,0,0,0,1,0,0,0
2417,1,0,0,0,0,0,0,0,0,0,0,0,0,0,0
2418,1,0,0,0,1,1,0,0,0,0,0,0,0,0,0
2419,1,0,0,1,0,1,0,0,0,1,1,0,0,0,0
242,1,1,1,0,1,1,0,1,0,0,0,1,1,1,0
2420,1,1,0,1,0,0,1,0,0,0,1,0,0,0,0
2421,1,0,0,0,1,0,1,1,1,0,1,0,0,1,0
2422,1,0,0,0,0,0,0,0,0,0,0,0,0,0,0
2423,1,0,1,0,0,1,0,0,0,0,0,0,0,0,0
2424,1,0,0,0,0,0,0,0,1,0,1,0,0,0,0
2425,1,1,0,0,1,0,0,1,0,0,0,0,1,0,0
2426,1,0,0,0,0,0,0,0,0,0,0,0,0,0,0
2427,1,0,1,0,1,1,1,1,0,0,0,1,0,0,1
2428,1,0,0,0,0,0,0,0,0,0,0,0,0,0,0
2429,1,0,0,0,0,0,0,0,0,0,0,1,0,0,0
243,1,0,0,0,0,0,1,1,1,1,0,0,0,0,0
2430,1,0,1,0,0,1,1,0,0,0,0,0,0,0,0
2431,1,0,0,0,1,0,0,0,0,0,0,0,0,0,0
2432,1,1,1,1,1,1,1,0,0,0,0,1,0,0,0
2433,1,0,0,0,0,0,0,0,0,0,0,0,0,0,0
2434,1,0,0,1,0,0,0,0,0,0,0,0,0,0,0
2435,1,0,0,0,0,0,0,0,0,1,0,0,0,0,0
2436,1,0,0,0,0,0,0,0,0,0,0,0,0,0,0
2437,1,0,1,0,1,1,0,0,1,0,0,0,0,0,0
2438,1,0,0,0,0,0,0,0,0,0,0,0,0,0,0
2439,1,0,0,0,0,0,1,1,1,0,0,0,0,0,1
244,1,0,1,0,0,0,0,0,0,0,0,0,0,0,0
2440,1,0,0,0,1,0,0,0,0,0,0,0,1,1,0
2441,1,0,0,0,0,0,0,0,1,0,0,0,0,0,0
2442,1,0,0,0,0,0,0,0,0,0,1,0,0,0,0
2443,1,0,0,0,0,0,0,0,0,0,0,0,0,0,0
2445,1,0,0,1,0,0,0,0,0,1,0,0,0,0,0
2446,1,0,0,0,0,0,0,0,0,0,0,1,0,0,0
2447,1,0,0,0,0,0,0,0,0,0,0,0,0,0,0
2448,1,0,0,0,0,0,0,0,0,0,0,0,0,0,0
2449,1,0,1,0,0,0,0,0,1,0,0,0,0,0,0
245,1,0,0,0,0,0,1,1,0,0,0,0,0,0,0
2450,1,0,0,0,0,0,0,0,0,0,0,0,0,0,0
2451,1,1,0,0,0,0,0,1,1,0,0,0,0,1,0
2452,1,0,0,0,1,1,1,0,0,0,0,1,0,0,0
2453,1,0,0,0,0,0,1,0,0,0,0,0,0,0,0
2454,1,0,0,0,0,0,0,0,0,0,0,0,0,0,0
2455,1,0,1,0,1,0,0,1,0,0,0,1,0,0,1
2456,1,0,0,1,0,0,0,0,0,0,0,0,0,0,0
2457,1,1,0,0,0,1,0,0,0,0,0,0,0,1,0
2458,1,0,0,0,0,0,0,0,0,0,0,0,0,0,0
2459,1,1,1,1,0,0,1,1,0,1,1,1,1,1,1
246,1,0,0,0,0,0,0,0,0,0,0,0,0,0,0
2460,1,0,0,0,0,0,0,0,0,0,0,0,0,0,0
2461,1,0,0,0,0,0,0,0,0,0,0,0,0,0,0
2462,1,0,0,1,0,0,0,0,0,0,0,0,0,0,0
2463,1,0,0,1,0,0,1,0,0,0,0,0,0,0,0
2464,1,0,0,0,1,1,0,0,0,0,0,1,0,0,0
2465,1,0,0,0,0,0,0,0,0,0,0,0,0,0,0
2466,1,0,0,0,1,1,0,0,0,0,0,0,0,0,0
2467,1,0,1,1,1,0,1,1,0,0,0,1,0,0,1
2468,1,0,1,0,0,0,0,1,1,0,0,0,1,1,0
2469,1,0,0,0,0,0,0,0,0,0,0,0,0,0,0
247,1,0,0,0,0,0,0,0,1,0,0,0,0,0,0
2470,1,0,0,0,0,0,0,0,0,0,0,0,0,0,0
2471,1,0,0,0,0,0,0,0,0,0,0,0,0,0,0
2472,1,0,0,0,0,0,0,0,0,0,0,0,0,0,0
2473,1,0,0,0,0,0,0,0,0,0,0,0,0,0,0
2474,1,0,0,0,0,0,0,1,0,0,1,0,0,0,0
2475,1,0,1,1,1,1,0,0,1,1,0,0,1,0,0
2476,1,0,0,0,0,0,0,0,0,0,0,0,0,0,0
2477,1,0,1,0,0,0,0,0,0,0,0,0,1,0,0
2478,1,0,0,0,0,0,0,0,0,0,0,0,0,0,0
2479,1,1,0,1,0,1,0,0,0,0,0,0,0,0,0
248,1,0,1,0,0,0,0,0,1,1,1,0,0,0,0
2480,1,0,0,0,0,0,0,0,0,0,0,0,0,0,0
2481,1,0,1,0,0,0,0,0,1,0,0,0,0,0,0
2482,1,0,0,0,0,0,0,0,0,0,0,0,0,0,0
2483,1,0,0,1,0,0,0,0,0,1,0,0,0,0,0
2484,1,1,0,1,1,0,0,0,0,1,0,0,0,1,0
2485,1,0,0,1,0,0,0,1,0,1,0,0,0,0,0
2486,1,0,0,0,0,0,0,0,0,0,0,0,0,0,0
2487,1,0,0,1,0,0,0,0,0,0,0,0,0,0,0
2488,1,0,1,0,1,0,0,1,0,0,0,0,0,0,0
2489,1,0,1,1,1,1,1,0,1,1,0,1,1,1,1
249,1,0,0,0,0,0,0,0,0,0,1,0,0,0,0
2490,1,0,0,0,0,0,0,0,0,0,0,0,0,0,0
2491,1,0,0,0,0,0,0,0,0,0,0,0,0,0,0
2492,1,0,0,1,1,0,1,0,0,0,0,0,1,0,0
2493,1,0,0,0,0,0,0,0,0,0,0,0,0,0,0
2494,1,0,0,0,0,0,0,0,0,0,0,0,0,0,0
2495,1,0,0,0,0,0,0,0,0,0,0,0,0,0,0
2496,1,0,0,0,0,0,0,0,0,0,0,0,0,0,1
2497,1,0,0,1,0,0,0,0,1,0,0,0,1,0,0
2498,1,1,0,0,1,0,0,1,0,0,0,0,1,0,0
2499,1,0,0,1,1,0,1,0,0,0,0,0,0,0,0
25,1,0,0,1,0,0,0,0,0,1,0,0,0,0,0
250,1,0,0,0,0,0,0,0,0,0,0,0,0,0,0
2500,1,1,0,0,1,0,0,0,0,0,0,0,0,1,0
251,1,0,0,1,1,0,0,0,0,0,0,0,0,0,0
252,1,0,0,0,0,0,0,0,0,0,0,0,0,0,0
253,1,1,0,1,1,0,1,0,0,0,0,1,0,0,0
254,1,0,1,1,0,1,1,0,0,0,0,0,0,0,0
255,1,0,0,0,0,0,0,0,0,0,0,0,0,0,0
256,1,0,1,0,0,0,1,1,0,0,0,0,0,0,0
257,1,0,0,1,0,0,1,0,0,0,0,1,0,0,0
258,1,0,0,1,0,0,0,1,1,1,1,0,1,0,1
259,1,0,0,0,1,0,0,1,1,0,0,0,0,0,0
26,1,1,0,0,0,0,0,0,0,1,0,0,0,0,0
260,1,0,0,0,0,0,0,0,1,0,0,0,0,0,0
261,1,0,1,0,0,0,0,0,0,0,0,0,0,0,0
262,1,1,1,0,1,1,1,1,1,1,0,0,1,0,1
263,1,0,1,0,0,0,0,0,0,0,1,0,0,0,0
264,1,0,0,0,0,0,0,0,0,0,0,0,0,0,0
265,1,0,0,0,0,0,0,0,0,0,0,0,0,0,0
266,1,1,1,0,0,0,0,0,0,0,0,0,0,1,0
267,1,0,0,0,0,0,0,0,0,0,0,0,0,0,0
268,1,0,0,0,0,0,0,0,1,0,0,0,0,0,0
269,1,0,0,0,0,0,0,0,0,0,0,0,0,0,0
27,1,0,0,0,0,0,0,0,0,0,0,0,0,0,0
270,1,0,0,0,0,0,0,0,0,0,0,0,0,0,0
271,1,0,0,0,0,0,0,0,0,0,0,0,0,0,0
272,1,0,0,0,0,0,0,0,0,0,0,0,0,0,0
273,1,0,0,0,0,0,0,0,0,0,0,0,0,0,0
274,1,0,0,0,0,0,0,0,0,0,0,0,0,0,0
275,1,1,1,0,1,1,1,1,1,1,0,0,0,1,0
276,1,0,0,0,0,0,1,0,0,0,0,1,0,0,0
277,1,0,0,0,0,0,0,0,0,0,0,0,0,0,0
278,1,0,0,0,0,0,0,0,1,0,0,0,0,0,0
279,1,0,0,0,0,0,0,0,0,0,0,0,0,0,0
28,1,0,0,0,0,0,0,0,0,0,0,0,0,0,0
280,1,1,0,0,1,0,0,0,0,0,0,0,0,0,0
281,1,0,0,0,0,0,0,0,0,0,0,0,0,0,0
282,1,0,1,0,0,0,0,1,0,0,0,1,0,1,0
283,1,1,1,0,1,1,0,1,0,0,0,0,0,1,0
284,1,0,0,0,0,0,0,0,0,0,0,0,0,0,0
285,1,1,0,0,0,0,0,0,0,0,0,0,0,0,0
286,1,0,0,0,0,0,0,0,0,0,0,0,0,0,0
287,1,0,0,1,0,1,1,0,1,0,1,0,0,0,0
288,1,0,0,0,1,0,0,0,0,0,0,0,0,0,0
289,1,1,0,0,0,0,0,0,0,0,1,0,0,0,0
29,1,0,0,1,0,0,0,0,0,0,0,0,0,0,0
290,1,0,0,1,1,1,0,0,0,1,0,0,0,0,0
291,1,0,0,1,1,0,0,1,0,0,0,0,0,0,0
292,1,0,0,0,0,0,0,0,0,0,0,0,0,0,0
293,1,1,0,0,0,0,0,0,1,0,0,0,0,0,0
294,1,0,1,0,1,1,1,0,1,0,0,0,0,0,0
295,1,0,0,0,0,0,0,0,0,0,0,0,0,0,0
296,1,0,0,0,0,0,0,0,0,0,0,0,0,0,0
297,1,0,0,0,0,0,0,0,0,0,0,0,0,0,0
298,1,0,0,0,0,0,0,0,0,0,0,0,0,0,0
299,1,0,0,0,0,0,0,0,0,0,0,0,0,0,0
3,1,1,0,0,0,0,0,0,0,0,0,0,0,0,0
30,1,0,0,0,0,0,0,0,0,0,0,0,0,0,0
300,1,0,0,0,0,0,1,1,0,0,0,0,0,0,0
301,1,1,1,0,1,0,0,0,0,0,0,0,0,0,0
302,1,0,0,0,0,0,0,0,0,0,0,0,0,0,0
303,1,0,1,1,1,0,1,0,1,1,0,0,0,0,0
304,1,1,0,1,0,0,0,0,1,0,0,0,0,0,0
305,1,0,0,0,0,0,0,0,1,0,0,0,0,0,0
306,1,0,0,0,1,0,1,0,0,0,0,0,0,1,0
307,1,0,0,0,0,0,0,0,0,0,0,0,0,0,0
308,1,0,0,0,0,0,0,0,0,0,0,1,0,0,0
309,1,0,0,0,0,0,0,0,1,0,0,0,0,0,0
31,1,0,1,0,0,0,0,0,1,1,0,0,0,0,1
311,1,0,1,0,0,0,0,0,0,0,1,0,0,1,0
312,1,0,0,0,0,0,0,0,0,0,0,0,0,0,0
314,1,1,0,0,0,0,0,0,1,0,0,0,0,0,0
315,1,0,0,0,0,0,0,0,0,0,0,0,0,0,0
316,1,0,0,0,0,0,0,0,0,0,0,0,0,0,0
317,1,0,0,0,1,1,0,0,1,0,0,0,0,0,0
318,1,0,0,0,0,0,0,0,0,0,0,0,0,0,0
319,1,0,1,1,1,0,0,0,1,0,0,0,0,0,1
32,1,0,0,0,0,0,0,0,0,0,0,0,0,0,0
320,1,0,0,0,0,0,0,0,0,0,0,0,0,0,0
321,1,0,1,0,0,0,0,1,1,0,0,0,0,0,1
322,1,1,1,0,0,0,0,0,0,0,0,0,0,0,0
323,1,0,0,0,0,0,0,0,0,0,0,0,0,0,0
324,1,1,0,0,1,0,0,0,0,0,1,0,0,1,1
325,1,0,0,0,0,0,0,0,0,0,0,0,0,0,0
326,1,0,0,0,0,0,0,0,0,0,0,0,0,0,0
327,1,0,0,0,0,0,0,0,0,0,0,0,0,0,0
328,1,1,0,1,1,0,0,1,1,1,0,0,1,1,0
329,1,0,0,0,1,0,0,0,0,0,0,0,0,1,0
33,1,0,0,1,1,1,0,0,0,0,1,0,0,0,0
330,1,0,1,0,0,0,0,0,0,0,0,0,0,0,0
331,1,1,1,0,0,0,0,1,1,0,0,0,0,0,0
332,1,0,1,1,0,1,0,0,0,0,1,0,0,0,0
333,1,0,0,0,0,0,0,0,1,0,0,0,0,0,0
334,1,1,0,0,1,0,0,1,0,0,0,0,0,0,0
335,1,0,0,0,0,0,0,0,1,0,0,0,0,1,0
336,1,1,1,0,0,0,0,0,1,0,0,0,0,0,0
337,1,0,0,0,0,0,0,0,0,0,0,0,0,0,0
338,1,0,0,0,0,0,0,0,0,0,0,0,0,0,0
339,1,0,0,1,0,0,0,0,0,1,1,0,0,0,0
34,1,0,0,0,0,0,0,0,0,0,0,0,0,0,0
340,1,0,0,0,1,1,0,0,0,0,0,0,0,0,0
341,1,0,0,0,0,0,0,0,0,0,0,0,0,0,0
342,1,0,0,1,0,0,0,0,0,0,0,0,0,0,0
343,1,0,0,0,0,1,0,0,0,0,0,1,0,0,0
344,1,0,0,0,0,0,0,0,0,0,0,0,0,0,0
345,1,0,0,1,0,0,0,0,0,1,0,0,1,0,0
346,1,0,0,0,0,0,0,0,1,1,0,0,0,0,0
347,1,0,0,0,0,0,0,0,0,0,0,0,0,0,0
348,1,1,0,1,0,0,0,0,0,0,0,1,0,0,0
349,1,0,0,0,0,0,0,0,0,0,0,0,0,0,0
35,1,0,0,0,0,1,0,0,0,0,0,0,0,0,0
350,1,0,0,0,0,0,0,0,0,0,0,0,0,0,0
351,1,0,0,0,1,0,1,0,0,0,0,0,0,0,0
353,1,0,0,0,0,0,0,1,0,0,0,0,0,0,0
354,1,1,0,0,0,0,0,0,1,0,0,1,0,0,0
355,1,0,0,0,0,1,0,0,0,0,0,1,0,0,0
356,1,0,0,0,0,0,0,0,0,0,0,0,0,0,0
357,1,1,0,1,0,0,0,0,0,1,1,0,1,0,0
358,1,1,1,0,1,0,1,0,1,0,0,1,1,0,0
36,1,0,1,0,0,1,0,0,0,0,1,0,0,1,0
360,1,0,0,1,0,0,0,1,0,0,0,0,0,0,0
361,1,0,1,0,1,0,0,0,1,0,0,0,0,0,0
362,1,0,0,1,0,0,1,0,1,0,0,1,0,0,0
363,1,0,0,0,0,0,0,0,0,0,0,0,0,0,0
364,1,0,0,0,0,0,0,0,0,0,0,0,0,0,0
365,1,0,0,0,0,0,0,0,1,0,0,0,0,0,0
366,1,0,0,0,0,0,0,0,0,0,0,0,0,0,0
367,1,0,1,0,0,0,0,0,1,0,0,0,0,0,0
368,1,0,0,0,0,0,0,0,0,0,0,0,0,0,0
369,1,0,0,0,0,0,0,0,0,0,0,0,0,0,0
37,1,0,0,0,0,0,0,0,0,0,0,0,0,0,0
370,1,0,0,0,0,0,0,0,1,0,1,0,0,0,0
371,1,1,1,0,1,1,1,0,1,0,0,0,0,1,0
372,1,1,1,0,1,1,1,0,0,0,0,1,0,0,0
374,1,1,0,1,1,0,0,0,0,0,0,0,0,1,0
375,1,0,0,0,0,0,0,0,0,0,0,0,0,0,0
376,1,0,1,1,1,0,0,0,0,0,0,0,0,0,0
377,1,0,0,0,0,0,0,0,1,0,1,0,0,1,0
378,1,0,0,0,0,0,0,0,0,0,0,0,0,0,0
38,1,0,0,0,0,0,0,0,0,0,0,0,0,0,0
380,1,0,1,0,0,0,1,1,1,0,0,1,0,0,0
381,1,1,0,0,0,0,0,0,0,0,0,0,0,0,0
382,1,0,0,0,0,0,0,0,0,0,0,0,0,0,0
383,1,0,0,0,0,0,0,1,0,0,0,0,0,0,0
384,1,1,0,0,0,0,0,1,1,0,0,0,0,1,0
385,1,0,0,1,0,0,0,0,0,0,0,0,1,0,0
386,1,1,0,1,0,0,1,0,1,0,0,1,0,0,0
387,1,0,0,0,1,0,0,0,1,0,0,0,0,1,0
388,1,0,0,1,0,1,1,0,0,1,0,0,0,0,0
389,1,1,1,0,0,0,0,0,0,0,0,0,1,1,0
39,1,0,0,0,1,0,0,0,0,0,0,0,1,0,0
390,1,0,0,1,0,0,0,0,0,1,0,0,1,0,0
391,1,0,0,1,0,0,0,1,0,0,0,0,0,0,0
392,1,1,1,0,0,1,0,0,0,0,0,0,1,0,0
393,1,0,1,0,1,0,1,0,1,0,0,0,1,0,0
394,1,1,0,0,0,1,0,0,1,1,0,0,0,0,0
395,1,0,0,0,0,0,1,0,0,0,0,0,0,0,0
396,1,0,0,0,0,0,0,0,0,0,0,0,0,0,0
397,1,1,1,0,0,0,0,0,0,0,1,0,0,0,0
398,1,0,0,0,1,0,0,0,0,0,0,0,0,0,1
399,1,0,0,0,0,0,0,0,0,0,0,0,0,0,0
4,1,0,0,0,0,0,0,0,0,0,0,0,0,0,0
40,1,0,0,1,0,0,0,0,0,1,0,0,0,0,0
400,1,1,1,1,1,1,1,0,0,0,0,1,1,0,0
401,1,0,0,0,0,0,0,0,0,0,1,0,0,0,0
402,1,0,0,0,0,0,0,0,0,0,0,0,0,0,0
403,1,0,0,0,0,0,0,0,0,0,0,0,0,0,0
404,1,1,0,0,0,0,0,0,1,0,0,0,0,0,0
405,1,0,0,0,0,0,0,0,0,0,0,0,0,0,0
406,1,0,0,0,0,0,0,0,0,0,0,0,0,0,0
407,1,0,0,0,0,0,0,0,0,0,0,0,0,0,0
408,1,1,0,0,0,0,0,0,0,0,0,0,0,0,0
409,1,0,1,1,1,1,0,1,0,0,0,0,1,0,1
41,1,0,0,0,0,0,0,0,0,0,0,0,0,0,0
410,1,0,0,0,0,0,0,0,0,0,0,0,0,0,0
411,1,1,1,0,0,0,0,1,1,0,0,0,0,1,0
412,1,1,1,0,0,0,1,1,0,0,0,0,1,0,0
413,1,0,0,1,0,0,0,0,1,0,0,0,0,0,0
414,1,1,1,1,0,1,0,1,1,0,0,0,1,1,0
415,1,0,0,0,0,0,0,0,0,0,0,0,0,0,0
416,1,0,0,0,0,0,0,0,0,1,0,0,0,0,0
417,1,0,0,1,0,0,0,0,0,1,1,0,0,0,0
418,1,0,1,1,1,1,0,1,1,0,1,0,0,0,1
419,1,0,0,0,0,0,0,0,1,0,0,0,0,0,0
42,1,0,0,0,1,0,0,0,1,1,0,0,0,0,0
420,1,0,1,0,1,1,0,0,0,0,1,1,0,0,0
421,1,1,0,1,0,1,0,0,1,1,1,1,1,0,1
422,1,0,1,0,1,0,0,0,0,0,0,0,0,0,0
423,1,1,1,0,0,0,0,0,0,0,0,0,0,0,0
424,1,0,0,0,0,0,0,0,0,0,0,0,0,0,0
425,1,0,0,1,1,1,0,0,0,1,0,0,0,0,0
426,1,0,1,0,0,0,0,0,0,1,1,0,0,0,0
427,1,0,0,1,1,0,0,0,0,0,0,0,0,0,0
428,1,0,0,1,0,0,0,1,1,0,0,0,0,0,0
429,1,0,0,0,0,0,0,0,0,0,0,0,0,0,0
43,1,0,0,0,0,0,0,0,0,0,0,0,0,0,0
430,1,0,0,0,0,0,0,0,0,0,0,0,0,0,0
431,1,0,0,0,0,0,0,0,0,0,0,0,0,0,0
432,1,0,0,1,0,0,0,1,0,0,0,0,0,0,0
433,1,0,0,0,0,0,0,0,0,0,0,0,0,0,0
434,1,1,0,1,1,0,0,0,0,0,0,1,0,0,1
435,1,0,0,0,0,0,0,0,0,0,0,0,0,0,0
436,1,0,1,1,0,0,0,0,0,0,0,0,0,0,0
437,1,0,0,1,0,0,0,0,0,0,1,0,0,0,0
438,1,0,0,0,0,0,1,0,0,0,0,0,0,0,0
439,1,0,0,0,0,0,0,0,0,0,0,0,0,0,0
44,1,1,0,0,1,0,0,0,1,0,0,0,0,0,0
441,1,0,0,0,0,0,0,0,0,0,0,0,0,0,0
442,1,0,0,0,0,0,0,0,0,1,1,0,0,0,0
443,1,0,0,0,0,0,0,1,0,0,0,0,0,0,0
444,1,0,0,1,0,0,1,0,0,0,1,0,0,0,0
445,1,1,0,0,1,0,0,1,0,0,0,0,0,0,0
446,1,0,0,0,0,0,0,0,0,0,0,0,0,0,0
447,1,0,0,1,1,0,0,0,0,1,0,0,0,0,0
448,1,0,0,0,0,0,0,0,0,0,0,0,0,0,0
449,1,0,0,0,0,0,0,1,0,0,0,0,0,0,1
45,1,0,1,0,1,0,0,0,0,0,0,0,0,0,0
450,1,0,0,0,0,0,0,0,0,1,0,0,0,0,0
451,1,0,0,0,0,0,0,0,0,0,0,0,0,0,0
452,1,0,0,0,0,0,0,0,0,0,0,0,0,0,0
453,1,0,0,0,0,0,0,0,0,0,0,0,0,0,0
454,1,0,0,1,0,0,0,1,0,1,0,0,0,0,0
455,1,0,0,0,0,0,0,0,0,0,0,0,0,0,0
456,1,1,0,0,0,0,0,0,0,0,0,1,0,0,0
457,1,0,0,0,0,0,0,0,0,0,0,0,0,0,0
458,1,0,0,0,1,0,0,0,1,0,1,0,0,0,0
459,1,0,0,0,0,0,0,0,0,0,0,0,0,0,0
46,1,1,1,0,1,1,1,0,1,0,0,0,0,0,1
460,1,0,0,0,0,0,0,0,0,0,0,0,0,0,0
461,1,0,0,0,0,0,0,0,0,0,0,0,0,0,0
462,1,0,0,0,0,0,0,0,1,0,0,0,0,0,0
463,1,0,0,1,0,0,0,0,0,0,0,0,0,0,0
464,1,0,1,0,1,0,0,1,0,0,1,0,0,0,0
465,1,0,0,1,0,0,0,0,0,0,0,0,0,0,0
466,1,0,1,0,0,0,0,0,0,0,0,0,0,0,0
467,1,0,0,0,0,0,0,0,1,0,0,0,0,0,0
468,1,1,0,1,1,0,0,0,0,0,0,0,1,0,0
469,1,1,1,0,0,1,0,1,0,0,1,0,0,1,1
47,1,0,0,0,0,0,0,0,0,0,0,0,0,0,0
470,1,0,0,0,0,0,0,0,0,0,0,0,0,0,0
471,1,0,0,0,0,0,0,0,0,0,0,0,0,0,0
472,1,1,1,0,0,1,0,1,1,0,0,1,1,1,1
473,1,0,0,0,0,0,0,0,1,0,0,0,0,0,0
474,1,0,0,0,0,0,1,0,0,0,0,1,0,0,0
475,1,0,0,1,1,0,0,0,1,1,0,0,0,0,0
476,1,0,0,0,0,1,0,0,0,0,0,0,0,0,0
477,1,0,0,0,0,0,0,0,0,0,0,0,0,0,0
478,1,0,0,0,0,0,0,0,0,0,0,0,0,0,0
479,1,0,0,0,0,0,1,1,0,1,0,1,0,0,0
48,1,0,0,0,0,0,0,0,0,0,0,0,0,0,0
480,1,1,1,0,1,0,0,1,0,0,0,0,0,0,0
481,1,0,0,0,0,0,0,0,0,0,0,0,0,0,0
482,1,0,0,0,0,0,0,0,0,0,0,0,0,0,0
483,1,0,0,1,0,0,0,0,0,0,0,0,0,0,0
484,1,0,0,0,0,0,0,0,0,0,0,0,0,0,0
485,1,1,0,0,0,0,0,0,0,0,0,0,0,0,0
486,1,0,1,0,0,0,1,1,0,0,0,0,0,0,0
487,1,0,0,0,0,0,0,0,0,0,0,0,0,0,0
488,1,0,0,0,0,0,0,0,0,0,0,0,0,0,0
489,1,0,0,0,0,0,0,1,1,1,1,0,0,1,1
49,1,0,1,1,0,0,0,0,0,1,1,1,0,0,0
490,1,0,0,1,0,0,0,0,0,0,0,0,0,0,0
491,1,0,0,0,0,0,0,1,1,1,1,0,0,1,1
492,1,1,0,0,0,0,0,0,0,0,0,0,0,0,0
493,1,0,0,0,1,1,0,1,1,0,0,0,0,0,0
495,1,1,1,0,0,0,0,1,1,1,1,0,0,0,0
497,1,0,0,0,0,0,0,0,0,1,0,0,0,0,0
498,1,0,1,1,0,0,1,0,0,0,0,1,1,0,0
5,1,0,0,0,0,0,0,0,0,0,0,0,0,0,0
50,1,0,0,0,0,0,0,0,0,0,0,0,0,0,0
500,1,0,0,0,0,0,0,0,0,0,0,0,0,0,0
501,1,0,0,0,0,0,0,0,0,0,0,0,0,0,0
502,1,0,1,0,1,1,0,0,0,0,0,1,0,0,0
503,1,0,1,0,1,1,1,1,1,0,0,0,0,0,0
504,1,0,0,0,0,0,0,0,0,0,0,0,0,0,0
505,1,0,0,0,0,0,0,0,0,0,0,0,0,0,0
506,1,0,0,1,0,0,0,1,0,0,0,0,0,0,0
507,1,0,0,0,0,0,1,0,0,0,0,0,1,0,0
508,1,0,0,1,1,0,0,0,0,1,0,1,0,0,0
509,1,0,0,0,0,0,0,0,0,0,0,0,0,0,0
51,1,0,1,0,0,0,0,0,1,0,1,1,0,0,0
510,1,0,1,0,0,0,0,0,0,1,0,0,0,0,0
511,1,0,0,0,0,0,0,0,0,0,0,0,0,0,0
513,1,0,0,0,0,0,0,0,0,0,0,0,0,0,0
514,1,0,0,0,0,0,0,0,0,0,0,0,0,0,0
515,1,0,0,1,0,0,0,0,0,0,0,1,0,0,0
516,1,0,0,0,0,0,0,0,0,0,0,0,0,0,0
517,1,1,0,1,0,1,0,0,0,1,1,0,1,0,0
518,1,0,1,0,0,0,1,0,0,0,0,0,0,0,0
519,1,0,0,0,0,0,0,0,0,0,0,0,0,0,0
52,1,0,0,0,0,0,0,0,0,0,1,0,1,0,0
520,1,0,0,0,0,0,1,1,0,0,0,0,0,0,0
521,1,0,0,0,0,0,0,0,1,0,0,0,0,0,0
523,1,0,0,0,0,1,0,1,1,1,0,0,0,0,0
524,1,0,0,1,0,0,0,0,0,1,0,0,1,0,0
525,1,0,0,0,1,0,0,0,0,0,0,0,0,0,0
526,1,0,0,0,0,0,0,0,0,0,0,0,1,0,0
527,1,0,0,0,0,0,0,0,0,0,1,0,0,0,0
528,1,0,0,0,0,0,0,0,0,0,1,0,0,0,0
529,1,0,1,0,1,0,0,0,0,0,0,0,0,0,0
53,1,0,0,0,0,0,0,0,0,0,0,0,0,1,0
530,1,0,0,0,0,0,0,0,0,0,0,0,0,0,0
531,1,0,0,0,0,0,0,0,0,0,0,0,0,0,0
532,1,0,0,0,0,0,0,0,0,0,0,0,0,0,0
533,1,1,0,1,1,0,0,0,0,0,1,0,0,0,0
534,1,0,0,0,0,0,0,0,0,1,0,0,0,0,0
535,1,0,0,1,0,0,0,0,0,0,0,0,0,0,0
536,1,1,0,0,0,0,0,0,0,0,0,0,0,0,0
537,1,0,0,0,0,0,0,0,1,0,0,0,0,0,0
538,1,1,1,1,1,0,1,1,0,0,0,1,1,0,0
539,1,0,0,0,0,0,0,0,0,0,0,0,0,0,0
54,1,0,0,0,0,0,0,0,0,0,0,0,0,0,0
540,1,0,0,0,0,0,0,0,0,0,0,0,0,0,0
541,1,0,0,0,1,0,0,0,0,0,0,1,1,0,0
542,1,1,0,1,0,1,1,1,1,1,0,0,0,0,0
543,1,0,0,0,0,0,0,0,0,0,0,0,0,0,0
544,1,1,0,0,0,0,0,0,0,0,0,0,0,1,0
545,1,0,0,0,0,0,0,0,0,0,1,0,0,0,0
546,1,0,0,0,0,0,0,0,0,0,0,0,0,0,0
547,1,0,0,1,0,1,1,0,0,0,0,0,0,0,0
548,1,0,0,0,0,0,0,0,1,0,0,0,0,0,0
549,1,0,0,0,0,0,0,0,0,0,0,0,0,0,0
55,1,0,0,0,0,0,0,0,0,0,0,0,0,0,0
550,1,0,0,0,0,0,0,0,0,1,0,0,0,0,0
551,1,0,0,0,0,0,0,0,0,0,0,0,0,0,0
552,1,1,0,1,1,1,1,1,1,0,0,1,0,0,0
553,1,1,0,1,0,1,0,0,0,0,1,0,0,0,0
554,1,0,0,0,0,0,0,0,0,0,0,0,0,0,0
555,1,0,0,0,0,0,0,0,0,0,0,0,0,0,0
556,1,0,0,0,0,0,0,0,0,0,0,0,0,0,0
557,1,0,0,0,0,0,0,1,0,0,0,0,0,0,0
558,1,0,0,0,1,0,0,0,0,0,1,0,0,0,0
559,1,0,0,0,0,0,0,0,0,0,0,0,0,0,0
56,1,0,1,0,0,0,0,1,1,0,1,0,0,0,1
560,1,1,0,1,0,1,0,1,1,0,0,1,0,0,0
561,1,0,0,0,0,0,0,0,0,0,0,0,0,0,0
562,1,1,0,0,0,1,1,1,0,0,0,0,0,0,0
563,1,0,0,0,0,0,0,0,1,0,0,0,0,0,0
564,1,0,0,0,0,0,0,0,0,0,0,0,0,0,0
565,1,0,0,0,0,0,0,0,0,0,0,0,0,0,0
566,1,0,0,0,0,0,0,0,0,0,0,0,0,0,0
567,1,0,0,0,0,0,0,0,0,0,0,0,0,0,0
568,1,0,0,1,1,1,1,0,0,0,0,0,0,0,0
569,1,1,0,0,0,0,0,0,1,0,0,0,0,0,0
57,1,0,0,0,0,0,0,0,0,0,0,0,0,0,0
570,1,0,0,0,0,0,0,0,0,0,0,0,0,0,0
571,1,0,0,0,1,0,0,0,1,0,0,0,0,0,0
573,1,0,1,0,0,0,0,0,0,1,1,0,0,0,0
574,1,0,1,1,1,0,0,0,0,0,0,0,0,0,0
575,1,1,1,0,1,0,0,0,1,1,0,0,0,0,0
576,1,0,0,0,0,0,0,0,1,0,0,0,0,0,0
577,1,1,1,0,1,0,0,0,0,0,0,0,0,0,0
578,1,0,0,0,0,0,0,0,0,0,0,0,1,0,0
579,1,0,0,0,0,0,0,0,0,0,0,0,0,0,0
58,1,1,1,0,1,0,0,0,1,1,1,0,1,0,0
580,1,0,0,0,0,0,0,0,0,0,0,0,0,0,0
581,1,0,0,1,0,0,0,0,0,1,0,0,0,0,0
582,1,1,0,0,0,0,0,0,1,0,0,0,0,1,0
583,1,0,0,0,0,0,0,0,0,0,0,0,0,0,0
584,1,1,0,0,0,0,0,0,0,1,0,0,0,0,0
585,1,0,0,0,0,0,0,0,0,0,0,0,0,0,0
586,1,1,1,0,1,0,1,1,0,0,0,1,0,0,0
587,1,0,0,0,0,0,0,0,0,0,0,1,0,0,0
588,1,1,0,1,1,1,0,0,1,0,1,0,0,0,0
589,1,0,0,0,0,0,0,0,0,0,0,0,0,0,0
59,1,0,0,0,0,0,0,0,0,1,0,0,0,0,0
590,1,0,0,0,0,0,0,0,0,0,0,0,0,0,0
591,1,1,1,0,1,1,1,1,1,0,0,1,0,0,0
592,1,0,0,0,0,1,0,0,0,0,1,0,0,0,0
593,1,0,0,0,0,0,0,0,0,0,0,0,0,0,0
594,1,0,0,1,0,0,0,0,0,1,1,0,0,0,0
595,1,0,0,0,0,0,0,0,0,0,0,0,0,0,0
596,1,0,0,0,0,0,0,0,0,0,0,0,0,0,0
597,1,1,0,0,1,1,1,0,0,0,0,0,0,0,0
598,1,0,0,0,0,0,0,1,1,0,0,0,0,0,0
6,1,0,0,0,0,0,0,0,0,0,0,0,0,0,0
600,1,0,1,0,1,1,1,1,0,1,1,0,0,0,0
601,1,0,0,1,1,1,0,0,0,0,0,0,0,1,0
602,1,0,0,1,0,0,0,0,0,0,0,0,0,0,0
603,1,0,0,1,0,0,0,0,0,0,0,0,0,0,0
604,1,0,0,0,0,0,0,0,0,0,0,0,0,0,0
605,1,0,0,1,1,0,0,0,0,1,0,1,0,0,0
606,1,0,0,1,1,1,0,1,0,0,0,0,0,0,0
607,1,1,1,0,1,0,1,0,0,0,0,0,0,0,0
608,1,1,1,0,1,1,1,1,0,0,0,1,0,0,0
609,1,0,0,0,0,0,0,1,0,0,0,0,0,0,0
61,1,0,0,0,0,0,0,0,0,0,0,0,0,0,0
610,1,0,0,0,0,0,1,0,0,0,0,0,0,0,0
611,1,0,0,0,0,0,0,0,0,0,0,0,0,0,0
612,1,1,0,1,0,1,1,0,0,0,0,0,0,1,0
614,1,1,0,0,0,0,1,0,0,0,0,0,0,1,0
615,1,0,0,0,0,0,0,0,0,0,0,0,0,0,0
617,1,0,0,0,1,0,0,1,1,0,0,0,0,0,0
618,1,0,0,0,1,1,0,0,0,0,0,0,0,0,0
62,1,0,0,0,0,0,0,0,0,0,0,0,0,0,0
620,1,0,0,0,0,0,0,0,0,0,0,0,0,0,0
621,1,0,0,0,0,0,0,0,0,0,0,0,0,0,0
622,1,0,0,1,0,0,0,0,0,0,0,0,0,0,0
623,1,0,0,0,0,0,0,0,0,0,0,0,0,1,0
624,1,0,0,1,0,0,0,0,0,0,0,0,0,0,0
625,1,0,0,0,0,0,0,0,0,0,0,0,0,0,0
626,1,0,0,0,1,0,0,0,0,1,0,0,0,0,0
627,1,0,0,0,0,0,0,0,0,0,0,0,0,0,0
628,1,0,0,0,0,0,0,0,1,0,1,0,0,0,0
629,1,0,0,0,0,0,0,0,0,0,0,0,0,0,0
63,1,0,0,0,0,0,0,0,0,0,0,0,0,0,0
630,1,0,0,0,0,0,1,0,0,0,0,0,1,0,0
631,1,1,0,0,0,0,0,0,0,0,1,0,0,0,0
632,1,0,0,1,0,1,0,0,1,0,0,0,1,0,0
633,1,0,0,0,0,0,0,0,0,0,0,0,0,0,1
634,1,1,1,0,1,1,1,0,0,1,0,0,1,0,0
635,1,0,0,0,0,0,0,0,0,0,0,0,0,0,0
636,1,0,0,1,0,0,0,0,0,0,0,0,0,0,0
637,1,0,1,1,0,0,1,0,0,0,0,1,0,0,0
638,1,1,0,0,0,0,0,0,0,0,0,0,0,0,0
639,1,0,0,0,0,1,0,0,0,0,0,0,0,0,0
64,1,0,0,0,1,1,1,0,0,0,0,0,0,0,0
640,1,0,0,1,1,0,0,0,0,0,1,1,0,0,0
641,1,1,0,0,1,0,0,1,0,0,0,0,0,1,0
642,1,1,0,0,1,0,0,0,1,0,0,0,0,0,0
643,1,0,0,0,0,0,0,0,0,0,0,0,0,0,0
644,1,0,0,0,0,0,0,0,0,0,0,0,0,0,0
645,1,0,0,0,0,0,0,0,0,0,0,0,0,0,0
646,1,0,0,1,0,0,0,0,0,0,0,0,0,0,0
647,1,1,0,1,1,0,1,1,1,1,1,0,0,0,0
648,1,0,0,0,0,0,0,0,0,0,0,0,0,0,0
649,1,1,1,0,0,0,1,0,0,0,0,1,0,0,0
65,1,0,0,0,0,0,0,0,0,0,0,0,0,0,0
650,1,0,0,0,0,0,0,0,0,0,0,0,0,0,0
651,1,0,0,0,0,0,0,0,0,0,0,0,0,0,0
652,1,0,1,1,1,0,0,0,0,0,0,0,0,0,0
653,1,0,0,1,0,0,0,0,0,1,0,0,0,0,0
654,1,0,1,0,0,0,0,0,0,1,0,0,0,0,0
655,1,0,1,0,0,0,0,0,0,0,0,0,0,0,0
656,1,0,1,0,1,1,1,1,1,0,0,1,0,0,0
657,1,0,0,0,0,0,0,0,0,0,0,0,0,0,0
658,1,0,0,0,1,0,0,0,0,0,0,0,0,0,0
659,1,0,0,0,0,0,0,0,0,0,0,0,0,0,0
66,1,0,0,0,0,0,0,0,0,0,0,0,0,0,0
660,1,1,0,0,0,1,1,1,0,1,0,1,0,0,0
661,1,0,0,1,1,1,0,0,0,0,0,0,1,0,0
662,1,0,1,0,1,0,0,0,0,0,0,0,0,0,0
663,1,0,0,0,0,0,1,0,0,0,0,0,0,0,0
664,1,0,0,0,0,0,1,0,0,0,0,0,0,0,0
665,1,0,0,0,0,0,0,0,0,0,0,0,0,0,0
666,1,0,0,0,0,0,0,0,0,0,0,0,0,0,0
667,1,0,0,1,0,0,0,0,1,0,0,0,0,0,0
668,1,0,0,0,0,0,0,0,0,1,1,0,0,0,0
669,1,0,0,0,0,0,0,0,1,0,0,0,0,0,0
67,1,0,1,1,0,0,0,0,0,0,1,0,0,0,0
670,1,0,0,0,0,0,0,0,1,0,0,0,1,1,1
671,1,0,0,0,0,0,0,0,0,0,0,0,0,0,0
672,1,0,0,0,0,0,0,0,1,1,0,0,0,0,0
673,1,0,0,0,0,0,0,0,0,0,0,0,0,0,0
674,1,1,1,0,1,1,0,0,0,0,0,1,0,0,0
675,1,0,1,1,1,0,1,0,1,0,0,0,1,0,0
676,1,1,0,1,1,0,1,0,0,0,0,0,0,0,0
677,1,0,0,0,0,0,0,0,0,0,0,0,0,0,0
678,1,0,0,0,0,0,0,0,0,0,0,0,0,0,0
679,1,1,1,0,1,1,0,0,0,0,0,1,0,1,0
68,1,0,1,1,1,0,0,0,0,0,0,0,0,0,0
680,1,1,1,0,0,1,0,0,1,0,0,0,0,0,0
681,1,0,0,0,0,0,0,0,0,0,0,0,0,0,0
682,1,0,0,0,0,0,0,0,0,1,0,0,0,0,0
683,1,0,0,0,0,0,0,0,0,0,0,0,0,0,0
684,1,0,0,1,0,0,0,0,0,0,1,0,0,0,0
685,1,0,0,0,0,0,0,0,0,0,1,1,0,0,0
686,1,0,0,0,0,0,0,0,0,0,0,0,0,0,0
687,1,1,0,0,1,1,0,0,0,0,0,0,0,0,0
688,1,0,0,0,1,0,0,0,0,0,0,0,0,0,0
689,1,0,0,0,0,0,0,0,0,0,0,0,0,0,0
69,1,1,0,1,1,1,0,0,0,0,0,1,1,0,0
690,1,0,0,0,0,0,1,0,0,0,0,1,0,0,0
691,1,0,0,0,0,0,0,0,0,0,0,0,0,0,0
692,1,0,0,0,0,0,0,0,0,0,0,0,0,0,0
693,1,0,0,0,0,0,0,0,0,1,0,0,1,1,0
694,1,0,0,0,0,0,0,0,0,0,0,0,0,0,0
695,1,0,0,1,0,0,0,1,1,0,1,0,0,0,1
696,1,1,1,1,1,1,0,0,1,0,0,0,1,1,0
697,1,0,0,0,0,0,0,0,0,0,0,0,0,0,0
698,1,0,0,1,0,0,0,0,0,1,0,0,0,0,0
699,1,1,1,0,0,0,0,0,1,0,0,0,0,0,0
7,1,0,0,1,0,0,0,0,0,0,0,0,0,0,0
70,1,0,0,0,0,0,0,0,0,0,0,0,0,0,0
700,1,0,1,1,1,0,0,0,0,0,0,1,0,0,0
701,1,1,0,0,0,0,0,0,0,0,0,0,0,0,0
702,1,1,1,1,0,0,0,0,1,0,0,0,0,0,0
703,1,1,1,1,1,0,1,1,1,0,0,0,0,0,1
704,1,0,0,0,0,0,0,0,0,0,0,0,0,0,0
705,1,0,0,0,0,1,0,0,0,0,0,0,0,0,0
706,1,0,0,1,1,1,0,0,0,1,0,0,1,1,1
707,1,0,1,0,1,1,1,1,0,0,0,1,1,0,0
708,1,1,0,1,1,1,0,1,0,0,0,0,0,0,0
709,1,1,0,1,0,0,0,0,0,0,0,0,0,0,0
71,1,0,0,0,0,0,0,0,0,0,0,0,0,0,0
710,1,0,0,0,0,1,0,0,0,0,0,0,0,0,0
711,1,0,0,0,0,0,0,0,0,0,0,0,0,0,0
712,1,1,1,0,0,0,0,1,0,0,0,0,0,1,1
713,1,0,1,0,0,0,0,0,1,0,0,0,0,1,0
714,1,1,1,0,0,0,0,0,0,1,0,0,0,0,0
715,1,0,1,0,1,0,0,0,0,0,0,0,0,0,0
716,1,0,1,0,0,0,0,0,0,0,0,0,0,1,0
717,1,0,0,0,0,0,0,0,0,0,0,0,0,0,0
718,1,0,0,1,1,0,1,1,0,1,1,0,0,0,0
719,1,0,0,0,0,0,0,0,0,0,0,0,0,0,0
72,1,1,0,0,1,0,0,0,1,0,0,0,0,0,0
720,1,0,0,0,0,0,0,0,0,0,0,0,0,0,0
721,1,1,0,0,0,0,0,0,0,0,0,0,0,1,0
722,1,0,0,0,0,0,0,0,0,0,0,0,0,0,0
723,1,0,0,0,0,0,0,1,0,0,0,0,0,0,0
725,1,1,0,0,1,0,0,0,0,1,0,0,0,0,0
726,1,0,0,0,0,1,0,1,1,0,0,0,0,0,0
727,1,0,0,0,1,0,1,0,0,0,0,0,0,0,0
728,1,1,1,1,1,1,0,0,0,1,0,0,0,0,0
729,1,0,0,0,0,0,0,0,0,0,0,0,0,0,0
73,1,1,1,0,1,0,1,1,1,0,1,1,0,0,0
730,1,1,0,0,0,0,0,0,0,0,0,0,0,0,0
731,1,1,0,1,0,0,0,0,0,0,0,0,0,0,0
732,1,0,0,1,0,0,0,0,0,0,0,0,0,0,0
733,1,1,1,0,0,1,0,0,1,0,0,0,0,0,0
734,1,0,0,0,0,0,0,0,0,0,0,0,0,0,0
735,1,0,0,0,0,0,0,0,0,0,0,0,0,0,0
736,1,0,0,0,0,0,0,0,0,0,0,0,0,0,0
737,1,0,0,0,0,0,0,1,0,0,0,0,0,0,0
738,1,0,0,1,0,0,0,0,0,0,0,0,0,0,0
739,1,0,0,0,0,0,0,0,0,0,0,0,0,0,0
74,1,0,1,0,0,0,0,0,0,0,0,1,0,0,0
740,1,1,0,0,0,0,0,1,0,0,1,0,0,0,0
741,1,0,0,0,1,1,0,0,0,0,0,0,0,0,0
742,1,0,0,1,1,1,0,0,0,1,0,0,0,0,0
743,1,1,1,1,1,0,0,0,1,0,0,0,0,0,0
744,1,0,0,0,0,0,0,0,0,0,0,0,0,0,0
745,1,0,1,0,1,1,0,0,1,0,0,0,0,0,0
746,1,0,0,0,0,0,0,0,0,0,0,0,0,0,0
747,1,0,0,1,0,0,0,0,1,1,0,0,0,0,0
748,1,0,0,1,0,0,0,0,0,0,0,1,0,0,0
749,1,0,0,1,0,0,0,0,1,1,1,0,0,0,0
75,1,0,0,0,0,0,0,0,0,0,0,0,0,0,0
750,1,0,0,0,0,0,0,0,0,0,0,0,0,0,0
751,1,0,0,0,0,0,0,0,0,0,0,0,0,0,0
752,1,0,0,0,0,0,0,1,0,0,0,0,0,0,0
753,1,0,0,0,0,0,0,1,0,0,1,0,0,0,0
754,1,0,0,0,0,0,0,1,0,0,0,0,0,0,0
755,1,1,0,0,0,0,0,0,1,0,0,0,0,0,0
756,1,0,0,0,0,0,0,0,0,0,0,0,0,0,0
757,1,1,0,0,1,0,0,0,1,0,0,0,0,0,0
758,1,0,0,0,0,0,0,0,0,0,0,0,0,0,0
759,1,0,0,0,0,0,0,0,0,0,0,0,0,0,0
76,1,0,0,0,0,0,0,0,0,0,0,0,0,0,0
760,1,0,0,0,0,0,0,1,0,0,1,0,0,0,0
761,1,0,1,0,0,1,0,0,0,0,0,0,1,0,0
762,1,0,0,0,0,0,0,0,1,0,0,0,0,0,0
763,1,0,0,1,0,0,1,0,0,0,0,1,0,0,0
764,1,1,0,0,1,0,0,0,0,0,0,0,0,0,0
765,1,0,0,0,0,0,0,0,0,0,0,0,0,0,0
766,1,1,0,0,1,0,0,0,1,0,1,0,0,0,0
767,1,1,0,0,0,0,1,0,0,0,0,0,0,0,0
768,1,0,0,1,0,0,0,0,0,0,1,1,0,0,0
769,1,0,0,1,0,0,1,0,0,0,0,0,0,0,0
77,1,0,0,1,0,1,0,1,0,1,0,0,0,0,0
770,1,0,0,0,1,0,0,0,0,0,0,0,0,0,0
771,1,0,0,1,0,0,0,1,0,1,1,0,0,0,0
772,1,0,0,0,0,0,0,0,0,0,0,0,0,0,0
773,1,0,0,0,0,0,0,0,0,0,0,0,0,0,0
774,1,0,0,0,0,1,1,0,0,0,0,1,0,0,0
775,1,0,0,0,0,1,0,0,1,0,0,0,0,0,0
776,1,0,0,0,1,0,1,0,1,0,0,0,0,0,0
778,1,0,0,1,1,1,1,0,0,0,0,0,0,0,0
779,1,0,0,0,1,0,0,0,0,0,0,0,1,0,0
78,1,0,0,1,1,0,0,0,0,1,0,0,0,0,0
780,1,0,0,0,0,0,0,0,0,0,0,0,0,0,0
781,1,0,0,0,0,0,0,1,0,0,0,0,0,0,0
782,1,0,0,0,0,1,0,0,0,0,1,0,0,0,0
783,1,0,0,0,0,0,0,0,0,0,0,0,0,0,0
784,1,0,0,0,0,0,0,0,0,0,0,0,0,0,0
785,1,0,0,0,0,0,0,1,0,0,0,0,0,0,0
786,1,1,1,1,1,1,0,0,1,0,0,1,1,0,0
787,1,0,1,0,0,0,0,0,1,0,0,0,0,0,0
788,1,0,0,0,1,0,0,0,0,1,0,0,0,0,0
789,1,0,0,0,0,0,0,0,0,0,0,0,0,0,0
79,1,0,0,0,0,0,0,0,1,0,0,0,0,0,0
790,1,0,0,0,0,1,0,1,0,0,0,1,0,0,0
792,1,0,0,0,0,0,0,0,0,0,0,0,0,0,0
793,1,0,0,0,1,0,0,0,0,0,0,0,0,0,0
794,1,0,1,0,0,0,0,0,1,0,0,0,1,0,0
795,1,0,0,1,0,0,0,0,0,1,0,0,0,0,0
796,1,0,0,0,0,0,0,0,0,0,0,0,0,0,0
797,1,0,0,0,1,0,0,0,1,0,0,1,0,0,0
798,1,0,1,0,0,0,0,0,0,0,0,0,0,0,0
799,1,1,0,0,0,0,0,0,1,0,0,0,0,0,0
8,1,1,0,0,0,0,0,0,0,0,0,0,0,1,1
80,1,0,0,0,0,0,0,0,0,0,0,1,0,0,0
800,1,1,0,1,1,1,0,1,1,1,0,0,0,0,0
801,1,0,1,0,0,0,0,0,0,0,0,0,0,0,0
802,1,0,0,0,0,0,0,0,0,0,0,0,0,0,0
803,1,0,0,0,0,0,0,0,0,0,0,0,0,1,0
804,1,0,0,1,0,0,1,0,0,0,1,0,0,0,0
805,1,1,0,0,0,0,1,0,0,1,0,0,0,0,0
806,1,1,0,1,0,0,0,0,1,1,1,0,1,1,0
807,1,1,0,0,1,0,1,0,0,0,0,1,0,0,0
808,1,0,0,1,1,1,0,0,0,0,0,0,0,0,0
809,1,0,0,0,0,0,0,0,0,0,0,0,0,0,0
81,1,0,1,0,1,0,1,0,0,0,0,0,0,0,0
810,1,0,0,0,0,0,0,0,0,0,0,0,0,0,0
811,1,0,0,0,0,0,0,0,0,1,0,0,0,0,0
812,1,1,1,0,0,0,0,0,1,0,0,1,0,0,0
813,1,0,0,0,0,0,0,0,0,0,0,0,0,0,0
816,1,1,1,0,0,0,0,0,0,0,0,0,0,0,0
817,1,1,1,0,0,1,0,1,1,0,0,1,1,0,0
818,1,0,0,0,0,0,0,0,0,0,0,0,0,0,0
819,1,0,0,0,0,0,0,0,0,0,0,0,0,0,0
82,1,0,0,0,0,0,0,0,0,0,0,0,0,0,0
820,1,0,0,0,0,0,0,1,0,0,0,0,1,0,0
821,1,0,0,0,0,0,0,0,0,0,0,0,0,0,0
822,1,0,0,0,0,0,0,0,0,0,0,0,0,0,0
823,1,0,0,1,0,0,0,0,0,0,0,0,0,0,0
824,1,1,0,0,0,0,0,0,0,0,0,0,0,0,0
825,1,1,0,0,0,1,0,1,1,0,1,0,1,1,1
826,1,0,0,0,0,0,0,0,0,0,0,0,0,0,0
827,1,0,0,0,0,0,0,0,0,0,0,0,0,0,0
828,1,0,1,0,0,0,0,0,1,1,1,0,0,0,0
829,1,0,0,0,0,0,0,0,0,0,0,0,0,0,0
83,1,0,0,0,0,0,0,0,0,0,0,0,0,0,0
830,1,0,0,0,1,0,0,0,0,0,0,0,0,0,0
831,1,0,0,0,0,0,1,0,1,0,0,0,0,0,0
832,1,0,0,0,0,0,0,0,0,0,0,0,0,0,0
833,1,0,0,0,0,0,0,0,0,0,0,0,0,0,0
834,1,0,0,0,0,0,0,0,0,0,0,0,0,0,0
835,1,0,0,0,0,0,0,0,0,0,0,0,0,0,0
836,1,0,0,0,0,0,0,0,0,0,0,0,0,0,0
837,1,0,0,0,0,0,0,0,0,0,0,0,0,0,0
838,1,0,0,0,0,0,0,0,0,0,0,0,0,0,0
839,1,1,0,0,1,0,0,0,1,0,0,0,0,0,1
84,1,0,0,0,0,0,0,0,0,0,0,0,0,0,0
840,1,1,0,1,1,0,1,1,0,0,0,0,1,0,1
841,1,0,0,0,0,0,0,0,0,0,0,0,0,0,0
842,1,0,0,1,1,1,1,0,0,0,0,0,0,0,0
843,1,0,0,0,0,0,0,0,0,0,0,0,0,0,0
844,1,0,0,0,0,0,0,0,1,0,0,0,0,0,0
845,1,0,1,0,0,0,1,1,1,0,0,0,0,0,0
846,1,0,0,0,0,0,0,0,0,0,0,0,0,0,0
847,1,0,0,0,0,0,0,0,0,0,0,0,0,0,0
848,1,1,1,0,0,0,0,0,0,0,1,0,0,0,0
849,1,0,0,0,0,0,0,0,1,0,0,0,0,0,0
85,1,0,1,0,0,0,0,1,0,0,0,0,0,0,0
850,1,0,0,0,0,0,0,0,1,0,0,0,0,0,0
851,1,0,0,0,0,0,0,0,0,0,0,0,0,0,0
852,1,1,1,0,0,0,0,0,0,0,0,0,0,0,0
853,1,0,0,0,0,0,0,0,1,0,0,0,1,0,0
854,1,0,0,0,0,0,0,0,0,0,0,0,0,0,0
855,1,0,0,0,0,0,0,0,0,1,0,0,0,0,0
856,1,1,0,0,1,0,1,0,0,1,0,0,0,0,0
857,1,1,1,0,1,0,0,0,0,0,0,0,0,0,0
858,1,0,0,0,0,0,0,0,0,0,0,0,0,0,0
859,1,0,0,0,0,0,0,0,0,0,0,0,0,0,0
86,1,0,1,0,1,0,1,0,1,0,1,0,0,0,0
861,1,0,0,1,0,0,0,0,1,0,0,0,0,0,0
862,1,1,0,0,0,0,1,0,1,0,1,0,0,0,0
863,1,0,0,0,1,0,0,0,0,0,0,0,0,0,0
864,1,0,0,0,0,1,0,0,0,0,0,0,0,0,0
865,1,0,0,0,0,0,0,0,0,0,0,0,0,0,0
866,1,0,1,1,0,0,0,0,0,1,0,0,0,0,0
867,1,0,0,1,0,1,0,0,1,0,0,0,0,0,0
868,1,1,1,1,1,0,1,0,0,0,0,0,0,0,0
869,1,0,0,1,0,0,0,0,0,0,0,0,0,0,0
87,1,0,0,0,0,0,0,0,0,0,0,0,0,0,0
870,1,0,0,0,0,0,0,0,0,0,0,0,0,0,0
871,1,0,0,0,1,0,0,1,1,0,0,0,0,0,0
873,1,1,0,1,1,0,1,0,0,0,0,0,0,0,0
874,1,0,0,0,0,0,0,0,0,0,0,0,0,0,0
875,1,0,0,0,0,0,0,0,0,0,0,0,0,0,0
876,1,1,0,0,0,0,0,1,1,0,0,0,0,0,0
877,1,1,0,0,1,0,0,0,1,0,1,0,0,0,0
878,1,0,1,1,1,1,1,0,0,0,0,1,0,0,0
879,1,0,0,0,0,0,0,1,0,0,0,0,0,0,0
88,1,1,1,1,1,1,0,1,0,1,0,0,0,0,0
880,1,0,0,0,0,0,0,0,0,0,0,0,0,0,0
881,1,0,0,1,0,0,0,0,0,1,0,0,0,0,0
882,1,1,0,1,0,0,0,0,0,0,0,0,0,0,0
883,1,0,0,0,0,0,0,0,0,0,0,0,0,0,0
884,1,0,0,0,0,0,0,0,0,0,0,0,0,0,0
885,1,0,0,1,0,0,0,0,0,0,0,0,0,0,0
886,1,0,0,0,0,0,0,0,0,0,1,0,0,0,0
887,1,0,0,0,0,0,0,0,1,0,0,1,0,0,0
888,1,0,1,0,1,1,0,0,1,0,0,0,0,0,0
889,1,1,0,0,0,0,0,0,0,0,0,0,0,0,0
89,1,0,0,0,0,0,0,0,0,0,0,0,0,0,1
890,1,0,1,0,1,0,0,0,0,0,0,0,0,0,0
891,1,0,1,0,1,1,0,0,0,0,0,0,0,0,0
892,1,0,0,0,0,0,0,0,0,0,0,0,0,0,0
893,1,1,0,1,0,1,0,0,0,0,0,0,0,0,0
895,1,0,0,0,1,0,0,0,0,0,0,1,0,0,0
896,1,0,0,0,1,0,0,1,1,0,0,0,0,0,0
897,1,0,0,0,0,0,0,0,0,0,1,0,0,0,0
898,1,0,0,0,0,0,0,1,0,0,0,0,0,0,0
899,1,0,0,0,0,0,0,0,0,0,0,0,0,0,0
9,1,0,1,1,0,1,1,0,0,0,0,0,0,0,1
900,1,0,0,0,0,0,0,0,0,1,0,0,0,0,0
901,1,0,0,0,0,0,0,0,0,0,0,0,0,0,0
902,1,0,0,0,0,0,0,0,0,0,0,0,0,1,0
903,1,0,0,0,0,0,0,1,0,0,0,0,0,0,0
904,1,0,0,0,0,0,0,0,0,0,0,0,0,0,0
905,1,0,0,0,0,0,0,0,0,0,0,0,0,0,0
906,1,1,0,0,1,0,1,0,0,0,0,0,0,0,0
907,1,0,0,0,0,0,0,0,0,0,0,0,0,0,0
908,1,0,0,0,0,0,0,0,0,0,0,0,1,0,0
909,1,0,1,1,1,1,1,1,1,0,1,1,1,0,1
91,1,0,0,0,0,0,1,1,0,0,0,0,0,0,0
911,1,0,0,0,0,0,0,0,0,0,0,0,0,0,0
912,1,0,0,0,0,0,0,0,0,0,0,0,0,0,0
913,1,1,1,0,0,0,0,0,1,0,1,0,0,1,0
914,1,0,0,0,0,0,0,0,0,0,0,1,0,0,0
915,1,0,0,0,0,0,0,0,0,0,0,0,0,0,0
916,1,0,0,0,0,0,0,0,0,1,0,0,0,0,0
917,1,0,0,0,0,0,0,0,0,0,0,0,0,0,0
918,1,0,0,0,0,0,1,0,0,0,0,1,0,0,0
919,1,0,0,0,0,1,0,0,0,0,0,0,0,0,0
92,1,0,0,1,0,0,0,0,0,1,0,0,0,0,0
920,1,1,1,1,1,1,0,0,0,1,0,0,0,0,0
921,1,0,0,0,0,0,0,0,0,0,0,0,0,0,0
922,1,0,0,0,0,0,0,0,0,0,0,0,0,0,0
923,1,0,0,0,0,0,0,0,1,0,0,0,0,0,0
924,1,1,1,1,1,1,0,0,0,0,0,1,1,0,0
925,1,0,0,0,0,0,0,0,0,0,0,0,0,1,0
926,1,1,0,0,0,0,0,0,1,0,0,0,0,0,0
927,1,0,0,0,0,0,0,0,1,0,0,0,0,0,0
928,1,1,0,0,0,0,0,1,0,0,1,0,0,0,0
929,1,0,0,0,0,1,0,0,1,0,0,0,0,0,0
93,1,0,0,0,1,0,0,0,1,0,0,0,0,0,0
930,1,0,0,0,0,0,0,0,0,0,0,0,0,0,0
931,1,0,1,0,0,1,1,1,1,0,0,1,0,0,0
932,1,0,0,1,1,0,0,0,0,0,0,1,0,1,0
933,1,0,0,0,1,1,0,0,0,0,0,0,0,0,0
934,1,1,0,1,0,1,1,0,0,1,1,1,1,0,0
935,1,0,0,0,0,0,0,0,0,0,0,0,0,0,0
936,1,1,0,1,1,1,0,0,1,0,0,1,0,1,0
937,1,0,0,0,0,0,0,0,0,0,0,0,0,0,0
938,1,0,0,0,0,1,0,0,0,0,0,0,0,0,0
939,1,0,0,0,0,0,0,0,0,0,0,0,0,0,0
94,1,0,0,0,0,0,0,0,0,0,0,0,0,0,0
940,1,0,0,0,0,0,0,0,0,0,0,0,0,0,0
941,1,0,0,0,0,0,0,0,0,0,0,0,0,0,0
942,1,0,0,0,0,0,0,0,0,1,0,0,0,0,0
943,1,0,0,1,0,0,0,0,0,1,0,0,1,0,0
944,1,0,0,0,0,0,0,0,0,0,0,0,0,0,0
945,1,0,0,0,0,0,0,0,0,0,0,0,0,0,0
946,1,1,0,0,0,0,0,1,0,0,1,0,0,0,0
947,1,0,0,0,0,0,0,0,0,0,0,0,0,0,0
948,1,0,0,0,0,0,0,0,0,0,0,0,0,0,0
949,1,0,0,0,0,1,1,0,0,0,0,0,0,0,0
95,1,0,0,1,0,0,0,1,0,0,0,0,0,0,0
950,1,0,0,0,1,0,1,0,0,0,0,0,0,0,0
951,1,1,0,0,0,0,0,0,0,0,0,0,0,0,0
952,1,0,0,1,0,0,1,0,0,0,0,0,0,0,0
953,1,0,0,1,0,0,0,0,0,0,0,0,0,0,0
954,1,0,0,0,0,0,0,0,0,0,0,0,0,0,0
955,1,1,1,1,1,0,0,0,0,0,0,1,0,0,1
956,1,1,1,0,0,0,0,1,0,0,0,0,0,1,0
957,1,0,0,0,0,0,0,0,0,0,0,0,0,0,0
958,1,0,0,0,0,0,0,0,0,0,0,0,0,0,0
959,1,0,0,0,0,0,0,0,0,0,0,0,0,0,0
96,1,0,0,0,0,0,0,0,0,0,0,0,0,0,0
960,1,0,0,0,0,0,0,0,0,0,0,0,0,0,0
961,1,1,0,0,0,0,0,0,1,0,0,0,0,0,0
962,1,0,0,0,0,0,0,0,0,0,0,0,0,0,0
963,1,0,0,0,1,0,0,0,0,0,0,1,0,0,0
964,1,0,0,1,0,1,0,0,0,0,0,0,0,0,0
965,1,0,0,0,0,1,0,0,0,0,0,0,0,0,0
966,1,0,0,0,0,0,0,0,0,0,0,0,0,0,0
968,1,1,1,1,0,0,1,0,0,0,0,0,0,0,0
97,1,1,1,0,0,0,0,1,1,0,0,0,0,0,0
970,1,0,0,0,0,0,1,0,1,0,0,0,0,0,0
971,1,0,0,0,0,1,0,0,0,0,0,0,0,0,0
972,1,1,1,0,0,0,1,0,0,0,0,0,0,1,0
973,1,1,1,0,0,1,0,0,0,0,0,0,0,1,0
974,1,0,1,0,1,0,0,0,0,0,0,0,0,0,0
975,1,0,0,0,0,0,0,0,0,0,0,0,0,0,0
976,1,1,0,0,1,1,0,0,0,0,0,0,0,0,0
977,1,1,0,0,0,0,0,0,0,0,0,0,0,0,0
978,1,1,0,0,1,1,0,0,0,0,0,0,1,0,0
979,1,0,1,0,1,1,1,1,1,0,0,1,1,0,0
98,1,0,1,1,0,0,1,0,0,1,0,0,0,0,0
980,1,0,1,0,0,0,0,0,0,0,0,1,0,0,0
981,1,0,0,0,0,0,0,0,0,0,0,0,0,0,1
982,1,0,1,0,0,0,1,1,1,0,1,0,0,0,0
983,1,0,0,0,0,0,1,1,0,1,0,0,1,0,0
984,1,1,0,0,0,0,0,1,0,0,0,0,0,0,0
985,1,0,0,0,0,0,0,1,1,0,0,0,0,0,0
986,1,0,0,1,0,0,1,0,0,0,1,0,0,0,0
987,1,0,0,0,0,0,0,0,0,0,0,0,0,0,0
988,1,1,1,1,0,0,0,0,0,1,0,0,0,0,0
989,1,1,1,1,0,1,1,1,1,1,1,0,0,0,0
99,1,0,0,1,0,0,0,0,0,1,1,0,0,0,0
990,1,0,0,0,0,0,0,0,0,0,0,0,0,0,0
991,1,0,0,0,0,0,0,0,0,0,0,0,0,0,0
992,1,0,0,0,0,0,0,1,0,0,0,0,0,0,0
993,1,1,0,0,0,0,0,0,1,0,0,0,0,0,1
994,1,0,0,0,0,0,0,0,0,0,0,0,0,0,0
995,1,0,0,0,0,0,0,0,0,0,0,0,0,0,0
996,1,0,0,1,0,0,0,0,0,0,0,0,0,0,0
997,1,0,1,0,0,0,0,1,1,1,1,0,0,0,1
998,1,0,0,0,1,1,1,0,1,0,0,0,0,0,0
999,1,0,0,1,0,0,1,0,1,0,0,0,0,0,0
1,2,1,1,0,0,0,0,0,0,0,0,0,0,0,0
10,2,1,0,0,0,0,0,0,0,0,0,0,0,0,0
100,2,0,0,0,1,0,0,0,0,0,0,0,0,0,0
1000,2,0,0,0,0,1,0,0,0,1,1,0,0,0,0
1001,2,0,1,0,0,0,0,0,0,0,0,0,0,0,0
1002,2,0,0,1,0,0,0,0,0,0,0,0,0,0,0
1003,2,0,0,1,0,0,0,0,0,1,0,0,0,0,0
1004,2,1,0,0,1,1,1,0,0,0,0,0,0,0,0
1005,2,0,0,1,0,0,0,0,0,0,0,0,0,0,0
1006,2,0,0,0,0,0,0,0,0,0,0,0,0,0,0
1007,2,0,0,0,0,0,0,0,0,0,0,0,0,0,0
1008,2,0,0,0,0,0,0,0,0,0,0,0,0,0,0
1009,2,0,0,0,0,0,0,0,0,0,0,0,0,0,0
101,2,1,0,0,0,1,1,0,0,0,0,1,0,0,0
1010,2,0,0,1,0,0,0,0,0,0,1,0,0,0,0
1011,2,0,0,0,0,0,0,0,1,0,0,0,0,0,0
1012,2,1,0,0,0,0,0,0,0,0,0,0,0,0,0
1013,2,0,0,0,0,0,0,0,0,0,0,0,0,0,0
1014,2,1,1,1,0,0,0,0,0,0,1,0,0,0,0
1015,2,0,1,1,0,1,0,0,0,0,0,0,0,0,0
1016,2,0,0,0,0,0,0,0,1,0,1,0,1,0,0
1017,2,0,1,0,0,1,1,1,0,0,0,0,0,0,0
1018,2,0,0,0,0,0,0,0,0,0,0,0,0,0,0
1019,2,0,0,0,0,0,0,0,1,0,0,0,0,0,0
1020,2,1,1,1,1,0,0,1,1,1,0,0,0,1,1
1021,2,0,0,0,0,0,0,0,0,0,0,0,0,0,0
1022,2,0,0,0,0,0,0,0,0,0,0,0,0,0,0
1023,2,1,1,0,0,1,0,1,0,0,0,0,0,0,1
1024,2,0,0,1,1,0,0,1,0,1,1,0,0,0,0
1025,2,1,1,1,1,1,0,0,1,0,0,0,1,0,0
1027,2,0,0,0,0,0,0,0,0,0,0,0,0,0,0
1028,2,0,0,0,0,0,0,0,0,0,0,0,0,0,0
1029,2,1,1,0,0,1,0,0,0,0,1,0,0,0,0
103,2,0,0,0,0,0,0,0,0,0,0,0,0,0,0
1030,2,0,0,0,1,0,0,0,0,0,0,0,0,0,0
1031,2,1,1,0,1,0,0,1,0,0,0,0,0,0,1
1032,2,0,0,0,0,0,0,0,0,0,0,0,0,0,0
1033,2,0,0,0,0,0,0,0,0,0,0,0,0,0,0
1034,2,0,0,0,0,0,0,0,0,0,0,0,0,0,0
1036,2,0,0,0,0,0,0,0,0,0,0,0,0,0,0
1037,2,0,0,0,0,0,0,0,0,0,0,0,0,0,0
1038,2,0,0,0,0,0,0,0,0,0,0,0,0,0,0
1039,2,1,1,0,0,1,0,0,1,0,0,0,0,0,0
104,2,1,1,0,1,1,1,1,0,0,0,0,0,0,0
1040,2,1,1,0,1,1,1,0,0,0,0,1,0,0,0
1041,2,0,1,1,1,0,1,0,0,0,0,1,0,0,0
1042,2,1,0,1,0,1,1,1,0,1,1,0,1,0,1
1043,2,1,0,1,0,0,0,0,0,0,0,0,0,0,0
1044,2,0,0,0,0,0,0,0,0,0,0,0,0,0,0
1045,2,1,1,0,0,0,1,1,0,0,0,0,1,1,0
1046,2,1,1,0,0,0,0,0,1,0,0,0,0,0,0
1047,2,0,0,0,0,0,0,0,0,0,0,0,0,0,0
1048,2,0,0,0,0,0,0,0,0,0,0,0,0,1,0
1049,2,1,0,0,0,0,1,0,0,0,0,1,0,0,0
105,2,0,1,0,0,0,0,0,0,0,0,0,0,0,0
1050,2,0,0,1,1,0,1,0,0,0,0,0,0,0,0
1051,2,1,0,1,0,1,0,0,0,0,0,0,0,0,0
1053,2,0,0,0,0,0,0,0,0,0,0,0,0,0,0
1054,2,0,1,0,0,0,0,0,0,0,0,0,0,0,0
1055,2,0,0,0,0,0,0,0,0,0,0,0,0,0,0
1056,2,0,1,1,1,0,0,0,0,0,0,1,0,0,0
1057,2,0,0,0,0,0,0,0,1,0,0,1,1,0,0
1058,2,0,0,1,1,1,1,0,1,0,0,0,0,0,0
1059,2,0,0,0,0,0,0,0,0,0,0,0,0,0,0
106,2,0,0,0,0,0,0,0,0,0,0,0,0,0,0
1060,2,0,0,0,0,0,1,0,1,0,0,0,0,0,0
1061,2,1,1,1,1,1,1,0,0,0,0,1,0,0,0
1062,2,0,0,0,0,0,0,0,0,1,0,0,0,0,0
1063,2,0,0,0,0,0,0,0,0,0,0,0,0,0,0
1064,2,1,0,0,0,0,0,0,0,0,0,0,0,0,0
1065,2,1,0,0,1,1,1,0,0,0,0,0,0,0,0
1066,2,1,1,0,0,0,0,0,1,0,0,0,0,1,0
1067,2,0,0,1,1,1,1,0,0,0,0,0,1,0,0
1068,2,0,1,0,0,0,0,0,0,0,0,1,0,0,0
1069,2,0,0,1,0,0,0,0,0,0,0,0,0,0,0
107,2,0,0,0,0,0,0,0,0,0,0,0,0,0,0
1070,2,1,0,0,0,0,0,1,0,0,0,0,1,0,0
1071,2,0,0,0,0,1,1,0,0,0,1,0,0,0,0
1072,2,1,0,1,0,1,1,0,0,0,0,0,0,0,0
1073,2,1,0,0,0,1,0,1,1,0,0,1,1,1,0
1074,2,1,1,0,1,0,1,0,0,1,0,1,0,0,0
1075,2,0,0,0,0,0,0,0,0,0,0,0,0,0,0
1076,2,0,0,0,0,0,0,0,0,0,0,0,0,0,0
1077,2,0,0,0,0,0,0,0,0,0,0,0,0,0,0
1078,2,1,0,1,1,1,1,0,0,1,1,0,0,0,0
1079,2,0,0,0,0,0,0,0,0,0,0,0,0,0,0
108,2,1,0,0,0,0,0,0,0,0,1,0,0,0,0
1080,2,0,0,0,0,0,0,0,0,0,0,0,0,0,0
1081,2,0,0,0,0,0,0,0,0,0,0,0,0,0,0
1082,2,0,0,1,0,0,1,0,0,1,0,1,0,0,0
1083,2,0,0,0,0,0,0,0,0,0,0,0,0,0,0
1084,2,0,0,0,0,0,0,0,0,0,0,0,0,0,0
1085,2,0,1,1,0,1,1,0,1,0,1,0,0,1,1
1086,2,0,0,0,0,0,0,0,0,0,0,0,0,0,0
1087,2,0,0,1,0,0,0,0,0,0,0,0,0,0,0
1088,2,0,0,0,0,0,0,0,0,0,0,0,0,0,0
1089,2,0,0,1,0,1,0,0,0,0,0,0,0,0,0
109,2,1,0,0,0,0,0,0,1,0,0,0,0,0,0
1090,2,0,0,0,0,0,0,0,0,0,0,0,0,0,0
1091,2,0,0,0,0,0,0,1,0,1,0,0,1,0,0
1092,2,0,0,0,0,0,0,0,0,0,0,0,0,0,0
1093,2,0,0,0,0,0,0,0,0,0,0,0,0,0,0
1094,2,0,1,1,1,0,1,1,0,0,0,1,0,0,1
1095,2,0,0,0,0,0,0,0,0,0,0,0,0,0,0
1096,2,0,0,0,0,0,0,0,0,0,0,0,0,0,0
1097,2,0,0,0,0,0,0,0,0,0,0,0,0,0,0
1098,2,0,0,0,0,0,0,1,0,0,0,0,0,0,0
1099,2,0,0,1,0,0,1,0,0,0,0,0,0,0,0
110,2,1,0,1,1,0,0,0,0,1,0,0,0,0,0
1100,2,0,0,0,0,0,0,0,0,0,0,0,0,0,0
1101,2,0,0,0,0,0,0,0,0,0,0,0,0,0,0
1102,2,0,0,0,0,0,0,1,0,0,0,1,0,0,0
1103,2,1,1,0,1,1,0,0,0,0,0,1,0,0,0
1104,2,0,1,1,1,1,0,0,0,0,1,0,0,0,0
1106,2,0,0,0,0,0,0,0,0,0,0,0,0,0,0
1107,2,0,0,0,0,0,0,1,0,0,0,0,0,0,0
1108,2,0,0,0,0,0,0,0,0,0,0,0,0,0,0
1109,2,0,1,0,0,1,0,0,1,0,0,0,0,0,0
111,2,0,0,0,0,0,0,1,0,0,0,0,0,0,0
1110,2,1,0,0,0,1,0,0,0,0,0,0,1,0,0
1111,2,1,1,0,1,0,0,0,1,0,0,0,0,0,0
1112,2,0,0,0,0,0,0,0,0,0,0,0,0,0,0
1113,2,1,1,0,0,0,0,0,0,0,0,0,1,0,0
1114,2,0,0,1,0,0,0,0,0,0,0,0,0,0,0
1115,2,0,0,0,0,0,0,0,0,0,0,0,0,0,0
1116,2,0,0,1,0,0,0,0,0,0,0,0,0,0,0
1117,2,0,0,0,0,0,0,0,0,0,0,0,0,0,0
1118,2,0,0,0,0,0,0,0,0,0,0,0,0,0,0
1119,2,1,0,0,0,0,0,1,0,0,0,0,0,0,0
112,2,0,0,0,0,0,0,0,0,0,0,0,0,0,0
1120,2,1,0,0,0,1,1,0,0,0,0,0,0,0,0
1121,2,1,1,0,0,0,0,0,1,0,0,0,0,0,0
1122,2,0,0,0,0,0,0,0,0,0,0,0,0,0,0
1123,2,0,0,0,0,0,0,0,0,1,0,0,0,0,0
1124,2,1,0,0,1,0,1,0,0,0,0,0,0,0,0
1125,2,0,0,0,0,0,0,0,0,0,0,0,0,0,0
1126,2,0,0,0,0,0,0,1,0,0,1,0,0,0,0
1127,2,0,1,0,0,0,0,1,0,0,0,0,0,0,0
1128,2,0,0,1,0,0,1,1,0,0,0,1,0,1,0
1129,2,0,0,0,0,0,0,1,0,0,0,0,0,0,0
113,2,0,1,1,0,1,0,1,0,0,1,1,1,1,0
1130,2,1,0,1,1,1,0,0,0,0,1,1,1,0,0
1131,2,0,0,1,0,0,0,0,0,0,0,0,0,0,0
1132,2,0,1,1,1,0,0,0,0,0,0,0,0,0,0
1133,2,1,1,1,0,0,0,0,0,0,0,0,0,0,0
1134,2,1,1,0,0,0,1,1,0,0,0,0,0,0,0
1135,2,1,1,1,0,0,0,0,0,0,0,0,0,0,0
1136,2,0,0,0,0,1,0,0,0,0,0,1,0,0,0
1137,2,1,0,0,0,0,0,0,0,0,0,0,0,0,0
1138,2,0,0,0,0,0,0,0,0,0,0,0,0,0,0
1139,2,0,0,0,0,0,0,1,0,0,0,0,0,0,0
114,2,0,0,0,1,0,0,0,0,0,0,0,0,0,0
1140,2,0,1,0,1,0,0,1,0,0,0,0,1,0,0
1141,2,0,0,1,0,0,0,0,0,0,0,0,0,0,0
1142,2,1,0,0,0,0,0,0,1,1,1,0,1,0,0
1143,2,0,0,0,0,0,0,0,0,0,0,0,0,0,0
1144,2,0,0,0,0,0,0,0,0,0,0,0,0,0,0
1145,2,0,0,1,1,1,0,0,0,0,0,0,0,0,0
1146,2,1,1,1,1,1,1,0,0,0,0,0,0,1,0
1147,2,1,0,1,1,1,1,0,0,0,0,0,0,0,0
1148,2,0,0,1,0,0,0,0,0,0,0,0,0,0,0
1149,2,0,0,0,0,0,0,0,0,0,0,0,0,0,0
115,2,1,0,0,0,0,0,0,1,1,1,0,0,0,0
1150,2,0,0,0,0,0,0,1,0,0,0,0,0,0,0
1151,2,1,1,1,0,0,0,0,0,0,0,0,0,0,0
1152,2,0,0,0,0,0,0,0,0,0,0,0,0,0,0
1153,2,0,0,0,0,0,0,0,0,0,0,0,0,0,0
1154,2,1,0,1,1,1,0,1,1,1,0,0,0,0,1
1155,2,0,0,0,0,0,0,0,0,0,0,0,0,0,0
1156,2,0,0,0,0,0,0,0,0,0,0,0,0,0,0
1157,2,1,1,0,0,1,0,1,1,0,0,0,1,0,0
1158,2,0,1,0,0,0,0,0,0,0,0,0,0,0,0
1159,2,1,0,0,0,0,0,0,0,0,0,0,0,0,0
116,2,0,0,0,0,0,0,0,0,0,0,0,0,0,0
1160,2,0,0,1,1,0,1,0,1,0,0,0,0,0,0
1161,2,0,0,0,0,0,0,1,0,0,0,0,0,0,0
1162,2,0,0,0,0,0,0,0,0,0,0,0,0,0,0
1163,2,1,1,1,0,0,1,1,0,0,1,0,0,0,0
1164,2,0,0,0,0,0,0,0,1,0,0,0,0,0,0
1165,2,0,0,0,0,0,0,0,0,0,0,0,0,0,0
1166,2,1,1,1,1,1,1,1,1,1,1,1,1,1,1
1167,2,1,1,1,1,1,0,1,0,1,0,0,0,0,0
1168,2,0,0,0,0,0,0,0,0,0,0,0,0,0,0
1169,2,0,1,0,1,1,1,1,0,0,0,0,0,0,0
117,2,1,0,0,0,0,0,0,0,0,0,0,0,0,0
1170,2,0,0,0,0,0,0,0,0,0,0,0,0,0,0
1171,2,0,0,0,0,0,0,0,0,0,0,0,0,0,0
1172,2,1,0,1,0,1,0,0,1,1,1,0,0,0,1
1173,2,0,0,0,0,0,0,0,0,0,0,0,0,1,0
1174,2,1,0,0,1,0,0,1,0,0,0,1,0,0,0
1175,2,0,0,0,0,0,0,1,0,0,0,0,0,0,0
1176,2,0,0,0,0,0,0,0,0,0,0,0,0,0,0
1177,2,0,0,0,0,0,0,0,0,0,0,0,0,0,0
1178,2,0,0,0,0,0,0,0,0,0,0,0,0,0,0
1179,2,0,1,0,0,1,1,0,0,0,0,0,0,0,0
118,2,0,0,0,0,0,0,0,0,1,0,0,0,0,0
1180,2,0,1,1,0,0,0,0,0,0,0,0,0,0,0
1181,2,0,0,0,0,0,0,0,0,1,1,0,0,0,0
1182,2,0,0,1,1,1,0,0,0,1,1,0,0,1,0
1185,2,1,0,0,0,0,1,0,0,0,1,1,0,0,0
1186,2,0,0,0,0,0,1,0,0,0,0,0,0,0,1
1187,2,0,1,1,1,1,1,0,0,0,0,1,0,0,0
1188,2,0,0,1,1,0,0,0,0,0,0,0,0,0,0
1189,2,0,0,0,0,0,0,0,0,0,0,0,0,0,0
119,2,1,1,0,1,0,0,1,0,0,0,0,0,0,0
1190,2,0,0,1,0,0,0,0,0,1,1,0,0,0,0
1191,2,1,1,0,1,1,0,0,0,0,0,0,0,1,0
1192,2,0,0,1,1,0,1,0,0,0,0,0,0,0,0
1193,2,1,0,1,0,0,0,1,0,0,0,0,0,0,0
1194,2,0,0,0,1,0,0,0,0,0,0,0,0,0,0
1195,2,0,0,0,0,0,0,0,0,0,0,0,0,0,0
1196,2,1,1,0,0,1,0,0,0,0,0,1,0,0,0
1197,2,1,1,0,0,1,1,0,1,0,0,0,0,1,0
1198,2,0,0,0,0,0,0,0,0,0,0,0,0,0,0
12,2,0,0,0,0,0,0,0,1,0,0,0,0,0,1
120,2,0,0,0,0,0,0,0,0,0,0,0,0,0,0
1200,2,1,0,0,1,0,1,0,0,0,0,0,0,0,0
1201,2,0,0,0,0,0,0,0,0,0,0,0,0,0,0
1202,2,0,0,0,0,0,0,1,1,0,0,0,0,0,0
1203,2,1,1,0,1,1,1,0,0,0,0,1,0,0,0
1204,2,0,0,1,0,0,0,0,0,0,0,0,0,0,0
1205,2,1,1,0,1,1,1,1,0,0,0,1,1,0,0
1206,2,0,0,0,0,0,0,0,0,0,0,0,0,0,0
1207,2,0,0,0,0,0,0,1,0,0,0,0,0,0,0
1208,2,0,0,1,0,0,1,0,0,0,0,0,0,0,0
1209,2,0,0,0,0,0,0,0,0,0,0,0,0,0,0
121,2,0,0,1,0,1,1,1,0,0,0,0,0,0,0
1210,2,0,0,0,0,0,0,0,0,0,0,0,0,0,0
1211,2,1,0,0,0,0,0,0,0,0,0,0,0,1,0
1213,2,0,0,0,0,0,0,0,0,0,0,1,1,0,0
1214,2,0,0,0,0,0,0,0,0,0,0,0,0,0,0
1215,2,0,0,0,0,0,0,0,1,1,0,0,0,0,0
1216,2,0,1,1,0,0,0,0,0,0,0,1,0,0,0
1217,2,0,0,1,0,0,1,0,0,0,0,0,0,0,0
1218,2,0,1,1,1,0,0,0,0,0,0,1,0,0,0
1219,2,0,0,0,0,0,0,0,0,0,0,0,0,0,0
122,2,0,0,0,0,0,0,0,0,0,0,0,0,0,0
1220,2,0,0,1,0,0,0,0,0,0,0,0,0,0,0
1221,2,0,0,0,0,0,0,0,0,0,0,0,0,0,0
1222,2,0,0,1,1,1,1,0,0,0,0,0,0,0,0
1223,2,0,0,1,1,0,0,0,0,0,0,1,0,0,0
1224,2,0,1,0,1,1,1,0,0,0,0,1,0,0,0
1225,2,0,1,1,0,1,0,0,0,0,0,0,0,0,0
1226,2,1,1,0,0,1,1,1,1,0,0,1,0,0,0
1227,2,1,1,0,0,0,0,0,1,0,0,1,0,1,0
1228,2,0,0,0,0,0,0,0,0,1,0,1,0,0,0
1229,2,0,0,0,1,0,0,1,1,0,0,0,0,0,0
123,2,0,0,0,0,0,0,0,0,0,0,0,0,0,0
1230,2,0,0,0,0,0,0,0,0,0,0,0,0,0,0
1231,2,0,0,0,0,0,0,1,0,0,1,0,0,0,0
1232,2,0,0,0,0,0,0,0,0,0,0,0,0,0,0
1233,2,0,0,0,0,1,0,0,0,0,0,0,0,0,0
1234,2,1,0,0,0,0,0,0,0,0,0,0,0,0,0
1235,2,0,0,0,0,0,0,0,0,0,0,0,0,0,0
1236,2,0,0,0,0,0,0,0,0,0,0,0,0,0,0
1237,2,0,0,0,0,0,0,0,0,1,0,0,0,0,0
1238,2,0,0,0,0,0,0,1,0,0,0,0,0,0,0
1239,2,0,0,1,0,0,0,1,0,0,0,0,0,0,0
124,2,0,0,0,0,0,0,0,0,0,0,0,0,0,0
1240,2,1,0,0,0,0,0,0,0,0,1,0,0,0,0
1241,2,0,0,0,1,1,1,0,0,0,0,0,0,0,0
1242,2,0,0,0,0,0,0,0,0,0,0,0,0,0,0
1243,2,0,0,0,0,0,0,0,0,0,0,0,0,0,0
1244,2,0,0,0,0,0,0,0,0,0,1,0,0,0,0
1245,2,1,0,0,0,1,0,0,0,0,0,0,0,0,0
1246,2,1,0,1,1,1,0,0,0,1,0,0,0,0,0
1247,2,1,0,0,0,0,0,0,0,0,0,0,0,0,0
1248,2,0,1,0,1,1,0,0,0,0,0,0,0,0,0
1249,2,0,0,0,0,0,0,0,0,0,0,0,0,0,0
125,2,1,1,0,1,1,1,1,0,0,1,0,1,0,0
1250,2,0,0,0,0,0,0,0,0,0,0,0,0,0,0
1251,2,0,0,0,0,0,0,0,0,0,0,0,0,0,0
1252,2,1,0,0,0,0,0,0,0,0,0,0,0,0,0
1253,2,0,0,0,0,0,0,0,0,0,0,0,0,0,0
1254,2,0,0,0,0,0,0,0,0,0,0,0,0,0,0
1255,2,0,0,1,0,0,0,0,0,0,0,0,0,0,0
1256,2,1,1,0,0,0,0,0,0,0,0,0,0,0,0
1257,2,0,0,0,1,0,1,1,0,1,0,0,0,0,0
1258,2,0,1,0,1,0,0,0,0,0,0,0,0,0,0
1259,2,1,0,0,0,0,0,0,0,0,0,0,0,0,0
126,2,0,0,1,1,0,0,0,0,0,0,1,0,0,0
1260,2,0,0,0,0,0,0,1,1,1,1,0,0,0,0
1261,2,0,0,1,1,1,0,0,0,1,0,0,0,0,0
1263,2,0,0,0,0,0,1,0,0,0,0,0,0,0,0
1264,2,0,0,1,0,0,0,0,0,0,0,0,0,0,0
1265,2,0,0,1,0,0,0,0,0,0,0,0,0,0,0
1266,2,0,0,0,0,0,0,0,0,0,0,0,0,0,0
1267,2,0,0,0,0,0,0,0,0,0,0,0,0,0,0
1268,2,1,1,0,0,1,0,0,0,0,0,0,0,0,0
1269,2,1,0,1,0,0,0,0,0,0,0,0,0,0,0
127,2,0,1,0,0,1,0,1,0,0,0,1,1,0,0
1270,2,0,1,0,1,1,1,1,1,0,0,0,0,0,0
1271,2,0,1,0,0,0,0,1,1,0,0,0,1,0,1
1272,2,0,0,0,0,0,0,0,0,0,0,0,0,0,0
1273,2,0,0,0,0,0,0,0,0,0,0,1,0,0,0
1274,2,1,1,0,0,1,0,0,0,0,0,0,0,1,0
1276,2,0,1,0,0,0,0,0,0,0,0,0,0,0,0
1277,2,0,1,1,0,0,1,0,0,0,1,0,0,0,0
1278,2,0,0,0,0,0,0,0,0,0,0,0,0,0,0
1279,2,0,1,1,0,1,0,0,0,0,0,1,0,0,0
128,2,0,0,0,0,0,1,0,0,0,0,0,0,0,0
1280,2,0,1,0,0,0,0,0,0,0,0,0,0,0,0
1281,2,0,0,0,0,0,0,0,0,0,0,0,0,0,0
1282,2,1,0,1,1,1,1,0,0,0,0,0,0,0,0
1283,2,0,1,0,0,0,0,0,0,0,0,0,0,0,0
1284,2,0,1,0,0,0,0,0,0,0,0,1,0,0,0
1285,2,1,1,1,1,1,0,1,0,0,0,1,0,0,0
1286,2,0,0,0,0,0,0,0,0,0,0,0,0,0,0
1287,2,0,0,0,0,0,0,1,1,0,0,0,0,0,1
1288,2,0,0,0,0,0,0,0,0,0,0,0,0,0,0
1289,2,0,0,0,0,0,0,0,0,0,0,0,0,0,0
129,2,1,0,0,0,0,0,0,0,0,1,0,0,0,0
1290,2,1,1,1,0,0,1,0,0,1,0,0,0,0,0
1291,2,1,0,0,0,0,0,1,0,0,0,0,0,0,0
1292,2,0,0,0,0,0,0,0,0,0,0,0,0,0,0
1293,2,0,0,0,1,0,1,0,0,0,1,0,0,0,0
1294,2,1,1,0,0,0,0,0,1,0,0,0,0,1,0
1295,2,1,0,0,0,1,0,0,0,0,0,0,0,0,0
1296,2,0,0,0,0,0,0,1,1,0,0,0,0,0,0
1297,2,0,0,0,0,0,0,0,1,0,1,0,0,0,0
1298,2,0,1,0,0,0,0,0,1,0,0,0,1,0,0
1299,2,1,1,0,0,0,0,0,0,1,0,0,0,1,0
13,2,0,0,0,0,1,0,0,0,1,0,0,0,0,0
1300,2,1,1,1,1,0,0,0,0,1,1,0,0,0,0
1301,2,0,0,0,0,0,0,0,0,0,0,0,0,0,0
1302,2,0,0,0,0,0,0,0,0,0,0,0,0,0,0
1303,2,0,0,1,1,0,0,0,0,1,0,0,0,1,0
1304,2,0,0,0,0,0,0,0,0,0,0,0,0,0,0
1305,2,1,1,0,0,1,0,0,0,0,0,1,0,1,0
1306,2,1,0,0,0,0,0,0,0,0,0,1,0,0,0
1307,2,0,0,0,0,0,0,0,0,0,0,0,0,0,0
1308,2,0,0,0,0,0,0,0,0,0,0,0,0,0,0
1309,2,0,0,0,0,0,0,0,0,0,0,0,0,0,0
131,2,1,0,0,0,0,0,0,0,0,0,0,0,1,0
1310,2,0,0,0,0,0,0,0,0,0,0,0,0,0,0
1311,2,0,0,0,0,0,0,0,0,0,0,0,0,0,0
1312,2,0,0,0,1,1,0,0,0,0,0,0,0,0,0
1313,2,0,0,0,0,1,0,0,0,0,0,0,0,0,0
1314,2,1,0,1,1,1,0,1,0,1,0,0,0,0,1
1315,2,0,1,1,0,0,1,0,0,1,0,0,0,0,0
1316,2,1,1,0,0,1,1,0,0,0,0,1,0,0,0
1317,2,0,1,1,1,0,0,0,0,0,0,0,0,0,0
1318,2,0,0,0,0,0,0,0,0,0,0,0,0,1,0
1319,2,0,0,0,0,0,0,0,0,0,0,0,0,0,0
132,2,0,0,0,0,0,0,0,0,0,0,0,0,0,0
1320,2,0,0,0,0,0,0,0,0,0,0,0,0,0,0
1321,2,0,0,1,1,0,0,0,0,1,0,0,0,0,0
1322,2,0,0,0,0,0,0,0,0,0,0,0,0,0,0
1323,2,0,0,0,0,0,0,0,0,0,0,0,0,0,0
1324,2,1,0,1,0,0,1,1,0,0,0,0,1,0,0
1325,2,0,0,0,0,0,0,0,1,0,0,0,0,0,0
1326,2,0,1,1,1,0,1,1,0,0,0,0,1,0,0
1328,2,0,1,1,0,0,1,0,0,0,0,0,0,0,0
1329,2,0,0,0,0,0,0,0,0,0,0,0,0,0,0
133,2,0,0,0,1,0,0,1,1,0,0,0,0,0,0
1330,2,0,0,0,0,0,0,0,0,0,0,0,0,0,0
1331,2,0,1,0,1,1,0,0,1,0,0,0,0,0,0
1332,2,0,0,0,0,0,1,0,0,0,0,0,0,0,0
1333,2,1,1,0,0,0,0,0,0,0,0,0,0,0,0
1334,2,0,0,1,0,0,1,0,0,0,0,0,0,0,0
1335,2,0,0,0,0,0,0,0,0,0,0,0,0,0,0
1336,2,1,0,0,0,0,0,0,0,0,0,1,0,0,0
1337,2,0,1,1,0,0,0,0,0,0,0,0,0,0,1
1338,2,1,0,1,0,0,0,1,0,0,0,0,0,0,0
1339,2,0,0,0,0,0,0,0,0,0,0,0,0,0,0
134,2,0,1,1,0,0,1,0,1,1,0,0,1,0,0
1340,2,0,0,1,0,1,0,0,0,0,0,0,0,0,0
1341,2,0,0,0,0,0,0,0,0,0,0,0,1,0,0
1342,2,0,0,0,0,0,0,0,0,0,0,0,0,0,0
1344,2,0,1,0,0,0,0,0,0,1,0,0,0,0,0
1345,2,0,0,0,0,0,0,0,0,0,0,0,0,0,0
1346,2,0,0,0,0,0,0,0,1,0,1,0,0,0,0
1347,2,0,0,1,0,0,0,1,0,0,0,0,0,0,0
1348,2,0,0,0,0,0,0,0,0,0,0,0,0,0,0
1349,2,1,0,1,1,1,0,1,0,0,0,0,0,0,0
135,2,1,0,0,0,1,0,0,0,0,0,0,0,0,0
1350,2,0,1,1,0,1,1,0,0,0,0,1,0,0,0
1351,2,0,1,0,0,0,0,0,0,0,0,0,0,0,0
1352,2,0,0,0,0,0,0,1,1,0,0,0,0,0,0
1353,2,0,0,0,0,0,0,0,0,0,0,0,0,0,0
1354,2,1,0,0,0,0,0,0,1,0,0,0,0,0,0
1355,2,0,0,0,0,0,0,0,0,0,0,0,0,0,0
1356,2,0,0,0,0,0,0,1,0,0,0,0,0,0,0
1357,2,0,0,0,0,0,0,0,0,0,0,0,0,0,0
1358,2,0,0,1,1,0,1,0,0,0,0,1,0,0,0
1359,2,1,0,0,0,0,0,0,0,0,0,0,0,0,0
136,2,0,0,0,0,0,0,0,0,0,0,0,0,0,0
1360,2,0,0,0,0,0,0,0,0,0,0,0,0,0,0
1361,2,0,0,0,0,0,0,0,0,0,0,0,0,0,0
1362,2,0,0,0,0,0,0,0,0,0,0,0,0,0,0
1363,2,1,0,0,1,1,1,1,1,0,0,0,0,0,0
1364,2,0,0,1,0,1,0,0,1,1,0,0,0,0,0
1366,2,1,0,0,0,0,0,0,0,1,1,0,0,0,0
1367,2,1,1,0,1,1,0,1,1,1,1,1,0,0,0
1368,2,1,0,0,0,0,0,0,1,0,0,0,0,0,0
1369,2,0,0,0,0,0,0,0,0,0,0,0,0,0,1
137,2,0,0,0,0,0,0,0,0,0,0,0,0,0,0
1370,2,0,0,0,0,0,0,0,0,0,0,0,0,0,0
1371,2,0,0,0,0,0,0,0,0,0,0,0,0,0,0
1372,2,1,1,0,0,0,0,0,0,0,0,0,1,0,0
1373,2,0,0,0,0,0,0,0,0,0,0,0,0,0,0
1374,2,1,1,0,1,0,0,0,0,0,0,0,0,0,0
1375,2,1,0,0,0,1,0,1,0,0,0,0,0,0,0
1376,2,0,0,0,0,0,0,0,0,0,0,0,0,1,0
1377,2,0,0,0,0,0,0,0,0,0,0,0,0,0,0
1378,2,0,0,1,0,0,0,0,0,0,1,0,0,0,0
1379,2,0,1,1,1,1,0,1,0,0,0,0,0,0,0
138,2,0,0,1,0,0,0,0,1,0,0,0,0,0,0
1380,2,0,0,0,0,0,0,0,0,0,0,0,0,0,0
1381,2,0,0,0,0,0,0,0,0,0,0,0,0,0,0
1382,2,1,1,0,0,0,1,0,0,0,0,0,0,0,0
1383,2,0,0,0,1,0,0,0,0,0,0,0,0,0,0
1384,2,1,0,0,0,0,0,0,0,0,0,0,0,0,0
1385,2,0,1,1,0,0,1,1,0,1,0,1,0,0,0
1387,2,0,0,0,0,0,0,0,0,0,0,0,0,0,0
1388,2,0,0,0,1,0,0,0,0,0,0,0,0,0,0
1389,2,0,1,1,0,0,1,0,1,1,0,0,0,0,0
139,2,0,0,0,0,0,0,0,0,0,0,0,0,0,0
1390,2,1,0,0,1,0,1,0,0,0,0,1,0,0,0
1391,2,1,0,0,0,0,0,0,0,0,0,0,0,0,0
1392,2,1,0,0,0,1,0,0,0,0,0,0,0,0,0
1393,2,0,1,0,0,0,0,0,0,1,0,0,0,1,0
1394,2,1,1,0,0,0,0,0,0,0,0,0,0,0,0
1395,2,0,0,0,0,0,0,1,0,0,0,0,0,0,0
1396,2,0,0,1,0,0,0,0,0,0,1,0,0,0,0
1397,2,0,0,0,0,0,1,0,1,0,0,0,0,0,0
1398,2,0,0,0,0,0,0,0,0,0,0,0,0,0,0
1399,2,0,0,0,0,0,0,1,0,0,0,0,0,0,0
14,2,1,1,0,0,0,0,0,0,0,0,0,1,0,0
140,2,0,0,0,0,0,0,0,0,0,0,0,0,0,0
1400,2,0,0,0,0,0,0,0,0,0,0,0,0,0,0
1401,2,0,0,0,0,0,0,1,0,0,1,0,0,0,0
1402,2,0,0,0,0,0,0,0,0,0,0,0,0,0,0
1403,2,0,0,0,0,0,0,0,0,0,0,0,0,0,0
1404,2,0,0,1,0,0,0,0,0,0,0,0,0,0,0
1405,2,0,0,1,0,0,0,0,0,1,0,0,0,0,0
1406,2,1,0,0,0,0,0,0,0,0,0,0,0,0,0
1407,2,0,1,0,0,0,0,0,0,0,0,1,0,0,0
1408,2,0,0,1,0,0,1,0,0,1,0,0,0,0,0
1409,2,0,0,0,0,0,0,0,0,0,1,0,0,0,0
141,2,0,0,0,0,0,0,0,0,0,0,0,0,0,0
1410,2,0,0,0,0,0,0,0,0,0,0,0,0,0,0
1412,2,0,1,0,1,0,1,0,1,1,0,0,0,0,0
1413,2,0,0,0,0,0,0,0,0,0,0,0,0,0,0
1414,2,0,0,0,0,0,0,0,0,0,0,0,0,0,0
1415,2,0,0,0,0,0,0,0,0,0,0,0,0,0,0
1416,2,0,0,0,0,0,0,0,0,0,0,0,0,0,0
1417,2,0,0,0,0,0,0,0,0,0,0,0,0,0,0
1418,2,1,0,0,0,0,0,0,0,0,0,0,0,0,0
1419,2,1,1,1,0,1,1,0,0,0,0,0,0,0,0
142,2,0,0,0,0,0,0,1,0,0,0,0,0,0,0
1420,2,1,0,0,1,0,1,0,0,0,0,0,0,0,0
1421,2,0,0,0,0,0,0,0,0,0,0,1,0,0,0
1422,2,0,0,0,0,0,0,0,0,0,0,0,0,0,0
1423,2,0,0,1,0,0,0,0,0,0,0,0,0,0,0
1424,2,0,1,0,0,0,0,0,1,0,0,0,0,0,0
1425,2,1,0,0,0,1,0,0,0,0,0,1,0,0,0
1426,2,0,0,0,0,0,0,0,0,0,0,0,0,0,0
1427,2,1,0,0,1,1,1,0,1,0,1,0,0,0,0
1428,2,1,1,1,1,0,1,0,0,1,1,0,0,0,1
1429,2,0,0,0,0,0,0,1,0,0,0,0,0,0,0
143,2,1,1,0,1,1,0,0,0,0,0,0,0,0,0
1430,2,1,1,0,0,0,0,0,1,0,1,0,0,1,1
1431,2,0,0,0,0,0,0,0,0,0,0,0,0,0,0
1432,2,0,0,0,0,0,0,0,0,0,1,0,0,0,0
1433,2,0,0,0,0,0,0,0,0,0,0,0,0,0,0
1434,2,0,0,0,0,0,0,0,1,0,0,0,0,0,0
1435,2,0,0,0,1,0,0,0,0,0,0,0,0,0,0
1436,2,0,0,0,0,0,0,0,0,0,0,0,0,0,0
1437,2,0,0,0,1,1,0,0,0,0,0,0,0,0,0
1438,2,0,0,0,0,0,0,0,0,0,0,0,0,0,0
1439,2,0,0,0,0,0,0,0,0,0,0,0,0,0,0
144,2,0,0,0,0,0,0,0,0,0,0,0,0,0,0
1440,2,1,0,0,1,1,0,0,0,0,0,0,0,0,0
1441,2,1,0,0,0,0,0,0,0,0,0,0,0,0,0
1442,2,1,1,0,1,0,0,0,0,0,0,0,0,0,0
1443,2,0,0,0,0,0,0,0,0,0,0,0,0,0,0
1444,2,0,0,0,0,0,0,0,0,0,0,0,0,0,0
1445,2,0,1,0,1,1,0,1,0,0,0,1,0,0,0
1446,2,0,1,0,0,0,0,0,0,0,0,0,0,0,0
1447,2,0,0,0,0,0,1,0,0,0,0,0,0,0,0
1448,2,1,0,0,0,0,0,0,0,0,0,0,0,0,0
1449,2,0,0,1,0,0,0,0,0,0,0,0,0,0,0
145,2,0,0,0,0,0,0,0,0,0,0,0,0,0,0
1450,2,0,0,1,0,0,0,0,0,0,0,0,0,0,0
1451,2,1,0,1,0,1,0,0,0,0,0,0,0,0,0
1452,2,0,0,0,0,0,0,0,0,0,0,1,0,0,0
1453,2,1,1,0,1,0,0,0,1,1,0,0,0,0,0
1454,2,1,1,0,0,0,0,1,0,0,0,0,0,0,0
1456,2,0,0,0,0,0,0,0,0,0,0,0,0,0,0
1457,2,0,1,1,1,0,1,0,0,0,0,1,0,0,0
1458,2,1,0,0,0,0,0,0,0,0,0,0,0,0,0
1459,2,1,1,0,0,1,0,0,0,0,0,1,0,0,0
146,2,1,0,0,1,1,0,0,0,0,0,0,0,0,0
1460,2,0,0,0,0,0,0,0,0,0,0,0,0,0,0
1461,2,1,0,0,1,0,1,0,0,1,0,0,1,0,0
1462,2,0,0,0,0,0,0,0,0,0,0,0,0,0,0
1463,2,0,0,0,0,0,0,0,0,0,0,0,0,0,0
1464,2,0,0,0,0,0,0,0,0,0,0,0,0,0,0
1465,2,0,1,0,0,0,0,1,0,0,0,0,0,0,0
1466,2,0,1,0,0,0,0,0,0,0,0,0,0,0,0
1467,2,0,0,0,0,0,0,0,0,0,0,0,0,0,0
1468,2,0,0,0,0,0,0,0,1,1,0,0,0,0,0
1469,2,0,0,1,0,1,0,0,0,0,0,0,0,0,0
147,2,1,0,0,0,0,0,1,0,0,0,0,0,0,0
1470,2,0,0,0,0,0,0,0,0,0,0,0,0,0,0
1471,2,0,0,0,0,0,0,0,0,0,0,0,0,0,0
1473,2,0,0,0,0,0,0,0,0,0,0,0,0,0,0
1474,2,0,1,0,1,1,1,0,0,0,0,1,0,0,0
1475,2,1,0,0,0,0,0,0,1,0,1,0,0,0,0
1476,2,1,0,0,0,0,0,0,1,0,0,0,0,0,0
1477,2,0,0,0,0,0,0,0,0,0,0,0,0,0,0
1478,2,0,0,0,0,0,0,0,0,0,0,0,0,0,0
1479,2,1,1,1,0,0,0,1,1,0,0,1,0,0,0
148,2,0,1,0,1,0,0,0,0,0,1,0,0,0,0
1480,2,0,0,0,0,0,0,0,0,0,0,0,0,0,0
1481,2,0,1,1,1,0,1,0,0,1,0,1,0,0,0
1482,2,0,0,0,0,0,0,0,0,0,0,0,0,0,0
1483,2,0,0,1,1,1,1,0,0,0,0,1,0,1,0
1484,2,0,0,0,0,0,0,0,0,0,0,0,0,0,0
1485,2,0,0,0,0,0,0,0,0,0,0,0,0,0,0
1486,2,0,0,0,0,0,0,0,0,0,0,0,0,0,0
1487,2,0,0,1,0,0,0,0,0,0,0,0,0,0,0
1488,2,0,1,1,1,1,1,0,0,0,0,1,0,0,0
1489,2,1,1,1,1,1,1,1,1,1,1,1,1,0,0
149,2,1,1,0,0,0,0,1,0,0,0,0,0,0,0
1490,2,0,1,1,1,1,1,0,0,1,0,1,0,0,1
1491,2,0,0,0,0,0,1,1,1,0,1,0,0,0,0
1492,2,0,0,0,0,0,0,1,0,0,0,0,0,0,0
1493,2,0,1,0,0,1,0,0,0,1,0,0,0,0,0
1494,2,0,1,0,0,0,0,0,0,0,1,0,0,0,1
1495,2,0,0,0,1,0,0,0,0,0,1,0,0,0,0
1496,2,0,0,0,0,0,0,0,0,0,0,0,0,0,0
1497,2,0,0,0,0,0,0,0,0,0,0,0,0,0,0
1498,2,0,0,0,1,0,0,0,0,0,0,0,0,0,0
1499,2,1,0,0,0,0,0,0,0,0,0,0,0,0,0
15,2,0,0,0,0,0,0,0,0,0,0,0,0,0,0
150,2,0,0,0,0,0,0,0,0,0,0,0,0,0,0
1500,2,0,1,0,0,0,0,0,0,0,0,0,0,0,0
1501,2,1,0,0,0,0,0,0,0,0,0,0,0,0,0
1502,2,0,0,0,0,0,0,0,0,0,0,0,0,0,0
1503,2,0,0,0,0,0,0,0,0,1,0,0,0,0,0
1505,2,0,0,1,0,0,0,0,0,0,0,0,0,0,0
1506,2,0,0,0,0,0,0,0,0,0,0,0,0,0,0
1507,2,0,0,0,0,0,0,1,0,0,0,0,0,0,0
1508,2,1,0,0,0,0,0,0,0,0,0,0,0,0,0
1509,2,1,0,0,0,0,0,0,0,0,0,0,0,0,0
151,2,0,0,0,0,0,0,0,0,0,0,0,0,0,0
1510,2,1,1,0,0,0,0,0,0,0,0,0,0,0,0
1511,2,1,1,0,0,1,0,0,0,0,0,0,0,0,0
1512,2,0,0,0,0,0,0,0,0,0,0,0,0,0,0
1513,2,0,0,0,0,0,0,1,0,0,0,0,0,0,0
1514,2,1,0,0,0,1,0,1,0,0,0,0,0,1,0
1515,2,0,1,0,0,0,0,0,0,0,0,0,0,0,0
1516,2,0,0,0,0,0,0,0,0,0,0,0,0,0,0
1517,2,1,1,0,0,1,0,1,0,0,0,1,0,0,0
1518,2,0,0,0,0,0,0,0,0,0,0,0,0,0,0
1519,2,1,1,0,0,1,0,1,0,1,1,0,1,1,1
152,2,1,1,0,0,0,0,0,0,0,0,0,0,0,0
1520,2,0,0,0,1,1,0,1,1,1,0,0,0,0,0
1521,2,1,0,0,1,0,0,0,0,0,0,0,0,0,0
1522,2,0,0,1,1,0,0,0,0,0,1,0,0,0,0
1524,2,1,1,0,0,0,1,0,1,1,0,0,0,0,1
1525,2,1,1,1,1,0,1,0,0,0,0,1,0,0,0
1526,2,0,0,0,0,0,0,0,0,0,0,0,0,0,0
1527,2,1,1,0,1,1,1,0,1,0,0,0,0,0,0
1528,2,0,1,1,1,1,1,1,0,0,0,1,1,0,0
1529,2,0,1,0,0,1,0,0,0,0,0,0,0,0,0
153,2,0,0,0,0,0,0,0,0,0,1,0,0,0,0
1530,2,0,1,0,0,0,0,0,0,0,0,0,0,0,0
1531,2,0,0,1,0,0,0,0,1,0,1,0,0,0,0
1532,2,0,0,0,0,0,0,0,0,0,0,0,0,0,0
1533,2,0,0,0,0,0,0,0,0,0,0,0,0,0,0
1534,2,1,1,0,0,0,0,0,0,0,0,0,0,1,0
1535,2,1,1,0,1,1,1,0,0,0,0,1,1,0,0
1536,2,0,1,0,0,0,0,0,0,1,1,0,0,0,1
1537,2,0,0,1,0,0,0,0,0,0,0,0,0,0,0
1539,2,0,0,0,0,0,0,0,0,1,0,0,0,0,0
154,2,0,1,0,1,1,0,0,0,0,0,0,0,0,0
1540,2,0,1,0,1,0,0,0,0,0,0,0,0,0,0
1541,2,0,1,1,0,1,0,0,0,0,0,1,1,0,0
1542,2,0,0,0,0,0,0,0,0,0,0,0,0,0,0
1543,2,0,0,0,1,0,0,0,0,0,0,0,0,0,0
1544,2,0,0,0,0,0,0,0,0,0,0,0,0,0,0
1545,2,0,0,0,0,0,0,0,0,0,0,0,0,1,0
1546,2,0,0,0,0,1,1,0,0,0,0,0,0,0,0
1547,2,1,0,0,0,0,0,0,1,0,0,0,0,0,0
1548,2,0,0,0,0,1,1,0,0,0,0,0,0,0,0
1549,2,0,0,0,0,0,0,0,0,0,0,0,0,0,0
155,2,1,1,0,0,0,1,0,0,0,0,0,0,0,0
1550,2,0,0,1,0,0,0,0,0,0,0,1,0,0,0
1552,2,1,0,0,0,0,0,0,0,0,0,0,0,1,0
1553,2,0,0,0,0,0,0,0,0,0,0,0,0,0,0
1554,2,0,0,0,0,0,0,0,0,0,0,0,0,0,0
1555,2,0,1,0,1,0,0,0,0,0,0,0,0,0,0
1556,2,1,0,1,0,0,0,1,1,1,1,0,1,0,0
1557,2,0,1,0,0,1,0,1,0,0,0,0,0,0,0
1558,2,0,0,0,0,0,0,0,0,0,0,0,0,0,0
1559,2,0,0,0,0,0,0,0,0,0,0,0,0,0,0
156,2,0,0,0,0,1,0,1,0,0,0,0,0,0,0
1560,2,0,0,0,0,1,0,0,0,0,0,0,1,0,0
1561,2,0,0,0,0,0,0,0,0,0,0,0,0,0,0
1562,2,0,0,0,0,0,0,1,0,0,0,0,0,0,0
1563,2,0,0,0,0,0,0,0,0,0,0,0,0,0,0
1564,2,0,0,0,0,0,0,0,0,0,0,0,0,0,0
1565,2,0,0,0,0,0,0,0,0,0,0,0,0,0,0
1566,2,1,1,0,0,0,0,0,1,0,0,0,0,0,0
1567,2,0,0,1,0,0,0,1,0,0,1,0,0,0,0
1568,2,0,1,0,1,0,0,0,0,0,0,0,1,0,0
1569,2,1,1,0,1,1,1,0,0,0,0,0,0,0,0
157,2,0,0,0,0,1,0,1,0,0,0,0,0,0,0
1570,2,0,0,0,1,1,0,0,0,0,0,0,0,0,0
1571,2,0,0,0,0,0,0,0,0,0,0,0,0,0,0
1572,2,1,1,0,0,1,0,0,0,0,0,0,0,0,0
1573,2,0,0,0,0,0,0,0,0,0,0,0,0,0,0
1574,2,0,0,1,0,0,0,0,0,0,1,0,0,0,0
1575,2,0,0,0,0,0,0,1,0,0,0,0,0,0,1
1576,2,0,0,0,0,0,0,0,0,0,0,0,0,0,0
1577,2,0,0,1,1,0,0,0,0,0,0,0,0,0,0
1578,2,0,0,0,0,0,0,0,0,0,0,0,0,0,0
1579,2,1,0,0,1,1,1,1,0,0,0,0,0,1,0
158,2,0,0,0,0,0,0,1,0,0,0,0,0,0,1
1580,2,0,0,1,0,1,1,0,0,0,0,1,0,0,0
1581,2,1,0,0,0,0,0,1,1,1,0,0,0,0,0
1582,2,0,0,0,0,0,0,0,0,0,0,0,0,1,0
1583,2,0,0,0,0,0,0,0,0,0,0,0,0,0,0
1584,2,1,1,0,1,0,1,0,1,0,0,0,0,1,0
1585,2,1,0,1,0,1,1,0,1,0,1,0,0,0,0
1586,2,0,0,1,0,1,0,0,0,0,1,0,0,0,0
1587,2,0,0,0,1,0,0,0,0,1,0,0,0,0,0
1588,2,0,0,0,0,0,0,1,0,0,0,0,0,0,0
1589,2,0,0,0,0,0,0,0,0,0,0,0,0,0,0
159,2,0,1,0,1,1,0,0,0,0,0,0,0,0,0
1590,2,1,1,0,0,1,0,0,0,0,0,1,1,0,0
1591,2,1,1,0,1,1,1,0,1,0,0,0,0,1,0
1592,2,1,0,0,0,0,0,0,1,0,0,0,0,0,0
1593,2,0,0,0,0,0,0,0,0,0,0,0,0,0,0
1594,2,0,1,1,1,1,1,0,0,0,0,1,0,0,0
1595,2,0,0,0,0,0,0,0,0,0,0,0,0,0,0
1596,2,0,0,0,0,0,1,0,0,0,0,0,0,0,0
1597,2,0,0,0,0,0,0,0,0,0,0,0,0,0,0
1598,2,1,1,0,1,1,1,1,0,1,0,1,0,0,0
1599,2,1,0,1,1,1,1,0,0,1,1,0,0,0,0
16,2,0,0,0,0,0,0,0,0,0,0,0,0,0,0
160,2,0,0,0,0,0,0,0,0,0,0,0,0,0,0
1600,2,1,0,0,1,0,0,0,0,0,0,0,0,0,0
1601,2,0,0,0,0,0,0,1,0,0,0,0,0,0,0
1602,2,1,1,0,0,0,0,0,1,0,1,0,0,0,0
1603,2,0,0,0,0,0,0,0,0,0,0,0,0,0,0
1604,2,0,0,0,0,0,0,0,0,0,0,0,0,0,0
1605,2,0,0,0,0,0,0,0,0,0,0,0,0,0,0
1606,2,0,0,0,0,1,0,0,0,0,0,0,0,0,0
1607,2,0,0,0,0,0,0,1,0,0,0,0,0,0,0
1608,2,0,0,0,0,0,0,0,0,1,0,0,0,0,0
1609,2,1,1,0,0,0,0,0,1,0,0,0,0,1,0
161,2,0,0,0,0,0,0,0,0,0,0,0,0,0,0
1610,2,0,0,0,0,0,0,0,0,1,0,0,0,0,0
1611,2,0,0,0,0,0,0,0,0,0,0,0,0,0,0
1612,2,1,1,0,0,1,0,0,1,0,0,0,1,0,0
1613,2,1,1,0,0,1,1,1,0,0,0,1,0,0,0
1614,2,1,0,0,0,1,0,0,0,0,0,0,0,0,0
1615,2,0,0,1,0,0,1,0,0,0,0,0,0,0,0
1616,2,0,1,0,1,0,1,0,0,0,0,0,0,0,0
1617,2,0,1,0,1,0,0,0,0,0,0,0,0,0,0
1618,2,1,1,0,0,0,0,1,0,0,1,0,0,0,0
1619,2,0,0,0,0,0,0,0,0,0,0,0,0,0,0
162,2,1,1,0,0,0,0,0,0,0,0,0,0,0,0
1620,2,1,0,1,0,1,0,0,0,0,0,0,1,0,0
1621,2,1,0,0,1,0,0,0,0,0,0,0,0,0,0
1622,2,0,0,1,0,0,0,1,0,0,0,0,0,0,1
1623,2,0,1,0,1,1,1,0,0,0,0,0,0,0,0
1624,2,0,0,0,0,0,0,0,0,0,0,0,0,0,0
1625,2,0,0,0,0,0,0,0,1,0,0,0,0,0,0
1627,2,0,0,0,0,0,0,0,0,0,0,0,0,0,0
1629,2,0,0,0,0,0,0,0,0,0,0,0,0,0,0
163,2,0,0,0,0,0,0,0,0,0,0,0,0,0,0
1630,2,1,0,1,0,0,1,0,0,0,0,1,0,0,0
1631,2,0,0,1,0,1,1,1,0,1,0,0,1,0,0
1632,2,1,0,0,0,0,0,0,1,0,1,0,1,1,0
1633,2,1,1,0,0,0,0,0,1,0,0,0,0,0,0
1634,2,0,0,1,0,1,0,0,0,1,0,0,0,0,0
1635,2,0,0,0,0,0,0,0,0,0,0,0,0,0,0
1636,2,0,0,0,0,0,0,0,0,0,0,0,0,0,0
1637,2,0,0,0,0,0,0,0,0,0,0,0,0,0,0
1638,2,0,0,0,0,0,0,0,0,1,0,0,0,0,0
1639,2,0,0,1,0,0,0,0,0,0,0,0,0,0,0
164,2,0,1,1,0,1,0,0,0,0,0,0,0,0,0
1640,2,0,0,0,0,0,0,0,0,0,0,0,0,0,0
1641,2,0,0,0,0,0,0,0,0,0,0,0,1,0,0
1642,2,0,0,0,0,0,0,0,0,0,0,0,0,0,0
1643,2,0,0,1,0,0,1,0,0,0,0,0,0,0,0
1644,2,1,0,0,0,0,0,0,0,0,0,0,0,0,0
1646,2,0,0,0,0,0,0,0,1,0,0,0,0,0,0
1647,2,0,0,0,0,0,0,0,0,0,0,0,0,0,0
1648,2,1,1,1,0,0,0,0,0,0,1,0,1,0,1
1649,2,0,0,0,0,0,0,1,0,0,0,0,0,0,0
165,2,0,0,0,0,0,0,0,0,0,0,0,1,0,0
1650,2,0,0,0,0,0,0,0,0,0,0,0,0,0,0
1651,2,0,0,0,0,0,0,0,1,0,1,0,0,0,0
1652,2,0,0,0,0,0,0,0,0,0,0,0,0,0,0
1653,2,1,0,1,1,0,0,1,1,0,1,0,0,0,0
1654,2,0,0,0,0,0,0,0,0,0,0,0,0,0,0
1655,2,0,0,0,0,0,0,0,0,0,0,0,0,0,0
1656,2,0,0,0,0,0,0,0,0,0,0,0,0,0,0
1657,2,0,0,0,1,0,0,0,0,0,0,0,0,0,0
1658,2,0,0,0,0,0,0,0,0,0,0,0,0,0,0
1659,2,1,0,0,0,0,0,1,0,1,1,0,0,0,0
166,2,1,0,0,0,0,0,0,0,0,0,0,0,0,0
1660,2,0,0,1,0,0,1,0,0,0,0,1,0,0,0
1661,2,0,0,0,0,0,0,0,0,0,0,0,0,0,0
1662,2,1,0,0,1,0,1,1,0,0,0,0,1,1,1
1663,2,0,0,0,0,0,0,0,0,0,0,0,0,0,0
1664,2,0,0,1,0,0,1,1,0,0,0,0,0,0,0
1665,2,0,0,0,0,0,0,1,0,0,0,0,0,0,0
1666,2,0,0,0,0,0,0,0,0,0,0,0,0,0,0
1667,2,0,0,0,0,0,0,0,0,0,0,0,0,0,0
1668,2,0,0,0,0,0,0,0,0,0,0,0,0,0,0
1669,2,0,0,0,0,0,0,1,1,0,0,0,0,0,0
167,2,0,0,0,0,0,0,0,0,0,0,0,0,0,0
1670,2,0,0,0,0,0,0,0,0,0,0,0,0,0,0
1671,2,0,0,0,0,0,0,0,1,0,0,0,0,0,0
1672,2,0,0,1,0,0,0,0,0,0,0,0,0,0,0
1673,2,0,0,0,0,0,0,0,0,0,0,0,0,0,0
1675,2,1,0,0,0,0,0,1,0,1,1,0,0,1,1
1676,2,1,0,1,0,0,0,0,0,0,0,0,0,1,0
1677,2,0,1,0,0,1,0,1,1,0,0,0,1,1,0
1678,2,0,0,0,0,0,0,0,0,0,0,0,0,0,0
1679,2,0,0,0,0,1,0,0,0,0,0,0,0,0,0
168,2,0,0,0,0,0,0,0,0,0,0,0,0,0,0
1680,2,1,1,1,0,1,1,1,0,0,0,0,0,0,0
1681,2,0,0,0,1,1,0,0,0,0,0,1,0,1,0
1682,2,0,0,0,0,0,0,0,0,0,0,0,0,0,0
1683,2,0,0,0,0,0,0,0,0,0,0,0,0,0,0
1684,2,0,0,0,0,0,0,0,0,0,0,0,0,0,0
1685,2,0,0,0,0,0,0,0,0,0,0,0,0,0,0
1686,2,0,0,0,0,0,0,0,0,0,0,0,0,0,0
1687,2,0,0,0,0,1,0,0,0,0,0,0,0,1,0
1688,2,0,0,0,0,0,0,0,0,0,0,1,0,0,0
1689,2,0,0,0,1,0,0,1,0,0,0,0,0,0,0
169,2,0,0,0,0,0,0,0,0,0,0,0,0,0,0
1690,2,0,1,0,0,0,0,0,0,0,0,0,0,0,0
1691,2,0,0,0,0,0,0,0,0,0,0,0,0,0,0
1692,2,1,1,0,0,1,1,0,0,0,0,0,0,0,0
1693,2,0,0,1,0,0,0,0,0,0,0,0,0,0,0
1694,2,0,1,0,0,0,0,0,0,0,0,0,0,0,0
1695,2,0,0,0,0,0,0,0,0,0,0,0,0,0,0
1696,2,1,0,0,0,0,0,0,0,0,0,0,0,0,0
1697,2,1,0,0,0,1,0,0,0,0,0,0,0,0,0
1698,2,1,1,0,0,0,0,0,0,0,1,1,0,0,0
1699,2,0,0,0,1,0,1,0,0,0,0,0,0,0,0
17,2,0,0,0,0,0,0,0,0,0,0,0,0,0,0
170,2,1,1,1,1,1,1,1,1,1,1,1,0,0,1
1700,2,0,0,1,1,0,0,0,0,0,0,0,0,0,0
1701,2,0,0,0,0,0,0,0,0,0,0,0,0,0,0
1702,2,0,0,0,0,1,0,0,0,0,0,0,0,0,0
1703,2,0,1,1,1,0,0,0,0,1,0,0,0,0,0
1704,2,0,0,0,0,0,0,0,0,0,0,0,0,0,0
1705,2,0,1,1,0,0,1,0,0,0,0,0,0,0,0
1706,2,0,0,0,0,0,0,0,0,0,0,1,0,0,0
1707,2,0,1,0,0,0,0,0,0,0,0,0,0,0,0
1708,2,1,0,0,0,0,0,0,1,0,0,0,0,1,0
1709,2,0,0,0,1,0,0,0,0,0,0,0,0,0,0
171,2,0,0,1,0,1,0,0,0,0,0,0,0,0,0
1710,2,1,0,0,0,1,0,1,0,0,1,0,0,0,1
1711,2,0,0,0,0,0,0,0,0,0,0,0,0,0,0
1712,2,1,1,0,0,0,0,0,1,0,0,0,0,0,1
1713,2,0,0,0,0,0,0,0,0,0,0,0,0,0,0
1714,2,0,0,0,0,0,0,0,0,0,0,0,0,0,0
1715,2,0,0,0,0,0,0,0,0,0,0,0,0,0,0
1716,2,0,1,0,0,1,0,0,0,0,0,0,0,0,0
1717,2,1,1,0,0,0,0,0,0,0,0,0,0,1,0
1718,2,1,1,0,0,0,0,0,0,0,0,0,0,0,0
1719,2,0,0,0,1,1,1,0,0,0,0,1,0,0,0
172,2,0,0,0,0,0,0,0,0,0,0,0,0,0,0
1720,2,1,1,0,0,1,0,0,0,0,0,0,0,1,0
1721,2,0,0,0,1,0,1,0,0,0,0,0,0,0,0
1722,2,0,0,0,0,0,0,1,1,1,1,0,0,0,0
1723,2,0,0,0,0,0,0,0,0,0,0,0,0,0,0
1724,2,0,0,0,0,0,0,1,0,0,1,0,0,1,0
1725,2,0,0,0,0,0,0,0,0,0,0,0,0,0,0
1726,2,1,0,0,0,0,0,0,0,0,0,0,0,1,0
1728,2,0,0,0,0,0,0,0,0,0,0,0,0,0,0
1729,2,0,0,0,0,0,0,0,0,0,0,0,0,0,0
1730,2,0,0,0,0,0,0,0,0,0,0,0,0,0,0
1731,2,0,1,0,1,0,1,0,1,1,0,1,0,0,0
1732,2,0,1,1,1,0,1,1,0,0,0,0,0,0,0
1733,2,0,0,0,0,0,0,0,0,0,0,0,0,0,0
1734,2,0,0,0,0,0,0,0,0,0,0,0,0,0,0
1735,2,0,1,0,1,0,0,0,0,0,0,0,0,0,0
1736,2,0,0,0,0,0,0,0,0,0,0,0,0,0,0
1737,2,0,0,1,0,0,0,1,0,1,1,0,0,0,0
1738,2,1,0,0,0,0,1,0,0,0,0,0,0,0,0
1739,2,0,0,1,1,0,0,1,0,0,0,0,1,0,0
174,2,0,0,0,0,0,0,0,0,0,0,0,0,0,0
1740,2,1,1,0,1,1,1,0,1,0,0,1,0,0,0
1741,2,0,0,0,0,0,0,0,0,0,0,0,0,0,0
1742,2,0,0,0,0,0,0,0,0,0,0,0,0,0,0
1743,2,0,0,0,0,0,0,0,0,0,0,0,0,0,0
1744,2,0,1,0,0,0,0,0,1,1,0,0,0,0,0
1745,2,1,0,0,0,1,0,0,0,0,0,0,0,0,0
1746,2,0,0,1,0,0,0,0,0,0,0,0,0,0,0
1747,2,0,0,1,0,0,1,0,0,0,0,0,0,0,0
1748,2,0,0,1,0,0,0,1,1,0,1,0,0,0,1
1749,2,0,0,0,0,0,0,0,1,0,1,0,0,0,0
175,2,0,0,0,0,0,0,0,0,0,0,0,0,0,0
1750,2,0,0,0,0,0,0,1,0,1,0,0,1,0,0
1751,2,0,0,0,0,0,1,0,0,0,0,0,0,0,0
1752,2,0,0,1,0,1,1,0,0,0,0,0,0,0,0
1753,2,0,0,0,0,0,0,0,0,0,0,0,0,0,0
1754,2,1,0,0,0,1,0,0,0,0,0,0,0,0,0
1755,2,0,0,0,0,0,0,0,0,0,0,0,0,0,0
1756,2,0,1,0,0,0,0,0,0,0,0,0,0,0,0
1758,2,0,0,0,0,0,0,0,1,0,0,0,0,0,0
1759,2,1,0,1,0,0,0,0,0,0,1,0,0,0,0
176,2,0,0,0,0,0,0,0,0,0,0,0,0,0,0
1760,2,0,1,0,0,0,0,1,0,0,0,0,0,0,0
1761,2,0,0,0,0,0,0,0,0,0,0,0,0,0,0
1762,2,1,1,1,1,1,1,0,0,1,0,1,0,0,0
1763,2,0,0,0,0,1,0,0,0,0,0,0,0,0,0
1764,2,1,1,0,1,0,0,1,1,1,0,0,1,1,0
1765,2,1,0,0,1,1,0,0,0,0,0,0,0,0,0
1766,2,0,0,0,0,0,0,0,0,0,0,0,0,0,0
1767,2,1,0,1,0,1,1,0,0,1,0,1,0,0,0
1768,2,0,0,0,0,0,0,0,0,0,0,0,0,0,0
1769,2,1,0,0,0,0,0,0,0,0,0,0,0,0,0
177,2,1,0,0,0,1,0,0,0,0,0,0,0,0,0
1770,2,0,0,0,0,0,0,1,0,1,1,0,0,0,0
1771,2,0,0,0,0,0,0,0,0,0,0,0,1,0,0
1772,2,0,1,0,0,0,0,0,0,0,0,0,0,0,0
1773,2,1,0,0,0,0,0,0,0,0,0,0,0,0,0
1774,2,0,1,0,1,1,1,1,0,1,0,0,1,0,0
1775,2,1,1,0,1,1,1,1,1,0,0,0,1,1,0
1776,2,0,0,0,0,0,0,0,0,1,1,0,0,0,0
1777,2,0,0,0,0,0,0,0,0,0,0,0,0,0,0
1778,2,1,1,1,1,1,1,1,1,1,0,0,0,0,0
1779,2,1,1,0,0,1,0,1,0,1,1,0,0,1,1
178,2,0,0,0,0,1,0,0,0,1,0,0,0,0,0
1780,2,1,0,0,1,1,0,0,0,0,0,0,0,0,0
1781,2,0,0,0,0,0,0,1,0,0,0,0,0,0,0
1782,2,0,0,0,0,0,0,0,0,0,0,0,0,0,0
1783,2,0,1,0,0,0,0,1,1,0,0,0,1,0,0
1784,2,0,1,0,0,0,0,0,0,0,1,1,0,0,0
1785,2,0,0,0,0,0,0,0,0,1,0,0,1,0,0
1786,2,0,0,0,0,0,0,0,0,0,0,0,0,0,0
1787,2,0,0,0,0,0,0,0,0,0,1,0,0,0,0
1788,2,1,1,0,0,1,0,1,1,0,0,0,0,1,0
1789,2,0,0,0,0,0,0,0,0,0,0,0,0,0,0
179,2,0,0,0,0,0,0,0,0,0,0,0,0,0,0
1790,2,0,1,0,0,0,0,0,1,0,0,0,0,0,0
1791,2,0,0,0,0,0,0,0,0,0,0,0,0,0,0
1792,2,0,0,0,0,0,0,0,0,0,0,1,1,0,0
1793,2,0,1,1,0,1,0,0,0,0,0,0,1,0,0
1794,2,0,0,1,0,0,0,0,0,1,0,0,0,0,0
1795,2,0,0,0,0,1,0,1,0,1,1,0,0,0,0
1796,2,1,0,1,1,1,1,0,0,0,0,0,0,0,0
1797,2,1,0,0,0,0,0,0,0,0,0,0,0,0,0
1798,2,0,0,1,0,0,0,0,0,0,0,0,0,0,0
1799,2,0,0,0,0,0,0,0,0,0,0,0,0,0,0
18,2,0,0,0,0,0,0,0,1,0,1,0,0,0,0
180,2,0,0,1,0,0,0,0,0,0,0,0,0,0,0
1800,2,0,0,0,0,0,0,1,0,0,0,0,0,0,0
1801,2,0,0,0,1,0,0,0,0,0,0,0,0,0,0
1802,2,1,1,0,1,1,1,0,1,0,0,1,0,1,0
1803,2,1,0,1,0,1,0,0,0,0,0,0,0,0,0
1804,2,0,0,1,0,0,0,0,0,1,1,0,0,0,0
1805,2,0,0,0,0,0,0,0,0,0,0,0,0,0,0
1806,2,1,0,0,0,0,0,0,0,0,1,0,0,0,0
1807,2,1,0,0,1,1,0,0,0,0,0,0,0,0,0
1808,2,0,0,0,0,0,0,0,0,0,0,0,0,0,0
1809,2,1,1,0,0,0,0,0,0,1,1,0,0,1,0
181,2,0,0,0,0,0,0,0,0,0,0,0,0,0,0
1810,2,0,1,1,0,1,0,0,0,0,1,0,0,0,0
1811,2,0,0,1,0,1,0,0,0,0,0,0,0,0,0
1812,2,0,0,0,0,0,0,0,0,0,0,0,0,0,0
1813,2,0,0,1,0,0,0,0,0,0,0,0,0,0,0
1814,2,0,1,1,0,0,0,0,0,1,1,0,0,0,0
1815,2,0,0,0,1,1,0,0,1,0,0,0,0,0,0
1816,2,0,0,0,0,0,0,0,0,0,0,0,0,0,0
1817,2,1,1,0,0,0,0,0,1,0,0,0,0,0,0
1818,2,0,0,0,0,0,0,0,0,0,0,0,0,0,0
1819,2,1,0,0,0,0,0,0,0,0,0,0,0,0,0
182,2,0,1,0,1,0,0,0,0,0,0,0,0,0,0
1820,2,0,0,0,0,1,0,0,0,0,0,0,0,1,0
1821,2,0,0,0,1,0,0,1,0,0,0,1,1,0,0
1822,2,0,1,1,1,0,0,1,0,0,0,0,0,0,0
1823,2,1,1,0,1,1,0,1,1,1,0,1,1,1,1
1824,2,0,0,0,0,1,0,0,0,0,0,0,0,0,0
1825,2,0,0,0,0,0,0,0,0,0,0,0,0,0,0
1826,2,0,0,1,1,0,0,0,0,0,0,0,0,0,0
1827,2,0,1,1,1,1,0,0,0,0,0,1,0,0,0
1828,2,0,0,0,0,0,0,0,0,0,0,0,0,0,1
1829,2,0,0,0,0,0,0,0,1,0,0,0,0,1,0
183,2,0,0,0,0,0,0,0,0,0,0,0,0,0,0
1831,2,1,1,0,1,0,0,0,0,1,0,0,1,1,0
1832,2,0,0,0,0,0,0,0,0,0,1,0,0,0,0
1833,2,0,0,1,0,0,0,0,0,0,0,0,0,0,0
1834,2,0,0,0,1,1,1,0,0,0,0,0,0,0,1
1835,2,0,1,0,1,1,1,1,1,0,0,1,1,0,1
1836,2,0,0,0,0,0,0,0,1,0,0,0,0,0,0
1837,2,0,0,0,0,0,0,0,0,0,0,0,0,0,0
1838,2,0,0,0,0,0,0,0,0,0,0,0,0,0,0
1839,2,0,0,0,1,1,0,0,0,0,0,0,0,0,0
184,2,0,0,0,0,0,0,0,0,0,0,0,0,0,0
1840,2,0,0,0,0,0,0,0,0,0,0,0,0,0,0
1841,2,0,0,0,0,0,0,0,0,0,0,0,0,0,0
1842,2,0,0,0,0,0,0,0,0,0,0,0,0,0,0
1843,2,0,0,0,0,0,0,0,0,0,0,0,0,0,0
1844,2,0,0,0,0,0,0,0,0,0,0,0,0,0,0
1845,2,1,1,0,1,0,0,0,0,0,1,0,0,0,0
1846,2,0,0,0,0,0,0,0,0,0,0,0,0,0,0
1847,2,0,0,0,0,0,0,0,0,0,0,0,0,0,0
1848,2,1,0,0,0,0,0,0,1,0,0,0,0,1,0
1849,2,0,0,0,1,1,0,0,0,0,0,1,0,0,0
185,2,1,0,0,0,0,0,1,0,0,0,0,0,0,0
1850,2,0,1,0,0,0,0,1,0,0,0,0,0,0,0
1851,2,0,1,0,0,0,0,0,0,0,0,0,0,0,0
1852,2,0,0,0,0,0,0,0,0,0,0,0,0,0,0
1853,2,0,1,0,0,0,0,0,0,0,0,0,1,0,0
1854,2,0,0,0,0,0,0,1,0,0,0,0,0,0,0
1855,2,0,0,0,0,0,0,0,0,0,0,0,0,0,0
1856,2,0,0,1,0,0,0,0,0,0,0,0,0,1,0
1857,2,0,0,1,0,0,0,0,0,0,0,0,0,0,0
1858,2,1,0,0,0,0,0,1,0,0,0,0,0,0,0
1859,2,0,0,0,0,0,0,0,0,0,0,0,0,0,0
1860,2,0,0,0,0,0,0,0,0,0,0,0,0,0,0
1861,2,0,1,1,0,1,1,0,0,0,0,1,0,0,0
1862,2,0,0,0,0,0,0,0,0,0,0,0,0,0,0
1863,2,0,0,0,0,0,0,0,0,0,0,0,0,0,0
1864,2,1,0,0,0,0,0,1,1,0,0,0,0,0,1
1865,2,1,0,0,0,0,0,0,1,0,0,0,0,1,1
1866,2,0,0,0,0,0,1,0,0,0,0,0,0,0,0
1867,2,0,0,0,0,0,0,0,0,0,0,0,0,0,0
1868,2,0,0,0,0,0,0,0,0,0,0,0,0,0,0
1869,2,0,0,0,1,0,0,0,0,0,0,0,0,0,0
187,2,0,0,0,0,0,1,0,0,0,0,0,0,0,0
1870,2,0,0,0,0,0,0,0,0,0,0,0,1,0,0
1871,2,0,0,0,0,0,0,0,0,0,0,0,0,0,0
1872,2,0,1,0,0,0,0,0,0,0,0,0,0,0,0
1873,2,0,1,0,0,1,1,0,0,0,0,0,0,1,0
1874,2,0,0,0,0,0,0,0,0,0,0,0,0,0,0
1875,2,0,0,0,0,0,0,0,0,0,0,0,0,0,0
1877,2,0,1,0,1,0,0,0,0,0,0,0,0,0,0
1878,2,0,0,0,0,0,0,0,0,0,0,0,0,0,0
1879,2,0,0,0,1,0,0,0,1,0,0,0,0,0,0
188,2,0,0,0,0,0,0,0,0,0,0,0,0,0,0
1880,2,0,0,0,0,0,0,0,0,0,0,0,0,0,0
1881,2,0,1,0,1,1,1,0,0,0,0,1,0,0,0
1882,2,0,0,0,0,0,0,0,0,0,0,0,0,0,0
1883,2,0,0,0,1,0,0,0,0,0,0,0,0,0,0
1884,2,0,0,0,0,0,0,0,0,0,0,0,0,0,0
1885,2,0,0,0,0,0,0,0,0,0,0,0,0,0,0
1887,2,0,0,0,0,0,0,0,0,0,0,0,0,0,0
1888,2,0,0,0,0,0,0,0,0,0,0,0,0,0,0
1889,2,0,0,0,0,0,0,0,0,0,0,0,0,0,0
189,2,0,0,0,0,0,0,0,0,0,0,0,0,0,0
1890,2,1,0,0,0,0,0,0,0,0,0,0,0,0,0
1891,2,0,0,0,0,0,0,0,0,0,0,0,0,0,0
1892,2,1,0,0,0,0,0,0,0,0,0,0,0,0,0
1893,2,0,0,0,0,0,0,0,0,0,0,0,0,0,0
1894,2,0,0,0,0,0,0,0,0,0,0,0,0,0,0
1895,2,0,0,0,0,0,0,0,0,0,0,0,0,0,0
1896,2,0,0,0,1,1,0,0,1,0,0,1,1,0,0
1898,2,0,0,0,0,0,0,0,0,0,0,0,0,0,0
1899,2,0,1,1,0,1,0,0,0,0,0,0,0,0,0
19,2,1,1,1,1,1,1,1,1,0,0,1,1,0,0
190,2,0,0,0,0,0,0,0,0,0,0,0,0,0,0
1900,2,1,1,0,0,1,0,1,1,0,0,0,0,0,1
1901,2,1,0,1,1,1,1,0,0,0,0,1,0,0,1
1902,2,0,0,1,0,0,1,0,0,0,0,0,0,0,0
1903,2,1,0,1,0,1,1,1,0,1,0,0,0,0,1
1904,2,0,0,0,0,0,0,0,0,0,0,0,0,0,0
1905,2,0,0,1,1,0,0,0,0,0,0,0,0,0,0
1906,2,0,0,0,0,0,0,0,1,0,0,0,0,0,0
1907,2,1,0,0,1,0,0,0,0,0,1,0,1,0,0
1908,2,0,0,0,1,0,0,0,1,0,0,0,0,0,0
1909,2,0,0,0,0,0,1,0,0,0,0,0,0,0,0
191,2,1,1,0,0,0,0,0,0,0,0,0,0,0,0
1910,2,0,0,0,0,0,0,0,0,0,0,0,0,0,0
1911,2,0,0,1,0,0,0,0,0,1,0,0,0,0,0
1912,2,0,0,0,0,0,0,0,0,0,0,0,0,1,0
1913,2,0,0,0,0,0,0,0,0,0,0,0,0,0,0
1914,2,1,0,0,0,0,0,0,0,0,0,0,0,0,0
1915,2,0,0,0,0,0,0,0,0,0,0,0,0,0,0
1916,2,0,1,0,1,1,1,0,0,0,0,0,0,0,0
1917,2,0,1,0,1,0,1,1,1,1,0,0,0,1,0
1918,2,0,0,0,1,0,0,0,0,0,0,0,0,0,0
1919,2,0,0,1,0,0,0,0,0,0,0,1,0,0,0
192,2,1,1,0,1,1,1,0,0,0,0,1,0,1,0
1920,2,0,0,0,0,0,0,0,0,0,0,0,0,0,0
1921,2,0,0,0,0,0,0,0,0,0,0,0,0,0,0
1922,2,0,0,1,0,0,0,0,1,0,1,0,0,0,0
1923,2,0,0,0,0,0,0,0,0,0,0,0,0,0,0
1924,2,0,0,1,0,1,1,0,0,0,0,0,0,0,0
1925,2,0,1,0,0,0,0,0,1,0,0,0,0,0,0
1926,2,0,0,0,0,0,0,0,0,0,0,0,0,0,0
1927,2,1,1,1,1,1,0,0,0,0,0,1,0,0,0
1928,2,0,0,0,0,0,0,0,0,0,0,0,0,0,0
1929,2,1,0,0,1,1,1,0,0,0,0,0,0,0,0
193,2,1,0,0,0,0,0,0,0,0,0,0,0,0,0
1930,2,1,0,0,0,0,0,0,0,0,0,0,0,1,0
1931,2,0,0,1,1,0,0,1,0,0,0,1,0,0,0
1932,2,0,0,0,0,0,0,0,0,0,0,0,0,0,0
1933,2,1,0,1,1,0,1,0,0,1,0,1,0,0,0
1934,2,0,0,0,0,0,0,0,0,0,0,0,0,0,0
1935,2,1,0,0,0,0,0,1,0,0,0,0,0,1,0
1936,2,0,0,1,1,0,0,0,0,0,0,1,0,0,0
1937,2,1,1,0,1,0,0,0,1,0,1,0,0,0,0
1938,2,0,0,0,0,0,0,0,0,0,0,0,0,0,0
1939,2,1,1,0,0,0,0,0,0,0,0,0,0,0,0
194,2,0,0,0,0,0,0,0,0,0,0,0,0,0,0
1940,2,0,0,0,0,0,0,1,0,0,0,0,0,0,0
1941,2,0,0,1,0,1,1,0,0,0,0,0,0,0,0
1942,2,0,1,0,0,0,0,1,0,0,0,0,0,0,0
1943,2,0,0,0,0,0,0,0,0,0,0,0,0,0,0
1944,2,0,1,0,1,1,0,0,1,0,0,0,1,1,0
1945,2,1,1,0,0,0,0,1,0,0,0,0,0,0,0
1946,2,1,1,0,0,0,0,1,0,0,1,1,1,0,0
1947,2,0,0,0,0,0,0,0,1,0,0,1,0,0,0
1948,2,0,0,0,0,0,0,0,0,0,0,0,0,0,0
1949,2,0,0,0,1,0,0,0,0,0,0,0,0,0,0
195,2,0,0,0,0,0,0,0,1,0,0,0,0,0,0
1950,2,0,0,0,0,0,0,0,0,0,0,0,0,0,0
1951,2,0,0,0,0,0,0,0,0,0,0,0,0,0,0
1952,2,0,0,0,0,0,0,0,0,0,0,1,0,0,0
1953,2,0,0,0,0,0,0,0,0,0,0,0,0,0,0
1954,2,0,0,1,0,0,0,0,0,0,0,0,0,0,0
1955,2,1,1,0,1,1,1,0,0,0,0,1,0,0,0
1956,2,0,0,1,0,0,1,0,0,0,0,0,0,0,0
1957,2,0,1,0,1,0,0,0,1,0,0,0,0,0,0
1958,2,0,0,0,0,0,0,0,0,0,0,0,0,0,0
1959,2,0,0,1,0,1,0,0,0,0,0,0,0,0,0
196,2,1,1,1,1,0,1,1,0,0,0,0,0,0,0
1960,2,0,0,0,0,0,0,0,0,0,0,0,0,0,0
1961,2,0,0,1,1,1,0,0,0,0,0,0,0,0,0
1962,2,0,0,0,0,0,1,0,0,1,0,0,0,0,0
1963,2,1,1,0,0,1,0,0,0,0,0,0,0,0,0
1964,2,0,0,0,0,0,0,1,1,0,1,0,0,0,0
1965,2,0,0,0,1,0,0,0,0,0,0,0,0,0,0
1966,2,0,0,1,0,0,0,0,0,1,1,0,0,0,0
1967,2,1,1,0,0,0,0,0,0,1,0,0,0,0,0
1968,2,0,0,1,0,0,0,0,0,0,0,0,0,0,0
1969,2,1,0,1,0,1,1,0,0,0,0,0,0,0,0
197,2,0,1,1,0,1,0,0,0,0,0,0,0,0,0
1970,2,0,0,0,0,0,0,0,1,0,0,0,0,1,0
1971,2,0,0,0,0,0,0,0,0,0,0,0,0,0,0
1972,2,0,1,1,0,0,0,1,0,0,0,1,0,0,0
1973,2,0,0,0,0,0,0,0,0,0,0,0,0,0,0
1974,2,1,0,0,0,0,0,0,0,0,0,0,0,1,0
1975,2,0,0,0,1,1,0,0,1,0,0,0,0,0,0
1976,2,0,0,1,0,0,0,0,0,0,0,0,0,0,0
1977,2,0,0,0,0,0,0,0,0,0,0,0,0,0,0
1978,2,0,0,0,0,0,0,0,0,0,1,0,0,0,0
1979,2,0,0,0,0,0,0,0,0,0,0,0,0,0,0
198,2,0,1,0,1,1,1,0,0,0,0,0,0,0,0
1980,2,0,0,0,0,0,0,1,0,0,0,1,0,0,0
1981,2,0,0,0,0,0,0,0,0,0,0,0,0,0,0
1982,2,0,0,0,0,0,1,0,0,0,1,0,1,0,1
1983,2,0,0,0,0,0,1,1,0,0,0,0,0,0,0
1984,2,0,0,0,0,0,0,0,0,0,0,0,0,0,0
1985,2,0,1,1,1,1,0,0,0,1,1,0,1,1,0
1986,2,0,0,0,0,0,0,0,0,0,0,0,0,0,0
1987,2,0,0,1,1,0,0,0,0,0,0,0,0,0,0
1988,2,0,1,1,1,1,0,0,1,0,0,0,0,0,0
1989,2,0,0,0,0,0,0,1,0,1,0,0,1,0,0
199,2,0,0,0,0,0,0,0,0,0,0,0,0,0,0
1990,2,0,1,0,0,0,0,0,0,0,0,0,0,0,0
1991,2,0,0,0,0,0,0,0,0,0,0,0,0,0,0
1992,2,0,0,0,0,0,0,0,0,0,0,0,0,0,0
1993,2,0,1,0,0,0,0,0,0,0,0,0,0,0,0
1994,2,0,0,1,0,0,0,0,0,0,0,0,0,0,0
1995,2,0,0,0,0,1,0,1,0,0,0,0,1,0,1
1996,2,1,0,0,0,0,0,0,1,0,1,0,0,0,0
1997,2,0,1,0,0,0,0,1,0,0,0,0,0,0,0
1998,2,0,0,1,0,0,0,0,0,0,0,0,0,0,0
1999,2,0,0,0,1,0,0,1,0,0,0,0,0,0,0
2,2,0,0,0,0,0,0,0,0,0,0,0,0,0,0
20,2,0,1,0,0,0,0,0,0,0,1,0,0,0,0
200,2,1,0,0,0,0,0,0,0,0,0,0,0,0,0
2000,2,0,0,0,0,0,0,0,1,0,0,0,0,0,0
2001,2,1,0,0,0,0,0,0,0,0,0,0,0,0,0
2002,2,1,1,0,1,1,1,0,0,0,0,0,0,0,0
2003,2,0,0,0,1,0,0,0,0,0,0,0,0,1,0
2004,2,0,1,0,1,1,0,0,0,0,0,0,0,0,0
2005,2,0,0,1,1,0,1,0,1,0,0,0,0,0,0
2006,2,1,1,0,0,0,0,1,0,1,0,0,1,0,0
2007,2,1,1,1,1,1,1,1,1,0,0,0,1,1,0
2008,2,1,1,0,1,1,1,0,0,0,0,0,0,0,0
201,2,0,0,1,0,0,0,0,0,0,0,0,0,0,0
2010,2,0,0,0,0,0,0,0,0,0,0,0,0,0,0
2011,2,0,0,0,0,0,0,0,0,0,0,0,0,0,0
2012,2,1,1,1,1,1,1,0,1,0,0,0,0,0,0
2013,2,0,0,0,0,0,1,0,0,0,0,0,0,0,0
2014,2,0,0,0,0,0,0,0,0,0,0,0,0,0,0
2015,2,1,1,0,0,0,0,0,1,1,0,0,0,0,0
2016,2,0,0,1,0,0,0,0,0,0,0,1,0,0,0
2017,2,0,0,0,0,0,0,1,0,1,0,0,0,0,0
2018,2,0,0,1,1,1,1,0,0,1,1,0,1,1,1
2019,2,1,0,1,0,0,0,0,0,1,1,0,0,0,0
202,2,0,0,0,0,0,0,1,0,0,0,0,0,0,0
2020,2,0,1,1,1,0,1,0,0,0,0,1,0,0,0
2021,2,0,0,0,0,0,0,0,0,0,0,0,0,0,0
2022,2,1,1,0,0,0,0,1,1,1,0,0,1,0,0
2023,2,0,0,0,0,0,0,0,0,0,0,0,0,0,0
2024,2,1,1,0,0,0,0,1,0,0,0,0,0,0,0
2025,2,0,0,0,0,0,0,0,0,0,0,0,0,0,0
2026,2,0,0,0,0,0,0,0,0,0,0,0,0,0,0
2027,2,0,1,0,1,1,0,0,0,0,0,0,0,0,0
2028,2,0,0,0,0,0,0,0,0,0,0,0,0,0,0
2029,2,1,0,0,0,1,0,0,1,0,0,0,0,1,0
203,2,0,0,0,0,0,0,0,0,0,0,0,0,0,0
2030,2,1,0,0,0,0,1,0,0,0,0,0,0,0,0
2032,2,0,0,0,0,0,0,0,0,0,0,0,0,0,0
2033,2,0,0,0,1,0,1,0,0,0,0,1,1,0,0
2034,2,0,0,0,0,0,0,0,0,1,0,0,0,0,0
2035,2,0,0,0,0,0,0,0,0,0,0,0,0,0,0
2036,2,0,0,0,0,0,0,0,0,0,0,0,1,0,1
2037,2,0,0,0,0,0,0,0,0,0,0,0,0,0,0
2038,2,0,0,0,0,1,0,0,0,0,0,1,0,0,0
204,2,0,0,0,0,0,0,0,0,0,0,0,0,0,0
2040,2,1,0,0,0,0,0,0,0,0,0,0,0,0,0
2041,2,0,0,0,0,0,0,0,0,0,0,0,0,0,0
2042,2,0,1,0,0,0,0,0,0,0,0,0,0,1,0
2043,2,0,0,0,0,0,0,0,0,0,0,0,0,0,0
2044,2,0,0,0,0,0,0,0,0,0,0,0,0,0,0
2045,2,0,0,0,0,0,0,0,0,0,0,0,0,0,0
2046,2,0,0,0,0,0,0,0,0,0,0,0,0,0,0
2047,2,0,1,0,0,1,0,0,0,0,1,0,0,0,0
2048,2,0,0,0,0,0,0,0,0,0,0,0,0,0,0
2049,2,0,0,0,0,0,0,0,0,0,0,0,0,0,0
205,2,0,1,0,1,1,1,0,1,0,0,0,0,0,0
2050,2,0,1,1,0,0,0,0,0,0,0,1,0,0,0
2051,2,0,0,0,0,0,0,0,0,0,0,0,0,0,0
2052,2,0,0,0,0,0,0,0,0,0,0,0,0,0,0
2053,2,0,0,0,0,0,0,0,1,0,0,0,0,0,0
2054,2,0,0,0,0,0,0,0,0,0,0,0,0,0,0
2055,2,0,0,0,0,0,0,0,0,0,0,0,0,0,0
2056,2,1,0,1,1,1,0,0,1,0,0,0,0,0,0
2057,2,0,0,0,0,0,0,1,0,0,0,0,1,0,0
2058,2,1,0,0,0,0,0,0,0,1,0,0,0,0,0
2059,2,0,0,0,0,0,0,0,0,0,0,0,0,0,0
2060,2,0,0,0,0,0,0,0,0,0,0,0,0,0,0
2061,2,0,0,0,0,0,0,0,0,0,0,0,0,0,0
2062,2,0,1,0,1,0,0,0,0,0,0,0,0,0,0
2063,2,0,0,0,0,0,0,0,0,0,0,0,0,0,0
2064,2,0,0,0,0,0,1,1,0,0,0,0,0,0,0
2065,2,0,0,0,0,0,1,0,0,0,0,0,0,0,0
2066,2,0,0,0,0,0,0,0,0,0,0,0,1,0,0
2068,2,1,1,0,0,0,0,1,0,0,0,0,1,0,1
2069,2,0,0,1,0,1,1,1,0,0,0,0,0,0,0
207,2,0,0,0,0,0,0,0,0,0,0,0,0,0,0
2070,2,0,1,1,1,0,0,0,1,1,1,0,0,0,0
2071,2,0,0,1,0,0,0,0,0,0,0,0,0,0,0
2073,2,0,0,0,0,0,0,0,0,0,0,0,0,0,0
2074,2,0,0,0,0,0,0,0,0,0,0,0,0,0,0
2075,2,0,0,1,0,0,0,1,0,0,0,0,0,0,0
2076,2,1,0,0,0,0,0,0,0,0,0,0,0,0,0
2077,2,0,0,0,0,0,0,0,0,0,0,0,0,0,0
2078,2,0,1,0,0,0,0,0,0,0,0,0,0,0,0
2079,2,0,0,0,0,0,0,0,0,0,0,0,0,0,0
208,2,1,0,0,0,0,0,0,0,0,0,0,0,0,0
2080,2,0,1,0,0,1,1,0,1,0,0,0,0,0,0
2081,2,0,0,1,0,0,0,0,0,0,0,0,0,0,0
2082,2,1,0,0,0,1,1,1,0,1,0,0,0,0,0
2083,2,1,0,0,0,0,0,1,0,0,1,0,0,0,0
2084,2,0,0,0,0,0,0,1,0,0,0,0,0,1,0
2085,2,1,0,1,1,1,1,1,1,0,1,0,0,0,0
2086,2,1,1,1,1,0,0,1,0,0,0,0,0,0,0
2087,2,0,0,0,0,0,0,1,0,0,1,0,0,0,0
2088,2,1,1,1,0,1,0,0,0,0,0,1,0,0,0
2089,2,0,0,0,0,0,0,0,0,0,0,0,0,0,0
209,2,0,0,1,0,0,0,0,1,0,0,0,0,0,1
2090,2,0,0,0,0,0,0,0,0,0,0,0,0,0,0
2091,2,0,0,0,0,0,1,0,0,0,0,0,0,0,0
2092,2,0,0,0,0,0,0,0,0,0,0,0,0,0,0
2093,2,0,0,0,0,0,0,1,0,0,0,0,0,0,0
2094,2,0,0,0,0,0,0,0,0,0,0,0,0,0,0
2095,2,1,0,1,1,1,1,1,0,0,0,0,0,0,0
2096,2,0,0,0,1,1,0,0,0,0,0,0,0,0,0
2097,2,0,1,1,0,0,0,0,1,1,0,0,0,0,0
2098,2,1,0,0,0,0,0,0,0,0,0,0,0,0,0
2099,2,0,0,0,0,0,0,0,0,0,0,0,0,0,0
21,2,1,0,1,0,1,0,0,1,0,0,0,0,0,0
210,2,0,0,0,0,1,1,0,1,0,0,0,0,0,0
2100,2,1,1,0,0,0,0,1,1,0,0,0,0,0,0
2101,2,0,0,0,0,0,0,0,0,0,0,0,1,0,0
2102,2,1,0,0,0,0,0,0,0,0,0,0,0,0,0
2103,2,0,0,0,0,0,0,0,0,0,0,0,0,0,0
2104,2,0,0,1,0,1,0,0,0,0,0,0,0,0,0
2105,2,1,0,1,0,0,0,0,0,0,0,0,0,0,0
2106,2,0,0,0,0,0,0,0,0,0,0,0,0,0,0
2107,2,0,0,1,1,1,1,0,0,1,0,0,1,1,0
2108,2,0,0,0,0,0,0,1,0,0,0,0,1,0,0
2109,2,0,1,0,1,0,0,0,1,0,1,0,0,0,0
211,2,1,0,0,0,0,0,0,0,0,0,0,0,0,0
2110,2,1,0,0,1,1,0,0,0,0,0,0,0,0,0
2111,2,0,0,0,0,0,0,0,0,0,0,0,0,0,0
2112,2,1,0,0,0,1,0,1,1,0,0,0,0,1,1
2113,2,1,0,0,0,1,1,0,0,0,0,1,0,0,0
2114,2,0,0,0,0,0,0,0,0,0,0,0,0,0,0
2115,2,1,1,0,1,1,1,0,1,0,0,0,0,0,0
2116,2,1,1,1,0,1,1,1,0,1,1,1,0,1,0
2117,2,1,0,1,0,0,0,0,0,0,1,0,0,0,0
2118,2,0,0,0,0,0,0,0,0,0,0,0,0,0,0
2119,2,0,1,0,1,0,1,1,0,0,1,1,1,0,1
212,2,0,0,0,0,0,1,0,0,0,0,1,0,1,0
2120,2,0,1,0,1,1,1,0,0,0,0,0,0,0,0
2121,2,1,1,0,0,0,1,0,0,0,0,0,0,0,0
2122,2,0,0,0,0,0,0,0,0,0,0,0,0,0,0
2123,2,0,0,0,0,0,0,0,1,0,0,0,0,0,0
2124,2,1,0,0,1,1,1,1,1,0,0,0,1,1,0
2125,2,1,1,1,1,1,1,0,0,1,1,0,1,0,0
2126,2,0,0,0,0,0,0,0,0,0,0,0,0,0,0
2127,2,1,0,0,0,1,0,1,0,0,0,0,0,0,0
2128,2,0,0,0,0,0,0,0,0,0,0,0,0,0,0
2129,2,1,1,1,0,0,0,0,0,0,0,0,0,0,0
213,2,0,0,0,0,0,0,0,0,0,0,0,0,0,0
2130,2,1,1,1,1,1,0,1,1,0,1,1,0,1,0
2131,2,0,1,0,0,0,0,0,0,0,0,0,0,0,0
2132,2,0,0,0,0,0,0,0,0,0,1,0,0,0,1
2133,2,0,0,1,0,0,0,1,0,0,1,0,0,0,0
2134,2,0,0,0,1,1,0,0,0,0,0,0,0,0,0
2135,2,0,0,0,0,0,0,0,0,0,0,0,0,0,0
2136,2,1,0,0,0,0,0,0,0,0,0,0,0,0,0
2137,2,0,0,1,0,0,0,0,0,0,0,0,0,0,0
2138,2,0,0,0,0,1,0,0,0,0,0,0,0,0,0
2139,2,1,1,0,0,1,0,0,1,0,0,0,0,0,0
214,2,1,0,0,0,0,0,0,0,0,0,0,0,0,0
2140,2,0,0,0,0,0,0,0,1,0,0,0,0,0,0
2141,2,0,0,0,0,1,0,0,0,0,0,1,1,0,0
2142,2,1,1,1,1,1,1,0,1,0,0,1,0,0,0
2143,2,0,0,0,0,0,0,0,0,0,0,0,0,0,0
2144,2,0,1,0,1,0,1,0,1,0,0,0,0,0,0
2145,2,0,0,0,0,0,0,0,0,0,0,0,0,0,0
2146,2,0,0,0,0,1,0,0,0,0,0,0,1,0,0
2147,2,1,0,1,0,0,0,1,1,1,1,0,1,0,0
2148,2,0,0,0,0,0,0,0,0,0,0,0,0,0,0
2149,2,0,0,0,0,0,0,0,0,0,0,0,0,0,0
215,2,0,0,0,0,0,0,0,0,1,0,0,0,0,0
2150,2,0,0,0,0,0,0,0,0,0,0,0,0,0,0
2151,2,0,0,0,0,0,0,0,0,0,0,0,0,0,0
2152,2,0,0,0,0,0,0,0,0,0,0,0,0,0,0
2153,2,0,0,0,1,0,0,0,0,0,0,0,0,0,0
2154,2,0,0,0,1,0,0,0,1,0,0,0,0,0,0
2155,2,0,0,0,0,0,0,0,0,0,0,0,0,0,0
2156,2,0,0,0,0,0,1,0,0,1,0,0,1,0,0
2157,2,0,0,0,0,0,0,0,0,0,0,0,0,0,0
2158,2,0,0,0,1,0,1,0,0,0,0,0,0,0,0
2159,2,0,0,1,0,0,0,0,0,0,1,0,0,0,0
216,2,1,0,0,0,0,0,0,0,0,0,0,0,0,0
2160,2,0,0,0,0,0,0,0,0,0,0,0,0,0,0
2161,2,0,1,0,0,0,0,0,0,0,0,0,0,0,0
2162,2,0,1,1,0,1,0,0,0,0,0,0,0,0,0
2163,2,0,0,0,0,0,0,0,0,0,0,0,0,0,0
2165,2,0,0,0,0,0,0,0,0,0,0,0,0,0,0
2166,2,0,0,0,0,0,0,0,0,0,0,0,0,0,0
2167,2,0,0,0,0,0,0,0,0,0,0,0,0,0,0
2168,2,0,0,0,0,0,0,0,0,0,0,0,0,0,0
2169,2,0,0,0,0,0,0,0,0,0,0,0,0,0,0
217,2,1,0,0,1,0,1,0,0,0,0,0,0,0,0
2170,2,0,0,1,1,1,0,0,0,0,0,0,0,0,0
2171,2,1,1,1,0,1,0,1,0,0,0,0,0,0,0
2172,2,0,1,1,1,1,0,0,0,0,0,0,1,1,0
2173,2,0,0,0,0,0,0,0,0,0,0,0,0,0,0
2174,2,0,0,0,0,0,0,0,0,0,0,0,0,0,0
2175,2,0,0,0,0,0,0,0,0,0,0,0,1,1,0
2176,2,0,0,0,0,0,0,0,0,0,0,0,0,0,0
2177,2,0,0,0,0,0,0,0,0,0,0,0,0,0,0
2178,2,0,0,0,0,0,0,0,0,0,0,0,0,0,0
2179,2,1,0,0,0,0,0,0,0,0,0,0,0,0,0
218,2,0,0,0,0,0,0,0,0,1,0,0,0,0,0
2180,2,0,0,0,0,0,0,0,0,0,0,0,0,0,0
2181,2,0,0,0,0,0,0,0,0,0,0,0,0,1,0
2182,2,0,0,0,0,0,0,0,0,0,0,0,0,0,0
2183,2,0,0,1,0,0,0,0,1,0,0,0,0,0,1
2184,2,0,0,0,0,0,0,0,0,0,0,0,0,0,0
2185,2,1,0,0,1,1,0,0,1,0,0,0,0,0,0
2186,2,1,1,0,1,0,1,1,0,1,0,0,0,0,0
2187,2,0,0,1,0,0,1,1,0,0,0,0,0,0,0
2188,2,0,0,1,0,0,0,0,0,0,0,0,0,0,0
2189,2,0,0,0,0,0,0,0,0,0,0,0,0,0,0
219,2,1,1,0,0,0,0,0,0,0,0,0,0,0,0
2190,2,0,1,1,0,1,0,0,0,0,0,1,0,0,0
2191,2,0,0,0,1,0,0,0,0,0,0,0,0,0,0
2192,2,0,0,0,0,0,0,0,0,0,0,0,0,0,0
2193,2,1,0,0,0,0,0,1,0,1,0,0,1,1,0
2194,2,1,0,1,1,0,0,0,0,1,1,0,0,0,0
2195,2,0,0,0,0,0,0,0,0,0,0,0,0,0,0
2196,2,0,0,0,0,0,0,0,0,0,0,0,0,0,0
2197,2,0,0,0,0,0,0,0,0,0,0,0,0,0,0
2198,2,0,1,0,0,0,0,1,1,1,0,0,0,0,0
2199,2,1,1,1,0,0,0,1,0,1,0,0,1,0,0
22,2,1,1,0,0,0,0,0,0,1,0,1,0,1,0
220,2,1,0,0,0,0,0,0,0,0,0,0,0,0,0
2200,2,1,0,1,1,1,1,1,0,0,0,0,1,0,0
2202,2,0,0,0,0,0,0,0,0,0,0,0,0,0,0
2203,2,0,0,0,0,1,0,0,0,0,0,0,0,0,0
2204,2,0,1,0,0,0,0,0,0,0,0,0,0,0,0
2205,2,0,0,0,0,0,0,0,0,0,0,0,0,0,0
2206,2,1,0,0,0,0,0,1,0,0,0,0,0,0,0
2207,2,1,0,1,0,1,0,0,0,0,0,0,0,0,0
2208,2,0,0,0,1,0,1,0,0,0,0,0,0,0,0
2209,2,1,1,1,1,1,1,1,0,0,0,0,1,0,0
221,2,0,0,1,1,0,0,0,0,1,1,0,1,0,0
2210,2,1,0,1,1,1,0,0,0,0,0,1,0,0,0
2211,2,0,1,0,0,1,0,1,1,0,1,0,1,1,1
2212,2,0,0,0,0,0,0,0,0,0,0,0,0,0,0
2213,2,0,0,0,0,0,0,0,0,1,0,0,0,0,0
2214,2,0,0,0,0,0,0,0,0,0,0,0,0,0,0
2215,2,0,0,0,0,0,0,0,0,0,0,0,0,0,0
2216,2,0,0,0,0,0,0,0,0,0,0,0,0,0,0
2217,2,0,0,0,0,0,0,0,0,0,0,1,1,0,0
2218,2,0,0,0,0,0,0,0,0,0,0,0,0,0,0
2219,2,0,0,0,0,0,0,0,0,0,0,0,0,0,0
222,2,0,0,1,0,0,0,0,0,1,1,0,0,0,0
2220,2,0,0,0,0,0,0,0,0,0,0,0,0,0,0
2221,2,0,0,0,0,0,0,0,0,0,1,0,1,0,0
2222,2,0,0,0,0,0,1,0,0,0,0,0,0,0,0
2223,2,0,0,0,0,0,0,1,0,0,0,0,0,0,0
2224,2,1,0,0,0,0,0,1,1,0,1,0,0,0,1
2225,2,1,0,0,0,1,0,0,0,0,0,0,0,0,0
2226,2,1,0,0,1,0,0,1,1,0,1,0,0,0,0
2227,2,0,0,1,0,0,0,0,0,1,1,0,0,0,0
2228,2,0,0,0,0,0,0,0,0,0,0,0,0,0,0
2229,2,0,0,1,0,0,0,0,0,0,0,0,0,0,0
223,2,0,0,0,0,1,0,0,0,0,0,0,0,0,0
2230,2,0,0,0,1,0,0,0,1,0,0,0,0,0,0
2231,2,1,0,1,0,0,0,1,0,0,1,0,0,0,0
2232,2,0,0,0,0,0,0,0,0,0,0,0,0,0,0
2233,2,0,0,0,0,0,0,1,1,0,1,0,0,0,0
2234,2,0,0,0,0,0,0,0,0,0,0,0,0,0,0
2235,2,0,0,0,0,0,0,0,0,0,0,0,0,0,0
2236,2,0,0,0,0,0,0,0,0,0,0,0,0,0,0
2237,2,1,0,0,0,1,0,0,1,0,0,0,0,1,0
2238,2,0,0,1,0,0,1,0,0,0,0,0,0,0,0
2239,2,0,0,0,0,0,0,0,0,0,0,0,0,0,0
224,2,0,0,0,0,0,0,0,1,0,0,0,0,0,0
2240,2,1,1,0,0,1,0,0,0,0,0,0,0,0,0
2241,2,1,0,0,0,1,0,0,0,0,0,1,0,0,0
2242,2,1,0,0,0,0,0,0,0,0,0,0,0,0,0
2243,2,0,0,0,0,0,0,0,0,0,0,0,0,0,1
2244,2,1,0,1,1,0,1,0,0,0,1,1,0,0,0
2245,2,0,1,0,1,0,0,0,0,0,1,0,0,0,0
2247,2,0,0,0,1,0,1,0,0,0,0,0,0,0,0
2248,2,1,0,0,0,0,0,0,0,0,0,0,0,0,0
225,2,1,0,0,0,1,1,0,0,0,0,0,0,0,0
2250,2,0,0,1,0,0,0,0,0,0,0,0,0,0,0
2251,2,0,0,1,0,0,0,0,0,0,0,0,0,0,0
2252,2,1,0,1,1,0,0,0,0,1,1,0,0,0,0
2253,2,0,0,0,0,0,0,0,0,0,0,0,0,0,0
2254,2,0,0,0,0,0,0,0,0,0,0,0,0,0,0
2255,2,0,0,0,0,0,0,0,0,0,0,0,0,0,0
2256,2,0,0,0,0,0,0,0,0,1,0,0,0,0,0
2257,2,0,0,0,0,0,0,0,0,0,0,0,0,1,0
2258,2,0,0,0,1,1,0,0,0,1,1,0,0,0,0
226,2,0,0,0,0,0,0,0,0,0,0,0,0,0,0
2260,2,0,0,0,1,1,0,0,0,0,0,0,0,0,0
2261,2,1,0,1,1,1,0,0,0,1,1,1,1,0,0
2262,2,0,0,1,0,0,0,0,0,1,0,0,0,0,0
2263,2,0,0,1,0,1,1,0,1,0,0,0,0,0,0
2264,2,1,1,1,1,0,0,0,1,1,1,0,0,0,0
2266,2,0,0,0,0,1,0,1,0,0,0,0,1,1,0
2267,2,1,0,0,0,0,0,1,0,0,1,0,0,0,0
2268,2,0,1,0,0,0,0,0,0,0,0,0,0,0,0
2269,2,0,0,0,0,0,0,0,0,0,0,0,0,0,0
227,2,0,0,0,0,0,0,0,0,0,0,0,0,0,0
2270,2,0,0,0,1,1,1,0,0,0,0,0,0,0,0
2271,2,0,0,0,0,0,0,0,0,0,0,0,0,0,0
2272,2,1,1,1,0,1,0,0,0,1,0,0,0,0,0
2273,2,1,0,0,0,0,0,0,0,0,0,0,0,0,0
2274,2,0,0,0,0,0,0,0,0,0,0,0,0,0,0
2275,2,0,1,1,0,0,0,0,0,0,0,0,0,1,0
2276,2,1,0,0,0,0,0,0,0,0,0,0,0,0,0
2277,2,0,0,1,0,1,0,0,0,1,0,0,0,0,0
2278,2,0,0,0,0,0,0,0,0,1,0,0,0,0,0
2279,2,0,0,0,0,0,0,0,0,0,0,0,0,0,0
228,2,1,0,0,0,1,0,0,0,0,0,0,0,0,0
2280,2,1,0,1,1,1,0,1,1,0,0,1,0,0,0
2281,2,1,1,0,1,1,0,1,1,1,0,0,0,1,0
2282,2,0,0,0,0,0,0,1,0,0,1,0,0,0,0
2283,2,0,0,1,0,1,0,1,1,0,0,1,0,0,0
2284,2,1,1,0,1,0,0,0,0,0,0,0,0,0,0
2285,2,0,0,0,0,0,0,0,0,0,0,0,0,0,0
2286,2,0,0,0,0,0,0,0,0,0,0,0,0,0,0
2287,2,0,1,0,0,0,1,0,0,0,0,0,0,0,0
2288,2,0,0,0,0,0,0,0,0,0,0,0,0,0,0
2289,2,1,0,0,0,0,0,1,0,0,1,0,1,0,0
229,2,0,0,1,0,0,0,0,0,0,0,0,0,0,0
2290,2,0,0,0,0,0,0,0,0,0,0,0,0,0,0
2291,2,0,0,0,0,0,0,0,0,0,0,0,0,0,0
2292,2,0,1,1,0,0,0,0,0,0,1,0,0,0,0
2293,2,0,0,0,0,1,0,0,0,0,0,0,0,0,0
2294,2,0,0,1,0,0,0,0,0,1,1,0,1,0,0
2295,2,0,0,1,0,0,0,0,0,0,0,0,0,0,0
2296,2,1,0,1,0,0,0,0,0,1,0,0,0,1,0
2297,2,0,0,0,0,0,0,0,0,1,0,0,0,0,0
2298,2,0,1,0,0,0,0,1,1,0,0,0,0,0,1
2299,2,0,0,0,0,0,1,0,0,0,0,0,0,0,0
23,2,1,0,0,0,0,0,0,1,0,0,0,0,0,0
230,2,0,0,1,1,1,1,0,0,0,0,0,0,0,0
2300,2,0,1,0,1,0,0,1,1,0,0,0,0,0,1
2301,2,0,0,1,0,0,0,1,0,0,1,1,0,0,0
2302,2,0,0,0,0,0,0,0,0,0,0,0,0,0,0
2303,2,0,1,0,0,1,0,0,0,0,0,0,0,0,0
2304,2,0,0,0,0,0,0,0,0,0,0,0,0,0,0
2305,2,1,0,0,0,0,0,0,1,0,0,0,0,1,1
2307,2,0,0,0,0,0,1,0,0,0,0,0,0,0,1
2308,2,0,0,0,0,0,0,0,0,0,0,0,0,0,0
2309,2,0,0,0,0,0,0,0,1,0,0,0,0,0,0
2310,2,1,1,0,1,0,1,0,0,0,0,0,0,0,1
2311,2,0,0,0,0,0,1,0,0,0,0,0,0,0,0
2312,2,1,1,1,0,1,0,0,1,0,1,0,1,0,0
2313,2,0,0,0,0,0,0,0,0,0,0,0,0,0,0
2314,2,1,0,0,0,0,0,1,1,0,0,0,0,0,0
2316,2,0,0,0,0,0,0,0,0,0,0,0,0,0,0
2317,2,1,1,1,0,1,0,1,1,1,0,0,1,1,1
2318,2,0,0,0,1,1,1,0,1,0,0,0,0,0,0
2319,2,0,0,0,0,0,0,0,0,0,0,0,0,0,1
232,2,1,0,1,0,0,1,0,1,1,0,0,0,0,0
2320,2,0,0,0,0,0,0,0,1,0,0,0,0,0,0
2321,2,0,0,0,0,0,0,0,0,0,0,0,0,0,0
2322,2,0,1,1,0,1,0,0,1,0,0,0,0,0,0
2323,2,0,0,0,0,0,0,0,0,0,0,0,0,0,0
2324,2,1,0,0,0,0,0,0,0,0,1,0,0,0,0
2326,2,0,0,0,0,0,0,0,0,0,0,1,0,0,0
2327,2,0,0,0,1,0,0,0,0,0,0,0,0,0,0
2328,2,0,0,0,1,1,0,0,0,0,0,0,0,1,0
2329,2,0,0,0,0,0,0,0,0,0,0,0,0,0,0
233,2,0,1,0,0,0,1,1,1,0,0,0,0,0,0
2330,2,0,0,0,1,1,0,0,0,0,0,0,0,0,0
2331,2,1,0,0,0,1,0,0,1,1,0,1,0,0,0
2332,2,0,0,0,0,0,0,0,0,0,0,0,0,0,0
2333,2,0,0,0,0,0,0,0,0,0,1,1,0,0,0
2334,2,0,0,1,0,1,1,0,0,0,0,0,0,0,0
2335,2,0,0,1,0,0,0,0,0,0,1,0,0,0,0
2336,2,1,0,0,0,1,1,0,1,0,0,0,0,0,0
2337,2,0,1,1,1,0,0,0,0,0,0,0,0,0,0
2338,2,0,0,0,0,0,0,0,0,0,0,0,0,1,0
234,2,0,0,0,0,0,0,0,0,0,0,0,0,0,0
2340,2,0,0,1,0,0,1,0,0,0,0,1,0,0,0
2341,2,0,0,0,0,0,1,0,0,0,0,0,0,0,0
2342,2,0,0,0,0,0,0,0,1,0,0,0,0,0,0
2343,2,1,0,0,0,1,1,0,1,0,1,0,0,0,0
2344,2,0,0,0,0,0,0,0,0,0,0,0,0,0,0
2345,2,0,0,1,0,1,1,0,0,0,0,0,0,0,0
2346,2,0,0,0,0,0,0,1,1,0,0,0,1,0,0
2347,2,1,0,0,0,1,0,0,0,1,0,0,1,0,1
2348,2,0,0,0,0,0,0,0,0,0,0,0,0,0,0
2349,2,0,0,0,0,0,0,0,0,0,0,0,0,1,0
235,2,0,0,0,1,1,0,0,1,0,0,0,1,1,0
2350,2,0,0,0,0,0,0,0,0,0,0,0,0,0,0
2351,2,0,0,0,0,0,0,1,0,0,0,0,0,1,0
2352,2,0,0,0,0,0,0,0,0,0,0,0,0,0,0
2353,2,0,0,0,0,0,0,0,0,0,0,0,0,0,0
2354,2,1,0,0,0,0,0,0,0,0,0,0,0,1,0
2355,2,0,0,0,0,0,0,0,0,0,0,0,0,0,0
2356,2,0,0,1,1,0,0,0,0,0,0,0,0,0,0
2357,2,0,0,1,0,0,0,0,0,0,0,0,0,0,0
2358,2,0,0,0,0,0,0,0,1,0,0,0,0,0,0
2359,2,1,1,0,1,1,0,0,0,0,0,0,0,0,0
236,2,1,0,0,0,0,0,0,0,0,0,0,0,0,0
2360,2,0,1,1,0,0,0,0,0,0,0,1,0,0,0
2361,2,0,1,0,1,1,1,0,0,0,0,0,0,1,0
2362,2,0,0,1,0,0,0,0,0,0,0,0,0,0,0
2363,2,0,0,0,0,0,0,0,0,0,0,0,0,0,0
2364,2,1,0,0,0,0,0,0,0,1,1,0,0,0,0
2366,2,0,0,0,0,1,1,0,0,1,0,0,0,0,0
2367,2,1,0,1,0,1,0,0,0,0,0,0,0,0,0
2368,2,0,0,0,0,1,0,0,0,0,0,0,0,0,0
2369,2,1,0,0,0,1,1,0,0,0,0,0,0,0,0
237,2,0,0,0,0,0,0,0,0,0,0,0,0,0,0
2370,2,1,1,0,1,0,1,1,0,0,0,1,0,0,0
2371,2,0,0,0,0,0,0,0,0,0,0,0,0,0,0
2372,2,0,1,0,1,1,0,1,1,0,0,0,0,1,0
2373,2,0,0,1,0,1,1,0,0,0,0,1,1,0,0
2374,2,0,0,0,0,0,0,0,0,0,1,0,0,0,0
2375,2,1,0,0,1,1,0,0,1,0,0,0,0,0,1
2376,2,0,0,0,0,0,0,0,0,0,0,0,0,0,0
2377,2,0,0,0,0,0,0,0,0,1,0,0,0,0,0
2378,2,0,1,1,1,0,1,0,0,1,1,1,0,1,0
2379,2,0,0,0,0,0,0,0,0,0,0,0,0,0,0
238,2,0,1,0,0,0,0,0,0,0,0,0,0,0,0
2380,2,1,0,1,1,1,0,0,0,0,1,0,1,1,0
2381,2,0,0,0,0,0,1,0,0,0,0,1,0,0,0
2382,2,0,0,0,0,0,0,0,0,0,0,0,0,0,0
2383,2,0,0,0,0,0,0,0,0,0,0,0,0,0,0
2385,2,1,0,0,1,0,0,0,1,0,0,0,0,1,0
2386,2,0,0,0,0,0,0,0,0,0,0,0,0,0,0
2387,2,0,0,0,0,0,0,0,0,0,0,0,0,1,0
2388,2,0,0,0,0,0,0,0,0,0,0,0,0,0,0
2389,2,0,0,0,0,0,0,1,0,0,0,0,0,0,0
239,2,0,0,0,0,0,0,0,0,0,0,0,0,0,0
2390,2,0,0,1,1,1,0,0,0,0,0,0,0,0,0
2391,2,0,0,0,0,0,0,0,0,0,0,0,0,0,0
2392,2,0,0,0,0,0,1,0,0,0,0,0,0,0,0
2393,2,0,0,0,0,0,0,1,1,0,0,0,0,0,0
2394,2,0,0,0,0,0,0,0,0,0,0,0,0,0,0
2395,2,0,0,1,1,0,0,1,0,0,1,0,0,0,0
2396,2,0,0,0,0,0,0,0,0,0,0,0,0,0,0
2397,2,1,0,0,0,0,0,0,1,0,0,0,0,0,0
2398,2,0,1,0,0,0,0,1,0,0,0,0,0,0,0
24,2,0,0,0,0,0,0,0,0,0,0,0,0,0,0
2400,2,1,1,0,1,1,1,1,1,0,0,0,0,1,0
2401,2,0,0,0,0,0,0,1,0,0,0,0,0,0,0
2402,2,0,0,0,0,0,0,0,0,0,0,0,0,0,0
2403,2,0,0,0,0,0,0,0,0,0,0,0,0,0,0
2404,2,0,0,0,0,0,0,0,0,0,0,0,0,0,1
2405,2,1,0,0,1,0,0,1,0,0,0,0,0,0,1
2406,2,1,1,0,1,0,1,0,1,0,0,1,0,0,0
2407,2,1,0,0,1,1,0,0,0,1,1,0,0,0,1
2408,2,0,0,0,0,0,0,0,0,0,0,0,0,0,0
2409,2,0,1,0,0,0,0,0,0,0,0,0,0,0,0
241,2,0,0,0,0,0,0,0,0,0,0,0,0,0,0
2410,2,1,0,0,0,0,0,0,0,0,0,0,0,0,0
2411,2,0,0,0,0,0,0,0,0,0,0,0,1,0,0
2412,2,1,1,1,1,1,1,0,0,0,0,0,1,0,0
2413,2,0,0,0,0,0,0,0,0,0,0,0,0,0,0
2414,2,0,0,0,0,0,0,0,0,0,0,0,0,0,0
2415,2,0,0,0,0,0,0,0,0,0,0,0,0,0,0
2416,2,0,0,0,0,0,0,0,0,0,0,0,0,1,0
2418,2,1,0,0,1,1,0,0,0,0,0,0,0,0,0
2419,2,0,0,1,0,1,0,0,0,0,0,0,0,0,0
242,2,0,0,0,0,0,0,0,1,0,0,1,0,1,0
2420,2,0,0,1,0,0,1,0,0,0,0,1,0,0,0
2421,2,1,0,0,0,1,0,1,0,0,0,0,0,0,0
2423,2,0,0,0,0,0,0,0,0,0,0,0,0,0,0
2424,2,0,0,1,0,0,0,0,1,0,1,0,0,0,0
2425,2,0,0,0,1,1,1,0,0,0,0,0,0,0,0
2426,2,0,0,0,0,0,0,0,0,0,0,0,1,1,0
2427,2,1,1,0,0,1,1,1,0,0,0,1,0,0,1
2428,2,0,0,0,0,0,0,0,0,0,0,0,0,0,0
2429,2,0,0,0,0,0,0,0,0,0,0,0,0,0,0
243,2,0,0,0,0,0,0,0,1,1,0,0,0,0,0
2430,2,1,0,1,0,0,0,0,0,0,0,0,0,0,0
2431,2,0,0,0,0,0,0,0,0,0,0,0,0,0,0
2432,2,1,1,0,1,1,1,0,1,0,0,0,0,0,0
2433,2,0,0,0,0,0,0,0,0,0,0,0,0,0,0
2434,2,0,0,0,0,0,0,0,0,0,0,0,0,0,0
2435,2,1,0,1,1,1,0,0,0,1,0,0,0,0,0
2436,2,0,0,0,0,0,0,0,0,0,0,0,0,0,0
2437,2,1,1,0,0,1,1,0,1,0,0,0,0,1,0
2438,2,0,0,0,0,0,0,0,0,0,0,0,0,0,0
2439,2,1,0,0,0,0,0,1,0,0,0,0,0,0,1
244,2,0,1,0,0,0,0,0,0,0,0,0,0,0,0
2440,2,0,1,0,1,1,0,0,1,0,0,0,0,1,0
2441,2,1,1,0,0,0,0,0,1,0,0,0,0,0,0
2442,2,0,0,0,0,0,0,0,0,0,0,0,0,0,0
2445,2,1,1,1,0,1,0,0,0,1,0,0,0,0,0
2446,2,1,0,0,0,0,0,0,0,0,0,1,0,1,0
2447,2,0,0,0,0,0,0,1,0,0,0,0,1,0,0
2448,2,1,0,1,1,0,0,0,1,1,1,0,0,0,0
2449,2,1,1,0,0,0,0,0,1,1,0,0,0,1,0
245,2,0,0,0,0,0,0,1,0,0,0,0,0,0,0
2450,2,1,0,0,1,0,0,0,0,0,0,0,1,0,1
2451,2,1,0,0,0,0,1,1,0,0,0,0,0,1,0
2452,2,0,1,0,1,1,0,0,0,0,0,0,0,0,0
2453,2,0,0,0,0,0,0,0,1,0,1,0,0,0,0
2454,2,0,0,0,0,0,0,0,0,0,0,0,0,0,0
2455,2,1,1,1,1,1,1,0,1,0,0,0,0,0,1
2456,2,0,0,1,0,0,0,0,0,0,0,0,0,0,0
2457,2,0,0,0,0,0,1,1,0,0,0,0,0,1,0
2458,2,0,0,0,0,0,0,0,0,0,0,0,0,0,0
2459,2,1,0,1,0,1,1,1,1,0,0,0,1,0,1
246,2,0,0,0,0,0,1,0,0,0,0,0,0,0,0
2460,2,0,0,0,0,0,0,0,0,0,0,0,0,0,0
2461,2,1,0,0,0,0,0,0,0,0,0,0,0,0,0
2462,2,0,0,1,0,0,0,0,0,1,0,0,0,1,1
2463,2,0,0,0,0,0,0,0,0,0,0,0,0,0,0
2464,2,0,1,0,0,0,0,1,0,0,0,1,0,1,0
2465,2,0,0,0,1,0,0,0,1,0,0,0,0,0,0
2466,2,1,0,0,1,1,0,0,0,0,0,0,0,0,0
2467,2,1,0,1,1,1,1,1,0,0,0,0,0,0,0
2468,2,0,1,0,0,0,0,0,0,0,0,0,0,1,0
2469,2,0,0,0,0,0,0,0,0,0,0,0,0,0,0
247,2,0,0,0,0,0,0,0,0,0,1,1,0,0,1
2470,2,0,0,0,0,0,0,0,0,0,0,0,0,0,0
2471,2,0,0,1,1,0,0,0,0,1,1,0,0,0,0
2472,2,0,0,1,1,1,0,0,0,0,0,0,0,0,0
2473,2,0,0,0,0,0,0,0,0,0,0,0,0,0,0
2474,2,0,0,0,0,0,0,1,0,1,1,0,0,0,0
2475,2,1,0,1,1,1,0,1,0,0,0,0,1,0,0
2476,2,0,0,0,0,0,0,0,0,0,0,0,0,0,0
2477,2,1,1,0,0,0,0,0,0,0,0,0,1,1,1
2478,2,0,0,0,0,0,0,0,0,0,0,0,0,0,0
2479,2,1,1,0,0,0,0,0,0,0,0,0,0,0,0
248,2,0,0,0,0,0,0,1,1,0,1,0,0,0,0
2480,2,1,0,0,0,0,0,0,0,1,0,0,0,0,0
2481,2,1,0,0,0,1,0,0,0,0,0,0,0,1,0
2482,2,0,1,0,0,1,0,0,0,0,0,0,0,0,0
2483,2,1,0,1,0,0,0,1,0,1,0,0,1,1,0
2484,2,0,0,1,0,0,0,0,0,0,1,0,0,0,0
2485,2,0,1,0,0,0,0,0,0,1,0,0,0,0,0
2486,2,1,1,0,0,0,1,0,0,0,0,0,0,0,0
2487,2,0,0,0,0,0,0,0,0,0,0,0,0,0,0
2488,2,1,1,0,0,0,0,0,0,0,0,0,1,0,0
2489,2,1,1,0,1,1,0,1,1,1,0,0,0,1,1
249,2,0,0,1,1,0,1,1,0,1,0,0,0,0,0
2490,2,0,0,0,0,0,0,0,0,0,0,0,0,0,0
2491,2,0,0,0,0,0,0,0,0,0,0,0,0,0,0
2492,2,0,1,0,0,1,0,1,0,0,0,0,1,0,0
2493,2,0,0,0,0,0,0,0,0,0,0,0,0,0,0
2494,2,0,0,0,0,0,0,0,0,0,0,0,0,0,0
2495,2,0,0,0,0,0,0,0,0,0,0,0,0,0,0
2496,2,1,0,0,0,0,1,1,0,0,0,0,0,0,0
2497,2,0,1,1,0,0,1,0,1,0,0,1,1,0,0
2498,2,0,1,0,0,1,0,0,1,0,0,0,0,0,0
2499,2,1,1,1,1,1,0,0,0,0,0,0,0,0,0
25,2,0,1,1,1,0,0,0,0,0,0,1,0,0,0
250,2,0,1,0,1,0,0,0,0,0,0,0,0,0,0
2500,2,0,0,0,0,0,0,0,1,1,0,0,0,0,0
251,2,0,0,0,0,0,1,0,0,0,0,0,0,0,0
253,2,1,1,0,1,1,1,0,1,0,0,1,0,0,0
254,2,0,1,0,1,1,1,0,0,1,0,0,0,0,0
255,2,1,0,0,0,0,0,0,0,0,0,0,0,0,0
256,2,1,0,0,0,0,1,1,0,0,0,0,0,0,0
257,2,0,1,1,1,1,1,0,0,0,0,1,0,0,0
258,2,1,1,1,0,1,1,0,0,1,1,1,1,0,0
259,2,0,0,0,1,0,0,0,1,0,0,0,0,0,0
26,2,1,0,0,0,0,0,0,0,0,0,0,0,0,0
260,2,0,1,0,0,0,0,0,0,0,0,0,0,0,0
261,2,0,0,0,0,0,0,0,0,0,0,0,0,0,0
262,2,0,0,0,0,0,0,0,0,0,0,0,0,0,0
263,2,0,0,0,0,0,0,0,1,1,0,0,0,0,0
264,2,0,0,0,0,0,0,0,0,0,0,0,0,0,0
265,2,0,0,0,0,0,0,0,0,0,0,0,0,0,0
266,2,1,1,0,1,1,0,1,0,0,0,0,0,1,1
267,2,0,0,0,0,0,0,0,0,0,0,0,0,0,0
268,2,0,0,0,0,0,0,0,0,0,0,0,0,0,0
269,2,0,0,0,0,0,1,0,0,0,0,0,0,0,0
27,2,0,0,0,0,0,0,0,0,0,0,0,0,0,0
270,2,0,0,0,0,0,0,0,0,0,0,0,0,0,0
271,2,0,0,0,0,0,0,0,0,0,0,0,0,0,0
273,2,0,0,0,0,0,0,1,0,0,0,0,0,0,0
274,2,0,0,0,0,0,0,0,0,0,0,0,0,0,0
275,2,0,0,1,0,0,1,1,1,1,0,0,0,1,0
276,2,0,0,0,1,1,0,0,0,0,0,1,0,0,0
277,2,0,0,0,0,0,0,0,0,0,0,0,0,0,0
278,2,0,0,0,0,0,0,0,0,0,0,0,0,0,0
279,2,0,0,0,0,0,0,0,1,0,0,0,0,0,0
28,2,0,0,0,0,0,0,0,0,0,0,1,0,0,0
280,2,0,0,0,0,0,1,1,0,0,0,0,0,0,0
281,2,0,0,0,0,0,0,0,0,0,0,0,0,0,0
282,2,0,0,0,0,0,0,0,0,0,0,0,0,0,0
283,2,0,1,0,1,1,1,0,1,0,0,0,0,0,0
285,2,1,0,1,1,0,0,1,0,0,0,0,0,0,0
286,2,0,0,0,0,0,0,0,0,0,0,0,0,0,0
287,2,0,0,1,0,1,0,0,0,0,0,0,0,0,0
288,2,0,0,0,0,1,0,0,0,0,0,0,0,0,0
289,2,0,1,0,0,0,0,0,0,0,0,0,0,0,0
29,2,0,0,0,0,0,0,0,0,0,0,0,0,0,0
290,2,1,0,1,1,0,1,1,0,0,0,1,0,0,0
291,2,0,1,1,1,0,1,0,0,0,0,0,0,0,0
292,2,0,0,0,0,0,0,0,0,0,0,0,0,0,0
293,2,0,0,0,0,0,0,1,1,0,0,0,0,0,0
294,2,0,0,0,0,1,0,0,0,0,0,0,1,0,1
296,2,0,0,0,0,0,0,0,0,0,0,0,0,0,0
297,2,1,0,0,0,1,1,0,0,0,0,0,0,0,0
299,2,0,0,0,0,0,0,0,0,0,0,0,0,0,0
3,2,1,0,1,0,0,0,0,0,0,0,0,0,0,0
30,2,0,0,0,0,0,0,0,0,0,0,0,0,0,0
300,2,0,1,0,0,0,0,0,0,0,0,0,0,0,0
301,2,1,1,0,1,1,1,0,0,0,0,0,0,0,0
302,2,0,0,0,0,0,0,0,0,0,0,0,0,0,0
303,2,1,1,1,1,1,0,1,0,1,0,0,0,0,0
304,2,1,0,1,0,1,1,1,0,0,0,0,0,0,0
305,2,0,0,0,0,0,1,0,0,0,0,0,0,0,0
306,2,1,0,0,0,0,0,0,0,0,0,0,0,0,0
307,2,0,0,0,0,0,0,0,0,0,0,0,0,0,0
308,2,0,1,0,0,0,0,0,0,0,0,1,0,0,0
309,2,0,0,0,0,0,0,0,1,0,0,0,1,0,0
31,2,0,1,1,0,0,0,0,0,0,1,0,0,0,0
310,2,0,0,0,0,0,0,0,0,0,0,0,0,0,0
311,2,1,1,0,1,0,0,0,0,0,1,0,0,0,0
312,2,0,0,0,0,0,0,1,0,0,1,0,0,0,0
314,2,1,0,0,0,1,1,0,1,0,0,0,1,0,0
315,2,0,0,0,0,0,0,0,0,0,0,0,0,0,0
316,2,0,0,0,0,0,1,0,0,0,0,1,0,0,0
317,2,0,0,0,0,1,0,0,0,0,0,0,0,0,0
318,2,0,0,1,0,0,1,0,0,0,0,0,0,0,0
319,2,1,1,0,1,0,0,0,0,1,0,0,0,0,1
32,2,0,0,0,0,0,0,0,1,0,1,0,0,1,0
320,2,0,0,0,0,0,0,0,0,0,0,0,0,0,0
321,2,1,1,0,0,0,0,0,0,0,0,0,0,0,1
322,2,1,0,0,0,0,0,0,0,0,0,0,0,0,0
323,2,0,0,0,0,0,0,0,0,0,0,0,0,0,0
324,2,1,0,0,0,0,0,0,0,0,1,0,0,1,0
325,2,1,0,0,0,1,0,0,0,0,0,0,0,0,0
326,2,0,0,0,0,0,0,0,0,0,0,0,0,0,0
328,2,1,1,0,1,0,0,1,1,1,0,1,0,0,0
329,2,0,0,0,0,0,0,0,0,0,0,0,0,1,0
33,2,0,0,1,0,0,0,0,0,0,0,0,0,0,0
330,2,0,1,0,0,0,0,0,0,0,0,0,0,0,0
331,2,0,0,0,1,1,0,1,1,0,0,0,0,0,1
332,2,1,0,1,0,0,0,0,0,1,1,1,1,0,0
333,2,0,0,0,0,0,0,0,0,0,0,0,0,0,0
334,2,0,0,0,1,0,0,0,0,0,0,0,0,0,0
335,2,0,0,0,0,0,0,0,0,0,0,0,0,0,0
336,2,0,1,1,0,0,0,0,1,0,0,0,0,0,0
337,2,0,0,0,0,0,0,0,0,0,0,0,0,0,0
338,2,0,1,0,1,0,0,0,1,0,0,0,0,0,0
339,2,0,0,1,1,0,0,0,0,0,0,0,0,0,0
34,2,0,0,0,0,0,0,0,0,0,0,0,0,0,0
340,2,0,0,0,0,0,0,0,0,0,0,0,0,0,0
341,2,0,0,0,0,0,0,0,0,0,0,0,0,0,0
342,2,0,0,0,0,0,0,0,0,0,0,0,0,0,0
343,2,0,0,0,0,0,0,0,0,0,0,0,0,0,0
344,2,0,0,0,0,0,0,0,1,0,0,0,0,0,0
345,2,1,1,0,0,1,0,0,1,0,1,0,1,1,0
346,2,0,0,0,0,0,0,0,0,0,0,0,0,0,0
347,2,0,0,0,0,0,0,0,0,0,0,0,0,0,0
348,2,1,1,1,0,1,0,0,1,0,0,1,0,0,0
349,2,0,0,0,0,0,0,0,0,0,0,0,0,0,0
35,2,0,0,0,0,0,0,0,0,0,0,0,0,0,0
350,2,1,0,0,0,0,0,0,0,0,0,0,0,0,0
351,2,0,1,0,1,0,1,0,1,1,0,0,0,0,0
352,2,0,0,0,0,0,0,0,0,0,0,0,0,0,0
353,2,0,0,0,0,0,0,1,0,0,0,0,0,0,1
354,2,0,0,0,0,1,0,0,1,1,0,0,0,0,0
356,2,0,0,0,0,0,0,0,0,0,0,0,0,0,0
357,2,1,0,1,0,1,1,1,0,1,1,0,1,0,0
358,2,1,1,0,1,1,1,1,1,1,0,1,0,0,0
36,2,0,0,0,0,1,1,0,0,0,1,0,0,1,0
360,2,0,0,0,0,0,0,0,0,0,0,0,0,0,0
361,2,1,0,0,0,0,1,0,1,0,0,0,0,0,0
362,2,0,0,1,0,0,0,1,0,0,0,1,0,0,0
363,2,0,0,0,0,0,0,0,0,0,0,0,0,0,0
364,2,0,1,0,0,0,0,0,1,0,0,0,0,0,0
365,2,0,0,0,0,0,0,0,0,0,0,0,0,0,0
366,2,0,0,0,0,0,0,0,0,0,0,0,0,0,0
367,2,1,0,0,0,0,0,0,0,0,0,0,0,1,0
368,2,0,0,0,0,0,0,0,0,0,0,0,0,0,0
369,2,0,0,0,0,0,0,0,0,0,0,0,0,0,0
37,2,0,0,0,0,0,0,0,0,0,0,0,0,0,0
370,2,1,0,0,0,0,0,0,1,0,0,0,0,0,0
371,2,1,1,0,0,1,1,1,0,0,0,0,0,1,0
372,2,0,0,0,0,0,0,0,0,0,0,0,0,0,0
373,2,0,0,0,0,0,0,0,0,0,0,0,0,0,0
374,2,1,0,0,1,1,0,1,0,0,0,0,0,0,0
375,2,0,0,0,0,0,0,1,0,0,0,0,0,0,0
376,2,0,0,1,0,1,0,0,0,1,1,0,0,0,0
377,2,0,0,0,0,0,0,0,1,1,1,0,0,0,0
378,2,0,0,0,0,0,0,0,0,0,0,0,0,0,0
38,2,0,0,0,0,0,0,0,0,0,0,0,0,0,0
380,2,1,0,0,0,0,1,0,1,0,0,1,0,1,0
381,2,0,0,0,0,0,1,0,0,0,0,0,0,0,0
382,2,0,0,0,0,0,0,0,0,0,0,0,0,0,0
383,2,0,0,0,0,0,0,1,0,0,0,0,0,0,0
384,2,1,0,0,0,0,0,1,0,0,0,0,0,0,0
385,2,0,0,0,0,0,1,0,0,0,0,0,0,0,1
386,2,0,0,1,0,0,1,1,0,0,1,1,0,0,0
387,2,1,0,0,0,0,0,0,1,0,0,0,1,0,0
388,2,0,0,1,1,0,0,0,0,0,0,0,0,0,0
389,2,1,0,0,0,0,1,1,0,0,0,0,1,1,0
39,2,0,1,1,0,1,1,1,0,1,0,0,0,0,0
390,2,0,1,0,0,0,0,0,0,1,0,0,0,0,0
391,2,0,0,0,0,0,1,0,0,0,0,0,0,0,0
392,2,0,1,0,0,0,0,1,0,0,0,0,0,0,0
393,2,0,0,1,0,0,1,0,0,0,0,0,1,0,1
394,2,0,0,0,0,0,0,0,0,0,0,0,0,0,0
395,2,0,0,0,0,0,0,0,0,0,0,0,0,0,0
396,2,0,0,0,0,0,0,0,0,0,0,0,0,0,0
397,2,0,1,0,0,0,0,0,1,0,0,0,0,0,0
398,2,0,0,0,1,0,0,0,0,0,0,0,0,0,0
399,2,0,0,0,0,0,0,0,0,0,0,0,0,0,0
4,2,0,0,0,0,0,0,0,0,0,0,0,0,0,0
40,2,0,0,0,0,0,0,0,0,0,1,0,0,0,0
400,2,1,1,0,1,1,0,0,0,0,1,0,1,0,0
401,2,1,0,0,1,0,0,1,0,0,0,0,0,0,0
402,2,0,0,0,0,0,0,0,0,0,0,0,0,0,0
403,2,0,0,0,0,0,0,0,0,0,0,0,0,0,0
404,2,1,0,0,1,0,0,0,0,0,0,0,0,0,0
405,2,0,0,0,0,0,0,0,0,0,0,0,0,0,0
406,2,0,0,0,0,0,0,0,0,0,0,0,0,0,0
407,2,0,0,0,0,0,0,0,0,0,0,0,0,0,0
408,2,1,0,0,0,1,0,0,0,0,0,0,0,0,0
409,2,1,0,1,1,1,1,0,0,0,0,0,1,0,1
41,2,0,0,0,0,0,0,0,0,0,0,0,0,0,0
410,2,0,0,0,0,0,0,0,0,0,0,0,0,0,0
411,2,0,0,1,1,1,0,1,1,0,1,0,0,1,0
412,2,1,1,0,1,1,0,1,0,0,1,0,0,0,0
413,2,0,0,0,0,0,0,0,0,0,0,0,0,0,0
414,2,0,0,1,0,0,0,1,0,1,0,0,1,0,0
415,2,0,0,0,0,0,0,0,0,0,0,0,0,0,0
416,2,0,0,0,0,0,0,0,0,0,0,0,0,0,0
417,2,0,0,1,1,1,1,0,1,1,0,0,0,0,0
418,2,1,1,1,0,1,0,0,1,0,1,1,1,0,0
419,2,0,0,0,0,0,0,0,0,0,0,0,0,0,0
42,2,0,0,0,0,0,0,0,0,0,0,0,0,0,0
420,2,0,0,0,0,0,0,0,0,0,0,0,0,0,0
421,2,0,0,0,0,0,1,0,0,0,0,0,0,0,0
422,2,0,1,0,1,1,1,0,0,0,1,0,0,0,1
423,2,0,0,0,0,0,0,0,0,0,0,0,0,0,0
424,2,0,0,1,0,0,0,0,0,0,0,0,0,0,0
425,2,0,0,1,0,0,1,0,0,0,0,0,0,0,0
426,2,0,0,0,0,0,0,0,0,1,1,0,0,0,1
427,2,0,0,0,0,0,0,0,0,0,0,0,0,0,0
428,2,0,0,1,0,1,0,0,0,1,0,0,0,0,0
429,2,0,0,0,0,0,0,0,0,0,0,0,0,0,0
43,2,0,0,0,0,0,0,0,0,0,0,0,0,0,0
430,2,0,1,0,0,1,0,0,0,0,0,1,0,0,0
431,2,0,1,0,1,0,0,0,0,0,0,1,0,0,0
432,2,0,0,1,0,1,0,0,0,0,0,1,0,0,0
433,2,1,0,0,0,1,0,1,0,0,1,0,0,0,0
434,2,1,0,0,1,0,0,0,0,0,0,1,0,0,0
435,2,0,0,0,0,0,0,0,0,0,0,0,0,0,0
436,2,0,0,0,1,1,1,0,0,0,0,0,0,0,0
437,2,0,0,0,0,0,0,0,0,0,0,0,0,0,0
438,2,0,0,0,1,0,0,1,0,0,0,0,0,0,1
439,2,0,0,0,0,0,0,0,0,0,0,0,0,0,0
44,2,0,0,0,1,0,0,0,0,0,0,0,0,0,0
440,2,0,0,0,0,0,0,0,0,0,0,0,0,0,0
441,2,0,0,0,0,0,0,0,0,0,0,0,0,0,0
442,2,1,0,1,0,0,0,0,0,1,1,0,0,0,0
443,2,0,0,0,0,0,0,0,0,0,0,0,0,0,0
444,2,0,0,0,0,0,0,0,0,0,0,0,0,0,0
445,2,0,0,0,0,0,0,0,0,0,0,0,0,0,0
446,2,0,0,0,0,0,0,0,0,0,0,0,0,0,0
447,2,0,0,0,0,0,0,0,0,1,0,0,0,0,0
448,2,0,0,0,0,0,0,0,0,0,0,0,0,0,0
449,2,0,0,0,0,0,0,0,0,0,0,0,0,0,0
45,2,0,0,0,0,0,0,0,0,0,0,0,0,0,0
450,2,0,0,0,0,0,0,0,0,0,0,0,0,0,0
451,2,0,0,1,1,0,1,0,0,0,0,0,0,0,0
452,2,0,0,1,0,0,0,0,0,0,0,0,0,0,0
453,2,0,0,0,0,0,0,0,0,0,0,0,0,0,0
454,2,0,0,1,0,0,0,1,0,1,0,0,0,0,0
455,2,0,0,0,0,1,0,0,1,0,0,0,1,0,0
456,2,1,0,0,1,0,0,0,0,0,0,0,0,0,0
457,2,0,0,0,0,0,0,0,0,0,0,1,0,0,0
458,2,1,0,0,0,0,0,0,0,0,1,0,0,0,0
459,2,0,0,0,0,0,0,0,0,0,0,0,0,0,0
46,2,1,1,1,1,1,0,1,0,1,0,1,0,0,0
460,2,0,0,0,0,0,0,1,0,0,1,0,0,0,0
461,2,0,0,0,0,0,0,0,0,0,0,0,0,0,0
462,2,0,0,0,0,0,0,0,1,0,1,0,0,0,0
463,2,0,0,0,0,0,0,0,0,0,0,0,0,0,0
464,2,0,0,1,0,0,1,1,0,1,1,1,0,0,1
465,2,0,0,0,0,0,0,0,0,0,0,0,0,0,0
466,2,0,0,0,0,0,0,0,0,0,0,0,0,0,0
467,2,0,0,0,0,0,0,0,0,0,0,0,0,0,0
468,2,1,0,1,0,1,1,1,0,0,0,0,1,1,0
469,2,0,0,0,1,1,0,1,1,0,0,0,0,0,1
47,2,0,1,0,0,0,0,0,0,0,0,1,0,0,0
470,2,0,0,0,0,0,0,0,0,0,0,0,0,0,0
471,2,0,1,0,0,0,0,1,1,0,0,0,0,0,0
472,2,1,1,0,1,1,0,0,1,0,1,1,0,1,1
473,2,0,0,0,0,0,0,0,1,0,0,0,0,0,0
474,2,0,0,0,1,0,1,0,0,0,0,0,0,0,0
475,2,1,0,0,0,1,0,0,0,0,0,0,0,0,0
476,2,0,0,1,1,0,0,0,0,0,0,0,0,0,0
477,2,0,0,0,0,0,0,0,0,0,0,0,0,0,0
478,2,0,0,0,0,0,0,0,0,0,0,0,0,0,0
479,2,1,0,0,0,0,0,0,0,0,0,0,0,0,0
48,2,1,1,0,0,0,0,0,0,0,1,0,0,0,0
480,2,1,1,0,0,1,0,0,0,0,0,0,0,0,0
481,2,0,0,0,0,0,0,0,0,0,0,0,0,0,0
482,2,0,0,0,0,0,0,0,0,0,0,0,0,0,0
483,2,0,1,1,0,0,0,0,0,0,0,0,0,0,0
484,2,0,0,1,1,1,1,0,0,0,0,1,1,0,1
485,2,1,0,0,0,1,0,0,0,0,0,1,0,0,0
486,2,0,0,1,0,0,1,0,0,0,0,0,0,0,0
487,2,0,0,0,0,0,0,0,0,0,0,0,0,0,0
488,2,0,0,0,0,0,0,0,0,0,0,0,0,0,0
489,2,0,0,0,0,0,0,1,1,0,1,0,0,0,0
49,2,0,1,1,0,0,1,1,0,1,0,0,0,0,0
490,2,1,0,0,0,1,1,0,0,0,0,0,0,0,0
491,2,0,0,0,0,0,0,1,0,0,1,0,0,0,0
492,2,0,0,0,0,0,0,0,1,1,0,0,1,0,0
493,2,1,1,0,0,1,0,0,1,0,0,1,0,0,0
495,2,0,1,1,0,0,1,0,1,1,0,0,0,0,0
496,2,0,0,0,0,0,1,0,0,0,0,0,0,0,0
497,2,0,0,0,0,0,0,0,1,0,0,0,0,0,0
498,2,0,0,0,0,0,0,0,0,0,0,0,0,0,0
499,2,0,0,0,0,0,0,0,0,0,0,0,0,0,0
5,2,0,0,0,0,0,0,0,0,0,0,0,0,0,0
50,2,0,0,0,0,0,0,0,0,0,0,0,0,0,0
501,2,0,0,0,0,0,0,0,0,1,0,0,0,0,0
502,2,0,1,0,0,0,0,0,0,0,0,1,0,0,0
503,2,1,1,0,1,1,1,1,0,0,0,1,1,0,1
504,2,0,0,1,1,0,1,0,0,1,0,1,0,0,0
505,2,0,0,0,0,0,0,0,0,0,0,0,0,0,0
506,2,0,1,0,0,0,0,0,1,0,1,0,0,0,0
507,2,0,0,0,0,0,1,1,0,0,0,0,0,0,1
508,2,1,1,0,0,1,1,0,0,0,0,0,0,0,0
509,2,0,0,0,0,0,0,0,1,0,0,0,0,0,0
51,2,0,1,0,0,0,0,0,0,0,1,0,0,0,0
510,2,1,0,0,0,0,0,0,0,1,0,1,0,0,0
511,2,0,0,0,0,0,0,0,0,0,0,0,0,0,0
513,2,0,0,0,0,0,0,0,0,0,0,0,0,0,0
514,2,0,0,0,0,0,0,0,0,0,0,0,0,0,0
515,2,0,0,1,1,0,0,0,0,0,0,0,0,0,0
516,2,0,0,0,0,0,0,0,0,0,0,0,0,0,0
517,2,0,1,0,0,0,0,1,0,0,1,1,1,0,0
518,2,1,1,0,1,0,1,0,0,0,0,0,1,0,0
519,2,0,0,0,0,0,0,0,0,0,0,0,0,0,0
52,2,0,1,0,0,1,0,0,0,0,0,0,1,0,0
520,2,0,0,0,0,0,0,0,0,1,0,0,0,0,0
521,2,0,0,0,0,0,0,0,0,0,0,0,0,0,0
522,2,0,0,0,0,0,0,0,0,0,0,0,0,0,0
523,2,1,1,0,0,1,1,1,1,1,0,0,0,0,0
524,2,0,0,1,0,0,0,0,0,0,0,0,0,0,0
525,2,0,0,0,0,0,0,0,0,0,0,0,0,0,0
526,2,0,0,0,0,0,0,0,1,0,0,0,0,0,0
527,2,0,0,0,0,0,0,1,0,0,0,0,0,0,0
528,2,0,0,0,0,0,0,1,0,0,0,0,0,0,0
529,2,1,0,0,0,0,0,0,0,0,0,0,0,0,0
53,2,0,0,0,0,0,0,0,0,0,0,0,0,0,0
530,2,0,1,0,0,0,0,0,0,0,0,0,0,0,0
531,2,1,0,0,0,0,0,0,0,0,0,0,1,0,0
532,2,0,0,0,0,0,0,0,0,0,0,0,0,0,0
533,2,0,0,0,0,0,0,0,0,0,0,0,0,0,0
534,2,0,0,0,0,0,0,0,1,1,1,0,0,0,0
535,2,0,0,0,0,0,0,0,0,0,0,0,0,0,0
536,2,0,0,0,0,0,0,0,0,0,0,0,0,0,0
537,2,0,0,0,0,0,0,0,0,0,0,0,0,0,0
538,2,1,1,0,1,1,1,0,1,0,0,1,1,0,0
539,2,0,0,0,0,0,0,0,0,0,0,0,0,0,0
54,2,0,0,0,0,0,0,0,0,0,0,0,0,0,0
540,2,0,0,0,1,0,0,0,0,0,0,0,0,0,0
541,2,1,0,0,1,1,1,0,0,0,0,0,1,0,0
542,2,0,0,1,0,0,1,0,1,1,0,0,0,0,0
543,2,0,0,0,0,0,0,0,0,0,0,0,0,0,0
544,2,0,0,0,0,0,0,0,0,0,0,0,0,0,0
545,2,0,0,0,0,0,0,0,0,0,1,0,0,0,0
546,2,0,0,0,0,0,0,0,0,0,0,0,0,0,0
547,2,0,0,1,0,0,1,0,0,1,0,0,0,0,0
548,2,0,0,0,0,0,0,0,0,0,0,0,0,0,0
549,2,0,0,0,0,0,0,0,0,0,0,0,0,0,0
55,2,0,0,0,0,0,0,0,0,0,0,0,0,0,0
550,2,0,0,0,0,0,0,0,0,0,0,0,0,0,0
551,2,0,0,0,0,0,0,0,0,0,0,0,0,0,0
552,2,0,1,1,1,0,0,0,0,0,0,0,0,0,0
553,2,0,0,1,0,0,0,0,0,0,0,0,0,0,0
554,2,0,1,0,0,0,0,0,0,0,0,0,0,0,0
555,2,0,0,0,0,0,0,0,0,0,0,0,0,0,0
557,2,0,0,0,0,0,0,0,0,0,0,0,0,0,0
558,2,0,1,1,0,0,0,0,0,0,0,0,0,0,0
559,2,0,0,1,0,0,0,0,0,0,0,0,0,0,0
56,2,1,1,0,0,0,0,1,1,0,1,0,0,0,1
560,2,0,0,1,1,0,0,1,1,1,0,0,0,1,0
561,2,0,0,0,0,0,0,0,0,0,0,0,0,0,0
562,2,0,0,0,1,0,1,0,0,0,0,0,0,0,0
563,2,0,0,1,0,0,0,0,0,0,0,0,0,0,0
564,2,0,0,0,0,0,0,0,0,0,0,0,0,0,0
565,2,0,0,0,0,0,0,0,0,0,0,0,0,0,0
566,2,0,0,0,0,0,0,0,0,0,0,0,0,0,0
567,2,0,0,0,0,0,0,0,0,0,0,0,0,0,0
568,2,0,0,1,1,1,1,0,0,1,0,0,0,0,0
569,2,1,1,0,0,0,1,0,1,0,0,0,0,1,1
57,2,0,0,0,0,0,0,0,0,0,0,0,0,0,0
570,2,0,0,0,0,0,0,0,1,0,0,0,0,0,0
571,2,0,0,0,1,0,0,0,0,0,0,0,0,0,0
572,2,1,0,0,0,0,0,0,0,0,0,0,0,0,0
573,2,0,0,0,0,0,0,0,1,0,0,1,0,0,0
574,2,0,0,1,1,1,0,0,0,0,0,0,0,0,0
575,2,1,1,0,1,0,0,1,1,1,0,1,0,0,0
576,2,0,1,0,0,1,0,0,0,0,0,0,0,0,0
577,2,1,1,0,1,1,1,0,1,0,0,0,0,1,0
578,2,0,0,0,0,0,0,0,0,0,0,0,0,0,0
579,2,0,0,0,0,0,0,0,0,0,0,0,0,0,0
58,2,1,1,1,1,0,0,1,1,1,1,0,0,0,0
580,2,0,0,0,0,0,0,0,0,0,0,0,0,0,0
581,2,0,0,1,0,0,0,1,0,1,0,0,1,0,0
582,2,0,0,0,0,0,0,0,0,0,0,0,0,0,0
583,2,1,0,1,1,0,1,0,0,0,0,0,0,0,0
584,2,1,0,0,0,0,0,0,0,1,0,0,0,0,0
585,2,0,0,0,0,0,0,0,0,0,0,0,0,0,0
586,2,1,0,0,1,1,1,0,0,0,0,1,0,0,0
587,2,0,0,0,0,0,0,0,0,0,0,0,0,0,0
588,2,1,1,1,1,1,0,0,0,1,0,0,0,0,0
589,2,0,0,0,0,0,0,0,0,0,0,0,0,0,0
59,2,0,0,0,0,0,0,0,0,0,0,0,0,0,0
590,2,0,0,0,0,0,0,0,0,0,0,1,0,0,0
591,2,1,1,0,1,1,1,1,1,0,0,0,0,0,0
592,2,0,0,0,0,0,0,0,0,0,0,0,0,0,0
593,2,0,0,1,0,0,0,0,0,0,0,0,0,0,0
594,2,0,0,0,0,0,0,0,0,0,0,0,0,0,0
595,2,0,0,1,0,0,0,0,0,0,0,0,0,0,0
596,2,0,0,0,0,0,0,0,0,0,0,0,0,0,0
597,2,1,1,1,1,1,1,0,0,0,1,0,0,0,0
598,2,0,0,0,0,0,0,0,1,0,0,0,0,0,0
599,2,0,0,0,0,0,0,0,0,0,0,0,0,0,0
6,2,0,0,0,1,0,0,0,0,0,0,0,0,0,0
60,2,0,0,0,0,0,0,0,0,0,0,0,0,0,0
600,2,0,1,0,1,1,1,1,0,0,0,0,0,1,1
601,2,1,0,0,1,1,1,0,1,0,1,1,0,1,0
602,2,0,0,1,0,0,0,0,0,0,0,0,0,0,0
603,2,0,0,0,0,0,0,0,0,0,0,0,0,0,0
604,2,0,0,0,0,0,0,0,0,0,0,0,0,0,0
605,2,1,0,0,1,0,0,0,0,0,0,0,0,0,0
606,2,0,0,0,0,0,0,1,1,0,0,0,0,0,0
607,2,0,0,0,0,0,0,0,0,0,0,0,0,0,0
608,2,1,0,0,1,1,0,0,1,0,0,1,0,0,0
609,2,1,0,0,0,1,0,0,0,0,0,0,0,1,0
61,2,0,0,0,0,0,0,0,0,0,0,0,0,0,0
610,2,1,0,0,0,0,0,0,0,0,0,0,0,0,0
611,2,0,0,0,0,0,0,0,0,0,0,0,0,0,0
612,2,0,0,0,1,1,1,1,0,1,0,0,0,0,0
613,2,0,0,0,1,0,0,0,0,0,0,0,0,0,0
614,2,1,1,0,1,1,0,0,0,0,0,1,0,1,0
615,2,0,0,0,0,0,0,0,0,0,0,0,0,0,0
616,2,0,0,0,0,0,0,0,0,0,0,0,0,0,0
617,2,0,0,0,0,1,0,0,0,0,0,0,0,0,0
618,2,1,0,1,0,0,0,0,1,0,0,0,0,0,0
619,2,0,0,0,0,0,0,0,0,0,0,0,0,0,0
62,2,0,0,0,0,0,0,0,0,0,0,0,0,0,0
620,2,0,0,0,0,0,0,0,0,0,0,0,0,0,0
621,2,0,0,0,0,0,0,0,0,0,0,0,0,0,0
622,2,0,0,0,0,0,0,0,0,0,0,0,0,0,0
623,2,0,0,0,0,0,0,0,0,0,0,0,0,0,0
624,2,1,0,1,0,0,0,0,0,0,0,1,1,0,0
625,2,0,0,0,0,0,0,0,0,0,0,0,0,0,0
626,2,0,0,0,0,0,0,0,0,0,0,0,0,0,0
627,2,0,0,0,0,0,0,0,0,0,0,0,0,0,0
628,2,1,0,0,0,0,0,0,0,0,0,0,0,0,0
629,2,0,1,0,0,0,0,0,0,0,0,0,0,0,0
63,2,0,0,0,0,0,0,0,0,0,0,0,0,0,0
630,2,0,1,0,0,0,0,1,0,1,1,0,1,0,0
631,2,1,0,0,0,0,0,0,0,0,1,0,0,0,0
632,2,0,0,0,0,0,0,0,1,0,0,0,1,0,0
633,2,0,1,1,1,0,0,0,0,0,0,0,0,0,0
634,2,0,0,0,0,0,0,0,0,0,0,0,0,0,0
635,2,0,0,0,0,0,0,0,0,0,0,0,0,0,0
636,2,0,0,1,0,0,1,0,0,0,1,1,1,0,0
637,2,0,0,0,0,1,1,0,0,0,0,1,0,0,0
638,2,1,0,0,0,1,0,0,0,0,0,0,0,1,0
639,2,0,0,0,0,0,1,0,0,0,0,0,0,0,0
64,2,0,0,0,0,0,0,0,0,0,0,0,0,0,0
640,2,0,0,0,0,0,0,0,0,0,0,0,0,0,0
641,2,1,0,0,1,0,0,1,0,0,0,0,0,1,0
642,2,1,0,0,1,0,0,0,0,0,0,0,0,0,0
643,2,0,0,0,0,0,0,0,0,0,0,0,0,0,0
644,2,0,0,0,0,0,0,0,0,0,0,0,1,0,0
645,2,0,0,0,0,0,0,0,0,0,0,0,0,0,0
646,2,0,0,1,0,0,0,0,0,1,0,0,0,0,0
647,2,0,1,1,0,1,0,0,0,1,1,0,0,0,0
648,2,0,0,0,0,0,0,0,0,0,0,0,0,0,0
649,2,0,1,0,0,0,0,0,0,0,0,0,0,0,0
65,2,1,0,0,1,0,0,0,0,0,0,0,0,0,0
650,2,0,0,0,0,0,0,1,0,0,0,0,0,0,0
651,2,0,0,0,0,0,0,0,0,0,0,0,0,0,0
652,2,0,1,1,0,0,0,0,0,0,0,0,0,0,0
653,2,0,0,1,0,0,0,1,0,1,1,0,0,0,0
654,2,0,1,0,1,0,0,0,0,0,0,0,0,1,0
655,2,1,1,0,1,0,1,0,0,0,0,0,0,0,0
656,2,0,0,1,1,1,1,0,1,0,0,0,0,0,0
657,2,0,0,0,0,0,0,0,0,0,0,0,0,0,0
658,2,0,0,0,0,0,0,0,0,0,0,0,0,0,0
659,2,0,0,0,0,0,1,0,0,0,0,0,0,0,0
66,2,0,0,0,0,0,0,0,0,0,0,0,0,0,0
660,2,0,1,0,1,1,0,0,0,0,0,0,0,0,0
661,2,0,0,0,1,1,0,0,0,0,0,1,1,0,0
662,2,0,1,0,1,0,0,0,0,0,0,0,0,0,0
663,2,1,1,1,0,1,0,0,0,0,0,0,0,0,0
664,2,0,1,0,0,0,1,0,0,0,0,0,0,0,0
665,2,0,0,0,0,0,0,0,0,0,0,0,0,0,0
666,2,0,0,0,0,0,0,0,0,0,0,0,0,0,0
667,2,1,0,0,0,1,0,1,1,0,0,1,0,0,0
668,2,0,0,0,0,0,0,0,0,1,1,0,0,0,0
669,2,0,0,0,0,0,0,1,1,1,1,0,0,0,1
67,2,1,1,1,1,0,1,1,1,1,0,1,0,0,0
670,2,1,0,0,0,1,0,0,0,1,0,0,0,1,0
671,2,0,1,0,0,0,0,0,0,0,0,0,0,0,0
672,2,0,0,0,0,0,0,0,0,0,0,0,0,0,0
673,2,0,0,0,0,0,0,0,0,0,0,0,0,0,0
674,2,1,1,0,1,1,1,1,1,0,0,1,0,0,0
675,2,0,0,0,1,1,0,0,0,0,0,0,1,0,0
676,2,0,0,1,0,0,1,0,0,0,0,0,0,0,0
677,2,1,1,0,0,0,0,0,0,0,0,0,0,0,0
678,2,1,0,0,0,0,0,1,1,0,0,0,0,0,0
679,2,0,1,0,1,0,0,0,0,0,0,0,0,0,0
68,2,0,1,1,0,1,1,0,1,1,0,0,0,0,0
680,2,1,0,0,0,0,0,0,1,0,0,0,0,0,0
681,2,0,0,0,0,0,0,0,0,0,0,0,0,0,0
682,2,1,1,0,0,0,0,1,0,0,1,0,0,1,0
683,2,0,0,0,0,0,0,0,0,0,0,0,0,0,0
684,2,0,0,0,0,0,0,0,0,0,0,0,0,0,0
685,2,1,0,0,0,0,0,1,0,0,1,0,0,0,0
686,2,0,0,0,0,0,0,0,0,0,0,0,0,0,0
687,2,1,1,0,1,1,0,1,0,0,0,0,0,0,0
688,2,0,1,0,1,0,1,0,0,0,0,0,0,0,0
69,2,1,1,1,1,1,1,0,0,1,0,1,1,0,0
690,2,0,1,0,0,0,1,1,0,0,0,0,0,0,0
691,2,0,0,0,0,0,0,0,0,0,0,0,0,0,0
692,2,0,1,0,0,0,0,0,0,0,0,0,0,0,0
693,2,1,1,0,1,1,0,1,1,1,0,0,0,1,0
694,2,0,0,0,0,0,0,0,0,0,0,0,0,0,0
695,2,0,0,1,0,1,0,0,0,0,0,0,0,0,0
696,2,1,1,1,1,1,1,0,1,1,1,0,1,1,0
697,2,0,0,0,0,0,0,0,0,0,0,0,0,0,0
698,2,0,0,1,0,0,0,0,0,1,0,0,0,0,0
699,2,0,0,0,0,0,0,0,0,0,0,0,0,0,0
7,2,0,0,1,0,0,0,0,0,1,0,0,0,0,0
70,2,0,0,0,0,0,0,0,0,0,0,0,0,0,0
700,2,1,0,0,0,1,0,0,0,0,0,1,0,1,0
701,2,1,0,0,0,0,0,0,0,0,1,0,0,0,0
702,2,1,1,0,0,0,0,0,0,0,0,0,0,0,0
703,2,1,1,0,1,0,0,0,0,0,0,0,0,0,0
704,2,0,0,0,0,0,0,0,0,0,0,0,0,0,0
705,2,0,0,0,1,0,0,0,0,0,0,0,0,0,0
706,2,1,0,0,1,1,1,0,0,0,0,0,0,0,0
707,2,1,0,0,0,1,0,1,0,0,0,1,1,0,0
708,2,0,1,1,1,1,0,0,0,0,1,0,0,0,0
709,2,0,0,1,0,0,0,0,0,0,0,0,0,0,0
71,2,0,0,0,0,0,0,0,0,0,0,0,0,0,0
710,2,0,0,0,1,0,0,0,0,0,0,0,0,0,0
711,2,0,0,0,0,0,0,0,0,0,0,0,0,0,0
712,2,1,1,0,0,0,0,1,0,0,0,0,0,1,0
713,2,0,0,0,0,0,0,0,0,0,0,0,0,0,0
714,2,0,1,1,1,1,0,0,0,1,0,0,0,0,0
715,2,0,1,1,0,0,0,1,0,0,0,1,0,0,0
716,2,0,0,0,0,0,0,0,0,0,0,0,0,0,0
717,2,0,0,0,0,0,0,0,0,0,0,0,0,0,0
718,2,1,0,1,1,1,1,1,0,1,1,1,0,0,0
719,2,0,0,0,0,0,0,0,0,0,0,0,0,0,0
72,2,0,0,0,0,0,1,1,1,0,0,0,0,1,0
720,2,0,0,0,0,0,0,0,0,0,0,0,0,0,0
721,2,0,0,0,0,0,0,0,0,0,0,0,0,0,0
722,2,1,1,0,1,0,0,0,0,1,0,0,0,0,0
723,2,1,0,0,0,0,0,0,0,0,0,0,0,0,0
724,2,0,0,0,0,0,0,0,0,0,0,0,0,0,0
725,2,1,0,0,1,1,1,0,0,0,0,0,0,0,0
726,2,0,0,0,0,0,0,1,0,0,0,0,0,0,0
727,2,1,1,0,0,0,1,0,0,0,0,0,0,0,0
728,2,0,0,0,0,0,0,0,0,0,0,0,0,0,0
729,2,0,0,0,0,0,0,0,0,0,0,0,0,1,0
73,2,1,1,0,1,0,1,0,0,0,0,0,0,0,0
730,2,1,0,0,0,0,0,0,0,0,0,0,0,0,0
731,2,0,0,0,0,0,0,0,0,0,0,0,0,0,0
732,2,0,1,0,0,0,0,0,0,1,0,0,0,0,0
733,2,0,1,0,0,0,0,0,1,0,0,0,0,0,0
734,2,0,1,0,0,0,0,0,0,0,0,0,0,0,0
735,2,0,0,0,0,0,0,1,1,0,0,0,0,1,0
736,2,0,1,0,0,0,0,0,0,0,0,0,0,0,0
737,2,0,0,0,0,0,0,0,0,0,0,0,0,0,0
738,2,0,0,0,0,0,0,0,0,0,0,0,0,0,0
74,2,0,0,0,0,0,0,0,0,0,0,0,0,0,0
740,2,1,0,0,0,0,0,1,0,0,0,0,0,1,0
741,2,0,0,0,0,0,0,0,0,0,0,0,0,0,0
742,2,0,1,1,0,1,1,0,0,0,0,0,0,1,0
743,2,1,1,0,1,1,0,0,0,0,0,1,0,0,0
744,2,1,0,0,0,0,0,0,1,0,0,0,0,1,0
745,2,1,1,0,0,0,1,0,0,0,0,1,1,0,1
746,2,0,0,0,0,0,0,0,0,0,0,0,0,0,0
747,2,0,0,0,0,0,0,0,0,0,0,0,0,0,0
748,2,0,0,0,0,0,0,0,0,0,0,0,0,0,0
749,2,0,0,0,0,0,0,0,0,1,0,0,0,0,0
75,2,0,0,0,0,0,0,0,0,0,0,0,0,0,0
750,2,0,0,0,1,0,0,0,0,0,0,1,0,0,0
751,2,0,0,0,0,0,0,0,0,0,0,0,0,0,0
752,2,0,0,0,0,0,0,0,0,0,0,0,0,0,0
753,2,0,1,0,0,0,0,1,0,0,0,0,1,0,0
754,2,0,0,0,0,0,0,0,0,0,0,0,0,0,0
755,2,0,0,0,0,0,0,0,1,0,0,0,0,0,0
756,2,0,0,1,1,0,0,0,0,0,0,0,0,0,0
757,2,0,1,0,0,0,0,0,1,0,0,0,0,0,0
758,2,0,0,0,0,0,0,0,0,0,0,0,0,0,0
759,2,0,0,0,0,0,0,0,0,0,0,0,0,0,0
76,2,0,0,0,0,0,0,0,0,0,0,0,0,0,0
760,2,0,1,0,0,0,0,1,0,0,0,0,0,0,0
761,2,1,0,0,0,0,0,1,0,0,0,0,0,0,1
762,2,1,1,1,1,0,1,1,1,1,1,0,0,0,1
763,2,0,0,1,0,0,0,0,0,0,0,0,0,0,0
764,2,1,0,0,0,1,0,1,0,0,0,0,0,0,0
765,2,0,0,0,1,0,1,0,0,0,0,0,0,0,0
766,2,1,0,0,0,0,0,1,0,1,1,0,1,0,0
767,2,1,0,0,0,1,0,0,0,0,0,0,0,1,0
768,2,0,0,1,0,0,1,0,0,0,0,1,0,0,0
769,2,1,0,1,0,0,0,0,0,0,0,0,0,0,0
77,2,1,0,1,0,1,0,0,0,1,0,0,0,1,1
770,2,0,0,0,1,0,0,0,0,0,0,0,0,0,0
771,2,0,0,0,0,1,1,1,0,1,0,0,0,0,0
772,2,0,0,0,0,0,0,0,0,0,0,0,0,0,0
773,2,0,0,0,0,0,0,0,0,0,0,0,0,0,0
774,2,0,0,1,1,1,0,0,0,0,0,0,0,0,0
775,2,0,0,0,0,0,0,0,0,0,0,0,0,0,0
776,2,0,0,1,1,0,0,0,0,1,0,0,0,0,0
777,2,1,0,0,0,0,0,0,0,0,1,0,0,1,0
778,2,0,0,0,0,0,0,0,0,1,0,0,0,0,0
779,2,0,0,0,0,0,0,0,0,0,0,0,0,0,0
78,2,1,0,1,1,0,1,0,1,1,0,0,0,0,0
781,2,0,0,0,0,0,0,1,0,0,0,0,0,0,0
782,2,0,0,0,0,0,0,0,0,0,0,0,1,0,0
783,2,0,0,0,0,0,0,0,0,0,0,0,0,0,0
784,2,0,0,0,0,0,0,0,0,0,0,0,0,0,0
785,2,0,1,0,0,0,0,1,0,0,1,0,0,0,0
786,2,1,1,0,1,1,1,0,1,0,0,1,1,1,0
787,2,0,0,0,0,0,0,1,0,0,0,0,0,0,0
788,2,1,0,1,0,0,0,0,0,0,0,0,0,0,0
789,2,0,0,0,0,0,0,0,0,0,0,0,0,0,0
79,2,1,0,0,0,0,0,0,0,0,1,0,0,0,0
790,2,0,1,1,1,0,1,1,0,0,0,0,0,0,1
791,2,0,0,0,0,1,1,0,0,0,0,0,0,0,0
792,2,0,0,0,0,0,0,1,0,1,0,0,0,0,0
793,2,0,0,0,0,0,0,0,0,0,0,0,0,1,0
794,2,0,0,0,0,0,0,0,0,0,0,0,0,0,0
795,2,0,0,0,0,0,0,0,0,0,0,0,0,0,0
796,2,0,0,0,0,0,0,0,0,0,0,0,0,0,0
797,2,1,1,0,0,0,1,0,1,0,0,0,0,0,0
798,2,0,1,0,0,0,0,0,0,1,1,0,0,0,0
799,2,1,0,0,0,0,0,0,0,0,0,0,0,0,0
8,2,1,0,1,0,1,0,0,0,0,0,0,0,0,0
80,2,1,0,0,0,1,1,0,0,0,1,0,0,0,0
800,2,1,1,1,0,1,0,1,0,0,0,0,0,0,0
801,2,0,1,0,0,0,1,1,0,0,0,0,0,0,0
802,2,0,0,0,0,0,0,0,0,0,0,0,0,0,0
803,2,0,0,0,0,0,0,0,1,0,0,0,0,1,0
804,2,0,0,1,0,1,0,0,0,0,0,0,0,1,0
805,2,1,1,0,0,1,0,0,1,0,0,0,1,1,0
806,2,0,0,1,0,1,0,0,0,1,1,0,0,1,0
807,2,0,0,1,0,0,1,0,0,0,0,0,0,0,0
808,2,0,0,0,0,0,0,0,0,0,0,0,0,0,0
809,2,0,0,1,0,0,0,0,0,1,0,0,0,0,0
81,2,0,0,1,0,1,0,0,0,0,0,0,0,0,0
810,2,0,0,0,0,0,0,0,0,0,0,0,0,0,0
811,2,0,0,1,0,1,0,0,0,0,0,0,0,0,0
812,2,0,0,0,0,0,0,0,0,0,0,0,0,0,0
813,2,0,0,0,0,1,0,0,0,0,1,0,0,0,0
814,2,0,0,0,0,0,0,0,0,0,0,0,0,0,0
815,2,0,0,0,0,1,0,0,0,0,0,0,0,0,0
816,2,1,0,0,0,0,0,0,0,0,0,1,0,1,0
817,2,0,1,0,1,1,0,1,0,0,0,0,1,0,0
818,2,1,1,0,0,1,1,0,0,1,0,0,0,0,0
819,2,0,0,0,0,0,0,0,0,0,0,0,0,0,0
82,2,0,0,0,0,0,0,0,0,0,0,0,0,0,0
820,2,0,0,0,0,0,0,0,0,0,0,0,0,0,0
821,2,0,0,0,0,0,0,0,0,0,0,0,0,0,0
822,2,0,0,0,0,0,0,0,0,0,0,0,0,0,0
823,2,0,0,0,0,0,0,0,0,0,0,0,0,0,0
824,2,0,0,0,0,0,0,0,0,0,0,0,0,0,0
825,2,1,0,0,0,1,0,0,1,1,1,0,0,0,0
826,2,0,0,0,0,0,0,0,0,0,0,0,0,0,0
827,2,0,0,0,0,0,0,0,0,0,0,0,0,0,0
828,2,0,0,1,0,0,0,0,0,0,0,0,0,0,0
829,2,1,0,0,0,0,0,0,0,0,0,0,0,0,0
83,2,0,0,0,0,0,0,0,0,0,0,0,0,0,0
830,2,0,0,0,0,0,0,0,0,0,0,0,0,0,0
831,2,0,0,0,0,0,0,0,1,0,0,0,0,0,0
832,2,0,0,0,0,0,0,0,0,0,0,0,0,0,0
833,2,1,0,0,0,1,0,0,0,0,0,0,0,0,0
834,2,0,0,0,0,0,0,0,0,0,0,0,0,0,0
835,2,0,0,0,0,0,0,0,0,0,0,0,0,0,0
836,2,0,0,0,0,0,0,0,0,0,0,0,0,0,0
837,2,1,0,0,0,0,0,0,0,0,0,0,0,0,0
838,2,0,0,0,0,0,0,0,0,0,0,0,0,0,0
839,2,0,0,0,0,0,0,0,0,0,0,0,0,0,0
84,2,0,1,0,0,0,0,0,0,0,0,0,0,0,0
840,2,1,0,1,1,0,0,1,0,0,0,0,1,0,0
841,2,1,0,0,0,0,0,1,1,0,0,0,0,0,0
842,2,0,0,0,0,0,1,0,0,0,0,1,0,0,0
843,2,0,1,1,0,1,1,0,0,0,0,0,0,0,0
844,2,0,0,0,0,0,0,1,1,0,0,0,0,0,0
845,2,1,1,0,0,0,0,1,0,0,0,0,0,0,1
846,2,1,1,0,1,0,0,1,0,0,0,0,0,1,0
847,2,1,0,0,0,0,0,0,0,0,0,0,0,1,0
848,2,1,1,1,1,1,0,0,0,1,0,0,0,0,0
849,2,1,1,0,0,0,0,0,1,0,0,0,0,1,0
85,2,0,0,0,0,0,0,0,0,0,0,0,0,0,1
850,2,1,1,0,0,0,0,0,0,0,0,0,0,0,0
852,2,0,0,0,0,0,0,1,0,1,0,0,0,0,0
853,2,1,0,0,0,0,0,0,0,0,0,0,0,0,0
854,2,0,0,0,0,0,0,0,0,0,0,0,0,0,0
855,2,0,0,0,0,0,0,0,0,1,0,0,1,0,0
856,2,1,0,1,1,0,0,0,1,0,0,0,0,0,0
857,2,1,1,0,1,1,1,0,0,0,0,0,0,0,0
858,2,0,0,0,0,0,0,0,0,0,0,0,0,0,0
859,2,1,1,0,0,0,0,0,0,0,0,0,0,0,0
86,2,0,0,0,0,0,0,0,1,0,0,0,0,0,0
860,2,0,0,0,0,0,0,0,0,0,0,0,0,0,0
861,2,0,0,0,1,0,0,0,0,0,1,0,0,0,0
862,2,0,0,0,0,0,1,0,0,0,0,0,0,0,0
863,2,1,1,0,1,0,0,0,1,0,0,0,0,0,0
864,2,0,1,0,0,0,0,0,0,0,0,0,0,0,0
865,2,0,0,0,0,0,0,0,0,0,0,0,0,0,0
866,2,0,1,1,0,0,1,0,0,1,0,0,0,0,0
867,2,0,0,1,0,0,0,0,0,0,0,0,0,0,0
868,2,1,1,1,0,0,0,0,0,0,0,0,0,0,0
869,2,0,0,0,0,0,0,0,0,1,0,0,0,0,0
87,2,0,0,0,0,0,0,0,0,0,0,0,0,0,0
871,2,0,0,1,1,0,0,1,0,0,0,0,1,0,0
872,2,0,0,0,0,0,0,0,0,0,0,0,0,0,0
873,2,1,1,1,0,1,0,0,0,0,0,0,0,0,0
874,2,0,0,0,0,0,0,0,0,0,0,0,0,0,0
875,2,0,0,1,0,0,0,0,0,0,0,0,0,0,0
876,2,1,0,0,0,0,0,0,0,0,0,0,0,0,0
877,2,0,0,0,1,0,0,0,0,0,0,0,0,0,0
878,2,1,1,0,1,1,1,0,0,1,0,0,0,0,0
879,2,0,1,0,0,0,0,0,0,1,0,0,0,0,0
88,2,0,1,1,1,1,0,1,0,0,0,0,1,1,0
880,2,0,0,0,0,0,0,0,0,0,0,0,0,0,0
881,2,1,0,1,1,0,0,1,0,0,0,0,0,0,0
882,2,0,0,1,0,1,1,0,0,0,1,0,1,0,0
883,2,0,0,0,0,0,0,1,1,0,0,0,0,0,0
884,2,0,0,0,0,0,0,0,0,0,0,0,0,0,0
885,2,0,0,1,0,0,0,0,0,0,0,0,0,0,0
886,2,0,0,0,0,0,0,0,0,0,1,0,0,0,0
887,2,0,0,0,0,0,0,0,0,0,0,0,0,0,0
888,2,1,1,0,1,0,0,0,1,1,0,0,0,0,0
889,2,1,1,0,1,0,0,0,0,1,0,0,0,0,0
89,2,0,0,0,0,0,0,0,0,0,0,0,0,0,0
890,2,0,0,0,0,0,0,0,0,0,0,0,0,0,0
891,2,0,1,0,1,0,1,1,0,0,0,0,0,0,0
892,2,0,0,0,0,0,0,0,0,0,0,0,0,0,0
893,2,0,1,1,0,0,0,0,1,0,1,0,0,1,0
894,2,0,0,0,0,0,0,1,0,0,0,0,0,0,0
895,2,1,0,0,1,0,0,0,0,0,0,0,0,0,0
896,2,1,0,0,0,0,0,0,1,0,0,1,0,0,0
897,2,0,0,1,0,0,0,0,0,1,1,0,1,0,0
898,2,0,0,0,0,0,0,1,0,0,0,0,0,0,1
899,2,0,0,0,0,0,0,0,0,0,0,0,0,0,0
9,2,0,1,1,0,0,0,0,0,1,0,0,0,0,0
90,2,1,1,0,0,0,0,1,0,0,0,0,0,0,0
900,2,0,0,0,0,0,0,1,0,0,0,0,0,0,0
901,2,1,0,0,0,0,0,0,0,0,0,0,0,0,0
902,2,0,0,0,0,0,0,0,0,0,0,0,0,0,0
903,2,0,0,0,0,0,0,0,0,0,0,0,0,0,0
904,2,0,0,0,0,0,0,0,0,0,0,0,0,0,0
905,2,0,0,0,0,0,0,0,0,0,0,0,0,0,0
906,2,1,0,1,0,1,0,0,0,0,0,0,0,0,0
907,2,0,0,0,0,0,0,0,0,0,0,0,0,0,0
908,2,1,0,0,0,0,0,1,0,0,0,0,1,0,0
909,2,1,0,0,0,0,0,1,0,0,0,0,0,1,1
91,2,0,0,0,0,0,0,0,1,0,0,0,0,0,0
910,2,0,0,0,0,0,0,0,0,0,0,0,0,0,0
911,2,0,0,0,0,0,0,0,0,0,0,0,0,0,0
912,2,0,1,0,0,1,1,0,0,0,0,0,0,0,0
913,2,1,1,0,1,1,0,0,1,0,0,0,0,0,0
914,2,0,0,0,1,0,0,0,0,0,0,0,0,0,0
915,2,0,0,0,0,0,0,0,0,0,0,0,0,0,0
916,2,0,0,1,0,0,0,0,0,0,0,0,0,0,0
917,2,1,0,0,0,1,0,0,0,0,0,0,0,1,0
918,2,0,0,0,0,0,0,0,0,0,0,0,0,0,0
919,2,0,0,1,0,0,0,0,0,0,0,0,0,0,0
92,2,0,0,0,0,0,0,1,0,0,0,0,0,0,0
920,2,1,0,1,1,1,1,0,0,1,0,0,0,0,0
921,2,0,0,0,0,0,0,0,0,0,0,0,0,0,0
922,2,0,0,0,0,0,0,0,0,0,0,0,0,0,0
923,2,0,0,1,0,1,0,0,0,0,0,0,0,0,0
924,2,1,1,0,1,1,1,1,0,0,1,1,0,0,0
925,2,0,0,0,0,0,0,0,0,0,0,0,0,1,0
926,2,1,0,0,0,0,0,0,1,0,0,0,0,0,0
927,2,1,0,0,0,1,0,1,0,1,0,0,0,0,0
928,2,0,1,1,0,1,0,0,1,1,0,0,1,0,0
929,2,0,0,0,1,1,0,1,0,0,1,0,0,0,0
93,2,0,0,0,1,0,0,0,0,0,0,0,0,0,0
930,2,0,0,0,0,0,0,0,0,0,0,0,0,0,0
931,2,1,0,0,0,1,1,1,0,0,0,1,0,0,0
932,2,0,0,0,0,1,0,0,0,0,0,0,0,0,0
933,2,1,1,1,1,1,0,0,0,1,0,0,0,0,0
934,2,1,1,1,0,1,1,1,1,1,1,0,0,0,1
935,2,0,0,0,0,0,0,1,0,0,0,0,0,0,0
936,2,1,1,0,1,0,0,0,0,0,0,0,0,0,0
937,2,0,0,0,0,0,0,1,0,0,0,0,0,0,0
938,2,0,0,0,0,0,0,0,0,0,0,0,0,0,0
939,2,1,1,0,0,1,0,0,0,1,1,0,0,0,0
94,2,0,0,0,0,0,0,0,0,0,0,0,0,0,0
940,2,0,0,0,0,0,0,0,0,0,0,0,0,0,0
941,2,0,0,0,0,0,0,0,0,0,0,0,1,0,0
942,2,0,0,1,0,1,1,0,0,0,0,1,0,0,0
943,2,1,0,1,1,0,0,0,0,1,0,0,0,0,0
944,2,1,0,0,0,0,0,0,0,0,0,0,0,1,0
945,2,0,0,1,0,0,0,1,0,0,0,0,0,0,0
946,2,1,1,0,0,1,0,1,0,0,0,0,0,0,0
947,2,0,0,0,0,0,0,0,0,0,0,0,0,0,0
949,2,0,0,0,0,1,1,1,0,0,0,0,0,0,0
95,2,1,0,1,1,0,0,0,0,1,1,0,0,0,1
950,2,0,0,1,1,1,1,0,0,0,0,1,0,0,0
951,2,0,0,0,0,0,0,0,0,0,0,0,0,0,0
952,2,0,0,1,0,0,0,1,0,0,0,0,0,0,0
953,2,0,0,1,1,0,1,0,0,0,0,0,0,0,0
954,2,1,0,1,1,1,0,0,0,0,1,1,0,1,0
955,2,0,1,0,1,0,1,1,0,0,0,1,0,1,0
956,2,1,1,0,0,0,0,1,0,0,0,0,0,1,0
957,2,0,0,0,1,0,0,0,0,0,0,0,0,0,0
958,2,0,0,0,0,0,0,0,0,0,0,0,0,0,0
959,2,1,0,0,0,0,0,0,0,1,0,0,0,1,0
960,2,0,0,0,0,0,0,0,1,0,0,0,0,0,0
961,2,1,0,0,0,0,0,1,0,0,0,0,0,0,0
962,2,0,0,0,0,0,0,0,0,0,1,0,0,0,0
963,2,0,1,0,0,1,0,0,1,0,0,0,0,0,0
964,2,1,1,1,0,1,1,1,1,0,0,0,0,0,0
965,2,0,0,0,0,0,0,0,0,0,0,0,0,0,0
966,2,0,0,0,0,0,0,0,0,0,0,0,0,0,0
967,2,0,0,0,0,0,0,0,0,0,0,0,0,0,0
968,2,0,1,1,1,1,1,0,0,0,0,0,0,0,0
969,2,0,0,0,0,0,0,0,0,1,0,0,0,0,0
97,2,1,0,0,0,0,1,1,0,0,0,0,1,0,1
970,2,0,0,0,0,0,1,1,0,0,0,0,0,0,0
971,2,0,0,0,1,1,1,0,1,1,0,0,0,1,0
972,2,1,1,0,0,0,0,0,0,0,0,0,0,0,0
973,2,1,1,0,0,0,0,0,0,0,0,0,1,1,0
974,2,0,0,1,0,0,0,0,0,0,0,0,0,0,0
975,2,0,0,0,0,0,0,0,0,0,0,0,0,0,0
976,2,1,1,0,1,1,1,0,0,0,0,0,1,0,0
977,2,1,0,0,0,0,0,0,0,0,0,1,0,0,0
978,2,1,1,0,1,1,0,0,0,0,0,0,1,0,0
979,2,1,1,0,1,1,1,1,0,0,0,0,1,1,1
98,2,0,0,0,0,0,1,1,0,1,0,1,0,0,0
980,2,0,0,0,0,1,0,0,0,0,0,1,0,0,0
981,2,0,1,0,1,0,0,0,0,0,0,0,0,0,0
982,2,1,0,0,1,1,1,1,1,0,1,1,1,0,0
983,2,0,0,0,1,0,0,0,0,1,0,1,0,0,0
984,2,0,0,0,0,0,0,0,0,0,0,0,0,0,0
985,2,1,0,0,0,0,0,1,1,1,0,0,1,0,0
986,2,1,0,0,0,0,1,0,0,0,1,0,0,0,0
987,2,0,1,0,0,0,0,0,1,0,0,0,0,0,0
988,2,1,1,1,0,1,0,0,0,0,0,0,0,0,0
989,2,0,1,0,0,0,0,0,0,0,0,0,0,0,0
99,2,0,0,1,0,0,0,0,0,1,1,0,0,0,0
990,2,0,0,0,0,0,0,0,0,0,0,0,0,0,0
991,2,0,0,0,0,0,0,0,0,0,0,0,0,0,0
992,2,0,0,0,0,0,0,0,0,0,0,0,0,0,0
993,2,1,0,0,0,1,0,0,0,1,0,0,0,0,0
994,2,0,0,0,0,0,0,0,0,1,0,0,1,0,1
995,2,0,0,0,0,0,0,0,0,0,0,0,0,1,0
996,2,0,0,1,0,1,0,0,0,1,1,0,0,0,0
997,2,1,0,0,0,0,1,0,0,0,0,0,0,1,0
998,2,1,0,1,0,1,1,0,0,0,0,0,0,0,0
999,2,0,1,1,0,1,0,0,1,0,0,0,0,0,0
