season,round,session,race,date,circuit,driver_id,driver_code,driver,constructor,grid,position,position_text,status,laps,points
2021,1,race,Bahrain Grand Prix,2021-03-28,bahrain,hamilton,HAM,Lewis Hamilton,mercedes,2,1,1,Finished,56,25.0
2021,1,race,Bahrain Grand Prix,2021-03-28,bahrain,max_verstappen,VER,Max Verstappen,red_bull,1,2,2,Finished,56,18.0
2021,1,race,Bahrain Grand Prix,2021-03-28,bahrain,bottas,BOT,Valtteri Bottas,mercedes,3,3,3,Finished,56,16.0
2021,1,race,Bahrain Grand Prix,2021-03-28,bahrain,norris,NOR,Lando Norris,mclaren,7,4,4,Finished,56,12.0
2021,1,race,Bahrain Grand Prix,2021-03-28,bahrain,perez,PER,Sergio Pérez,red_bull,0,5,5,Finished,56,10.0
2021,1,race,Bahrain Grand Prix,2021-03-28,bahrain,leclerc,LEC,Charles Leclerc,ferrari,4,6,6,Finished,56,8.0
2021,1,race,Bahrain Grand Prix,2021-03-28,bahrain,ricciardo,RIC,Daniel Ricciardo,mclaren,6,7,7,Finished,56,6.0
2021,1,race,Bahrain Grand Prix,2021-03-28,bahrain,sainz,SAI,Carlos Sainz,ferrari,8,8,8,Finished,56,4.0
2021,1,race,Bahrain Grand Prix,2021-03-28,bahrain,tsunoda,TSU,Yuki Tsunoda,alphatauri,13,9,9,Finished,56,2.0
2021,1,race,Bahrain Grand Prix,2021-03-28,bahrain,stroll,STR,Lance Stroll,aston_martin,10,10,10,Finished,56,1.0
2021,1,race,Bahrain Grand Prix,2021-03-28,bahrain,raikkonen,RAI,Kimi Räikkönen,alfa,14,11,11,Finished,56,0.0
2021,1,race,Bahrain Grand Prix,2021-03-28,bahrain,giovinazzi,GIO,Antonio Giovinazzi,alfa,12,12,12,+1 Lap,55,0.0
2021,1,race,Bahrain Grand Prix,2021-03-28,bahrain,ocon,OCO,Esteban Ocon,alpine,16,13,13,+1 Lap,55,0.0
2021,1,race,Bahrain Grand Prix,2021-03-28,bahrain,russell,RUS,George Russell,williams,15,14,14,+1 Lap,55,0.0
2021,1,race,Bahrain Grand Prix,2021-03-28,bahrain,vettel,VET,Sebastian Vettel,aston_martin,20,15,15,+1 Lap,55,0.0
2021,1,race,Bahrain Grand Prix,2021-03-28,bahrain,mick_schumacher,MSC,Mick Schumacher,haas,18,16,16,+1 Lap,55,0.0
2021,1,race,Bahrain Grand Prix,2021-03-28,bahrain,gasly,GAS,Pierre Gasly,alphatauri,5,17,17,Retired,52,0.0
2021,1,race,Bahrain Grand Prix,2021-03-28,bahrain,latifi,LAT,Nicholas Latifi,williams,17,18,18,Retired,51,0.0
2021,1,race,Bahrain Grand Prix,2021-03-28,bahrain,alonso,ALO,Fernando Alonso,alpine,9,19,R,Brakes,32,0.0
2021,1,race,Bahrain Grand Prix,2021-03-28,bahrain,mazepin,MAZ,Nikita Mazepin,haas,19,20,R,Accident,0,0.0
2021,2,race,Emilia Romagna Grand Prix,2021-04-18,imola,max_verstappen,VER,Max Verstappen,red_bull,3,1,1,Finished,63,25.0
2021,2,race,Emilia Romagna Grand Prix,2021-04-18,imola,hamilton,HAM,Lewis Hamilton,mercedes,1,2,2,Finished,63,19.0
2021,2,race,Emilia Romagna Grand Prix,2021-04-18,imola,norris,NOR,Lando Norris,mclaren,7,3,3,Finished,63,15.0
2021,2,race,Emilia Romagna Grand Prix,2021-04-18,imola,leclerc,LEC,Charles Leclerc,ferrari,4,4,4,Finished,63,12.0
2021,2,race,Emilia Romagna Grand Prix,2021-04-18,imola,sainz,SAI,Carlos Sainz,ferrari,11,5,5,Finished,63,10.0
2021,2,race,Emilia Romagna Grand Prix,2021-04-18,imola,ricciardo,RIC,Daniel Ricciardo,mclaren,6,6,6,Finished,63,8.0
2021,2,race,Emilia Romagna Grand Prix,2021-04-18,imola,gasly,GAS,Pierre Gasly,alphatauri,5,7,7,Finished,63,6.0
2021,2,race,Emilia Romagna Grand Prix,2021-04-18,imola,stroll,STR,Lance Stroll,aston_martin,10,8,8,Finished,63,4.0
2021,2,race,Emilia Romagna Grand Prix,2021-04-18,imola,ocon,OCO,Esteban Ocon,alpine,9,9,9,Finished,63,2.0
2021,2,race,Emilia Romagna Grand Prix,2021-04-18,imola,alonso,ALO,Fernando Alonso,alpine,15,10,10,Finished,63,1.0
2021,2,race,Emilia Romagna Grand Prix,2021-04-18,imola,perez,PER,Sergio Pérez,red_bull,2,11,11,Finished,63,0.0
2021,2,race,Emilia Romagna Grand Prix,2021-04-18,imola,tsunoda,TSU,Yuki Tsunoda,alphatauri,20,12,12,Finished,63,0.0
2021,2,race,Emilia Romagna Grand Prix,2021-04-18,imola,raikkonen,RAI,Kimi Räikkönen,alfa,16,13,13,Finished,63,0.0
2021,2,race,Emilia Romagna Grand Prix,2021-04-18,imola,giovinazzi,GIO,Antonio Giovinazzi,alfa,17,14,14,+1 Lap,62,0.0
2021,2,race,Emilia Romagna Grand Prix,2021-04-18,imola,vettel,VET,Sebastian Vettel,aston_martin,0,15,15,Gearbox,61,0.0
2021,2,race,Emilia Romagna Grand Prix,2021-04-18,imola,mick_schumacher,MSC,Mick Schumacher,haas,18,16,16,+2 Laps,61,0.0
2021,2,race,Emilia Romagna Grand Prix,2021-04-18,imola,mazepin,MAZ,Nikita Mazepin,haas,19,17,17,+2 Laps,61,0.0
2021,2,race,Emilia Romagna Grand Prix,2021-04-18,imola,bottas,BOT,Valtteri Bottas,mercedes,8,18,R,Collision,30,0.0
2021,2,race,Emilia Romagna Grand Prix,2021-04-18,imola,russell,RUS,George Russell,williams,12,19,R,Collision,30,0.0
2021,2,race,Emilia Romagna Grand Prix,2021-04-18,imola,latifi,LAT,Nicholas Latifi,williams,14,20,R,Collision,0,0.0
2021,3,race,Portuguese Grand Prix,2021-05-02,portimao,hamilton,HAM,Lewis Hamilton,mercedes,2,1,1,Finished,66,25.0
2021,3,race,Portuguese Grand Prix,2021-05-02,portimao,max_verstappen,VER,Max Verstappen,red_bull,3,2,2,Finished,66,18.0
2021,3,race,Portuguese Grand Prix,2021-05-02,portimao,bottas,BOT,Valtteri Bottas,mercedes,1,3,3,Finished,66,16.0
2021,3,race,Portuguese Grand Prix,2021-05-02,portimao,perez,PER,Sergio Pérez,red_bull,4,4,4,Finished,66,12.0
2021,3,race,Portuguese Grand Prix,2021-05-02,portimao,norris,NOR,Lando Norris,mclaren,7,5,5,Finished,66,10.0
2021,3,race,Portuguese Grand Prix,2021-05-02,portimao,leclerc,LEC,Charles Leclerc,ferrari,8,6,6,Finished,66,8.0
2021,3,race,Portuguese Grand Prix,2021-05-02,portimao,ocon,OCO,Esteban Ocon,alpine,6,7,7,Finished,66,6.0
2021,3,race,Portuguese Grand Prix,2021-05-02,portimao,alonso,ALO,Fernando Alonso,alpine,13,8,8,Finished,66,4.0
2021,3,race,Portuguese Grand Prix,2021-05-02,portimao,ricciardo,RIC,Daniel Ricciardo,mclaren,16,9,9,Finished,66,2.0
2021,3,race,Portuguese Grand Prix,2021-05-02,portimao,gasly,GAS,Pierre Gasly,alphatauri,9,10,10,Finished,66,1.0
2021,3,race,Portuguese Grand Prix,2021-05-02,portimao,sainz,SAI,Carlos Sainz,ferrari,5,11,11,Finished,66,0.0
2021,3,race,Portuguese Grand Prix,2021-05-02,portimao,giovinazzi,GIO,Antonio Giovinazzi,alfa,12,12,12,+1 Lap,65,0.0
2021,3,race,Portuguese Grand Prix,2021-05-02,portimao,vettel,VET,Sebastian Vettel,aston_martin,10,13,13,+1 Lap,65,0.0
2021,3,race,Portuguese Grand Prix,2021-05-02,portimao,stroll,STR,Lance Stroll,aston_martin,17,14,14,+1 Lap,65,0.0
2021,3,race,Portuguese Grand Prix,2021-05-02,portimao,tsunoda,TSU,Yuki Tsunoda,alphatauri,14,15,15,+1 Lap,65,0.0
2021,3,race,Portuguese Grand Prix,2021-05-02,portimao,russell,RUS,George Russell,williams,11,16,16,+1 Lap,65,0.0
2021,3,race,Portuguese Grand Prix,2021-05-02,portimao,mick_schumacher,MSC,Mick Schumacher,haas,19,17,17,+2 Laps,64,0.0
2021,3,race,Portuguese Grand Prix,2021-05-02,portimao,latifi,LAT,Nicholas Latifi,williams,18,18,18,+2 Laps,64,0.0
2021,3,race,Portuguese Grand Prix,2021-05-02,portimao,mazepin,MAZ,Nikita Mazepin,haas,20,19,19,+2 Laps,64,0.0
2021,3,race,Portuguese Grand Prix,2021-05-02,portimao,raikkonen,RAI,Kimi Räikkönen,alfa,15,20,R,Collision damage,1,0.0
2021,4,race,Spanish Grand Prix,2021-05-09,catalunya,hamilton,HAM,Lewis Hamilton,mercedes,1,1,1,Finished,66,25.0
2021,4,race,Spanish Grand Prix,2021-05-09,catalunya,max_verstappen,VER,Max Verstappen,red_bull,2,2,2,Finished,66,19.0
2021,4,race,Spanish Grand Prix,2021-05-09,catalunya,bottas,BOT,Valtteri Bottas,mercedes,3,3,3,Finished,66,15.0
2021,4,race,Spanish Grand Prix,2021-05-09,catalunya,leclerc,LEC,Charles Leclerc,ferrari,4,4,4,Finished,66,12.0
2021,4,race,Spanish Grand Prix,2021-05-09,catalunya,perez,PER,Sergio Pérez,red_bull,8,5,5,Finished,66,10.0
2021,4,race,Spanish Grand Prix,2021-05-09,catalunya,ricciardo,RIC,Daniel Ricciardo,mclaren,7,6,6,Finished,66,8.0
2021,4,race,Spanish Grand Prix,2021-05-09,catalunya,sainz,SAI,Carlos Sainz,ferrari,6,7,7,Finished,66,6.0
2021,4,race,Spanish Grand Prix,2021-05-09,catalunya,norris,NOR,Lando Norris,mclaren,9,8,8,+1 Lap,65,4.0
2021,4,race,Spanish Grand Prix,2021-05-09,catalunya,ocon,OCO,Esteban Ocon,alpine,5,9,9,+1 Lap,65,2.0
2021,4,race,Spanish Grand Prix,2021-05-09,catalunya,gasly,GAS,Pierre Gasly,alphatauri,12,10,10,+1 Lap,65,1.0
2021,4,race,Spanish Grand Prix,2021-05-09,catalunya,stroll,STR,Lance Stroll,aston_martin,11,11,11,+1 Lap,65,0.0
2021,4,race,Spanish Grand Prix,2021-05-09,catalunya,raikkonen,RAI,Kimi Räikkönen,alfa,17,12,12,+1 Lap,65,0.0
2021,4,race,Spanish Grand Prix,2021-05-09,catalunya,vettel,VET,Sebastian Vettel,aston_martin,13,13,13,+1 Lap,65,0.0
2021,4,race,Spanish Grand Prix,2021-05-09,catalunya,russell,RUS,George Russell,williams,15,14,14,+1 Lap,65,0.0
2021,4,race,Spanish Grand Prix,2021-05-09,catalunya,giovinazzi,GIO,Antonio Giovinazzi,alfa,14,15,15,+1 Lap,65,0.0
2021,4,race,Spanish Grand Prix,2021-05-09,catalunya,latifi,LAT,Nicholas Latifi,williams,19,16,16,+1 Lap,65,0.0
2021,4,race,Spanish Grand Prix,2021-05-09,catalunya,alonso,ALO,Fernando Alonso,alpine,10,17,17,+1 Lap,65,0.0
2021,4,race,Spanish Grand Prix,2021-05-09,catalunya,mick_schumacher,MSC,Mick Schumacher,haas,18,18,18,+2 Laps,64,0.0
2021,4,race,Spanish Grand Prix,2021-05-09,catalunya,mazepin,MAZ,Nikita Mazepin,haas,20,19,19,+2 Laps,64,0.0
2021,4,race,Spanish Grand Prix,2021-05-09,catalunya,tsunoda,TSU,Yuki Tsunoda,alphatauri,16,20,R,Electrical,6,0.0
2021,5,race,Monaco Grand Prix,2021-05-23,monaco,max_verstappen,VER,Max Verstappen,red_bull,2,1,1,Finished,78,25.0
2021,5,race,Monaco Grand Prix,2021-05-23,monaco,sainz,SAI,Carlos Sainz,ferrari,4,2,2,Finished,78,18.0
2021,5,race,Monaco Grand Prix,2021-05-23,monaco,norris,NOR,Lando Norris,mclaren,5,3,3,Finished,78,15.0
2021,5,race,Monaco Grand Prix,2021-05-23,monaco,perez,PER,Sergio Pérez,red_bull,9,4,4,Finished,78,12.0
2021,5,race,Monaco Grand Prix,2021-05-23,monaco,vettel,VET,Sebastian Vettel,aston_martin,8,5,5,Finished,78,10.0
2021,5,race,Monaco Grand Prix,2021-05-23,monaco,gasly,GAS,Pierre Gasly,alphatauri,6,6,6,Finished,78,8.0
2021,5,race,Monaco Grand Prix,2021-05-23,monaco,hamilton,HAM,Lewis Hamilton,mercedes,7,7,7,Finished,78,7.0
2021,5,race,Monaco Grand Prix,2021-05-23,monaco,stroll,STR,Lance Stroll,aston_martin,13,8,8,+1 Lap,77,4.0
2021,5,race,Monaco Grand Prix,2021-05-23,monaco,ocon,OCO,Esteban Ocon,alpine,11,9,9,+1 Lap,77,2.0
2021,5,race,Monaco Grand Prix,2021-05-23,monaco,giovinazzi,GIO,Antonio Giovinazzi,alfa,10,10,10,+1 Lap,77,1.0
2021,5,race,Monaco Grand Prix,2021-05-23,monaco,raikkonen,RAI,Kimi Räikkönen,alfa,14,11,11,+1 Lap,77,0.0
2021,5,race,Monaco Grand Prix,2021-05-23,monaco,ricciardo,RIC,Daniel Ricciardo,mclaren,12,12,12,+1 Lap,77,0.0
2021,5,race,Monaco Grand Prix,2021-05-23,monaco,alonso,ALO,Fernando Alonso,alpine,17,13,13,+1 Lap,77,0.0
2021,5,race,Monaco Grand Prix,2021-05-23,monaco,russell,RUS,George Russell,williams,15,14,14,+1 Lap,77,0.0
2021,5,race,Monaco Grand Prix,2021-05-23,monaco,latifi,LAT,Nicholas Latifi,williams,18,15,15,+1 Lap,77,0.0
2021,5,race,Monaco Grand Prix,2021-05-23,monaco,tsunoda,TSU,Yuki Tsunoda,alphatauri,16,16,16,+1 Lap,77,0.0
2021,5,race,Monaco Grand Prix,2021-05-23,monaco,mazepin,MAZ,Nikita Mazepin,haas,19,17,17,+3 Laps,75,0.0
2021,5,race,Monaco Grand Prix,2021-05-23,monaco,mick_schumacher,MSC,Mick Schumacher,haas,20,18,18,+3 Laps,75,0.0
2021,5,race,Monaco Grand Prix,2021-05-23,monaco,bottas,BOT,Valtteri Bottas,mercedes,3,19,R,Wheel nut,29,0.0
2021,5,race,Monaco Grand Prix,2021-05-23,monaco,leclerc,LEC,Charles Leclerc,ferrari,1,20,W,Driveshaft,0,0.0
2021,6,race,Azerbaijan Grand Prix,2021-06-06,baku,perez,PER,Sergio Pérez,red_bull,6,1,1,Finished,51,25.0
2021,6,race,Azerbaijan Grand Prix,2021-06-06,baku,vettel,VET,Sebastian Vettel,aston_martin,11,2,2,Finished,51,18.0
2021,6,race,Azerbaijan Grand Prix,2021-06-06,baku,gasly,GAS,Pierre Gasly,alphatauri,4,3,3,Finished,51,15.0
2021,6,race,Azerbaijan Grand Prix,2021-06-06,baku,leclerc,LEC,Charles Leclerc,ferrari,1,4,4,Finished,51,12.0
2021,6,race,Azerbaijan Grand Prix,2021-06-06,baku,norris,NOR,Lando Norris,mclaren,9,5,5,Finished,51,10.0
2021,6,race,Azerbaijan Grand Prix,2021-06-06,baku,alonso,ALO,Fernando Alonso,alpine,8,6,6,Finished,51,8.0
2021,6,race,Azerbaijan Grand Prix,2021-06-06,baku,tsunoda,TSU,Yuki Tsunoda,alphatauri,7,7,7,Finished,51,6.0
2021,6,race,Azerbaijan Grand Prix,2021-06-06,baku,sainz,SAI,Carlos Sainz,ferrari,5,8,8,Finished,51,4.0
2021,6,race,Azerbaijan Grand Prix,2021-06-06,baku,ricciardo,RIC,Daniel Ricciardo,mclaren,13,9,9,Finished,51,2.0
2021,6,race,Azerbaijan Grand Prix,2021-06-06,baku,raikkonen,RAI,Kimi Räikkönen,alfa,14,10,10,Finished,51,1.0
2021,6,race,Azerbaijan Grand Prix,2021-06-06,baku,giovinazzi,GIO,Antonio Giovinazzi,alfa,20,11,11,Finished,51,0.0
2021,6,race,Azerbaijan Grand Prix,2021-06-06,baku,bottas,BOT,Valtteri Bottas,mercedes,10,12,12,Finished,51,0.0
2021,6,race,Azerbaijan Grand Prix,2021-06-06,baku,mick_schumacher,MSC,Mick Schumacher,haas,17,13,13,Finished,51,0.0
2021,6,race,Azerbaijan Grand Prix,2021-06-06,baku,mazepin,MAZ,Nikita Mazepin,haas,18,14,14,Finished,51,0.0
2021,6,race,Azerbaijan Grand Prix,2021-06-06,baku,hamilton,HAM,Lewis Hamilton,mercedes,2,15,15,Finished,51,0.0
2021,6,race,Azerbaijan Grand Prix,2021-06-06,baku,latifi,LAT,Nicholas Latifi,williams,16,16,16,Finished,51,0.0
2021,6,race,Azerbaijan Grand Prix,2021-06-06,baku,russell,RUS,George Russell,williams,15,17,R,Gearbox,48,0.0
2021,6,race,Azerbaijan Grand Prix,2021-06-06,baku,max_verstappen,VER,Max Verstappen,red_bull,3,18,R,Accident,45,0.0
2021,6,race,Azerbaijan Grand Prix,2021-06-06,baku,stroll,STR,Lance Stroll,aston_martin,19,19,R,Accident,29,0.0
2021,6,race,Azerbaijan Grand Prix,2021-06-06,baku,ocon,OCO,Esteban Ocon,alpine,12,20,R,Turbo,3,0.0
2021,7,race,French Grand Prix,2021-06-20,ricard,max_verstappen,VER,Max Verstappen,red_bull,1,1,1,Finished,53,26.0
2021,7,race,French Grand Prix,2021-06-20,ricard,hamilton,HAM,Lewis Hamilton,mercedes,2,2,2,Finished,53,18.0
2021,7,race,French Grand Prix,2021-06-20,ricard,perez,PER,Sergio Pérez,red_bull,4,3,3,Finished,53,15.0
2021,7,race,French Grand Prix,2021-06-20,ricard,bottas,BOT,Valtteri Bottas,mercedes,3,4,4,Finished,53,12.0
2021,7,race,French Grand Prix,2021-06-20,ricard,norris,NOR,Lando Norris,mclaren,8,5,5,Finished,53,10.0
2021,7,race,French Grand Prix,2021-06-20,ricard,ricciardo,RIC,Daniel Ricciardo,mclaren,10,6,6,Finished,53,8.0
2021,7,race,French Grand Prix,2021-06-20,ricard,gasly,GAS,Pierre Gasly,alphatauri,6,7,7,Finished,53,6.0
2021,7,race,French Grand Prix,2021-06-20,ricard,alonso,ALO,Fernando Alonso,alpine,9,8,8,Finished,53,4.0
2021,7,race,French Grand Prix,2021-06-20,ricard,vettel,VET,Sebastian Vettel,aston_martin,12,9,9,Finished,53,2.0
2021,7,race,French Grand Prix,2021-06-20,ricard,stroll,STR,Lance Stroll,aston_martin,19,10,10,Finished,53,1.0
2021,7,race,French Grand Prix,2021-06-20,ricard,sainz,SAI,Carlos Sainz,ferrari,5,11,11,Finished,53,0.0
2021,7,race,French Grand Prix,2021-06-20,ricard,russell,RUS,George Russell,williams,14,12,12,+1 Lap,52,0.0
2021,7,race,French Grand Prix,2021-06-20,ricard,tsunoda,TSU,Yuki Tsunoda,alphatauri,0,13,13,+1 Lap,52,0.0
2021,7,race,French Grand Prix,2021-06-20,ricard,ocon,OCO,Esteban Ocon,alpine,11,14,14,+1 Lap,52,0.0
2021,7,race,French Grand Prix,2021-06-20,ricard,giovinazzi,GIO,Antonio Giovinazzi,alfa,13,15,15,+1 Lap,52,0.0
2021,7,race,French Grand Prix,2021-06-20,ricard,leclerc,LEC,Charles Leclerc,ferrari,7,16,16,+1 Lap,52,0.0
2021,7,race,French Grand Prix,2021-06-20,ricard,raikkonen,RAI,Kimi Räikkönen,alfa,17,17,17,+1 Lap,52,0.0
2021,7,race,French Grand Prix,2021-06-20,ricard,latifi,LAT,Nicholas Latifi,williams,16,18,18,+1 Lap,52,0.0
2021,7,race,French Grand Prix,2021-06-20,ricard,mick_schumacher,MSC,Mick Schumacher,haas,15,19,19,+1 Lap,52,0.0
2021,7,race,French Grand Prix,2021-06-20,ricard,mazepin,MAZ,Nikita Mazepin,haas,18,20,20,+1 Lap,52,0.0
2021,8,race,Styrian Grand Prix,2021-06-27,red_bull_ring,max_verstappen,VER,Max Verstappen,red_bull,1,1,1,Finished,71,25.0
2021,8,race,Styrian Grand Prix,2021-06-27,red_bull_ring,hamilton,HAM,Lewis Hamilton,mercedes,2,2,2,Finished,71,19.0
2021,8,race,Styrian Grand Prix,2021-06-27,red_bull_ring,bottas,BOT,Valtteri Bottas,mercedes,5,3,3,Finished,71,15.0
2021,8,race,Styrian Grand Prix,2021-06-27,red_bull_ring,perez,PER,Sergio Pérez,red_bull,4,4,4,Finished,71,12.0
2021,8,race,Styrian Grand Prix,2021-06-27,red_bull_ring,norris,NOR,Lando Norris,mclaren,3,5,5,+1 Lap,70,10.0
2021,8,race,Styrian Grand Prix,2021-06-27,red_bull_ring,sainz,SAI,Carlos Sainz,ferrari,12,6,6,+1 Lap,70,8.0
2021,8,race,Styrian Grand Prix,2021-06-27,red_bull_ring,leclerc,LEC,Charles Leclerc,ferrari,7,7,7,+1 Lap,70,6.0
2021,8,race,Styrian Grand Prix,2021-06-27,red_bull_ring,stroll,STR,Lance Stroll,aston_martin,9,8,8,+1 Lap,70,4.0
2021,8,race,Styrian Grand Prix,2021-06-27,red_bull_ring,alonso,ALO,Fernando Alonso,alpine,8,9,9,+1 Lap,70,2.0
2021,8,race,Styrian Grand Prix,2021-06-27,red_bull_ring,tsunoda,TSU,Yuki Tsunoda,alphatauri,11,10,10,+1 Lap,70,1.0
2021,8,race,Styrian Grand Prix,2021-06-27,red_bull_ring,raikkonen,RAI,Kimi Räikkönen,alfa,18,11,11,+1 Lap,70,0.0
2021,8,race,Styrian Grand Prix,2021-06-27,red_bull_ring,vettel,VET,Sebastian Vettel,aston_martin,14,12,12,+1 Lap,70,0.0
2021,8,race,Styrian Grand Prix,2021-06-27,red_bull_ring,ricciardo,RIC,Daniel Ricciardo,mclaren,13,13,13,+1 Lap,70,0.0
2021,8,race,Styrian Grand Prix,2021-06-27,red_bull_ring,ocon,OCO,Esteban Ocon,alpine,17,14,14,+1 Lap,70,0.0
2021,8,race,Styrian Grand Prix,2021-06-27,red_bull_ring,giovinazzi,GIO,Antonio Giovinazzi,alfa,15,15,15,+1 Lap,70,0.0
2021,8,race,Styrian Grand Prix,2021-06-27,red_bull_ring,mick_schumacher,MSC,Mick Schumacher,haas,19,16,16,+2 Laps,69,0.0
2021,8,race,Styrian Grand Prix,2021-06-27,red_bull_ring,latifi,LAT,Nicholas Latifi,williams,16,17,17,+3 Laps,68,0.0
2021,8,race,Styrian Grand Prix,2021-06-27,red_bull_ring,mazepin,MAZ,Nikita Mazepin,haas,20,18,18,+3 Laps,68,0.0
2021,8,race,Styrian Grand Prix,2021-06-27,red_bull_ring,russell,RUS,George Russell,williams,10,19,R,Engine,36,0.0
2021,8,race,Styrian Grand Prix,2021-06-27,red_bull_ring,gasly,GAS,Pierre Gasly,alphatauri,6,20,R,Collision,1,0.0
2021,9,race,Austrian Grand Prix,2021-07-04,red_bull_ring,max_verstappen,VER,Max Verstappen,red_bull,1,1,1,Finished,71,26.0
2021,9,race,Austrian Grand Prix,2021-07-04,red_bull_ring,bottas,BOT,Valtteri Bottas,mercedes,5,2,2,Finished,71,18.0
2021,9,race,Austrian Grand Prix,2021-07-04,red_bull_ring,norris,NOR,Lando Norris,mclaren,2,3,3,Finished,71,15.0
2021,9,race,Austrian Grand Prix,2021-07-04,red_bull_ring,hamilton,HAM,Lewis Hamilton,mercedes,4,4,4,Finished,71,12.0
2021,9,race,Austrian Grand Prix,2021-07-04,red_bull_ring,sainz,SAI,Carlos Sainz,ferrari,10,5,5,Finished,71,10.0
2021,9,race,Austrian Grand Prix,2021-07-04,red_bull_ring,perez,PER,Sergio Pérez,red_bull,3,6,6,Finished,71,8.0
2021,9,race,Austrian Grand Prix,2021-07-04,red_bull_ring,ricciardo,RIC,Daniel Ricciardo,mclaren,13,7,7,Finished,71,6.0
2021,9,race,Austrian Grand Prix,2021-07-04,red_bull_ring,leclerc,LEC,Charles Leclerc,ferrari,12,8,8,Finished,71,4.0
2021,9,race,Austrian Grand Prix,2021-07-04,red_bull_ring,gasly,GAS,Pierre Gasly,alphatauri,6,9,9,Finished,71,2.0
2021,9,race,Austrian Grand Prix,2021-07-04,red_bull_ring,alonso,ALO,Fernando Alonso,alpine,14,10,10,+1 Lap,70,1.0
2021,9,race,Austrian Grand Prix,2021-07-04,red_bull_ring,russell,RUS,George Russell,williams,8,11,11,+1 Lap,70,0.0
2021,9,race,Austrian Grand Prix,2021-07-04,red_bull_ring,tsunoda,TSU,Yuki Tsunoda,alphatauri,7,12,12,+1 Lap,70,0.0
2021,9,race,Austrian Grand Prix,2021-07-04,red_bull_ring,stroll,STR,Lance Stroll,aston_martin,9,13,13,+1 Lap,70,0.0
2021,9,race,Austrian Grand Prix,2021-07-04,red_bull_ring,giovinazzi,GIO,Antonio Giovinazzi,alfa,15,14,14,+1 Lap,70,0.0
2021,9,race,Austrian Grand Prix,2021-07-04,red_bull_ring,raikkonen,RAI,Kimi Räikkönen,alfa,16,15,15,+1 Lap,70,0.0
2021,9,race,Austrian Grand Prix,2021-07-04,red_bull_ring,latifi,LAT,Nicholas Latifi,williams,18,16,16,+1 Lap,70,0.0
2021,9,race,Austrian Grand Prix,2021-07-04,red_bull_ring,vettel,VET,Sebastian Vettel,aston_martin,11,17,17,Collision,69,0.0
2021,9,race,Austrian Grand Prix,2021-07-04,red_bull_ring,mick_schumacher,MSC,Mick Schumacher,haas,19,18,18,+2 Laps,69,0.0
2021,9,race,Austrian Grand Prix,2021-07-04,red_bull_ring,mazepin,MAZ,Nikita Mazepin,haas,20,19,19,+2 Laps,69,0.0
2021,9,race,Austrian Grand Prix,2021-07-04,red_bull_ring,ocon,OCO,Esteban Ocon,alpine,17,20,R,Collision,0,0.0
2021,10,race,British Grand Prix,2021-07-18,silverstone,hamilton,HAM,Lewis Hamilton,mercedes,2,1,1,Finished,52,25.0
2021,10,race,British Grand Prix,2021-07-18,silverstone,leclerc,LEC,Charles Leclerc,ferrari,4,2,2,Finished,52,18.0
2021,10,race,British Grand Prix,2021-07-18,silverstone,bottas,BOT,Valtteri Bottas,mercedes,3,3,3,Finished,52,15.0
2021,10,race,British Grand Prix,2021-07-18,silverstone,norris,NOR,Lando Norris,mclaren,5,4,4,Finished,52,12.0
2021,10,race,British Grand Prix,2021-07-18,silverstone,ricciardo,RIC,Daniel Ricciardo,mclaren,6,5,5,Finished,52,10.0
2021,10,race,British Grand Prix,2021-07-18,silverstone,sainz,SAI,Carlos Sainz,ferrari,10,6,6,Finished,52,8.0
2021,10,race,British Grand Prix,2021-07-18,silverstone,alonso,ALO,Fernando Alonso,alpine,7,7,7,Finished,52,6.0
2021,10,race,British Grand Prix,2021-07-18,silverstone,stroll,STR,Lance Stroll,aston_martin,14,8,8,Finished,52,4.0
2021,10,race,British Grand Prix,2021-07-18,silverstone,ocon,OCO,Esteban Ocon,alpine,9,9,9,Finished,52,2.0
2021,10,race,British Grand Prix,2021-07-18,silverstone,tsunoda,TSU,Yuki Tsunoda,alphatauri,16,10,10,Finished,52,1.0
2021,10,race,British Grand Prix,2021-07-18,silverstone,gasly,GAS,Pierre Gasly,alphatauri,11,11,11,Finished,52,0.0
2021,10,race,British Grand Prix,2021-07-18,silverstone,russell,RUS,George Russell,williams,12,12,12,+1 Lap,51,0.0
2021,10,race,British Grand Prix,2021-07-18,silverstone,giovinazzi,GIO,Antonio Giovinazzi,alfa,15,13,13,+1 Lap,51,0.0
2021,10,race,British Grand Prix,2021-07-18,silverstone,latifi,LAT,Nicholas Latifi,williams,17,14,14,+1 Lap,51,0.0
2021,10,race,British Grand Prix,2021-07-18,silverstone,raikkonen,RAI,Kimi Räikkönen,alfa,13,15,15,+1 Lap,51,0.0
2021,10,race,British Grand Prix,2021-07-18,silverstone,perez,PER,Sergio Pérez,red_bull,0,16,16,+1 Lap,51,0.0
2021,10,race,British Grand Prix,2021-07-18,silverstone,mazepin,MAZ,Nikita Mazepin,haas,19,17,17,+1 Lap,51,0.0
2021,10,race,British Grand Prix,2021-07-18,silverstone,mick_schumacher,MSC,Mick Schumacher,haas,18,18,18,+1 Lap,51,0.0
2021,10,race,British Grand Prix,2021-07-18,silverstone,vettel,VET,Sebastian Vettel,aston_martin,8,19,R,Retired,40,0.0
2021,10,race,British Grand Prix,2021-07-18,silverstone,max_verstappen,VER,Max Verstappen,red_bull,1,20,R,Collision,0,0.0
2021,10,sprint,British Grand Prix,2021-07-18,silverstone,max_verstappen,VER,Max Verstappen,red_bull,2,1,1,Finished,17,3.0
2021,10,sprint,British Grand Prix,2021-07-18,silverstone,hamilton,HAM,Lewis Hamilton,mercedes,1,2,2,Finished,17,2.0
2021,10,sprint,British Grand Prix,2021-07-18,silverstone,bottas,BOT,Valtteri Bottas,mercedes,3,3,3,Finished,17,1.0
2021,10,sprint,British Grand Prix,2021-07-18,silverstone,leclerc,LEC,Charles Leclerc,ferrari,4,4,4,Finished,17,0.0
2021,10,sprint,British Grand Prix,2021-07-18,silverstone,norris,NOR,Lando Norris,mclaren,6,5,5,Finished,17,0.0
2021,10,sprint,British Grand Prix,2021-07-18,silverstone,ricciardo,RIC,Daniel Ricciardo,mclaren,7,6,6,Finished,17,0.0
2021,10,sprint,British Grand Prix,2021-07-18,silverstone,alonso,ALO,Fernando Alonso,alpine,11,7,7,Finished,17,0.0
2021,10,sprint,British Grand Prix,2021-07-18,silverstone,vettel,VET,Sebastian Vettel,aston_martin,10,8,8,Finished,17,0.0
2021,10,sprint,British Grand Prix,2021-07-18,silverstone,russell,RUS,George Russell,williams,8,9,9,Finished,17,0.0
2021,10,sprint,British Grand Prix,2021-07-18,silverstone,ocon,OCO,Esteban Ocon,alpine,13,10,10,Finished,17,0.0
2021,10,sprint,British Grand Prix,2021-07-18,silverstone,sainz,SAI,Carlos Sainz,ferrari,9,11,11,Finished,17,0.0
2021,10,sprint,British Grand Prix,2021-07-18,silverstone,gasly,GAS,Pierre Gasly,alphatauri,12,12,12,Finished,17,0.0
2021,10,sprint,British Grand Prix,2021-07-18,silverstone,raikkonen,RAI,Kimi Räikkönen,alfa,17,13,13,Finished,17,0.0
2021,10,sprint,British Grand Prix,2021-07-18,silverstone,stroll,STR,Lance Stroll,aston_martin,15,14,14,Finished,17,0.0
2021,10,sprint,British Grand Prix,2021-07-18,silverstone,giovinazzi,GIO,Antonio Giovinazzi,alfa,14,15,15,Finished,17,0.0
2021,10,sprint,British Grand Prix,2021-07-18,silverstone,tsunoda,TSU,Yuki Tsunoda,alphatauri,16,16,16,Finished,17,0.0
2021,10,sprint,British Grand Prix,2021-07-18,silverstone,latifi,LAT,Nicholas Latifi,williams,18,17,17,Finished,17,0.0
2021,10,sprint,British Grand Prix,2021-07-18,silverstone,mick_schumacher,MSC,Mick Schumacher,haas,19,18,18,Finished,17,0.0
2021,10,sprint,British Grand Prix,2021-07-18,silverstone,mazepin,MAZ,Nikita Mazepin,haas,20,19,19,Finished,17,0.0
2021,10,sprint,British Grand Prix,2021-07-18,silverstone,perez,PER,Sergio Pérez,red_bull,5,20,R,Vibrations,16,0.0
2021,11,race,Hungarian Grand Prix,2021-08-01,hungaroring,ocon,OCO,Esteban Ocon,alpine,8,1,1,Finished,70,25.0
2021,11,race,Hungarian Grand Prix,2021-08-01,hungaroring,hamilton,HAM,Lewis Hamilton,mercedes,1,2,2,Finished,70,18.0
2021,11,race,Hungarian Grand Prix,2021-08-01,hungaroring,sainz,SAI,Carlos Sainz,ferrari,15,3,3,Finished,70,15.0
2021,11,race,Hungarian Grand Prix,2021-08-01,hungaroring,alonso,ALO,Fernando Alonso,alpine,9,4,4,Finished,70,12.0
2021,11,race,Hungarian Grand Prix,2021-08-01,hungaroring,gasly,GAS,Pierre Gasly,alphatauri,5,5,5,Finished,70,11.0
2021,11,race,Hungarian Grand Prix,2021-08-01,hungaroring,tsunoda,TSU,Yuki Tsunoda,alphatauri,16,6,6,Finished,70,8.0
2021,11,race,Hungarian Grand Prix,2021-08-01,hungaroring,latifi,LAT,Nicholas Latifi,williams,18,7,7,Finished,70,6.0
2021,11,race,Hungarian Grand Prix,2021-08-01,hungaroring,russell,RUS,George Russell,williams,17,8,8,Finished,70,4.0
2021,11,race,Hungarian Grand Prix,2021-08-01,hungaroring,max_verstappen,VER,Max Verstappen,red_bull,3,9,9,Finished,70,2.0
2021,11,race,Hungarian Grand Prix,2021-08-01,hungaroring,raikkonen,RAI,Kimi Räikkönen,alfa,13,10,10,+1 Lap,69,1.0
2021,11,race,Hungarian Grand Prix,2021-08-01,hungaroring,ricciardo,RIC,Daniel Ricciardo,mclaren,11,11,11,+1 Lap,69,0.0
2021,11,race,Hungarian Grand Prix,2021-08-01,hungaroring,mick_schumacher,MSC,Mick Schumacher,haas,20,12,12,+1 Lap,69,0.0
2021,11,race,Hungarian Grand Prix,2021-08-01,hungaroring,giovinazzi,GIO,Antonio Giovinazzi,alfa,0,13,13,+1 Lap,69,0.0
2021,11,race,Hungarian Grand Prix,2021-08-01,hungaroring,mazepin,MAZ,Nikita Mazepin,haas,19,14,R,Collision,3,0.0
2021,11,race,Hungarian Grand Prix,2021-08-01,hungaroring,norris,NOR,Lando Norris,mclaren,6,15,R,Collision,2,0.0
2021,11,race,Hungarian Grand Prix,2021-08-01,hungaroring,bottas,BOT,Valtteri Bottas,mercedes,2,16,R,Collision,0,0.0
2021,11,race,Hungarian Grand Prix,2021-08-01,hungaroring,perez,PER,Sergio Pérez,red_bull,4,17,R,Collision,0,0.0
2021,11,race,Hungarian Grand Prix,2021-08-01,hungaroring,leclerc,LEC,Charles Leclerc,ferrari,7,18,R,Collision,0,0.0
2021,11,race,Hungarian Grand Prix,2021-08-01,hungaroring,stroll,STR,Lance Stroll,aston_martin,12,19,R,Collision,0,0.0
2021,11,race,Hungarian Grand Prix,2021-08-01,hungaroring,vettel,VET,Sebastian Vettel,aston_martin,10,20,D,Disqualified,70,0.0
2021,12,race,Belgian Grand Prix,2021-08-29,spa,max_verstappen,VER,Max Verstappen,red_bull,1,1,1,Finished,1,12.5
2021,12,race,Belgian Grand Prix,2021-08-29,spa,russell,RUS,George Russell,williams,2,2,2,Finished,1,9.0
2021,12,race,Belgian Grand Prix,2021-08-29,spa,hamilton,HAM,Lewis Hamilton,mercedes,3,3,3,Finished,1,7.5
2021,12,race,Belgian Grand Prix,2021-08-29,spa,ricciardo,RIC,Daniel Ricciardo,mclaren,4,4,4,Finished,1,6.0
2021,12,race,Belgian Grand Prix,2021-08-29,spa,vettel,VET,Sebastian Vettel,aston_martin,5,5,5,Finished,1,5.0
2021,12,race,Belgian Grand Prix,2021-08-29,spa,gasly,GAS,Pierre Gasly,alphatauri,6,6,6,Finished,1,4.0
2021,12,race,Belgian Grand Prix,2021-08-29,spa,ocon,OCO,Esteban Ocon,alpine,8,7,7,Finished,1,3.0
2021,12,race,Belgian Grand Prix,2021-08-29,spa,leclerc,LEC,Charles Leclerc,ferrari,9,8,8,Finished,1,2.0
2021,12,race,Belgian Grand Prix,2021-08-29,spa,latifi,LAT,Nicholas Latifi,williams,10,9,9,Finished,1,1.0
2021,12,race,Belgian Grand Prix,2021-08-29,spa,sainz,SAI,Carlos Sainz,ferrari,11,10,10,Finished,1,0.5
2021,12,race,Belgian Grand Prix,2021-08-29,spa,alonso,ALO,Fernando Alonso,alpine,12,11,11,Finished,1,0.0
2021,12,race,Belgian Grand Prix,2021-08-29,spa,bottas,BOT,Valtteri Bottas,mercedes,13,12,12,Finished,1,0.0
2021,12,race,Belgian Grand Prix,2021-08-29,spa,giovinazzi,GIO,Antonio Giovinazzi,alfa,14,13,13,Finished,1,0.0
2021,12,race,Belgian Grand Prix,2021-08-29,spa,norris,NOR,Lando Norris,mclaren,15,14,14,Finished,1,0.0
2021,12,race,Belgian Grand Prix,2021-08-29,spa,tsunoda,TSU,Yuki Tsunoda,alphatauri,16,15,15,Finished,1,0.0
2021,12,race,Belgian Grand Prix,2021-08-29,spa,mick_schumacher,MSC,Mick Schumacher,haas,17,16,16,Finished,1,0.0
2021,12,race,Belgian Grand Prix,2021-08-29,spa,mazepin,MAZ,Nikita Mazepin,haas,18,17,17,Finished,1,0.0
2021,12,race,Belgian Grand Prix,2021-08-29,spa,raikkonen,RAI,Kimi Räikkönen,alfa,0,18,18,Finished,1,0.0
2021,12,race,Belgian Grand Prix,2021-08-29,spa,perez,PER,Sergio Pérez,red_bull,0,19,19,Finished,1,0.0
2021,12,race,Belgian Grand Prix,2021-08-29,spa,stroll,STR,Lance Stroll,aston_martin,19,20,20,Finished,1,0.0
2021,13,race,Dutch Grand Prix,2021-09-05,zandvoort,max_verstappen,VER,Max Verstappen,red_bull,1,1,1,Finished,72,25.0
2021,13,race,Dutch Grand Prix,2021-09-05,zandvoort,hamilton,HAM,Lewis Hamilton,mercedes,2,2,2,Finished,72,19.0
2021,13,race,Dutch Grand Prix,2021-09-05,zandvoort,bottas,BOT,Valtteri Bottas,mercedes,3,3,3,Finished,72,15.0
2021,13,race,Dutch Grand Prix,2021-09-05,zandvoort,gasly,GAS,Pierre Gasly,alphatauri,4,4,4,+1 Lap,71,12.0
2021,13,race,Dutch Grand Prix,2021-09-05,zandvoort,leclerc,LEC,Charles Leclerc,ferrari,5,5,5,+1 Lap,71,10.0
2021,13,race,Dutch Grand Prix,2021-09-05,zandvoort,alonso,ALO,Fernando Alonso,alpine,9,6,6,+1 Lap,71,8.0
2021,13,race,Dutch Grand Prix,2021-09-05,zandvoort,sainz,SAI,Carlos Sainz,ferrari,6,7,7,+1 Lap,71,6.0
2021,13,race,Dutch Grand Prix,2021-09-05,zandvoort,perez,PER,Sergio Pérez,red_bull,0,8,8,+1 Lap,71,4.0
2021,13,race,Dutch Grand Prix,2021-09-05,zandvoort,ocon,OCO,Esteban Ocon,alpine,8,9,9,+1 Lap,71,2.0
2021,13,race,Dutch Grand Prix,2021-09-05,zandvoort,norris,NOR,Lando Norris,mclaren,13,10,10,+1 Lap,71,1.0
2021,13,race,Dutch Grand Prix,2021-09-05,zandvoort,ricciardo,RIC,Daniel Ricciardo,mclaren,10,11,11,+1 Lap,71,0.0
2021,13,race,Dutch Grand Prix,2021-09-05,zandvoort,stroll,STR,Lance Stroll,aston_martin,12,12,12,+2 Laps,70,0.0
2021,13,race,Dutch Grand Prix,2021-09-05,zandvoort,vettel,VET,Sebastian Vettel,aston_martin,15,13,13,+2 Laps,70,0.0
2021,13,race,Dutch Grand Prix,2021-09-05,zandvoort,giovinazzi,GIO,Antonio Giovinazzi,alfa,7,14,14,+2 Laps,70,0.0
2021,13,race,Dutch Grand Prix,2021-09-05,zandvoort,kubica,KUB,Robert Kubica,alfa,16,15,15,+2 Laps,70,0.0
2021,13,race,Dutch Grand Prix,2021-09-05,zandvoort,latifi,LAT,Nicholas Latifi,williams,0,16,16,+2 Laps,70,0.0
2021,13,race,Dutch Grand Prix,2021-09-05,zandvoort,russell,RUS,George Russell,williams,11,17,17,Gearbox,69,0.0
2021,13,race,Dutch Grand Prix,2021-09-05,zandvoort,mick_schumacher,MSC,Mick Schumacher,haas,17,18,18,+3 Laps,69,0.0
2021,13,race,Dutch Grand Prix,2021-09-05,zandvoort,tsunoda,TSU,Yuki Tsunoda,alphatauri,14,19,R,Power Unit,48,0.0
2021,13,race,Dutch Grand Prix,2021-09-05,zandvoort,mazepin,MAZ,Nikita Mazepin,haas,18,20,R,Hydraulics,41,0.0
2021,14,race,Italian Grand Prix,2021-09-12,monza,ricciardo,RIC,Daniel Ricciardo,mclaren,2,1,1,Finished,53,26.0
2021,14,race,Italian Grand Prix,2021-09-12,monza,norris,NOR,Lando Norris,mclaren,3,2,2,Finished,53,18.0
2021,14,race,Italian Grand Prix,2021-09-12,monza,bottas,BOT,Valtteri Bottas,mercedes,19,3,3,Finished,53,15.0
2021,14,race,Italian Grand Prix,2021-09-12,monza,leclerc,LEC,Charles Leclerc,ferrari,5,4,4,Finished,53,12.0
2021,14,race,Italian Grand Prix,2021-09-12,monza,perez,PER,Sergio Pérez,red_bull,8,5,5,Finished,53,10.0
2021,14,race,Italian Grand Prix,2021-09-12,monza,sainz,SAI,Carlos Sainz,ferrari,6,6,6,Finished,53,8.0
2021,14,race,Italian Grand Prix,2021-09-12,monza,stroll,STR,Lance Stroll,aston_martin,9,7,7,Finished,53,6.0
2021,14,race,Italian Grand Prix,2021-09-12,monza,alonso,ALO,Fernando Alonso,alpine,10,8,8,Finished,53,4.0
2021,14,race,Italian Grand Prix,2021-09-12,monza,russell,RUS,George Russell,williams,14,9,9,Finished,53,2.0
2021,14,race,Italian Grand Prix,2021-09-12,monza,ocon,OCO,Esteban Ocon,alpine,12,10,10,Finished,53,1.0
2021,14,race,Italian Grand Prix,2021-09-12,monza,latifi,LAT,Nicholas Latifi,williams,13,11,11,Finished,53,0.0
2021,14,race,Italian Grand Prix,2021-09-12,monza,vettel,VET,Sebastian Vettel,aston_martin,11,12,12,Finished,53,0.0
2021,14,race,Italian Grand Prix,2021-09-12,monza,giovinazzi,GIO,Antonio Giovinazzi,alfa,7,13,13,Finished,53,0.0
2021,14,race,Italian Grand Prix,2021-09-12,monza,kubica,KUB,Robert Kubica,alfa,17,14,14,Finished,53,0.0
2021,14,race,Italian Grand Prix,2021-09-12,monza,mick_schumacher,MSC,Mick Schumacher,haas,18,15,15,Finished,53,0.0
2021,14,race,Italian Grand Prix,2021-09-12,monza,mazepin,MAZ,Nikita Mazepin,haas,16,16,R,Power Unit,41,0.0
2021,14,race,Italian Grand Prix,2021-09-12,monza,hamilton,HAM,Lewis Hamilton,mercedes,4,17,R,Collision,25,0.0
2021,14,race,Italian Grand Prix,2021-09-12,monza,max_verstappen,VER,Max Verstappen,red_bull,1,18,R,Collision,25,0.0
2021,14,race,Italian Grand Prix,2021-09-12,monza,gasly,GAS,Pierre Gasly,alphatauri,0,19,R,Suspension,3,0.0
2021,14,race,Italian Grand Prix,2021-09-12,monza,tsunoda,TSU,Yuki Tsunoda,alphatauri,0,20,W,Brakes,0,0.0
2021,14,sprint,Italian Grand Prix,2021-09-12,monza,bottas,BOT,Valtteri Bottas,mercedes,1,1,1,Finished,18,3.0
2021,14,sprint,Italian Grand Prix,2021-09-12,monza,max_verstappen,VER,Max Verstappen,red_bull,3,2,2,Finished,18,2.0
2021,14,sprint,Italian Grand Prix,2021-09-12,monza,ricciardo,RIC,Daniel Ricciardo,mclaren,5,3,3,Finished,18,1.0
2021,14,sprint,Italian Grand Prix,2021-09-12,monza,norris,NOR,Lando Norris,mclaren,4,4,4,Finished,18,0.0
2021,14,sprint,Italian Grand Prix,2021-09-12,monza,hamilton,HAM,Lewis Hamilton,mercedes,2,5,5,Finished,18,0.0
2021,14,sprint,Italian Grand Prix,2021-09-12,monza,leclerc,LEC,Charles Leclerc,ferrari,8,6,6,Finished,18,0.0
2021,14,sprint,Italian Grand Prix,2021-09-12,monza,sainz,SAI,Carlos Sainz,ferrari,7,7,7,Finished,18,0.0
2021,14,sprint,Italian Grand Prix,2021-09-12,monza,giovinazzi,GIO,Antonio Giovinazzi,alfa,10,8,8,Finished,18,0.0
2021,14,sprint,Italian Grand Prix,2021-09-12,monza,perez,PER,Sergio Pérez,red_bull,9,9,9,Finished,18,0.0
2021,14,sprint,Italian Grand Prix,2021-09-12,monza,stroll,STR,Lance Stroll,aston_martin,12,10,10,Finished,18,0.0
2021,14,sprint,Italian Grand Prix,2021-09-12,monza,alonso,ALO,Fernando Alonso,alpine,13,11,11,Finished,18,0.0
2021,14,sprint,Italian Grand Prix,2021-09-12,monza,vettel,VET,Sebastian Vettel,aston_martin,11,12,12,Finished,18,0.0
2021,14,sprint,Italian Grand Prix,2021-09-12,monza,ocon,OCO,Esteban Ocon,alpine,14,13,13,Finished,18,0.0
2021,14,sprint,Italian Grand Prix,2021-09-12,monza,latifi,LAT,Nicholas Latifi,williams,16,14,14,Finished,18,0.0
2021,14,sprint,Italian Grand Prix,2021-09-12,monza,russell,RUS,George Russell,williams,15,15,15,Finished,18,0.0
2021,14,sprint,Italian Grand Prix,2021-09-12,monza,tsunoda,TSU,Yuki Tsunoda,alphatauri,17,16,16,Finished,18,0.0
2021,14,sprint,Italian Grand Prix,2021-09-12,monza,mazepin,MAZ,Nikita Mazepin,haas,20,17,17,Finished,18,0.0
2021,14,sprint,Italian Grand Prix,2021-09-12,monza,kubica,KUB,Robert Kubica,alfa,19,18,18,Finished,18,0.0
2021,14,sprint,Italian Grand Prix,2021-09-12,monza,mick_schumacher,MSC,Mick Schumacher,haas,18,19,19,Finished,18,0.0
2021,14,sprint,Italian Grand Prix,2021-09-12,monza,gasly,GAS,Pierre Gasly,alphatauri,6,20,R,Accident,0,0.0
2021,15,race,Russian Grand Prix,2021-09-26,sochi,hamilton,HAM,Lewis Hamilton,mercedes,4,1,1,Finished,53,25.0
2021,15,race,Russian Grand Prix,2021-09-26,sochi,max_verstappen,VER,Max Verstappen,red_bull,20,2,2,Finished,53,18.0
2021,15,race,Russian Grand Prix,2021-09-26,sochi,sainz,SAI,Carlos Sainz,ferrari,2,3,3,Finished,53,15.0
2021,15,race,Russian Grand Prix,2021-09-26,sochi,ricciardo,RIC,Daniel Ricciardo,mclaren,5,4,4,Finished,53,12.0
2021,15,race,Russian Grand Prix,2021-09-26,sochi,bottas,BOT,Valtteri Bottas,mercedes,16,5,5,Finished,53,10.0
2021,15,race,Russian Grand Prix,2021-09-26,sochi,alonso,ALO,Fernando Alonso,alpine,6,6,6,Finished,53,8.0
2021,15,race,Russian Grand Prix,2021-09-26,sochi,norris,NOR,Lando Norris,mclaren,1,7,7,Finished,53,7.0
2021,15,race,Russian Grand Prix,2021-09-26,sochi,raikkonen,RAI,Kimi Räikkönen,alfa,13,8,8,Finished,53,4.0
2021,15,race,Russian Grand Prix,2021-09-26,sochi,perez,PER,Sergio Pérez,red_bull,8,9,9,Finished,53,2.0
2021,15,race,Russian Grand Prix,2021-09-26,sochi,russell,RUS,George Russell,williams,3,10,10,Finished,53,1.0
2021,15,race,Russian Grand Prix,2021-09-26,sochi,stroll,STR,Lance Stroll,aston_martin,7,11,11,Finished,53,0.0
2021,15,race,Russian Grand Prix,2021-09-26,sochi,vettel,VET,Sebastian Vettel,aston_martin,10,12,12,+1 Lap,52,0.0
2021,15,race,Russian Grand Prix,2021-09-26,sochi,gasly,GAS,Pierre Gasly,alphatauri,11,13,13,+1 Lap,52,0.0
2021,15,race,Russian Grand Prix,2021-09-26,sochi,ocon,OCO,Esteban Ocon,alpine,9,14,14,+1 Lap,52,0.0
2021,15,race,Russian Grand Prix,2021-09-26,sochi,leclerc,LEC,Charles Leclerc,ferrari,19,15,15,+1 Lap,52,0.0
2021,15,race,Russian Grand Prix,2021-09-26,sochi,giovinazzi,GIO,Antonio Giovinazzi,alfa,17,16,16,+1 Lap,52,0.0
2021,15,race,Russian Grand Prix,2021-09-26,sochi,tsunoda,TSU,Yuki Tsunoda,alphatauri,12,17,17,+1 Lap,52,0.0
2021,15,race,Russian Grand Prix,2021-09-26,sochi,mazepin,MAZ,Nikita Mazepin,haas,15,18,18,+2 Laps,51,0.0
2021,15,race,Russian Grand Prix,2021-09-26,sochi,latifi,LAT,Nicholas Latifi,williams,18,19,19,Accident,47,0.0
2021,15,race,Russian Grand Prix,2021-09-26,sochi,mick_schumacher,MSC,Mick Schumacher,haas,14,20,R,Oil leak,32,0.0
2021,16,race,Turkish Grand Prix,2021-10-10,istanbul,bottas,BOT,Valtteri Bottas,mercedes,1,1,1,Finished,58,26.0
2021,16,race,Turkish Grand Prix,2021-10-10,istanbul,max_verstappen,VER,Max Verstappen,red_bull,2,2,2,Finished,58,18.0
2021,16,race,Turkish Grand Prix,2021-10-10,istanbul,perez,PER,Sergio Pérez,red_bull,6,3,3,Finished,58,15.0
2021,16,race,Turkish Grand Prix,2021-10-10,istanbul,leclerc,LEC,Charles Leclerc,ferrari,3,4,4,Finished,58,12.0
2021,16,race,Turkish Grand Prix,2021-10-10,istanbul,hamilton,HAM,Lewis Hamilton,mercedes,11,5,5,Finished,58,10.0
2021,16,race,Turkish Grand Prix,2021-10-10,istanbul,gasly,GAS,Pierre Gasly,alphatauri,4,6,6,Finished,58,8.0
2021,16,race,Turkish Grand Prix,2021-10-10,istanbul,norris,NOR,Lando Norris,mclaren,7,7,7,Finished,58,6.0
2021,16,race,Turkish Grand Prix,2021-10-10,istanbul,sainz,SAI,Carlos Sainz,ferrari,19,8,8,Finished,58,4.0
2021,16,race,Turkish Grand Prix,2021-10-10,istanbul,stroll,STR,Lance Stroll,aston_martin,8,9,9,Finished,58,2.0
2021,16,race,Turkish Grand Prix,2021-10-10,istanbul,ocon,OCO,Esteban Ocon,alpine,12,10,10,+1 Lap,57,1.0
2021,16,race,Turkish Grand Prix,2021-10-10,istanbul,giovinazzi,GIO,Antonio Giovinazzi,alfa,16,11,11,+1 Lap,57,0.0
2021,16,race,Turkish Grand Prix,2021-10-10,istanbul,raikkonen,RAI,Kimi Räikkönen,alfa,17,12,12,+1 Lap,57,0.0
2021,16,race,Turkish Grand Prix,2021-10-10,istanbul,ricciardo,RIC,Daniel Ricciardo,mclaren,20,13,13,+1 Lap,57,0.0
2021,16,race,Turkish Grand Prix,2021-10-10,istanbul,tsunoda,TSU,Yuki Tsunoda,alphatauri,9,14,14,+1 Lap,57,0.0
2021,16,race,Turkish Grand Prix,2021-10-10,istanbul,russell,RUS,George Russell,williams,13,15,15,+1 Lap,57,0.0
2021,16,race,Turkish Grand Prix,2021-10-10,istanbul,alonso,ALO,Fernando Alonso,alpine,5,16,16,+1 Lap,57,0.0
2021,16,race,Turkish Grand Prix,2021-10-10,istanbul,latifi,LAT,Nicholas Latifi,williams,15,17,17,+1 Lap,57,0.0
2021,16,race,Turkish Grand Prix,2021-10-10,istanbul,vettel,VET,Sebastian Vettel,aston_martin,10,18,18,+1 Lap,57,0.0
2021,16,race,Turkish Grand Prix,2021-10-10,istanbul,mick_schumacher,MSC,Mick Schumacher,haas,14,19,19,+2 Laps,56,0.0
2021,16,race,Turkish Grand Prix,2021-10-10,istanbul,mazepin,MAZ,Nikita Mazepin,haas,18,20,20,+2 Laps,56,0.0
2021,17,race,United States Grand Prix,2021-10-24,americas,max_verstappen,VER,Max Verstappen,red_bull,1,1,1,Finished,56,25.0
2021,17,race,United States Grand Prix,2021-10-24,americas,hamilton,HAM,Lewis Hamilton,mercedes,2,2,2,Finished,56,19.0
2021,17,race,United States Grand Prix,2021-10-24,americas,perez,PER,Sergio Pérez,red_bull,3,3,3,Finished,56,15.0
2021,17,race,United States Grand Prix,2021-10-24,americas,leclerc,LEC,Charles Leclerc,ferrari,4,4,4,Finished,56,12.0
2021,17,race,United States Grand Prix,2021-10-24,americas,ricciardo,RIC,Daniel Ricciardo,mclaren,6,5,5,Finished,56,10.0
2021,17,race,United States Grand Prix,2021-10-24,americas,bottas,BOT,Valtteri Bottas,mercedes,9,6,6,Finished,56,8.0
2021,17,race,United States Grand Prix,2021-10-24,americas,sainz,SAI,Carlos Sainz,ferrari,5,7,7,Finished,56,6.0
2021,17,race,United States Grand Prix,2021-10-24,americas,norris,NOR,Lando Norris,mclaren,7,8,8,Finished,56,4.0
2021,17,race,United States Grand Prix,2021-10-24,americas,tsunoda,TSU,Yuki Tsunoda,alphatauri,10,9,9,+1 Lap,55,2.0
2021,17,race,United States Grand Prix,2021-10-24,americas,vettel,VET,Sebastian Vettel,aston_martin,18,10,10,+1 Lap,55,1.0
2021,17,race,United States Grand Prix,2021-10-24,americas,giovinazzi,GIO,Antonio Giovinazzi,alfa,12,11,11,+1 Lap,55,0.0
2021,17,race,United States Grand Prix,2021-10-24,americas,stroll,STR,Lance Stroll,aston_martin,13,12,12,+1 Lap,55,0.0
2021,17,race,United States Grand Prix,2021-10-24,americas,raikkonen,RAI,Kimi Räikkönen,alfa,15,13,13,+1 Lap,55,0.0
2021,17,race,United States Grand Prix,2021-10-24,americas,russell,RUS,George Russell,williams,20,14,14,+1 Lap,55,0.0
2021,17,race,United States Grand Prix,2021-10-24,americas,latifi,LAT,Nicholas Latifi,williams,14,15,15,+1 Lap,55,0.0
2021,17,race,United States Grand Prix,2021-10-24,americas,mick_schumacher,MSC,Mick Schumacher,haas,16,16,16,+2 Laps,54,0.0
2021,17,race,United States Grand Prix,2021-10-24,americas,mazepin,MAZ,Nikita Mazepin,haas,17,17,17,+2 Laps,54,0.0
2021,17,race,United States Grand Prix,2021-10-24,americas,alonso,ALO,Fernando Alonso,alpine,19,18,R,Rear wing,49,0.0
2021,17,race,United States Grand Prix,2021-10-24,americas,ocon,OCO,Esteban Ocon,alpine,11,19,R,Mechanical,40,0.0
2021,17,race,United States Grand Prix,2021-10-24,americas,gasly,GAS,Pierre Gasly,alphatauri,8,20,R,Suspension,14,0.0
2021,18,race,Mexico City Grand Prix,2021-11-07,rodriguez,max_verstappen,VER,Max Verstappen,red_bull,3,1,1,Finished,71,25.0
2021,18,race,Mexico City Grand Prix,2021-11-07,rodriguez,hamilton,HAM,Lewis Hamilton,mercedes,2,2,2,Finished,71,18.0
2021,18,race,Mexico City Grand Prix,2021-11-07,rodriguez,perez,PER,Sergio Pérez,red_bull,4,3,3,Finished,71,15.0
2021,18,race,Mexico City Grand Prix,2021-11-07,rodriguez,gasly,GAS,Pierre Gasly,alphatauri,5,4,4,Finished,71,12.0
2021,18,race,Mexico City Grand Prix,2021-11-07,rodriguez,leclerc,LEC,Charles Leclerc,ferrari,8,5,5,Finished,71,10.0
2021,18,race,Mexico City Grand Prix,2021-11-07,rodriguez,sainz,SAI,Carlos Sainz,ferrari,6,6,6,+1 Lap,70,8.0
2021,18,race,Mexico City Grand Prix,2021-11-07,rodriguez,vettel,VET,Sebastian Vettel,aston_martin,9,7,7,+1 Lap,70,6.0
2021,18,race,Mexico City Grand Prix,2021-11-07,rodriguez,raikkonen,RAI,Kimi Räikkönen,alfa,10,8,8,+1 Lap,70,4.0
2021,18,race,Mexico City Grand Prix,2021-11-07,rodriguez,alonso,ALO,Fernando Alonso,alpine,12,9,9,+1 Lap,70,2.0
2021,18,race,Mexico City Grand Prix,2021-11-07,rodriguez,norris,NOR,Lando Norris,mclaren,18,10,10,+1 Lap,70,1.0
2021,18,race,Mexico City Grand Prix,2021-11-07,rodriguez,giovinazzi,GIO,Antonio Giovinazzi,alfa,11,11,11,+1 Lap,70,0.0
2021,18,race,Mexico City Grand Prix,2021-11-07,rodriguez,ricciardo,RIC,Daniel Ricciardo,mclaren,7,12,12,+1 Lap,70,0.0
2021,18,race,Mexico City Grand Prix,2021-11-07,rodriguez,ocon,OCO,Esteban Ocon,alpine,19,13,13,+1 Lap,70,0.0
2021,18,race,Mexico City Grand Prix,2021-11-07,rodriguez,stroll,STR,Lance Stroll,aston_martin,20,14,14,+2 Laps,69,0.0
2021,18,race,Mexico City Grand Prix,2021-11-07,rodriguez,bottas,BOT,Valtteri Bottas,mercedes,1,15,15,+2 Laps,69,0.0
2021,18,race,Mexico City Grand Prix,2021-11-07,rodriguez,russell,RUS,George Russell,williams,16,16,16,+2 Laps,69,0.0
2021,18,race,Mexico City Grand Prix,2021-11-07,rodriguez,latifi,LAT,Nicholas Latifi,williams,13,17,17,+2 Laps,69,0.0
2021,18,race,Mexico City Grand Prix,2021-11-07,rodriguez,mazepin,MAZ,Nikita Mazepin,haas,15,18,18,+3 Laps,68,0.0
2021,18,race,Mexico City Grand Prix,2021-11-07,rodriguez,mick_schumacher,MSC,Mick Schumacher,haas,14,19,R,Collision,0,0.0
2021,18,race,Mexico City Grand Prix,2021-11-07,rodriguez,tsunoda,TSU,Yuki Tsunoda,alphatauri,17,20,R,Collision,0,0.0
2021,19,race,São Paulo Grand Prix,2021-11-14,interlagos,hamilton,HAM,Lewis Hamilton,mercedes,10,1,1,Finished,71,25.0
2021,19,race,São Paulo Grand Prix,2021-11-14,interlagos,max_verstappen,VER,Max Verstappen,red_bull,2,2,2,Finished,71,18.0
2021,19,race,São Paulo Grand Prix,2021-11-14,interlagos,bottas,BOT,Valtteri Bottas,mercedes,1,3,3,Finished,71,15.0
2021,19,race,São Paulo Grand Prix,2021-11-14,interlagos,perez,PER,Sergio Pérez,red_bull,4,4,4,Finished,71,13.0
2021,19,race,São Paulo Grand Prix,2021-11-14,interlagos,leclerc,LEC,Charles Leclerc,ferrari,6,5,5,Finished,71,10.0
2021,19,race,São Paulo Grand Prix,2021-11-14,interlagos,sainz,SAI,Carlos Sainz,ferrari,3,6,6,Finished,71,8.0
2021,19,race,São Paulo Grand Prix,2021-11-14,interlagos,gasly,GAS,Pierre Gasly,alphatauri,7,7,7,+1 Lap,70,6.0
2021,19,race,São Paulo Grand Prix,2021-11-14,interlagos,ocon,OCO,Esteban Ocon,alpine,8,8,8,+1 Lap,70,4.0
2021,19,race,São Paulo Grand Prix,2021-11-14,interlagos,alonso,ALO,Fernando Alonso,alpine,12,9,9,+1 Lap,70,2.0
2021,19,race,São Paulo Grand Prix,2021-11-14,interlagos,norris,NOR,Lando Norris,mclaren,5,10,10,+1 Lap,70,1.0
2021,19,race,São Paulo Grand Prix,2021-11-14,interlagos,vettel,VET,Sebastian Vettel,aston_martin,9,11,11,+1 Lap,70,0.0
2021,19,race,São Paulo Grand Prix,2021-11-14,interlagos,raikkonen,RAI,Kimi Räikkönen,alfa,0,12,12,+1 Lap,70,0.0
2021,19,race,São Paulo Grand Prix,2021-11-14,interlagos,russell,RUS,George Russell,williams,17,13,13,+1 Lap,70,0.0
2021,19,race,São Paulo Grand Prix,2021-11-14,interlagos,giovinazzi,GIO,Antonio Giovinazzi,alfa,13,14,14,+1 Lap,70,0.0
2021,19,race,São Paulo Grand Prix,2021-11-14,interlagos,tsunoda,TSU,Yuki Tsunoda,alphatauri,15,15,15,+1 Lap,70,0.0
2021,19,race,São Paulo Grand Prix,2021-11-14,interlagos,latifi,LAT,Nicholas Latifi,williams,16,16,16,+1 Lap,70,0.0
2021,19,race,São Paulo Grand Prix,2021-11-14,interlagos,mazepin,MAZ,Nikita Mazepin,haas,19,17,17,+2 Laps,69,0.0
2021,19,race,São Paulo Grand Prix,2021-11-14,interlagos,mick_schumacher,MSC,Mick Schumacher,haas,18,18,18,+2 Laps,69,0.0
2021,19,race,São Paulo Grand Prix,2021-11-14,interlagos,ricciardo,RIC,Daniel Ricciardo,mclaren,11,19,R,Power loss,49,0.0
2021,19,race,São Paulo Grand Prix,2021-11-14,interlagos,stroll,STR,Lance Stroll,aston_martin,14,20,R,Collision damage,47,0.0
2021,19,sprint,São Paulo Grand Prix,2021-11-14,interlagos,bottas,BOT,Valtteri Bottas,mercedes,2,1,1,Finished,24,3.0
2021,19,sprint,São Paulo Grand Prix,2021-11-14,interlagos,max_verstappen,VER,Max Verstappen,red_bull,1,2,2,Finished,24,2.0
2021,19,sprint,São Paulo Grand Prix,2021-11-14,interlagos,sainz,SAI,Carlos Sainz,ferrari,5,3,3,Finished,24,1.0
2021,19,sprint,São Paulo Grand Prix,2021-11-14,interlagos,perez,PER,Sergio Pérez,red_bull,3,4,4,Finished,24,0.0
2021,19,sprint,São Paulo Grand Prix,2021-11-14,interlagos,hamilton,HAM,Lewis Hamilton,mercedes,20,5,5,Finished,24,0.0
2021,19,sprint,São Paulo Grand Prix,2021-11-14,interlagos,norris,NOR,Lando Norris,mclaren,7,6,6,Finished,24,0.0
2021,19,sprint,São Paulo Grand Prix,2021-11-14,interlagos,leclerc,LEC,Charles Leclerc,ferrari,6,7,7,Finished,24,0.0
2021,19,sprint,São Paulo Grand Prix,2021-11-14,interlagos,gasly,GAS,Pierre Gasly,alphatauri,4,8,8,Finished,24,0.0
2021,19,sprint,São Paulo Grand Prix,2021-11-14,interlagos,ocon,OCO,Esteban Ocon,alpine,10,9,9,Finished,24,0.0
2021,19,sprint,São Paulo Grand Prix,2021-11-14,interlagos,vettel,VET,Sebastian Vettel,aston_martin,11,10,10,Finished,24,0.0
2021,19,sprint,São Paulo Grand Prix,2021-11-14,interlagos,ricciardo,RIC,Daniel Ricciardo,mclaren,8,11,11,Finished,24,0.0
2021,19,sprint,São Paulo Grand Prix,2021-11-14,interlagos,alonso,ALO,Fernando Alonso,alpine,9,12,12,Finished,24,0.0
2021,19,sprint,São Paulo Grand Prix,2021-11-14,interlagos,giovinazzi,GIO,Antonio Giovinazzi,alfa,14,13,13,Finished,24,0.0
2021,19,sprint,São Paulo Grand Prix,2021-11-14,interlagos,stroll,STR,Lance Stroll,aston_martin,15,14,14,Finished,24,0.0
2021,19,sprint,São Paulo Grand Prix,2021-11-14,interlagos,tsunoda,TSU,Yuki Tsunoda,alphatauri,12,15,15,Finished,24,0.0
2021,19,sprint,São Paulo Grand Prix,2021-11-14,interlagos,latifi,LAT,Nicholas Latifi,williams,16,16,16,Finished,24,0.0
2021,19,sprint,São Paulo Grand Prix,2021-11-14,interlagos,russell,RUS,George Russell,williams,17,17,17,Finished,24,0.0
2021,19,sprint,São Paulo Grand Prix,2021-11-14,interlagos,raikkonen,RAI,Kimi Räikkönen,alfa,13,18,18,Finished,24,0.0
2021,19,sprint,São Paulo Grand Prix,2021-11-14,interlagos,mick_schumacher,MSC,Mick Schumacher,haas,18,19,19,Finished,24,0.0
2021,19,sprint,São Paulo Grand Prix,2021-11-14,interlagos,mazepin,MAZ,Nikita Mazepin,haas,19,20,20,Finished,24,0.0
2021,20,race,Qatar Grand Prix,2021-11-21,losail,hamilton,HAM,Lewis Hamilton,mercedes,1,1,1,Finished,57,25.0
2021,20,race,Qatar Grand Prix,2021-11-21,losail,max_verstappen,VER,Max Verstappen,red_bull,7,2,2,Finished,57,19.0
2021,20,race,Qatar Grand Prix,2021-11-21,losail,alonso,ALO,Fernando Alonso,alpine,3,3,3,Finished,57,15.0
2021,20,race,Qatar Grand Prix,2021-11-21,losail,perez,PER,Sergio Pérez,red_bull,11,4,4,Finished,57,12.0
2021,20,race,Qatar Grand Prix,2021-11-21,losail,ocon,OCO,Esteban Ocon,alpine,9,5,5,Finished,57,10.0
2021,20,race,Qatar Grand Prix,2021-11-21,losail,stroll,STR,Lance Stroll,aston_martin,12,6,6,Finished,57,8.0
2021,20,race,Qatar Grand Prix,2021-11-21,losail,sainz,SAI,Carlos Sainz,ferrari,5,7,7,Finished,57,6.0
2021,20,race,Qatar Grand Prix,2021-11-21,losail,leclerc,LEC,Charles Leclerc,ferrari,13,8,8,Finished,57,4.0
2021,20,race,Qatar Grand Prix,2021-11-21,losail,norris,NOR,Lando Norris,mclaren,4,9,9,+1 Lap,56,2.0
2021,20,race,Qatar Grand Prix,2021-11-21,losail,vettel,VET,Sebastian Vettel,aston_martin,10,10,10,+1 Lap,56,1.0
2021,20,race,Qatar Grand Prix,2021-11-21,losail,gasly,GAS,Pierre Gasly,alphatauri,2,11,11,+1 Lap,56,0.0
2021,20,race,Qatar Grand Prix,2021-11-21,losail,ricciardo,RIC,Daniel Ricciardo,mclaren,14,12,12,+1 Lap,56,0.0
2021,20,race,Qatar Grand Prix,2021-11-21,losail,tsunoda,TSU,Yuki Tsunoda,alphatauri,8,13,13,+1 Lap,56,0.0
2021,20,race,Qatar Grand Prix,2021-11-21,losail,raikkonen,RAI,Kimi Räikkönen,alfa,16,14,14,+1 Lap,56,0.0
2021,20,race,Qatar Grand Prix,2021-11-21,losail,giovinazzi,GIO,Antonio Giovinazzi,alfa,18,15,15,+1 Lap,56,0.0
2021,20,race,Qatar Grand Prix,2021-11-21,losail,mick_schumacher,MSC,Mick Schumacher,haas,19,16,16,+1 Lap,56,0.0
2021,20,race,Qatar Grand Prix,2021-11-21,losail,russell,RUS,George Russell,williams,15,17,17,+2 Laps,55,0.0
2021,20,race,Qatar Grand Prix,2021-11-21,losail,mazepin,MAZ,Nikita Mazepin,haas,20,18,18,+2 Laps,55,0.0
2021,20,race,Qatar Grand Prix,2021-11-21,losail,latifi,LAT,Nicholas Latifi,williams,17,19,R,Puncture,50,0.0
2021,20,race,Qatar Grand Prix,2021-11-21,losail,bottas,BOT,Valtteri Bottas,mercedes,6,20,R,Damage,48,0.0
2021,21,race,Saudi Arabian Grand Prix,2021-12-05,jeddah,hamilton,HAM,Lewis Hamilton,mercedes,1,1,1,Finished,50,26.0
2021,21,race,Saudi Arabian Grand Prix,2021-12-05,jeddah,max_verstappen,VER,Max Verstappen,red_bull,3,2,2,Finished,50,18.0
2021,21,race,Saudi Arabian Grand Prix,2021-12-05,jeddah,bottas,BOT,Valtteri Bottas,mercedes,2,3,3,Finished,50,15.0
2021,21,race,Saudi Arabian Grand Prix,2021-12-05,jeddah,ocon,OCO,Esteban Ocon,alpine,9,4,4,Finished,50,12.0
2021,21,race,Saudi Arabian Grand Prix,2021-12-05,jeddah,ricciardo,RIC,Daniel Ricciardo,mclaren,11,5,5,Finished,50,10.0
2021,21,race,Saudi Arabian Grand Prix,2021-12-05,jeddah,gasly,GAS,Pierre Gasly,alphatauri,6,6,6,Finished,50,8.0
2021,21,race,Saudi Arabian Grand Prix,2021-12-05,jeddah,leclerc,LEC,Charles Leclerc,ferrari,4,7,7,Finished,50,6.0
2021,21,race,Saudi Arabian Grand Prix,2021-12-05,jeddah,sainz,SAI,Carlos Sainz,ferrari,15,8,8,Finished,50,4.0
2021,21,race,Saudi Arabian Grand Prix,2021-12-05,jeddah,giovinazzi,GIO,Antonio Giovinazzi,alfa,10,9,9,Finished,50,2.0
2021,21,race,Saudi Arabian Grand Prix,2021-12-05,jeddah,norris,NOR,Lando Norris,mclaren,7,10,10,Finished,50,1.0
2021,21,race,Saudi Arabian Grand Prix,2021-12-05,jeddah,stroll,STR,Lance Stroll,aston_martin,18,11,11,Finished,50,0.0
2021,21,race,Saudi Arabian Grand Prix,2021-12-05,jeddah,latifi,LAT,Nicholas Latifi,williams,16,12,12,Finished,50,0.0
2021,21,race,Saudi Arabian Grand Prix,2021-12-05,jeddah,alonso,ALO,Fernando Alonso,alpine,13,13,13,+1 Lap,49,0.0
2021,21,race,Saudi Arabian Grand Prix,2021-12-05,jeddah,tsunoda,TSU,Yuki Tsunoda,alphatauri,8,14,14,+1 Lap,49,0.0
2021,21,race,Saudi Arabian Grand Prix,2021-12-05,jeddah,raikkonen,RAI,Kimi Räikkönen,alfa,12,15,15,+1 Lap,49,0.0
2021,21,race,Saudi Arabian Grand Prix,2021-12-05,jeddah,vettel,VET,Sebastian Vettel,aston_martin,17,16,R,Collision damage,44,0.0
2021,21,race,Saudi Arabian Grand Prix,2021-12-05,jeddah,perez,PER,Sergio Pérez,red_bull,5,17,R,Collision,14,0.0
2021,21,race,Saudi Arabian Grand Prix,2021-12-05,jeddah,mazepin,MAZ,Nikita Mazepin,haas,20,18,R,Collision,14,0.0
2021,21,race,Saudi Arabian Grand Prix,2021-12-05,jeddah,russell,RUS,George Russell,williams,14,19,R,Collision,14,0.0
2021,21,race,Saudi Arabian Grand Prix,2021-12-05,jeddah,mick_schumacher,MSC,Mick Schumacher,haas,19,20,R,Accident,8,0.0
2021,22,race,Abu Dhabi Grand Prix,2021-12-12,yas_marina,max_verstappen,VER,Max Verstappen,red_bull,1,1,1,Finished,58,26.0
2021,22,race,Abu Dhabi Grand Prix,2021-12-12,yas_marina,hamilton,HAM,Lewis Hamilton,mercedes,2,2,2,Finished,58,18.0
2021,22,race,Abu Dhabi Grand Prix,2021-12-12,yas_marina,sainz,SAI,Carlos Sainz,ferrari,5,3,3,Finished,58,15.0
2021,22,race,Abu Dhabi Grand Prix,2021-12-12,yas_marina,tsunoda,TSU,Yuki Tsunoda,alphatauri,8,4,4,Finished,58,12.0
2021,22,race,Abu Dhabi Grand Prix,2021-12-12,yas_marina,gasly,GAS,Pierre Gasly,alphatauri,12,5,5,Finished,58,10.0
2021,22,race,Abu Dhabi Grand Prix,2021-12-12,yas_marina,bottas,BOT,Valtteri Bottas,mercedes,6,6,6,Finished,58,8.0
2021,22,race,Abu Dhabi Grand Prix,2021-12-12,yas_marina,norris,NOR,Lando Norris,mclaren,3,7,7,Finished,58,6.0
2021,22,race,Abu Dhabi Grand Prix,2021-12-12,yas_marina,alonso,ALO,Fernando Alonso,alpine,11,8,8,Finished,58,4.0
2021,22,race,Abu Dhabi Grand Prix,2021-12-12,yas_marina,ocon,OCO,Esteban Ocon,alpine,9,9,9,Finished,58,2.0
2021,22,race,Abu Dhabi Grand Prix,2021-12-12,yas_marina,leclerc,LEC,Charles Leclerc,ferrari,7,10,10,Finished,58,1.0
2021,22,race,Abu Dhabi Grand Prix,2021-12-12,yas_marina,vettel,VET,Sebastian Vettel,aston_martin,15,11,11,Finished,58,0.0
2021,22,race,Abu Dhabi Grand Prix,2021-12-12,yas_marina,ricciardo,RIC,Daniel Ricciardo,mclaren,10,12,12,+1 Lap,57,0.0
2021,22,race,Abu Dhabi Grand Prix,2021-12-12,yas_marina,stroll,STR,Lance Stroll,aston_martin,13,13,13,+1 Lap,57,0.0
2021,22,race,Abu Dhabi Grand Prix,2021-12-12,yas_marina,mick_schumacher,MSC,Mick Schumacher,haas,19,14,14,+1 Lap,57,0.0
2021,22,race,Abu Dhabi Grand Prix,2021-12-12,yas_marina,perez,PER,Sergio Pérez,red_bull,4,15,15,Engine,55,0.0
2021,22,race,Abu Dhabi Grand Prix,2021-12-12,yas_marina,latifi,LAT,Nicholas Latifi,williams,16,16,R,Accident,50,0.0
2021,22,race,Abu Dhabi Grand Prix,2021-12-12,yas_marina,giovinazzi,GIO,Antonio Giovinazzi,alfa,14,17,R,Gearbox,33,0.0
2021,22,race,Abu Dhabi Grand Prix,2021-12-12,yas_marina,russell,RUS,George Russell,williams,17,18,R,Gearbox,26,0.0
2021,22,race,Abu Dhabi Grand Prix,2021-12-12,yas_marina,raikkonen,RAI,Kimi Räikkönen,alfa,18,19,R,Brakes,25,0.0
2021,22,race,Abu Dhabi Grand Prix,2021-12-12,yas_marina,mazepin,MAZ,Nikita Mazepin,haas,20,20,W,Illness,0,0.0
2022,1,race,Bahrain Grand Prix,2022-03-20,bahrain,leclerc,LEC,Charles Leclerc,ferrari,1,1,1,Finished,57,26.0
2022,1,race,Bahrain Grand Prix,2022-03-20,bahrain,sainz,SAI,Carlos Sainz,ferrari,3,2,2,Finished,57,18.0
2022,1,race,Bahrain Grand Prix,2022-03-20,bahrain,hamilton,HAM,Lewis Hamilton,mercedes,5,3,3,Finished,57,15.0
2022,1,race,Bahrain Grand Prix,2022-03-20,bahrain,russell,RUS,George Russell,mercedes,9,4,4,Finished,57,12.0
2022,1,race,Bahrain Grand Prix,2022-03-20,bahrain,kevin_magnussen,MAG,Kevin Magnussen,haas,7,5,5,Finished,57,10.0
2022,1,race,Bahrain Grand Prix,2022-03-20,bahrain,bottas,BOT,Valtteri Bottas,alfa,6,6,6,Finished,57,8.0
2022,1,race,Bahrain Grand Prix,2022-03-20,bahrain,ocon,OCO,Esteban Ocon,alpine,11,7,7,Finished,57,6.0
2022,1,race,Bahrain Grand Prix,2022-03-20,bahrain,tsunoda,TSU,Yuki Tsunoda,alphatauri,16,8,8,Finished,57,4.0
2022,1,race,Bahrain Grand Prix,2022-03-20,bahrain,alonso,ALO,Fernando Alonso,alpine,8,9,9,Finished,57,2.0
2022,1,race,Bahrain Grand Prix,2022-03-20,bahrain,zhou,ZHO,Guanyu Zhou,alfa,15,10,10,Finished,57,1.0
2022,1,race,Bahrain Grand Prix,2022-03-20,bahrain,mick_schumacher,MSC,Mick Schumacher,haas,12,11,11,Finished,57,0.0
2022,1,race,Bahrain Grand Prix,2022-03-20,bahrain,stroll,STR,Lance Stroll,aston_martin,19,12,12,Finished,57,0.0
2022,1,race,Bahrain Grand Prix,2022-03-20,bahrain,albon,ALB,Alexander Albon,williams,14,13,13,Finished,57,0.0
2022,1,race,Bahrain Grand Prix,2022-03-20,bahrain,ricciardo,RIC,Daniel Ricciardo,mclaren,18,14,14,Finished,57,0.0
2022,1,race,Bahrain Grand Prix,2022-03-20,bahrain,norris,NOR,Lando Norris,mclaren,13,15,15,Finished,57,0.0
2022,1,race,Bahrain Grand Prix,2022-03-20,bahrain,latifi,LAT,Nicholas Latifi,williams,20,16,16,Finished,57,0.0
2022,1,race,Bahrain Grand Prix,2022-03-20,bahrain,hulkenberg,HUL,Nico Hülkenberg,aston_martin,17,17,17,Finished,57,0.0
2022,1,race,Bahrain Grand Prix,2022-03-20,bahrain,perez,PER,Sergio Pérez,red_bull,4,18,18,Fuel pressure,56,0.0
2022,1,race,Bahrain Grand Prix,2022-03-20,bahrain,max_verstappen,VER,Max Verstappen,red_bull,2,19,19,Fuel pressure,54,0.0
2022,1,race,Bahrain Grand Prix,2022-03-20,bahrain,gasly,GAS,Pierre Gasly,alphatauri,10,20,R,Power Unit,44,0.0
2022,2,race,Saudi Arabian Grand Prix,2022-03-27,jeddah,max_verstappen,VER,Max Verstappen,red_bull,4,1,1,Finished,50,25.0
2022,2,race,Saudi Arabian Grand Prix,2022-03-27,jeddah,leclerc,LEC,Charles Leclerc,ferrari,2,2,2,Finished,50,19.0
2022,2,race,Saudi Arabian Grand Prix,2022-03-27,jeddah,sainz,SAI,Carlos Sainz,ferrari,3,3,3,Finished,50,15.0
2022,2,race,Saudi Arabian Grand Prix,2022-03-27,jeddah,perez,PER,Sergio Pérez,red_bull,1,4,4,Finished,50,12.0
2022,2,race,Saudi Arabian Grand Prix,2022-03-27,jeddah,russell,RUS,George Russell,mercedes,6,5,5,Finished,50,10.0
2022,2,race,Saudi Arabian Grand Prix,2022-03-27,jeddah,ocon,OCO,Esteban Ocon,alpine,5,6,6,Finished,50,8.0
2022,2,race,Saudi Arabian Grand Prix,2022-03-27,jeddah,norris,NOR,Lando Norris,mclaren,11,7,7,Finished,50,6.0
2022,2,race,Saudi Arabian Grand Prix,2022-03-27,jeddah,gasly,GAS,Pierre Gasly,alphatauri,9,8,8,Finished,50,4.0
2022,2,race,Saudi Arabian Grand Prix,2022-03-27,jeddah,kevin_magnussen,MAG,Kevin Magnussen,haas,10,9,9,Finished,50,2.0
2022,2,race,Saudi Arabian Grand Prix,2022-03-27,jeddah,hamilton,HAM,Lewis Hamilton,mercedes,15,10,10,Finished,50,1.0
2022,2,race,Saudi Arabian Grand Prix,2022-03-27,jeddah,zhou,ZHO,Guanyu Zhou,alfa,12,11,11,Finished,50,0.0
2022,2,race,Saudi Arabian Grand Prix,2022-03-27,jeddah,hulkenberg,HUL,Nico Hülkenberg,aston_martin,17,12,12,Finished,50,0.0
2022,2,race,Saudi Arabian Grand Prix,2022-03-27,jeddah,stroll,STR,Lance Stroll,aston_martin,13,13,13,+1 Lap,49,0.0
2022,2,race,Saudi Arabian Grand Prix,2022-03-27,jeddah,albon,ALB,Alexander Albon,williams,16,14,14,Collision damage,47,0.0
2022,2,race,Saudi Arabian Grand Prix,2022-03-27,jeddah,bottas,BOT,Valtteri Bottas,alfa,8,15,R,Cooling system,36,0.0
2022,2,race,Saudi Arabian Grand Prix,2022-03-27,jeddah,alonso,ALO,Fernando Alonso,alpine,7,16,R,Water pump,35,0.0
2022,2,race,Saudi Arabian Grand Prix,2022-03-27,jeddah,ricciardo,RIC,Daniel Ricciardo,mclaren,14,17,R,Gearbox,35,0.0
2022,2,race,Saudi Arabian Grand Prix,2022-03-27,jeddah,latifi,LAT,Nicholas Latifi,williams,18,18,R,Accident,14,0.0
2022,2,race,Saudi Arabian Grand Prix,2022-03-27,jeddah,tsunoda,TSU,Yuki Tsunoda,alphatauri,19,19,R,Power Unit,0,0.0
2022,2,race,Saudi Arabian Grand Prix,2022-03-27,jeddah,mick_schumacher,MSC,Mick Schumacher,haas,0,20,W,Withdrew,0,0.0
2022,3,race,Australian Grand Prix,2022-04-10,albert_park,leclerc,LEC,Charles Leclerc,ferrari,1,1,1,Finished,58,26.0
2022,3,race,Australian Grand Prix,2022-04-10,albert_park,perez,PER,Sergio Pérez,red_bull,3,2,2,Finished,58,18.0
2022,3,race,Australian Grand Prix,2022-04-10,albert_park,russell,RUS,George Russell,mercedes,6,3,3,Finished,58,15.0
2022,3,race,Australian Grand Prix,2022-04-10,albert_park,hamilton,HAM,Lewis Hamilton,mercedes,5,4,4,Finished,58,12.0
2022,3,race,Australian Grand Prix,2022-04-10,albert_park,norris,NOR,Lando Norris,mclaren,4,5,5,Finished,58,10.0
2022,3,race,Australian Grand Prix,2022-04-10,albert_park,ricciardo,RIC,Daniel Ricciardo,mclaren,7,6,6,Finished,58,8.0
2022,3,race,Australian Grand Prix,2022-04-10,albert_park,ocon,OCO,Esteban Ocon,alpine,8,7,7,Finished,58,6.0
2022,3,race,Australian Grand Prix,2022-04-10,albert_park,bottas,BOT,Valtteri Bottas,alfa,12,8,8,Finished,58,4.0
2022,3,race,Australian Grand Prix,2022-04-10,albert_park,gasly,GAS,Pierre Gasly,alphatauri,11,9,9,Finished,58,2.0
2022,3,race,Australian Grand Prix,2022-04-10,albert_park,albon,ALB,Alexander Albon,williams,20,10,10,Finished,58,1.0
2022,3,race,Australian Grand Prix,2022-04-10,albert_park,zhou,ZHO,Guanyu Zhou,alfa,14,11,11,Finished,58,0.0
2022,3,race,Australian Grand Prix,2022-04-10,albert_park,stroll,STR,Lance Stroll,aston_martin,19,12,12,Finished,58,0.0
2022,3,race,Australian Grand Prix,2022-04-10,albert_park,mick_schumacher,MSC,Mick Schumacher,haas,15,13,13,+1 Lap,57,0.0
2022,3,race,Australian Grand Prix,2022-04-10,albert_park,kevin_magnussen,MAG,Kevin Magnussen,haas,16,14,14,+1 Lap,57,0.0
2022,3,race,Australian Grand Prix,2022-04-10,albert_park,tsunoda,TSU,Yuki Tsunoda,alphatauri,13,15,15,+1 Lap,57,0.0
2022,3,race,Australian Grand Prix,2022-04-10,albert_park,latifi,LAT,Nicholas Latifi,williams,18,16,16,+1 Lap,57,0.0
2022,3,race,Australian Grand Prix,2022-04-10,albert_park,alonso,ALO,Fernando Alonso,alpine,10,17,17,+1 Lap,57,0.0
2022,3,race,Australian Grand Prix,2022-04-10,albert_park,max_verstappen,VER,Max Verstappen,red_bull,2,18,R,Fuel leak,38,0.0
2022,3,race,Australian Grand Prix,2022-04-10,albert_park,vettel,VET,Sebastian Vettel,aston_martin,17,19,R,Accident,22,0.0
2022,3,race,Australian Grand Prix,2022-04-10,albert_park,sainz,SAI,Carlos Sainz,ferrari,9,20,R,Spun off,1,0.0
2022,4,race,Emilia Romagna Grand Prix,2022-04-24,imola,max_verstappen,VER,Max Verstappen,red_bull,1,1,1,Finished,63,26.0
2022,4,race,Emilia Romagna Grand Prix,2022-04-24,imola,perez,PER,Sergio Pérez,red_bull,3,2,2,Finished,63,18.0
2022,4,race,Emilia Romagna Grand Prix,2022-04-24,imola,norris,NOR,Lando Norris,mclaren,5,3,3,Finished,63,15.0
2022,4,race,Emilia Romagna Grand Prix,2022-04-24,imola,russell,RUS,George Russell,mercedes,11,4,4,Finished,63,12.0
2022,4,race,Emilia Romagna Grand Prix,2022-04-24,imola,bottas,BOT,Valtteri Bottas,alfa,7,5,5,Finished,63,10.0
2022,4,race,Emilia Romagna Grand Prix,2022-04-24,imola,leclerc,LEC,Charles Leclerc,ferrari,2,6,6,Finished,63,8.0
2022,4,race,Emilia Romagna Grand Prix,2022-04-24,imola,tsunoda,TSU,Yuki Tsunoda,alphatauri,12,7,7,Finished,63,6.0
2022,4,race,Emilia Romagna Grand Prix,2022-04-24,imola,vettel,VET,Sebastian Vettel,aston_martin,13,8,8,Finished,63,4.0
2022,4,race,Emilia Romagna Grand Prix,2022-04-24,imola,kevin_magnussen,MAG,Kevin Magnussen,haas,8,9,9,Finished,63,2.0
2022,4,race,Emilia Romagna Grand Prix,2022-04-24,imola,stroll,STR,Lance Stroll,aston_martin,15,10,10,+1 Lap,62,1.0
2022,4,race,Emilia Romagna Grand Prix,2022-04-24,imola,albon,ALB,Alexander Albon,williams,18,11,11,+1 Lap,62,0.0
2022,4,race,Emilia Romagna Grand Prix,2022-04-24,imola,gasly,GAS,Pierre Gasly,alphatauri,17,12,12,+1 Lap,62,0.0
2022,4,race,Emilia Romagna Grand Prix,2022-04-24,imola,hamilton,HAM,Lewis Hamilton,mercedes,14,13,13,+1 Lap,62,0.0
2022,4,race,Emilia Romagna Grand Prix,2022-04-24,imola,ocon,OCO,Esteban Ocon,alpine,16,14,14,+1 Lap,62,0.0
2022,4,race,Emilia Romagna Grand Prix,2022-04-24,imola,zhou,ZHO,Guanyu Zhou,alfa,0,15,15,+1 Lap,62,0.0
2022,4,race,Emilia Romagna Grand Prix,2022-04-24,imola,latifi,LAT,Nicholas Latifi,williams,19,16,16,+1 Lap,62,0.0
2022,4,race,Emilia Romagna Grand Prix,2022-04-24,imola,mick_schumacher,MSC,Mick Schumacher,haas,10,17,17,+1 Lap,62,0.0
2022,4,race,Emilia Romagna Grand Prix,2022-04-24,imola,ricciardo,RIC,Daniel Ricciardo,mclaren,6,18,18,+1 Lap,62,0.0
2022,4,race,Emilia Romagna Grand Prix,2022-04-24,imola,alonso,ALO,Fernando Alonso,alpine,9,19,R,Collision damage,6,0.0
2022,4,race,Emilia Romagna Grand Prix,2022-04-24,imola,sainz,SAI,Carlos Sainz,ferrari,4,20,R,Collision,0,0.0
2022,4,sprint,Emilia Romagna Grand Prix,2022-04-24,imola,max_verstappen,VER,Max Verstappen,red_bull,1,1,1,Finished,21,8.0
2022,4,sprint,Emilia Romagna Grand Prix,2022-04-24,imola,leclerc,LEC,Charles Leclerc,ferrari,2,2,2,Finished,21,7.0
2022,4,sprint,Emilia Romagna Grand Prix,2022-04-24,imola,perez,PER,Sergio Pérez,red_bull,7,3,3,Finished,21,6.0
2022,4,sprint,Emilia Romagna Grand Prix,2022-04-24,imola,sainz,SAI,Carlos Sainz,ferrari,10,4,4,Finished,21,5.0
2022,4,sprint,Emilia Romagna Grand Prix,2022-04-24,imola,norris,NOR,Lando Norris,mclaren,3,5,5,Finished,21,4.0
2022,4,sprint,Emilia Romagna Grand Prix,2022-04-24,imola,ricciardo,RIC,Daniel Ricciardo,mclaren,6,6,6,Finished,21,3.0
2022,4,sprint,Emilia Romagna Grand Prix,2022-04-24,imola,bottas,BOT,Valtteri Bottas,alfa,8,7,7,Finished,21,2.0
2022,4,sprint,Emilia Romagna Grand Prix,2022-04-24,imola,kevin_magnussen,MAG,Kevin Magnussen,haas,4,8,8,Finished,21,1.0
2022,4,sprint,Emilia Romagna Grand Prix,2022-04-24,imola,alonso,ALO,Fernando Alonso,alpine,5,9,9,Finished,21,0.0
2022,4,sprint,Emilia Romagna Grand Prix,2022-04-24,imola,mick_schumacher,MSC,Mick Schumacher,haas,12,10,10,Finished,21,0.0
2022,4,sprint,Emilia Romagna Grand Prix,2022-04-24,imola,russell,RUS,George Russell,mercedes,11,11,11,Finished,21,0.0
2022,4,sprint,Emilia Romagna Grand Prix,2022-04-24,imola,tsunoda,TSU,Yuki Tsunoda,alphatauri,16,12,12,Finished,21,0.0
2022,4,sprint,Emilia Romagna Grand Prix,2022-04-24,imola,vettel,VET,Sebastian Vettel,aston_martin,9,13,13,Finished,21,0.0
2022,4,sprint,Emilia Romagna Grand Prix,2022-04-24,imola,hamilton,HAM,Lewis Hamilton,mercedes,13,14,14,Finished,21,0.0
2022,4,sprint,Emilia Romagna Grand Prix,2022-04-24,imola,stroll,STR,Lance Stroll,aston_martin,15,15,15,Finished,21,0.0
2022,4,sprint,Emilia Romagna Grand Prix,2022-04-24,imola,ocon,OCO,Esteban Ocon,alpine,19,16,16,Finished,21,0.0
2022,4,sprint,Emilia Romagna Grand Prix,2022-04-24,imola,gasly,GAS,Pierre Gasly,alphatauri,17,17,17,Finished,21,0.0
2022,4,sprint,Emilia Romagna Grand Prix,2022-04-24,imola,albon,ALB,Alexander Albon,williams,20,18,18,Finished,21,0.0
2022,4,sprint,Emilia Romagna Grand Prix,2022-04-24,imola,latifi,LAT,Nicholas Latifi,williams,18,19,19,Finished,21,0.0
2022,4,sprint,Emilia Romagna Grand Prix,2022-04-24,imola,zhou,ZHO,Guanyu Zhou,alfa,0,20,R,Retired,0,0.0
2022,5,race,Miami Grand Prix,2022-05-08,miami,max_verstappen,VER,Max Verstappen,red_bull,3,1,1,Finished,57,26.0
2022,5,race,Miami Grand Prix,2022-05-08,miami,leclerc,LEC,Charles Leclerc,ferrari,1,2,2,Finished,57,18.0
2022,5,race,Miami Grand Prix,2022-05-08,miami,sainz,SAI,Carlos Sainz,ferrari,2,3,3,Finished,57,15.0
2022,5,race,Miami Grand Prix,2022-05-08,miami,perez,PER,Sergio Pérez,red_bull,4,4,4,Finished,57,12.0
2022,5,race,Miami Grand Prix,2022-05-08,miami,russell,RUS,George Russell,mercedes,12,5,5,Finished,57,10.0
2022,5,race,Miami Grand Prix,2022-05-08,miami,hamilton,HAM,Lewis Hamilton,mercedes,6,6,6,Finished,57,8.0
2022,5,race,Miami Grand Prix,2022-05-08,miami,bottas,BOT,Valtteri Bottas,alfa,5,7,7,Finished,57,6.0
2022,5,race,Miami Grand Prix,2022-05-08,miami,ocon,OCO,Esteban Ocon,alpine,20,8,8,Finished,57,4.0
2022,5,race,Miami Grand Prix,2022-05-08,miami,albon,ALB,Alexander Albon,williams,18,9,9,Finished,57,2.0
2022,5,race,Miami Grand Prix,2022-05-08,miami,stroll,STR,Lance Stroll,aston_martin,0,10,10,Finished,57,1.0
2022,5,race,Miami Grand Prix,2022-05-08,miami,alonso,ALO,Fernando Alonso,alpine,11,11,11,Finished,57,0.0
2022,5,race,Miami Grand Prix,2022-05-08,miami,tsunoda,TSU,Yuki Tsunoda,alphatauri,9,12,12,Finished,57,0.0
2022,5,race,Miami Grand Prix,2022-05-08,miami,ricciardo,RIC,Daniel Ricciardo,mclaren,14,13,13,Finished,57,0.0
2022,5,race,Miami Grand Prix,2022-05-08,miami,latifi,LAT,Nicholas Latifi,williams,19,14,14,Finished,57,0.0
2022,5,race,Miami Grand Prix,2022-05-08,miami,mick_schumacher,MSC,Mick Schumacher,haas,15,15,15,Finished,57,0.0
2022,5,race,Miami Grand Prix,2022-05-08,miami,kevin_magnussen,MAG,Kevin Magnussen,haas,16,16,16,Front wing,56,0.0
2022,5,race,Miami Grand Prix,2022-05-08,miami,vettel,VET,Sebastian Vettel,aston_martin,0,17,17,Collision,54,0.0
2022,5,race,Miami Grand Prix,2022-05-08,miami,gasly,GAS,Pierre Gasly,alphatauri,7,18,R,Suspension,45,0.0
2022,5,race,Miami Grand Prix,2022-05-08,miami,norris,NOR,Lando Norris,mclaren,8,19,R,Collision,39,0.0
2022,5,race,Miami Grand Prix,2022-05-08,miami,zhou,ZHO,Guanyu Zhou,alfa,17,20,R,Water leak,6,0.0
2022,6,race,Spanish Grand Prix,2022-05-22,catalunya,max_verstappen,VER,Max Verstappen,red_bull,2,1,1,Finished,66,25.0
2022,6,race,Spanish Grand Prix,2022-05-22,catalunya,perez,PER,Sergio Pérez,red_bull,5,2,2,Finished,66,19.0
2022,6,race,Spanish Grand Prix,2022-05-22,catalunya,russell,RUS,George Russell,mercedes,4,3,3,Finished,66,15.0
2022,6,race,Spanish Grand Prix,2022-05-22,catalunya,sainz,SAI,Carlos Sainz,ferrari,3,4,4,Finished,66,12.0
2022,6,race,Spanish Grand Prix,2022-05-22,catalunya,hamilton,HAM,Lewis Hamilton,mercedes,6,5,5,Finished,66,10.0
2022,6,race,Spanish Grand Prix,2022-05-22,catalunya,bottas,BOT,Valtteri Bottas,alfa,7,6,6,Finished,66,8.0
2022,6,race,Spanish Grand Prix,2022-05-22,catalunya,ocon,OCO,Esteban Ocon,alpine,12,7,7,Finished,66,6.0
2022,6,race,Spanish Grand Prix,2022-05-22,catalunya,norris,NOR,Lando Norris,mclaren,11,8,8,Finished,66,4.0
2022,6,race,Spanish Grand Prix,2022-05-22,catalunya,alonso,ALO,Fernando Alonso,alpine,20,9,9,+1 Lap,65,2.0
2022,6,race,Spanish Grand Prix,2022-05-22,catalunya,tsunoda,TSU,Yuki Tsunoda,alphatauri,13,10,10,+1 Lap,65,1.0
2022,6,race,Spanish Grand Prix,2022-05-22,catalunya,vettel,VET,Sebastian Vettel,aston_martin,16,11,11,+1 Lap,65,0.0
2022,6,race,Spanish Grand Prix,2022-05-22,catalunya,ricciardo,RIC,Daniel Ricciardo,mclaren,9,12,12,+1 Lap,65,0.0
2022,6,race,Spanish Grand Prix,2022-05-22,catalunya,gasly,GAS,Pierre Gasly,alphatauri,14,13,13,+1 Lap,65,0.0
2022,6,race,Spanish Grand Prix,2022-05-22,catalunya,mick_schumacher,MSC,Mick Schumacher,haas,10,14,14,+1 Lap,65,0.0
2022,6,race,Spanish Grand Prix,2022-05-22,catalunya,stroll,STR,Lance Stroll,aston_martin,17,15,15,+1 Lap,65,0.0
2022,6,race,Spanish Grand Prix,2022-05-22,catalunya,latifi,LAT,Nicholas Latifi,williams,19,16,16,+2 Laps,64,0.0
2022,6,race,Spanish Grand Prix,2022-05-22,catalunya,kevin_magnussen,MAG,Kevin Magnussen,haas,8,17,17,+2 Laps,64,0.0
2022,6,race,Spanish Grand Prix,2022-05-22,catalunya,albon,ALB,Alexander Albon,williams,18,18,18,+2 Laps,64,0.0
2022,6,race,Spanish Grand Prix,2022-05-22,catalunya,zhou,ZHO,Guanyu Zhou,alfa,15,19,R,Power loss,28,0.0
2022,6,race,Spanish Grand Prix,2022-05-22,catalunya,leclerc,LEC,Charles Leclerc,ferrari,1,20,R,Turbo,27,0.0
2022,7,race,Monaco Grand Prix,2022-05-29,monaco,perez,PER,Sergio Pérez,red_bull,3,1,1,Finished,64,25.0
2022,7,race,Monaco Grand Prix,2022-05-29,monaco,sainz,SAI,Carlos Sainz,ferrari,2,2,2,Finished,64,18.0
2022,7,race,Monaco Grand Prix,2022-05-29,monaco,max_verstappen,VER,Max Verstappen,red_bull,4,3,3,Finished,64,15.0
2022,7,race,Monaco Grand Prix,2022-05-29,monaco,leclerc,LEC,Charles Leclerc,ferrari,1,4,4,Finished,64,12.0
2022,7,race,Monaco Grand Prix,2022-05-29,monaco,russell,RUS,George Russell,mercedes,6,5,5,Finished,64,10.0
2022,7,race,Monaco Grand Prix,2022-05-29,monaco,norris,NOR,Lando Norris,mclaren,5,6,6,Finished,64,9.0
2022,7,race,Monaco Grand Prix,2022-05-29,monaco,alonso,ALO,Fernando Alonso,alpine,7,7,7,Finished,64,6.0
2022,7,race,Monaco Grand Prix,2022-05-29,monaco,hamilton,HAM,Lewis Hamilton,mercedes,8,8,8,Finished,64,4.0
2022,7,race,Monaco Grand Prix,2022-05-29,monaco,bottas,BOT,Valtteri Bottas,alfa,12,9,9,Finished,64,2.0
2022,7,race,Monaco Grand Prix,2022-05-29,monaco,vettel,VET,Sebastian Vettel,aston_martin,9,10,10,Finished,64,1.0
2022,7,race,Monaco Grand Prix,2022-05-29,monaco,gasly,GAS,Pierre Gasly,alphatauri,17,11,11,Finished,64,0.0
2022,7,race,Monaco Grand Prix,2022-05-29,monaco,ocon,OCO,Esteban Ocon,alpine,10,12,12,Finished,64,0.0
2022,7,race,Monaco Grand Prix,2022-05-29,monaco,ricciardo,RIC,Daniel Ricciardo,mclaren,14,13,13,Finished,64,0.0
2022,7,race,Monaco Grand Prix,2022-05-29,monaco,stroll,STR,Lance Stroll,aston_martin,18,14,14,Finished,64,0.0
2022,7,race,Monaco Grand Prix,2022-05-29,monaco,latifi,LAT,Nicholas Latifi,williams,19,15,15,+1 Lap,63,0.0
2022,7,race,Monaco Grand Prix,2022-05-29,monaco,zhou,ZHO,Guanyu Zhou,alfa,20,16,16,+1 Lap,63,0.0
2022,7,race,Monaco Grand Prix,2022-05-29,monaco,tsunoda,TSU,Yuki Tsunoda,alphatauri,11,17,17,+1 Lap,63,0.0
2022,7,race,Monaco Grand Prix,2022-05-29,monaco,albon,ALB,Alexander Albon,williams,16,18,R,Mechanical,48,0.0
2022,7,race,Monaco Grand Prix,2022-05-29,monaco,mick_schumacher,MSC,Mick Schumacher,haas,15,19,R,Accident,24,0.0
2022,7,race,Monaco Grand Prix,2022-05-29,monaco,kevin_magnussen,MAG,Kevin Magnussen,haas,13,20,R,Water pressure,19,0.0
2022,8,race,Azerbaijan Grand Prix,2022-06-12,baku,max_verstappen,VER,Max Verstappen,red_bull,3,1,1,Finished,51,25.0
2022,8,race,Azerbaijan Grand Prix,2022-06-12,baku,perez,PER,Sergio Pérez,red_bull,2,2,2,Finished,51,19.0
2022,8,race,Azerbaijan Grand Prix,2022-06-12,baku,russell,RUS,George Russell,mercedes,5,3,3,Finished,51,15.0
2022,8,race,Azerbaijan Grand Prix,2022-06-12,baku,hamilton,HAM,Lewis Hamilton,mercedes,7,4,4,Finished,51,12.0
2022,8,race,Azerbaijan Grand Prix,2022-06-12,baku,gasly,GAS,Pierre Gasly,alphatauri,6,5,5,Finished,51,10.0
2022,8,race,Azerbaijan Grand Prix,2022-06-12,baku,vettel,VET,Sebastian Vettel,aston_martin,9,6,6,Finished,51,8.0
2022,8,race,Azerbaijan Grand Prix,2022-06-12,baku,alonso,ALO,Fernando Alonso,alpine,10,7,7,Finished,51,6.0
2022,8,race,Azerbaijan Grand Prix,2022-06-12,baku,ricciardo,RIC,Daniel Ricciardo,mclaren,12,8,8,Finished,51,4.0
2022,8,race,Azerbaijan Grand Prix,2022-06-12,baku,norris,NOR,Lando Norris,mclaren,11,9,9,Finished,51,2.0
2022,8,race,Azerbaijan Grand Prix,2022-06-12,baku,ocon,OCO,Esteban Ocon,alpine,13,10,10,Finished,51,1.0
2022,8,race,Azerbaijan Grand Prix,2022-06-12,baku,bottas,BOT,Valtteri Bottas,alfa,15,11,11,+1 Lap,50,0.0
2022,8,race,Azerbaijan Grand Prix,2022-06-12,baku,albon,ALB,Alexander Albon,williams,17,12,12,+1 Lap,50,0.0
2022,8,race,Azerbaijan Grand Prix,2022-06-12,baku,tsunoda,TSU,Yuki Tsunoda,alphatauri,8,13,13,+1 Lap,50,0.0
2022,8,race,Azerbaijan Grand Prix,2022-06-12,baku,mick_schumacher,MSC,Mick Schumacher,haas,20,14,14,+1 Lap,50,0.0
2022,8,race,Azerbaijan Grand Prix,2022-06-12,baku,latifi,LAT,Nicholas Latifi,williams,18,15,15,+1 Lap,50,0.0
2022,8,race,Azerbaijan Grand Prix,2022-06-12,baku,stroll,STR,Lance Stroll,aston_martin,19,16,16,Vibrations,46,0.0
2022,8,race,Azerbaijan Grand Prix,2022-06-12,baku,kevin_magnussen,MAG,Kevin Magnussen,haas,16,17,R,Power Unit,31,0.0
2022,8,race,Azerbaijan Grand Prix,2022-06-12,baku,zhou,ZHO,Guanyu Zhou,alfa,14,18,R,Hydraulics,23,0.0
2022,8,race,Azerbaijan Grand Prix,2022-06-12,baku,leclerc,LEC,Charles Leclerc,ferrari,1,19,R,Power Unit,21,0.0
2022,8,race,Azerbaijan Grand Prix,2022-06-12,baku,sainz,SAI,Carlos Sainz,ferrari,4,20,R,Hydraulics,8,0.0
2022,9,race,Canadian Grand Prix,2022-06-19,villeneuve,max_verstappen,VER,Max Verstappen,red_bull,1,1,1,Finished,70,25.0
2022,9,race,Canadian Grand Prix,2022-06-19,villeneuve,sainz,SAI,Carlos Sainz,ferrari,3,2,2,Finished,70,19.0
2022,9,race,Canadian Grand Prix,2022-06-19,villeneuve,hamilton,HAM,Lewis Hamilton,mercedes,4,3,3,Finished,70,15.0
2022,9,race,Canadian Grand Prix,2022-06-19,villeneuve,russell,RUS,George Russell,mercedes,8,4,4,Finished,70,12.0
2022,9,race,Canadian Grand Prix,2022-06-19,villeneuve,leclerc,LEC,Charles Leclerc,ferrari,19,5,5,Finished,70,10.0
2022,9,race,Canadian Grand Prix,2022-06-19,villeneuve,ocon,OCO,Esteban Ocon,alpine,7,6,6,Finished,70,8.0
2022,9,race,Canadian Grand Prix,2022-06-19,villeneuve,bottas,BOT,Valtteri Bottas,alfa,11,7,7,Finished,70,6.0
2022,9,race,Canadian Grand Prix,2022-06-19,villeneuve,zhou,ZHO,Guanyu Zhou,alfa,10,8,8,Finished,70,4.0
2022,9,race,Canadian Grand Prix,2022-06-19,villeneuve,alonso,ALO,Fernando Alonso,alpine,2,9,9,Finished,70,2.0
2022,9,race,Canadian Grand Prix,2022-06-19,villeneuve,stroll,STR,Lance Stroll,aston_martin,17,10,10,Finished,70,1.0
2022,9,race,Canadian Grand Prix,2022-06-19,villeneuve,ricciardo,RIC,Daniel Ricciardo,mclaren,9,11,11,Finished,70,0.0
2022,9,race,Canadian Grand Prix,2022-06-19,villeneuve,vettel,VET,Sebastian Vettel,aston_martin,16,12,12,Finished,70,0.0
2022,9,race,Canadian Grand Prix,2022-06-19,villeneuve,albon,ALB,Alexander Albon,williams,12,13,13,Finished,70,0.0
2022,9,race,Canadian Grand Prix,2022-06-19,villeneuve,gasly,GAS,Pierre Gasly,alphatauri,15,14,14,Finished,70,0.0
2022,9,race,Canadian Grand Prix,2022-06-19,villeneuve,norris,NOR,Lando Norris,mclaren,14,15,15,Finished,70,0.0
2022,9,race,Canadian Grand Prix,2022-06-19,villeneuve,latifi,LAT,Nicholas Latifi,williams,18,16,16,Finished,70,0.0
2022,9,race,Canadian Grand Prix,2022-06-19,villeneuve,kevin_magnussen,MAG,Kevin Magnussen,haas,5,17,17,Finished,70,0.0
2022,9,race,Canadian Grand Prix,2022-06-19,villeneuve,tsunoda,TSU,Yuki Tsunoda,alphatauri,20,18,R,Accident,47,0.0
2022,9,race,Canadian Grand Prix,2022-06-19,villeneuve,mick_schumacher,MSC,Mick Schumacher,haas,6,19,R,Engine,18,0.0
2022,9,race,Canadian Grand Prix,2022-06-19,villeneuve,perez,PER,Sergio Pérez,red_bull,13,20,R,Gearbox,7,0.0
2022,10,race,British Grand Prix,2022-07-03,silverstone,sainz,SAI,Carlos Sainz,ferrari,1,1,1,Finished,52,25.0
2022,10,race,British Grand Prix,2022-07-03,silverstone,perez,PER,Sergio Pérez,red_bull,4,2,2,Finished,52,18.0
2022,10,race,British Grand Prix,2022-07-03,silverstone,hamilton,HAM,Lewis Hamilton,mercedes,5,3,3,Finished,52,16.0
2022,10,race,British Grand Prix,2022-07-03,silverstone,leclerc,LEC,Charles Leclerc,ferrari,3,4,4,Finished,52,12.0
2022,10,race,British Grand Prix,2022-07-03,silverstone,alonso,ALO,Fernando Alonso,alpine,7,5,5,Finished,52,10.0
2022,10,race,British Grand Prix,2022-07-03,silverstone,norris,NOR,Lando Norris,mclaren,6,6,6,Finished,52,8.0
2022,10,race,British Grand Prix,2022-07-03,silverstone,max_verstappen,VER,Max Verstappen,red_bull,2,7,7,Finished,52,6.0
2022,10,race,British Grand Prix,2022-07-03,silverstone,mick_schumacher,MSC,Mick Schumacher,haas,19,8,8,Finished,52,4.0
2022,10,race,British Grand Prix,2022-07-03,silverstone,vettel,VET,Sebastian Vettel,aston_martin,18,9,9,Finished,52,2.0
2022,10,race,British Grand Prix,2022-07-03,silverstone,kevin_magnussen,MAG,Kevin Magnussen,haas,17,10,10,Finished,52,1.0
2022,10,race,British Grand Prix,2022-07-03,silverstone,stroll,STR,Lance Stroll,aston_martin,20,11,11,Finished,52,0.0
2022,10,race,British Grand Prix,2022-07-03,silverstone,latifi,LAT,Nicholas Latifi,williams,10,12,12,Finished,52,0.0
2022,10,race,British Grand Prix,2022-07-03,silverstone,ricciardo,RIC,Daniel Ricciardo,mclaren,14,13,13,Finished,52,0.0
2022,10,race,British Grand Prix,2022-07-03,silverstone,tsunoda,TSU,Yuki Tsunoda,alphatauri,13,14,14,Finished,52,0.0
2022,10,race,British Grand Prix,2022-07-03,silverstone,ocon,OCO,Esteban Ocon,alpine,15,15,R,Fuel pump,37,0.0
2022,10,race,British Grand Prix,2022-07-03,silverstone,gasly,GAS,Pierre Gasly,alphatauri,11,16,R,Collision damage,26,0.0
2022,10,race,British Grand Prix,2022-07-03,silverstone,bottas,BOT,Valtteri Bottas,alfa,12,17,R,Gearbox,20,0.0
2022,10,race,British Grand Prix,2022-07-03,silverstone,russell,RUS,George Russell,mercedes,8,18,R,Collision,0,0.0
2022,10,race,British Grand Prix,2022-07-03,silverstone,zhou,ZHO,Guanyu Zhou,alfa,9,19,R,Collision,0,0.0
2022,10,race,British Grand Prix,2022-07-03,silverstone,albon,ALB,Alexander Albon,williams,16,20,R,Collision,0,0.0
2022,11,race,Austrian Grand Prix,2022-07-10,red_bull_ring,leclerc,LEC,Charles Leclerc,ferrari,2,1,1,Finished,71,25.0
2022,11,race,Austrian Grand Prix,2022-07-10,red_bull_ring,max_verstappen,VER,Max Verstappen,red_bull,1,2,2,Finished,71,19.0
2022,11,race,Austrian Grand Prix,2022-07-10,red_bull_ring,hamilton,HAM,Lewis Hamilton,mercedes,8,3,3,Finished,71,15.0
2022,11,race,Austrian Grand Prix,2022-07-10,red_bull_ring,russell,RUS,George Russell,mercedes,4,4,4,Finished,71,12.0
2022,11,race,Austrian Grand Prix,2022-07-10,red_bull_ring,ocon,OCO,Esteban Ocon,alpine,6,5,5,Finished,71,10.0
2022,11,race,Austrian Grand Prix,2022-07-10,red_bull_ring,mick_schumacher,MSC,Mick Schumacher,haas,9,6,6,+1 Lap,70,8.0
2022,11,race,Austrian Grand Prix,2022-07-10,red_bull_ring,norris,NOR,Lando Norris,mclaren,10,7,7,+1 Lap,70,6.0
2022,11,race,Austrian Grand Prix,2022-07-10,red_bull_ring,kevin_magnussen,MAG,Kevin Magnussen,haas,7,8,8,+1 Lap,70,4.0
2022,11,race,Austrian Grand Prix,2022-07-10,red_bull_ring,ricciardo,RIC,Daniel Ricciardo,mclaren,11,9,9,+1 Lap,70,2.0
2022,11,race,Austrian Grand Prix,2022-07-10,red_bull_ring,alonso,ALO,Fernando Alonso,alpine,19,10,10,+1 Lap,70,1.0
2022,11,race,Austrian Grand Prix,2022-07-10,red_bull_ring,bottas,BOT,Valtteri Bottas,alfa,0,11,11,+1 Lap,70,0.0
2022,11,race,Austrian Grand Prix,2022-07-10,red_bull_ring,albon,ALB,Alexander Albon,williams,15,12,12,+1 Lap,70,0.0
2022,11,race,Austrian Grand Prix,2022-07-10,red_bull_ring,stroll,STR,Lance Stroll,aston_martin,12,13,13,+1 Lap,70,0.0
2022,11,race,Austrian Grand Prix,2022-07-10,red_bull_ring,zhou,ZHO,Guanyu Zhou,alfa,13,14,14,+1 Lap,70,0.0
2022,11,race,Austrian Grand Prix,2022-07-10,red_bull_ring,gasly,GAS,Pierre Gasly,alphatauri,14,15,15,+1 Lap,70,0.0
2022,11,race,Austrian Grand Prix,2022-07-10,red_bull_ring,tsunoda,TSU,Yuki Tsunoda,alphatauri,16,16,16,+1 Lap,70,0.0
2022,11,race,Austrian Grand Prix,2022-07-10,red_bull_ring,vettel,VET,Sebastian Vettel,aston_martin,18,17,17,+1 Lap,70,0.0
2022,11,race,Austrian Grand Prix,2022-07-10,red_bull_ring,sainz,SAI,Carlos Sainz,ferrari,3,18,R,Power Unit,56,0.0
2022,11,race,Austrian Grand Prix,2022-07-10,red_bull_ring,latifi,LAT,Nicholas Latifi,williams,17,19,R,Undertray,48,0.0
2022,11,race,Austrian Grand Prix,2022-07-10,red_bull_ring,perez,PER,Sergio Pérez,red_bull,5,20,R,Collision damage,24,0.0
2022,11,sprint,Austrian Grand Prix,2022-07-10,red_bull_ring,max_verstappen,VER,Max Verstappen,red_bull,1,1,1,Finished,23,8.0
2022,11,sprint,Austrian Grand Prix,2022-07-10,red_bull_ring,leclerc,LEC,Charles Leclerc,ferrari,2,2,2,Finished,23,7.0
2022,11,sprint,Austrian Grand Prix,2022-07-10,red_bull_ring,sainz,SAI,Carlos Sainz,ferrari,3,3,3,Finished,23,6.0
2022,11,sprint,Austrian Grand Prix,2022-07-10,red_bull_ring,russell,RUS,George Russell,mercedes,4,4,4,Finished,23,5.0
2022,11,sprint,Austrian Grand Prix,2022-07-10,red_bull_ring,perez,PER,Sergio Pérez,red_bull,13,5,5,Finished,23,4.0
2022,11,sprint,Austrian Grand Prix,2022-07-10,red_bull_ring,ocon,OCO,Esteban Ocon,alpine,5,6,6,Finished,23,3.0
2022,11,sprint,Austrian Grand Prix,2022-07-10,red_bull_ring,kevin_magnussen,MAG,Kevin Magnussen,haas,6,7,7,Finished,23,2.0
2022,11,sprint,Austrian Grand Prix,2022-07-10,red_bull_ring,hamilton,HAM,Lewis Hamilton,mercedes,9,8,8,Finished,23,1.0
2022,11,sprint,Austrian Grand Prix,2022-07-10,red_bull_ring,mick_schumacher,MSC,Mick Schumacher,haas,7,9,9,Finished,23,0.0
2022,11,sprint,Austrian Grand Prix,2022-07-10,red_bull_ring,bottas,BOT,Valtteri Bottas,alfa,12,10,10,Finished,23,0.0
2022,11,sprint,Austrian Grand Prix,2022-07-10,red_bull_ring,norris,NOR,Lando Norris,mclaren,15,11,11,Finished,23,0.0
2022,11,sprint,Austrian Grand Prix,2022-07-10,red_bull_ring,ricciardo,RIC,Daniel Ricciardo,mclaren,16,12,12,Finished,23,0.0
2022,11,sprint,Austrian Grand Prix,2022-07-10,red_bull_ring,stroll,STR,Lance Stroll,aston_martin,17,13,13,Finished,23,0.0
2022,11,sprint,Austrian Grand Prix,2022-07-10,red_bull_ring,zhou,ZHO,Guanyu Zhou,alfa,18,14,14,Finished,23,0.0
2022,11,sprint,Austrian Grand Prix,2022-07-10,red_bull_ring,gasly,GAS,Pierre Gasly,alphatauri,10,15,15,Finished,23,0.0
2022,11,sprint,Austrian Grand Prix,2022-07-10,red_bull_ring,albon,ALB,Alexander Albon,williams,11,16,16,Finished,23,0.0
2022,11,sprint,Austrian Grand Prix,2022-07-10,red_bull_ring,tsunoda,TSU,Yuki Tsunoda,alphatauri,14,17,17,Finished,23,0.0
2022,11,sprint,Austrian Grand Prix,2022-07-10,red_bull_ring,latifi,LAT,Nicholas Latifi,williams,19,18,18,Finished,23,0.0
2022,11,sprint,Austrian Grand Prix,2022-07-10,red_bull_ring,vettel,VET,Sebastian Vettel,aston_martin,20,19,19,Collision damage,21,0.0
2022,11,sprint,Austrian Grand Prix,2022-07-10,red_bull_ring,alonso,ALO,Fernando Alonso,alpine,8,20,R,Electrical,0,0.0
2022,12,race,French Grand Prix,2022-07-24,ricard,max_verstappen,VER,Max Verstappen,red_bull,2,1,1,Finished,53,25.0
2022,12,race,French Grand Prix,2022-07-24,ricard,hamilton,HAM,Lewis Hamilton,mercedes,4,2,2,Finished,53,18.0
2022,12,race,French Grand Prix,2022-07-24,ricard,russell,RUS,George Russell,mercedes,6,3,3,Finished,53,15.0
2022,12,race,French Grand Prix,2022-07-24,ricard,perez,PER,Sergio Pérez,red_bull,3,4,4,Finished,53,12.0
2022,12,race,French Grand Prix,2022-07-24,ricard,sainz,SAI,Carlos Sainz,ferrari,19,5,5,Finished,53,11.0
2022,12,race,French Grand Prix,2022-07-24,ricard,alonso,ALO,Fernando Alonso,alpine,7,6,6,Finished,53,8.0
2022,12,race,French Grand Prix,2022-07-24,ricard,norris,NOR,Lando Norris,mclaren,5,7,7,Finished,53,6.0
2022,12,race,French Grand Prix,2022-07-24,ricard,ocon,OCO,Esteban Ocon,alpine,10,8,8,Finished,53,4.0
2022,12,race,French Grand Prix,2022-07-24,ricard,ricciardo,RIC,Daniel Ricciardo,mclaren,9,9,9,Finished,53,2.0
2022,12,race,French Grand Prix,2022-07-24,ricard,stroll,STR,Lance Stroll,aston_martin,15,10,10,Finished,53,1.0
2022,12,race,French Grand Prix,2022-07-24,ricard,vettel,VET,Sebastian Vettel,aston_martin,12,11,11,Finished,53,0.0
2022,12,race,French Grand Prix,2022-07-24,ricard,gasly,GAS,Pierre Gasly,alphatauri,14,12,12,Finished,53,0.0
2022,12,race,French Grand Prix,2022-07-24,ricard,albon,ALB,Alexander Albon,williams,13,13,13,Finished,53,0.0
2022,12,race,French Grand Prix,2022-07-24,ricard,bottas,BOT,Valtteri Bottas,alfa,11,14,14,Finished,53,0.0
2022,12,race,French Grand Prix,2022-07-24,ricard,mick_schumacher,MSC,Mick Schumacher,haas,17,15,15,Finished,53,0.0
2022,12,race,French Grand Prix,2022-07-24,ricard,zhou,ZHO,Guanyu Zhou,alfa,16,16,16,+6 Laps,47,0.0
2022,12,race,French Grand Prix,2022-07-24,ricard,latifi,LAT,Nicholas Latifi,williams,18,17,R,Collision damage,40,0.0
2022,12,race,French Grand Prix,2022-07-24,ricard,kevin_magnussen,MAG,Kevin Magnussen,haas,20,18,R,Collision damage,37,0.0
2022,12,race,French Grand Prix,2022-07-24,ricard,leclerc,LEC,Charles Leclerc,ferrari,1,19,R,Accident,17,0.0
2022,12,race,French Grand Prix,2022-07-24,ricard,tsunoda,TSU,Yuki Tsunoda,alphatauri,8,20,R,Undertray,17,0.0
2022,13,race,Hungarian Grand Prix,2022-07-31,hungaroring,max_verstappen,VER,Max Verstappen,red_bull,10,1,1,Finished,70,25.0
2022,13,race,Hungarian Grand Prix,2022-07-31,hungaroring,hamilton,HAM,Lewis Hamilton,mercedes,7,2,2,Finished,70,19.0
2022,13,race,Hungarian Grand Prix,2022-07-31,hungaroring,russell,RUS,George Russell,mercedes,1,3,3,Finished,70,15.0
2022,13,race,Hungarian Grand Prix,2022-07-31,hungaroring,sainz,SAI,Carlos Sainz,ferrari,2,4,4,Finished,70,12.0
2022,13,race,Hungarian Grand Prix,2022-07-31,hungaroring,perez,PER,Sergio Pérez,red_bull,11,5,5,Finished,70,10.0
2022,13,race,Hungarian Grand Prix,2022-07-31,hungaroring,leclerc,LEC,Charles Leclerc,ferrari,3,6,6,Finished,70,8.0
2022,13,race,Hungarian Grand Prix,2022-07-31,hungaroring,norris,NOR,Lando Norris,mclaren,4,7,7,Finished,70,6.0
2022,13,race,Hungarian Grand Prix,2022-07-31,hungaroring,alonso,ALO,Fernando Alonso,alpine,6,8,8,+1 Lap,69,4.0
2022,13,race,Hungarian Grand Prix,2022-07-31,hungaroring,ocon,OCO,Esteban Ocon,alpine,5,9,9,+1 Lap,69,2.0
2022,13,race,Hungarian Grand Prix,2022-07-31,hungaroring,vettel,VET,Sebastian Vettel,aston_martin,18,10,10,+1 Lap,69,1.0
2022,13,race,Hungarian Grand Prix,2022-07-31,hungaroring,stroll,STR,Lance Stroll,aston_martin,14,11,11,+1 Lap,69,0.0
2022,13,race,Hungarian Grand Prix,2022-07-31,hungaroring,gasly,GAS,Pierre Gasly,alphatauri,0,12,12,+1 Lap,69,0.0
2022,13,race,Hungarian Grand Prix,2022-07-31,hungaroring,zhou,ZHO,Guanyu Zhou,alfa,12,13,13,+1 Lap,69,0.0
2022,13,race,Hungarian Grand Prix,2022-07-31,hungaroring,mick_schumacher,MSC,Mick Schumacher,haas,15,14,14,+1 Lap,69,0.0
2022,13,race,Hungarian Grand Prix,2022-07-31,hungaroring,ricciardo,RIC,Daniel Ricciardo,mclaren,9,15,15,+1 Lap,69,0.0
2022,13,race,Hungarian Grand Prix,2022-07-31,hungaroring,kevin_magnussen,MAG,Kevin Magnussen,haas,13,16,16,+1 Lap,69,0.0
2022,13,race,Hungarian Grand Prix,2022-07-31,hungaroring,albon,ALB,Alexander Albon,williams,17,17,17,+1 Lap,69,0.0
2022,13,race,Hungarian Grand Prix,2022-07-31,hungaroring,latifi,LAT,Nicholas Latifi,williams,19,18,18,+1 Lap,69,0.0
2022,13,race,Hungarian Grand Prix,2022-07-31,hungaroring,tsunoda,TSU,Yuki Tsunoda,alphatauri,16,19,19,+2 Laps,68,0.0
2022,13,race,Hungarian Grand Prix,2022-07-31,hungaroring,bottas,BOT,Valtteri Bottas,alfa,8,20,20,Power Unit,65,0.0
2022,14,race,Belgian Grand Prix,2022-08-28,spa,max_verstappen,VER,Max Verstappen,red_bull,14,1,1,Finished,44,26.0
2022,14,race,Belgian Grand Prix,2022-08-28,spa,perez,PER,Sergio Pérez,red_bull,2,2,2,Finished,44,18.0
2022,14,race,Belgian Grand Prix,2022-08-28,spa,sainz,SAI,Carlos Sainz,ferrari,1,3,3,Finished,44,15.0
2022,14,race,Belgian Grand Prix,2022-08-28,spa,russell,RUS,George Russell,mercedes,5,4,4,Finished,44,12.0
2022,14,race,Belgian Grand Prix,2022-08-28,spa,alonso,ALO,Fernando Alonso,alpine,3,5,5,Finished,44,10.0
2022,14,race,Belgian Grand Prix,2022-08-28,spa,leclerc,LEC,Charles Leclerc,ferrari,15,6,6,Finished,44,8.0
2022,14,race,Belgian Grand Prix,2022-08-28,spa,ocon,OCO,Esteban Ocon,alpine,16,7,7,Finished,44,6.0
2022,14,race,Belgian Grand Prix,2022-08-28,spa,vettel,VET,Sebastian Vettel,aston_martin,10,8,8,Finished,44,4.0
2022,14,race,Belgian Grand Prix,2022-08-28,spa,gasly,GAS,Pierre Gasly,alphatauri,0,9,9,Finished,44,2.0
2022,14,race,Belgian Grand Prix,2022-08-28,spa,albon,ALB,Alexander Albon,williams,6,10,10,Finished,44,1.0
2022,14,race,Belgian Grand Prix,2022-08-28,spa,stroll,STR,Lance Stroll,aston_martin,9,11,11,Finished,44,0.0
2022,14,race,Belgian Grand Prix,2022-08-28,spa,norris,NOR,Lando Norris,mclaren,17,12,12,Finished,44,0.0
2022,14,race,Belgian Grand Prix,2022-08-28,spa,tsunoda,TSU,Yuki Tsunoda,alphatauri,0,13,13,Finished,44,0.0
2022,14,race,Belgian Grand Prix,2022-08-28,spa,zhou,ZHO,Guanyu Zhou,alfa,18,14,14,Finished,44,0.0
2022,14,race,Belgian Grand Prix,2022-08-28,spa,ricciardo,RIC,Daniel Ricciardo,mclaren,7,15,15,Finished,44,0.0
2022,14,race,Belgian Grand Prix,2022-08-28,spa,kevin_magnussen,MAG,Kevin Magnussen,haas,12,16,16,+1 Lap,43,0.0
2022,14,race,Belgian Grand Prix,2022-08-28,spa,mick_schumacher,MSC,Mick Schumacher,haas,19,17,17,+1 Lap,43,0.0
2022,14,race,Belgian Grand Prix,2022-08-28,spa,latifi,LAT,Nicholas Latifi,williams,11,18,18,+1 Lap,43,0.0
2022,14,race,Belgian Grand Prix,2022-08-28,spa,bottas,BOT,Valtteri Bottas,alfa,13,19,R,Accident,1,0.0
2022,14,race,Belgian Grand Prix,2022-08-28,spa,hamilton,HAM,Lewis Hamilton,mercedes,4,20,R,Collision damage,0,0.0
2022,15,race,Dutch Grand Prix,2022-09-04,zandvoort,max_verstappen,VER,Max Verstappen,red_bull,1,1,1,Finished,72,26.0
2022,15,race,Dutch Grand Prix,2022-09-04,zandvoort,russell,RUS,George Russell,mercedes,6,2,2,Finished,72,18.0
2022,15,race,Dutch Grand Prix,2022-09-04,zandvoort,leclerc,LEC,Charles Leclerc,ferrari,2,3,3,Finished,72,15.0
2022,15,race,Dutch Grand Prix,2022-09-04,zandvoort,hamilton,HAM,Lewis Hamilton,mercedes,4,4,4,Finished,72,12.0
2022,15,race,Dutch Grand Prix,2022-09-04,zandvoort,perez,PER,Sergio Pérez,red_bull,5,5,5,Finished,72,10.0
2022,15,race,Dutch Grand Prix,2022-09-04,zandvoort,alonso,ALO,Fernando Alonso,alpine,13,6,6,Finished,72,8.0
2022,15,race,Dutch Grand Prix,2022-09-04,zandvoort,norris,NOR,Lando Norris,mclaren,7,7,7,Finished,72,6.0
2022,15,race,Dutch Grand Prix,2022-09-04,zandvoort,sainz,SAI,Carlos Sainz,ferrari,3,8,8,Finished,72,4.0
2022,15,race,Dutch Grand Prix,2022-09-04,zandvoort,ocon,OCO,Esteban Ocon,alpine,12,9,9,Finished,72,2.0
2022,15,race,Dutch Grand Prix,2022-09-04,zandvoort,stroll,STR,Lance Stroll,aston_martin,10,10,10,Finished,72,1.0
2022,15,race,Dutch Grand Prix,2022-09-04,zandvoort,gasly,GAS,Pierre Gasly,alphatauri,11,11,11,Finished,72,0.0
2022,15,race,Dutch Grand Prix,2022-09-04,zandvoort,albon,ALB,Alexander Albon,williams,15,12,12,Finished,72,0.0
2022,15,race,Dutch Grand Prix,2022-09-04,zandvoort,mick_schumacher,MSC,Mick Schumacher,haas,8,13,13,Finished,72,0.0
2022,15,race,Dutch Grand Prix,2022-09-04,zandvoort,vettel,VET,Sebastian Vettel,aston_martin,19,14,14,Finished,72,0.0
2022,15,race,Dutch Grand Prix,2022-09-04,zandvoort,kevin_magnussen,MAG,Kevin Magnussen,haas,18,15,15,Finished,72,0.0
2022,15,race,Dutch Grand Prix,2022-09-04,zandvoort,zhou,ZHO,Guanyu Zhou,alfa,14,16,16,Finished,72,0.0
2022,15,race,Dutch Grand Prix,2022-09-04,zandvoort,ricciardo,RIC,Daniel Ricciardo,mclaren,17,17,17,Finished,72,0.0
2022,15,race,Dutch Grand Prix,2022-09-04,zandvoort,latifi,LAT,Nicholas Latifi,williams,20,18,18,+1 Lap,71,0.0
2022,15,race,Dutch Grand Prix,2022-09-04,zandvoort,bottas,BOT,Valtteri Bottas,alfa,16,19,R,Engine,53,0.0
2022,15,race,Dutch Grand Prix,2022-09-04,zandvoort,tsunoda,TSU,Yuki Tsunoda,alphatauri,9,20,R,Differential,43,0.0
2022,16,race,Italian Grand Prix,2022-09-11,monza,max_verstappen,VER,Max Verstappen,red_bull,7,1,1,Finished,53,25.0
2022,16,race,Italian Grand Prix,2022-09-11,monza,leclerc,LEC,Charles Leclerc,ferrari,1,2,2,Finished,53,18.0
2022,16,race,Italian Grand Prix,2022-09-11,monza,russell,RUS,George Russell,mercedes,2,3,3,Finished,53,15.0
2022,16,race,Italian Grand Prix,2022-09-11,monza,sainz,SAI,Carlos Sainz,ferrari,18,4,4,Finished,53,12.0
2022,16,race,Italian Grand Prix,2022-09-11,monza,hamilton,HAM,Lewis Hamilton,mercedes,19,5,5,Finished,53,10.0
2022,16,race,Italian Grand Prix,2022-09-11,monza,perez,PER,Sergio Pérez,red_bull,13,6,6,Finished,53,9.0
2022,16,race,Italian Grand Prix,2022-09-11,monza,norris,NOR,Lando Norris,mclaren,3,7,7,Finished,53,6.0
2022,16,race,Italian Grand Prix,2022-09-11,monza,gasly,GAS,Pierre Gasly,alphatauri,5,8,8,Finished,53,4.0
2022,16,race,Italian Grand Prix,2022-09-11,monza,de_vries,DEV,Nyck de Vries,williams,8,9,9,Finished,53,2.0
2022,16,race,Italian Grand Prix,2022-09-11,monza,zhou,ZHO,Guanyu Zhou,alfa,9,10,10,Finished,53,1.0
2022,16,race,Italian Grand Prix,2022-09-11,monza,ocon,OCO,Esteban Ocon,alpine,14,11,11,Finished,53,0.0
2022,16,race,Italian Grand Prix,2022-09-11,monza,mick_schumacher,MSC,Mick Schumacher,haas,17,12,12,Finished,53,0.0
2022,16,race,Italian Grand Prix,2022-09-11,monza,bottas,BOT,Valtteri Bottas,alfa,15,13,13,+1 Lap,52,0.0
2022,16,race,Italian Grand Prix,2022-09-11,monza,tsunoda,TSU,Yuki Tsunoda,alphatauri,20,14,14,+1 Lap,52,0.0
2022,16,race,Italian Grand Prix,2022-09-11,monza,latifi,LAT,Nicholas Latifi,williams,10,15,15,+1 Lap,52,0.0
2022,16,race,Italian Grand Prix,2022-09-11,monza,kevin_magnussen,MAG,Kevin Magnussen,haas,16,16,16,+1 Lap,52,0.0
2022,16,race,Italian Grand Prix,2022-09-11,monza,ricciardo,RIC,Daniel Ricciardo,mclaren,4,17,R,Oil leak,45,0.0
2022,16,race,Italian Grand Prix,2022-09-11,monza,stroll,STR,Lance Stroll,aston_martin,12,18,R,Engine,39,0.0
2022,16,race,Italian Grand Prix,2022-09-11,monza,alonso,ALO,Fernando Alonso,alpine,6,19,R,Water pressure,31,0.0
2022,16,race,Italian Grand Prix,2022-09-11,monza,vettel,VET,Sebastian Vettel,aston_martin,11,20,R,Engine,10,0.0
2022,17,race,Singapore Grand Prix,2022-10-02,marina_bay,perez,PER,Sergio Pérez,red_bull,2,1,1,Finished,59,25.0
2022,17,race,Singapore Grand Prix,2022-10-02,marina_bay,leclerc,LEC,Charles Leclerc,ferrari,1,2,2,Finished,59,18.0
2022,17,race,Singapore Grand Prix,2022-10-02,marina_bay,sainz,SAI,Carlos Sainz,ferrari,4,3,3,Finished,59,15.0
2022,17,race,Singapore Grand Prix,2022-10-02,marina_bay,norris,NOR,Lando Norris,mclaren,6,4,4,Finished,59,12.0
2022,17,race,Singapore Grand Prix,2022-10-02,marina_bay,ricciardo,RIC,Daniel Ricciardo,mclaren,16,5,5,Finished,59,10.0
2022,17,race,Singapore Grand Prix,2022-10-02,marina_bay,stroll,STR,Lance Stroll,aston_martin,11,6,6,Finished,59,8.0
2022,17,race,Singapore Grand Prix,2022-10-02,marina_bay,max_verstappen,VER,Max Verstappen,red_bull,8,7,7,Finished,59,6.0
2022,17,race,Singapore Grand Prix,2022-10-02,marina_bay,vettel,VET,Sebastian Vettel,aston_martin,13,8,8,Finished,59,4.0
2022,17,race,Singapore Grand Prix,2022-10-02,marina_bay,hamilton,HAM,Lewis Hamilton,mercedes,3,9,9,Finished,59,2.0
2022,17,race,Singapore Grand Prix,2022-10-02,marina_bay,gasly,GAS,Pierre Gasly,alphatauri,7,10,10,Finished,59,1.0
2022,17,race,Singapore Grand Prix,2022-10-02,marina_bay,bottas,BOT,Valtteri Bottas,alfa,15,11,11,Finished,59,0.0
2022,17,race,Singapore Grand Prix,2022-10-02,marina_bay,kevin_magnussen,MAG,Kevin Magnussen,haas,9,12,12,Finished,59,0.0
2022,17,race,Singapore Grand Prix,2022-10-02,marina_bay,mick_schumacher,MSC,Mick Schumacher,haas,12,13,13,+1 Lap,58,0.0
2022,17,race,Singapore Grand Prix,2022-10-02,marina_bay,russell,RUS,George Russell,mercedes,0,14,14,+2 Laps,57,0.0
2022,17,race,Singapore Grand Prix,2022-10-02,marina_bay,tsunoda,TSU,Yuki Tsunoda,alphatauri,10,15,R,Accident,34,0.0
2022,17,race,Singapore Grand Prix,2022-10-02,marina_bay,ocon,OCO,Esteban Ocon,alpine,17,16,R,Engine,26,0.0
2022,17,race,Singapore Grand Prix,2022-10-02,marina_bay,albon,ALB,Alexander Albon,williams,18,17,R,Collision damage,25,0.0
2022,17,race,Singapore Grand Prix,2022-10-02,marina_bay,alonso,ALO,Fernando Alonso,alpine,5,18,R,Engine,20,0.0
2022,17,race,Singapore Grand Prix,2022-10-02,marina_bay,latifi,LAT,Nicholas Latifi,williams,19,19,R,Collision damage,7,0.0
2022,17,race,Singapore Grand Prix,2022-10-02,marina_bay,zhou,ZHO,Guanyu Zhou,alfa,14,20,R,Collision,6,0.0
2022,18,race,Japanese Grand Prix,2022-10-09,suzuka,max_verstappen,VER,Max Verstappen,red_bull,1,1,1,Finished,28,25.0
2022,18,race,Japanese Grand Prix,2022-10-09,suzuka,perez,PER,Sergio Pérez,red_bull,4,2,2,Finished,28,18.0
2022,18,race,Japanese Grand Prix,2022-10-09,suzuka,leclerc,LEC,Charles Leclerc,ferrari,2,3,3,Finished,28,15.0
2022,18,race,Japanese Grand Prix,2022-10-09,suzuka,ocon,OCO,Esteban Ocon,alpine,5,4,4,Finished,28,12.0
2022,18,race,Japanese Grand Prix,2022-10-09,suzuka,hamilton,HAM,Lewis Hamilton,mercedes,6,5,5,Finished,28,10.0
2022,18,race,Japanese Grand Prix,2022-10-09,suzuka,vettel,VET,Sebastian Vettel,aston_martin,9,6,6,Finished,28,8.0
2022,18,race,Japanese Grand Prix,2022-10-09,suzuka,alonso,ALO,Fernando Alonso,alpine,7,7,7,Finished,28,6.0
2022,18,race,Japanese Grand Prix,2022-10-09,suzuka,russell,RUS,George Russell,mercedes,8,8,8,Finished,28,4.0
2022,18,race,Japanese Grand Prix,2022-10-09,suzuka,latifi,LAT,Nicholas Latifi,williams,20,9,9,Finished,28,2.0
2022,18,race,Japanese Grand Prix,2022-10-09,suzuka,norris,NOR,Lando Norris,mclaren,10,10,10,Finished,28,1.0
2022,18,race,Japanese Grand Prix,2022-10-09,suzuka,ricciardo,RIC,Daniel Ricciardo,mclaren,11,11,11,Finished,28,0.0
2022,18,race,Japanese Grand Prix,2022-10-09,suzuka,stroll,STR,Lance Stroll,aston_martin,19,12,12,Finished,28,0.0
2022,18,race,Japanese Grand Prix,2022-10-09,suzuka,tsunoda,TSU,Yuki Tsunoda,alphatauri,13,13,13,Finished,28,0.0
2022,18,race,Japanese Grand Prix,2022-10-09,suzuka,kevin_magnussen,MAG,Kevin Magnussen,haas,18,14,14,Finished,28,0.0
2022,18,race,Japanese Grand Prix,2022-10-09,suzuka,bottas,BOT,Valtteri Bottas,alfa,12,15,15,Finished,28,0.0
2022,18,race,Japanese Grand Prix,2022-10-09,suzuka,zhou,ZHO,Guanyu Zhou,alfa,14,16,16,Finished,28,0.0
2022,18,race,Japanese Grand Prix,2022-10-09,suzuka,mick_schumacher,MSC,Mick Schumacher,haas,15,17,17,Finished,28,0.0
2022,18,race,Japanese Grand Prix,2022-10-09,suzuka,gasly,GAS,Pierre Gasly,alphatauri,17,18,18,Finished,28,0.0
2022,18,race,Japanese Grand Prix,2022-10-09,suzuka,sainz,SAI,Carlos Sainz,ferrari,3,19,R,Accident,0,0.0
2022,18,race,Japanese Grand Prix,2022-10-09,suzuka,albon,ALB,Alexander Albon,williams,16,20,R,Hydraulics,0,0.0
2022,19,race,United States Grand Prix,2022-10-23,americas,max_verstappen,VER,Max Verstappen,red_bull,2,1,1,Finished,56,25.0
2022,19,race,United States Grand Prix,2022-10-23,americas,hamilton,HAM,Lewis Hamilton,mercedes,3,2,2,Finished,56,18.0
2022,19,race,United States Grand Prix,2022-10-23,americas,leclerc,LEC,Charles Leclerc,ferrari,12,3,3,Finished,56,15.0
2022,19,race,United States Grand Prix,2022-10-23,americas,perez,PER,Sergio Pérez,red_bull,9,4,4,Finished,56,12.0
2022,19,race,United States Grand Prix,2022-10-23,americas,russell,RUS,George Russell,mercedes,4,5,5,Finished,56,11.0
2022,19,race,United States Grand Prix,2022-10-23,americas,norris,NOR,Lando Norris,mclaren,6,6,6,Finished,56,8.0
2022,19,race,United States Grand Prix,2022-10-23,americas,alonso,ALO,Fernando Alonso,alpine,14,7,7,Finished,56,6.0
2022,19,race,United States Grand Prix,2022-10-23,americas,vettel,VET,Sebastian Vettel,aston_martin,10,8,8,Finished,56,4.0
2022,19,race,United States Grand Prix,2022-10-23,americas,kevin_magnussen,MAG,Kevin Magnussen,haas,13,9,9,Finished,56,2.0
2022,19,race,United States Grand Prix,2022-10-23,americas,tsunoda,TSU,Yuki Tsunoda,alphatauri,19,10,10,Finished,56,1.0
2022,19,race,United States Grand Prix,2022-10-23,americas,ocon,OCO,Esteban Ocon,alpine,0,11,11,Finished,56,0.0
2022,19,race,United States Grand Prix,2022-10-23,americas,zhou,ZHO,Guanyu Zhou,alfa,18,12,12,Finished,56,0.0
2022,19,race,United States Grand Prix,2022-10-23,americas,albon,ALB,Alexander Albon,williams,8,13,13,Finished,56,0.0
2022,19,race,United States Grand Prix,2022-10-23,americas,gasly,GAS,Pierre Gasly,alphatauri,11,14,14,Finished,56,0.0
2022,19,race,United States Grand Prix,2022-10-23,americas,mick_schumacher,MSC,Mick Schumacher,haas,16,15,15,Finished,56,0.0
2022,19,race,United States Grand Prix,2022-10-23,americas,ricciardo,RIC,Daniel Ricciardo,mclaren,15,16,16,Finished,56,0.0
2022,19,race,United States Grand Prix,2022-10-23,americas,latifi,LAT,Nicholas Latifi,williams,17,17,17,Finished,56,0.0
2022,19,race,United States Grand Prix,2022-10-23,americas,stroll,STR,Lance Stroll,aston_martin,5,18,R,Collision,21,0.0
2022,19,race,United States Grand Prix,2022-10-23,americas,bottas,BOT,Valtteri Bottas,alfa,7,19,R,Spun off,16,0.0
2022,19,race,United States Grand Prix,2022-10-23,americas,sainz,SAI,Carlos Sainz,ferrari,1,20,R,Collision damage,1,0.0
2022,20,race,Mexico City Grand Prix,2022-10-30,rodriguez,max_verstappen,VER,Max Verstappen,red_bull,1,1,1,Finished,71,25.0
2022,20,race,Mexico City Grand Prix,2022-10-30,rodriguez,hamilton,HAM,Lewis Hamilton,mercedes,3,2,2,Finished,71,18.0
2022,20,race,Mexico City Grand Prix,2022-10-30,rodriguez,perez,PER,Sergio Pérez,red_bull,4,3,3,Finished,71,15.0
2022,20,race,Mexico City Grand Prix,2022-10-30,rodriguez,russell,RUS,George Russell,mercedes,2,4,4,Finished,71,13.0
2022,20,race,Mexico City Grand Prix,2022-10-30,rodriguez,sainz,SAI,Carlos Sainz,ferrari,5,5,5,Finished,71,10.0
2022,20,race,Mexico City Grand Prix,2022-10-30,rodriguez,leclerc,LEC,Charles Leclerc,ferrari,7,6,6,Finished,71,8.0
2022,20,race,Mexico City Grand Prix,2022-10-30,rodriguez,ricciardo,RIC,Daniel Ricciardo,mclaren,11,7,7,+1 Lap,70,6.0
2022,20,race,Mexico City Grand Prix,2022-10-30,rodriguez,ocon,OCO,Esteban Ocon,alpine,10,8,8,+1 Lap,70,4.0
2022,20,race,Mexico City Grand Prix,2022-10-30,rodriguez,norris,NOR,Lando Norris,mclaren,8,9,9,+1 Lap,70,2.0
2022,20,race,Mexico City Grand Prix,2022-10-30,rodriguez,bottas,BOT,Valtteri Bottas,alfa,6,10,10,+1 Lap,70,1.0
2022,20,race,Mexico City Grand Prix,2022-10-30,rodriguez,gasly,GAS,Pierre Gasly,alphatauri,14,11,11,+1 Lap,70,0.0
2022,20,race,Mexico City Grand Prix,2022-10-30,rodriguez,albon,ALB,Alexander Albon,williams,17,12,12,+1 Lap,70,0.0
2022,20,race,Mexico City Grand Prix,2022-10-30,rodriguez,zhou,ZHO,Guanyu Zhou,alfa,12,13,13,+1 Lap,70,0.0
2022,20,race,Mexico City Grand Prix,2022-10-30,rodriguez,vettel,VET,Sebastian Vettel,aston_martin,16,14,14,+1 Lap,70,0.0
2022,20,race,Mexico City Grand Prix,2022-10-30,rodriguez,stroll,STR,Lance Stroll,aston_martin,20,15,15,+1 Lap,70,0.0
2022,20,race,Mexico City Grand Prix,2022-10-30,rodriguez,mick_schumacher,MSC,Mick Schumacher,haas,15,16,16,+1 Lap,70,0.0
2022,20,race,Mexico City Grand Prix,2022-10-30,rodriguez,kevin_magnussen,MAG,Kevin Magnussen,haas,19,17,17,+1 Lap,70,0.0
2022,20,race,Mexico City Grand Prix,2022-10-30,rodriguez,latifi,LAT,Nicholas Latifi,williams,18,18,18,+2 Laps,69,0.0
2022,20,race,Mexico City Grand Prix,2022-10-30,rodriguez,alonso,ALO,Fernando Alonso,alpine,9,19,19,Engine,63,0.0
2022,20,race,Mexico City Grand Prix,2022-10-30,rodriguez,tsunoda,TSU,Yuki Tsunoda,alphatauri,13,20,R,Collision damage,50,0.0
2022,21,race,São Paulo Grand Prix,2022-11-13,interlagos,russell,RUS,George Russell,mercedes,1,1,1,Finished,71,26.0
2022,21,race,São Paulo Grand Prix,2022-11-13,interlagos,hamilton,HAM,Lewis Hamilton,mercedes,2,2,2,Finished,71,18.0
2022,21,race,São Paulo Grand Prix,2022-11-13,interlagos,sainz,SAI,Carlos Sainz,ferrari,7,3,3,Finished,71,15.0
2022,21,race,São Paulo Grand Prix,2022-11-13,interlagos,leclerc,LEC,Charles Leclerc,ferrari,5,4,4,Finished,71,12.0
2022,21,race,São Paulo Grand Prix,2022-11-13,interlagos,alonso,ALO,Fernando Alonso,alpine,17,5,5,Finished,71,10.0
2022,21,race,São Paulo Grand Prix,2022-11-13,interlagos,max_verstappen,VER,Max Verstappen,red_bull,3,6,6,Finished,71,8.0
2022,21,race,São Paulo Grand Prix,2022-11-13,interlagos,perez,PER,Sergio Pérez,red_bull,4,7,7,Finished,71,6.0
2022,21,race,São Paulo Grand Prix,2022-11-13,interlagos,ocon,OCO,Esteban Ocon,alpine,16,8,8,Finished,71,4.0
2022,21,race,São Paulo Grand Prix,2022-11-13,interlagos,bottas,BOT,Valtteri Bottas,alfa,14,9,9,Finished,71,2.0
2022,21,race,São Paulo Grand Prix,2022-11-13,interlagos,stroll,STR,Lance Stroll,aston_martin,15,10,10,Finished,71,1.0
2022,21,race,São Paulo Grand Prix,2022-11-13,interlagos,vettel,VET,Sebastian Vettel,aston_martin,9,11,11,Finished,71,0.0
2022,21,race,São Paulo Grand Prix,2022-11-13,interlagos,zhou,ZHO,Guanyu Zhou,alfa,13,12,12,Finished,71,0.0
2022,21,race,São Paulo Grand Prix,2022-11-13,interlagos,mick_schumacher,MSC,Mick Schumacher,haas,12,13,13,Finished,71,0.0
2022,21,race,São Paulo Grand Prix,2022-11-13,interlagos,gasly,GAS,Pierre Gasly,alphatauri,10,14,14,Finished,71,0.0
2022,21,race,São Paulo Grand Prix,2022-11-13,interlagos,albon,ALB,Alexander Albon,williams,19,15,15,Finished,71,0.0
2022,21,race,São Paulo Grand Prix,2022-11-13,interlagos,latifi,LAT,Nicholas Latifi,williams,18,16,16,Finished,71,0.0
2022,21,race,São Paulo Grand Prix,2022-11-13,interlagos,tsunoda,TSU,Yuki Tsunoda,alphatauri,0,17,17,+1 Lap,70,0.0
2022,21,race,São Paulo Grand Prix,2022-11-13,interlagos,norris,NOR,Lando Norris,mclaren,6,18,R,Gearbox,50,0.0
2022,21,race,São Paulo Grand Prix,2022-11-13,interlagos,kevin_magnussen,MAG,Kevin Magnussen,haas,8,19,R,Collision,0,0.0
2022,21,race,São Paulo Grand Prix,2022-11-13,interlagos,ricciardo,RIC,Daniel Ricciardo,mclaren,11,20,R,Collision,0,0.0
2022,21,sprint,São Paulo Grand Prix,2022-11-13,interlagos,russell,RUS,George Russell,mercedes,3,1,1,Finished,24,8.0
2022,21,sprint,São Paulo Grand Prix,2022-11-13,interlagos,sainz,SAI,Carlos Sainz,ferrari,5,2,2,Finished,24,7.0
2022,21,sprint,São Paulo Grand Prix,2022-11-13,interlagos,hamilton,HAM,Lewis Hamilton,mercedes,8,3,3,Finished,24,6.0
2022,21,sprint,São Paulo Grand Prix,2022-11-13,interlagos,max_verstappen,VER,Max Verstappen,red_bull,2,4,4,Finished,24,5.0
2022,21,sprint,São Paulo Grand Prix,2022-11-13,interlagos,perez,PER,Sergio Pérez,red_bull,9,5,5,Finished,24,4.0
2022,21,sprint,São Paulo Grand Prix,2022-11-13,interlagos,leclerc,LEC,Charles Leclerc,ferrari,10,6,6,Finished,24,3.0
2022,21,sprint,São Paulo Grand Prix,2022-11-13,interlagos,norris,NOR,Lando Norris,mclaren,4,7,7,Finished,24,2.0
2022,21,sprint,São Paulo Grand Prix,2022-11-13,interlagos,kevin_magnussen,MAG,Kevin Magnussen,haas,1,8,8,Finished,24,1.0
2022,21,sprint,São Paulo Grand Prix,2022-11-13,interlagos,vettel,VET,Sebastian Vettel,aston_martin,13,9,9,Finished,24,0.0
2022,21,sprint,São Paulo Grand Prix,2022-11-13,interlagos,gasly,GAS,Pierre Gasly,alphatauri,12,10,10,Finished,24,0.0
2022,21,sprint,São Paulo Grand Prix,2022-11-13,interlagos,ricciardo,RIC,Daniel Ricciardo,mclaren,14,11,11,Finished,24,0.0
2022,21,sprint,São Paulo Grand Prix,2022-11-13,interlagos,mick_schumacher,MSC,Mick Schumacher,haas,20,12,12,Finished,24,0.0
2022,21,sprint,São Paulo Grand Prix,2022-11-13,interlagos,zhou,ZHO,Guanyu Zhou,alfa,17,13,13,Finished,24,0.0
2022,21,sprint,São Paulo Grand Prix,2022-11-13,interlagos,bottas,BOT,Valtteri Bottas,alfa,18,14,14,Finished,24,0.0
2022,21,sprint,São Paulo Grand Prix,2022-11-13,interlagos,tsunoda,TSU,Yuki Tsunoda,alphatauri,19,15,15,Finished,24,0.0
2022,21,sprint,São Paulo Grand Prix,2022-11-13,interlagos,stroll,STR,Lance Stroll,aston_martin,15,16,16,Finished,24,0.0
2022,21,sprint,São Paulo Grand Prix,2022-11-13,interlagos,ocon,OCO,Esteban Ocon,alpine,6,17,17,Finished,24,0.0
2022,21,sprint,São Paulo Grand Prix,2022-11-13,interlagos,alonso,ALO,Fernando Alonso,alpine,7,18,18,Finished,24,0.0
2022,21,sprint,São Paulo Grand Prix,2022-11-13,interlagos,latifi,LAT,Nicholas Latifi,williams,16,19,19,Finished,24,0.0
2022,21,sprint,São Paulo Grand Prix,2022-11-13,interlagos,albon,ALB,Alexander Albon,williams,11,20,R,Retired,12,0.0
2022,22,race,Abu Dhabi Grand Prix,2022-11-20,yas_marina,max_verstappen,VER,Max Verstappen,red_bull,1,1,1,Finished,58,25.0
2022,22,race,Abu Dhabi Grand Prix,2022-11-20,yas_marina,leclerc,LEC,Charles Leclerc,ferrari,3,2,2,Finished,58,18.0
2022,22,race,Abu Dhabi Grand Prix,2022-11-20,yas_marina,perez,PER,Sergio Pérez,red_bull,2,3,3,Finished,58,15.0
2022,22,race,Abu Dhabi Grand Prix,2022-11-20,yas_marina,sainz,SAI,Carlos Sainz,ferrari,4,4,4,Finished,58,12.0
2022,22,race,Abu Dhabi Grand Prix,2022-11-20,yas_marina,russell,RUS,George Russell,mercedes,6,5,5,Finished,58,10.0
2022,22,race,Abu Dhabi Grand Prix,2022-11-20,yas_marina,norris,NOR,Lando Norris,mclaren,7,6,6,Finished,58,9.0
2022,22,race,Abu Dhabi Grand Prix,2022-11-20,yas_marina,ocon,OCO,Esteban Ocon,alpine,8,7,7,Finished,58,6.0
2022,22,race,Abu Dhabi Grand Prix,2022-11-20,yas_marina,stroll,STR,Lance Stroll,aston_martin,14,8,8,Finished,58,4.0
2022,22,race,Abu Dhabi Grand Prix,2022-11-20,yas_marina,ricciardo,RIC,Daniel Ricciardo,mclaren,13,9,9,Finished,58,2.0
2022,22,race,Abu Dhabi Grand Prix,2022-11-20,yas_marina,vettel,VET,Sebastian Vettel,aston_martin,9,10,10,Finished,58,1.0
2022,22,race,Abu Dhabi Grand Prix,2022-11-20,yas_marina,tsunoda,TSU,Yuki Tsunoda,alphatauri,11,11,11,Finished,58,0.0
2022,22,race,Abu Dhabi Grand Prix,2022-11-20,yas_marina,zhou,ZHO,Guanyu Zhou,alfa,15,12,12,+1 Lap,57,0.0
2022,22,race,Abu Dhabi Grand Prix,2022-11-20,yas_marina,albon,ALB,Alexander Albon,williams,19,13,13,+1 Lap,57,0.0
2022,22,race,Abu Dhabi Grand Prix,2022-11-20,yas_marina,gasly,GAS,Pierre Gasly,alphatauri,17,14,14,+1 Lap,57,0.0
2022,22,race,Abu Dhabi Grand Prix,2022-11-20,yas_marina,bottas,BOT,Valtteri Bottas,alfa,18,15,15,+1 Lap,57,0.0
2022,22,race,Abu Dhabi Grand Prix,2022-11-20,yas_marina,mick_schumacher,MSC,Mick Schumacher,haas,12,16,16,+1 Lap,57,0.0
2022,22,race,Abu Dhabi Grand Prix,2022-11-20,yas_marina,kevin_magnussen,MAG,Kevin Magnussen,haas,16,17,17,+1 Lap,57,0.0
2022,22,race,Abu Dhabi Grand Prix,2022-11-20,yas_marina,hamilton,HAM,Lewis Hamilton,mercedes,5,18,18,Hydraulics,55,0.0
2022,22,race,Abu Dhabi Grand Prix,2022-11-20,yas_marina,latifi,LAT,Nicholas Latifi,williams,20,19,19,Collision damage,55,0.0
2022,22,race,Abu Dhabi Grand Prix,2022-11-20,yas_marina,alonso,ALO,Fernando Alonso,alpine,10,20,R,Water leak,27,0.0
2023,1,race,Bahrain Grand Prix,2023-03-05,bahrain,max_verstappen,VER,Max Verstappen,red_bull,1,1,1,Finished,57,25.0
2023,1,race,Bahrain Grand Prix,2023-03-05,bahrain,perez,PER,Sergio Pérez,red_bull,2,2,2,Finished,57,18.0
2023,1,race,Bahrain Grand Prix,2023-03-05,bahrain,alonso,ALO,Fernando Alonso,aston_martin,5,3,3,Finished,57,15.0
2023,1,race,Bahrain Grand Prix,2023-03-05,bahrain,sainz,SAI,Carlos Sainz,ferrari,4,4,4,Finished,57,12.0
2023,1,race,Bahrain Grand Prix,2023-03-05,bahrain,hamilton,HAM,Lewis Hamilton,mercedes,7,5,5,Finished,57,10.0
2023,1,race,Bahrain Grand Prix,2023-03-05,bahrain,stroll,STR,Lance Stroll,aston_martin,8,6,6,Finished,57,8.0
2023,1,race,Bahrain Grand Prix,2023-03-05,bahrain,russell,RUS,George Russell,mercedes,6,7,7,Finished,57,6.0
2023,1,race,Bahrain Grand Prix,2023-03-05,bahrain,bottas,BOT,Valtteri Bottas,alfa,12,8,8,Finished,57,4.0
2023,1,race,Bahrain Grand Prix,2023-03-05,bahrain,gasly,GAS,Pierre Gasly,alpine,20,9,9,Finished,57,2.0
2023,1,race,Bahrain Grand Prix,2023-03-05,bahrain,albon,ALB,Alexander Albon,williams,15,10,10,Finished,57,1.0
2023,1,race,Bahrain Grand Prix,2023-03-05,bahrain,tsunoda,TSU,Yuki Tsunoda,alphatauri,14,11,11,Finished,57,0.0
2023,1,race,Bahrain Grand Prix,2023-03-05,bahrain,sargeant,SAR,Logan Sargeant,williams,16,12,12,Lapped,56,0.0
2023,1,race,Bahrain Grand Prix,2023-03-05,bahrain,kevin_magnussen,MAG,Kevin Magnussen,haas,17,13,13,Lapped,56,0.0
2023,1,race,Bahrain Grand Prix,2023-03-05,bahrain,de_vries,DEV,Nyck de Vries,alphatauri,19,14,14,Lapped,56,0.0
2023,1,race,Bahrain Grand Prix,2023-03-05,bahrain,hulkenberg,HUL,Nico Hülkenberg,haas,10,15,15,Lapped,56,0.0
2023,1,race,Bahrain Grand Prix,2023-03-05,bahrain,zhou,ZHO,Guanyu Zhou,alfa,13,16,16,Lapped,56,0.0
2023,1,race,Bahrain Grand Prix,2023-03-05,bahrain,norris,NOR,Lando Norris,mclaren,11,17,17,Lapped,55,0.0
2023,1,race,Bahrain Grand Prix,2023-03-05,bahrain,ocon,OCO,Esteban Ocon,alpine,9,18,R,Retired,41,0.0
2023,1,race,Bahrain Grand Prix,2023-03-05,bahrain,leclerc,LEC,Charles Leclerc,ferrari,3,19,R,Retired,39,0.0
2023,1,race,Bahrain Grand Prix,2023-03-05,bahrain,piastri,PIA,Oscar Piastri,mclaren,18,20,R,Retired,13,0.0
2023,2,race,Saudi Arabian Grand Prix,2023-03-19,jeddah,perez,PER,Sergio Pérez,red_bull,1,1,1,Finished,50,25.0
2023,2,race,Saudi Arabian Grand Prix,2023-03-19,jeddah,max_verstappen,VER,Max Verstappen,red_bull,15,2,2,Finished,50,19.0
2023,2,race,Saudi Arabian Grand Prix,2023-03-19,jeddah,alonso,ALO,Fernando Alonso,aston_martin,2,3,3,Finished,50,15.0
2023,2,race,Saudi Arabian Grand Prix,2023-03-19,jeddah,russell,RUS,George Russell,mercedes,3,4,4,Finished,50,12.0
2023,2,race,Saudi Arabian Grand Prix,2023-03-19,jeddah,hamilton,HAM,Lewis Hamilton,mercedes,7,5,5,Finished,50,10.0
2023,2,race,Saudi Arabian Grand Prix,2023-03-19,jeddah,sainz,SAI,Carlos Sainz,ferrari,4,6,6,Finished,50,8.0
2023,2,race,Saudi Arabian Grand Prix,2023-03-19,jeddah,leclerc,LEC,Charles Leclerc,ferrari,12,7,7,Finished,50,6.0
2023,2,race,Saudi Arabian Grand Prix,2023-03-19,jeddah,ocon,OCO,Esteban Ocon,alpine,6,8,8,Finished,50,4.0
2023,2,race,Saudi Arabian Grand Prix,2023-03-19,jeddah,gasly,GAS,Pierre Gasly,alpine,9,9,9,Finished,50,2.0
2023,2,race,Saudi Arabian Grand Prix,2023-03-19,jeddah,kevin_magnussen,MAG,Kevin Magnussen,haas,13,10,10,Finished,50,1.0
2023,2,race,Saudi Arabian Grand Prix,2023-03-19,jeddah,tsunoda,TSU,Yuki Tsunoda,alphatauri,16,11,11,Finished,50,0.0
2023,2,race,Saudi Arabian Grand Prix,2023-03-19,jeddah,hulkenberg,HUL,Nico Hülkenberg,haas,10,12,12,Finished,50,0.0
2023,2,race,Saudi Arabian Grand Prix,2023-03-19,jeddah,zhou,ZHO,Guanyu Zhou,alfa,11,13,13,Finished,50,0.0
2023,2,race,Saudi Arabian Grand Prix,2023-03-19,jeddah,de_vries,DEV,Nyck de Vries,alphatauri,18,14,14,Finished,50,0.0
2023,2,race,Saudi Arabian Grand Prix,2023-03-19,jeddah,piastri,PIA,Oscar Piastri,mclaren,8,15,15,Finished,50,0.0
2023,2,race,Saudi Arabian Grand Prix,2023-03-19,jeddah,sargeant,SAR,Logan Sargeant,williams,20,16,16,Finished,50,0.0
2023,2,race,Saudi Arabian Grand Prix,2023-03-19,jeddah,norris,NOR,Lando Norris,mclaren,19,17,17,Finished,50,0.0
2023,2,race,Saudi Arabian Grand Prix,2023-03-19,jeddah,bottas,BOT,Valtteri Bottas,alfa,14,18,18,Lapped,49,0.0
2023,2,race,Saudi Arabian Grand Prix,2023-03-19,jeddah,albon,ALB,Alexander Albon,williams,17,19,R,Retired,27,0.0
2023,2,race,Saudi Arabian Grand Prix,2023-03-19,jeddah,stroll,STR,Lance Stroll,aston_martin,5,20,R,Retired,16,0.0
2023,3,race,Australian Grand Prix,2023-04-02,albert_park,max_verstappen,VER,Max Verstappen,red_bull,1,1,1,Finished,58,25.0
2023,3,race,Australian Grand Prix,2023-04-02,albert_park,hamilton,HAM,Lewis Hamilton,mercedes,3,2,2,Finished,58,18.0
2023,3,race,Australian Grand Prix,2023-04-02,albert_park,alonso,ALO,Fernando Alonso,aston_martin,4,3,3,Finished,58,15.0
2023,3,race,Australian Grand Prix,2023-04-02,albert_park,stroll,STR,Lance Stroll,aston_martin,6,4,4,Finished,58,12.0
2023,3,race,Australian Grand Prix,2023-04-02,albert_park,perez,PER,Sergio Pérez,red_bull,20,5,5,Finished,58,11.0
2023,3,race,Australian Grand Prix,2023-04-02,albert_park,norris,NOR,Lando Norris,mclaren,13,6,6,Finished,58,8.0
2023,3,race,Australian Grand Prix,2023-04-02,albert_park,hulkenberg,HUL,Nico Hülkenberg,haas,10,7,7,Finished,58,6.0
2023,3,race,Australian Grand Prix,2023-04-02,albert_park,piastri,PIA,Oscar Piastri,mclaren,16,8,8,Finished,58,4.0
2023,3,race,Australian Grand Prix,2023-04-02,albert_park,zhou,ZHO,Guanyu Zhou,alfa,17,9,9,Finished,58,2.0
2023,3,race,Australian Grand Prix,2023-04-02,albert_park,tsunoda,TSU,Yuki Tsunoda,alphatauri,12,10,10,Finished,58,1.0
2023,3,race,Australian Grand Prix,2023-04-02,albert_park,bottas,BOT,Valtteri Bottas,alfa,19,11,11,Finished,58,0.0
2023,3,race,Australian Grand Prix,2023-04-02,albert_park,sainz,SAI,Carlos Sainz,ferrari,5,12,12,Finished,58,0.0
2023,3,race,Australian Grand Prix,2023-04-02,albert_park,gasly,GAS,Pierre Gasly,alpine,9,13,13,Retired,56,0.0
2023,3,race,Australian Grand Prix,2023-04-02,albert_park,ocon,OCO,Esteban Ocon,alpine,11,14,14,Retired,56,0.0
2023,3,race,Australian Grand Prix,2023-04-02,albert_park,de_vries,DEV,Nyck de Vries,alphatauri,15,15,15,Retired,56,0.0
2023,3,race,Australian Grand Prix,2023-04-02,albert_park,sargeant,SAR,Logan Sargeant,williams,18,16,16,Retired,56,0.0
2023,3,race,Australian Grand Prix,2023-04-02,albert_park,kevin_magnussen,MAG,Kevin Magnussen,haas,14,17,17,Retired,52,0.0
2023,3,race,Australian Grand Prix,2023-04-02,albert_park,russell,RUS,George Russell,mercedes,2,18,R,Retired,17,0.0
2023,3,race,Australian Grand Prix,2023-04-02,albert_park,albon,ALB,Alexander Albon,williams,8,19,R,Retired,6,0.0
2023,3,race,Australian Grand Prix,2023-04-02,albert_park,leclerc,LEC,Charles Leclerc,ferrari,7,20,R,Retired,0,0.0
2023,4,race,Azerbaijan Grand Prix,2023-04-30,baku,perez,PER,Sergio Pérez,red_bull,3,1,1,Finished,51,25.0
2023,4,race,Azerbaijan Grand Prix,2023-04-30,baku,max_verstappen,VER,Max Verstappen,red_bull,2,2,2,Finished,51,18.0
2023,4,race,Azerbaijan Grand Prix,2023-04-30,baku,leclerc,LEC,Charles Leclerc,ferrari,1,3,3,Finished,51,15.0
2023,4,race,Azerbaijan Grand Prix,2023-04-30,baku,alonso,ALO,Fernando Alonso,aston_martin,6,4,4,Finished,51,12.0
2023,4,race,Azerbaijan Grand Prix,2023-04-30,baku,sainz,SAI,Carlos Sainz,ferrari,4,5,5,Finished,51,10.0
2023,4,race,Azerbaijan Grand Prix,2023-04-30,baku,hamilton,HAM,Lewis Hamilton,mercedes,5,6,6,Finished,51,8.0
2023,4,race,Azerbaijan Grand Prix,2023-04-30,baku,stroll,STR,Lance Stroll,aston_martin,9,7,7,Finished,51,6.0
2023,4,race,Azerbaijan Grand Prix,2023-04-30,baku,russell,RUS,George Russell,mercedes,11,8,8,Finished,51,5.0
2023,4,race,Azerbaijan Grand Prix,2023-04-30,baku,norris,NOR,Lando Norris,mclaren,7,9,9,Finished,51,2.0
2023,4,race,Azerbaijan Grand Prix,2023-04-30,baku,tsunoda,TSU,Yuki Tsunoda,alphatauri,8,10,10,Finished,51,1.0
2023,4,race,Azerbaijan Grand Prix,2023-04-30,baku,piastri,PIA,Oscar Piastri,mclaren,10,11,11,Finished,51,0.0
2023,4,race,Azerbaijan Grand Prix,2023-04-30,baku,albon,ALB,Alexander Albon,williams,12,12,12,Finished,51,0.0
2023,4,race,Azerbaijan Grand Prix,2023-04-30,baku,kevin_magnussen,MAG,Kevin Magnussen,haas,16,13,13,Finished,51,0.0
2023,4,race,Azerbaijan Grand Prix,2023-04-30,baku,gasly,GAS,Pierre Gasly,alpine,17,14,14,Finished,51,0.0
2023,4,race,Azerbaijan Grand Prix,2023-04-30,baku,ocon,OCO,Esteban Ocon,alpine,19,15,15,Finished,51,0.0
2023,4,race,Azerbaijan Grand Prix,2023-04-30,baku,sargeant,SAR,Logan Sargeant,williams,14,16,16,Finished,51,0.0
2023,4,race,Azerbaijan Grand Prix,2023-04-30,baku,hulkenberg,HUL,Nico Hülkenberg,haas,20,17,17,Lapped,50,0.0
2023,4,race,Azerbaijan Grand Prix,2023-04-30,baku,bottas,BOT,Valtteri Bottas,alfa,13,18,18,Lapped,50,0.0
2023,4,race,Azerbaijan Grand Prix,2023-04-30,baku,zhou,ZHO,Guanyu Zhou,alfa,15,19,R,Retired,36,0.0
2023,4,race,Azerbaijan Grand Prix,2023-04-30,baku,de_vries,DEV,Nyck de Vries,alphatauri,18,20,R,Retired,9,0.0
2023,4,sprint,Azerbaijan Grand Prix,2023-04-30,baku,perez,PER,Sergio Pérez,red_bull,2,1,1,Finished,17,8.0
2023,4,sprint,Azerbaijan Grand Prix,2023-04-30,baku,leclerc,LEC,Charles Leclerc,ferrari,1,2,2,Finished,17,7.0
2023,4,sprint,Azerbaijan Grand Prix,2023-04-30,baku,max_verstappen,VER,Max Verstappen,red_bull,3,3,3,Finished,17,6.0
2023,4,sprint,Azerbaijan Grand Prix,2023-04-30,baku,russell,RUS,George Russell,mercedes,4,4,4,Finished,17,5.0
2023,4,sprint,Azerbaijan Grand Prix,2023-04-30,baku,sainz,SAI,Carlos Sainz,ferrari,5,5,5,Finished,17,4.0
2023,4,sprint,Azerbaijan Grand Prix,2023-04-30,baku,alonso,ALO,Fernando Alonso,aston_martin,8,6,6,Finished,17,3.0
2023,4,sprint,Azerbaijan Grand Prix,2023-04-30,baku,hamilton,HAM,Lewis Hamilton,mercedes,6,7,7,Finished,17,2.0
2023,4,sprint,Azerbaijan Grand Prix,2023-04-30,baku,stroll,STR,Lance Stroll,aston_martin,9,8,8,Finished,17,1.0
2023,4,sprint,Azerbaijan Grand Prix,2023-04-30,baku,albon,ALB,Alexander Albon,williams,7,9,9,Finished,17,0.0
2023,4,sprint,Azerbaijan Grand Prix,2023-04-30,baku,piastri,PIA,Oscar Piastri,mclaren,11,10,10,Finished,17,0.0
2023,4,sprint,Azerbaijan Grand Prix,2023-04-30,baku,kevin_magnussen,MAG,Kevin Magnussen,haas,13,11,11,Finished,17,0.0
2023,4,sprint,Azerbaijan Grand Prix,2023-04-30,baku,zhou,ZHO,Guanyu Zhou,alfa,14,12,12,Finished,17,0.0
2023,4,sprint,Azerbaijan Grand Prix,2023-04-30,baku,gasly,GAS,Pierre Gasly,alpine,17,13,13,Finished,17,0.0
2023,4,sprint,Azerbaijan Grand Prix,2023-04-30,baku,de_vries,DEV,Nyck de Vries,alphatauri,18,14,14,Finished,17,0.0
2023,4,sprint,Azerbaijan Grand Prix,2023-04-30,baku,hulkenberg,HUL,Nico Hülkenberg,haas,12,15,15,Finished,17,0.0
2023,4,sprint,Azerbaijan Grand Prix,2023-04-30,baku,bottas,BOT,Valtteri Bottas,alfa,15,16,16,Finished,17,0.0
2023,4,sprint,Azerbaijan Grand Prix,2023-04-30,baku,norris,NOR,Lando Norris,mclaren,10,17,17,Finished,17,0.0
2023,4,sprint,Azerbaijan Grand Prix,2023-04-30,baku,ocon,OCO,Esteban Ocon,alpine,0,18,18,Finished,17,0.0
2023,4,sprint,Azerbaijan Grand Prix,2023-04-30,baku,tsunoda,TSU,Yuki Tsunoda,alphatauri,16,19,R,Collision damage,2,0.0
2023,4,sprint,Azerbaijan Grand Prix,2023-04-30,baku,sargeant,SAR,Logan Sargeant,williams,0,20,R,Accident,0,0.0
2023,5,race,Miami Grand Prix,2023-05-07,miami,max_verstappen,VER,Max Verstappen,red_bull,9,1,1,Finished,57,26.0
2023,5,race,Miami Grand Prix,2023-05-07,miami,perez,PER,Sergio Pérez,red_bull,1,2,2,Finished,57,18.0
2023,5,race,Miami Grand Prix,2023-05-07,miami,alonso,ALO,Fernando Alonso,aston_martin,2,3,3,Finished,57,15.0
2023,5,race,Miami Grand Prix,2023-05-07,miami,russell,RUS,George Russell,mercedes,6,4,4,Finished,57,12.0
2023,5,race,Miami Grand Prix,2023-05-07,miami,sainz,SAI,Carlos Sainz,ferrari,3,5,5,Finished,57,10.0
2023,5,race,Miami Grand Prix,2023-05-07,miami,hamilton,HAM,Lewis Hamilton,mercedes,13,6,6,Finished,57,8.0
2023,5,race,Miami Grand Prix,2023-05-07,miami,leclerc,LEC,Charles Leclerc,ferrari,7,7,7,Finished,57,6.0
2023,5,race,Miami Grand Prix,2023-05-07,miami,gasly,GAS,Pierre Gasly,alpine,5,8,8,Finished,57,4.0
2023,5,race,Miami Grand Prix,2023-05-07,miami,ocon,OCO,Esteban Ocon,alpine,8,9,9,Finished,57,2.0
2023,5,race,Miami Grand Prix,2023-05-07,miami,kevin_magnussen,MAG,Kevin Magnussen,haas,4,10,10,Finished,57,1.0
2023,5,race,Miami Grand Prix,2023-05-07,miami,tsunoda,TSU,Yuki Tsunoda,alphatauri,17,11,11,Finished,57,0.0
2023,5,race,Miami Grand Prix,2023-05-07,miami,stroll,STR,Lance Stroll,aston_martin,18,12,12,Finished,57,0.0
2023,5,race,Miami Grand Prix,2023-05-07,miami,bottas,BOT,Valtteri Bottas,alfa,10,13,13,Finished,57,0.0
2023,5,race,Miami Grand Prix,2023-05-07,miami,albon,ALB,Alexander Albon,williams,11,14,14,Finished,57,0.0
2023,5,race,Miami Grand Prix,2023-05-07,miami,hulkenberg,HUL,Nico Hülkenberg,haas,12,15,15,Finished,57,0.0
2023,5,race,Miami Grand Prix,2023-05-07,miami,zhou,ZHO,Guanyu Zhou,alfa,14,16,16,Finished,57,0.0
2023,5,race,Miami Grand Prix,2023-05-07,miami,norris,NOR,Lando Norris,mclaren,16,17,17,Finished,57,0.0
2023,5,race,Miami Grand Prix,2023-05-07,miami,de_vries,DEV,Nyck de Vries,alphatauri,15,18,18,Finished,57,0.0
2023,5,race,Miami Grand Prix,2023-05-07,miami,piastri,PIA,Oscar Piastri,mclaren,19,19,19,Lapped,56,0.0
2023,5,race,Miami Grand Prix,2023-05-07,miami,sargeant,SAR,Logan Sargeant,williams,20,20,20,Lapped,56,0.0
2023,6,race,Monaco Grand Prix,2023-05-28,monaco,max_verstappen,VER,Max Verstappen,red_bull,1,1,1,Finished,78,25.0
2023,6,race,Monaco Grand Prix,2023-05-28,monaco,alonso,ALO,Fernando Alonso,aston_martin,2,2,2,Finished,78,18.0
2023,6,race,Monaco Grand Prix,2023-05-28,monaco,ocon,OCO,Esteban Ocon,alpine,3,3,3,Finished,78,15.0
2023,6,race,Monaco Grand Prix,2023-05-28,monaco,hamilton,HAM,Lewis Hamilton,mercedes,5,4,4,Finished,78,13.0
2023,6,race,Monaco Grand Prix,2023-05-28,monaco,russell,RUS,George Russell,mercedes,8,5,5,Finished,78,10.0
2023,6,race,Monaco Grand Prix,2023-05-28,monaco,leclerc,LEC,Charles Leclerc,ferrari,6,6,6,Finished,78,8.0
2023,6,race,Monaco Grand Prix,2023-05-28,monaco,gasly,GAS,Pierre Gasly,alpine,7,7,7,Finished,78,6.0
2023,6,race,Monaco Grand Prix,2023-05-28,monaco,sainz,SAI,Carlos Sainz,ferrari,4,8,8,Finished,78,4.0
2023,6,race,Monaco Grand Prix,2023-05-28,monaco,norris,NOR,Lando Norris,mclaren,10,9,9,Lapped,77,2.0
2023,6,race,Monaco Grand Prix,2023-05-28,monaco,piastri,PIA,Oscar Piastri,mclaren,11,10,10,Lapped,77,1.0
2023,6,race,Monaco Grand Prix,2023-05-28,monaco,bottas,BOT,Valtteri Bottas,alfa,15,11,11,Lapped,77,0.0
2023,6,race,Monaco Grand Prix,2023-05-28,monaco,de_vries,DEV,Nyck de Vries,alphatauri,12,12,12,Lapped,77,0.0
2023,6,race,Monaco Grand Prix,2023-05-28,monaco,zhou,ZHO,Guanyu Zhou,alfa,19,13,13,Lapped,77,0.0
2023,6,race,Monaco Grand Prix,2023-05-28,monaco,albon,ALB,Alexander Albon,williams,13,14,14,Lapped,77,0.0
2023,6,race,Monaco Grand Prix,2023-05-28,monaco,tsunoda,TSU,Yuki Tsunoda,alphatauri,9,15,15,Lapped,76,0.0
2023,6,race,Monaco Grand Prix,2023-05-28,monaco,perez,PER,Sergio Pérez,red_bull,20,16,16,Lapped,76,0.0
2023,6,race,Monaco Grand Prix,2023-05-28,monaco,hulkenberg,HUL,Nico Hülkenberg,haas,18,17,17,Lapped,76,0.0
2023,6,race,Monaco Grand Prix,2023-05-28,monaco,sargeant,SAR,Logan Sargeant,williams,16,18,18,Lapped,76,0.0
2023,6,race,Monaco Grand Prix,2023-05-28,monaco,kevin_magnussen,MAG,Kevin Magnussen,haas,17,19,19,Retired,70,0.0
2023,6,race,Monaco Grand Prix,2023-05-28,monaco,stroll,STR,Lance Stroll,aston_martin,14,20,R,Retired,53,0.0
2023,7,race,Spanish Grand Prix,2023-06-04,catalunya,max_verstappen,VER,Max Verstappen,red_bull,1,1,1,Finished,66,26.0
2023,7,race,Spanish Grand Prix,2023-06-04,catalunya,hamilton,HAM,Lewis Hamilton,mercedes,4,2,2,Finished,66,18.0
2023,7,race,Spanish Grand Prix,2023-06-04,catalunya,russell,RUS,George Russell,mercedes,12,3,3,Finished,66,15.0
2023,7,race,Spanish Grand Prix,2023-06-04,catalunya,perez,PER,Sergio Pérez,red_bull,11,4,4,Finished,66,12.0
2023,7,race,Spanish Grand Prix,2023-06-04,catalunya,sainz,SAI,Carlos Sainz,ferrari,2,5,5,Finished,66,10.0
2023,7,race,Spanish Grand Prix,2023-06-04,catalunya,stroll,STR,Lance Stroll,aston_martin,5,6,6,Finished,66,8.0
2023,7,race,Spanish Grand Prix,2023-06-04,catalunya,alonso,ALO,Fernando Alonso,aston_martin,8,7,7,Finished,66,6.0
2023,7,race,Spanish Grand Prix,2023-06-04,catalunya,ocon,OCO,Esteban Ocon,alpine,6,8,8,Finished,66,4.0
2023,7,race,Spanish Grand Prix,2023-06-04,catalunya,zhou,ZHO,Guanyu Zhou,alfa,13,9,9,Finished,66,2.0
2023,7,race,Spanish Grand Prix,2023-06-04,catalunya,gasly,GAS,Pierre Gasly,alpine,10,10,10,Finished,66,1.0
2023,7,race,Spanish Grand Prix,2023-06-04,catalunya,leclerc,LEC,Charles Leclerc,ferrari,19,11,11,Finished,66,0.0
2023,7,race,Spanish Grand Prix,2023-06-04,catalunya,tsunoda,TSU,Yuki Tsunoda,alphatauri,15,12,12,Finished,66,0.0
2023,7,race,Spanish Grand Prix,2023-06-04,catalunya,piastri,PIA,Oscar Piastri,mclaren,9,13,13,Lapped,65,0.0
2023,7,race,Spanish Grand Prix,2023-06-04,catalunya,de_vries,DEV,Nyck de Vries,alphatauri,14,14,14,Lapped,65,0.0
2023,7,race,Spanish Grand Prix,2023-06-04,catalunya,hulkenberg,HUL,Nico Hülkenberg,haas,7,15,15,Lapped,65,0.0
2023,7,race,Spanish Grand Prix,2023-06-04,catalunya,albon,ALB,Alexander Albon,williams,18,16,16,Lapped,65,0.0
2023,7,race,Spanish Grand Prix,2023-06-04,catalunya,norris,NOR,Lando Norris,mclaren,3,17,17,Lapped,65,0.0
2023,7,race,Spanish Grand Prix,2023-06-04,catalunya,kevin_magnussen,MAG,Kevin Magnussen,haas,17,18,18,Lapped,65,0.0
2023,7,race,Spanish Grand Prix,2023-06-04,catalunya,bottas,BOT,Valtteri Bottas,alfa,16,19,19,Lapped,65,0.0
2023,7,race,Spanish Grand Prix,2023-06-04,catalunya,sargeant,SAR,Logan Sargeant,williams,20,20,20,Lapped,65,0.0
2023,8,race,Canadian Grand Prix,2023-06-18,villeneuve,max_verstappen,VER,Max Verstappen,red_bull,1,1,1,Finished,70,25.0
2023,8,race,Canadian Grand Prix,2023-06-18,villeneuve,alonso,ALO,Fernando Alonso,aston_martin,2,2,2,Finished,70,18.0
2023,8,race,Canadian Grand Prix,2023-06-18,villeneuve,hamilton,HAM,Lewis Hamilton,mercedes,3,3,3,Finished,70,15.0
2023,8,race,Canadian Grand Prix,2023-06-18,villeneuve,leclerc,LEC,Charles Leclerc,ferrari,10,4,4,Finished,70,12.0
2023,8,race,Canadian Grand Prix,2023-06-18,villeneuve,sainz,SAI,Carlos Sainz,ferrari,11,5,5,Finished,70,10.0
2023,8,race,Canadian Grand Prix,2023-06-18,villeneuve,perez,PER,Sergio Pérez,red_bull,12,6,6,Finished,70,9.0
2023,8,race,Canadian Grand Prix,2023-06-18,villeneuve,albon,ALB,Alexander Albon,williams,9,7,7,Finished,70,6.0
2023,8,race,Canadian Grand Prix,2023-06-18,villeneuve,ocon,OCO,Esteban Ocon,alpine,6,8,8,Finished,70,4.0
2023,8,race,Canadian Grand Prix,2023-06-18,villeneuve,stroll,STR,Lance Stroll,aston_martin,16,9,9,Finished,70,2.0
2023,8,race,Canadian Grand Prix,2023-06-18,villeneuve,bottas,BOT,Valtteri Bottas,alfa,14,10,10,Finished,70,1.0
2023,8,race,Canadian Grand Prix,2023-06-18,villeneuve,piastri,PIA,Oscar Piastri,mclaren,8,11,11,Finished,70,0.0
2023,8,race,Canadian Grand Prix,2023-06-18,villeneuve,gasly,GAS,Pierre Gasly,alpine,15,12,12,Finished,70,0.0
2023,8,race,Canadian Grand Prix,2023-06-18,villeneuve,norris,NOR,Lando Norris,mclaren,7,13,13,Finished,70,0.0
2023,8,race,Canadian Grand Prix,2023-06-18,villeneuve,tsunoda,TSU,Yuki Tsunoda,alphatauri,19,14,14,Finished,70,0.0
2023,8,race,Canadian Grand Prix,2023-06-18,villeneuve,hulkenberg,HUL,Nico Hülkenberg,haas,5,15,15,Lapped,69,0.0
2023,8,race,Canadian Grand Prix,2023-06-18,villeneuve,zhou,ZHO,Guanyu Zhou,alfa,20,16,16,Lapped,69,0.0
2023,8,race,Canadian Grand Prix,2023-06-18,villeneuve,kevin_magnussen,MAG,Kevin Magnussen,haas,13,17,17,Lapped,69,0.0
2023,8,race,Canadian Grand Prix,2023-06-18,villeneuve,de_vries,DEV,Nyck de Vries,alphatauri,17,18,18,Lapped,69,0.0
2023,8,race,Canadian Grand Prix,2023-06-18,villeneuve,russell,RUS,George Russell,mercedes,4,19,R,Retired,53,0.0
2023,8,race,Canadian Grand Prix,2023-06-18,villeneuve,sargeant,SAR,Logan Sargeant,williams,18,20,R,Retired,6,0.0
2023,9,race,Austrian Grand Prix,2023-07-02,red_bull_ring,max_verstappen,VER,Max Verstappen,red_bull,1,1,1,Finished,71,26.0
2023,9,race,Austrian Grand Prix,2023-07-02,red_bull_ring,leclerc,LEC,Charles Leclerc,ferrari,2,2,2,Finished,71,18.0
2023,9,race,Austrian Grand Prix,2023-07-02,red_bull_ring,perez,PER,Sergio Pérez,red_bull,15,3,3,Finished,71,15.0
2023,9,race,Austrian Grand Prix,2023-07-02,red_bull_ring,norris,NOR,Lando Norris,mclaren,4,4,4,Finished,71,12.0
2023,9,race,Austrian Grand Prix,2023-07-02,red_bull_ring,alonso,ALO,Fernando Alonso,aston_martin,7,5,5,Finished,71,10.0
2023,9,race,Austrian Grand Prix,2023-07-02,red_bull_ring,sainz,SAI,Carlos Sainz,ferrari,3,6,6,Finished,71,8.0
2023,9,race,Austrian Grand Prix,2023-07-02,red_bull_ring,russell,RUS,George Russell,mercedes,11,7,7,Finished,71,6.0
2023,9,race,Austrian Grand Prix,2023-07-02,red_bull_ring,hamilton,HAM,Lewis Hamilton,mercedes,5,8,8,Finished,71,4.0
2023,9,race,Austrian Grand Prix,2023-07-02,red_bull_ring,stroll,STR,Lance Stroll,aston_martin,6,9,9,Finished,71,2.0
2023,9,race,Austrian Grand Prix,2023-07-02,red_bull_ring,gasly,GAS,Pierre Gasly,alpine,9,10,10,Finished,71,1.0
2023,9,race,Austrian Grand Prix,2023-07-02,red_bull_ring,albon,ALB,Alexander Albon,williams,10,11,11,Finished,71,0.0
2023,9,race,Austrian Grand Prix,2023-07-02,red_bull_ring,zhou,ZHO,Guanyu Zhou,alfa,17,12,12,Lapped,70,0.0
2023,9,race,Austrian Grand Prix,2023-07-02,red_bull_ring,sargeant,SAR,Logan Sargeant,williams,18,13,13,Lapped,70,0.0
2023,9,race,Austrian Grand Prix,2023-07-02,red_bull_ring,ocon,OCO,Esteban Ocon,alpine,12,14,14,Lapped,70,0.0
2023,9,race,Austrian Grand Prix,2023-07-02,red_bull_ring,bottas,BOT,Valtteri Bottas,alfa,14,15,15,Lapped,70,0.0
2023,9,race,Austrian Grand Prix,2023-07-02,red_bull_ring,piastri,PIA,Oscar Piastri,mclaren,13,16,16,Lapped,70,0.0
2023,9,race,Austrian Grand Prix,2023-07-02,red_bull_ring,de_vries,DEV,Nyck de Vries,alphatauri,20,17,17,Lapped,70,0.0
2023,9,race,Austrian Grand Prix,2023-07-02,red_bull_ring,kevin_magnussen,MAG,Kevin Magnussen,haas,19,18,18,Lapped,70,0.0
2023,9,race,Austrian Grand Prix,2023-07-02,red_bull_ring,tsunoda,TSU,Yuki Tsunoda,alphatauri,16,19,19,Lapped,70,0.0
2023,9,race,Austrian Grand Prix,2023-07-02,red_bull_ring,hulkenberg,HUL,Nico Hülkenberg,haas,8,20,R,Retired,12,0.0
2023,9,sprint,Austrian Grand Prix,2023-07-02,red_bull_ring,max_verstappen,VER,Max Verstappen,red_bull,1,1,1,Finished,24,8.0
2023,9,sprint,Austrian Grand Prix,2023-07-02,red_bull_ring,perez,PER,Sergio Pérez,red_bull,2,2,2,Finished,24,7.0
2023,9,sprint,Austrian Grand Prix,2023-07-02,red_bull_ring,sainz,SAI,Carlos Sainz,ferrari,5,3,3,Finished,24,6.0
2023,9,sprint,Austrian Grand Prix,2023-07-02,red_bull_ring,stroll,STR,Lance Stroll,aston_martin,7,4,4,Finished,24,5.0
2023,9,sprint,Austrian Grand Prix,2023-07-02,red_bull_ring,alonso,ALO,Fernando Alonso,aston_martin,6,5,5,Finished,24,4.0
2023,9,sprint,Austrian Grand Prix,2023-07-02,red_bull_ring,hulkenberg,HUL,Nico Hülkenberg,haas,4,6,6,Finished,24,3.0
2023,9,sprint,Austrian Grand Prix,2023-07-02,red_bull_ring,ocon,OCO,Esteban Ocon,alpine,8,7,7,Finished,24,2.0
2023,9,sprint,Austrian Grand Prix,2023-07-02,red_bull_ring,russell,RUS,George Russell,mercedes,15,8,8,Finished,24,1.0
2023,9,sprint,Austrian Grand Prix,2023-07-02,red_bull_ring,norris,NOR,Lando Norris,mclaren,3,9,9,Finished,24,0.0
2023,9,sprint,Austrian Grand Prix,2023-07-02,red_bull_ring,hamilton,HAM,Lewis Hamilton,mercedes,18,10,10,Finished,24,0.0
2023,9,sprint,Austrian Grand Prix,2023-07-02,red_bull_ring,piastri,PIA,Oscar Piastri,mclaren,17,11,11,Finished,24,0.0
2023,9,sprint,Austrian Grand Prix,2023-07-02,red_bull_ring,leclerc,LEC,Charles Leclerc,ferrari,9,12,12,Finished,24,0.0
2023,9,sprint,Austrian Grand Prix,2023-07-02,red_bull_ring,albon,ALB,Alexander Albon,williams,11,13,13,Finished,24,0.0
2023,9,sprint,Austrian Grand Prix,2023-07-02,red_bull_ring,kevin_magnussen,MAG,Kevin Magnussen,haas,10,14,14,Finished,24,0.0
2023,9,sprint,Austrian Grand Prix,2023-07-02,red_bull_ring,gasly,GAS,Pierre Gasly,alpine,12,15,15,Finished,24,0.0
2023,9,sprint,Austrian Grand Prix,2023-07-02,red_bull_ring,tsunoda,TSU,Yuki Tsunoda,alphatauri,13,16,16,Finished,24,0.0
2023,9,sprint,Austrian Grand Prix,2023-07-02,red_bull_ring,de_vries,DEV,Nyck de Vries,alphatauri,14,17,17,Finished,24,0.0
2023,9,sprint,Austrian Grand Prix,2023-07-02,red_bull_ring,sargeant,SAR,Logan Sargeant,williams,20,18,18,Finished,24,0.0
2023,9,sprint,Austrian Grand Prix,2023-07-02,red_bull_ring,zhou,ZHO,Guanyu Zhou,alfa,16,19,19,Finished,24,0.0
2023,9,sprint,Austrian Grand Prix,2023-07-02,red_bull_ring,bottas,BOT,Valtteri Bottas,alfa,19,20,20,Finished,24,0.0
2023,10,race,British Grand Prix,2023-07-09,silverstone,max_verstappen,VER,Max Verstappen,red_bull,1,1,1,Finished,52,26.0
2023,10,race,British Grand Prix,2023-07-09,silverstone,norris,NOR,Lando Norris,mclaren,2,2,2,Finished,52,18.0
2023,10,race,British Grand Prix,2023-07-09,silverstone,hamilton,HAM,Lewis Hamilton,mercedes,7,3,3,Finished,52,15.0
2023,10,race,British Grand Prix,2023-07-09,silverstone,piastri,PIA,Oscar Piastri,mclaren,3,4,4,Finished,52,12.0
2023,10,race,British Grand Prix,2023-07-09,silverstone,russell,RUS,George Russell,mercedes,6,5,5,Finished,52,10.0
2023,10,race,British Grand Prix,2023-07-09,silverstone,perez,PER,Sergio Pérez,red_bull,15,6,6,Finished,52,8.0
2023,10,race,British Grand Prix,2023-07-09,silverstone,alonso,ALO,Fernando Alonso,aston_martin,9,7,7,Finished,52,6.0
2023,10,race,British Grand Prix,2023-07-09,silverstone,albon,ALB,Alexander Albon,williams,8,8,8,Finished,52,4.0
2023,10,race,British Grand Prix,2023-07-09,silverstone,leclerc,LEC,Charles Leclerc,ferrari,4,9,9,Finished,52,2.0
2023,10,race,British Grand Prix,2023-07-09,silverstone,sainz,SAI,Carlos Sainz,ferrari,5,10,10,Finished,52,1.0
2023,10,race,British Grand Prix,2023-07-09,silverstone,sargeant,SAR,Logan Sargeant,williams,14,11,11,Finished,52,0.0
2023,10,race,British Grand Prix,2023-07-09,silverstone,bottas,BOT,Valtteri Bottas,alfa,20,12,12,Finished,52,0.0
2023,10,race,British Grand Prix,2023-07-09,silverstone,hulkenberg,HUL,Nico Hülkenberg,haas,11,13,13,Finished,52,0.0
2023,10,race,British Grand Prix,2023-07-09,silverstone,stroll,STR,Lance Stroll,aston_martin,12,14,14,Finished,52,0.0
2023,10,race,British Grand Prix,2023-07-09,silverstone,zhou,ZHO,Guanyu Zhou,alfa,17,15,15,Finished,52,0.0
2023,10,race,British Grand Prix,2023-07-09,silverstone,tsunoda,TSU,Yuki Tsunoda,alphatauri,16,16,16,Finished,52,0.0
2023,10,race,British Grand Prix,2023-07-09,silverstone,de_vries,DEV,Nyck de Vries,alphatauri,18,17,17,Finished,52,0.0
2023,10,race,British Grand Prix,2023-07-09,silverstone,gasly,GAS,Pierre Gasly,alpine,10,18,18,Retired,46,0.0
2023,10,race,British Grand Prix,2023-07-09,silverstone,kevin_magnussen,MAG,Kevin Magnussen,haas,19,19,R,Retired,31,0.0
2023,10,race,British Grand Prix,2023-07-09,silverstone,ocon,OCO,Esteban Ocon,alpine,13,20,R,Retired,9,0.0
2023,11,race,Hungarian Grand Prix,2023-07-23,hungaroring,max_verstappen,VER,Max Verstappen,red_bull,2,1,1,Finished,70,26.0
2023,11,race,Hungarian Grand Prix,2023-07-23,hungaroring,norris,NOR,Lando Norris,mclaren,3,2,2,Finished,70,18.0
2023,11,race,Hungarian Grand Prix,2023-07-23,hungaroring,perez,PER,Sergio Pérez,red_bull,9,3,3,Finished,70,15.0
2023,11,race,Hungarian Grand Prix,2023-07-23,hungaroring,hamilton,HAM,Lewis Hamilton,mercedes,1,4,4,Finished,70,12.0
2023,11,race,Hungarian Grand Prix,2023-07-23,hungaroring,piastri,PIA,Oscar Piastri,mclaren,4,5,5,Finished,70,10.0
2023,11,race,Hungarian Grand Prix,2023-07-23,hungaroring,russell,RUS,George Russell,mercedes,18,6,6,Finished,70,8.0
2023,11,race,Hungarian Grand Prix,2023-07-23,hungaroring,leclerc,LEC,Charles Leclerc,ferrari,6,7,7,Finished,70,6.0
2023,11,race,Hungarian Grand Prix,2023-07-23,hungaroring,sainz,SAI,Carlos Sainz,ferrari,11,8,8,Finished,70,4.0
2023,11,race,Hungarian Grand Prix,2023-07-23,hungaroring,alonso,ALO,Fernando Alonso,aston_martin,8,9,9,Finished,70,2.0
2023,11,race,Hungarian Grand Prix,2023-07-23,hungaroring,stroll,STR,Lance Stroll,aston_martin,14,10,10,Lapped,69,1.0
2023,11,race,Hungarian Grand Prix,2023-07-23,hungaroring,albon,ALB,Alexander Albon,williams,16,11,11,Lapped,69,0.0
2023,11,race,Hungarian Grand Prix,2023-07-23,hungaroring,bottas,BOT,Valtteri Bottas,alfa,7,12,12,Lapped,69,0.0
2023,11,race,Hungarian Grand Prix,2023-07-23,hungaroring,ricciardo,RIC,Daniel Ricciardo,alphatauri,13,13,13,Lapped,69,0.0
2023,11,race,Hungarian Grand Prix,2023-07-23,hungaroring,hulkenberg,HUL,Nico Hülkenberg,haas,10,14,14,Lapped,69,0.0
2023,11,race,Hungarian Grand Prix,2023-07-23,hungaroring,tsunoda,TSU,Yuki Tsunoda,alphatauri,17,15,15,Lapped,69,0.0
2023,11,race,Hungarian Grand Prix,2023-07-23,hungaroring,zhou,ZHO,Guanyu Zhou,alfa,5,16,16,Lapped,69,0.0
2023,11,race,Hungarian Grand Prix,2023-07-23,hungaroring,kevin_magnussen,MAG,Kevin Magnussen,haas,19,17,17,Lapped,69,0.0
2023,11,race,Hungarian Grand Prix,2023-07-23,hungaroring,sargeant,SAR,Logan Sargeant,williams,20,18,18,Retired,67,0.0
2023,11,race,Hungarian Grand Prix,2023-07-23,hungaroring,ocon,OCO,Esteban Ocon,alpine,12,19,R,Retired,2,0.0
2023,11,race,Hungarian Grand Prix,2023-07-23,hungaroring,gasly,GAS,Pierre Gasly,alpine,15,20,R,Retired,1,0.0
2023,12,race,Belgian Grand Prix,2023-07-30,spa,max_verstappen,VER,Max Verstappen,red_bull,6,1,1,Finished,44,25.0
2023,12,race,Belgian Grand Prix,2023-07-30,spa,perez,PER,Sergio Pérez,red_bull,2,2,2,Finished,44,18.0
2023,12,race,Belgian Grand Prix,2023-07-30,spa,leclerc,LEC,Charles Leclerc,ferrari,1,3,3,Finished,44,15.0
2023,12,race,Belgian Grand Prix,2023-07-30,spa,hamilton,HAM,Lewis Hamilton,mercedes,3,4,4,Finished,44,13.0
2023,12,race,Belgian Grand Prix,2023-07-30,spa,alonso,ALO,Fernando Alonso,aston_martin,9,5,5,Finished,44,10.0
2023,12,race,Belgian Grand Prix,2023-07-30,spa,russell,RUS,George Russell,mercedes,8,6,6,Finished,44,8.0
2023,12,race,Belgian Grand Prix,2023-07-30,spa,norris,NOR,Lando Norris,mclaren,7,7,7,Finished,44,6.0
2023,12,race,Belgian Grand Prix,2023-07-30,spa,ocon,OCO,Esteban Ocon,alpine,14,8,8,Finished,44,4.0
2023,12,race,Belgian Grand Prix,2023-07-30,spa,stroll,STR,Lance Stroll,aston_martin,10,9,9,Finished,44,2.0
2023,12,race,Belgian Grand Prix,2023-07-30,spa,tsunoda,TSU,Yuki Tsunoda,alphatauri,11,10,10,Finished,44,1.0
2023,12,race,Belgian Grand Prix,2023-07-30,spa,gasly,GAS,Pierre Gasly,alpine,12,11,11,Finished,44,0.0
2023,12,race,Belgian Grand Prix,2023-07-30,spa,bottas,BOT,Valtteri Bottas,alfa,13,12,12,Finished,44,0.0
2023,12,race,Belgian Grand Prix,2023-07-30,spa,zhou,ZHO,Guanyu Zhou,alfa,17,13,13,Finished,44,0.0
2023,12,race,Belgian Grand Prix,2023-07-30,spa,albon,ALB,Alexander Albon,williams,15,14,14,Finished,44,0.0
2023,12,race,Belgian Grand Prix,2023-07-30,spa,kevin_magnussen,MAG,Kevin Magnussen,haas,16,15,15,Finished,44,0.0
2023,12,race,Belgian Grand Prix,2023-07-30,spa,ricciardo,RIC,Daniel Ricciardo,alphatauri,19,16,16,Finished,44,0.0
2023,12,race,Belgian Grand Prix,2023-07-30,spa,sargeant,SAR,Logan Sargeant,williams,18,17,17,Finished,44,0.0
2023,12,race,Belgian Grand Prix,2023-07-30,spa,hulkenberg,HUL,Nico Hülkenberg,haas,20,18,18,Finished,44,0.0
2023,12,race,Belgian Grand Prix,2023-07-30,spa,sainz,SAI,Carlos Sainz,ferrari,4,19,R,Retired,23,0.0
2023,12,race,Belgian Grand Prix,2023-07-30,spa,piastri,PIA,Oscar Piastri,mclaren,5,20,R,Retired,0,0.0
2023,12,sprint,Belgian Grand Prix,2023-07-30,spa,max_verstappen,VER,Max Verstappen,red_bull,1,1,1,Finished,11,8.0
2023,12,sprint,Belgian Grand Prix,2023-07-30,spa,piastri,PIA,Oscar Piastri,mclaren,2,2,2,Finished,11,7.0
2023,12,sprint,Belgian Grand Prix,2023-07-30,spa,gasly,GAS,Pierre Gasly,alpine,6,3,3,Finished,11,6.0
2023,12,sprint,Belgian Grand Prix,2023-07-30,spa,sainz,SAI,Carlos Sainz,ferrari,3,4,4,Finished,11,5.0
2023,12,sprint,Belgian Grand Prix,2023-07-30,spa,leclerc,LEC,Charles Leclerc,ferrari,4,5,5,Finished,11,4.0
2023,12,sprint,Belgian Grand Prix,2023-07-30,spa,norris,NOR,Lando Norris,mclaren,5,6,6,Finished,11,3.0
2023,12,sprint,Belgian Grand Prix,2023-07-30,spa,hamilton,HAM,Lewis Hamilton,mercedes,7,7,7,Finished,11,2.0
2023,12,sprint,Belgian Grand Prix,2023-07-30,spa,russell,RUS,George Russell,mercedes,10,8,8,Finished,11,1.0
2023,12,sprint,Belgian Grand Prix,2023-07-30,spa,ocon,OCO,Esteban Ocon,alpine,9,9,9,Finished,11,0.0
2023,12,sprint,Belgian Grand Prix,2023-07-30,spa,ricciardo,RIC,Daniel Ricciardo,alphatauri,11,10,10,Finished,11,0.0
2023,12,sprint,Belgian Grand Prix,2023-07-30,spa,stroll,STR,Lance Stroll,aston_martin,14,11,11,Finished,11,0.0
2023,12,sprint,Belgian Grand Prix,2023-07-30,spa,albon,ALB,Alexander Albon,williams,12,12,12,Finished,11,0.0
2023,12,sprint,Belgian Grand Prix,2023-07-30,spa,bottas,BOT,Valtteri Bottas,alfa,17,13,13,Finished,11,0.0
2023,12,sprint,Belgian Grand Prix,2023-07-30,spa,kevin_magnussen,MAG,Kevin Magnussen,haas,18,14,14,Finished,11,0.0
2023,12,sprint,Belgian Grand Prix,2023-07-30,spa,zhou,ZHO,Guanyu Zhou,alfa,19,15,15,Finished,11,0.0
2023,12,sprint,Belgian Grand Prix,2023-07-30,spa,sargeant,SAR,Logan Sargeant,williams,13,16,16,Finished,11,0.0
2023,12,sprint,Belgian Grand Prix,2023-07-30,spa,hulkenberg,HUL,Nico Hülkenberg,haas,20,17,17,Finished,11,0.0
2023,12,sprint,Belgian Grand Prix,2023-07-30,spa,tsunoda,TSU,Yuki Tsunoda,alphatauri,16,18,18,Finished,11,0.0
2023,12,sprint,Belgian Grand Prix,2023-07-30,spa,perez,PER,Sergio Pérez,red_bull,8,19,R,Collision damage,8,0.0
2023,12,sprint,Belgian Grand Prix,2023-07-30,spa,alonso,ALO,Fernando Alonso,aston_martin,15,20,R,Accident,2,0.0
2023,13,race,Dutch Grand Prix,2023-08-27,zandvoort,max_verstappen,VER,Max Verstappen,red_bull,1,1,1,Finished,72,25.0
2023,13,race,Dutch Grand Prix,2023-08-27,zandvoort,alonso,ALO,Fernando Alonso,aston_martin,5,2,2,Finished,72,19.0
2023,13,race,Dutch Grand Prix,2023-08-27,zandvoort,gasly,GAS,Pierre Gasly,alpine,12,3,3,Finished,72,15.0
2023,13,race,Dutch Grand Prix,2023-08-27,zandvoort,perez,PER,Sergio Pérez,red_bull,7,4,4,Finished,72,12.0
2023,13,race,Dutch Grand Prix,2023-08-27,zandvoort,sainz,SAI,Carlos Sainz,ferrari,6,5,5,Finished,72,10.0
2023,13,race,Dutch Grand Prix,2023-08-27,zandvoort,hamilton,HAM,Lewis Hamilton,mercedes,13,6,6,Finished,72,8.0
2023,13,race,Dutch Grand Prix,2023-08-27,zandvoort,norris,NOR,Lando Norris,mclaren,2,7,7,Finished,72,6.0
2023,13,race,Dutch Grand Prix,2023-08-27,zandvoort,albon,ALB,Alexander Albon,williams,4,8,8,Finished,72,4.0
2023,13,race,Dutch Grand Prix,2023-08-27,zandvoort,piastri,PIA,Oscar Piastri,mclaren,8,9,9,Finished,72,2.0
2023,13,race,Dutch Grand Prix,2023-08-27,zandvoort,ocon,OCO,Esteban Ocon,alpine,16,10,10,Finished,72,1.0
2023,13,race,Dutch Grand Prix,2023-08-27,zandvoort,stroll,STR,Lance Stroll,aston_martin,11,11,11,Finished,72,0.0
2023,13,race,Dutch Grand Prix,2023-08-27,zandvoort,hulkenberg,HUL,Nico Hülkenberg,haas,14,12,12,Finished,72,0.0
2023,13,race,Dutch Grand Prix,2023-08-27,zandvoort,lawson,LAW,Liam Lawson,alphatauri,19,13,13,Finished,72,0.0
2023,13,race,Dutch Grand Prix,2023-08-27,zandvoort,bottas,BOT,Valtteri Bottas,alfa,18,14,14,Finished,72,0.0
2023,13,race,Dutch Grand Prix,2023-08-27,zandvoort,tsunoda,TSU,Yuki Tsunoda,alphatauri,17,15,15,Finished,72,0.0
2023,13,race,Dutch Grand Prix,2023-08-27,zandvoort,kevin_magnussen,MAG,Kevin Magnussen,haas,0,16,16,Finished,72,0.0
2023,13,race,Dutch Grand Prix,2023-08-27,zandvoort,russell,RUS,George Russell,mercedes,3,17,17,Finished,72,0.0
2023,13,race,Dutch Grand Prix,2023-08-27,zandvoort,zhou,ZHO,Guanyu Zhou,alfa,15,18,R,Accident,62,0.0
2023,13,race,Dutch Grand Prix,2023-08-27,zandvoort,leclerc,LEC,Charles Leclerc,ferrari,9,19,R,Undertray,41,0.0
2023,13,race,Dutch Grand Prix,2023-08-27,zandvoort,sargeant,SAR,Logan Sargeant,williams,10,20,R,Accident,14,0.0
2023,14,race,Italian Grand Prix,2023-09-03,monza,max_verstappen,VER,Max Verstappen,red_bull,2,1,1,Finished,51,25.0
2023,14,race,Italian Grand Prix,2023-09-03,monza,perez,PER,Sergio Pérez,red_bull,5,2,2,Finished,51,18.0
2023,14,race,Italian Grand Prix,2023-09-03,monza,sainz,SAI,Carlos Sainz,ferrari,1,3,3,Finished,51,15.0
2023,14,race,Italian Grand Prix,2023-09-03,monza,leclerc,LEC,Charles Leclerc,ferrari,3,4,4,Finished,51,12.0
2023,14,race,Italian Grand Prix,2023-09-03,monza,russell,RUS,George Russell,mercedes,4,5,5,Finished,51,10.0
2023,14,race,Italian Grand Prix,2023-09-03,monza,hamilton,HAM,Lewis Hamilton,mercedes,8,6,6,Finished,51,8.0
2023,14,race,Italian Grand Prix,2023-09-03,monza,albon,ALB,Alexander Albon,williams,6,7,7,Finished,51,6.0
2023,14,race,Italian Grand Prix,2023-09-03,monza,norris,NOR,Lando Norris,mclaren,9,8,8,Finished,51,4.0
2023,14,race,Italian Grand Prix,2023-09-03,monza,alonso,ALO,Fernando Alonso,aston_martin,10,9,9,Finished,51,2.0
2023,14,race,Italian Grand Prix,2023-09-03,monza,bottas,BOT,Valtteri Bottas,alfa,14,10,10,Finished,51,1.0
2023,14,race,Italian Grand Prix,2023-09-03,monza,lawson,LAW,Liam Lawson,alphatauri,12,11,11,Finished,51,0.0
2023,14,race,Italian Grand Prix,2023-09-03,monza,piastri,PIA,Oscar Piastri,mclaren,7,12,12,Finished,51,0.0
2023,14,race,Italian Grand Prix,2023-09-03,monza,sargeant,SAR,Logan Sargeant,williams,15,13,13,Finished,51,0.0
2023,14,race,Italian Grand Prix,2023-09-03,monza,zhou,ZHO,Guanyu Zhou,alfa,16,14,14,Finished,51,0.0
2023,14,race,Italian Grand Prix,2023-09-03,monza,gasly,GAS,Pierre Gasly,alpine,17,15,15,Finished,51,0.0
2023,14,race,Italian Grand Prix,2023-09-03,monza,stroll,STR,Lance Stroll,aston_martin,20,16,16,Finished,51,0.0
2023,14,race,Italian Grand Prix,2023-09-03,monza,hulkenberg,HUL,Nico Hülkenberg,haas,13,17,17,Lapped,50,0.0
2023,14,race,Italian Grand Prix,2023-09-03,monza,kevin_magnussen,MAG,Kevin Magnussen,haas,19,18,18,Lapped,50,0.0
2023,14,race,Italian Grand Prix,2023-09-03,monza,ocon,OCO,Esteban Ocon,alpine,18,19,R,Retired,39,0.0
2023,14,race,Italian Grand Prix,2023-09-03,monza,tsunoda,TSU,Yuki Tsunoda,alphatauri,11,20,W,Did not start,0,0.0
2023,15,race,Singapore Grand Prix,2023-09-17,marina_bay,sainz,SAI,Carlos Sainz,ferrari,1,1,1,Finished,62,25.0
2023,15,race,Singapore Grand Prix,2023-09-17,marina_bay,norris,NOR,Lando Norris,mclaren,4,2,2,Finished,62,18.0
2023,15,race,Singapore Grand Prix,2023-09-17,marina_bay,hamilton,HAM,Lewis Hamilton,mercedes,5,3,3,Finished,62,16.0
2023,15,race,Singapore Grand Prix,2023-09-17,marina_bay,leclerc,LEC,Charles Leclerc,ferrari,3,4,4,Finished,62,12.0
2023,15,race,Singapore Grand Prix,2023-09-17,marina_bay,max_verstappen,VER,Max Verstappen,red_bull,11,5,5,Finished,62,10.0
2023,15,race,Singapore Grand Prix,2023-09-17,marina_bay,gasly,GAS,Pierre Gasly,alpine,12,6,6,Finished,62,8.0
2023,15,race,Singapore Grand Prix,2023-09-17,marina_bay,piastri,PIA,Oscar Piastri,mclaren,17,7,7,Finished,62,6.0
2023,15,race,Singapore Grand Prix,2023-09-17,marina_bay,perez,PER,Sergio Pérez,red_bull,13,8,8,Finished,62,4.0
2023,15,race,Singapore Grand Prix,2023-09-17,marina_bay,lawson,LAW,Liam Lawson,alphatauri,10,9,9,Finished,62,2.0
2023,15,race,Singapore Grand Prix,2023-09-17,marina_bay,kevin_magnussen,MAG,Kevin Magnussen,haas,6,10,10,Finished,62,1.0
2023,15,race,Singapore Grand Prix,2023-09-17,marina_bay,albon,ALB,Alexander Albon,williams,14,11,11,Finished,62,0.0
2023,15,race,Singapore Grand Prix,2023-09-17,marina_bay,zhou,ZHO,Guanyu Zhou,alfa,19,12,12,Finished,62,0.0
2023,15,race,Singapore Grand Prix,2023-09-17,marina_bay,hulkenberg,HUL,Nico Hülkenberg,haas,9,13,13,Finished,62,0.0
2023,15,race,Singapore Grand Prix,2023-09-17,marina_bay,sargeant,SAR,Logan Sargeant,williams,18,14,14,Finished,62,0.0
2023,15,race,Singapore Grand Prix,2023-09-17,marina_bay,alonso,ALO,Fernando Alonso,aston_martin,7,15,15,Finished,62,0.0
2023,15,race,Singapore Grand Prix,2023-09-17,marina_bay,russell,RUS,George Russell,mercedes,2,16,16,Retired,61,0.0
2023,15,race,Singapore Grand Prix,2023-09-17,marina_bay,bottas,BOT,Valtteri Bottas,alfa,16,17,R,Retired,51,0.0
2023,15,race,Singapore Grand Prix,2023-09-17,marina_bay,ocon,OCO,Esteban Ocon,alpine,8,18,R,Retired,42,0.0
2023,15,race,Singapore Grand Prix,2023-09-17,marina_bay,tsunoda,TSU,Yuki Tsunoda,alphatauri,15,19,R,Retired,0,0.0
2023,15,race,Singapore Grand Prix,2023-09-17,marina_bay,stroll,STR,Lance Stroll,aston_martin,0,20,W,Withdrew,0,0.0
2023,16,race,Japanese Grand Prix,2023-09-24,suzuka,max_verstappen,VER,Max Verstappen,red_bull,1,1,1,Finished,53,26.0
2023,16,race,Japanese Grand Prix,2023-09-24,suzuka,norris,NOR,Lando Norris,mclaren,3,2,2,Finished,53,18.0
2023,16,race,Japanese Grand Prix,2023-09-24,suzuka,piastri,PIA,Oscar Piastri,mclaren,2,3,3,Finished,53,15.0
2023,16,race,Japanese Grand Prix,2023-09-24,suzuka,leclerc,LEC,Charles Leclerc,ferrari,4,4,4,Finished,53,12.0
2023,16,race,Japanese Grand Prix,2023-09-24,suzuka,hamilton,HAM,Lewis Hamilton,mercedes,7,5,5,Finished,53,10.0
2023,16,race,Japanese Grand Prix,2023-09-24,suzuka,sainz,SAI,Carlos Sainz,ferrari,6,6,6,Finished,53,8.0
2023,16,race,Japanese Grand Prix,2023-09-24,suzuka,russell,RUS,George Russell,mercedes,8,7,7,Finished,53,6.0
2023,16,race,Japanese Grand Prix,2023-09-24,suzuka,alonso,ALO,Fernando Alonso,aston_martin,10,8,8,Finished,53,4.0
2023,16,race,Japanese Grand Prix,2023-09-24,suzuka,ocon,OCO,Esteban Ocon,alpine,14,9,9,Finished,53,2.0
2023,16,race,Japanese Grand Prix,2023-09-24,suzuka,gasly,GAS,Pierre Gasly,alpine,12,10,10,Finished,53,1.0
2023,16,race,Japanese Grand Prix,2023-09-24,suzuka,lawson,LAW,Liam Lawson,alphatauri,11,11,11,Lapped,52,0.0
2023,16,race,Japanese Grand Prix,2023-09-24,suzuka,tsunoda,TSU,Yuki Tsunoda,alphatauri,9,12,12,Lapped,52,0.0
2023,16,race,Japanese Grand Prix,2023-09-24,suzuka,zhou,ZHO,Guanyu Zhou,alfa,19,13,13,Lapped,52,0.0
2023,16,race,Japanese Grand Prix,2023-09-24,suzuka,hulkenberg,HUL,Nico Hülkenberg,haas,18,14,14,Lapped,52,0.0
2023,16,race,Japanese Grand Prix,2023-09-24,suzuka,kevin_magnussen,MAG,Kevin Magnussen,haas,15,15,15,Lapped,52,0.0
2023,16,race,Japanese Grand Prix,2023-09-24,suzuka,albon,ALB,Alexander Albon,williams,13,16,R,Retired,26,0.0
2023,16,race,Japanese Grand Prix,2023-09-24,suzuka,sargeant,SAR,Logan Sargeant,williams,20,17,R,Retired,22,0.0
2023,16,race,Japanese Grand Prix,2023-09-24,suzuka,stroll,STR,Lance Stroll,aston_martin,17,18,R,Retired,20,0.0
2023,16,race,Japanese Grand Prix,2023-09-24,suzuka,perez,PER,Sergio Pérez,red_bull,5,19,R,Retired,15,0.0
2023,16,race,Japanese Grand Prix,2023-09-24,suzuka,bottas,BOT,Valtteri Bottas,alfa,16,20,R,Retired,7,0.0
2023,17,race,Qatar Grand Prix,2023-10-08,losail,max_verstappen,VER,Max Verstappen,red_bull,1,1,1,Finished,57,26.0
2023,17,race,Qatar Grand Prix,2023-10-08,losail,piastri,PIA,Oscar Piastri,mclaren,6,2,2,Finished,57,18.0
2023,17,race,Qatar Grand Prix,2023-10-08,losail,norris,NOR,Lando Norris,mclaren,10,3,3,Finished,57,15.0
2023,17,race,Qatar Grand Prix,2023-10-08,losail,russell,RUS,George Russell,mercedes,2,4,4,Finished,57,12.0
2023,17,race,Qatar Grand Prix,2023-10-08,losail,leclerc,LEC,Charles Leclerc,ferrari,5,5,5,Finished,57,10.0
2023,17,race,Qatar Grand Prix,2023-10-08,losail,alonso,ALO,Fernando Alonso,aston_martin,4,6,6,Finished,57,8.0
2023,17,race,Qatar Grand Prix,2023-10-08,losail,ocon,OCO,Esteban Ocon,alpine,8,7,7,Finished,57,6.0
2023,17,race,Qatar Grand Prix,2023-10-08,losail,bottas,BOT,Valtteri Bottas,alfa,9,8,8,Finished,57,4.0
2023,17,race,Qatar Grand Prix,2023-10-08,losail,zhou,ZHO,Guanyu Zhou,alfa,19,9,9,Finished,57,2.0
2023,17,race,Qatar Grand Prix,2023-10-08,losail,perez,PER,Sergio Pérez,red_bull,20,10,10,Finished,57,1.0
2023,17,race,Qatar Grand Prix,2023-10-08,losail,stroll,STR,Lance Stroll,aston_martin,16,11,11,Finished,57,0.0
2023,17,race,Qatar Grand Prix,2023-10-08,losail,gasly,GAS,Pierre Gasly,alpine,7,12,12,Finished,57,0.0
2023,17,race,Qatar Grand Prix,2023-10-08,losail,albon,ALB,Alexander Albon,williams,13,13,13,Finished,57,0.0
2023,17,race,Qatar Grand Prix,2023-10-08,losail,kevin_magnussen,MAG,Kevin Magnussen,haas,18,14,14,Lapped,56,0.0
2023,17,race,Qatar Grand Prix,2023-10-08,losail,tsunoda,TSU,Yuki Tsunoda,alphatauri,11,15,15,Lapped,56,0.0
2023,17,race,Qatar Grand Prix,2023-10-08,losail,hulkenberg,HUL,Nico Hülkenberg,haas,14,16,16,Lapped,56,0.0
2023,17,race,Qatar Grand Prix,2023-10-08,losail,lawson,LAW,Liam Lawson,alphatauri,17,17,17,Lapped,56,0.0
2023,17,race,Qatar Grand Prix,2023-10-08,losail,sargeant,SAR,Logan Sargeant,williams,15,18,R,Retired,40,0.0
2023,17,race,Qatar Grand Prix,2023-10-08,losail,hamilton,HAM,Lewis Hamilton,mercedes,3,19,R,Retired,0,0.0
2023,17,race,Qatar Grand Prix,2023-10-08,losail,sainz,SAI,Carlos Sainz,ferrari,12,20,W,Did not start,0,0.0
2023,17,sprint,Qatar Grand Prix,2023-10-08,losail,piastri,PIA,Oscar Piastri,mclaren,1,1,1,Finished,19,8.0
2023,17,sprint,Qatar Grand Prix,2023-10-08,losail,max_verstappen,VER,Max Verstappen,red_bull,3,2,2,Finished,19,7.0
2023,17,sprint,Qatar Grand Prix,2023-10-08,losail,norris,NOR,Lando Norris,mclaren,2,3,3,Finished,19,6.0
2023,17,sprint,Qatar Grand Prix,2023-10-08,losail,russell,RUS,George Russell,mercedes,4,4,4,Finished,19,5.0
2023,17,sprint,Qatar Grand Prix,2023-10-08,losail,hamilton,HAM,Lewis Hamilton,mercedes,12,5,5,Finished,19,4.0
2023,17,sprint,Qatar Grand Prix,2023-10-08,losail,sainz,SAI,Carlos Sainz,ferrari,5,6,6,Finished,19,3.0
2023,17,sprint,Qatar Grand Prix,2023-10-08,losail,albon,ALB,Alexander Albon,williams,17,7,7,Finished,19,2.0
2023,17,sprint,Qatar Grand Prix,2023-10-08,losail,alonso,ALO,Fernando Alonso,aston_martin,9,8,8,Finished,19,1.0
2023,17,sprint,Qatar Grand Prix,2023-10-08,losail,gasly,GAS,Pierre Gasly,alpine,11,9,9,Finished,19,0.0
2023,17,sprint,Qatar Grand Prix,2023-10-08,losail,bottas,BOT,Valtteri Bottas,alfa,13,10,10,Finished,19,0.0
2023,17,sprint,Qatar Grand Prix,2023-10-08,losail,tsunoda,TSU,Yuki Tsunoda,alphatauri,18,11,11,Finished,19,0.0
2023,17,sprint,Qatar Grand Prix,2023-10-08,losail,leclerc,LEC,Charles Leclerc,ferrari,6,12,12,Finished,19,0.0
2023,17,sprint,Qatar Grand Prix,2023-10-08,losail,stroll,STR,Lance Stroll,aston_martin,16,13,13,Finished,19,0.0
2023,17,sprint,Qatar Grand Prix,2023-10-08,losail,kevin_magnussen,MAG,Kevin Magnussen,haas,19,14,14,Finished,19,0.0
2023,17,sprint,Qatar Grand Prix,2023-10-08,losail,zhou,ZHO,Guanyu Zhou,alfa,15,15,15,Finished,19,0.0
2023,17,sprint,Qatar Grand Prix,2023-10-08,losail,hulkenberg,HUL,Nico Hülkenberg,haas,7,16,R,Retired,11,0.0
2023,17,sprint,Qatar Grand Prix,2023-10-08,losail,ocon,OCO,Esteban Ocon,alpine,10,17,R,Retired,10,0.0
2023,17,sprint,Qatar Grand Prix,2023-10-08,losail,perez,PER,Sergio Pérez,red_bull,8,18,R,Retired,10,0.0
2023,17,sprint,Qatar Grand Prix,2023-10-08,losail,sargeant,SAR,Logan Sargeant,williams,20,19,R,Retired,2,0.0
2023,17,sprint,Qatar Grand Prix,2023-10-08,losail,lawson,LAW,Liam Lawson,alphatauri,14,20,R,Retired,0,0.0
2023,18,race,United States Grand Prix,2023-10-22,americas,max_verstappen,VER,Max Verstappen,red_bull,6,1,1,Finished,56,25.0
2023,18,race,United States Grand Prix,2023-10-22,americas,norris,NOR,Lando Norris,mclaren,2,2,2,Finished,56,18.0
2023,18,race,United States Grand Prix,2023-10-22,americas,sainz,SAI,Carlos Sainz,ferrari,4,3,3,Finished,56,15.0
2023,18,race,United States Grand Prix,2023-10-22,americas,perez,PER,Sergio Pérez,red_bull,9,4,4,Finished,56,12.0
2023,18,race,United States Grand Prix,2023-10-22,americas,russell,RUS,George Russell,mercedes,5,5,5,Finished,56,10.0
2023,18,race,United States Grand Prix,2023-10-22,americas,gasly,GAS,Pierre Gasly,alpine,7,6,6,Finished,56,8.0
2023,18,race,United States Grand Prix,2023-10-22,americas,stroll,STR,Lance Stroll,aston_martin,20,7,7,Finished,56,6.0
2023,18,race,United States Grand Prix,2023-10-22,americas,tsunoda,TSU,Yuki Tsunoda,alphatauri,11,8,8,Finished,56,5.0
2023,18,race,United States Grand Prix,2023-10-22,americas,albon,ALB,Alexander Albon,williams,15,9,9,Finished,56,2.0
2023,18,race,United States Grand Prix,2023-10-22,americas,sargeant,SAR,Logan Sargeant,williams,16,10,10,Finished,56,1.0
2023,18,race,United States Grand Prix,2023-10-22,americas,hulkenberg,HUL,Nico Hülkenberg,haas,18,11,11,Finished,56,0.0
2023,18,race,United States Grand Prix,2023-10-22,americas,bottas,BOT,Valtteri Bottas,alfa,13,12,12,Finished,56,0.0
2023,18,race,United States Grand Prix,2023-10-22,americas,zhou,ZHO,Guanyu Zhou,alfa,12,13,13,Lapped,55,0.0
2023,18,race,United States Grand Prix,2023-10-22,americas,kevin_magnussen,MAG,Kevin Magnussen,haas,17,14,14,Lapped,55,0.0
2023,18,race,United States Grand Prix,2023-10-22,americas,ricciardo,RIC,Daniel Ricciardo,alphatauri,14,15,15,Lapped,55,0.0
2023,18,race,United States Grand Prix,2023-10-22,americas,alonso,ALO,Fernando Alonso,aston_martin,19,16,R,Retired,49,0.0
2023,18,race,United States Grand Prix,2023-10-22,americas,piastri,PIA,Oscar Piastri,mclaren,10,17,R,Retired,10,0.0
2023,18,race,United States Grand Prix,2023-10-22,americas,ocon,OCO,Esteban Ocon,alpine,8,18,R,Retired,6,0.0
2023,18,race,United States Grand Prix,2023-10-22,americas,hamilton,HAM,Lewis Hamilton,mercedes,3,19,19,Disqualified,56,0.0
2023,18,race,United States Grand Prix,2023-10-22,americas,leclerc,LEC,Charles Leclerc,ferrari,1,20,20,Disqualified,56,0.0
2023,18,sprint,United States Grand Prix,2023-10-22,americas,max_verstappen,VER,Max Verstappen,red_bull,1,1,1,Finished,19,8.0
2023,18,sprint,United States Grand Prix,2023-10-22,americas,hamilton,HAM,Lewis Hamilton,mercedes,3,2,2,Finished,19,7.0
2023,18,sprint,United States Grand Prix,2023-10-22,americas,leclerc,LEC,Charles Leclerc,ferrari,2,3,3,Finished,19,6.0
2023,18,sprint,United States Grand Prix,2023-10-22,americas,norris,NOR,Lando Norris,mclaren,4,4,4,Finished,19,5.0
2023,18,sprint,United States Grand Prix,2023-10-22,americas,perez,PER,Sergio Pérez,red_bull,7,5,5,Finished,19,4.0
2023,18,sprint,United States Grand Prix,2023-10-22,americas,sainz,SAI,Carlos Sainz,ferrari,6,6,6,Finished,19,3.0
2023,18,sprint,United States Grand Prix,2023-10-22,americas,gasly,GAS,Pierre Gasly,alpine,9,7,7,Finished,19,2.0
2023,18,sprint,United States Grand Prix,2023-10-22,americas,russell,RUS,George Russell,mercedes,11,8,8,Finished,19,1.0
2023,18,sprint,United States Grand Prix,2023-10-22,americas,albon,ALB,Alexander Albon,williams,8,9,9,Finished,19,0.0
2023,18,sprint,United States Grand Prix,2023-10-22,americas,piastri,PIA,Oscar Piastri,mclaren,5,10,10,Finished,19,0.0
2023,18,sprint,United States Grand Prix,2023-10-22,americas,ocon,OCO,Esteban Ocon,alpine,13,11,11,Finished,19,0.0
2023,18,sprint,United States Grand Prix,2023-10-22,americas,ricciardo,RIC,Daniel Ricciardo,alphatauri,10,12,12,Finished,19,0.0
2023,18,sprint,United States Grand Prix,2023-10-22,americas,alonso,ALO,Fernando Alonso,aston_martin,12,13,13,Finished,19,0.0
2023,18,sprint,United States Grand Prix,2023-10-22,americas,tsunoda,TSU,Yuki Tsunoda,alphatauri,19,14,14,Finished,19,0.0
2023,18,sprint,United States Grand Prix,2023-10-22,americas,hulkenberg,HUL,Nico Hülkenberg,haas,16,15,15,Finished,19,0.0
2023,18,sprint,United States Grand Prix,2023-10-22,americas,bottas,BOT,Valtteri Bottas,alfa,18,16,16,Finished,19,0.0
2023,18,sprint,United States Grand Prix,2023-10-22,americas,zhou,ZHO,Guanyu Zhou,alfa,15,17,17,Finished,19,0.0
2023,18,sprint,United States Grand Prix,2023-10-22,americas,kevin_magnussen,MAG,Kevin Magnussen,haas,17,18,18,Finished,19,0.0
2023,18,sprint,United States Grand Prix,2023-10-22,americas,sargeant,SAR,Logan Sargeant,williams,20,19,19,Finished,19,0.0
2023,18,sprint,United States Grand Prix,2023-10-22,americas,stroll,STR,Lance Stroll,aston_martin,14,20,R,Brakes,16,0.0
2023,19,race,Mexico City Grand Prix,2023-10-29,rodriguez,max_verstappen,VER,Max Verstappen,red_bull,3,1,1,Finished,71,25.0
2023,19,race,Mexico City Grand Prix,2023-10-29,rodriguez,hamilton,HAM,Lewis Hamilton,mercedes,6,2,2,Finished,71,19.0
2023,19,race,Mexico City Grand Prix,2023-10-29,rodriguez,leclerc,LEC,Charles Leclerc,ferrari,1,3,3,Finished,71,15.0
2023,19,race,Mexico City Grand Prix,2023-10-29,rodriguez,sainz,SAI,Carlos Sainz,ferrari,2,4,4,Finished,71,12.0
2023,19,race,Mexico City Grand Prix,2023-10-29,rodriguez,norris,NOR,Lando Norris,mclaren,17,5,5,Finished,71,10.0
2023,19,race,Mexico City Grand Prix,2023-10-29,rodriguez,russell,RUS,George Russell,mercedes,8,6,6,Finished,71,8.0
2023,19,race,Mexico City Grand Prix,2023-10-29,rodriguez,ricciardo,RIC,Daniel Ricciardo,alphatauri,4,7,7,Finished,71,6.0
2023,19,race,Mexico City Grand Prix,2023-10-29,rodriguez,piastri,PIA,Oscar Piastri,mclaren,7,8,8,Finished,71,4.0
2023,19,race,Mexico City Grand Prix,2023-10-29,rodriguez,albon,ALB,Alexander Albon,williams,14,9,9,Finished,71,2.0
2023,19,race,Mexico City Grand Prix,2023-10-29,rodriguez,ocon,OCO,Esteban Ocon,alpine,15,10,10,Finished,71,1.0
2023,19,race,Mexico City Grand Prix,2023-10-29,rodriguez,gasly,GAS,Pierre Gasly,alpine,11,11,11,Finished,71,0.0
2023,19,race,Mexico City Grand Prix,2023-10-29,rodriguez,tsunoda,TSU,Yuki Tsunoda,alphatauri,18,12,12,Finished,71,0.0
2023,19,race,Mexico City Grand Prix,2023-10-29,rodriguez,hulkenberg,HUL,Nico Hülkenberg,haas,12,13,13,Finished,71,0.0
2023,19,race,Mexico City Grand Prix,2023-10-29,rodriguez,zhou,ZHO,Guanyu Zhou,alfa,10,14,14,Finished,71,0.0
2023,19,race,Mexico City Grand Prix,2023-10-29,rodriguez,bottas,BOT,Valtteri Bottas,alfa,9,15,15,Finished,71,0.0
2023,19,race,Mexico City Grand Prix,2023-10-29,rodriguez,sargeant,SAR,Logan Sargeant,williams,19,16,16,Retired,70,0.0
2023,19,race,Mexico City Grand Prix,2023-10-29,rodriguez,stroll,STR,Lance Stroll,aston_martin,0,17,17,Collision damage,66,0.0
2023,19,race,Mexico City Grand Prix,2023-10-29,rodriguez,alonso,ALO,Fernando Alonso,aston_martin,13,18,W,Withdrew,47,0.0
2023,19,race,Mexico City Grand Prix,2023-10-29,rodriguez,kevin_magnussen,MAG,Kevin Magnussen,haas,16,19,R,Accident,31,0.0
2023,19,race,Mexico City Grand Prix,2023-10-29,rodriguez,perez,PER,Sergio Pérez,red_bull,5,20,R,Collision damage,1,0.0
2023,20,race,São Paulo Grand Prix,2023-11-05,interlagos,max_verstappen,VER,Max Verstappen,red_bull,1,1,1,Finished,71,25.0
2023,20,race,São Paulo Grand Prix,2023-11-05,interlagos,norris,NOR,Lando Norris,mclaren,6,2,2,Finished,71,19.0
2023,20,race,São Paulo Grand Prix,2023-11-05,interlagos,alonso,ALO,Fernando Alonso,aston_martin,4,3,3,Finished,71,15.0
2023,20,race,São Paulo Grand Prix,2023-11-05,interlagos,perez,PER,Sergio Pérez,red_bull,9,4,4,Finished,71,12.0
2023,20,race,São Paulo Grand Prix,2023-11-05,interlagos,stroll,STR,Lance Stroll,aston_martin,3,5,5,Finished,71,10.0
2023,20,race,São Paulo Grand Prix,2023-11-05,interlagos,sainz,SAI,Carlos Sainz,ferrari,7,6,6,Finished,71,8.0
2023,20,race,São Paulo Grand Prix,2023-11-05,interlagos,gasly,GAS,Pierre Gasly,alpine,15,7,7,Finished,71,6.0
2023,20,race,São Paulo Grand Prix,2023-11-05,interlagos,hamilton,HAM,Lewis Hamilton,mercedes,5,8,8,Finished,71,4.0
2023,20,race,São Paulo Grand Prix,2023-11-05,interlagos,tsunoda,TSU,Yuki Tsunoda,alphatauri,16,9,9,Finished,71,2.0
2023,20,race,São Paulo Grand Prix,2023-11-05,interlagos,ocon,OCO,Esteban Ocon,alpine,14,10,10,Lapped,70,1.0
2023,20,race,São Paulo Grand Prix,2023-11-05,interlagos,sargeant,SAR,Logan Sargeant,williams,19,11,11,Lapped,70,0.0
2023,20,race,São Paulo Grand Prix,2023-11-05,interlagos,hulkenberg,HUL,Nico Hülkenberg,haas,11,12,12,Lapped,70,0.0
2023,20,race,São Paulo Grand Prix,2023-11-05,interlagos,ricciardo,RIC,Daniel Ricciardo,alphatauri,17,13,13,Lapped,70,0.0
2023,20,race,São Paulo Grand Prix,2023-11-05,interlagos,piastri,PIA,Oscar Piastri,mclaren,10,14,14,Lapped,69,0.0
2023,20,race,São Paulo Grand Prix,2023-11-05,interlagos,russell,RUS,George Russell,mercedes,8,15,R,Retired,57,0.0
2023,20,race,São Paulo Grand Prix,2023-11-05,interlagos,bottas,BOT,Valtteri Bottas,alfa,18,16,R,Retired,39,0.0
2023,20,race,São Paulo Grand Prix,2023-11-05,interlagos,zhou,ZHO,Guanyu Zhou,alfa,20,17,R,Retired,22,0.0
2023,20,race,São Paulo Grand Prix,2023-11-05,interlagos,kevin_magnussen,MAG,Kevin Magnussen,haas,12,18,R,Retired,0,0.0
2023,20,race,São Paulo Grand Prix,2023-11-05,interlagos,albon,ALB,Alexander Albon,williams,13,19,R,Retired,0,0.0
2023,20,race,São Paulo Grand Prix,2023-11-05,interlagos,leclerc,LEC,Charles Leclerc,ferrari,2,20,W,Did not start,0,0.0
2023,20,sprint,São Paulo Grand Prix,2023-11-05,interlagos,max_verstappen,VER,Max Verstappen,red_bull,2,1,1,Finished,24,8.0
2023,20,sprint,São Paulo Grand Prix,2023-11-05,interlagos,norris,NOR,Lando Norris,mclaren,1,2,2,Finished,24,7.0
2023,20,sprint,São Paulo Grand Prix,2023-11-05,interlagos,perez,PER,Sergio Pérez,red_bull,3,3,3,Finished,24,6.0
2023,20,sprint,São Paulo Grand Prix,2023-11-05,interlagos,russell,RUS,George Russell,mercedes,4,4,4,Finished,24,5.0
2023,20,sprint,São Paulo Grand Prix,2023-11-05,interlagos,leclerc,LEC,Charles Leclerc,ferrari,7,5,5,Finished,24,4.0
2023,20,sprint,São Paulo Grand Prix,2023-11-05,interlagos,tsunoda,TSU,Yuki Tsunoda,alphatauri,6,6,6,Finished,24,3.0
2023,20,sprint,São Paulo Grand Prix,2023-11-05,interlagos,hamilton,HAM,Lewis Hamilton,mercedes,5,7,7,Finished,24,2.0
2023,20,sprint,São Paulo Grand Prix,2023-11-05,interlagos,sainz,SAI,Carlos Sainz,ferrari,9,8,8,Finished,24,1.0
2023,20,sprint,São Paulo Grand Prix,2023-11-05,interlagos,ricciardo,RIC,Daniel Ricciardo,alphatauri,8,9,9,Finished,24,0.0
2023,20,sprint,São Paulo Grand Prix,2023-11-05,interlagos,piastri,PIA,Oscar Piastri,mclaren,10,10,10,Finished,24,0.0
2023,20,sprint,São Paulo Grand Prix,2023-11-05,interlagos,alonso,ALO,Fernando Alonso,aston_martin,15,11,11,Finished,24,0.0
2023,20,sprint,São Paulo Grand Prix,2023-11-05,interlagos,stroll,STR,Lance Stroll,aston_martin,17,12,12,Finished,24,0.0
2023,20,sprint,São Paulo Grand Prix,2023-11-05,interlagos,gasly,GAS,Pierre Gasly,alpine,13,13,13,Finished,24,0.0
2023,20,sprint,São Paulo Grand Prix,2023-11-05,interlagos,ocon,OCO,Esteban Ocon,alpine,16,14,14,Finished,24,0.0
2023,20,sprint,São Paulo Grand Prix,2023-11-05,interlagos,albon,ALB,Alexander Albon,williams,19,15,15,Finished,24,0.0
2023,20,sprint,São Paulo Grand Prix,2023-11-05,interlagos,kevin_magnussen,MAG,Kevin Magnussen,haas,11,16,16,Finished,24,0.0
2023,20,sprint,São Paulo Grand Prix,2023-11-05,interlagos,zhou,ZHO,Guanyu Zhou,alfa,18,17,17,Finished,24,0.0
2023,20,sprint,São Paulo Grand Prix,2023-11-05,interlagos,hulkenberg,HUL,Nico Hülkenberg,haas,12,18,18,Finished,24,0.0
2023,20,sprint,São Paulo Grand Prix,2023-11-05,interlagos,bottas,BOT,Valtteri Bottas,alfa,14,19,19,Finished,24,0.0
2023,20,sprint,São Paulo Grand Prix,2023-11-05,interlagos,sargeant,SAR,Logan Sargeant,williams,20,20,20,Finished,24,0.0
2023,21,race,Las Vegas Grand Prix,2023-11-19,vegas,max_verstappen,VER,Max Verstappen,red_bull,2,1,1,Finished,50,25.0
2023,21,race,Las Vegas Grand Prix,2023-11-19,vegas,leclerc,LEC,Charles Leclerc,ferrari,1,2,2,Finished,50,18.0
2023,21,race,Las Vegas Grand Prix,2023-11-19,vegas,perez,PER,Sergio Pérez,red_bull,11,3,3,Finished,50,15.0
2023,21,race,Las Vegas Grand Prix,2023-11-19,vegas,ocon,OCO,Esteban Ocon,alpine,16,4,4,Finished,50,12.0
2023,21,race,Las Vegas Grand Prix,2023-11-19,vegas,stroll,STR,Lance Stroll,aston_martin,19,5,5,Finished,50,10.0
2023,21,race,Las Vegas Grand Prix,2023-11-19,vegas,sainz,SAI,Carlos Sainz,ferrari,12,6,6,Finished,50,8.0
2023,21,race,Las Vegas Grand Prix,2023-11-19,vegas,hamilton,HAM,Lewis Hamilton,mercedes,10,7,7,Finished,50,6.0
2023,21,race,Las Vegas Grand Prix,2023-11-19,vegas,russell,RUS,George Russell,mercedes,3,8,8,Finished,50,4.0
2023,21,race,Las Vegas Grand Prix,2023-11-19,vegas,alonso,ALO,Fernando Alonso,aston_martin,9,9,9,Finished,50,2.0
2023,21,race,Las Vegas Grand Prix,2023-11-19,vegas,piastri,PIA,Oscar Piastri,mclaren,18,10,10,Finished,50,2.0
2023,21,race,Las Vegas Grand Prix,2023-11-19,vegas,gasly,GAS,Pierre Gasly,alpine,4,11,11,Finished,50,0.0
2023,21,race,Las Vegas Grand Prix,2023-11-19,vegas,albon,ALB,Alexander Albon,williams,5,12,12,Finished,50,0.0
2023,21,race,Las Vegas Grand Prix,2023-11-19,vegas,kevin_magnussen,MAG,Kevin Magnussen,haas,8,13,13,Finished,50,0.0
2023,21,race,Las Vegas Grand Prix,2023-11-19,vegas,ricciardo,RIC,Daniel Ricciardo,alphatauri,14,14,14,Finished,50,0.0
2023,21,race,Las Vegas Grand Prix,2023-11-19,vegas,zhou,ZHO,Guanyu Zhou,alfa,17,15,15,Finished,50,0.0
2023,21,race,Las Vegas Grand Prix,2023-11-19,vegas,sargeant,SAR,Logan Sargeant,williams,6,16,16,Finished,50,0.0
2023,21,race,Las Vegas Grand Prix,2023-11-19,vegas,bottas,BOT,Valtteri Bottas,alfa,7,17,17,Finished,50,0.0
2023,21,race,Las Vegas Grand Prix,2023-11-19,vegas,tsunoda,TSU,Yuki Tsunoda,alphatauri,20,18,18,Retired,46,0.0
2023,21,race,Las Vegas Grand Prix,2023-11-19,vegas,hulkenberg,HUL,Nico Hülkenberg,haas,13,19,19,Retired,45,0.0
2023,21,race,Las Vegas Grand Prix,2023-11-19,vegas,norris,NOR,Lando Norris,mclaren,15,20,R,Retired,2,0.0
2023,22,race,Abu Dhabi Grand Prix,2023-11-26,yas_marina,max_verstappen,VER,Max Verstappen,red_bull,1,1,1,Finished,58,26.0
2023,22,race,Abu Dhabi Grand Prix,2023-11-26,yas_marina,leclerc,LEC,Charles Leclerc,ferrari,2,2,2,Finished,58,18.0
2023,22,race,Abu Dhabi Grand Prix,2023-11-26,yas_marina,russell,RUS,George Russell,mercedes,4,3,3,Finished,58,15.0
2023,22,race,Abu Dhabi Grand Prix,2023-11-26,yas_marina,perez,PER,Sergio Pérez,red_bull,9,4,4,Finished,58,12.0
2023,22,race,Abu Dhabi Grand Prix,2023-11-26,yas_marina,norris,NOR,Lando Norris,mclaren,5,5,5,Finished,58,10.0
2023,22,race,Abu Dhabi Grand Prix,2023-11-26,yas_marina,piastri,PIA,Oscar Piastri,mclaren,3,6,6,Finished,58,8.0
2023,22,race,Abu Dhabi Grand Prix,2023-11-26,yas_marina,alonso,ALO,Fernando Alonso,aston_martin,7,7,7,Finished,58,6.0
2023,22,race,Abu Dhabi Grand Prix,2023-11-26,yas_marina,tsunoda,TSU,Yuki Tsunoda,alphatauri,6,8,8,Finished,58,4.0
2023,22,race,Abu Dhabi Grand Prix,2023-11-26,yas_marina,hamilton,HAM,Lewis Hamilton,mercedes,11,9,9,Finished,58,2.0
2023,22,race,Abu Dhabi Grand Prix,2023-11-26,yas_marina,stroll,STR,Lance Stroll,aston_martin,13,10,10,Finished,58,1.0
2023,22,race,Abu Dhabi Grand Prix,2023-11-26,yas_marina,ricciardo,RIC,Daniel Ricciardo,alphatauri,15,11,11,Finished,58,0.0
2023,22,race,Abu Dhabi Grand Prix,2023-11-26,yas_marina,ocon,OCO,Esteban Ocon,alpine,12,12,12,Finished,58,0.0
2023,22,race,Abu Dhabi Grand Prix,2023-11-26,yas_marina,gasly,GAS,Pierre Gasly,alpine,10,13,13,Finished,58,0.0
2023,22,race,Abu Dhabi Grand Prix,2023-11-26,yas_marina,albon,ALB,Alexander Albon,williams,14,14,14,Finished,58,0.0
2023,22,race,Abu Dhabi Grand Prix,2023-11-26,yas_marina,hulkenberg,HUL,Nico Hülkenberg,haas,8,15,15,Finished,58,0.0
2023,22,race,Abu Dhabi Grand Prix,2023-11-26,yas_marina,sargeant,SAR,Logan Sargeant,williams,20,16,16,Finished,58,0.0
2023,22,race,Abu Dhabi Grand Prix,2023-11-26,yas_marina,zhou,ZHO,Guanyu Zhou,alfa,19,17,17,Finished,58,0.0
2023,22,race,Abu Dhabi Grand Prix,2023-11-26,yas_marina,sainz,SAI,Carlos Sainz,ferrari,16,18,18,Retired,57,0.0
2023,22,race,Abu Dhabi Grand Prix,2023-11-26,yas_marina,bottas,BOT,Valtteri Bottas,alfa,18,19,19,Lapped,57,0.0
2023,22,race,Abu Dhabi Grand Prix,2023-11-26,yas_marina,kevin_magnussen,MAG,Kevin Magnussen,haas,17,20,20,Lapped,57,0.0
2024,1,race,Bahrain Grand Prix,2024-03-02,bahrain,max_verstappen,VER,Max Verstappen,red_bull,1,1,1,Finished,57,26.0
2024,1,race,Bahrain Grand Prix,2024-03-02,bahrain,perez,PER,Sergio Pérez,red_bull,5,2,2,Finished,57,18.0
2024,1,race,Bahrain Grand Prix,2024-03-02,bahrain,sainz,SAI,Carlos Sainz,ferrari,4,3,3,Finished,57,15.0
2024,1,race,Bahrain Grand Prix,2024-03-02,bahrain,leclerc,LEC,Charles Leclerc,ferrari,2,4,4,Finished,57,12.0
2024,1,race,Bahrain Grand Prix,2024-03-02,bahrain,russell,RUS,George Russell,mercedes,3,5,5,Finished,57,10.0
2024,1,race,Bahrain Grand Prix,2024-03-02,bahrain,norris,NOR,Lando Norris,mclaren,7,6,6,Finished,57,8.0
2024,1,race,Bahrain Grand Prix,2024-03-02,bahrain,hamilton,HAM,Lewis Hamilton,mercedes,9,7,7,Finished,57,6.0
2024,1,race,Bahrain Grand Prix,2024-03-02,bahrain,piastri,PIA,Oscar Piastri,mclaren,8,8,8,Finished,57,4.0
2024,1,race,Bahrain Grand Prix,2024-03-02,bahrain,alonso,ALO,Fernando Alonso,aston_martin,6,9,9,Finished,57,2.0
2024,1,race,Bahrain Grand Prix,2024-03-02,bahrain,stroll,STR,Lance Stroll,aston_martin,12,10,10,Finished,57,1.0
2024,1,race,Bahrain Grand Prix,2024-03-02,bahrain,zhou,ZHO,Guanyu Zhou,sauber,17,11,11,Lapped,56,0.0
2024,1,race,Bahrain Grand Prix,2024-03-02,bahrain,kevin_magnussen,MAG,Kevin Magnussen,haas,15,12,12,Lapped,56,0.0
2024,1,race,Bahrain Grand Prix,2024-03-02,bahrain,ricciardo,RIC,Daniel Ricciardo,rb,14,13,13,Lapped,56,0.0
2024,1,race,Bahrain Grand Prix,2024-03-02,bahrain,tsunoda,TSU,Yuki Tsunoda,rb,11,14,14,Lapped,56,0.0
2024,1,race,Bahrain Grand Prix,2024-03-02,bahrain,albon,ALB,Alexander Albon,williams,13,15,15,Lapped,56,0.0
2024,1,race,Bahrain Grand Prix,2024-03-02,bahrain,hulkenberg,HUL,Nico Hülkenberg,haas,10,16,16,Lapped,56,0.0
2024,1,race,Bahrain Grand Prix,2024-03-02,bahrain,ocon,OCO,Esteban Ocon,alpine,19,17,17,Lapped,56,0.0
2024,1,race,Bahrain Grand Prix,2024-03-02,bahrain,gasly,GAS,Pierre Gasly,alpine,20,18,18,Lapped,56,0.0
2024,1,race,Bahrain Grand Prix,2024-03-02,bahrain,bottas,BOT,Valtteri Bottas,sauber,16,19,19,Lapped,56,0.0
2024,1,race,Bahrain Grand Prix,2024-03-02,bahrain,sargeant,SAR,Logan Sargeant,williams,18,20,20,Lapped,55,0.0
2024,2,race,Saudi Arabian Grand Prix,2024-03-09,jeddah,max_verstappen,VER,Max Verstappen,red_bull,1,1,1,Finished,50,25.0
2024,2,race,Saudi Arabian Grand Prix,2024-03-09,jeddah,perez,PER,Sergio Pérez,red_bull,3,2,2,Finished,50,18.0
2024,2,race,Saudi Arabian Grand Prix,2024-03-09,jeddah,leclerc,LEC,Charles Leclerc,ferrari,2,3,3,Finished,50,16.0
2024,2,race,Saudi Arabian Grand Prix,2024-03-09,jeddah,piastri,PIA,Oscar Piastri,mclaren,5,4,4,Finished,50,12.0
2024,2,race,Saudi Arabian Grand Prix,2024-03-09,jeddah,alonso,ALO,Fernando Alonso,aston_martin,4,5,5,Finished,50,10.0
2024,2,race,Saudi Arabian Grand Prix,2024-03-09,jeddah,russell,RUS,George Russell,mercedes,7,6,6,Finished,50,8.0
2024,2,race,Saudi Arabian Grand Prix,2024-03-09,jeddah,bearman,BEA,Oliver Bearman,ferrari,11,7,7,Finished,50,6.0
2024,2,race,Saudi Arabian Grand Prix,2024-03-09,jeddah,norris,NOR,Lando Norris,mclaren,6,8,8,Finished,50,4.0
2024,2,race,Saudi Arabian Grand Prix,2024-03-09,jeddah,hamilton,HAM,Lewis Hamilton,mercedes,8,9,9,Finished,50,2.0
2024,2,race,Saudi Arabian Grand Prix,2024-03-09,jeddah,hulkenberg,HUL,Nico Hülkenberg,haas,15,10,10,Finished,50,1.0
2024,2,race,Saudi Arabian Grand Prix,2024-03-09,jeddah,albon,ALB,Alexander Albon,williams,12,11,11,Finished,50,0.0
2024,2,race,Saudi Arabian Grand Prix,2024-03-09,jeddah,kevin_magnussen,MAG,Kevin Magnussen,haas,13,12,12,Finished,50,0.0
2024,2,race,Saudi Arabian Grand Prix,2024-03-09,jeddah,ocon,OCO,Esteban Ocon,alpine,17,13,13,Lapped,49,0.0
2024,2,race,Saudi Arabian Grand Prix,2024-03-09,jeddah,sargeant,SAR,Logan Sargeant,williams,19,14,14,Lapped,49,0.0
2024,2,race,Saudi Arabian Grand Prix,2024-03-09,jeddah,tsunoda,TSU,Yuki Tsunoda,rb,9,15,15,Lapped,49,0.0
2024,2,race,Saudi Arabian Grand Prix,2024-03-09,jeddah,ricciardo,RIC,Daniel Ricciardo,rb,14,16,16,Lapped,49,0.0
2024,2,race,Saudi Arabian Grand Prix,2024-03-09,jeddah,bottas,BOT,Valtteri Bottas,sauber,16,17,17,Lapped,49,0.0
2024,2,race,Saudi Arabian Grand Prix,2024-03-09,jeddah,zhou,ZHO,Guanyu Zhou,sauber,20,18,18,Lapped,49,0.0
2024,2,race,Saudi Arabian Grand Prix,2024-03-09,jeddah,stroll,STR,Lance Stroll,aston_martin,10,19,R,Retired,5,0.0
2024,2,race,Saudi Arabian Grand Prix,2024-03-09,jeddah,gasly,GAS,Pierre Gasly,alpine,18,20,R,Retired,1,0.0
2024,3,race,Australian Grand Prix,2024-03-24,albert_park,sainz,SAI,Carlos Sainz,ferrari,2,1,1,Finished,58,25.0
2024,3,race,Australian Grand Prix,2024-03-24,albert_park,leclerc,LEC,Charles Leclerc,ferrari,4,2,2,Finished,58,19.0
2024,3,race,Australian Grand Prix,2024-03-24,albert_park,norris,NOR,Lando Norris,mclaren,3,3,3,Finished,58,15.0
2024,3,race,Australian Grand Prix,2024-03-24,albert_park,piastri,PIA,Oscar Piastri,mclaren,5,4,4,Finished,58,12.0
2024,3,race,Australian Grand Prix,2024-03-24,albert_park,perez,PER,Sergio Pérez,red_bull,6,5,5,Finished,58,10.0
2024,3,race,Australian Grand Prix,2024-03-24,albert_park,stroll,STR,Lance Stroll,aston_martin,9,6,6,Finished,58,8.0
2024,3,race,Australian Grand Prix,2024-03-24,albert_park,tsunoda,TSU,Yuki Tsunoda,rb,8,7,7,Finished,58,6.0
2024,3,race,Australian Grand Prix,2024-03-24,albert_park,alonso,ALO,Fernando Alonso,aston_martin,10,8,8,Finished,58,4.0
2024,3,race,Australian Grand Prix,2024-03-24,albert_park,hulkenberg,HUL,Nico Hülkenberg,haas,16,9,9,Finished,58,2.0
2024,3,race,Australian Grand Prix,2024-03-24,albert_park,kevin_magnussen,MAG,Kevin Magnussen,haas,14,10,10,Lapped,57,1.0
2024,3,race,Australian Grand Prix,2024-03-24,albert_park,albon,ALB,Alexander Albon,williams,12,11,11,Lapped,57,0.0
2024,3,race,Australian Grand Prix,2024-03-24,albert_park,ricciardo,RIC,Daniel Ricciardo,rb,18,12,12,Lapped,57,0.0
2024,3,race,Australian Grand Prix,2024-03-24,albert_park,gasly,GAS,Pierre Gasly,alpine,17,13,13,Lapped,57,0.0
2024,3,race,Australian Grand Prix,2024-03-24,albert_park,bottas,BOT,Valtteri Bottas,sauber,13,14,14,Lapped,57,0.0
2024,3,race,Australian Grand Prix,2024-03-24,albert_park,zhou,ZHO,Guanyu Zhou,sauber,19,15,15,Lapped,57,0.0
2024,3,race,Australian Grand Prix,2024-03-24,albert_park,ocon,OCO,Esteban Ocon,alpine,15,16,16,Lapped,57,0.0
2024,3,race,Australian Grand Prix,2024-03-24,albert_park,russell,RUS,George Russell,mercedes,7,17,17,Retired,56,0.0
2024,3,race,Australian Grand Prix,2024-03-24,albert_park,hamilton,HAM,Lewis Hamilton,mercedes,11,18,R,Retired,15,0.0
2024,3,race,Australian Grand Prix,2024-03-24,albert_park,max_verstappen,VER,Max Verstappen,red_bull,1,19,R,Retired,3,0.0
2024,4,race,Japanese Grand Prix,2024-04-07,suzuka,max_verstappen,VER,Max Verstappen,red_bull,1,1,1,Finished,53,26.0
2024,4,race,Japanese Grand Prix,2024-04-07,suzuka,perez,PER,Sergio Pérez,red_bull,2,2,2,Finished,53,18.0
2024,4,race,Japanese Grand Prix,2024-04-07,suzuka,sainz,SAI,Carlos Sainz,ferrari,4,3,3,Finished,53,15.0
2024,4,race,Japanese Grand Prix,2024-04-07,suzuka,leclerc,LEC,Charles Leclerc,ferrari,8,4,4,Finished,53,12.0
2024,4,race,Japanese Grand Prix,2024-04-07,suzuka,norris,NOR,Lando Norris,mclaren,3,5,5,Finished,53,10.0
2024,4,race,Japanese Grand Prix,2024-04-07,suzuka,alonso,ALO,Fernando Alonso,aston_martin,5,6,6,Finished,53,8.0
2024,4,race,Japanese Grand Prix,2024-04-07,suzuka,russell,RUS,George Russell,mercedes,9,7,7,Finished,53,6.0
2024,4,race,Japanese Grand Prix,2024-04-07,suzuka,piastri,PIA,Oscar Piastri,mclaren,6,8,8,Finished,53,4.0
2024,4,race,Japanese Grand Prix,2024-04-07,suzuka,hamilton,HAM,Lewis Hamilton,mercedes,7,9,9,Finished,53,2.0
2024,4,race,Japanese Grand Prix,2024-04-07,suzuka,tsunoda,TSU,Yuki Tsunoda,rb,10,10,10,Lapped,52,1.0
2024,4,race,Japanese Grand Prix,2024-04-07,suzuka,hulkenberg,HUL,Nico Hülkenberg,haas,12,11,11,Lapped,52,0.0
2024,4,race,Japanese Grand Prix,2024-04-07,suzuka,stroll,STR,Lance Stroll,aston_martin,16,12,12,Lapped,52,0.0
2024,4,race,Japanese Grand Prix,2024-04-07,suzuka,kevin_magnussen,MAG,Kevin Magnussen,haas,18,13,13,Lapped,52,0.0
2024,4,race,Japanese Grand Prix,2024-04-07,suzuka,bottas,BOT,Valtteri Bottas,sauber,13,14,14,Lapped,52,0.0
2024,4,race,Japanese Grand Prix,2024-04-07,suzuka,ocon,OCO,Esteban Ocon,alpine,15,15,15,Lapped,52,0.0
2024,4,race,Japanese Grand Prix,2024-04-07,suzuka,gasly,GAS,Pierre Gasly,alpine,17,16,16,Lapped,52,0.0
2024,4,race,Japanese Grand Prix,2024-04-07,suzuka,sargeant,SAR,Logan Sargeant,williams,19,17,17,Lapped,52,0.0
2024,4,race,Japanese Grand Prix,2024-04-07,suzuka,zhou,ZHO,Guanyu Zhou,sauber,20,18,R,Retired,12,0.0
2024,4,race,Japanese Grand Prix,2024-04-07,suzuka,ricciardo,RIC,Daniel Ricciardo,rb,11,19,R,Retired,0,0.0
2024,4,race,Japanese Grand Prix,2024-04-07,suzuka,albon,ALB,Alexander Albon,williams,14,20,R,Retired,0,0.0
2024,5,race,Chinese Grand Prix,2024-04-21,shanghai,max_verstappen,VER,Max Verstappen,red_bull,1,1,1,Finished,56,25.0
2024,5,race,Chinese Grand Prix,2024-04-21,shanghai,norris,NOR,Lando Norris,mclaren,4,2,2,Finished,56,18.0
2024,5,race,Chinese Grand Prix,2024-04-21,shanghai,perez,PER,Sergio Pérez,red_bull,2,3,3,Finished,56,15.0
2024,5,race,Chinese Grand Prix,2024-04-21,shanghai,leclerc,LEC,Charles Leclerc,ferrari,6,4,4,Finished,56,12.0
2024,5,race,Chinese Grand Prix,2024-04-21,shanghai,sainz,SAI,Carlos Sainz,ferrari,7,5,5,Finished,56,10.0
2024,5,race,Chinese Grand Prix,2024-04-21,shanghai,russell,RUS,George Russell,mercedes,8,6,6,Finished,56,8.0
2024,5,race,Chinese Grand Prix,2024-04-21,shanghai,alonso,ALO,Fernando Alonso,aston_martin,3,7,7,Finished,56,7.0
2024,5,race,Chinese Grand Prix,2024-04-21,shanghai,piastri,PIA,Oscar Piastri,mclaren,5,8,8,Finished,56,4.0
2024,5,race,Chinese Grand Prix,2024-04-21,shanghai,hamilton,HAM,Lewis Hamilton,mercedes,18,9,9,Finished,56,2.0
2024,5,race,Chinese Grand Prix,2024-04-21,shanghai,hulkenberg,HUL,Nico Hülkenberg,haas,9,10,10,Finished,56,1.0
2024,5,race,Chinese Grand Prix,2024-04-21,shanghai,ocon,OCO,Esteban Ocon,alpine,13,11,11,Finished,56,0.0
2024,5,race,Chinese Grand Prix,2024-04-21,shanghai,albon,ALB,Alexander Albon,williams,14,12,12,Finished,56,0.0
2024,5,race,Chinese Grand Prix,2024-04-21,shanghai,gasly,GAS,Pierre Gasly,alpine,15,13,13,Finished,56,0.0
2024,5,race,Chinese Grand Prix,2024-04-21,shanghai,zhou,ZHO,Guanyu Zhou,sauber,16,14,14,Finished,56,0.0
2024,5,race,Chinese Grand Prix,2024-04-21,shanghai,stroll,STR,Lance Stroll,aston_martin,11,15,15,Finished,56,0.0
2024,5,race,Chinese Grand Prix,2024-04-21,shanghai,kevin_magnussen,MAG,Kevin Magnussen,haas,17,16,16,Finished,56,0.0
2024,5,race,Chinese Grand Prix,2024-04-21,shanghai,sargeant,SAR,Logan Sargeant,williams,20,17,17,Finished,56,0.0
2024,5,race,Chinese Grand Prix,2024-04-21,shanghai,ricciardo,RIC,Daniel Ricciardo,rb,12,18,R,Retired,33,0.0
2024,5,race,Chinese Grand Prix,2024-04-21,shanghai,tsunoda,TSU,Yuki Tsunoda,rb,19,19,R,Retired,26,0.0
2024,5,race,Chinese Grand Prix,2024-04-21,shanghai,bottas,BOT,Valtteri Bottas,sauber,10,20,R,Retired,19,0.0
2024,5,sprint,Chinese Grand Prix,2024-04-21,shanghai,max_verstappen,VER,Max Verstappen,red_bull,4,1,1,Finished,19,8.0
2024,5,sprint,Chinese Grand Prix,2024-04-21,shanghai,hamilton,HAM,Lewis Hamilton,mercedes,2,2,2,Finished,19,7.0
2024,5,sprint,Chinese Grand Prix,2024-04-21,shanghai,perez,PER,Sergio Pérez,red_bull,6,3,3,Finished,19,6.0
2024,5,sprint,Chinese Grand Prix,2024-04-21,shanghai,leclerc,LEC,Charles Leclerc,ferrari,7,4,4,Finished,19,5.0
2024,5,sprint,Chinese Grand Prix,2024-04-21,shanghai,sainz,SAI,Carlos Sainz,ferrari,5,5,5,Finished,19,4.0
2024,5,sprint,Chinese Grand Prix,2024-04-21,shanghai,norris,NOR,Lando Norris,mclaren,1,6,6,Finished,19,3.0
2024,5,sprint,Chinese Grand Prix,2024-04-21,shanghai,piastri,PIA,Oscar Piastri,mclaren,8,7,7,Finished,19,2.0
2024,5,sprint,Chinese Grand Prix,2024-04-21,shanghai,russell,RUS,George Russell,mercedes,11,8,8,Finished,19,1.0
2024,5,sprint,Chinese Grand Prix,2024-04-21,shanghai,zhou,ZHO,Guanyu Zhou,sauber,10,9,9,Finished,19,0.0
2024,5,sprint,Chinese Grand Prix,2024-04-21,shanghai,kevin_magnussen,MAG,Kevin Magnussen,haas,12,10,10,Finished,19,0.0
2024,5,sprint,Chinese Grand Prix,2024-04-21,shanghai,ricciardo,RIC,Daniel Ricciardo,rb,14,11,11,Finished,19,0.0
2024,5,sprint,Chinese Grand Prix,2024-04-21,shanghai,bottas,BOT,Valtteri Bottas,sauber,9,12,12,Finished,19,0.0
2024,5,sprint,Chinese Grand Prix,2024-04-21,shanghai,ocon,OCO,Esteban Ocon,alpine,17,13,13,Finished,19,0.0
2024,5,sprint,Chinese Grand Prix,2024-04-21,shanghai,stroll,STR,Lance Stroll,aston_martin,15,14,14,Finished,19,0.0
2024,5,sprint,Chinese Grand Prix,2024-04-21,shanghai,gasly,GAS,Pierre Gasly,alpine,16,15,15,Finished,19,0.0
2024,5,sprint,Chinese Grand Prix,2024-04-21,shanghai,tsunoda,TSU,Yuki Tsunoda,rb,19,16,16,Finished,19,0.0
2024,5,sprint,Chinese Grand Prix,2024-04-21,shanghai,albon,ALB,Alexander Albon,williams,18,17,17,Finished,19,0.0
2024,5,sprint,Chinese Grand Prix,2024-04-21,shanghai,sargeant,SAR,Logan Sargeant,williams,20,18,18,Finished,19,0.0
2024,5,sprint,Chinese Grand Prix,2024-04-21,shanghai,hulkenberg,HUL,Nico Hülkenberg,haas,13,19,19,Finished,19,0.0
2024,5,sprint,Chinese Grand Prix,2024-04-21,shanghai,alonso,ALO,Fernando Alonso,aston_martin,3,20,20,Retired,17,0.0
2024,6,race,Miami Grand Prix,2024-05-05,miami,norris,NOR,Lando Norris,mclaren,5,1,1,Finished,57,25.0
2024,6,race,Miami Grand Prix,2024-05-05,miami,max_verstappen,VER,Max Verstappen,red_bull,1,2,2,Finished,57,18.0
2024,6,race,Miami Grand Prix,2024-05-05,miami,leclerc,LEC,Charles Leclerc,ferrari,2,3,3,Finished,57,15.0
2024,6,race,Miami Grand Prix,2024-05-05,miami,perez,PER,Sergio Pérez,red_bull,4,4,4,Finished,57,12.0
2024,6,race,Miami Grand Prix,2024-05-05,miami,sainz,SAI,Carlos Sainz,ferrari,3,5,5,Finished,57,10.0
2024,6,race,Miami Grand Prix,2024-05-05,miami,hamilton,HAM,Lewis Hamilton,mercedes,8,6,6,Finished,57,8.0
2024,6,race,Miami Grand Prix,2024-05-05,miami,tsunoda,TSU,Yuki Tsunoda,rb,10,7,7,Finished,57,6.0
2024,6,race,Miami Grand Prix,2024-05-05,miami,russell,RUS,George Russell,mercedes,7,8,8,Finished,57,4.0
2024,6,race,Miami Grand Prix,2024-05-05,miami,alonso,ALO,Fernando Alonso,aston_martin,15,9,9,Finished,57,2.0
2024,6,race,Miami Grand Prix,2024-05-05,miami,ocon,OCO,Esteban Ocon,alpine,13,10,10,Finished,57,1.0
2024,6,race,Miami Grand Prix,2024-05-05,miami,hulkenberg,HUL,Nico Hülkenberg,haas,9,11,11,Finished,57,0.0
2024,6,race,Miami Grand Prix,2024-05-05,miami,gasly,GAS,Pierre Gasly,alpine,12,12,12,Finished,57,0.0
2024,6,race,Miami Grand Prix,2024-05-05,miami,piastri,PIA,Oscar Piastri,mclaren,6,13,13,Finished,57,0.0
2024,6,race,Miami Grand Prix,2024-05-05,miami,zhou,ZHO,Guanyu Zhou,sauber,19,14,14,Finished,57,0.0
2024,6,race,Miami Grand Prix,2024-05-05,miami,ricciardo,RIC,Daniel Ricciardo,rb,20,15,15,Finished,57,0.0
2024,6,race,Miami Grand Prix,2024-05-05,miami,bottas,BOT,Valtteri Bottas,sauber,16,16,16,Finished,57,0.0
2024,6,race,Miami Grand Prix,2024-05-05,miami,stroll,STR,Lance Stroll,aston_martin,11,17,17,Finished,57,0.0
2024,6,race,Miami Grand Prix,2024-05-05,miami,albon,ALB,Alexander Albon,williams,14,18,18,Finished,57,0.0
2024,6,race,Miami Grand Prix,2024-05-05,miami,kevin_magnussen,MAG,Kevin Magnussen,haas,18,19,19,Finished,57,0.0
2024,6,race,Miami Grand Prix,2024-05-05,miami,sargeant,SAR,Logan Sargeant,williams,17,20,R,Retired,27,0.0
2024,6,sprint,Miami Grand Prix,2024-05-05,miami,max_verstappen,VER,Max Verstappen,red_bull,1,1,1,Finished,19,8.0
2024,6,sprint,Miami Grand Prix,2024-05-05,miami,leclerc,LEC,Charles Leclerc,ferrari,2,2,2,Finished,19,7.0
2024,6,sprint,Miami Grand Prix,2024-05-05,miami,perez,PER,Sergio Pérez,red_bull,3,3,3,Finished,19,6.0
2024,6,sprint,Miami Grand Prix,2024-05-05,miami,ricciardo,RIC,Daniel Ricciardo,rb,4,4,4,Finished,19,5.0
2024,6,sprint,Miami Grand Prix,2024-05-05,miami,sainz,SAI,Carlos Sainz,ferrari,5,5,5,Finished,19,4.0
2024,6,sprint,Miami Grand Prix,2024-05-05,miami,piastri,PIA,Oscar Piastri,mclaren,6,6,6,Finished,19,3.0
2024,6,sprint,Miami Grand Prix,2024-05-05,miami,hulkenberg,HUL,Nico Hülkenberg,haas,10,7,7,Finished,19,2.0
2024,6,sprint,Miami Grand Prix,2024-05-05,miami,tsunoda,TSU,Yuki Tsunoda,rb,15,8,8,Finished,19,1.0
2024,6,sprint,Miami Grand Prix,2024-05-05,miami,gasly,GAS,Pierre Gasly,alpine,16,9,9,Finished,19,0.0
2024,6,sprint,Miami Grand Prix,2024-05-05,miami,sargeant,SAR,Logan Sargeant,williams,18,10,10,Finished,19,0.0
2024,6,sprint,Miami Grand Prix,2024-05-05,miami,zhou,ZHO,Guanyu Zhou,sauber,17,11,11,Finished,19,0.0
2024,6,sprint,Miami Grand Prix,2024-05-05,miami,russell,RUS,George Russell,mercedes,11,12,12,Finished,19,0.0
2024,6,sprint,Miami Grand Prix,2024-05-05,miami,albon,ALB,Alexander Albon,williams,20,13,13,Finished,19,0.0
2024,6,sprint,Miami Grand Prix,2024-05-05,miami,bottas,BOT,Valtteri Bottas,sauber,19,14,14,Finished,19,0.0
2024,6,sprint,Miami Grand Prix,2024-05-05,miami,ocon,OCO,Esteban Ocon,alpine,13,15,15,Finished,19,0.0
2024,6,sprint,Miami Grand Prix,2024-05-05,miami,hamilton,HAM,Lewis Hamilton,mercedes,12,16,16,Finished,19,0.0
2024,6,sprint,Miami Grand Prix,2024-05-05,miami,alonso,ALO,Fernando Alonso,aston_martin,8,17,17,Finished,19,0.0
2024,6,sprint,Miami Grand Prix,2024-05-05,miami,kevin_magnussen,MAG,Kevin Magnussen,haas,14,18,18,Finished,19,0.0
2024,6,sprint,Miami Grand Prix,2024-05-05,miami,stroll,STR,Lance Stroll,aston_martin,7,19,R,Retired,1,0.0
2024,6,sprint,Miami Grand Prix,2024-05-05,miami,norris,NOR,Lando Norris,mclaren,9,20,R,Retired,0,0.0
2024,7,race,Emilia Romagna Grand Prix,2024-05-19,imola,max_verstappen,VER,Max Verstappen,red_bull,1,1,1,Finished,63,25.0
2024,7,race,Emilia Romagna Grand Prix,2024-05-19,imola,norris,NOR,Lando Norris,mclaren,2,2,2,Finished,63,18.0
2024,7,race,Emilia Romagna Grand Prix,2024-05-19,imola,leclerc,LEC,Charles Leclerc,ferrari,3,3,3,Finished,63,15.0
2024,7,race,Emilia Romagna Grand Prix,2024-05-19,imola,piastri,PIA,Oscar Piastri,mclaren,5,4,4,Finished,63,12.0
2024,7,race,Emilia Romagna Grand Prix,2024-05-19,imola,sainz,SAI,Carlos Sainz,ferrari,4,5,5,Finished,63,10.0
2024,7,race,Emilia Romagna Grand Prix,2024-05-19,imola,hamilton,HAM,Lewis Hamilton,mercedes,8,6,6,Finished,63,8.0
2024,7,race,Emilia Romagna Grand Prix,2024-05-19,imola,russell,RUS,George Russell,mercedes,6,7,7,Finished,63,7.0
2024,7,race,Emilia Romagna Grand Prix,2024-05-19,imola,perez,PER,Sergio Pérez,red_bull,11,8,8,Finished,63,4.0
2024,7,race,Emilia Romagna Grand Prix,2024-05-19,imola,stroll,STR,Lance Stroll,aston_martin,13,9,9,Finished,63,2.0
2024,7,race,Emilia Romagna Grand Prix,2024-05-19,imola,tsunoda,TSU,Yuki Tsunoda,rb,7,10,10,Lapped,62,1.0
2024,7,race,Emilia Romagna Grand Prix,2024-05-19,imola,hulkenberg,HUL,Nico Hülkenberg,haas,10,11,11,Lapped,62,0.0
2024,7,race,Emilia Romagna Grand Prix,2024-05-19,imola,kevin_magnussen,MAG,Kevin Magnussen,haas,18,12,12,Lapped,62,0.0
2024,7,race,Emilia Romagna Grand Prix,2024-05-19,imola,ricciardo,RIC,Daniel Ricciardo,rb,9,13,13,Lapped,62,0.0
2024,7,race,Emilia Romagna Grand Prix,2024-05-19,imola,ocon,OCO,Esteban Ocon,alpine,12,14,14,Lapped,62,0.0
2024,7,race,Emilia Romagna Grand Prix,2024-05-19,imola,zhou,ZHO,Guanyu Zhou,sauber,17,15,15,Lapped,62,0.0
2024,7,race,Emilia Romagna Grand Prix,2024-05-19,imola,gasly,GAS,Pierre Gasly,alpine,15,16,16,Lapped,62,0.0
2024,7,race,Emilia Romagna Grand Prix,2024-05-19,imola,sargeant,SAR,Logan Sargeant,williams,19,17,17,Lapped,62,0.0
2024,7,race,Emilia Romagna Grand Prix,2024-05-19,imola,bottas,BOT,Valtteri Bottas,sauber,16,18,18,Lapped,62,0.0
2024,7,race,Emilia Romagna Grand Prix,2024-05-19,imola,alonso,ALO,Fernando Alonso,aston_martin,20,19,19,Lapped,62,0.0
2024,7,race,Emilia Romagna Grand Prix,2024-05-19,imola,albon,ALB,Alexander Albon,williams,14,20,R,Retired,51,0.0
2024,8,race,Monaco Grand Prix,2024-05-26,monaco,leclerc,LEC,Charles Leclerc,ferrari,1,1,1,Finished,78,25.0
2024,8,race,Monaco Grand Prix,2024-05-26,monaco,piastri,PIA,Oscar Piastri,mclaren,2,2,2,Finished,78,18.0
2024,8,race,Monaco Grand Prix,2024-05-26,monaco,sainz,SAI,Carlos Sainz,ferrari,3,3,3,Finished,78,15.0
2024,8,race,Monaco Grand Prix,2024-05-26,monaco,norris,NOR,Lando Norris,mclaren,4,4,4,Finished,78,12.0
2024,8,race,Monaco Grand Prix,2024-05-26,monaco,russell,RUS,George Russell,mercedes,5,5,5,Finished,78,10.0
2024,8,race,Monaco Grand Prix,2024-05-26,monaco,max_verstappen,VER,Max Verstappen,red_bull,6,6,6,Finished,78,8.0
2024,8,race,Monaco Grand Prix,2024-05-26,monaco,hamilton,HAM,Lewis Hamilton,mercedes,7,7,7,Finished,78,7.0
2024,8,race,Monaco Grand Prix,2024-05-26,monaco,tsunoda,TSU,Yuki Tsunoda,rb,8,8,8,Lapped,77,4.0
2024,8,race,Monaco Grand Prix,2024-05-26,monaco,albon,ALB,Alexander Albon,williams,9,9,9,Lapped,77,2.0
2024,8,race,Monaco Grand Prix,2024-05-26,monaco,gasly,GAS,Pierre Gasly,alpine,10,10,10,Lapped,77,1.0
2024,8,race,Monaco Grand Prix,2024-05-26,monaco,alonso,ALO,Fernando Alonso,aston_martin,14,11,11,Lapped,76,0.0
2024,8,race,Monaco Grand Prix,2024-05-26,monaco,ricciardo,RIC,Daniel Ricciardo,rb,12,12,12,Lapped,76,0.0
2024,8,race,Monaco Grand Prix,2024-05-26,monaco,bottas,BOT,Valtteri Bottas,sauber,17,13,13,Lapped,76,0.0
2024,8,race,Monaco Grand Prix,2024-05-26,monaco,stroll,STR,Lance Stroll,aston_martin,13,14,14,Lapped,76,0.0
2024,8,race,Monaco Grand Prix,2024-05-26,monaco,sargeant,SAR,Logan Sargeant,williams,15,15,15,Lapped,76,0.0
2024,8,race,Monaco Grand Prix,2024-05-26,monaco,zhou,ZHO,Guanyu Zhou,sauber,18,16,16,Lapped,76,0.0
2024,8,race,Monaco Grand Prix,2024-05-26,monaco,ocon,OCO,Esteban Ocon,alpine,11,17,R,Retired,0,0.0
2024,8,race,Monaco Grand Prix,2024-05-26,monaco,perez,PER,Sergio Pérez,red_bull,16,18,R,Retired,0,0.0
2024,8,race,Monaco Grand Prix,2024-05-26,monaco,hulkenberg,HUL,Nico Hülkenberg,haas,19,19,R,Retired,0,0.0
2024,8,race,Monaco Grand Prix,2024-05-26,monaco,kevin_magnussen,MAG,Kevin Magnussen,haas,20,20,R,Retired,0,0.0
2024,9,race,Canadian Grand Prix,2024-06-09,villeneuve,max_verstappen,VER,Max Verstappen,red_bull,2,1,1,Finished,70,25.0
2024,9,race,Canadian Grand Prix,2024-06-09,villeneuve,norris,NOR,Lando Norris,mclaren,3,2,2,Finished,70,18.0
2024,9,race,Canadian Grand Prix,2024-06-09,villeneuve,russell,RUS,George Russell,mercedes,1,3,3,Finished,70,15.0
2024,9,race,Canadian Grand Prix,2024-06-09,villeneuve,hamilton,HAM,Lewis Hamilton,mercedes,7,4,4,Finished,70,13.0
2024,9,race,Canadian Grand Prix,2024-06-09,villeneuve,piastri,PIA,Oscar Piastri,mclaren,4,5,5,Finished,70,10.0
2024,9,race,Canadian Grand Prix,2024-06-09,villeneuve,alonso,ALO,Fernando Alonso,aston_martin,6,6,6,Finished,70,8.0
2024,9,race,Canadian Grand Prix,2024-06-09,villeneuve,stroll,STR,Lance Stroll,aston_martin,9,7,7,Finished,70,6.0
2024,9,race,Canadian Grand Prix,2024-06-09,villeneuve,ricciardo,RIC,Daniel Ricciardo,rb,5,8,8,Finished,70,4.0
2024,9,race,Canadian Grand Prix,2024-06-09,villeneuve,gasly,GAS,Pierre Gasly,alpine,15,9,9,Finished,70,2.0
2024,9,race,Canadian Grand Prix,2024-06-09,villeneuve,ocon,OCO,Esteban Ocon,alpine,18,10,10,Finished,70,1.0
2024,9,race,Canadian Grand Prix,2024-06-09,villeneuve,hulkenberg,HUL,Nico Hülkenberg,haas,17,11,11,Finished,70,0.0
2024,9,race,Canadian Grand Prix,2024-06-09,villeneuve,kevin_magnussen,MAG,Kevin Magnussen,haas,14,12,12,Finished,70,0.0
2024,9,race,Canadian Grand Prix,2024-06-09,villeneuve,bottas,BOT,Valtteri Bottas,sauber,19,13,13,Finished,70,0.0
2024,9,race,Canadian Grand Prix,2024-06-09,villeneuve,tsunoda,TSU,Yuki Tsunoda,rb,8,14,14,Finished,70,0.0
2024,9,race,Canadian Grand Prix,2024-06-09,villeneuve,zhou,ZHO,Guanyu Zhou,sauber,20,15,15,Lapped,69,0.0
2024,9,race,Canadian Grand Prix,2024-06-09,villeneuve,sainz,SAI,Carlos Sainz,ferrari,12,16,R,Retired,52,0.0
2024,9,race,Canadian Grand Prix,2024-06-09,villeneuve,albon,ALB,Alexander Albon,williams,10,17,R,Retired,52,0.0
2024,9,race,Canadian Grand Prix,2024-06-09,villeneuve,perez,PER,Sergio Pérez,red_bull,16,18,R,Retired,51,0.0
2024,9,race,Canadian Grand Prix,2024-06-09,villeneuve,leclerc,LEC,Charles Leclerc,ferrari,11,19,R,Retired,40,0.0
2024,9,race,Canadian Grand Prix,2024-06-09,villeneuve,sargeant,SAR,Logan Sargeant,williams,13,20,R,Retired,23,0.0
2024,10,race,Spanish Grand Prix,2024-06-23,catalunya,max_verstappen,VER,Max Verstappen,red_bull,2,1,1,Finished,66,25.0
2024,10,race,Spanish Grand Prix,2024-06-23,catalunya,norris,NOR,Lando Norris,mclaren,1,2,2,Finished,66,19.0
2024,10,race,Spanish Grand Prix,2024-06-23,catalunya,hamilton,HAM,Lewis Hamilton,mercedes,3,3,3,Finished,66,15.0
2024,10,race,Spanish Grand Prix,2024-06-23,catalunya,russell,RUS,George Russell,mercedes,4,4,4,Finished,66,12.0
2024,10,race,Spanish Grand Prix,2024-06-23,catalunya,leclerc,LEC,Charles Leclerc,ferrari,5,5,5,Finished,66,10.0
2024,10,race,Spanish Grand Prix,2024-06-23,catalunya,sainz,SAI,Carlos Sainz,ferrari,6,6,6,Finished,66,8.0
2024,10,race,Spanish Grand Prix,2024-06-23,catalunya,piastri,PIA,Oscar Piastri,mclaren,9,7,7,Finished,66,6.0
2024,10,race,Spanish Grand Prix,2024-06-23,catalunya,perez,PER,Sergio Pérez,red_bull,11,8,8,Finished,66,4.0
2024,10,race,Spanish Grand Prix,2024-06-23,catalunya,gasly,GAS,Pierre Gasly,alpine,7,9,9,Finished,66,2.0
2024,10,race,Spanish Grand Prix,2024-06-23,catalunya,ocon,OCO,Esteban Ocon,alpine,8,10,10,Finished,66,1.0
2024,10,race,Spanish Grand Prix,2024-06-23,catalunya,hulkenberg,HUL,Nico Hülkenberg,haas,13,11,11,Finished,66,0.0
2024,10,race,Spanish Grand Prix,2024-06-23,catalunya,alonso,ALO,Fernando Alonso,aston_martin,10,12,12,Lapped,65,0.0
2024,10,race,Spanish Grand Prix,2024-06-23,catalunya,zhou,ZHO,Guanyu Zhou,sauber,15,13,13,Lapped,65,0.0
2024,10,race,Spanish Grand Prix,2024-06-23,catalunya,stroll,STR,Lance Stroll,aston_martin,14,14,14,Lapped,65,0.0
2024,10,race,Spanish Grand Prix,2024-06-23,catalunya,ricciardo,RIC,Daniel Ricciardo,rb,18,15,15,Lapped,65,0.0
2024,10,race,Spanish Grand Prix,2024-06-23,catalunya,bottas,BOT,Valtteri Bottas,sauber,12,16,16,Lapped,65,0.0
2024,10,race,Spanish Grand Prix,2024-06-23,catalunya,kevin_magnussen,MAG,Kevin Magnussen,haas,16,17,17,Lapped,65,0.0
2024,10,race,Spanish Grand Prix,2024-06-23,catalunya,albon,ALB,Alexander Albon,williams,20,18,18,Lapped,65,0.0
2024,10,race,Spanish Grand Prix,2024-06-23,catalunya,tsunoda,TSU,Yuki Tsunoda,rb,17,19,19,Lapped,65,0.0
2024,10,race,Spanish Grand Prix,2024-06-23,catalunya,sargeant,SAR,Logan Sargeant,williams,19,20,20,Lapped,64,0.0
2024,11,race,Austrian Grand Prix,2024-06-30,red_bull_ring,russell,RUS,George Russell,mercedes,3,1,1,Finished,71,25.0
2024,11,race,Austrian Grand Prix,2024-06-30,red_bull_ring,piastri,PIA,Oscar Piastri,mclaren,7,2,2,Finished,71,18.0
2024,11,race,Austrian Grand Prix,2024-06-30,red_bull_ring,sainz,SAI,Carlos Sainz,ferrari,4,3,3,Finished,71,15.0
2024,11,race,Austrian Grand Prix,2024-06-30,red_bull_ring,hamilton,HAM,Lewis Hamilton,mercedes,5,4,4,Finished,71,12.0
2024,11,race,Austrian Grand Prix,2024-06-30,red_bull_ring,max_verstappen,VER,Max Verstappen,red_bull,1,5,5,Finished,71,10.0
2024,11,race,Austrian Grand Prix,2024-06-30,red_bull_ring,hulkenberg,HUL,Nico Hülkenberg,haas,9,6,6,Finished,71,8.0
2024,11,race,Austrian Grand Prix,2024-06-30,red_bull_ring,perez,PER,Sergio Pérez,red_bull,8,7,7,Finished,71,6.0
2024,11,race,Austrian Grand Prix,2024-06-30,red_bull_ring,kevin_magnussen,MAG,Kevin Magnussen,haas,12,8,8,Finished,71,4.0
2024,11,race,Austrian Grand Prix,2024-06-30,red_bull_ring,ricciardo,RIC,Daniel Ricciardo,rb,11,9,9,Finished,71,2.0
2024,11,race,Austrian Grand Prix,2024-06-30,red_bull_ring,gasly,GAS,Pierre Gasly,alpine,13,10,10,Finished,71,1.0
2024,11,race,Austrian Grand Prix,2024-06-30,red_bull_ring,leclerc,LEC,Charles Leclerc,ferrari,6,11,11,Finished,71,0.0
2024,11,race,Austrian Grand Prix,2024-06-30,red_bull_ring,ocon,OCO,Esteban Ocon,alpine,10,12,12,Finished,71,0.0
2024,11,race,Austrian Grand Prix,2024-06-30,red_bull_ring,stroll,STR,Lance Stroll,aston_martin,17,13,13,Lapped,70,0.0
2024,11,race,Austrian Grand Prix,2024-06-30,red_bull_ring,tsunoda,TSU,Yuki Tsunoda,rb,14,14,14,Lapped,70,0.0
2024,11,race,Austrian Grand Prix,2024-06-30,red_bull_ring,albon,ALB,Alexander Albon,williams,16,15,15,Lapped,70,0.0
2024,11,race,Austrian Grand Prix,2024-06-30,red_bull_ring,bottas,BOT,Valtteri Bottas,sauber,18,16,16,Lapped,70,0.0
2024,11,race,Austrian Grand Prix,2024-06-30,red_bull_ring,zhou,ZHO,Guanyu Zhou,sauber,20,17,17,Lapped,70,0.0
2024,11,race,Austrian Grand Prix,2024-06-30,red_bull_ring,alonso,ALO,Fernando Alonso,aston_martin,15,18,18,Lapped,70,0.0
2024,11,race,Austrian Grand Prix,2024-06-30,red_bull_ring,sargeant,SAR,Logan Sargeant,williams,19,19,19,Lapped,69,0.0
2024,11,race,Austrian Grand Prix,2024-06-30,red_bull_ring,norris,NOR,Lando Norris,mclaren,2,20,20,Lapped,64,0.0
2024,11,sprint,Austrian Grand Prix,2024-06-30,red_bull_ring,max_verstappen,VER,Max Verstappen,red_bull,1,1,1,Finished,23,8.0
2024,11,sprint,Austrian Grand Prix,2024-06-30,red_bull_ring,piastri,PIA,Oscar Piastri,mclaren,3,2,2,Finished,23,7.0
2024,11,sprint,Austrian Grand Prix,2024-06-30,red_bull_ring,norris,NOR,Lando Norris,mclaren,2,3,3,Finished,23,6.0
2024,11,sprint,Austrian Grand Prix,2024-06-30,red_bull_ring,russell,RUS,George Russell,mercedes,4,4,4,Finished,23,5.0
2024,11,sprint,Austrian Grand Prix,2024-06-30,red_bull_ring,sainz,SAI,Carlos Sainz,ferrari,5,5,5,Finished,23,4.0
2024,11,sprint,Austrian Grand Prix,2024-06-30,red_bull_ring,hamilton,HAM,Lewis Hamilton,mercedes,6,6,6,Finished,23,3.0
2024,11,sprint,Austrian Grand Prix,2024-06-30,red_bull_ring,leclerc,LEC,Charles Leclerc,ferrari,10,7,7,Finished,23,2.0
2024,11,sprint,Austrian Grand Prix,2024-06-30,red_bull_ring,perez,PER,Sergio Pérez,red_bull,7,8,8,Finished,23,1.0
2024,11,sprint,Austrian Grand Prix,2024-06-30,red_bull_ring,kevin_magnussen,MAG,Kevin Magnussen,haas,11,9,9,Finished,23,0.0
2024,11,sprint,Austrian Grand Prix,2024-06-30,red_bull_ring,stroll,STR,Lance Stroll,aston_martin,12,10,10,Finished,23,0.0
2024,11,sprint,Austrian Grand Prix,2024-06-30,red_bull_ring,ocon,OCO,Esteban Ocon,alpine,8,11,11,Finished,23,0.0
2024,11,sprint,Austrian Grand Prix,2024-06-30,red_bull_ring,gasly,GAS,Pierre Gasly,alpine,9,12,12,Finished,23,0.0
2024,11,sprint,Austrian Grand Prix,2024-06-30,red_bull_ring,tsunoda,TSU,Yuki Tsunoda,rb,14,13,13,Finished,23,0.0
2024,11,sprint,Austrian Grand Prix,2024-06-30,red_bull_ring,ricciardo,RIC,Daniel Ricciardo,rb,16,14,14,Finished,23,0.0
2024,11,sprint,Austrian Grand Prix,2024-06-30,red_bull_ring,alonso,ALO,Fernando Alonso,aston_martin,13,15,15,Finished,23,0.0
2024,11,sprint,Austrian Grand Prix,2024-06-30,red_bull_ring,sargeant,SAR,Logan Sargeant,williams,15,16,16,Finished,23,0.0
2024,11,sprint,Austrian Grand Prix,2024-06-30,red_bull_ring,albon,ALB,Alexander Albon,williams,20,17,17,Finished,23,0.0
2024,11,sprint,Austrian Grand Prix,2024-06-30,red_bull_ring,bottas,BOT,Valtteri Bottas,sauber,18,18,18,Finished,23,0.0
2024,11,sprint,Austrian Grand Prix,2024-06-30,red_bull_ring,hulkenberg,HUL,Nico Hülkenberg,haas,17,19,19,Finished,23,0.0
2024,11,sprint,Austrian Grand Prix,2024-06-30,red_bull_ring,zhou,ZHO,Guanyu Zhou,sauber,19,20,20,Finished,23,0.0
2024,12,race,British Grand Prix,2024-07-07,silverstone,hamilton,HAM,Lewis Hamilton,mercedes,2,1,1,Finished,52,25.0
2024,12,race,British Grand Prix,2024-07-07,silverstone,max_verstappen,VER,Max Verstappen,red_bull,4,2,2,Finished,52,18.0
2024,12,race,British Grand Prix,2024-07-07,silverstone,norris,NOR,Lando Norris,mclaren,3,3,3,Finished,52,15.0
2024,12,race,British Grand Prix,2024-07-07,silverstone,piastri,PIA,Oscar Piastri,mclaren,5,4,4,Finished,52,12.0
2024,12,race,British Grand Prix,2024-07-07,silverstone,sainz,SAI,Carlos Sainz,ferrari,7,5,5,Finished,52,11.0
2024,12,race,British Grand Prix,2024-07-07,silverstone,hulkenberg,HUL,Nico Hülkenberg,haas,6,6,6,Finished,52,8.0
2024,12,race,British Grand Prix,2024-07-07,silverstone,stroll,STR,Lance Stroll,aston_martin,8,7,7,Finished,52,6.0
2024,12,race,British Grand Prix,2024-07-07,silverstone,alonso,ALO,Fernando Alonso,aston_martin,10,8,8,Finished,52,4.0
2024,12,race,British Grand Prix,2024-07-07,silverstone,albon,ALB,Alexander Albon,williams,9,9,9,Finished,52,2.0
2024,12,race,British Grand Prix,2024-07-07,silverstone,tsunoda,TSU,Yuki Tsunoda,rb,13,10,10,Finished,52,1.0
2024,12,race,British Grand Prix,2024-07-07,silverstone,sargeant,SAR,Logan Sargeant,williams,12,11,11,Finished,52,0.0
2024,12,race,British Grand Prix,2024-07-07,silverstone,kevin_magnussen,MAG,Kevin Magnussen,haas,17,12,12,Finished,52,0.0
2024,12,race,British Grand Prix,2024-07-07,silverstone,ricciardo,RIC,Daniel Ricciardo,rb,15,13,13,Lapped,51,0.0
2024,12,race,British Grand Prix,2024-07-07,silverstone,leclerc,LEC,Charles Leclerc,ferrari,11,14,14,Lapped,51,0.0
2024,12,race,British Grand Prix,2024-07-07,silverstone,bottas,BOT,Valtteri Bottas,sauber,16,15,15,Lapped,51,0.0
2024,12,race,British Grand Prix,2024-07-07,silverstone,ocon,OCO,Esteban Ocon,alpine,18,16,16,Lapped,50,0.0
2024,12,race,British Grand Prix,2024-07-07,silverstone,perez,PER,Sergio Pérez,red_bull,20,17,17,Lapped,50,0.0
2024,12,race,British Grand Prix,2024-07-07,silverstone,zhou,ZHO,Guanyu Zhou,sauber,14,18,18,Lapped,50,0.0
2024,12,race,British Grand Prix,2024-07-07,silverstone,russell,RUS,George Russell,mercedes,1,19,R,Retired,33,0.0
2024,12,race,British Grand Prix,2024-07-07,silverstone,gasly,GAS,Pierre Gasly,alpine,19,20,W,Did not start,0,0.0
2024,13,race,Hungarian Grand Prix,2024-07-21,hungaroring,piastri,PIA,Oscar Piastri,mclaren,2,1,1,Finished,70,25.0
2024,13,race,Hungarian Grand Prix,2024-07-21,hungaroring,norris,NOR,Lando Norris,mclaren,1,2,2,Finished,70,18.0
2024,13,race,Hungarian Grand Prix,2024-07-21,hungaroring,hamilton,HAM,Lewis Hamilton,mercedes,5,3,3,Finished,70,15.0
2024,13,race,Hungarian Grand Prix,2024-07-21,hungaroring,leclerc,LEC,Charles Leclerc,ferrari,6,4,4,Finished,70,12.0
2024,13,race,Hungarian Grand Prix,2024-07-21,hungaroring,max_verstappen,VER,Max Verstappen,red_bull,3,5,5,Finished,70,10.0
2024,13,race,Hungarian Grand Prix,2024-07-21,hungaroring,sainz,SAI,Carlos Sainz,ferrari,4,6,6,Finished,70,8.0
2024,13,race,Hungarian Grand Prix,2024-07-21,hungaroring,perez,PER,Sergio Pérez,red_bull,16,7,7,Finished,70,6.0
2024,13,race,Hungarian Grand Prix,2024-07-21,hungaroring,russell,RUS,George Russell,mercedes,17,8,8,Finished,70,5.0
2024,13,race,Hungarian Grand Prix,2024-07-21,hungaroring,tsunoda,TSU,Yuki Tsunoda,rb,10,9,9,Finished,70,2.0
2024,13,race,Hungarian Grand Prix,2024-07-21,hungaroring,stroll,STR,Lance Stroll,aston_martin,8,10,10,Finished,70,1.0
2024,13,race,Hungarian Grand Prix,2024-07-21,hungaroring,alonso,ALO,Fernando Alonso,aston_martin,7,11,11,Finished,70,0.0
2024,13,race,Hungarian Grand Prix,2024-07-21,hungaroring,ricciardo,RIC,Daniel Ricciardo,rb,9,12,12,Lapped,69,0.0
2024,13,race,Hungarian Grand Prix,2024-07-21,hungaroring,hulkenberg,HUL,Nico Hülkenberg,haas,11,13,13,Lapped,69,0.0
2024,13,race,Hungarian Grand Prix,2024-07-21,hungaroring,albon,ALB,Alexander Albon,williams,13,14,14,Lapped,69,0.0
2024,13,race,Hungarian Grand Prix,2024-07-21,hungaroring,kevin_magnussen,MAG,Kevin Magnussen,haas,15,15,15,Lapped,69,0.0
2024,13,race,Hungarian Grand Prix,2024-07-21,hungaroring,bottas,BOT,Valtteri Bottas,sauber,12,16,16,Lapped,69,0.0
2024,13,race,Hungarian Grand Prix,2024-07-21,hungaroring,sargeant,SAR,Logan Sargeant,williams,14,17,17,Lapped,69,0.0
2024,13,race,Hungarian Grand Prix,2024-07-21,hungaroring,ocon,OCO,Esteban Ocon,alpine,19,18,18,Lapped,69,0.0
2024,13,race,Hungarian Grand Prix,2024-07-21,hungaroring,zhou,ZHO,Guanyu Zhou,sauber,18,19,19,Lapped,69,0.0
2024,13,race,Hungarian Grand Prix,2024-07-21,hungaroring,gasly,GAS,Pierre Gasly,alpine,20,20,R,Retired,33,0.0
2024,14,race,Belgian Grand Prix,2024-07-28,spa,hamilton,HAM,Lewis Hamilton,mercedes,3,1,1,Finished,44,25.0
2024,14,race,Belgian Grand Prix,2024-07-28,spa,piastri,PIA,Oscar Piastri,mclaren,5,2,2,Finished,44,18.0
2024,14,race,Belgian Grand Prix,2024-07-28,spa,leclerc,LEC,Charles Leclerc,ferrari,1,3,3,Finished,44,15.0
2024,14,race,Belgian Grand Prix,2024-07-28,spa,max_verstappen,VER,Max Verstappen,red_bull,11,4,4,Finished,44,12.0
2024,14,race,Belgian Grand Prix,2024-07-28,spa,norris,NOR,Lando Norris,mclaren,4,5,5,Finished,44,10.0
2024,14,race,Belgian Grand Prix,2024-07-28,spa,sainz,SAI,Carlos Sainz,ferrari,7,6,6,Finished,44,8.0
2024,14,race,Belgian Grand Prix,2024-07-28,spa,perez,PER,Sergio Pérez,red_bull,2,7,7,Finished,44,7.0
2024,14,race,Belgian Grand Prix,2024-07-28,spa,alonso,ALO,Fernando Alonso,aston_martin,8,8,8,Finished,44,4.0
2024,14,race,Belgian Grand Prix,2024-07-28,spa,ocon,OCO,Esteban Ocon,alpine,9,9,9,Finished,44,2.0
2024,14,race,Belgian Grand Prix,2024-07-28,spa,ricciardo,RIC,Daniel Ricciardo,rb,13,10,10,Finished,44,1.0
2024,14,race,Belgian Grand Prix,2024-07-28,spa,stroll,STR,Lance Stroll,aston_martin,15,11,11,Finished,44,0.0
2024,14,race,Belgian Grand Prix,2024-07-28,spa,albon,ALB,Alexander Albon,williams,10,12,12,Finished,44,0.0
2024,14,race,Belgian Grand Prix,2024-07-28,spa,gasly,GAS,Pierre Gasly,alpine,12,13,13,Finished,44,0.0
2024,14,race,Belgian Grand Prix,2024-07-28,spa,kevin_magnussen,MAG,Kevin Magnussen,haas,17,14,14,Finished,44,0.0
2024,14,race,Belgian Grand Prix,2024-07-28,spa,bottas,BOT,Valtteri Bottas,sauber,14,15,15,Finished,44,0.0
2024,14,race,Belgian Grand Prix,2024-07-28,spa,tsunoda,TSU,Yuki Tsunoda,rb,20,16,16,Finished,44,0.0
2024,14,race,Belgian Grand Prix,2024-07-28,spa,sargeant,SAR,Logan Sargeant,williams,18,17,17,Finished,44,0.0
2024,14,race,Belgian Grand Prix,2024-07-28,spa,hulkenberg,HUL,Nico Hülkenberg,haas,16,18,18,Finished,44,0.0
2024,14,race,Belgian Grand Prix,2024-07-28,spa,zhou,ZHO,Guanyu Zhou,sauber,19,19,R,Retired,5,0.0
2024,14,race,Belgian Grand Prix,2024-07-28,spa,russell,RUS,George Russell,mercedes,6,20,20,Disqualified,44,0.0
2024,15,race,Dutch Grand Prix,2024-08-25,zandvoort,norris,NOR,Lando Norris,mclaren,1,1,1,Finished,72,26.0
2024,15,race,Dutch Grand Prix,2024-08-25,zandvoort,max_verstappen,VER,Max Verstappen,red_bull,2,2,2,Finished,72,18.0
2024,15,race,Dutch Grand Prix,2024-08-25,zandvoort,leclerc,LEC,Charles Leclerc,ferrari,6,3,3,Finished,72,15.0
2024,15,race,Dutch Grand Prix,2024-08-25,zandvoort,piastri,PIA,Oscar Piastri,mclaren,3,4,4,Finished,72,12.0
2024,15,race,Dutch Grand Prix,2024-08-25,zandvoort,sainz,SAI,Carlos Sainz,ferrari,10,5,5,Finished,72,10.0
2024,15,race,Dutch Grand Prix,2024-08-25,zandvoort,perez,PER,Sergio Pérez,red_bull,5,6,6,Finished,72,8.0
2024,15,race,Dutch Grand Prix,2024-08-25,zandvoort,russell,RUS,George Russell,mercedes,4,7,7,Finished,72,6.0
2024,15,race,Dutch Grand Prix,2024-08-25,zandvoort,hamilton,HAM,Lewis Hamilton,mercedes,14,8,8,Finished,72,4.0
2024,15,race,Dutch Grand Prix,2024-08-25,zandvoort,gasly,GAS,Pierre Gasly,alpine,9,9,9,Lapped,71,2.0
2024,15,race,Dutch Grand Prix,2024-08-25,zandvoort,alonso,ALO,Fernando Alonso,aston_martin,7,10,10,Lapped,71,1.0
2024,15,race,Dutch Grand Prix,2024-08-25,zandvoort,hulkenberg,HUL,Nico Hülkenberg,haas,12,11,11,Lapped,71,0.0
2024,15,race,Dutch Grand Prix,2024-08-25,zandvoort,ricciardo,RIC,Daniel Ricciardo,rb,13,12,12,Lapped,71,0.0
2024,15,race,Dutch Grand Prix,2024-08-25,zandvoort,stroll,STR,Lance Stroll,aston_martin,8,13,13,Lapped,71,0.0
2024,15,race,Dutch Grand Prix,2024-08-25,zandvoort,albon,ALB,Alexander Albon,williams,19,14,14,Lapped,71,0.0
2024,15,race,Dutch Grand Prix,2024-08-25,zandvoort,ocon,OCO,Esteban Ocon,alpine,15,15,15,Lapped,71,0.0
2024,15,race,Dutch Grand Prix,2024-08-25,zandvoort,sargeant,SAR,Logan Sargeant,williams,18,16,16,Lapped,71,0.0
2024,15,race,Dutch Grand Prix,2024-08-25,zandvoort,tsunoda,TSU,Yuki Tsunoda,rb,11,17,17,Lapped,71,0.0
2024,15,race,Dutch Grand Prix,2024-08-25,zandvoort,kevin_magnussen,MAG,Kevin Magnussen,haas,20,18,18,Lapped,71,0.0
2024,15,race,Dutch Grand Prix,2024-08-25,zandvoort,bottas,BOT,Valtteri Bottas,sauber,16,19,19,Lapped,70,0.0
2024,15,race,Dutch Grand Prix,2024-08-25,zandvoort,zhou,ZHO,Guanyu Zhou,sauber,17,20,20,Lapped,70,0.0
2024,16,race,Italian Grand Prix,2024-09-01,monza,leclerc,LEC,Charles Leclerc,ferrari,4,1,1,Finished,53,25.0
2024,16,race,Italian Grand Prix,2024-09-01,monza,piastri,PIA,Oscar Piastri,mclaren,2,2,2,Finished,53,18.0
2024,16,race,Italian Grand Prix,2024-09-01,monza,norris,NOR,Lando Norris,mclaren,1,3,3,Finished,53,16.0
2024,16,race,Italian Grand Prix,2024-09-01,monza,sainz,SAI,Carlos Sainz,ferrari,5,4,4,Finished,53,12.0
2024,16,race,Italian Grand Prix,2024-09-01,monza,hamilton,HAM,Lewis Hamilton,mercedes,6,5,5,Finished,53,10.0
2024,16,race,Italian Grand Prix,2024-09-01,monza,max_verstappen,VER,Max Verstappen,red_bull,7,6,6,Finished,53,8.0
2024,16,race,Italian Grand Prix,2024-09-01,monza,russell,RUS,George Russell,mercedes,3,7,7,Finished,53,6.0
2024,16,race,Italian Grand Prix,2024-09-01,monza,perez,PER,Sergio Pérez,red_bull,8,8,8,Finished,53,4.0
2024,16,race,Italian Grand Prix,2024-09-01,monza,albon,ALB,Alexander Albon,williams,9,9,9,Finished,53,2.0
2024,16,race,Italian Grand Prix,2024-09-01,monza,kevin_magnussen,MAG,Kevin Magnussen,haas,13,10,10,Finished,53,1.0
2024,16,race,Italian Grand Prix,2024-09-01,monza,alonso,ALO,Fernando Alonso,aston_martin,11,11,11,Finished,53,0.0
2024,16,race,Italian Grand Prix,2024-09-01,monza,colapinto,COL,Franco Colapinto,williams,18,12,12,Finished,53,0.0
2024,16,race,Italian Grand Prix,2024-09-01,monza,ricciardo,RIC,Daniel Ricciardo,rb,12,13,13,Finished,53,0.0
2024,16,race,Italian Grand Prix,2024-09-01,monza,ocon,OCO,Esteban Ocon,alpine,15,14,14,Lapped,52,0.0
2024,16,race,Italian Grand Prix,2024-09-01,monza,gasly,GAS,Pierre Gasly,alpine,14,15,15,Lapped,52,0.0
2024,16,race,Italian Grand Prix,2024-09-01,monza,bottas,BOT,Valtteri Bottas,sauber,19,16,16,Lapped,52,0.0
2024,16,race,Italian Grand Prix,2024-09-01,monza,hulkenberg,HUL,Nico Hülkenberg,haas,10,17,17,Lapped,52,0.0
2024,16,race,Italian Grand Prix,2024-09-01,monza,zhou,ZHO,Guanyu Zhou,sauber,20,18,18,Lapped,52,0.0
2024,16,race,Italian Grand Prix,2024-09-01,monza,stroll,STR,Lance Stroll,aston_martin,17,19,19,Lapped,52,0.0
2024,16,race,Italian Grand Prix,2024-09-01,monza,tsunoda,TSU,Yuki Tsunoda,rb,16,20,R,Retired,7,0.0
2024,17,race,Azerbaijan Grand Prix,2024-09-15,baku,piastri,PIA,Oscar Piastri,mclaren,2,1,1,Finished,51,25.0
2024,17,race,Azerbaijan Grand Prix,2024-09-15,baku,leclerc,LEC,Charles Leclerc,ferrari,1,2,2,Finished,51,18.0
2024,17,race,Azerbaijan Grand Prix,2024-09-15,baku,russell,RUS,George Russell,mercedes,5,3,3,Finished,51,15.0
2024,17,race,Azerbaijan Grand Prix,2024-09-15,baku,norris,NOR,Lando Norris,mclaren,15,4,4,Finished,51,13.0
2024,17,race,Azerbaijan Grand Prix,2024-09-15,baku,max_verstappen,VER,Max Verstappen,red_bull,6,5,5,Finished,51,10.0
2024,17,race,Azerbaijan Grand Prix,2024-09-15,baku,alonso,ALO,Fernando Alonso,aston_martin,7,6,6,Finished,51,8.0
2024,17,race,Azerbaijan Grand Prix,2024-09-15,baku,albon,ALB,Alexander Albon,williams,9,7,7,Finished,51,6.0
2024,17,race,Azerbaijan Grand Prix,2024-09-15,baku,colapinto,COL,Franco Colapinto,williams,8,8,8,Finished,51,4.0
2024,17,race,Azerbaijan Grand Prix,2024-09-15,baku,hamilton,HAM,Lewis Hamilton,mercedes,19,9,9,Finished,51,2.0
2024,17,race,Azerbaijan Grand Prix,2024-09-15,baku,bearman,BEA,Oliver Bearman,haas,10,10,10,Finished,51,1.0
2024,17,race,Azerbaijan Grand Prix,2024-09-15,baku,hulkenberg,HUL,Nico Hülkenberg,haas,12,11,11,Finished,51,0.0
2024,17,race,Azerbaijan Grand Prix,2024-09-15,baku,gasly,GAS,Pierre Gasly,alpine,18,12,12,Finished,51,0.0
2024,17,race,Azerbaijan Grand Prix,2024-09-15,baku,ricciardo,RIC,Daniel Ricciardo,rb,14,13,13,Finished,51,0.0
2024,17,race,Azerbaijan Grand Prix,2024-09-15,baku,zhou,ZHO,Guanyu Zhou,sauber,17,14,14,Finished,51,0.0
2024,17,race,Azerbaijan Grand Prix,2024-09-15,baku,ocon,OCO,Esteban Ocon,alpine,20,15,15,Lapped,50,0.0
2024,17,race,Azerbaijan Grand Prix,2024-09-15,baku,bottas,BOT,Valtteri Bottas,sauber,16,16,16,Lapped,50,0.0
2024,17,race,Azerbaijan Grand Prix,2024-09-15,baku,perez,PER,Sergio Pérez,red_bull,4,17,17,Retired,49,0.0
2024,17,race,Azerbaijan Grand Prix,2024-09-15,baku,sainz,SAI,Carlos Sainz,ferrari,3,18,18,Retired,49,0.0
2024,17,race,Azerbaijan Grand Prix,2024-09-15,baku,stroll,STR,Lance Stroll,aston_martin,13,19,19,Retired,45,0.0
2024,17,race,Azerbaijan Grand Prix,2024-09-15,baku,tsunoda,TSU,Yuki Tsunoda,rb,11,20,R,Retired,14,0.0
2024,18,race,Singapore Grand Prix,2024-09-22,marina_bay,norris,NOR,Lando Norris,mclaren,1,1,1,Finished,62,25.0
2024,18,race,Singapore Grand Prix,2024-09-22,marina_bay,max_verstappen,VER,Max Verstappen,red_bull,2,2,2,Finished,62,18.0
2024,18,race,Singapore Grand Prix,2024-09-22,marina_bay,piastri,PIA,Oscar Piastri,mclaren,5,3,3,Finished,62,15.0
2024,18,race,Singapore Grand Prix,2024-09-22,marina_bay,russell,RUS,George Russell,mercedes,4,4,4,Finished,62,12.0
2024,18,race,Singapore Grand Prix,2024-09-22,marina_bay,leclerc,LEC,Charles Leclerc,ferrari,9,5,5,Finished,62,10.0
2024,18,race,Singapore Grand Prix,2024-09-22,marina_bay,hamilton,HAM,Lewis Hamilton,mercedes,3,6,6,Finished,62,8.0
2024,18,race,Singapore Grand Prix,2024-09-22,marina_bay,sainz,SAI,Carlos Sainz,ferrari,10,7,7,Finished,62,6.0
2024,18,race,Singapore Grand Prix,2024-09-22,marina_bay,alonso,ALO,Fernando Alonso,aston_martin,7,8,8,Lapped,61,4.0
2024,18,race,Singapore Grand Prix,2024-09-22,marina_bay,hulkenberg,HUL,Nico Hülkenberg,haas,6,9,9,Lapped,61,2.0
2024,18,race,Singapore Grand Prix,2024-09-22,marina_bay,perez,PER,Sergio Pérez,red_bull,13,10,10,Lapped,61,1.0
2024,18,race,Singapore Grand Prix,2024-09-22,marina_bay,colapinto,COL,Franco Colapinto,williams,12,11,11,Lapped,61,0.0
2024,18,race,Singapore Grand Prix,2024-09-22,marina_bay,tsunoda,TSU,Yuki Tsunoda,rb,8,12,12,Lapped,61,0.0
2024,18,race,Singapore Grand Prix,2024-09-22,marina_bay,ocon,OCO,Esteban Ocon,alpine,15,13,13,Lapped,61,0.0
2024,18,race,Singapore Grand Prix,2024-09-22,marina_bay,stroll,STR,Lance Stroll,aston_martin,17,14,14,Lapped,61,0.0
2024,18,race,Singapore Grand Prix,2024-09-22,marina_bay,zhou,ZHO,Guanyu Zhou,sauber,20,15,15,Lapped,61,0.0
2024,18,race,Singapore Grand Prix,2024-09-22,marina_bay,bottas,BOT,Valtteri Bottas,sauber,19,16,16,Lapped,61,0.0
2024,18,race,Singapore Grand Prix,2024-09-22,marina_bay,gasly,GAS,Pierre Gasly,alpine,18,17,17,Lapped,61,0.0
2024,18,race,Singapore Grand Prix,2024-09-22,marina_bay,ricciardo,RIC,Daniel Ricciardo,rb,16,18,18,Lapped,61,0.0
2024,18,race,Singapore Grand Prix,2024-09-22,marina_bay,kevin_magnussen,MAG,Kevin Magnussen,haas,14,19,19,Retired,57,0.0
2024,18,race,Singapore Grand Prix,2024-09-22,marina_bay,albon,ALB,Alexander Albon,williams,11,20,R,Retired,15,0.0
2024,19,race,United States Grand Prix,2024-10-20,americas,leclerc,LEC,Charles Leclerc,ferrari,4,1,1,Finished,56,25.0
2024,19,race,United States Grand Prix,2024-10-20,americas,sainz,SAI,Carlos Sainz,ferrari,3,2,2,Finished,56,18.0
2024,19,race,United States Grand Prix,2024-10-20,americas,max_verstappen,VER,Max Verstappen,red_bull,2,3,3,Finished,56,15.0
2024,19,race,United States Grand Prix,2024-10-20,americas,norris,NOR,Lando Norris,mclaren,1,4,4,Finished,56,12.0
2024,19,race,United States Grand Prix,2024-10-20,americas,piastri,PIA,Oscar Piastri,mclaren,5,5,5,Finished,56,10.0
2024,19,race,United States Grand Prix,2024-10-20,americas,russell,RUS,George Russell,mercedes,20,6,6,Finished,56,8.0
2024,19,race,United States Grand Prix,2024-10-20,americas,perez,PER,Sergio Pérez,red_bull,9,7,7,Finished,56,6.0
2024,19,race,United States Grand Prix,2024-10-20,americas,hulkenberg,HUL,Nico Hülkenberg,haas,11,8,8,Finished,56,4.0
2024,19,race,United States Grand Prix,2024-10-20,americas,lawson,LAW,Liam Lawson,rb,19,9,9,Finished,56,2.0
2024,19,race,United States Grand Prix,2024-10-20,americas,colapinto,COL,Franco Colapinto,williams,15,10,10,Finished,56,1.0
2024,19,race,United States Grand Prix,2024-10-20,americas,kevin_magnussen,MAG,Kevin Magnussen,haas,8,11,11,Finished,56,0.0
2024,19,race,United States Grand Prix,2024-10-20,americas,gasly,GAS,Pierre Gasly,alpine,6,12,12,Finished,56,0.0
2024,19,race,United States Grand Prix,2024-10-20,americas,alonso,ALO,Fernando Alonso,aston_martin,7,13,13,Lapped,55,0.0
2024,19,race,United States Grand Prix,2024-10-20,americas,tsunoda,TSU,Yuki Tsunoda,rb,10,14,14,Lapped,55,0.0
2024,19,race,United States Grand Prix,2024-10-20,americas,stroll,STR,Lance Stroll,aston_martin,13,15,15,Lapped,55,0.0
2024,19,race,United States Grand Prix,2024-10-20,americas,albon,ALB,Alexander Albon,williams,14,16,16,Lapped,55,0.0
2024,19,race,United States Grand Prix,2024-10-20,americas,bottas,BOT,Valtteri Bottas,sauber,16,17,17,Lapped,55,0.0
2024,19,race,United States Grand Prix,2024-10-20,americas,ocon,OCO,Esteban Ocon,alpine,12,18,18,Lapped,55,0.0
2024,19,race,United States Grand Prix,2024-10-20,americas,zhou,ZHO,Guanyu Zhou,sauber,18,19,19,Lapped,55,0.0
2024,19,race,United States Grand Prix,2024-10-20,americas,hamilton,HAM,Lewis Hamilton,mercedes,17,20,R,Retired,1,0.0
2024,19,sprint,United States Grand Prix,2024-10-20,americas,max_verstappen,VER,Max Verstappen,red_bull,1,1,1,Finished,19,8.0
2024,19,sprint,United States Grand Prix,2024-10-20,americas,sainz,SAI,Carlos Sainz,ferrari,5,2,2,Finished,19,7.0
2024,19,sprint,United States Grand Prix,2024-10-20,americas,norris,NOR,Lando Norris,mclaren,4,3,3,Finished,19,6.0
2024,19,sprint,United States Grand Prix,2024-10-20,americas,leclerc,LEC,Charles Leclerc,ferrari,3,4,4,Finished,19,5.0
2024,19,sprint,United States Grand Prix,2024-10-20,americas,russell,RUS,George Russell,mercedes,2,5,5,Finished,19,4.0
2024,19,sprint,United States Grand Prix,2024-10-20,americas,hamilton,HAM,Lewis Hamilton,mercedes,7,6,6,Finished,19,3.0
2024,19,sprint,United States Grand Prix,2024-10-20,americas,kevin_magnussen,MAG,Kevin Magnussen,haas,8,7,7,Finished,19,2.0
2024,19,sprint,United States Grand Prix,2024-10-20,americas,hulkenberg,HUL,Nico Hülkenberg,haas,6,8,8,Finished,19,1.0
2024,19,sprint,United States Grand Prix,2024-10-20,americas,perez,PER,Sergio Pérez,red_bull,11,9,9,Finished,19,0.0
2024,19,sprint,United States Grand Prix,2024-10-20,americas,piastri,PIA,Oscar Piastri,mclaren,16,10,10,Finished,19,0.0
2024,19,sprint,United States Grand Prix,2024-10-20,americas,tsunoda,TSU,Yuki Tsunoda,rb,9,11,11,Finished,19,0.0
2024,19,sprint,United States Grand Prix,2024-10-20,americas,colapinto,COL,Franco Colapinto,williams,10,12,12,Finished,19,0.0
2024,19,sprint,United States Grand Prix,2024-10-20,americas,stroll,STR,Lance Stroll,aston_martin,13,13,13,Finished,19,0.0
2024,19,sprint,United States Grand Prix,2024-10-20,americas,gasly,GAS,Pierre Gasly,alpine,12,14,14,Finished,19,0.0
2024,19,sprint,United States Grand Prix,2024-10-20,americas,ocon,OCO,Esteban Ocon,alpine,17,15,15,Finished,19,0.0
2024,19,sprint,United States Grand Prix,2024-10-20,americas,lawson,LAW,Liam Lawson,rb,15,16,16,Finished,19,0.0
2024,19,sprint,United States Grand Prix,2024-10-20,americas,albon,ALB,Alexander Albon,williams,20,17,17,Finished,19,0.0
2024,19,sprint,United States Grand Prix,2024-10-20,americas,alonso,ALO,Fernando Alonso,aston_martin,14,18,18,Finished,19,0.0
2024,19,sprint,United States Grand Prix,2024-10-20,americas,zhou,ZHO,Guanyu Zhou,sauber,19,19,19,Finished,19,0.0
2024,19,sprint,United States Grand Prix,2024-10-20,americas,bottas,BOT,Valtteri Bottas,sauber,18,20,20,Finished,19,0.0
2024,20,race,Mexico City Grand Prix,2024-10-27,rodriguez,sainz,SAI,Carlos Sainz,ferrari,1,1,1,Finished,71,25.0
2024,20,race,Mexico City Grand Prix,2024-10-27,rodriguez,norris,NOR,Lando Norris,mclaren,3,2,2,Finished,71,18.0
2024,20,race,Mexico City Grand Prix,2024-10-27,rodriguez,leclerc,LEC,Charles Leclerc,ferrari,4,3,3,Finished,71,16.0
2024,20,race,Mexico City Grand Prix,2024-10-27,rodriguez,hamilton,HAM,Lewis Hamilton,mercedes,6,4,4,Finished,71,12.0
2024,20,race,Mexico City Grand Prix,2024-10-27,rodriguez,russell,RUS,George Russell,mercedes,5,5,5,Finished,71,10.0
2024,20,race,Mexico City Grand Prix,2024-10-27,rodriguez,max_verstappen,VER,Max Verstappen,red_bull,2,6,6,Finished,71,8.0
2024,20,race,Mexico City Grand Prix,2024-10-27,rodriguez,kevin_magnussen,MAG,Kevin Magnussen,haas,7,7,7,Finished,71,6.0
2024,20,race,Mexico City Grand Prix,2024-10-27,rodriguez,piastri,PIA,Oscar Piastri,mclaren,17,8,8,Finished,71,4.0
2024,20,race,Mexico City Grand Prix,2024-10-27,rodriguez,hulkenberg,HUL,Nico Hülkenberg,haas,10,9,9,Lapped,70,2.0
2024,20,race,Mexico City Grand Prix,2024-10-27,rodriguez,gasly,GAS,Pierre Gasly,alpine,8,10,10,Lapped,70,1.0
2024,20,race,Mexico City Grand Prix,2024-10-27,rodriguez,stroll,STR,Lance Stroll,aston_martin,14,11,11,Lapped,70,0.0
2024,20,race,Mexico City Grand Prix,2024-10-27,rodriguez,colapinto,COL,Franco Colapinto,williams,16,12,12,Lapped,70,0.0
2024,20,race,Mexico City Grand Prix,2024-10-27,rodriguez,ocon,OCO,Esteban Ocon,alpine,0,13,13,Lapped,70,0.0
2024,20,race,Mexico City Grand Prix,2024-10-27,rodriguez,bottas,BOT,Valtteri Bottas,sauber,15,14,14,Lapped,70,0.0
2024,20,race,Mexico City Grand Prix,2024-10-27,rodriguez,zhou,ZHO,Guanyu Zhou,sauber,19,15,15,Lapped,70,0.0
2024,20,race,Mexico City Grand Prix,2024-10-27,rodriguez,lawson,LAW,Liam Lawson,rb,12,16,16,Lapped,70,0.0
2024,20,race,Mexico City Grand Prix,2024-10-27,rodriguez,perez,PER,Sergio Pérez,red_bull,18,17,17,Lapped,70,0.0
2024,20,race,Mexico City Grand Prix,2024-10-27,rodriguez,alonso,ALO,Fernando Alonso,aston_martin,13,18,R,Retired,15,0.0
2024,20,race,Mexico City Grand Prix,2024-10-27,rodriguez,albon,ALB,Alexander Albon,williams,9,19,R,Retired,0,0.0
2024,20,race,Mexico City Grand Prix,2024-10-27,rodriguez,tsunoda,TSU,Yuki Tsunoda,rb,11,20,R,Retired,0,0.0
2024,21,race,São Paulo Grand Prix,2024-11-03,interlagos,max_verstappen,VER,Max Verstappen,red_bull,17,1,1,Finished,69,26.0
2024,21,race,São Paulo Grand Prix,2024-11-03,interlagos,ocon,OCO,Esteban Ocon,alpine,4,2,2,Finished,69,18.0
2024,21,race,São Paulo Grand Prix,2024-11-03,interlagos,gasly,GAS,Pierre Gasly,alpine,13,3,3,Finished,69,15.0
2024,21,race,São Paulo Grand Prix,2024-11-03,interlagos,russell,RUS,George Russell,mercedes,2,4,4,Finished,69,12.0
2024,21,race,São Paulo Grand Prix,2024-11-03,interlagos,leclerc,LEC,Charles Leclerc,ferrari,6,5,5,Finished,69,10.0
2024,21,race,São Paulo Grand Prix,2024-11-03,interlagos,norris,NOR,Lando Norris,mclaren,1,6,6,Finished,69,8.0
2024,21,race,São Paulo Grand Prix,2024-11-03,interlagos,tsunoda,TSU,Yuki Tsunoda,rb,3,7,7,Finished,69,6.0
2024,21,race,São Paulo Grand Prix,2024-11-03,interlagos,piastri,PIA,Oscar Piastri,mclaren,8,8,8,Finished,69,4.0
2024,21,race,São Paulo Grand Prix,2024-11-03,interlagos,lawson,LAW,Liam Lawson,rb,5,9,9,Finished,69,2.0
2024,21,race,São Paulo Grand Prix,2024-11-03,interlagos,hamilton,HAM,Lewis Hamilton,mercedes,14,10,10,Finished,69,1.0
2024,21,race,São Paulo Grand Prix,2024-11-03,interlagos,perez,PER,Sergio Pérez,red_bull,12,11,11,Finished,69,0.0
2024,21,race,São Paulo Grand Prix,2024-11-03,interlagos,bearman,BEA,Oliver Bearman,haas,15,12,12,Finished,69,0.0
2024,21,race,São Paulo Grand Prix,2024-11-03,interlagos,bottas,BOT,Valtteri Bottas,sauber,11,13,13,Finished,69,0.0
2024,21,race,São Paulo Grand Prix,2024-11-03,interlagos,alonso,ALO,Fernando Alonso,aston_martin,9,14,14,Finished,69,0.0
2024,21,race,São Paulo Grand Prix,2024-11-03,interlagos,zhou,ZHO,Guanyu Zhou,sauber,19,15,15,Finished,69,0.0
2024,21,race,São Paulo Grand Prix,2024-11-03,interlagos,sainz,SAI,Carlos Sainz,ferrari,20,16,R,Retired,38,0.0
2024,21,race,São Paulo Grand Prix,2024-11-03,interlagos,colapinto,COL,Franco Colapinto,williams,16,17,R,Retired,30,0.0
2024,21,race,São Paulo Grand Prix,2024-11-03,interlagos,albon,ALB,Alexander Albon,williams,7,18,W,Did not start,0,0.0
2024,21,race,São Paulo Grand Prix,2024-11-03,interlagos,stroll,STR,Lance Stroll,aston_martin,10,19,W,Did not start,0,0.0
2024,21,race,São Paulo Grand Prix,2024-11-03,interlagos,hulkenberg,HUL,Nico Hülkenberg,haas,18,20,D,Disqualified,0,0.0
2024,21,sprint,São Paulo Grand Prix,2024-11-03,interlagos,norris,NOR,Lando Norris,mclaren,2,1,1,Finished,24,8.0
2024,21,sprint,São Paulo Grand Prix,2024-11-03,interlagos,piastri,PIA,Oscar Piastri,mclaren,1,2,2,Finished,24,7.0
2024,21,sprint,São Paulo Grand Prix,2024-11-03,interlagos,leclerc,LEC,Charles Leclerc,ferrari,3,3,3,Finished,24,6.0
2024,21,sprint,São Paulo Grand Prix,2024-11-03,interlagos,max_verstappen,VER,Max Verstappen,red_bull,4,4,4,Finished,24,5.0
2024,21,sprint,São Paulo Grand Prix,2024-11-03,interlagos,sainz,SAI,Carlos Sainz,ferrari,5,5,5,Finished,24,4.0
2024,21,sprint,São Paulo Grand Prix,2024-11-03,interlagos,russell,RUS,George Russell,mercedes,6,6,6,Finished,24,3.0
2024,21,sprint,São Paulo Grand Prix,2024-11-03,interlagos,gasly,GAS,Pierre Gasly,alpine,7,7,7,Finished,24,2.0
2024,21,sprint,São Paulo Grand Prix,2024-11-03,interlagos,perez,PER,Sergio Pérez,red_bull,13,8,8,Finished,24,1.0
2024,21,sprint,São Paulo Grand Prix,2024-11-03,interlagos,lawson,LAW,Liam Lawson,rb,8,9,9,Finished,24,0.0
2024,21,sprint,São Paulo Grand Prix,2024-11-03,interlagos,albon,ALB,Alexander Albon,williams,9,10,10,Finished,24,0.0
2024,21,sprint,São Paulo Grand Prix,2024-11-03,interlagos,hamilton,HAM,Lewis Hamilton,mercedes,11,11,11,Finished,24,0.0
2024,21,sprint,São Paulo Grand Prix,2024-11-03,interlagos,colapinto,COL,Franco Colapinto,williams,14,12,12,Finished,24,0.0
2024,21,sprint,São Paulo Grand Prix,2024-11-03,interlagos,ocon,OCO,Esteban Ocon,alpine,16,13,13,Finished,24,0.0
2024,21,sprint,São Paulo Grand Prix,2024-11-03,interlagos,bearman,BEA,Oliver Bearman,haas,10,14,14,Finished,24,0.0
2024,21,sprint,São Paulo Grand Prix,2024-11-03,interlagos,tsunoda,TSU,Yuki Tsunoda,rb,17,15,15,Finished,24,0.0
2024,21,sprint,São Paulo Grand Prix,2024-11-03,interlagos,bottas,BOT,Valtteri Bottas,sauber,15,16,16,Finished,24,0.0
2024,21,sprint,São Paulo Grand Prix,2024-11-03,interlagos,zhou,ZHO,Guanyu Zhou,sauber,20,17,17,Finished,24,0.0
2024,21,sprint,São Paulo Grand Prix,2024-11-03,interlagos,alonso,ALO,Fernando Alonso,aston_martin,18,18,18,Finished,24,0.0
2024,21,sprint,São Paulo Grand Prix,2024-11-03,interlagos,stroll,STR,Lance Stroll,aston_martin,19,19,19,Finished,24,0.0
2024,21,sprint,São Paulo Grand Prix,2024-11-03,interlagos,hulkenberg,HUL,Nico Hülkenberg,haas,12,20,R,Retired,19,0.0
2024,22,race,Las Vegas Grand Prix,2024-11-23,vegas,russell,RUS,George Russell,mercedes,1,1,1,Finished,50,25.0
2024,22,race,Las Vegas Grand Prix,2024-11-23,vegas,hamilton,HAM,Lewis Hamilton,mercedes,10,2,2,Finished,50,18.0
2024,22,race,Las Vegas Grand Prix,2024-11-23,vegas,sainz,SAI,Carlos Sainz,ferrari,2,3,3,Finished,50,15.0
2024,22,race,Las Vegas Grand Prix,2024-11-23,vegas,leclerc,LEC,Charles Leclerc,ferrari,4,4,4,Finished,50,12.0
2024,22,race,Las Vegas Grand Prix,2024-11-23,vegas,max_verstappen,VER,Max Verstappen,red_bull,5,5,5,Finished,50,10.0
2024,22,race,Las Vegas Grand Prix,2024-11-23,vegas,norris,NOR,Lando Norris,mclaren,6,6,6,Finished,50,9.0
2024,22,race,Las Vegas Grand Prix,2024-11-23,vegas,piastri,PIA,Oscar Piastri,mclaren,8,7,7,Finished,50,6.0
2024,22,race,Las Vegas Grand Prix,2024-11-23,vegas,hulkenberg,HUL,Nico Hülkenberg,haas,9,8,8,Finished,50,4.0
2024,22,race,Las Vegas Grand Prix,2024-11-23,vegas,tsunoda,TSU,Yuki Tsunoda,rb,7,9,9,Finished,50,2.0
2024,22,race,Las Vegas Grand Prix,2024-11-23,vegas,perez,PER,Sergio Pérez,red_bull,15,10,10,Finished,50,1.0
2024,22,race,Las Vegas Grand Prix,2024-11-23,vegas,alonso,ALO,Fernando Alonso,aston_martin,16,11,11,Finished,50,0.0
2024,22,race,Las Vegas Grand Prix,2024-11-23,vegas,kevin_magnussen,MAG,Kevin Magnussen,haas,12,12,12,Finished,50,0.0
2024,22,race,Las Vegas Grand Prix,2024-11-23,vegas,zhou,ZHO,Guanyu Zhou,sauber,13,13,13,Finished,50,0.0
2024,22,race,Las Vegas Grand Prix,2024-11-23,vegas,colapinto,COL,Franco Colapinto,williams,20,14,14,Finished,50,0.0
2024,22,race,Las Vegas Grand Prix,2024-11-23,vegas,stroll,STR,Lance Stroll,aston_martin,18,15,15,Finished,50,0.0
2024,22,race,Las Vegas Grand Prix,2024-11-23,vegas,lawson,LAW,Liam Lawson,rb,14,16,16,Finished,50,0.0
2024,22,race,Las Vegas Grand Prix,2024-11-23,vegas,ocon,OCO,Esteban Ocon,alpine,11,17,17,Lapped,49,0.0
2024,22,race,Las Vegas Grand Prix,2024-11-23,vegas,bottas,BOT,Valtteri Bottas,sauber,19,18,18,Lapped,49,0.0
2024,22,race,Las Vegas Grand Prix,2024-11-23,vegas,albon,ALB,Alexander Albon,williams,17,19,R,Retired,25,0.0
2024,22,race,Las Vegas Grand Prix,2024-11-23,vegas,gasly,GAS,Pierre Gasly,alpine,3,20,R,Retired,15,0.0
2024,23,race,Qatar Grand Prix,2024-12-01,losail,max_verstappen,VER,Max Verstappen,red_bull,2,1,1,Finished,57,25.0
2024,23,race,Qatar Grand Prix,2024-12-01,losail,leclerc,LEC,Charles Leclerc,ferrari,5,2,2,Finished,57,18.0
2024,23,race,Qatar Grand Prix,2024-12-01,losail,piastri,PIA,Oscar Piastri,mclaren,4,3,3,Finished,57,15.0
2024,23,race,Qatar Grand Prix,2024-12-01,losail,russell,RUS,George Russell,mercedes,1,4,4,Finished,57,12.0
2024,23,race,Qatar Grand Prix,2024-12-01,losail,gasly,GAS,Pierre Gasly,alpine,11,5,5,Finished,57,10.0
2024,23,race,Qatar Grand Prix,2024-12-01,losail,sainz,SAI,Carlos Sainz,ferrari,7,6,6,Finished,57,8.0
2024,23,race,Qatar Grand Prix,2024-12-01,losail,alonso,ALO,Fernando Alonso,aston_martin,8,7,7,Finished,57,6.0
2024,23,race,Qatar Grand Prix,2024-12-01,losail,zhou,ZHO,Guanyu Zhou,sauber,12,8,8,Finished,57,4.0
2024,23,race,Qatar Grand Prix,2024-12-01,losail,kevin_magnussen,MAG,Kevin Magnussen,haas,10,9,9,Finished,57,2.0
2024,23,race,Qatar Grand Prix,2024-12-01,losail,norris,NOR,Lando Norris,mclaren,3,10,10,Finished,57,2.0
2024,23,race,Qatar Grand Prix,2024-12-01,losail,bottas,BOT,Valtteri Bottas,sauber,13,11,11,Finished,57,0.0
2024,23,race,Qatar Grand Prix,2024-12-01,losail,hamilton,HAM,Lewis Hamilton,mercedes,6,12,12,Finished,57,0.0
2024,23,race,Qatar Grand Prix,2024-12-01,losail,tsunoda,TSU,Yuki Tsunoda,rb,14,13,13,Finished,57,0.0
2024,23,race,Qatar Grand Prix,2024-12-01,losail,lawson,LAW,Liam Lawson,rb,17,14,14,Finished,57,0.0
2024,23,race,Qatar Grand Prix,2024-12-01,losail,albon,ALB,Alexander Albon,williams,16,15,15,Lapped,56,0.0
2024,23,race,Qatar Grand Prix,2024-12-01,losail,hulkenberg,HUL,Nico Hülkenberg,haas,18,16,R,Retired,39,0.0
2024,23,race,Qatar Grand Prix,2024-12-01,losail,perez,PER,Sergio Pérez,red_bull,9,17,R,Retired,38,0.0
2024,23,race,Qatar Grand Prix,2024-12-01,losail,stroll,STR,Lance Stroll,aston_martin,15,18,R,Retired,8,0.0
2024,23,race,Qatar Grand Prix,2024-12-01,losail,colapinto,COL,Franco Colapinto,williams,19,19,R,Retired,0,0.0
2024,23,race,Qatar Grand Prix,2024-12-01,losail,ocon,OCO,Esteban Ocon,alpine,20,20,R,Retired,0,0.0
2024,23,sprint,Qatar Grand Prix,2024-12-01,losail,piastri,PIA,Oscar Piastri,mclaren,3,1,1,Finished,19,8.0
2024,23,sprint,Qatar Grand Prix,2024-12-01,losail,norris,NOR,Lando Norris,mclaren,1,2,2,Finished,19,7.0
2024,23,sprint,Qatar Grand Prix,2024-12-01,losail,russell,RUS,George Russell,mercedes,2,3,3,Finished,19,6.0
2024,23,sprint,Qatar Grand Prix,2024-12-01,losail,sainz,SAI,Carlos Sainz,ferrari,4,4,4,Finished,19,5.0
2024,23,sprint,Qatar Grand Prix,2024-12-01,losail,leclerc,LEC,Charles Leclerc,ferrari,5,5,5,Finished,19,4.0
2024,23,sprint,Qatar Grand Prix,2024-12-01,losail,hamilton,HAM,Lewis Hamilton,mercedes,7,6,6,Finished,19,3.0
2024,23,sprint,Qatar Grand Prix,2024-12-01,losail,hulkenberg,HUL,Nico Hülkenberg,haas,9,7,7,Finished,19,2.0
2024,23,sprint,Qatar Grand Prix,2024-12-01,losail,max_verstappen,VER,Max Verstappen,red_bull,6,8,8,Finished,19,1.0
2024,23,sprint,Qatar Grand Prix,2024-12-01,losail,gasly,GAS,Pierre Gasly,alpine,8,9,9,Finished,19,0.0
2024,23,sprint,Qatar Grand Prix,2024-12-01,losail,kevin_magnussen,MAG,Kevin Magnussen,haas,15,10,10,Finished,19,0.0
2024,23,sprint,Qatar Grand Prix,2024-12-01,losail,alonso,ALO,Fernando Alonso,aston_martin,11,11,11,Finished,19,0.0
2024,23,sprint,Qatar Grand Prix,2024-12-01,losail,bottas,BOT,Valtteri Bottas,sauber,13,12,12,Finished,19,0.0
2024,23,sprint,Qatar Grand Prix,2024-12-01,losail,stroll,STR,Lance Stroll,aston_martin,14,13,13,Finished,19,0.0
2024,23,sprint,Qatar Grand Prix,2024-12-01,losail,ocon,OCO,Esteban Ocon,alpine,17,14,14,Finished,19,0.0
2024,23,sprint,Qatar Grand Prix,2024-12-01,losail,albon,ALB,Alexander Albon,williams,12,15,15,Finished,19,0.0
2024,23,sprint,Qatar Grand Prix,2024-12-01,losail,lawson,LAW,Liam Lawson,rb,10,16,16,Finished,19,0.0
2024,23,sprint,Qatar Grand Prix,2024-12-01,losail,tsunoda,TSU,Yuki Tsunoda,rb,16,17,17,Finished,19,0.0
2024,23,sprint,Qatar Grand Prix,2024-12-01,losail,colapinto,COL,Franco Colapinto,williams,20,18,18,Finished,19,0.0
2024,23,sprint,Qatar Grand Prix,2024-12-01,losail,zhou,ZHO,Guanyu Zhou,sauber,18,19,19,Finished,19,0.0
2024,23,sprint,Qatar Grand Prix,2024-12-01,losail,perez,PER,Sergio Pérez,red_bull,19,20,20,Finished,19,0.0
2024,24,race,Abu Dhabi Grand Prix,2024-12-08,yas_marina,norris,NOR,Lando Norris,mclaren,1,1,1,Finished,58,25.0
2024,24,race,Abu Dhabi Grand Prix,2024-12-08,yas_marina,sainz,SAI,Carlos Sainz,ferrari,3,2,2,Finished,58,18.0
2024,24,race,Abu Dhabi Grand Prix,2024-12-08,yas_marina,leclerc,LEC,Charles Leclerc,ferrari,19,3,3,Finished,58,15.0
2024,24,race,Abu Dhabi Grand Prix,2024-12-08,yas_marina,hamilton,HAM,Lewis Hamilton,mercedes,16,4,4,Finished,58,12.0
2024,24,race,Abu Dhabi Grand Prix,2024-12-08,yas_marina,russell,RUS,George Russell,mercedes,6,5,5,Finished,58,10.0
2024,24,race,Abu Dhabi Grand Prix,2024-12-08,yas_marina,max_verstappen,VER,Max Verstappen,red_bull,4,6,6,Finished,58,8.0
2024,24,race,Abu Dhabi Grand Prix,2024-12-08,yas_marina,gasly,GAS,Pierre Gasly,alpine,5,7,7,Finished,58,6.0
2024,24,race,Abu Dhabi Grand Prix,2024-12-08,yas_marina,hulkenberg,HUL,Nico Hülkenberg,haas,7,8,8,Finished,58,4.0
2024,24,race,Abu Dhabi Grand Prix,2024-12-08,yas_marina,alonso,ALO,Fernando Alonso,aston_martin,8,9,9,Finished,58,2.0
2024,24,race,Abu Dhabi Grand Prix,2024-12-08,yas_marina,piastri,PIA,Oscar Piastri,mclaren,2,10,10,Finished,58,1.0
2024,24,race,Abu Dhabi Grand Prix,2024-12-08,yas_marina,albon,ALB,Alexander Albon,williams,18,11,11,Lapped,57,0.0
2024,24,race,Abu Dhabi Grand Prix,2024-12-08,yas_marina,tsunoda,TSU,Yuki Tsunoda,rb,11,12,12,Lapped,57,0.0
2024,24,race,Abu Dhabi Grand Prix,2024-12-08,yas_marina,zhou,ZHO,Guanyu Zhou,sauber,15,13,13,Lapped,57,0.0
2024,24,race,Abu Dhabi Grand Prix,2024-12-08,yas_marina,stroll,STR,Lance Stroll,aston_martin,13,14,14,Lapped,57,0.0
2024,24,race,Abu Dhabi Grand Prix,2024-12-08,yas_marina,doohan,DOO,Jack Doohan,alpine,17,15,15,Lapped,57,0.0
2024,24,race,Abu Dhabi Grand Prix,2024-12-08,yas_marina,kevin_magnussen,MAG,Kevin Magnussen,haas,14,16,16,Lapped,57,0.0
2024,24,race,Abu Dhabi Grand Prix,2024-12-08,yas_marina,lawson,LAW,Liam Lawson,rb,12,17,17,Retired,55,0.0
2024,24,race,Abu Dhabi Grand Prix,2024-12-08,yas_marina,bottas,BOT,Valtteri Bottas,sauber,9,18,R,Retired,30,0.0
2024,24,race,Abu Dhabi Grand Prix,2024-12-08,yas_marina,colapinto,COL,Franco Colapinto,williams,20,19,R,Retired,26,0.0
2024,24,race,Abu Dhabi Grand Prix,2024-12-08,yas_marina,perez,PER,Sergio Pérez,red_bull,10,20,R,Retired,0,0.0
2025,1,race,Australian Grand Prix,2025-03-16,albert_park,norris,NOR,Lando Norris,mclaren,1,1,1,Finished,57,25.0
2025,1,race,Australian Grand Prix,2025-03-16,albert_park,max_verstappen,VER,Max Verstappen,red_bull,3,2,2,Finished,57,18.0
2025,1,race,Australian Grand Prix,2025-03-16,albert_park,russell,RUS,George Russell,mercedes,4,3,3,Finished,57,15.0
2025,1,race,Australian Grand Prix,2025-03-16,albert_park,antonelli,ANT,Andrea Kimi Antonelli,mercedes,16,4,4,Finished,57,12.0
2025,1,race,Australian Grand Prix,2025-03-16,albert_park,albon,ALB,Alexander Albon,williams,6,5,5,Finished,57,10.0
2025,1,race,Australian Grand Prix,2025-03-16,albert_park,stroll,STR,Lance Stroll,aston_martin,13,6,6,Finished,57,8.0
2025,1,race,Australian Grand Prix,2025-03-16,albert_park,hulkenberg,HUL,Nico Hülkenberg,sauber,17,7,7,Finished,57,6.0
2025,1,race,Australian Grand Prix,2025-03-16,albert_park,leclerc,LEC,Charles Leclerc,ferrari,7,8,8,Finished,57,4.0
2025,1,race,Australian Grand Prix,2025-03-16,albert_park,piastri,PIA,Oscar Piastri,mclaren,2,9,9,Finished,57,2.0
2025,1,race,Australian Grand Prix,2025-03-16,albert_park,hamilton,HAM,Lewis Hamilton,ferrari,8,10,10,Finished,57,1.0
2025,1,race,Australian Grand Prix,2025-03-16,albert_park,gasly,GAS,Pierre Gasly,alpine,9,11,11,Finished,57,0.0
2025,1,race,Australian Grand Prix,2025-03-16,albert_park,tsunoda,TSU,Yuki Tsunoda,rb,5,12,12,Finished,57,0.0
2025,1,race,Australian Grand Prix,2025-03-16,albert_park,ocon,OCO,Esteban Ocon,haas,19,13,13,Finished,57,0.0
2025,1,race,Australian Grand Prix,2025-03-16,albert_park,bearman,BEA,Oliver Bearman,haas,20,14,14,Finished,57,0.0
2025,1,race,Australian Grand Prix,2025-03-16,albert_park,lawson,LAW,Liam Lawson,red_bull,18,15,R,Retired,46,0.0
2025,1,race,Australian Grand Prix,2025-03-16,albert_park,bortoleto,BOR,Gabriel Bortoleto,sauber,15,16,R,Retired,45,0.0
2025,1,race,Australian Grand Prix,2025-03-16,albert_park,alonso,ALO,Fernando Alonso,aston_martin,12,17,R,Retired,32,0.0
2025,1,race,Australian Grand Prix,2025-03-16,albert_park,sainz,SAI,Carlos Sainz,williams,10,18,R,Retired,0,0.0
2025,1,race,Australian Grand Prix,2025-03-16,albert_park,doohan,DOO,Jack Doohan,alpine,14,19,R,Retired,0,0.0
2025,1,race,Australian Grand Prix,2025-03-16,albert_park,hadjar,HAD,Isack Hadjar,rb,11,20,R,Retired,0,0.0
2025,2,race,Chinese Grand Prix,2025-03-23,shanghai,piastri,PIA,Oscar Piastri,mclaren,1,1,1,Finished,56,25.0
2025,2,race,Chinese Grand Prix,2025-03-23,shanghai,norris,NOR,Lando Norris,mclaren,3,2,2,Finished,56,18.0
2025,2,race,Chinese Grand Prix,2025-03-23,shanghai,russell,RUS,George Russell,mercedes,2,3,3,Finished,56,15.0
2025,2,race,Chinese Grand Prix,2025-03-23,shanghai,max_verstappen,VER,Max Verstappen,red_bull,4,4,4,Finished,56,12.0
2025,2,race,Chinese Grand Prix,2025-03-23,shanghai,ocon,OCO,Esteban Ocon,haas,11,5,5,Finished,56,10.0
2025,2,race,Chinese Grand Prix,2025-03-23,shanghai,antonelli,ANT,Andrea Kimi Antonelli,mercedes,8,6,6,Finished,56,8.0
2025,2,race,Chinese Grand Prix,2025-03-23,shanghai,albon,ALB,Alexander Albon,williams,10,7,7,Finished,56,6.0
2025,2,race,Chinese Grand Prix,2025-03-23,shanghai,bearman,BEA,Oliver Bearman,haas,17,8,8,Finished,56,4.0
2025,2,race,Chinese Grand Prix,2025-03-23,shanghai,stroll,STR,Lance Stroll,aston_martin,14,9,9,Finished,56,2.0
2025,2,race,Chinese Grand Prix,2025-03-23,shanghai,sainz,SAI,Carlos Sainz,williams,15,10,10,Finished,56,1.0
2025,2,race,Chinese Grand Prix,2025-03-23,shanghai,hadjar,HAD,Isack Hadjar,rb,7,11,11,Finished,56,0.0
2025,2,race,Chinese Grand Prix,2025-03-23,shanghai,lawson,LAW,Liam Lawson,red_bull,20,12,12,Finished,56,0.0
2025,2,race,Chinese Grand Prix,2025-03-23,shanghai,doohan,DOO,Jack Doohan,alpine,18,13,13,Finished,56,0.0
2025,2,race,Chinese Grand Prix,2025-03-23,shanghai,bortoleto,BOR,Gabriel Bortoleto,sauber,19,14,14,Lapped,55,0.0
2025,2,race,Chinese Grand Prix,2025-03-23,shanghai,hulkenberg,HUL,Nico Hülkenberg,sauber,12,15,15,Lapped,55,0.0
2025,2,race,Chinese Grand Prix,2025-03-23,shanghai,tsunoda,TSU,Yuki Tsunoda,rb,9,16,16,Lapped,55,0.0
2025,2,race,Chinese Grand Prix,2025-03-23,shanghai,alonso,ALO,Fernando Alonso,aston_martin,13,17,R,Retired,4,0.0
2025,2,race,Chinese Grand Prix,2025-03-23,shanghai,leclerc,LEC,Charles Leclerc,ferrari,6,18,D,Disqualified,0,0.0
2025,2,race,Chinese Grand Prix,2025-03-23,shanghai,hamilton,HAM,Lewis Hamilton,ferrari,5,19,D,Disqualified,0,0.0
2025,2,race,Chinese Grand Prix,2025-03-23,shanghai,gasly,GAS,Pierre Gasly,alpine,16,20,D,Disqualified,0,0.0
2025,2,sprint,Chinese Grand Prix,2025-03-23,shanghai,hamilton,HAM,Lewis Hamilton,ferrari,1,1,1,Finished,19,8.0
2025,2,sprint,Chinese Grand Prix,2025-03-23,shanghai,piastri,PIA,Oscar Piastri,mclaren,3,2,2,Finished,19,7.0
2025,2,sprint,Chinese Grand Prix,2025-03-23,shanghai,max_verstappen,VER,Max Verstappen,red_bull,2,3,3,Finished,19,6.0
2025,2,sprint,Chinese Grand Prix,2025-03-23,shanghai,russell,RUS,George Russell,mercedes,5,4,4,Finished,19,5.0
2025,2,sprint,Chinese Grand Prix,2025-03-23,shanghai,leclerc,LEC,Charles Leclerc,ferrari,4,5,5,Finished,19,4.0
2025,2,sprint,Chinese Grand Prix,2025-03-23,shanghai,tsunoda,TSU,Yuki Tsunoda,rb,8,6,6,Finished,19,3.0
2025,2,sprint,Chinese Grand Prix,2025-03-23,shanghai,antonelli,ANT,Andrea Kimi Antonelli,mercedes,7,7,7,Finished,19,2.0
2025,2,sprint,Chinese Grand Prix,2025-03-23,shanghai,norris,NOR,Lando Norris,mclaren,6,8,8,Finished,19,1.0
2025,2,sprint,Chinese Grand Prix,2025-03-23,shanghai,stroll,STR,Lance Stroll,aston_martin,10,9,9,Finished,19,0.0
2025,2,sprint,Chinese Grand Prix,2025-03-23,shanghai,alonso,ALO,Fernando Alonso,aston_martin,11,10,10,Finished,19,0.0
2025,2,sprint,Chinese Grand Prix,2025-03-23,shanghai,albon,ALB,Alexander Albon,williams,9,11,11,Finished,19,0.0
2025,2,sprint,Chinese Grand Prix,2025-03-23,shanghai,gasly,GAS,Pierre Gasly,alpine,17,12,12,Finished,19,0.0
2025,2,sprint,Chinese Grand Prix,2025-03-23,shanghai,hadjar,HAD,Isack Hadjar,rb,15,13,13,Finished,19,0.0
2025,2,sprint,Chinese Grand Prix,2025-03-23,shanghai,lawson,LAW,Liam Lawson,red_bull,19,14,14,Finished,19,0.0
2025,2,sprint,Chinese Grand Prix,2025-03-23,shanghai,bearman,BEA,Oliver Bearman,haas,12,15,15,Finished,19,0.0
2025,2,sprint,Chinese Grand Prix,2025-03-23,shanghai,ocon,OCO,Esteban Ocon,haas,18,16,16,Finished,19,0.0
2025,2,sprint,Chinese Grand Prix,2025-03-23,shanghai,sainz,SAI,Carlos Sainz,williams,13,17,17,Finished,19,0.0
2025,2,sprint,Chinese Grand Prix,2025-03-23,shanghai,bortoleto,BOR,Gabriel Bortoleto,sauber,14,18,18,Finished,19,0.0
2025,2,sprint,Chinese Grand Prix,2025-03-23,shanghai,hulkenberg,HUL,Nico Hülkenberg,sauber,20,19,19,Finished,19,0.0
2025,2,sprint,Chinese Grand Prix,2025-03-23,shanghai,doohan,DOO,Jack Doohan,alpine,16,20,20,Finished,19,0.0
2025,3,race,Japanese Grand Prix,2025-04-06,suzuka,max_verstappen,VER,Max Verstappen,red_bull,1,1,1,Finished,53,25.0
2025,3,race,Japanese Grand Prix,2025-04-06,suzuka,norris,NOR,Lando Norris,mclaren,2,2,2,Finished,53,18.0
2025,3,race,Japanese Grand Prix,2025-04-06,suzuka,piastri,PIA,Oscar Piastri,mclaren,3,3,3,Finished,53,15.0
2025,3,race,Japanese Grand Prix,2025-04-06,suzuka,leclerc,LEC,Charles Leclerc,ferrari,4,4,4,Finished,53,12.0
2025,3,race,Japanese Grand Prix,2025-04-06,suzuka,russell,RUS,George Russell,mercedes,5,5,5,Finished,53,10.0
2025,3,race,Japanese Grand Prix,2025-04-06,suzuka,antonelli,ANT,Andrea Kimi Antonelli,mercedes,6,6,6,Finished,53,8.0
2025,3,race,Japanese Grand Prix,2025-04-06,suzuka,hamilton,HAM,Lewis Hamilton,ferrari,8,7,7,Finished,53,6.0
2025,3,race,Japanese Grand Prix,2025-04-06,suzuka,hadjar,HAD,Isack Hadjar,rb,7,8,8,Finished,53,4.0
2025,3,race,Japanese Grand Prix,2025-04-06,suzuka,albon,ALB,Alexander Albon,williams,9,9,9,Finished,53,2.0
2025,3,race,Japanese Grand Prix,2025-04-06,suzuka,bearman,BEA,Oliver Bearman,haas,10,10,10,Finished,53,1.0
2025,3,race,Japanese Grand Prix,2025-04-06,suzuka,alonso,ALO,Fernando Alonso,aston_martin,12,11,11,Finished,53,0.0
2025,3,race,Japanese Grand Prix,2025-04-06,suzuka,tsunoda,TSU,Yuki Tsunoda,red_bull,14,12,12,Finished,53,0.0
2025,3,race,Japanese Grand Prix,2025-04-06,suzuka,gasly,GAS,Pierre Gasly,alpine,11,13,13,Finished,53,0.0
2025,3,race,Japanese Grand Prix,2025-04-06,suzuka,sainz,SAI,Carlos Sainz,williams,15,14,14,Finished,53,0.0
2025,3,race,Japanese Grand Prix,2025-04-06,suzuka,doohan,DOO,Jack Doohan,alpine,19,15,15,Finished,53,0.0
2025,3,race,Japanese Grand Prix,2025-04-06,suzuka,hulkenberg,HUL,Nico Hülkenberg,sauber,16,16,16,Finished,53,0.0
2025,3,race,Japanese Grand Prix,2025-04-06,suzuka,lawson,LAW,Liam Lawson,rb,13,17,17,Finished,53,0.0
2025,3,race,Japanese Grand Prix,2025-04-06,suzuka,ocon,OCO,Esteban Ocon,haas,18,18,18,Finished,53,0.0
2025,3,race,Japanese Grand Prix,2025-04-06,suzuka,bortoleto,BOR,Gabriel Bortoleto,sauber,17,19,19,Finished,53,0.0
2025,3,race,Japanese Grand Prix,2025-04-06,suzuka,stroll,STR,Lance Stroll,aston_martin,20,20,20,Lapped,52,0.0
2025,4,race,Bahrain Grand Prix,2025-04-13,bahrain,piastri,PIA,Oscar Piastri,mclaren,1,1,1,Finished,57,25.0
2025,4,race,Bahrain Grand Prix,2025-04-13,bahrain,russell,RUS,George Russell,mercedes,3,2,2,Finished,57,18.0
2025,4,race,Bahrain Grand Prix,2025-04-13,bahrain,norris,NOR,Lando Norris,mclaren,6,3,3,Finished,57,15.0
2025,4,race,Bahrain Grand Prix,2025-04-13,bahrain,leclerc,LEC,Charles Leclerc,ferrari,2,4,4,Finished,57,12.0
2025,4,race,Bahrain Grand Prix,2025-04-13,bahrain,hamilton,HAM,Lewis Hamilton,ferrari,9,5,5,Finished,57,10.0
2025,4,race,Bahrain Grand Prix,2025-04-13,bahrain,max_verstappen,VER,Max Verstappen,red_bull,7,6,6,Finished,57,8.0
2025,4,race,Bahrain Grand Prix,2025-04-13,bahrain,gasly,GAS,Pierre Gasly,alpine,4,7,7,Finished,57,6.0
2025,4,race,Bahrain Grand Prix,2025-04-13,bahrain,ocon,OCO,Esteban Ocon,haas,14,8,8,Finished,57,4.0
2025,4,race,Bahrain Grand Prix,2025-04-13,bahrain,tsunoda,TSU,Yuki Tsunoda,red_bull,10,9,9,Finished,57,2.0
2025,4,race,Bahrain Grand Prix,2025-04-13,bahrain,bearman,BEA,Oliver Bearman,haas,20,10,10,Finished,57,1.0
2025,4,race,Bahrain Grand Prix,2025-04-13,bahrain,antonelli,ANT,Andrea Kimi Antonelli,mercedes,5,11,11,Finished,57,0.0
2025,4,race,Bahrain Grand Prix,2025-04-13,bahrain,albon,ALB,Alexander Albon,williams,15,12,12,Finished,57,0.0
2025,4,race,Bahrain Grand Prix,2025-04-13,bahrain,hadjar,HAD,Isack Hadjar,rb,12,13,13,Finished,57,0.0
2025,4,race,Bahrain Grand Prix,2025-04-13,bahrain,doohan,DOO,Jack Doohan,alpine,11,14,14,Finished,57,0.0
2025,4,race,Bahrain Grand Prix,2025-04-13,bahrain,alonso,ALO,Fernando Alonso,aston_martin,13,15,15,Finished,57,0.0
2025,4,race,Bahrain Grand Prix,2025-04-13,bahrain,lawson,LAW,Liam Lawson,rb,17,16,16,Finished,57,0.0
2025,4,race,Bahrain Grand Prix,2025-04-13,bahrain,stroll,STR,Lance Stroll,aston_martin,19,17,17,Finished,57,0.0
2025,4,race,Bahrain Grand Prix,2025-04-13,bahrain,bortoleto,BOR,Gabriel Bortoleto,sauber,18,18,18,Finished,57,0.0
2025,4,race,Bahrain Grand Prix,2025-04-13,bahrain,sainz,SAI,Carlos Sainz,williams,8,19,R,Retired,45,0.0
2025,4,race,Bahrain Grand Prix,2025-04-13,bahrain,hulkenberg,HUL,Nico Hülkenberg,sauber,16,20,D,Disqualified,0,0.0
2025,5,race,Saudi Arabian Grand Prix,2025-04-20,jeddah,piastri,PIA,Oscar Piastri,mclaren,2,1,1,Finished,50,25.0
2025,5,race,Saudi Arabian Grand Prix,2025-04-20,jeddah,max_verstappen,VER,Max Verstappen,red_bull,1,2,2,Finished,50,18.0
2025,5,race,Saudi Arabian Grand Prix,2025-04-20,jeddah,leclerc,LEC,Charles Leclerc,ferrari,4,3,3,Finished,50,15.0
2025,5,race,Saudi Arabian Grand Prix,2025-04-20,jeddah,norris,NOR,Lando Norris,mclaren,10,4,4,Finished,50,12.0
2025,5,race,Saudi Arabian Grand Prix,2025-04-20,jeddah,russell,RUS,George Russell,mercedes,3,5,5,Finished,50,10.0
2025,5,race,Saudi Arabian Grand Prix,2025-04-20,jeddah,antonelli,ANT,Andrea Kimi Antonelli,mercedes,5,6,6,Finished,50,8.0
2025,5,race,Saudi Arabian Grand Prix,2025-04-20,jeddah,hamilton,HAM,Lewis Hamilton,ferrari,7,7,7,Finished,50,6.0
2025,5,race,Saudi Arabian Grand Prix,2025-04-20,jeddah,sainz,SAI,Carlos Sainz,williams,6,8,8,Finished,50,4.0
2025,5,race,Saudi Arabian Grand Prix,2025-04-20,jeddah,albon,ALB,Alexander Albon,williams,11,9,9,Finished,50,2.0
2025,5,race,Saudi Arabian Grand Prix,2025-04-20,jeddah,hadjar,HAD,Isack Hadjar,rb,14,10,10,Finished,50,1.0
2025,5,race,Saudi Arabian Grand Prix,2025-04-20,jeddah,alonso,ALO,Fernando Alonso,aston_martin,13,11,11,Finished,50,0.0
2025,5,race,Saudi Arabian Grand Prix,2025-04-20,jeddah,lawson,LAW,Liam Lawson,rb,12,12,12,Finished,50,0.0
2025,5,race,Saudi Arabian Grand Prix,2025-04-20,jeddah,bearman,BEA,Oliver Bearman,haas,15,13,13,Finished,50,0.0
2025,5,race,Saudi Arabian Grand Prix,2025-04-20,jeddah,ocon,OCO,Esteban Ocon,haas,19,14,14,Finished,50,0.0
2025,5,race,Saudi Arabian Grand Prix,2025-04-20,jeddah,hulkenberg,HUL,Nico Hülkenberg,sauber,18,15,15,Lapped,49,0.0
2025,5,race,Saudi Arabian Grand Prix,2025-04-20,jeddah,stroll,STR,Lance Stroll,aston_martin,16,16,16,Lapped,49,0.0
2025,5,race,Saudi Arabian Grand Prix,2025-04-20,jeddah,doohan,DOO,Jack Doohan,alpine,17,17,17,Lapped,49,0.0
2025,5,race,Saudi Arabian Grand Prix,2025-04-20,jeddah,bortoleto,BOR,Gabriel Bortoleto,sauber,20,18,18,Lapped,49,0.0
2025,5,race,Saudi Arabian Grand Prix,2025-04-20,jeddah,tsunoda,TSU,Yuki Tsunoda,red_bull,8,19,R,Retired,1,0.0
2025,5,race,Saudi Arabian Grand Prix,2025-04-20,jeddah,gasly,GAS,Pierre Gasly,alpine,9,20,R,Retired,0,0.0
2025,6,race,Miami Grand Prix,2025-05-04,miami,piastri,PIA,Oscar Piastri,mclaren,4,1,1,Finished,57,25.0
2025,6,race,Miami Grand Prix,2025-05-04,miami,norris,NOR,Lando Norris,mclaren,2,2,2,Finished,57,18.0
2025,6,race,Miami Grand Prix,2025-05-04,miami,russell,RUS,George Russell,mercedes,5,3,3,Finished,57,15.0
2025,6,race,Miami Grand Prix,2025-05-04,miami,max_verstappen,VER,Max Verstappen,red_bull,1,4,4,Finished,57,12.0
2025,6,race,Miami Grand Prix,2025-05-04,miami,albon,ALB,Alexander Albon,williams,7,5,5,Finished,57,10.0
2025,6,race,Miami Grand Prix,2025-05-04,miami,antonelli,ANT,Andrea Kimi Antonelli,mercedes,3,6,6,Finished,57,8.0
2025,6,race,Miami Grand Prix,2025-05-04,miami,leclerc,LEC,Charles Leclerc,ferrari,8,7,7,Finished,57,6.0
2025,6,race,Miami Grand Prix,2025-05-04,miami,hamilton,HAM,Lewis Hamilton,ferrari,12,8,8,Finished,57,4.0
2025,6,race,Miami Grand Prix,2025-05-04,miami,sainz,SAI,Carlos Sainz,williams,6,9,9,Finished,57,2.0
2025,6,race,Miami Grand Prix,2025-05-04,miami,tsunoda,TSU,Yuki Tsunoda,red_bull,10,10,10,Finished,57,1.0
2025,6,race,Miami Grand Prix,2025-05-04,miami,hadjar,HAD,Isack Hadjar,rb,11,11,11,Finished,57,0.0
2025,6,race,Miami Grand Prix,2025-05-04,miami,ocon,OCO,Esteban Ocon,haas,9,12,12,Finished,57,0.0
2025,6,race,Miami Grand Prix,2025-05-04,miami,gasly,GAS,Pierre Gasly,alpine,20,13,13,Finished,57,0.0
2025,6,race,Miami Grand Prix,2025-05-04,miami,hulkenberg,HUL,Nico Hülkenberg,sauber,16,14,14,Lapped,56,0.0
2025,6,race,Miami Grand Prix,2025-05-04,miami,alonso,ALO,Fernando Alonso,aston_martin,17,15,15,Lapped,56,0.0
2025,6,race,Miami Grand Prix,2025-05-04,miami,stroll,STR,Lance Stroll,aston_martin,18,16,16,Lapped,56,0.0
2025,6,race,Miami Grand Prix,2025-05-04,miami,lawson,LAW,Liam Lawson,rb,15,17,R,Retired,36,0.0
2025,6,race,Miami Grand Prix,2025-05-04,miami,bortoleto,BOR,Gabriel Bortoleto,sauber,13,18,R,Retired,30,0.0
2025,6,race,Miami Grand Prix,2025-05-04,miami,bearman,BEA,Oliver Bearman,haas,19,19,R,Retired,27,0.0
2025,6,race,Miami Grand Prix,2025-05-04,miami,doohan,DOO,Jack Doohan,alpine,14,20,R,Retired,0,0.0
2025,6,sprint,Miami Grand Prix,2025-05-04,miami,norris,NOR,Lando Norris,mclaren,3,1,1,Finished,18,8.0
2025,6,sprint,Miami Grand Prix,2025-05-04,miami,piastri,PIA,Oscar Piastri,mclaren,2,2,2,Finished,18,7.0
2025,6,sprint,Miami Grand Prix,2025-05-04,miami,hamilton,HAM,Lewis Hamilton,ferrari,7,3,3,Finished,18,6.0
2025,6,sprint,Miami Grand Prix,2025-05-04,miami,russell,RUS,George Russell,mercedes,5,4,4,Finished,18,5.0
2025,6,sprint,Miami Grand Prix,2025-05-04,miami,stroll,STR,Lance Stroll,aston_martin,16,5,5,Finished,18,4.0
2025,6,sprint,Miami Grand Prix,2025-05-04,miami,tsunoda,TSU,Yuki Tsunoda,red_bull,20,6,6,Finished,18,3.0
2025,6,sprint,Miami Grand Prix,2025-05-04,miami,antonelli,ANT,Andrea Kimi Antonelli,mercedes,1,7,7,Finished,18,2.0
2025,6,sprint,Miami Grand Prix,2025-05-04,miami,gasly,GAS,Pierre Gasly,alpine,13,8,8,Finished,18,1.0
2025,6,sprint,Miami Grand Prix,2025-05-04,miami,hulkenberg,HUL,Nico Hülkenberg,sauber,11,9,9,Finished,18,0.0
2025,6,sprint,Miami Grand Prix,2025-05-04,miami,hadjar,HAD,Isack Hadjar,rb,9,10,10,Finished,18,0.0
2025,6,sprint,Miami Grand Prix,2025-05-04,miami,albon,ALB,Alexander Albon,williams,8,11,11,Finished,18,0.0
2025,6,sprint,Miami Grand Prix,2025-05-04,miami,ocon,OCO,Esteban Ocon,haas,12,12,12,Finished,18,0.0
2025,6,sprint,Miami Grand Prix,2025-05-04,miami,lawson,LAW,Liam Lawson,rb,14,13,13,Finished,18,0.0
2025,6,sprint,Miami Grand Prix,2025-05-04,miami,bearman,BEA,Oliver Bearman,haas,19,14,14,Finished,18,0.0
2025,6,sprint,Miami Grand Prix,2025-05-04,miami,bortoleto,BOR,Gabriel Bortoleto,sauber,18,15,15,Finished,18,0.0
2025,6,sprint,Miami Grand Prix,2025-05-04,miami,doohan,DOO,Jack Doohan,alpine,17,16,16,Finished,18,0.0
2025,6,sprint,Miami Grand Prix,2025-05-04,miami,max_verstappen,VER,Max Verstappen,red_bull,4,17,17,Finished,18,0.0
2025,6,sprint,Miami Grand Prix,2025-05-04,miami,alonso,ALO,Fernando Alonso,aston_martin,10,18,R,Retired,13,0.0
2025,6,sprint,Miami Grand Prix,2025-05-04,miami,sainz,SAI,Carlos Sainz,williams,15,19,R,Retired,12,0.0
2025,6,sprint,Miami Grand Prix,2025-05-04,miami,leclerc,LEC,Charles Leclerc,ferrari,6,20,R,Retired,0,0.0
2025,7,race,Emilia Romagna Grand Prix,2025-05-18,imola,max_verstappen,VER,Max Verstappen,red_bull,2,1,1,Finished,63,25.0
2025,7,race,Emilia Romagna Grand Prix,2025-05-18,imola,norris,NOR,Lando Norris,mclaren,4,2,2,Finished,63,18.0
2025,7,race,Emilia Romagna Grand Prix,2025-05-18,imola,piastri,PIA,Oscar Piastri,mclaren,1,3,3,Finished,63,15.0
2025,7,race,Emilia Romagna Grand Prix,2025-05-18,imola,hamilton,HAM,Lewis Hamilton,ferrari,12,4,4,Finished,63,12.0
2025,7,race,Emilia Romagna Grand Prix,2025-05-18,imola,albon,ALB,Alexander Albon,williams,7,5,5,Finished,63,10.0
2025,7,race,Emilia Romagna Grand Prix,2025-05-18,imola,leclerc,LEC,Charles Leclerc,ferrari,11,6,6,Finished,63,8.0
2025,7,race,Emilia Romagna Grand Prix,2025-05-18,imola,russell,RUS,George Russell,mercedes,3,7,7,Finished,63,6.0
2025,7,race,Emilia Romagna Grand Prix,2025-05-18,imola,sainz,SAI,Carlos Sainz,williams,6,8,8,Finished,63,4.0
2025,7,race,Emilia Romagna Grand Prix,2025-05-18,imola,hadjar,HAD,Isack Hadjar,rb,9,9,9,Finished,63,2.0
2025,7,race,Emilia Romagna Grand Prix,2025-05-18,imola,tsunoda,TSU,Yuki Tsunoda,red_bull,20,10,10,Finished,63,1.0
2025,7,race,Emilia Romagna Grand Prix,2025-05-18,imola,alonso,ALO,Fernando Alonso,aston_martin,5,11,11,Finished,63,0.0
2025,7,race,Emilia Romagna Grand Prix,2025-05-18,imola,hulkenberg,HUL,Nico Hülkenberg,sauber,17,12,12,Finished,63,0.0
2025,7,race,Emilia Romagna Grand Prix,2025-05-18,imola,gasly,GAS,Pierre Gasly,alpine,10,13,13,Finished,63,0.0
2025,7,race,Emilia Romagna Grand Prix,2025-05-18,imola,lawson,LAW,Liam Lawson,rb,15,14,14,Finished,63,0.0
2025,7,race,Emilia Romagna Grand Prix,2025-05-18,imola,stroll,STR,Lance Stroll,aston_martin,8,15,15,Finished,63,0.0
2025,7,race,Emilia Romagna Grand Prix,2025-05-18,imola,colapinto,COL,Franco Colapinto,alpine,16,16,16,Finished,63,0.0
2025,7,race,Emilia Romagna Grand Prix,2025-05-18,imola,bearman,BEA,Oliver Bearman,haas,19,17,17,Finished,63,0.0
2025,7,race,Emilia Romagna Grand Prix,2025-05-18,imola,bortoleto,BOR,Gabriel Bortoleto,sauber,14,18,18,Finished,63,0.0
2025,7,race,Emilia Romagna Grand Prix,2025-05-18,imola,antonelli,ANT,Andrea Kimi Antonelli,mercedes,13,19,R,Retired,44,0.0
2025,7,race,Emilia Romagna Grand Prix,2025-05-18,imola,ocon,OCO,Esteban Ocon,haas,18,20,R,Retired,27,0.0
2025,8,race,Monaco Grand Prix,2025-05-25,monaco,norris,NOR,Lando Norris,mclaren,1,1,1,Finished,78,25.0
2025,8,race,Monaco Grand Prix,2025-05-25,monaco,leclerc,LEC,Charles Leclerc,ferrari,2,2,2,Finished,78,18.0
2025,8,race,Monaco Grand Prix,2025-05-25,monaco,piastri,PIA,Oscar Piastri,mclaren,3,3,3,Finished,78,15.0
2025,8,race,Monaco Grand Prix,2025-05-25,monaco,max_verstappen,VER,Max Verstappen,red_bull,4,4,4,Finished,78,12.0
2025,8,race,Monaco Grand Prix,2025-05-25,monaco,hamilton,HAM,Lewis Hamilton,ferrari,7,5,5,Finished,78,10.0
2025,8,race,Monaco Grand Prix,2025-05-25,monaco,hadjar,HAD,Isack Hadjar,rb,5,6,6,Lapped,77,8.0
2025,8,race,Monaco Grand Prix,2025-05-25,monaco,ocon,OCO,Esteban Ocon,haas,8,7,7,Lapped,77,6.0
2025,8,race,Monaco Grand Prix,2025-05-25,monaco,lawson,LAW,Liam Lawson,rb,9,8,8,Lapped,77,4.0
2025,8,race,Monaco Grand Prix,2025-05-25,monaco,albon,ALB,Alexander Albon,williams,10,9,9,Lapped,76,2.0
2025,8,race,Monaco Grand Prix,2025-05-25,monaco,sainz,SAI,Carlos Sainz,williams,11,10,10,Lapped,76,1.0
2025,8,race,Monaco Grand Prix,2025-05-25,monaco,russell,RUS,George Russell,mercedes,14,11,11,Lapped,76,0.0
2025,8,race,Monaco Grand Prix,2025-05-25,monaco,bearman,BEA,Oliver Bearman,haas,20,12,12,Lapped,76,0.0
2025,8,race,Monaco Grand Prix,2025-05-25,monaco,colapinto,COL,Franco Colapinto,alpine,18,13,13,Lapped,76,0.0
2025,8,race,Monaco Grand Prix,2025-05-25,monaco,bortoleto,BOR,Gabriel Bortoleto,sauber,16,14,14,Lapped,76,0.0
2025,8,race,Monaco Grand Prix,2025-05-25,monaco,stroll,STR,Lance Stroll,aston_martin,19,15,15,Lapped,76,0.0
2025,8,race,Monaco Grand Prix,2025-05-25,monaco,hulkenberg,HUL,Nico Hülkenberg,sauber,13,16,16,Lapped,76,0.0
2025,8,race,Monaco Grand Prix,2025-05-25,monaco,tsunoda,TSU,Yuki Tsunoda,red_bull,12,17,17,Lapped,76,0.0
2025,8,race,Monaco Grand Prix,2025-05-25,monaco,antonelli,ANT,Andrea Kimi Antonelli,mercedes,15,18,18,Lapped,75,0.0
2025,8,race,Monaco Grand Prix,2025-05-25,monaco,alonso,ALO,Fernando Alonso,aston_martin,6,19,R,Retired,36,0.0
2025,8,race,Monaco Grand Prix,2025-05-25,monaco,gasly,GAS,Pierre Gasly,alpine,17,20,R,Retired,7,0.0
2025,9,race,Spanish Grand Prix,2025-06-01,catalunya,piastri,PIA,Oscar Piastri,mclaren,1,1,1,Finished,66,25.0
2025,9,race,Spanish Grand Prix,2025-06-01,catalunya,norris,NOR,Lando Norris,mclaren,2,2,2,Finished,66,18.0
2025,9,race,Spanish Grand Prix,2025-06-01,catalunya,leclerc,LEC,Charles Leclerc,ferrari,7,3,3,Finished,66,15.0
2025,9,race,Spanish Grand Prix,2025-06-01,catalunya,russell,RUS,George Russell,mercedes,4,4,4,Finished,66,12.0
2025,9,race,Spanish Grand Prix,2025-06-01,catalunya,hulkenberg,HUL,Nico Hülkenberg,sauber,15,5,5,Finished,66,10.0
2025,9,race,Spanish Grand Prix,2025-06-01,catalunya,hamilton,HAM,Lewis Hamilton,ferrari,5,6,6,Finished,66,8.0
2025,9,race,Spanish Grand Prix,2025-06-01,catalunya,hadjar,HAD,Isack Hadjar,rb,9,7,7,Finished,66,6.0
2025,9,race,Spanish Grand Prix,2025-06-01,catalunya,gasly,GAS,Pierre Gasly,alpine,8,8,8,Finished,66,4.0
2025,9,race,Spanish Grand Prix,2025-06-01,catalunya,alonso,ALO,Fernando Alonso,aston_martin,10,9,9,Finished,66,2.0
2025,9,race,Spanish Grand Prix,2025-06-01,catalunya,max_verstappen,VER,Max Verstappen,red_bull,3,10,10,Finished,66,1.0
2025,9,race,Spanish Grand Prix,2025-06-01,catalunya,lawson,LAW,Liam Lawson,rb,13,11,11,Finished,66,0.0
2025,9,race,Spanish Grand Prix,2025-06-01,catalunya,bortoleto,BOR,Gabriel Bortoleto,sauber,12,12,12,Finished,66,0.0
2025,9,race,Spanish Grand Prix,2025-06-01,catalunya,tsunoda,TSU,Yuki Tsunoda,red_bull,19,13,13,Finished,66,0.0
2025,9,race,Spanish Grand Prix,2025-06-01,catalunya,sainz,SAI,Carlos Sainz,williams,17,14,14,Finished,66,0.0
2025,9,race,Spanish Grand Prix,2025-06-01,catalunya,colapinto,COL,Franco Colapinto,alpine,18,15,15,Finished,66,0.0
2025,9,race,Spanish Grand Prix,2025-06-01,catalunya,ocon,OCO,Esteban Ocon,haas,16,16,16,Finished,66,0.0
2025,9,race,Spanish Grand Prix,2025-06-01,catalunya,bearman,BEA,Oliver Bearman,haas,14,17,17,Finished,66,0.0
2025,9,race,Spanish Grand Prix,2025-06-01,catalunya,antonelli,ANT,Andrea Kimi Antonelli,mercedes,6,18,R,Retired,53,0.0
2025,9,race,Spanish Grand Prix,2025-06-01,catalunya,albon,ALB,Alexander Albon,williams,11,19,R,Retired,27,0.0
2025,10,race,Canadian Grand Prix,2025-06-15,villeneuve,russell,RUS,George Russell,mercedes,1,1,1,Finished,70,25.0
2025,10,race,Canadian Grand Prix,2025-06-15,villeneuve,max_verstappen,VER,Max Verstappen,red_bull,2,2,2,Finished,70,18.0
2025,10,race,Canadian Grand Prix,2025-06-15,villeneuve,antonelli,ANT,Andrea Kimi Antonelli,mercedes,4,3,3,Finished,70,15.0
2025,10,race,Canadian Grand Prix,2025-06-15,villeneuve,piastri,PIA,Oscar Piastri,mclaren,3,4,4,Finished,70,12.0
2025,10,race,Canadian Grand Prix,2025-06-15,villeneuve,leclerc,LEC,Charles Leclerc,ferrari,8,5,5,Finished,70,10.0
2025,10,race,Canadian Grand Prix,2025-06-15,villeneuve,hamilton,HAM,Lewis Hamilton,ferrari,5,6,6,Finished,70,8.0
2025,10,race,Canadian Grand Prix,2025-06-15,villeneuve,alonso,ALO,Fernando Alonso,aston_martin,6,7,7,Finished,70,6.0
2025,10,race,Canadian Grand Prix,2025-06-15,villeneuve,hulkenberg,HUL,Nico Hülkenberg,sauber,11,8,8,Finished,70,4.0
2025,10,race,Canadian Grand Prix,2025-06-15,villeneuve,ocon,OCO,Esteban Ocon,haas,14,9,9,Lapped,69,2.0
2025,10,race,Canadian Grand Prix,2025-06-15,villeneuve,sainz,SAI,Carlos Sainz,williams,16,10,10,Lapped,69,1.0
2025,10,race,Canadian Grand Prix,2025-06-15,villeneuve,bearman,BEA,Oliver Bearman,haas,13,11,11,Lapped,69,0.0
2025,10,race,Canadian Grand Prix,2025-06-15,villeneuve,tsunoda,TSU,Yuki Tsunoda,red_bull,18,12,12,Lapped,69,0.0
2025,10,race,Canadian Grand Prix,2025-06-15,villeneuve,colapinto,COL,Franco Colapinto,alpine,10,13,13,Lapped,69,0.0
2025,10,race,Canadian Grand Prix,2025-06-15,villeneuve,bortoleto,BOR,Gabriel Bortoleto,sauber,15,14,14,Lapped,69,0.0
2025,10,race,Canadian Grand Prix,2025-06-15,villeneuve,gasly,GAS,Pierre Gasly,alpine,20,15,15,Lapped,69,0.0
2025,10,race,Canadian Grand Prix,2025-06-15,villeneuve,hadjar,HAD,Isack Hadjar,rb,12,16,16,Lapped,69,0.0
2025,10,race,Canadian Grand Prix,2025-06-15,villeneuve,stroll,STR,Lance Stroll,aston_martin,17,17,17,Lapped,69,0.0
2025,10,race,Canadian Grand Prix,2025-06-15,villeneuve,norris,NOR,Lando Norris,mclaren,7,18,18,Retired,66,0.0
2025,10,race,Canadian Grand Prix,2025-06-15,villeneuve,lawson,LAW,Liam Lawson,rb,19,19,R,Retired,53,0.0
2025,10,race,Canadian Grand Prix,2025-06-15,villeneuve,albon,ALB,Alexander Albon,williams,9,20,R,Retired,46,0.0
2025,11,race,Austrian Grand Prix,2025-06-29,red_bull_ring,norris,NOR,Lando Norris,mclaren,1,1,1,Finished,70,25.0
2025,11,race,Austrian Grand Prix,2025-06-29,red_bull_ring,piastri,PIA,Oscar Piastri,mclaren,3,2,2,Finished,70,18.0
2025,11,race,Austrian Grand Prix,2025-06-29,red_bull_ring,leclerc,LEC,Charles Leclerc,ferrari,2,3,3,Finished,70,15.0
2025,11,race,Austrian Grand Prix,2025-06-29,red_bull_ring,hamilton,HAM,Lewis Hamilton,ferrari,4,4,4,Finished,70,12.0
2025,11,race,Austrian Grand Prix,2025-06-29,red_bull_ring,russell,RUS,George Russell,mercedes,5,5,5,Finished,70,10.0
2025,11,race,Austrian Grand Prix,2025-06-29,red_bull_ring,lawson,LAW,Liam Lawson,rb,6,6,6,Finished,70,8.0
2025,11,race,Austrian Grand Prix,2025-06-29,red_bull_ring,alonso,ALO,Fernando Alonso,aston_martin,11,7,7,Lapped,69,6.0
2025,11,race,Austrian Grand Prix,2025-06-29,red_bull_ring,bortoleto,BOR,Gabriel Bortoleto,sauber,8,8,8,Lapped,69,4.0
2025,11,race,Austrian Grand Prix,2025-06-29,red_bull_ring,hulkenberg,HUL,Nico Hülkenberg,sauber,20,9,9,Lapped,69,2.0
2025,11,race,Austrian Grand Prix,2025-06-29,red_bull_ring,ocon,OCO,Esteban Ocon,haas,17,10,10,Lapped,69,1.0
2025,11,race,Austrian Grand Prix,2025-06-29,red_bull_ring,bearman,BEA,Oliver Bearman,haas,15,11,11,Lapped,69,0.0
2025,11,race,Austrian Grand Prix,2025-06-29,red_bull_ring,hadjar,HAD,Isack Hadjar,rb,13,12,12,Lapped,69,0.0
2025,11,race,Austrian Grand Prix,2025-06-29,red_bull_ring,gasly,GAS,Pierre Gasly,alpine,10,13,13,Lapped,69,0.0
2025,11,race,Austrian Grand Prix,2025-06-29,red_bull_ring,stroll,STR,Lance Stroll,aston_martin,16,14,14,Lapped,69,0.0
2025,11,race,Austrian Grand Prix,2025-06-29,red_bull_ring,colapinto,COL,Franco Colapinto,alpine,14,15,15,Lapped,69,0.0
2025,11,race,Austrian Grand Prix,2025-06-29,red_bull_ring,tsunoda,TSU,Yuki Tsunoda,red_bull,18,16,16,Lapped,68,0.0
2025,11,race,Austrian Grand Prix,2025-06-29,red_bull_ring,albon,ALB,Alexander Albon,williams,12,17,R,Retired,15,0.0
2025,11,race,Austrian Grand Prix,2025-06-29,red_bull_ring,max_verstappen,VER,Max Verstappen,red_bull,7,18,R,Retired,0,0.0
2025,11,race,Austrian Grand Prix,2025-06-29,red_bull_ring,antonelli,ANT,Andrea Kimi Antonelli,mercedes,9,19,R,Retired,0,0.0
2025,11,race,Austrian Grand Prix,2025-06-29,red_bull_ring,sainz,SAI,Carlos Sainz,williams,19,20,W,Did not start,0,0.0
2025,12,race,British Grand Prix,2025-07-06,silverstone,norris,NOR,Lando Norris,mclaren,3,1,1,Finished,52,25.0
2025,12,race,British Grand Prix,2025-07-06,silverstone,piastri,PIA,Oscar Piastri,mclaren,2,2,2,Finished,52,18.0
2025,12,race,British Grand Prix,2025-07-06,silverstone,hulkenberg,HUL,Nico Hülkenberg,sauber,19,3,3,Finished,52,15.0
2025,12,race,British Grand Prix,2025-07-06,silverstone,hamilton,HAM,Lewis Hamilton,ferrari,5,4,4,Finished,52,12.0
2025,12,race,British Grand Prix,2025-07-06,silverstone,max_verstappen,VER,Max Verstappen,red_bull,1,5,5,Finished,52,10.0
2025,12,race,British Grand Prix,2025-07-06,silverstone,gasly,GAS,Pierre Gasly,alpine,8,6,6,Finished,52,8.0
2025,12,race,British Grand Prix,2025-07-06,silverstone,stroll,STR,Lance Stroll,aston_martin,17,7,7,Finished,52,6.0
2025,12,race,British Grand Prix,2025-07-06,silverstone,albon,ALB,Alexander Albon,williams,13,8,8,Finished,52,4.0
2025,12,race,British Grand Prix,2025-07-06,silverstone,alonso,ALO,Fernando Alonso,aston_martin,7,9,9,Finished,52,2.0
2025,12,race,British Grand Prix,2025-07-06,silverstone,russell,RUS,George Russell,mercedes,4,10,10,Finished,52,1.0
2025,12,race,British Grand Prix,2025-07-06,silverstone,bearman,BEA,Oliver Bearman,haas,18,11,11,Finished,52,0.0
2025,12,race,British Grand Prix,2025-07-06,silverstone,sainz,SAI,Carlos Sainz,williams,9,12,12,Finished,52,0.0
2025,12,race,British Grand Prix,2025-07-06,silverstone,ocon,OCO,Esteban Ocon,haas,14,13,13,Finished,52,0.0
2025,12,race,British Grand Prix,2025-07-06,silverstone,leclerc,LEC,Charles Leclerc,ferrari,6,14,14,Finished,52,0.0
2025,12,race,British Grand Prix,2025-07-06,silverstone,tsunoda,TSU,Yuki Tsunoda,red_bull,11,15,15,Lapped,51,0.0
2025,12,race,British Grand Prix,2025-07-06,silverstone,antonelli,ANT,Andrea Kimi Antonelli,mercedes,10,16,R,Retired,23,0.0
2025,12,race,British Grand Prix,2025-07-06,silverstone,hadjar,HAD,Isack Hadjar,rb,12,17,R,Retired,17,0.0
2025,12,race,British Grand Prix,2025-07-06,silverstone,bortoleto,BOR,Gabriel Bortoleto,sauber,16,18,R,Retired,3,0.0
2025,12,race,British Grand Prix,2025-07-06,silverstone,lawson,LAW,Liam Lawson,rb,15,19,R,Retired,0,0.0
2025,12,race,British Grand Prix,2025-07-06,silverstone,colapinto,COL,Franco Colapinto,alpine,20,20,W,Did not start,0,0.0
2025,13,race,Belgian Grand Prix,2025-07-27,spa,piastri,PIA,Oscar Piastri,mclaren,2,1,1,Finished,44,25.0
2025,13,race,Belgian Grand Prix,2025-07-27,spa,norris,NOR,Lando Norris,mclaren,1,2,2,Finished,44,18.0
2025,13,race,Belgian Grand Prix,2025-07-27,spa,leclerc,LEC,Charles Leclerc,ferrari,3,3,3,Finished,44,15.0
2025,13,race,Belgian Grand Prix,2025-07-27,spa,max_verstappen,VER,Max Verstappen,red_bull,4,4,4,Finished,44,12.0
2025,13,race,Belgian Grand Prix,2025-07-27,spa,russell,RUS,George Russell,mercedes,6,5,5,Finished,44,10.0
2025,13,race,Belgian Grand Prix,2025-07-27,spa,albon,ALB,Alexander Albon,williams,5,6,6,Finished,44,8.0
2025,13,race,Belgian Grand Prix,2025-07-27,spa,hamilton,HAM,Lewis Hamilton,ferrari,18,7,7,Finished,44,6.0
2025,13,race,Belgian Grand Prix,2025-07-27,spa,lawson,LAW,Liam Lawson,rb,9,8,8,Finished,44,4.0
2025,13,race,Belgian Grand Prix,2025-07-27,spa,bortoleto,BOR,Gabriel Bortoleto,sauber,10,9,9,Finished,44,2.0
2025,13,race,Belgian Grand Prix,2025-07-27,spa,gasly,GAS,Pierre Gasly,alpine,13,10,10,Finished,44,1.0
2025,13,race,Belgian Grand Prix,2025-07-27,spa,bearman,BEA,Oliver Bearman,haas,12,11,11,Finished,44,0.0
2025,13,race,Belgian Grand Prix,2025-07-27,spa,hulkenberg,HUL,Nico Hülkenberg,sauber,14,12,12,Finished,44,0.0
2025,13,race,Belgian Grand Prix,2025-07-27,spa,tsunoda,TSU,Yuki Tsunoda,red_bull,7,13,13,Finished,44,0.0
2025,13,race,Belgian Grand Prix,2025-07-27,spa,stroll,STR,Lance Stroll,aston_martin,16,14,14,Finished,44,0.0
2025,13,race,Belgian Grand Prix,2025-07-27,spa,ocon,OCO,Esteban Ocon,haas,11,15,15,Finished,44,0.0
2025,13,race,Belgian Grand Prix,2025-07-27,spa,antonelli,ANT,Andrea Kimi Antonelli,mercedes,19,16,16,Finished,44,0.0
2025,13,race,Belgian Grand Prix,2025-07-27,spa,alonso,ALO,Fernando Alonso,aston_martin,20,17,17,Finished,44,0.0
2025,13,race,Belgian Grand Prix,2025-07-27,spa,sainz,SAI,Carlos Sainz,williams,17,18,18,Finished,44,0.0
2025,13,race,Belgian Grand Prix,2025-07-27,spa,colapinto,COL,Franco Colapinto,alpine,15,19,19,Finished,44,0.0
2025,13,race,Belgian Grand Prix,2025-07-27,spa,hadjar,HAD,Isack Hadjar,rb,8,20,20,Lapped,43,0.0
2025,13,sprint,Belgian Grand Prix,2025-07-27,spa,max_verstappen,VER,Max Verstappen,red_bull,2,1,1,Finished,15,8.0
2025,13,sprint,Belgian Grand Prix,2025-07-27,spa,piastri,PIA,Oscar Piastri,mclaren,1,2,2,Finished,15,7.0
2025,13,sprint,Belgian Grand Prix,2025-07-27,spa,norris,NOR,Lando Norris,mclaren,3,3,3,Finished,15,6.0
2025,13,sprint,Belgian Grand Prix,2025-07-27,spa,leclerc,LEC,Charles Leclerc,ferrari,4,4,4,Finished,15,5.0
2025,13,sprint,Belgian Grand Prix,2025-07-27,spa,ocon,OCO,Esteban Ocon,haas,5,5,5,Finished,15,4.0
2025,13,sprint,Belgian Grand Prix,2025-07-27,spa,sainz,SAI,Carlos Sainz,williams,6,6,6,Finished,15,3.0
2025,13,sprint,Belgian Grand Prix,2025-07-27,spa,bearman,BEA,Oliver Bearman,haas,7,7,7,Finished,15,2.0
2025,13,sprint,Belgian Grand Prix,2025-07-27,spa,hadjar,HAD,Isack Hadjar,rb,9,8,8,Finished,15,1.0
2025,13,sprint,Belgian Grand Prix,2025-07-27,spa,bortoleto,BOR,Gabriel Bortoleto,sauber,10,9,9,Finished,15,0.0
2025,13,sprint,Belgian Grand Prix,2025-07-27,spa,lawson,LAW,Liam Lawson,rb,11,10,10,Finished,15,0.0
2025,13,sprint,Belgian Grand Prix,2025-07-27,spa,tsunoda,TSU,Yuki Tsunoda,red_bull,12,11,11,Finished,15,0.0
2025,13,sprint,Belgian Grand Prix,2025-07-27,spa,russell,RUS,George Russell,mercedes,13,12,12,Finished,15,0.0
2025,13,sprint,Belgian Grand Prix,2025-07-27,spa,stroll,STR,Lance Stroll,aston_martin,15,13,13,Finished,15,0.0
2025,13,sprint,Belgian Grand Prix,2025-07-27,spa,alonso,ALO,Fernando Alonso,aston_martin,14,14,14,Finished,15,0.0
2025,13,sprint,Belgian Grand Prix,2025-07-27,spa,hamilton,HAM,Lewis Hamilton,ferrari,18,15,15,Finished,15,0.0
2025,13,sprint,Belgian Grand Prix,2025-07-27,spa,albon,ALB,Alexander Albon,williams,16,16,16,Finished,15,0.0
2025,13,sprint,Belgian Grand Prix,2025-07-27,spa,antonelli,ANT,Andrea Kimi Antonelli,mercedes,19,17,17,Finished,15,0.0
2025,13,sprint,Belgian Grand Prix,2025-07-27,spa,hulkenberg,HUL,Nico Hülkenberg,sauber,17,18,18,Finished,15,0.0
2025,13,sprint,Belgian Grand Prix,2025-07-27,spa,colapinto,COL,Franco Colapinto,alpine,20,19,19,Finished,15,0.0
2025,13,sprint,Belgian Grand Prix,2025-07-27,spa,gasly,GAS,Pierre Gasly,alpine,8,20,R,Retired,12,0.0
2025,14,race,Hungarian Grand Prix,2025-08-03,hungaroring,norris,NOR,Lando Norris,mclaren,3,1,1,Finished,70,25.0
2025,14,race,Hungarian Grand Prix,2025-08-03,hungaroring,piastri,PIA,Oscar Piastri,mclaren,2,2,2,Finished,70,18.0
2025,14,race,Hungarian Grand Prix,2025-08-03,hungaroring,russell,RUS,George Russell,mercedes,4,3,3,Finished,70,15.0
2025,14,race,Hungarian Grand Prix,2025-08-03,hungaroring,leclerc,LEC,Charles Leclerc,ferrari,1,4,4,Finished,70,12.0
2025,14,race,Hungarian Grand Prix,2025-08-03,hungaroring,alonso,ALO,Fernando Alonso,aston_martin,5,5,5,Finished,70,10.0
2025,14,race,Hungarian Grand Prix,2025-08-03,hungaroring,bortoleto,BOR,Gabriel Bortoleto,sauber,7,6,6,Finished,70,8.0
2025,14,race,Hungarian Grand Prix,2025-08-03,hungaroring,stroll,STR,Lance Stroll,aston_martin,6,7,7,Finished,70,6.0
2025,14,race,Hungarian Grand Prix,2025-08-03,hungaroring,lawson,LAW,Liam Lawson,rb,9,8,8,Finished,70,4.0
2025,14,race,Hungarian Grand Prix,2025-08-03,hungaroring,max_verstappen,VER,Max Verstappen,red_bull,8,9,9,Finished,70,2.0
2025,14,race,Hungarian Grand Prix,2025-08-03,hungaroring,antonelli,ANT,Andrea Kimi Antonelli,mercedes,15,10,10,Lapped,69,1.0
2025,14,race,Hungarian Grand Prix,2025-08-03,hungaroring,hadjar,HAD,Isack Hadjar,rb,10,11,11,Lapped,69,0.0
2025,14,race,Hungarian Grand Prix,2025-08-03,hungaroring,hamilton,HAM,Lewis Hamilton,ferrari,12,12,12,Lapped,69,0.0
2025,14,race,Hungarian Grand Prix,2025-08-03,hungaroring,hulkenberg,HUL,Nico Hülkenberg,sauber,18,13,13,Lapped,69,0.0
2025,14,race,Hungarian Grand Prix,2025-08-03,hungaroring,sainz,SAI,Carlos Sainz,williams,13,14,14,Lapped,69,0.0
2025,14,race,Hungarian Grand Prix,2025-08-03,hungaroring,albon,ALB,Alexander Albon,williams,19,15,15,Lapped,69,0.0
2025,14,race,Hungarian Grand Prix,2025-08-03,hungaroring,ocon,OCO,Esteban Ocon,haas,17,16,16,Lapped,69,0.0
2025,14,race,Hungarian Grand Prix,2025-08-03,hungaroring,tsunoda,TSU,Yuki Tsunoda,red_bull,20,17,17,Lapped,69,0.0
2025,14,race,Hungarian Grand Prix,2025-08-03,hungaroring,colapinto,COL,Franco Colapinto,alpine,14,18,18,Lapped,69,0.0
2025,14,race,Hungarian Grand Prix,2025-08-03,hungaroring,gasly,GAS,Pierre Gasly,alpine,16,19,19,Lapped,69,0.0
2025,14,race,Hungarian Grand Prix,2025-08-03,hungaroring,bearman,BEA,Oliver Bearman,haas,11,20,R,Retired,48,0.0
2025,15,race,Dutch Grand Prix,2025-08-31,zandvoort,piastri,PIA,Oscar Piastri,mclaren,1,1,1,Finished,72,25.0
2025,15,race,Dutch Grand Prix,2025-08-31,zandvoort,max_verstappen,VER,Max Verstappen,red_bull,3,2,2,Finished,72,18.0
2025,15,race,Dutch Grand Prix,2025-08-31,zandvoort,hadjar,HAD,Isack Hadjar,rb,4,3,3,Finished,72,15.0
2025,15,race,Dutch Grand Prix,2025-08-31,zandvoort,russell,RUS,George Russell,mercedes,5,4,4,Finished,72,12.0
2025,15,race,Dutch Grand Prix,2025-08-31,zandvoort,albon,ALB,Alexander Albon,williams,15,5,5,Finished,72,10.0
2025,15,race,Dutch Grand Prix,2025-08-31,zandvoort,bearman,BEA,Oliver Bearman,haas,20,6,6,Finished,72,8.0
2025,15,race,Dutch Grand Prix,2025-08-31,zandvoort,stroll,STR,Lance Stroll,aston_martin,19,7,7,Finished,72,6.0
2025,15,race,Dutch Grand Prix,2025-08-31,zandvoort,alonso,ALO,Fernando Alonso,aston_martin,10,8,8,Finished,72,4.0
2025,15,race,Dutch Grand Prix,2025-08-31,zandvoort,tsunoda,TSU,Yuki Tsunoda,red_bull,12,9,9,Finished,72,2.0
2025,15,race,Dutch Grand Prix,2025-08-31,zandvoort,ocon,OCO,Esteban Ocon,haas,18,10,10,Finished,72,1.0
2025,15,race,Dutch Grand Prix,2025-08-31,zandvoort,colapinto,COL,Franco Colapinto,alpine,16,11,11,Finished,72,0.0
2025,15,race,Dutch Grand Prix,2025-08-31,zandvoort,lawson,LAW,Liam Lawson,rb,8,12,12,Finished,72,0.0
2025,15,race,Dutch Grand Prix,2025-08-31,zandvoort,sainz,SAI,Carlos Sainz,williams,9,13,13,Finished,72,0.0
2025,15,race,Dutch Grand Prix,2025-08-31,zandvoort,hulkenberg,HUL,Nico Hülkenberg,sauber,17,14,14,Finished,72,0.0
2025,15,race,Dutch Grand Prix,2025-08-31,zandvoort,bortoleto,BOR,Gabriel Bortoleto,sauber,13,15,15,Finished,72,0.0
2025,15,race,Dutch Grand Prix,2025-08-31,zandvoort,antonelli,ANT,Andrea Kimi Antonelli,mercedes,11,16,16,Finished,72,0.0
2025,15,race,Dutch Grand Prix,2025-08-31,zandvoort,gasly,GAS,Pierre Gasly,alpine,14,17,17,Finished,72,0.0
2025,15,race,Dutch Grand Prix,2025-08-31,zandvoort,norris,NOR,Lando Norris,mclaren,2,18,18,Retired,64,0.0
2025,15,race,Dutch Grand Prix,2025-08-31,zandvoort,leclerc,LEC,Charles Leclerc,ferrari,6,19,R,Retired,52,0.0
2025,15,race,Dutch Grand Prix,2025-08-31,zandvoort,hamilton,HAM,Lewis Hamilton,ferrari,7,20,R,Retired,22,0.0
2025,16,race,Italian Grand Prix,2025-09-07,monza,max_verstappen,VER,Max Verstappen,red_bull,1,1,1,Finished,53,25.0
2025,16,race,Italian Grand Prix,2025-09-07,monza,norris,NOR,Lando Norris,mclaren,2,2,2,Finished,53,18.0
2025,16,race,Italian Grand Prix,2025-09-07,monza,piastri,PIA,Oscar Piastri,mclaren,3,3,3,Finished,53,15.0
2025,16,race,Italian Grand Prix,2025-09-07,monza,leclerc,LEC,Charles Leclerc,ferrari,4,4,4,Finished,53,12.0
2025,16,race,Italian Grand Prix,2025-09-07,monza,russell,RUS,George Russell,mercedes,5,5,5,Finished,53,10.0
2025,16,race,Italian Grand Prix,2025-09-07,monza,hamilton,HAM,Lewis Hamilton,ferrari,10,6,6,Finished,53,8.0
2025,16,race,Italian Grand Prix,2025-09-07,monza,albon,ALB,Alexander Albon,williams,14,7,7,Finished,53,6.0
2025,16,race,Italian Grand Prix,2025-09-07,monza,bortoleto,BOR,Gabriel Bortoleto,sauber,7,8,8,Finished,53,4.0
2025,16,race,Italian Grand Prix,2025-09-07,monza,antonelli,ANT,Andrea Kimi Antonelli,mercedes,6,9,9,Finished,53,2.0
2025,16,race,Italian Grand Prix,2025-09-07,monza,hadjar,HAD,Isack Hadjar,rb,19,10,10,Finished,53,1.0
2025,16,race,Italian Grand Prix,2025-09-07,monza,sainz,SAI,Carlos Sainz,williams,13,11,11,Finished,53,0.0
2025,16,race,Italian Grand Prix,2025-09-07,monza,bearman,BEA,Oliver Bearman,haas,11,12,12,Finished,53,0.0
2025,16,race,Italian Grand Prix,2025-09-07,monza,tsunoda,TSU,Yuki Tsunoda,red_bull,9,13,13,Finished,53,0.0
2025,16,race,Italian Grand Prix,2025-09-07,monza,lawson,LAW,Liam Lawson,rb,18,14,14,Finished,53,0.0
2025,16,race,Italian Grand Prix,2025-09-07,monza,ocon,OCO,Esteban Ocon,haas,15,15,15,Lapped,52,0.0
2025,16,race,Italian Grand Prix,2025-09-07,monza,gasly,GAS,Pierre Gasly,alpine,20,16,16,Lapped,52,0.0
2025,16,race,Italian Grand Prix,2025-09-07,monza,colapinto,COL,Franco Colapinto,alpine,17,17,17,Lapped,52,0.0
2025,16,race,Italian Grand Prix,2025-09-07,monza,stroll,STR,Lance Stroll,aston_martin,16,18,18,Lapped,52,0.0
2025,16,race,Italian Grand Prix,2025-09-07,monza,alonso,ALO,Fernando Alonso,aston_martin,8,19,R,Retired,24,0.0
2025,16,race,Italian Grand Prix,2025-09-07,monza,hulkenberg,HUL,Nico Hülkenberg,sauber,12,20,W,Did not start,0,0.0
2025,17,race,Azerbaijan Grand Prix,2025-09-21,baku,max_verstappen,VER,Max Verstappen,red_bull,1,1,1,Finished,51,25.0
2025,17,race,Azerbaijan Grand Prix,2025-09-21,baku,russell,RUS,George Russell,mercedes,5,2,2,Finished,51,18.0
2025,17,race,Azerbaijan Grand Prix,2025-09-21,baku,sainz,SAI,Carlos Sainz,williams,2,3,3,Finished,51,15.0
2025,17,race,Azerbaijan Grand Prix,2025-09-21,baku,antonelli,ANT,Andrea Kimi Antonelli,mercedes,4,4,4,Finished,51,12.0
2025,17,race,Azerbaijan Grand Prix,2025-09-21,baku,lawson,LAW,Liam Lawson,rb,3,5,5,Finished,51,10.0
2025,17,race,Azerbaijan Grand Prix,2025-09-21,baku,tsunoda,TSU,Yuki Tsunoda,red_bull,6,6,6,Finished,51,8.0
2025,17,race,Azerbaijan Grand Prix,2025-09-21,baku,norris,NOR,Lando Norris,mclaren,7,7,7,Finished,51,6.0
2025,17,race,Azerbaijan Grand Prix,2025-09-21,baku,hamilton,HAM,Lewis Hamilton,ferrari,12,8,8,Finished,51,4.0
2025,17,race,Azerbaijan Grand Prix,2025-09-21,baku,leclerc,LEC,Charles Leclerc,ferrari,10,9,9,Finished,51,2.0
2025,17,race,Azerbaijan Grand Prix,2025-09-21,baku,hadjar,HAD,Isack Hadjar,rb,8,10,10,Finished,51,1.0
2025,17,race,Azerbaijan Grand Prix,2025-09-21,baku,bortoleto,BOR,Gabriel Bortoleto,sauber,13,11,11,Finished,51,0.0
2025,17,race,Azerbaijan Grand Prix,2025-09-21,baku,bearman,BEA,Oliver Bearman,haas,15,12,12,Finished,51,0.0
2025,17,race,Azerbaijan Grand Prix,2025-09-21,baku,albon,ALB,Alexander Albon,williams,19,13,13,Finished,51,0.0
2025,17,race,Azerbaijan Grand Prix,2025-09-21,baku,ocon,OCO,Esteban Ocon,haas,20,14,14,Finished,51,0.0
2025,17,race,Azerbaijan Grand Prix,2025-09-21,baku,alonso,ALO,Fernando Alonso,aston_martin,11,15,15,Finished,51,0.0
2025,17,race,Azerbaijan Grand Prix,2025-09-21,baku,hulkenberg,HUL,Nico Hülkenberg,sauber,17,16,16,Finished,51,0.0
2025,17,race,Azerbaijan Grand Prix,2025-09-21,baku,stroll,STR,Lance Stroll,aston_martin,14,17,17,Finished,51,0.0
2025,17,race,Azerbaijan Grand Prix,2025-09-21,baku,gasly,GAS,Pierre Gasly,alpine,18,18,18,Lapped,50,0.0
2025,17,race,Azerbaijan Grand Prix,2025-09-21,baku,colapinto,COL,Franco Colapinto,alpine,16,19,19,Lapped,50,0.0
2025,17,race,Azerbaijan Grand Prix,2025-09-21,baku,piastri,PIA,Oscar Piastri,mclaren,9,20,R,Retired,0,0.0
2025,18,race,Singapore Grand Prix,2025-10-05,marina_bay,russell,RUS,George Russell,mercedes,1,1,1,Finished,62,25.0
2025,18,race,Singapore Grand Prix,2025-10-05,marina_bay,max_verstappen,VER,Max Verstappen,red_bull,2,2,2,Finished,62,18.0
2025,18,race,Singapore Grand Prix,2025-10-05,marina_bay,norris,NOR,Lando Norris,mclaren,5,3,3,Finished,62,15.0
2025,18,race,Singapore Grand Prix,2025-10-05,marina_bay,piastri,PIA,Oscar Piastri,mclaren,3,4,4,Finished,62,12.0
2025,18,race,Singapore Grand Prix,2025-10-05,marina_bay,antonelli,ANT,Andrea Kimi Antonelli,mercedes,4,5,5,Finished,62,10.0
2025,18,race,Singapore Grand Prix,2025-10-05,marina_bay,leclerc,LEC,Charles Leclerc,ferrari,7,6,6,Finished,62,8.0
2025,18,race,Singapore Grand Prix,2025-10-05,marina_bay,alonso,ALO,Fernando Alonso,aston_martin,10,7,7,Finished,62,6.0
2025,18,race,Singapore Grand Prix,2025-10-05,marina_bay,hamilton,HAM,Lewis Hamilton,ferrari,6,8,8,Finished,62,4.0
2025,18,race,Singapore Grand Prix,2025-10-05,marina_bay,bearman,BEA,Oliver Bearman,haas,9,9,9,Finished,62,2.0
2025,18,race,Singapore Grand Prix,2025-10-05,marina_bay,sainz,SAI,Carlos Sainz,williams,18,10,10,Lapped,61,1.0
2025,18,race,Singapore Grand Prix,2025-10-05,marina_bay,hadjar,HAD,Isack Hadjar,rb,8,11,11,Lapped,61,0.0
2025,18,race,Singapore Grand Prix,2025-10-05,marina_bay,tsunoda,TSU,Yuki Tsunoda,red_bull,13,12,12,Lapped,61,0.0
2025,18,race,Singapore Grand Prix,2025-10-05,marina_bay,stroll,STR,Lance Stroll,aston_martin,15,13,13,Lapped,61,0.0
2025,18,race,Singapore Grand Prix,2025-10-05,marina_bay,albon,ALB,Alexander Albon,williams,20,14,14,Lapped,61,0.0
2025,18,race,Singapore Grand Prix,2025-10-05,marina_bay,lawson,LAW,Liam Lawson,rb,12,15,15,Lapped,61,0.0
2025,18,race,Singapore Grand Prix,2025-10-05,marina_bay,colapinto,COL,Franco Colapinto,alpine,16,16,16,Lapped,61,0.0
2025,18,race,Singapore Grand Prix,2025-10-05,marina_bay,bortoleto,BOR,Gabriel Bortoleto,sauber,14,17,17,Lapped,61,0.0
2025,18,race,Singapore Grand Prix,2025-10-05,marina_bay,ocon,OCO,Esteban Ocon,haas,17,18,18,Lapped,61,0.0
2025,18,race,Singapore Grand Prix,2025-10-05,marina_bay,gasly,GAS,Pierre Gasly,alpine,19,19,19,Lapped,61,0.0
2025,18,race,Singapore Grand Prix,2025-10-05,marina_bay,hulkenberg,HUL,Nico Hülkenberg,sauber,11,20,20,Lapped,61,0.0
2025,19,race,United States Grand Prix,2025-10-19,americas,max_verstappen,VER,Max Verstappen,red_bull,1,1,1,Finished,56,25.0
2025,19,race,United States Grand Prix,2025-10-19,americas,norris,NOR,Lando Norris,mclaren,2,2,2,Finished,56,18.0
2025,19,race,United States Grand Prix,2025-10-19,americas,leclerc,LEC,Charles Leclerc,ferrari,3,3,3,Finished,56,15.0
2025,19,race,United States Grand Prix,2025-10-19,americas,hamilton,HAM,Lewis Hamilton,ferrari,5,4,4,Finished,56,12.0
2025,19,race,United States Grand Prix,2025-10-19,americas,piastri,PIA,Oscar Piastri,mclaren,6,5,5,Finished,56,10.0
2025,19,race,United States Grand Prix,2025-10-19,americas,russell,RUS,George Russell,mercedes,4,6,6,Finished,56,8.0
2025,19,race,United States Grand Prix,2025-10-19,americas,tsunoda,TSU,Yuki Tsunoda,red_bull,13,7,7,Finished,56,6.0
2025,19,race,United States Grand Prix,2025-10-19,americas,hulkenberg,HUL,Nico Hülkenberg,sauber,11,8,8,Finished,56,4.0
2025,19,race,United States Grand Prix,2025-10-19,americas,bearman,BEA,Oliver Bearman,haas,8,9,9,Finished,56,2.0
2025,19,race,United States Grand Prix,2025-10-19,americas,alonso,ALO,Fernando Alonso,aston_martin,10,10,10,Finished,56,1.0
2025,19,race,United States Grand Prix,2025-10-19,americas,lawson,LAW,Liam Lawson,rb,12,11,11,Finished,56,0.0
2025,19,race,United States Grand Prix,2025-10-19,americas,stroll,STR,Lance Stroll,aston_martin,19,12,12,Finished,56,0.0
2025,19,race,United States Grand Prix,2025-10-19,americas,antonelli,ANT,Andrea Kimi Antonelli,mercedes,7,13,13,Finished,56,0.0
2025,19,race,United States Grand Prix,2025-10-19,americas,albon,ALB,Alexander Albon,williams,18,14,14,Finished,56,0.0
2025,19,race,United States Grand Prix,2025-10-19,americas,ocon,OCO,Esteban Ocon,haas,17,15,15,Finished,56,0.0
2025,19,race,United States Grand Prix,2025-10-19,americas,hadjar,HAD,Isack Hadjar,rb,20,16,16,Finished,56,0.0
2025,19,race,United States Grand Prix,2025-10-19,americas,colapinto,COL,Franco Colapinto,alpine,15,17,17,Lapped,55,0.0
2025,19,race,United States Grand Prix,2025-10-19,americas,bortoleto,BOR,Gabriel Bortoleto,sauber,16,18,18,Lapped,55,0.0
2025,19,race,United States Grand Prix,2025-10-19,americas,gasly,GAS,Pierre Gasly,alpine,14,19,19,Lapped,55,0.0
2025,19,race,United States Grand Prix,2025-10-19,americas,sainz,SAI,Carlos Sainz,williams,9,20,R,Retired,5,0.0
2025,19,sprint,United States Grand Prix,2025-10-19,americas,max_verstappen,VER,Max Verstappen,red_bull,1,1,1,Finished,19,8.0
2025,19,sprint,United States Grand Prix,2025-10-19,americas,russell,RUS,George Russell,mercedes,5,2,2,Finished,19,7.0
2025,19,sprint,United States Grand Prix,2025-10-19,americas,sainz,SAI,Carlos Sainz,williams,7,3,3,Finished,19,6.0
2025,19,sprint,United States Grand Prix,2025-10-19,americas,hamilton,HAM,Lewis Hamilton,ferrari,8,4,4,Finished,19,5.0
2025,19,sprint,United States Grand Prix,2025-10-19,americas,leclerc,LEC,Charles Leclerc,ferrari,10,5,5,Finished,19,4.0
2025,19,sprint,United States Grand Prix,2025-10-19,americas,albon,ALB,Alexander Albon,williams,9,6,6,Finished,19,3.0
2025,19,sprint,United States Grand Prix,2025-10-19,americas,tsunoda,TSU,Yuki Tsunoda,red_bull,18,7,7,Finished,19,2.0
2025,19,sprint,United States Grand Prix,2025-10-19,americas,antonelli,ANT,Andrea Kimi Antonelli,mercedes,11,8,8,Finished,19,1.0
2025,19,sprint,United States Grand Prix,2025-10-19,americas,lawson,LAW,Liam Lawson,rb,15,9,9,Finished,19,0.0
2025,19,sprint,United States Grand Prix,2025-10-19,americas,gasly,GAS,Pierre Gasly,alpine,13,10,10,Finished,19,0.0
2025,19,sprint,United States Grand Prix,2025-10-19,americas,bortoleto,BOR,Gabriel Bortoleto,sauber,20,11,11,Finished,19,0.0
2025,19,sprint,United States Grand Prix,2025-10-19,americas,hadjar,HAD,Isack Hadjar,rb,12,12,12,Finished,19,0.0
2025,19,sprint,United States Grand Prix,2025-10-19,americas,hulkenberg,HUL,Nico Hülkenberg,sauber,4,13,13,Finished,19,0.0
2025,19,sprint,United States Grand Prix,2025-10-19,americas,colapinto,COL,Franco Colapinto,alpine,17,14,14,Finished,19,0.0
2025,19,sprint,United States Grand Prix,2025-10-19,americas,bearman,BEA,Oliver Bearman,haas,16,15,15,Finished,19,0.0
2025,19,sprint,United States Grand Prix,2025-10-19,americas,ocon,OCO,Esteban Ocon,haas,19,16,R,Retired,15,0.0
2025,19,sprint,United States Grand Prix,2025-10-19,americas,stroll,STR,Lance Stroll,aston_martin,14,17,R,Retired,15,0.0
2025,19,sprint,United States Grand Prix,2025-10-19,americas,norris,NOR,Lando Norris,mclaren,2,18,R,Retired,0,0.0
2025,19,sprint,United States Grand Prix,2025-10-19,americas,piastri,PIA,Oscar Piastri,mclaren,3,19,R,Retired,0,0.0
2025,19,sprint,United States Grand Prix,2025-10-19,americas,alonso,ALO,Fernando Alonso,aston_martin,6,20,R,Retired,0,0.0
2025,20,race,Mexico City Grand Prix,2025-10-26,rodriguez,norris,NOR,Lando Norris,mclaren,1,1,1,Finished,71,25.0
2025,20,race,Mexico City Grand Prix,2025-10-26,rodriguez,leclerc,LEC,Charles Leclerc,ferrari,2,2,2,Finished,71,18.0
2025,20,race,Mexico City Grand Prix,2025-10-26,rodriguez,max_verstappen,VER,Max Verstappen,red_bull,5,3,3,Finished,71,15.0
2025,20,race,Mexico City Grand Prix,2025-10-26,rodriguez,bearman,BEA,Oliver Bearman,haas,9,4,4,Finished,71,12.0
2025,20,race,Mexico City Grand Prix,2025-10-26,rodriguez,piastri,PIA,Oscar Piastri,mclaren,7,5,5,Finished,71,10.0
2025,20,race,Mexico City Grand Prix,2025-10-26,rodriguez,antonelli,ANT,Andrea Kimi Antonelli,mercedes,6,6,6,Finished,71,8.0
2025,20,race,Mexico City Grand Prix,2025-10-26,rodriguez,russell,RUS,George Russell,mercedes,4,7,7,Finished,71,6.0
2025,20,race,Mexico City Grand Prix,2025-10-26,rodriguez,hamilton,HAM,Lewis Hamilton,ferrari,3,8,8,Finished,71,4.0
2025,20,race,Mexico City Grand Prix,2025-10-26,rodriguez,ocon,OCO,Esteban Ocon,haas,11,9,9,Finished,71,2.0
2025,20,race,Mexico City Grand Prix,2025-10-26,rodriguez,bortoleto,BOR,Gabriel Bortoleto,sauber,16,10,10,Finished,71,1.0
2025,20,race,Mexico City Grand Prix,2025-10-26,rodriguez,tsunoda,TSU,Yuki Tsunoda,red_bull,10,11,11,Finished,71,0.0
2025,20,race,Mexico City Grand Prix,2025-10-26,rodriguez,albon,ALB,Alexander Albon,williams,17,12,12,Lapped,70,0.0
2025,20,race,Mexico City Grand Prix,2025-10-26,rodriguez,hadjar,HAD,Isack Hadjar,rb,8,13,13,Lapped,70,0.0
2025,20,race,Mexico City Grand Prix,2025-10-26,rodriguez,stroll,STR,Lance Stroll,aston_martin,19,14,14,Lapped,70,0.0
2025,20,race,Mexico City Grand Prix,2025-10-26,rodriguez,gasly,GAS,Pierre Gasly,alpine,18,15,15,Lapped,70,0.0
2025,20,race,Mexico City Grand Prix,2025-10-26,rodriguez,colapinto,COL,Franco Colapinto,alpine,20,16,16,Lapped,70,0.0
2025,20,race,Mexico City Grand Prix,2025-10-26,rodriguez,sainz,SAI,Carlos Sainz,williams,12,17,17,Retired,67,0.0
2025,20,race,Mexico City Grand Prix,2025-10-26,rodriguez,alonso,ALO,Fernando Alonso,aston_martin,14,18,R,Retired,34,0.0
2025,20,race,Mexico City Grand Prix,2025-10-26,rodriguez,hulkenberg,HUL,Nico Hülkenberg,sauber,13,19,R,Retired,25,0.0
2025,20,race,Mexico City Grand Prix,2025-10-26,rodriguez,lawson,LAW,Liam Lawson,rb,15,20,R,Retired,5,0.0
2025,21,race,São Paulo Grand Prix,2025-11-09,interlagos,norris,NOR,Lando Norris,mclaren,1,1,1,Finished,71,25.0
2025,21,race,São Paulo Grand Prix,2025-11-09,interlagos,antonelli,ANT,Andrea Kimi Antonelli,mercedes,2,2,2,Finished,71,18.0
2025,21,race,São Paulo Grand Prix,2025-11-09,interlagos,max_verstappen,VER,Max Verstappen,red_bull,19,3,3,Finished,71,15.0
2025,21,race,São Paulo Grand Prix,2025-11-09,interlagos,russell,RUS,George Russell,mercedes,6,4,4,Finished,71,12.0
2025,21,race,São Paulo Grand Prix,2025-11-09,interlagos,piastri,PIA,Oscar Piastri,mclaren,4,5,5,Finished,71,10.0
2025,21,race,São Paulo Grand Prix,2025-11-09,interlagos,bearman,BEA,Oliver Bearman,haas,8,6,6,Finished,71,8.0
2025,21,race,São Paulo Grand Prix,2025-11-09,interlagos,lawson,LAW,Liam Lawson,rb,7,7,7,Finished,71,6.0
2025,21,race,São Paulo Grand Prix,2025-11-09,interlagos,hadjar,HAD,Isack Hadjar,rb,5,8,8,Finished,71,4.0
2025,21,race,São Paulo Grand Prix,2025-11-09,interlagos,hulkenberg,HUL,Nico Hülkenberg,sauber,10,9,9,Finished,71,2.0
2025,21,race,São Paulo Grand Prix,2025-11-09,interlagos,gasly,GAS,Pierre Gasly,alpine,9,10,10,Finished,71,1.0
2025,21,race,São Paulo Grand Prix,2025-11-09,interlagos,albon,ALB,Alexander Albon,williams,12,11,11,Finished,71,0.0
2025,21,race,São Paulo Grand Prix,2025-11-09,interlagos,ocon,OCO,Esteban Ocon,haas,20,12,12,Finished,71,0.0
2025,21,race,São Paulo Grand Prix,2025-11-09,interlagos,sainz,SAI,Carlos Sainz,williams,15,13,13,Finished,71,0.0
2025,21,race,São Paulo Grand Prix,2025-11-09,interlagos,alonso,ALO,Fernando Alonso,aston_martin,11,14,14,Finished,71,0.0
2025,21,race,São Paulo Grand Prix,2025-11-09,interlagos,colapinto,COL,Franco Colapinto,alpine,16,15,15,Finished,71,0.0
2025,21,race,São Paulo Grand Prix,2025-11-09,interlagos,stroll,STR,Lance Stroll,aston_martin,14,16,16,Finished,71,0.0
2025,21,race,São Paulo Grand Prix,2025-11-09,interlagos,tsunoda,TSU,Yuki Tsunoda,red_bull,17,17,17,Finished,71,0.0
2025,21,race,São Paulo Grand Prix,2025-11-09,interlagos,hamilton,HAM,Lewis Hamilton,ferrari,13,18,R,Retired,37,0.0
2025,21,race,São Paulo Grand Prix,2025-11-09,interlagos,leclerc,LEC,Charles Leclerc,ferrari,3,19,R,Retired,5,0.0
2025,21,race,São Paulo Grand Prix,2025-11-09,interlagos,bortoleto,BOR,Gabriel Bortoleto,sauber,18,20,R,Retired,0,0.0
2025,21,sprint,São Paulo Grand Prix,2025-11-09,interlagos,norris,NOR,Lando Norris,mclaren,1,1,1,Finished,24,8.0
2025,21,sprint,São Paulo Grand Prix,2025-11-09,interlagos,antonelli,ANT,Andrea Kimi Antonelli,mercedes,2,2,2,Finished,24,7.0
2025,21,sprint,São Paulo Grand Prix,2025-11-09,interlagos,russell,RUS,George Russell,mercedes,4,3,3,Finished,24,6.0
2025,21,sprint,São Paulo Grand Prix,2025-11-09,interlagos,max_verstappen,VER,Max Verstappen,red_bull,6,4,4,Finished,24,5.0
2025,21,sprint,São Paulo Grand Prix,2025-11-09,interlagos,leclerc,LEC,Charles Leclerc,ferrari,8,5,5,Finished,24,4.0
2025,21,sprint,São Paulo Grand Prix,2025-11-09,interlagos,alonso,ALO,Fernando Alonso,aston_martin,5,6,6,Finished,24,3.0
2025,21,sprint,São Paulo Grand Prix,2025-11-09,interlagos,hamilton,HAM,Lewis Hamilton,ferrari,11,7,7,Finished,24,2.0
2025,21,sprint,São Paulo Grand Prix,2025-11-09,interlagos,gasly,GAS,Pierre Gasly,alpine,13,8,8,Finished,24,1.0
2025,21,sprint,São Paulo Grand Prix,2025-11-09,interlagos,stroll,STR,Lance Stroll,aston_martin,7,9,9,Finished,24,0.0
2025,21,sprint,São Paulo Grand Prix,2025-11-09,interlagos,hadjar,HAD,Isack Hadjar,rb,9,10,10,Finished,24,0.0
2025,21,sprint,São Paulo Grand Prix,2025-11-09,interlagos,ocon,OCO,Esteban Ocon,haas,18,11,11,Finished,24,0.0
2025,21,sprint,São Paulo Grand Prix,2025-11-09,interlagos,bearman,BEA,Oliver Bearman,haas,15,12,12,Finished,24,0.0
2025,21,sprint,São Paulo Grand Prix,2025-11-09,interlagos,tsunoda,TSU,Yuki Tsunoda,red_bull,19,13,13,Finished,24,0.0
2025,21,sprint,São Paulo Grand Prix,2025-11-09,interlagos,sainz,SAI,Carlos Sainz,williams,20,14,14,Finished,24,0.0
2025,21,sprint,São Paulo Grand Prix,2025-11-09,interlagos,hulkenberg,HUL,Nico Hülkenberg,sauber,10,15,15,Finished,24,0.0
2025,21,sprint,São Paulo Grand Prix,2025-11-09,interlagos,lawson,LAW,Liam Lawson,rb,17,16,16,Finished,24,0.0
2025,21,sprint,São Paulo Grand Prix,2025-11-09,interlagos,albon,ALB,Alexander Albon,williams,12,17,17,Finished,24,0.0
2025,21,sprint,São Paulo Grand Prix,2025-11-09,interlagos,bortoleto,BOR,Gabriel Bortoleto,sauber,14,18,18,Retired,23,0.0
2025,21,sprint,São Paulo Grand Prix,2025-11-09,interlagos,piastri,PIA,Oscar Piastri,mclaren,3,19,R,Retired,5,0.0
2025,21,sprint,São Paulo Grand Prix,2025-11-09,interlagos,colapinto,COL,Franco Colapinto,alpine,16,20,R,Retired,5,0.0
2025,22,race,Las Vegas Grand Prix,2025-11-23,vegas,max_verstappen,VER,Max Verstappen,red_bull,2,1,1,Finished,50,25.0
2025,22,race,Las Vegas Grand Prix,2025-11-23,vegas,russell,RUS,George Russell,mercedes,4,2,2,Finished,50,18.0
2025,22,race,Las Vegas Grand Prix,2025-11-23,vegas,antonelli,ANT,Andrea Kimi Antonelli,mercedes,17,3,3,Finished,50,15.0
2025,22,race,Las Vegas Grand Prix,2025-11-23,vegas,leclerc,LEC,Charles Leclerc,ferrari,9,4,4,Finished,50,12.0
2025,22,race,Las Vegas Grand Prix,2025-11-23,vegas,sainz,SAI,Carlos Sainz,williams,3,5,5,Finished,50,10.0
2025,22,race,Las Vegas Grand Prix,2025-11-23,vegas,hadjar,HAD,Isack Hadjar,rb,8,6,6,Finished,50,8.0
2025,22,race,Las Vegas Grand Prix,2025-11-23,vegas,hulkenberg,HUL,Nico Hülkenberg,sauber,11,7,7,Finished,50,6.0
2025,22,race,Las Vegas Grand Prix,2025-11-23,vegas,hamilton,HAM,Lewis Hamilton,ferrari,19,8,8,Finished,50,4.0
2025,22,race,Las Vegas Grand Prix,2025-11-23,vegas,ocon,OCO,Esteban Ocon,haas,13,9,9,Finished,50,2.0
2025,22,race,Las Vegas Grand Prix,2025-11-23,vegas,bearman,BEA,Oliver Bearman,haas,14,10,10,Finished,50,1.0
2025,22,race,Las Vegas Grand Prix,2025-11-23,vegas,alonso,ALO,Fernando Alonso,aston_martin,7,11,11,Finished,50,0.0
2025,22,race,Las Vegas Grand Prix,2025-11-23,vegas,tsunoda,TSU,Yuki Tsunoda,red_bull,20,12,12,Finished,50,0.0
2025,22,race,Las Vegas Grand Prix,2025-11-23,vegas,gasly,GAS,Pierre Gasly,alpine,10,13,13,Finished,50,0.0
2025,22,race,Las Vegas Grand Prix,2025-11-23,vegas,lawson,LAW,Liam Lawson,rb,6,14,14,Lapped,49,0.0
2025,22,race,Las Vegas Grand Prix,2025-11-23,vegas,colapinto,COL,Franco Colapinto,alpine,15,15,15,Lapped,49,0.0
2025,22,race,Las Vegas Grand Prix,2025-11-23,vegas,albon,ALB,Alexander Albon,williams,16,16,R,Retired,35,0.0
2025,22,race,Las Vegas Grand Prix,2025-11-23,vegas,bortoleto,BOR,Gabriel Bortoleto,sauber,18,17,R,Retired,2,0.0
2025,22,race,Las Vegas Grand Prix,2025-11-23,vegas,stroll,STR,Lance Stroll,aston_martin,12,18,R,Retired,0,0.0
2025,22,race,Las Vegas Grand Prix,2025-11-23,vegas,norris,NOR,Lando Norris,mclaren,1,19,D,Disqualified,50,0.0
2025,22,race,Las Vegas Grand Prix,2025-11-23,vegas,piastri,PIA,Oscar Piastri,mclaren,5,20,D,Disqualified,50,0.0
2025,23,race,Qatar Grand Prix,2025-11-30,losail,max_verstappen,VER,Max Verstappen,red_bull,3,1,1,Finished,57,25.0
2025,23,race,Qatar Grand Prix,2025-11-30,losail,piastri,PIA,Oscar Piastri,mclaren,1,2,2,Finished,57,18.0
2025,23,race,Qatar Grand Prix,2025-11-30,losail,sainz,SAI,Carlos Sainz,williams,7,3,3,Finished,57,15.0
2025,23,race,Qatar Grand Prix,2025-11-30,losail,norris,NOR,Lando Norris,mclaren,2,4,4,Finished,57,12.0
2025,23,race,Qatar Grand Prix,2025-11-30,losail,antonelli,ANT,Andrea Kimi Antonelli,mercedes,5,5,5,Finished,57,10.0
2025,23,race,Qatar Grand Prix,2025-11-30,losail,russell,RUS,George Russell,mercedes,4,6,6,Finished,57,8.0
2025,23,race,Qatar Grand Prix,2025-11-30,losail,alonso,ALO,Fernando Alonso,aston_martin,8,7,7,Finished,57,6.0
2025,23,race,Qatar Grand Prix,2025-11-30,losail,leclerc,LEC,Charles Leclerc,ferrari,10,8,8,Finished,57,4.0
2025,23,race,Qatar Grand Prix,2025-11-30,losail,lawson,LAW,Liam Lawson,rb,12,9,9,Finished,57,2.0
2025,23,race,Qatar Grand Prix,2025-11-30,losail,tsunoda,TSU,Yuki Tsunoda,red_bull,15,10,10,Finished,57,1.0
2025,23,race,Qatar Grand Prix,2025-11-30,losail,albon,ALB,Alexander Albon,williams,14,11,11,Finished,57,0.0
2025,23,race,Qatar Grand Prix,2025-11-30,losail,hamilton,HAM,Lewis Hamilton,ferrari,17,12,12,Finished,57,0.0
2025,23,race,Qatar Grand Prix,2025-11-30,losail,bortoleto,BOR,Gabriel Bortoleto,sauber,19,13,13,Finished,57,0.0
2025,23,race,Qatar Grand Prix,2025-11-30,losail,colapinto,COL,Franco Colapinto,alpine,20,14,14,Lapped,56,0.0
2025,23,race,Qatar Grand Prix,2025-11-30,losail,ocon,OCO,Esteban Ocon,haas,16,15,15,Lapped,56,0.0
2025,23,race,Qatar Grand Prix,2025-11-30,losail,gasly,GAS,Pierre Gasly,alpine,9,16,16,Lapped,56,0.0
2025,23,race,Qatar Grand Prix,2025-11-30,losail,stroll,STR,Lance Stroll,aston_martin,18,17,17,Retired,55,0.0
2025,23,race,Qatar Grand Prix,2025-11-30,losail,hadjar,HAD,Isack Hadjar,rb,6,18,18,Retired,55,0.0
2025,23,race,Qatar Grand Prix,2025-11-30,losail,bearman,BEA,Oliver Bearman,haas,13,19,R,Retired,41,0.0
2025,23,race,Qatar Grand Prix,2025-11-30,losail,hulkenberg,HUL,Nico Hülkenberg,sauber,11,20,R,Retired,6,0.0
2025,23,sprint,Qatar Grand Prix,2025-11-30,losail,piastri,PIA,Oscar Piastri,mclaren,1,1,1,Finished,19,8.0
2025,23,sprint,Qatar Grand Prix,2025-11-30,losail,russell,RUS,George Russell,mercedes,2,2,2,Finished,19,7.0
2025,23,sprint,Qatar Grand Prix,2025-11-30,losail,norris,NOR,Lando Norris,mclaren,3,3,3,Finished,19,6.0
2025,23,sprint,Qatar Grand Prix,2025-11-30,losail,max_verstappen,VER,Max Verstappen,red_bull,6,4,4,Finished,19,5.0
2025,23,sprint,Qatar Grand Prix,2025-11-30,losail,tsunoda,TSU,Yuki Tsunoda,red_bull,5,5,5,Finished,19,4.0
2025,23,sprint,Qatar Grand Prix,2025-11-30,losail,antonelli,ANT,Andrea Kimi Antonelli,mercedes,7,6,6,Finished,19,3.0
2025,23,sprint,Qatar Grand Prix,2025-11-30,losail,alonso,ALO,Fernando Alonso,aston_martin,4,7,7,Finished,19,2.0
2025,23,sprint,Qatar Grand Prix,2025-11-30,losail,sainz,SAI,Carlos Sainz,williams,8,8,8,Finished,19,1.0
2025,23,sprint,Qatar Grand Prix,2025-11-30,losail,hadjar,HAD,Isack Hadjar,rb,11,9,9,Finished,19,0.0
2025,23,sprint,Qatar Grand Prix,2025-11-30,losail,albon,ALB,Alexander Albon,williams,10,10,10,Finished,19,0.0
2025,23,sprint,Qatar Grand Prix,2025-11-30,losail,bortoleto,BOR,Gabriel Bortoleto,sauber,13,11,11,Finished,19,0.0
2025,23,sprint,Qatar Grand Prix,2025-11-30,losail,bearman,BEA,Oliver Bearman,haas,12,12,12,Finished,19,0.0
2025,23,sprint,Qatar Grand Prix,2025-11-30,losail,leclerc,LEC,Charles Leclerc,ferrari,9,13,13,Finished,19,0.0
2025,23,sprint,Qatar Grand Prix,2025-11-30,losail,lawson,LAW,Liam Lawson,rb,16,14,14,Finished,19,0.0
2025,23,sprint,Qatar Grand Prix,2025-11-30,losail,ocon,OCO,Esteban Ocon,haas,15,15,15,Finished,19,0.0
2025,23,sprint,Qatar Grand Prix,2025-11-30,losail,hulkenberg,HUL,Nico Hülkenberg,sauber,14,16,16,Finished,19,0.0
2025,23,sprint,Qatar Grand Prix,2025-11-30,losail,hamilton,HAM,Lewis Hamilton,ferrari,18,17,17,Finished,19,0.0
2025,23,sprint,Qatar Grand Prix,2025-11-30,losail,gasly,GAS,Pierre Gasly,alpine,19,18,18,Finished,19,0.0
2025,23,sprint,Qatar Grand Prix,2025-11-30,losail,stroll,STR,Lance Stroll,aston_martin,17,19,19,Finished,19,0.0
2025,23,sprint,Qatar Grand Prix,2025-11-30,losail,colapinto,COL,Franco Colapinto,alpine,20,20,20,Finished,19,0.0
2025,24,race,Abu Dhabi Grand Prix,2025-12-07,yas_marina,max_verstappen,VER,Max Verstappen,red_bull,1,1,1,Finished,58,25.0
2025,24,race,Abu Dhabi Grand Prix,2025-12-07,yas_marina,piastri,PIA,Oscar Piastri,mclaren,3,2,2,Finished,58,18.0
2025,24,race,Abu Dhabi Grand Prix,2025-12-07,yas_marina,norris,NOR,Lando Norris,mclaren,2,3,3,Finished,58,15.0
2025,24,race,Abu Dhabi Grand Prix,2025-12-07,yas_marina,leclerc,LEC,Charles Leclerc,ferrari,5,4,4,Finished,58,12.0
2025,24,race,Abu Dhabi Grand Prix,2025-12-07,yas_marina,russell,RUS,George Russell,mercedes,4,5,5,Finished,58,10.0
2025,24,race,Abu Dhabi Grand Prix,2025-12-07,yas_marina,alonso,ALO,Fernando Alonso,aston_martin,6,6,6,Finished,58,8.0
2025,24,race,Abu Dhabi Grand Prix,2025-12-07,yas_marina,ocon,OCO,Esteban Ocon,haas,8,7,7,Finished,58,6.0
2025,24,race,Abu Dhabi Grand Prix,2025-12-07,yas_marina,hamilton,HAM,Lewis Hamilton,ferrari,16,8,8,Finished,58,4.0
2025,24,race,Abu Dhabi Grand Prix,2025-12-07,yas_marina,hulkenberg,HUL,Nico Hülkenberg,sauber,18,9,9,Finished,58,2.0
2025,24,race,Abu Dhabi Grand Prix,2025-12-07,yas_marina,stroll,STR,Lance Stroll,aston_martin,15,10,10,Finished,58,1.0
2025,24,race,Abu Dhabi Grand Prix,2025-12-07,yas_marina,bortoleto,BOR,Gabriel Bortoleto,sauber,7,11,11,Finished,58,0.0
2025,24,race,Abu Dhabi Grand Prix,2025-12-07,yas_marina,bearman,BEA,Oliver Bearman,haas,11,12,12,Finished,58,0.0
2025,24,race,Abu Dhabi Grand Prix,2025-12-07,yas_marina,sainz,SAI,Carlos Sainz,williams,12,13,13,Finished,58,0.0
2025,24,race,Abu Dhabi Grand Prix,2025-12-07,yas_marina,tsunoda,TSU,Yuki Tsunoda,red_bull,10,14,14,Finished,58,0.0
2025,24,race,Abu Dhabi Grand Prix,2025-12-07,yas_marina,antonelli,ANT,Andrea Kimi Antonelli,mercedes,14,15,15,Finished,58,0.0
2025,24,race,Abu Dhabi Grand Prix,2025-12-07,yas_marina,albon,ALB,Alexander Albon,williams,17,16,16,Finished,58,0.0
2025,24,race,Abu Dhabi Grand Prix,2025-12-07,yas_marina,hadjar,HAD,Isack Hadjar,rb,9,17,17,Lapped,57,0.0
2025,24,race,Abu Dhabi Grand Prix,2025-12-07,yas_marina,lawson,LAW,Liam Lawson,rb,13,18,18,Lapped,57,0.0
2025,24,race,Abu Dhabi Grand Prix,2025-12-07,yas_marina,gasly,GAS,Pierre Gasly,alpine,19,19,19,Lapped,57,0.0
2025,24,race,Abu Dhabi Grand Prix,2025-12-07,yas_marina,colapinto,COL,Franco Colapinto,alpine,20,20,20,Lapped,57,0.0
