cell,phase,allelic_umis,gene,c57,cast,half_life_h,txburst_kon,txburst_koff,txburst_ksyn
SS3_MAF_Leo171129_p2_S10,G1,39310,Ttc1,6,8,4.386,0.7128,336.4593,1629.1668
SS3_MAF_Leo171129_p2_S12,G1,46976,Ttc1,0,4,4.386,0.7128,336.4593,1629.1668
SS3_MAF_Leo171129_p2_S13,G1,43893,Ttc1,2,1,4.386,0.7128,336.4593,1629.1668
SS3_MAF_Leo171129_p2_S14,G1,39959,Ttc1,0,3,4.386,0.7128,336.4593,1629.1668
SS3_MAF_Leo171129_p2_S16,G1,41170,Ttc1,1,0,4.386,0.7128,336.4593,1629.1668
SS3_MAF_Leo171129_p2_S17,G1,117795,Ttc1,24,1,4.386,0.7128,336.4593,1629.1668
SS3_MAF_Leo171129_p2_S18,S,79991,Ttc1,5,9,4.386,0.7128,336.4593,1629.1668
SS3_MAF_Leo171129_p2_S19,G1,63056,Ttc1,2,0,4.386,0.7128,336.4593,1629.1668
SS3_MAF_Leo171129_p2_S1,G2M,48601,Ttc1,10,3,4.386,0.7128,336.4593,1629.1668
SS3_MAF_Leo171129_p2_S20,G1,70834,Ttc1,6,0,4.386,0.7128,336.4593,1629.1668
SS3_MAF_Leo171129_p2_S21,G1,75490,Ttc1,9,2,4.386,0.7128,336.4593,1629.1668
SS3_MAF_Leo171129_p2_S22,G2M,33098,Ttc1,1,2,4.386,0.7128,336.4593,1629.1668
SS3_MAF_Leo171129_p2_S23,G1,36429,Ttc1,1,3,4.386,0.7128,336.4593,1629.1668
SS3_MAF_Leo171129_p2_S24,G1,29297,Ttc1,0,3,4.386,0.7128,336.4593,1629.1668
SS3_MAF_Leo171129_p2_S25,G1,77970,Ttc1,16,8,4.386,0.7128,336.4593,1629.1668
SS3_MAF_Leo171129_p2_S26,G2M,42619,Ttc1,2,1,4.386,0.7128,336.4593,1629.1668
SS3_MAF_Leo171129_p2_S27,G1,8122,Ttc1,0,2,4.386,0.7128,336.4593,1629.1668
SS3_MAF_Leo171129_p2_S28,G2M,16215,Ttc1,4,2,4.386,0.7128,336.4593,1629.1668
SS3_MAF_Leo171129_p2_S2,S,34219,Ttc1,7,6,4.386,0.7128,336.4593,1629.1668
SS3_MAF_Leo171129_p2_S30,G2M,10030,Ttc1,,,4.386,0.7128,336.4593,1629.1668
SS3_MAF_Leo171129_p2_S31,G1,50024,Ttc1,2,0,4.386,0.7128,336.4593,1629.1668
SS3_MAF_Leo171129_p2_S32,G2M,51366,Ttc1,10,14,4.386,0.7128,336.4593,1629.1668
SS3_MAF_Leo171129_p2_S33,G1,64228,Ttc1,2,7,4.386,0.7128,336.4593,1629.1668
SS3_MAF_Leo171129_p2_S34,G1,38195,Ttc1,4,0,4.386,0.7128,336.4593,1629.1668
SS3_MAF_Leo171129_p2_S37,G1,13225,Ttc1,,,4.386,0.7128,336.4593,1629.1668
SS3_MAF_Leo171129_p2_S3,G1,55963,Ttc1,4,3,4.386,0.7128,336.4593,1629.1668
SS3_MAF_Leo171129_p2_S41,G1,108019,Ttc1,19,13,4.386,0.7128,336.4593,1629.1668
SS3_MAF_Leo171129_p2_S42,G1,65018,Ttc1,4,2,4.386,0.7128,336.4593,1629.1668
SS3_MAF_Leo171129_p2_S43,G1,64740,Ttc1,6,4,4.386,0.7128,336.4593,1629.1668
SS3_MAF_Leo171129_p2_S44,G1,37365,Ttc1,4,1,4.386,0.7128,336.4593,1629.1668
SS3_MAF_Leo171129_p2_S45,S,66369,Ttc1,4,5,4.386,0.7128,336.4593,1629.1668
SS3_MAF_Leo171129_p2_S47,G1,47781,Ttc1,1,2,4.386,0.7128,336.4593,1629.1668
SS3_MAF_Leo171129_p2_S48,G1,51270,Ttc1,4,6,4.386,0.7128,336.4593,1629.1668
SS3_MAF_Leo171129_p2_S49,G1,30770,Ttc1,6,0,4.386,0.7128,336.4593,1629.1668
SS3_MAF_Leo171129_p2_S4,G1,39611,Ttc1,0,3,4.386,0.7128,336.4593,1629.1668
SS3_MAF_Leo171129_p2_S50,G1,57440,Ttc1,21,5,4.386,0.7128,336.4593,1629.1668
SS3_MAF_Leo171129_p2_S52,G1,21457,Ttc1,1,0,4.386,0.7128,336.4593,1629.1668
SS3_MAF_Leo171129_p2_S53,G1,80336,Ttc1,7,7,4.386,0.7128,336.4593,1629.1668
SS3_MAF_Leo171129_p2_S55,G2M,88188,Ttc1,8,21,4.386,0.7128,336.4593,1629.1668
SS3_MAF_Leo171129_p2_S57,G1,42297,Ttc1,0,2,4.386,0.7128,336.4593,1629.1668
SS3_MAF_Leo171129_p2_S58,G1,55834,Ttc1,5,0,4.386,0.7128,336.4593,1629.1668
SS3_MAF_Leo171129_p2_S59,G1,45969,Ttc1,3,4,4.386,0.7128,336.4593,1629.1668
SS3_MAF_Leo171129_p2_S5,G2M,34433,Ttc1,0,4,4.386,0.7128,336.4593,1629.1668
SS3_MAF_Leo171129_p2_S61,G1,20315,Ttc1,0,1,4.386,0.7128,336.4593,1629.1668
SS3_MAF_Leo171129_p2_S62,G1,20928,Ttc1,0,0,4.386,0.7128,336.4593,1629.1668
SS3_MAF_Leo171129_p2_S64,G1,100938,Ttc1,4,3,4.386,0.7128,336.4593,1629.1668
SS3_MAF_Leo171129_p2_S65,G1,52328,Ttc1,1,0,4.386,0.7128,336.4593,1629.1668
SS3_MAF_Leo171129_p2_S66,G1,67878,Ttc1,7,6,4.386,0.7128,336.4593,1629.1668
SS3_MAF_Leo171129_p2_S67,S,68235,Ttc1,15,1,4.386,0.7128,336.4593,1629.1668
SS3_MAF_Leo171129_p2_S68,G1,15259,Ttc1,0,0,4.386,0.7128,336.4593,1629.1668
SS3_MAF_Leo171129_p2_S69,G1,36667,Ttc1,1,2,4.386,0.7128,336.4593,1629.1668
SS3_MAF_Leo171129_p2_S6,G2M,60468,Ttc1,7,1,4.386,0.7128,336.4593,1629.1668
SS3_MAF_Leo171129_p2_S72,G1,18464,Ttc1,4,0,4.386,0.7128,336.4593,1629.1668
SS3_MAF_Leo171129_p2_S73,G1,94179,Ttc1,5,3,4.386,0.7128,336.4593,1629.1668
SS3_MAF_Leo171129_p2_S74,G1,85288,Ttc1,19,11,4.386,0.7128,336.4593,1629.1668
SS3_MAF_Leo171129_p2_S75,G1,53506,Ttc1,2,8,4.386,0.7128,336.4593,1629.1668
SS3_MAF_Leo171129_p2_S76,G2M,60345,Ttc1,7,8,4.386,0.7128,336.4593,1629.1668
SS3_MAF_Leo171129_p2_S77,G1,30764,Ttc1,2,0,4.386,0.7128,336.4593,1629.1668
SS3_MAF_Leo171129_p2_S78,S,64444,Ttc1,1,3,4.386,0.7128,336.4593,1629.1668
SS3_MAF_Leo171129_p2_S79,G1,20086,Ttc1,0,1,4.386,0.7128,336.4593,1629.1668
SS3_MAF_Leo171129_p2_S7,G1,42337,Ttc1,7,0,4.386,0.7128,336.4593,1629.1668
SS3_MAF_Leo171129_p2_S80,S,46988,Ttc1,7,3,4.386,0.7128,336.4593,1629.1668
SS3_MAF_Leo171129_p2_S81,G2M,13199,Ttc1,0,0,4.386,0.7128,336.4593,1629.1668
SS3_MAF_Leo171129_p2_S82,G1,10672,Ttc1,0,0,4.386,0.7128,336.4593,1629.1668
SS3_MAF_Leo171129_p2_S83,G1,62168,Ttc1,10,1,4.386,0.7128,336.4593,1629.1668
SS3_MAF_Leo171129_p2_S84,G1,9220,Ttc1,0,0,4.386,0.7128,336.4593,1629.1668
SS3_MAF_Leo171129_p2_S85,G1,12557,Ttc1,0,3,4.386,0.7128,336.4593,1629.1668
SS3_MAF_Leo171129_p2_S86,S,76694,Ttc1,2,18,4.386,0.7128,336.4593,1629.1668
SS3_MAF_Leo171129_p2_S87,G1,33235,Ttc1,13,1,4.386,0.7128,336.4593,1629.1668
SS3_MAF_Leo171129_p2_S89,G1,128206,Ttc1,28,2,4.386,0.7128,336.4593,1629.1668
SS3_MAF_Leo171129_p2_S8,G1,42290,Ttc1,5,2,4.386,0.7128,336.4593,1629.1668
SS3_MAF_Leo171129_p2_S90,G1,144876,Ttc1,10,6,4.386,0.7128,336.4593,1629.1668
SS3_MAF_Leo171129_p2_S91,G1,95482,Ttc1,12,0,4.386,0.7128,336.4593,1629.1668
SS3_MAF_Leo171129_p2_S92,G1,42727,Ttc1,3,0,4.386,0.7128,336.4593,1629.1668
SS3_MAF_Leo171129_p2_S93,S,50420,Ttc1,0,0,4.386,0.7128,336.4593,1629.1668
SS3_MAF_Leo171129_p2_S94,G2M,49637,Ttc1,0,8,4.386,0.7128,336.4593,1629.1668
SS3_MAF_Leo171129_p2_S9,G2M,77535,Ttc1,16,2,4.386,0.7128,336.4593,1629.1668
SS3_MAF_leo180223_p6_A10_S10,G1,23929,Ttc1,,,4.386,0.7128,336.4593,1629.1668
SS3_MAF_leo180223_p6_B01_S13,G1,24789,Ttc1,0,0,4.386,0.7128,336.4593,1629.1668
SS3_MAF_leo180223_p6_A03_S3,G1,36756,Ttc1,2,3,4.386,0.7128,336.4593,1629.1668
SS3_MAF_leo180223_p6_A09_S9,G2M,12578,Ttc1,0,0,4.386,0.7128,336.4593,1629.1668
SS3_MAF_leo180223_p6_B05_S17,G2M,7653,Ttc1,0,0,4.386,0.7128,336.4593,1629.1668
SS3_MAF_leo180223_p6_A01_S1,G1,53431,Ttc1,0,1,4.386,0.7128,336.4593,1629.1668
SS3_MAF_leo180223_p6_A11_S11,G1,30102,Ttc1,2,1,4.386,0.7128,336.4593,1629.1668
SS3_MAF_leo180223_p6_C01_S25,G1,49793,Ttc1,3,12,4.386,0.7128,336.4593,1629.1668
SS3_MAF_leo180223_p6_B02_S14,G1,55296,Ttc1,2,2,4.386,0.7128,336.4593,1629.1668
SS3_MAF_leo180223_p6_A02_S2,S,72303,Ttc1,4,11,4.386,0.7128,336.4593,1629.1668
SS3_MAF_leo180223_p6_A05_S5,G2M,11957,Ttc1,1,0,4.386,0.7128,336.4593,1629.1668
SS3_MAF_leo180223_p6_A07_S7,G1,26205,Ttc1,1,0,4.386,0.7128,336.4593,1629.1668
SS3_MAF_leo180223_p6_A04_S4,G1,42732,Ttc1,0,2,4.386,0.7128,336.4593,1629.1668
SS3_MAF_leo180223_p6_A12_S12,G1,52402,Ttc1,6,7,4.386,0.7128,336.4593,1629.1668
SS3_MAF_leo180223_p6_B04_S16,G1,30714,Ttc1,,,4.386,0.7128,336.4593,1629.1668
SS3_MAF_leo180223_p6_A06_S6,G1,57207,Ttc1,2,1,4.386,0.7128,336.4593,1629.1668
SS3_MAF_leo180223_p6_B03_S15,S,61296,Ttc1,7,0,4.386,0.7128,336.4593,1629.1668
SS3_MAF_leo180223_p6_B10_S22,G1,22876,Ttc1,0,0,4.386,0.7128,336.4593,1629.1668
SS3_MAF_leo180223_p6_C02_S26,G1,65040,Ttc1,0,3,4.386,0.7128,336.4593,1629.1668
SS3_MAF_leo180223_p6_C04_S28,G2M,26058,Ttc1,5,0,4.386,0.7128,336.4593,1629.1668
SS3_MAF_leo180223_p6_B09_S21,G1,37734,Ttc1,0,3,4.386,0.7128,336.4593,1629.1668
SS3_MAF_leo180223_p6_C05_S29,G1,60723,Ttc1,4,3,4.386,0.7128,336.4593,1629.1668
SS3_MAF_leo180223_p6_C11_S35,G1,54024,Ttc1,1,5,4.386,0.7128,336.4593,1629.1668
SS3_MAF_leo180223_p6_C09_S33,G1,53996,Ttc1,2,8,4.386,0.7128,336.4593,1629.1668
SS3_MAF_leo180223_p6_D01_S37,S,55709,Ttc1,0,1,4.386,0.7128,336.4593,1629.1668
SS3_MAF_leo180223_p6_D03_S39,G1,47188,Ttc1,5,5,4.386,0.7128,336.4593,1629.1668
SS3_MAF_leo180223_p6_B11_S23,G1,41554,Ttc1,1,1,4.386,0.7128,336.4593,1629.1668
SS3_MAF_leo180223_p6_D05_S41,G1,29838,Ttc1,0,5,4.386,0.7128,336.4593,1629.1668
SS3_MAF_leo180223_p6_D09_S45,G1,51007,Ttc1,0,0,4.386,0.7128,336.4593,1629.1668
SS3_MAF_leo180223_p6_B07_S19,G1,14673,Ttc1,0,0,4.386,0.7128,336.4593,1629.1668
SS3_MAF_leo180223_p6_E01_S49,G1,58894,Ttc1,3,10,4.386,0.7128,336.4593,1629.1668
SS3_MAF_leo180223_p6_C10_S34,G1,57445,Ttc1,0,6,4.386,0.7128,336.4593,1629.1668
SS3_MAF_leo180223_p6_C12_S36,G1,65159,Ttc1,7,4,4.386,0.7128,336.4593,1629.1668
SS3_MAF_leo180223_p6_C06_S30,S,48635,Ttc1,5,3,4.386,0.7128,336.4593,1629.1668
SS3_MAF_leo180223_p6_D12_S48,G1,7742,Ttc1,0,0,4.386,0.7128,336.4593,1629.1668
SS3_MAF_leo180223_p6_D07_S43,G1,58044,Ttc1,3,4,4.386,0.7128,336.4593,1629.1668
SS3_MAF_leo180223_p6_D04_S40,S,62213,Ttc1,9,2,4.386,0.7128,336.4593,1629.1668
SS3_MAF_leo180223_p6_E07_S55,G1,79485,Ttc1,12,2,4.386,0.7128,336.4593,1629.1668
SS3_MAF_leo180223_p6_D02_S38,G1,54559,Ttc1,7,6,4.386,0.7128,336.4593,1629.1668
SS3_MAF_leo180223_p6_E10_S58,G1,7949,Ttc1,1,0,4.386,0.7128,336.4593,1629.1668
SS3_MAF_leo180223_p6_E05_S53,S,40138,Ttc1,0,0,4.386,0.7128,336.4593,1629.1668
SS3_MAF_leo180223_p6_E03_S51,G1,56996,Ttc1,4,5,4.386,0.7128,336.4593,1629.1668
SS3_MAF_leo180223_p6_E11_S59,G1,29427,Ttc1,0,2,4.386,0.7128,336.4593,1629.1668
SS3_MAF_leo180223_p6_F03_S63,G1,16661,Ttc1,0,0,4.386,0.7128,336.4593,1629.1668
SS3_MAF_leo180223_p6_F07_S67,G1,12997,Ttc1,0,3,4.386,0.7128,336.4593,1629.1668
SS3_MAF_leo180223_p6_D06_S42,G2M,25551,Ttc1,1,4,4.386,0.7128,336.4593,1629.1668
SS3_MAF_leo180223_p6_F10_S70,G1,28264,Ttc1,0,0,4.386,0.7128,336.4593,1629.1668
SS3_MAF_leo180223_p6_G01_S73,G2M,9750,Ttc1,1,0,4.386,0.7128,336.4593,1629.1668
SS3_MAF_leo180223_p6_G05_S77,G2M,16211,Ttc1,0,0,4.386,0.7128,336.4593,1629.1668
SS3_MAF_leo180223_p6_F05_S65,G1,43383,Ttc1,3,0,4.386,0.7128,336.4593,1629.1668
SS3_MAF_leo180223_p6_G03_S75,G1,30248,Ttc1,0,0,4.386,0.7128,336.4593,1629.1668
SS3_MAF_leo180223_p6_E06_S54,G1,15835,Ttc1,0,0,4.386,0.7128,336.4593,1629.1668
SS3_MAF_leo180223_p6_G07_S79,G1,44754,Ttc1,2,7,4.386,0.7128,336.4593,1629.1668
SS3_MAF_leo180223_p6_G09_S81,G1,14370,Ttc1,0,0,4.386,0.7128,336.4593,1629.1668
SS3_MAF_leo180223_p6_G11_S83,S,43335,Ttc1,5,5,4.386,0.7128,336.4593,1629.1668
SS3_MAF_leo180223_p6_D08_S44,G1,11889,Ttc1,0,3,4.386,0.7128,336.4593,1629.1668
SS3_MAF_leo180223_p6_H07_S91,G1,10415,Ttc1,3,0,4.386,0.7128,336.4593,1629.1668
SS3_MAF_leo180223_p6_H09_S93,G1,13994,Ttc1,1,0,4.386,0.7128,336.4593,1629.1668
SS3_MAF_leo180223_p6_H11_S95,G1,17619,Ttc1,7,3,4.386,0.7128,336.4593,1629.1668
SS3_MAF_leo180223_p6_G06_S78,G1,17000,Ttc1,3,0,4.386,0.7128,336.4593,1629.1668
SS3_MAF_leo180223_p6_E12_S60,G1,29942,Ttc1,2,0,4.386,0.7128,336.4593,1629.1668
SS3_MAF_leo180223_p4_S101,S,46504,Ttc1,4,2,4.386,0.7128,336.4593,1629.1668
SS3_MAF_leo180223_p4_S102,G1,28700,Ttc1,0,2,4.386,0.7128,336.4593,1629.1668
SS3_MAF_leo180223_p4_S104,G2M,9443,Ttc1,0,0,4.386,0.7128,336.4593,1629.1668
SS3_MAF_leo180223_p4_S108,G1,8102,Ttc1,0,0,4.386,0.7128,336.4593,1629.1668
SS3_MAF_leo180223_p4_S105,G1,46105,Ttc1,5,1,4.386,0.7128,336.4593,1629.1668
SS3_MAF_leo180223_p4_S106,G1,46823,Ttc1,4,4,4.386,0.7128,336.4593,1629.1668
SS3_MAF_leo180223_p6_D10_S46,G1,15028,Ttc1,0,0,4.386,0.7128,336.4593,1629.1668
SS3_MAF_leo180223_p4_S107,G1,57441,Ttc1,0,12,4.386,0.7128,336.4593,1629.1668
SS3_MAF_leo180223_p6_F06_S66,G1,35862,Ttc1,,,4.386,0.7128,336.4593,1629.1668
SS3_MAF_leo180223_p6_E08_S56,G1,19789,Ttc1,0,0,4.386,0.7128,336.4593,1629.1668
SS3_MAF_leo180223_p6_H08_S92,G1,31398,Ttc1,2,0,4.386,0.7128,336.4593,1629.1668
SS3_MAF_leo180223_p6_H10_S94,S,43246,Ttc1,6,4,4.386,0.7128,336.4593,1629.1668
SS3_MAF_leo180223_p4_S109,G1,22942,Ttc1,1,1,4.386,0.7128,336.4593,1629.1668
SS3_MAF_leo180223_p6_G04_S76,G1,14904,Ttc1,0,0,4.386,0.7128,336.4593,1629.1668
SS3_MAF_leo180223_p4_S112,G1,10651,Ttc1,0,0,4.386,0.7128,336.4593,1629.1668
SS3_MAF_leo180223_p4_S111,S,17722,Ttc1,1,0,4.386,0.7128,336.4593,1629.1668
SS3_MAF_leo180223_p4_S113,G1,54566,Ttc1,4,2,4.386,0.7128,336.4593,1629.1668
SS3_MAF_leo180223_p6_E02_S50,G1,56102,Ttc1,2,1,4.386,0.7128,336.4593,1629.1668
SS3_MAF_leo180223_p4_S114,G1,41605,Ttc1,2,0,4.386,0.7128,336.4593,1629.1668
SS3_MAF_leo180223_p4_S115,G1,31806,Ttc1,0,2,4.386,0.7128,336.4593,1629.1668
SS3_MAF_leo180223_p4_S117,G1,33445,Ttc1,3,1,4.386,0.7128,336.4593,1629.1668
SS3_MAF_leo180223_p4_S116,G2M,43218,Ttc1,4,5,4.386,0.7128,336.4593,1629.1668
SS3_MAF_leo180223_p4_S118,G1,39079,Ttc1,3,2,4.386,0.7128,336.4593,1629.1668
SS3_MAF_leo180223_p4_S119,G1,32951,Ttc1,0,5,4.386,0.7128,336.4593,1629.1668
SS3_MAF_leo180223_p4_S123,S,42089,Ttc1,3,3,4.386,0.7128,336.4593,1629.1668
SS3_MAF_leo180223_p4_S121,G1,35385,Ttc1,2,2,4.386,0.7128,336.4593,1629.1668
SS3_MAF_leo180223_p4_S122,G1,48450,Ttc1,4,5,4.386,0.7128,336.4593,1629.1668
SS3_MAF_leo180223_p4_S125,G1,36709,Ttc1,3,2,4.386,0.7128,336.4593,1629.1668
SS3_MAF_leo180223_p4_S126,G1,14776,Ttc1,0,0,4.386,0.7128,336.4593,1629.1668
SS3_MAF_leo180223_p4_S127,G1,30192,Ttc1,2,0,4.386,0.7128,336.4593,1629.1668
SS3_MAF_leo180223_p4_S124,G1,48177,Ttc1,1,7,4.386,0.7128,336.4593,1629.1668
SS3_MAF_leo180223_p4_S129,G1,39617,Ttc1,1,0,4.386,0.7128,336.4593,1629.1668
SS3_MAF_leo180223_p4_S130,G1,30386,Ttc1,0,4,4.386,0.7128,336.4593,1629.1668
SS3_MAF_leo180223_p4_S131,G2M,30460,Ttc1,4,3,4.386,0.7128,336.4593,1629.1668
SS3_MAF_leo180223_p4_S132,G1,38643,Ttc1,2,5,4.386,0.7128,336.4593,1629.1668
SS3_MAF_leo180223_p4_S134,G1,9113,Ttc1,1,0,4.386,0.7128,336.4593,1629.1668
SS3_MAF_leo180223_p4_S133,G1,42441,Ttc1,14,2,4.386,0.7128,336.4593,1629.1668
SS3_MAF_leo180223_p4_S135,G1,17189,Ttc1,0,2,4.386,0.7128,336.4593,1629.1668
SS3_MAF_leo180223_p4_S139,G2M,11145,Ttc1,0,2,4.386,0.7128,336.4593,1629.1668
SS3_MAF_leo180223_p4_S137,S,43012,Ttc1,7,1,4.386,0.7128,336.4593,1629.1668
SS3_MAF_leo180223_p4_S138,G2M,50993,Ttc1,2,8,4.386,0.7128,336.4593,1629.1668
SS3_MAF_leo180223_p4_S140,G1,10911,Ttc1,0,0,4.386,0.7128,336.4593,1629.1668
SS3_MAF_leo180223_p4_S142,G1,13960,Ttc1,0,3,4.386,0.7128,336.4593,1629.1668
SS3_MAF_leo180223_p4_S147,G1,18062,Ttc1,0,0,4.386,0.7128,336.4593,1629.1668
SS3_MAF_leo180223_p4_S97,G1,34429,Ttc1,3,1,4.386,0.7128,336.4593,1629.1668
SS3_MAF_leo180223_p4_S146,S,29223,Ttc1,0,0,4.386,0.7128,336.4593,1629.1668
SS3_MAF_leo180223_p4_S145,G1,40112,Ttc1,4,4,4.386,0.7128,336.4593,1629.1668
SS3_MAF_leo180223_p4_S148,G2M,35298,Ttc1,2,7,4.386,0.7128,336.4593,1629.1668
SS3_MAF_leo180223_p4_S150,G2M,11070,Ttc1,0,1,4.386,0.7128,336.4593,1629.1668
SS3_MAF_leo180223_p4_S149,G1,46283,Ttc1,9,6,4.386,0.7128,336.4593,1629.1668
SS3_MAF_leo180223_p4_S151,G2M,37513,Ttc1,5,2,4.386,0.7128,336.4593,1629.1668
SS3_MAF_leo180223_p4_S153,G1,57674,Ttc1,4,5,4.386,0.7128,336.4593,1629.1668
SS3_MAF_leo180223_p4_S156,G1,20071,Ttc1,2,1,4.386,0.7128,336.4593,1629.1668
SS3_MAF_leo180223_p4_S154,S,55869,Ttc1,6,1,4.386,0.7128,336.4593,1629.1668
SS3_MAF_leo180223_p4_S157,G1,20536,Ttc1,6,1,4.386,0.7128,336.4593,1629.1668
SS3_MAF_leo180223_p4_S159,G1,32667,Ttc1,0,1,4.386,0.7128,336.4593,1629.1668
SS3_MAF_leo180223_p4_S158,G2M,48866,Ttc1,5,4,4.386,0.7128,336.4593,1629.1668
SS3_MAF_leo180223_p4_S161,S,44634,Ttc1,7,1,4.386,0.7128,336.4593,1629.1668
SS3_MAF_leo180223_p4_S160,G1,25072,Ttc1,1,3,4.386,0.7128,336.4593,1629.1668
SS3_MAF_leo180223_p4_S162,G1,36811,Ttc1,3,2,4.386,0.7128,336.4593,1629.1668
SS3_MAF_leo180223_p4_S164,G1,43467,Ttc1,4,15,4.386,0.7128,336.4593,1629.1668
SS3_MAF_leo180223_p4_S166,S,28129,Ttc1,0,5,4.386,0.7128,336.4593,1629.1668
SS3_MAF_leo180223_p4_S167,G1,26371,Ttc1,2,3,4.386,0.7128,336.4593,1629.1668
SS3_MAF_leo180223_p4_S169,G1,34158,Ttc1,7,0,4.386,0.7128,336.4593,1629.1668
SS3_MAF_leo180223_p4_S165,G1,39578,Ttc1,3,7,4.386,0.7128,336.4593,1629.1668
SS3_MAF_leo180223_p4_S173,G1,19064,Ttc1,0,2,4.386,0.7128,336.4593,1629.1668
SS3_MAF_leo180223_p4_S170,G1,51247,Ttc1,2,3,4.386,0.7128,336.4593,1629.1668
SS3_MAF_leo180223_p4_S171,S,67232,Ttc1,2,10,4.386,0.7128,336.4593,1629.1668
SS3_MAF_leo180223_p4_S177,S,44173,Ttc1,4,3,4.386,0.7128,336.4593,1629.1668
SS3_MAF_leo180223_p4_S174,G1,31352,Ttc1,1,2,4.386,0.7128,336.4593,1629.1668
SS3_MAF_leo180223_p4_S180,G1,16181,Ttc1,1,2,4.386,0.7128,336.4593,1629.1668
SS3_MAF_leo180223_p4_S176,G1,20544,Ttc1,3,5,4.386,0.7128,336.4593,1629.1668
SS3_MAF_leo180223_p4_S179,G1,32343,Ttc1,0,4,4.386,0.7128,336.4593,1629.1668
SS3_MAF_leo180223_p4_S178,S,57266,Ttc1,15,2,4.386,0.7128,336.4593,1629.1668
SS3_MAF_leo180223_p4_S181,G1,25042,Ttc1,3,0,4.386,0.7128,336.4593,1629.1668
SS3_MAF_leo180223_p4_S183,G1,33832,Ttc1,4,2,4.386,0.7128,336.4593,1629.1668
SS3_MAF_leo180223_p4_S182,G1,52029,Ttc1,8,1,4.386,0.7128,336.4593,1629.1668
SS3_MAF_leo180223_p4_S186,S,58004,Ttc1,7,2,4.386,0.7128,336.4593,1629.1668
SS3_MAF_leo180223_p4_S187,G2M,15045,Ttc1,1,0,4.386,0.7128,336.4593,1629.1668
SS3_MAF_leo180223_p4_S191,G2M,11140,Ttc1,0,0,4.386,0.7128,336.4593,1629.1668
SS3_MAF_leo180223_p4_S185,G1,52790,Ttc1,5,1,4.386,0.7128,336.4593,1629.1668
SS3_MAF_leo180223_p4_S189,G1,66797,Ttc1,11,3,4.386,0.7128,336.4593,1629.1668
SS3_MAF_leo180223_p4_S188,G1,51539,Ttc1,2,5,4.386,0.7128,336.4593,1629.1668
SS3_MAF_leo180223_p4_S190,G1,37493,Ttc1,,,4.386,0.7128,336.4593,1629.1668
SS3_MAF_leo180223_p4_S98,G1,27030,Ttc1,0,3,4.386,0.7128,336.4593,1629.1668
SS3_MAF_leo180223_p4_S99,G1,22647,Ttc1,1,3,4.386,0.7128,336.4593,1629.1668
SS3_MAF_Leo171129_p2_S10,G1,39310,Sqle,1,4,3.793,0.9444,276.6891,481.24
SS3_MAF_Leo171129_p2_S12,G1,46976,Sqle,,,3.793,0.9444,276.6891,481.24
SS3_MAF_Leo171129_p2_S13,G1,43893,Sqle,,,3.793,0.9444,276.6891,481.24
SS3_MAF_Leo171129_p2_S14,G1,39959,Sqle,0,4,3.793,0.9444,276.6891,481.24
SS3_MAF_Leo171129_p2_S16,G1,41170,Sqle,2,0,3.793,0.9444,276.6891,481.24
SS3_MAF_Leo171129_p2_S17,G1,117795,Sqle,2,2,3.793,0.9444,276.6891,481.24
SS3_MAF_Leo171129_p2_S18,S,79991,Sqle,4,0,3.793,0.9444,276.6891,481.24
SS3_MAF_Leo171129_p2_S19,G1,63056,Sqle,,,3.793,0.9444,276.6891,481.24
SS3_MAF_Leo171129_p2_S1,G2M,48601,Sqle,1,1,3.793,0.9444,276.6891,481.24
SS3_MAF_Leo171129_p2_S20,G1,70834,Sqle,0,0,3.793,0.9444,276.6891,481.24
SS3_MAF_Leo171129_p2_S21,G1,75490,Sqle,0,2,3.793,0.9444,276.6891,481.24
SS3_MAF_Leo171129_p2_S22,G2M,33098,Sqle,1,4,3.793,0.9444,276.6891,481.24
SS3_MAF_Leo171129_p2_S23,G1,36429,Sqle,0,1,3.793,0.9444,276.6891,481.24
SS3_MAF_Leo171129_p2_S24,G1,29297,Sqle,1,1,3.793,0.9444,276.6891,481.24
SS3_MAF_Leo171129_p2_S25,G1,77970,Sqle,3,0,3.793,0.9444,276.6891,481.24
SS3_MAF_Leo171129_p2_S26,G2M,42619,Sqle,0,5,3.793,0.9444,276.6891,481.24
SS3_MAF_Leo171129_p2_S27,G1,8122,Sqle,0,2,3.793,0.9444,276.6891,481.24
SS3_MAF_Leo171129_p2_S28,G2M,16215,Sqle,1,1,3.793,0.9444,276.6891,481.24
SS3_MAF_Leo171129_p2_S2,S,34219,Sqle,0,6,3.793,0.9444,276.6891,481.24
SS3_MAF_Leo171129_p2_S30,G2M,10030,Sqle,0,2,3.793,0.9444,276.6891,481.24
SS3_MAF_Leo171129_p2_S31,G1,50024,Sqle,1,0,3.793,0.9444,276.6891,481.24
SS3_MAF_Leo171129_p2_S32,G2M,51366,Sqle,0,2,3.793,0.9444,276.6891,481.24
SS3_MAF_Leo171129_p2_S33,G1,64228,Sqle,2,3,3.793,0.9444,276.6891,481.24
SS3_MAF_Leo171129_p2_S34,G1,38195,Sqle,1,0,3.793,0.9444,276.6891,481.24
SS3_MAF_Leo171129_p2_S37,G1,13225,Sqle,0,0,3.793,0.9444,276.6891,481.24
SS3_MAF_Leo171129_p2_S3,G1,55963,Sqle,8,4,3.793,0.9444,276.6891,481.24
SS3_MAF_Leo171129_p2_S41,G1,108019,Sqle,4,2,3.793,0.9444,276.6891,481.24
SS3_MAF_Leo171129_p2_S42,G1,65018,Sqle,3,0,3.793,0.9444,276.6891,481.24
SS3_MAF_Leo171129_p2_S43,G1,64740,Sqle,1,6,3.793,0.9444,276.6891,481.24
SS3_MAF_Leo171129_p2_S44,G1,37365,Sqle,4,2,3.793,0.9444,276.6891,481.24
SS3_MAF_Leo171129_p2_S45,S,66369,Sqle,1,9,3.793,0.9444,276.6891,481.24
SS3_MAF_Leo171129_p2_S47,G1,47781,Sqle,1,3,3.793,0.9444,276.6891,481.24
SS3_MAF_Leo171129_p2_S48,G1,51270,Sqle,1,1,3.793,0.9444,276.6891,481.24
SS3_MAF_Leo171129_p2_S49,G1,30770,Sqle,0,0,3.793,0.9444,276.6891,481.24
SS3_MAF_Leo171129_p2_S4,G1,39611,Sqle,1,1,3.793,0.9444,276.6891,481.24
SS3_MAF_Leo171129_p2_S50,G1,57440,Sqle,0,0,3.793,0.9444,276.6891,481.24
SS3_MAF_Leo171129_p2_S52,G1,21457,Sqle,2,6,3.793,0.9444,276.6891,481.24
SS3_MAF_Leo171129_p2_S53,G1,80336,Sqle,5,4,3.793,0.9444,276.6891,481.24
SS3_MAF_Leo171129_p2_S55,G2M,88188,Sqle,4,11,3.793,0.9444,276.6891,481.24
SS3_MAF_Leo171129_p2_S57,G1,42297,Sqle,2,1,3.793,0.9444,276.6891,481.24
SS3_MAF_Leo171129_p2_S58,G1,55834,Sqle,1,1,3.793,0.9444,276.6891,481.24
SS3_MAF_Leo171129_p2_S59,G1,45969,Sqle,2,2,3.793,0.9444,276.6891,481.24
SS3_MAF_Leo171129_p2_S5,G2M,34433,Sqle,,,3.793,0.9444,276.6891,481.24
SS3_MAF_Leo171129_p2_S61,G1,20315,Sqle,1,0,3.793,0.9444,276.6891,481.24
SS3_MAF_Leo171129_p2_S62,G1,20928,Sqle,0,0,3.793,0.9444,276.6891,481.24
SS3_MAF_Leo171129_p2_S64,G1,100938,Sqle,0,1,3.793,0.9444,276.6891,481.24
SS3_MAF_Leo171129_p2_S65,G1,52328,Sqle,0,4,3.793,0.9444,276.6891,481.24
SS3_MAF_Leo171129_p2_S66,G1,67878,Sqle,4,2,3.793,0.9444,276.6891,481.24
SS3_MAF_Leo171129_p2_S67,S,68235,Sqle,1,0,3.793,0.9444,276.6891,481.24
SS3_MAF_Leo171129_p2_S68,G1,15259,Sqle,0,0,3.793,0.9444,276.6891,481.24
SS3_MAF_Leo171129_p2_S69,G1,36667,Sqle,1,6,3.793,0.9444,276.6891,481.24
SS3_MAF_Leo171129_p2_S6,G2M,60468,Sqle,2,0,3.793,0.9444,276.6891,481.24
SS3_MAF_Leo171129_p2_S72,G1,18464,Sqle,0,3,3.793,0.9444,276.6891,481.24
SS3_MAF_Leo171129_p2_S73,G1,94179,Sqle,1,1,3.793,0.9444,276.6891,481.24
SS3_MAF_Leo171129_p2_S74,G1,85288,Sqle,4,7,3.793,0.9444,276.6891,481.24
SS3_MAF_Leo171129_p2_S75,G1,53506,Sqle,3,2,3.793,0.9444,276.6891,481.24
SS3_MAF_Leo171129_p2_S76,G2M,60345,Sqle,1,1,3.793,0.9444,276.6891,481.24
SS3_MAF_Leo171129_p2_S77,G1,30764,Sqle,2,0,3.793,0.9444,276.6891,481.24
SS3_MAF_Leo171129_p2_S78,S,64444,Sqle,3,0,3.793,0.9444,276.6891,481.24
SS3_MAF_Leo171129_p2_S79,G1,20086,Sqle,0,2,3.793,0.9444,276.6891,481.24
SS3_MAF_Leo171129_p2_S7,G1,42337,Sqle,1,1,3.793,0.9444,276.6891,481.24
SS3_MAF_Leo171129_p2_S80,S,46988,Sqle,0,4,3.793,0.9444,276.6891,481.24
SS3_MAF_Leo171129_p2_S81,G2M,13199,Sqle,0,0,3.793,0.9444,276.6891,481.24
SS3_MAF_Leo171129_p2_S82,G1,10672,Sqle,0,0,3.793,0.9444,276.6891,481.24
SS3_MAF_Leo171129_p2_S83,G1,62168,Sqle,3,2,3.793,0.9444,276.6891,481.24
SS3_MAF_Leo171129_p2_S84,G1,9220,Sqle,2,0,3.793,0.9444,276.6891,481.24
SS3_MAF_Leo171129_p2_S85,G1,12557,Sqle,1,1,3.793,0.9444,276.6891,481.24
SS3_MAF_Leo171129_p2_S86,S,76694,Sqle,4,9,3.793,0.9444,276.6891,481.24
SS3_MAF_Leo171129_p2_S87,G1,33235,Sqle,1,1,3.793,0.9444,276.6891,481.24
SS3_MAF_Leo171129_p2_S89,G1,128206,Sqle,0,1,3.793,0.9444,276.6891,481.24
SS3_MAF_Leo171129_p2_S8,G1,42290,Sqle,1,1,3.793,0.9444,276.6891,481.24
SS3_MAF_Leo171129_p2_S90,G1,144876,Sqle,15,9,3.793,0.9444,276.6891,481.24
SS3_MAF_Leo171129_p2_S91,G1,95482,Sqle,0,0,3.793,0.9444,276.6891,481.24
SS3_MAF_Leo171129_p2_S92,G1,42727,Sqle,0,5,3.793,0.9444,276.6891,481.24
SS3_MAF_Leo171129_p2_S93,S,50420,Sqle,6,2,3.793,0.9444,276.6891,481.24
SS3_MAF_Leo171129_p2_S94,G2M,49637,Sqle,4,0,3.793,0.9444,276.6891,481.24
SS3_MAF_Leo171129_p2_S9,G2M,77535,Sqle,0,1,3.793,0.9444,276.6891,481.24
SS3_MAF_leo180223_p6_A10_S10,G1,23929,Sqle,0,4,3.793,0.9444,276.6891,481.24
SS3_MAF_leo180223_p6_B01_S13,G1,24789,Sqle,0,0,3.793,0.9444,276.6891,481.24
SS3_MAF_leo180223_p6_A03_S3,G1,36756,Sqle,1,1,3.793,0.9444,276.6891,481.24
SS3_MAF_leo180223_p6_A09_S9,G2M,12578,Sqle,,,3.793,0.9444,276.6891,481.24
SS3_MAF_leo180223_p6_B05_S17,G2M,7653,Sqle,0,0,3.793,0.9444,276.6891,481.24
SS3_MAF_leo180223_p6_A01_S1,G1,53431,Sqle,4,7,3.793,0.9444,276.6891,481.24
SS3_MAF_leo180223_p6_A11_S11,G1,30102,Sqle,2,3,3.793,0.9444,276.6891,481.24
SS3_MAF_leo180223_p6_C01_S25,G1,49793,Sqle,3,2,3.793,0.9444,276.6891,481.24
SS3_MAF_leo180223_p6_B02_S14,G1,55296,Sqle,1,0,3.793,0.9444,276.6891,481.24
SS3_MAF_leo180223_p6_A02_S2,S,72303,Sqle,1,3,3.793,0.9444,276.6891,481.24
SS3_MAF_leo180223_p6_A05_S5,G2M,11957,Sqle,,,3.793,0.9444,276.6891,481.24
SS3_MAF_leo180223_p6_A07_S7,G1,26205,Sqle,1,1,3.793,0.9444,276.6891,481.24
SS3_MAF_leo180223_p6_A04_S4,G1,42732,Sqle,,,3.793,0.9444,276.6891,481.24
SS3_MAF_leo180223_p6_A12_S12,G1,52402,Sqle,4,4,3.793,0.9444,276.6891,481.24
SS3_MAF_leo180223_p6_B04_S16,G1,30714,Sqle,1,4,3.793,0.9444,276.6891,481.24
SS3_MAF_leo180223_p6_A06_S6,G1,57207,Sqle,0,2,3.793,0.9444,276.6891,481.24
SS3_MAF_leo180223_p6_B03_S15,S,61296,Sqle,3,5,3.793,0.9444,276.6891,481.24
SS3_MAF_leo180223_p6_B10_S22,G1,22876,Sqle,0,0,3.793,0.9444,276.6891,481.24
SS3_MAF_leo180223_p6_C02_S26,G1,65040,Sqle,1,1,3.793,0.9444,276.6891,481.24
SS3_MAF_leo180223_p6_C04_S28,G2M,26058,Sqle,0,0,3.793,0.9444,276.6891,481.24
SS3_MAF_leo180223_p6_B09_S21,G1,37734,Sqle,2,0,3.793,0.9444,276.6891,481.24
SS3_MAF_leo180223_p6_C05_S29,G1,60723,Sqle,11,4,3.793,0.9444,276.6891,481.24
SS3_MAF_leo180223_p6_C11_S35,G1,54024,Sqle,,,3.793,0.9444,276.6891,481.24
SS3_MAF_leo180223_p6_C09_S33,G1,53996,Sqle,5,4,3.793,0.9444,276.6891,481.24
SS3_MAF_leo180223_p6_D01_S37,S,55709,Sqle,1,2,3.793,0.9444,276.6891,481.24
SS3_MAF_leo180223_p6_D03_S39,G1,47188,Sqle,0,0,3.793,0.9444,276.6891,481.24
SS3_MAF_leo180223_p6_B11_S23,G1,41554,Sqle,3,1,3.793,0.9444,276.6891,481.24
SS3_MAF_leo180223_p6_D05_S41,G1,29838,Sqle,1,1,3.793,0.9444,276.6891,481.24
SS3_MAF_leo180223_p6_D09_S45,G1,51007,Sqle,1,1,3.793,0.9444,276.6891,481.24
SS3_MAF_leo180223_p6_B07_S19,G1,14673,Sqle,0,0,3.793,0.9444,276.6891,481.24
SS3_MAF_leo180223_p6_E01_S49,G1,58894,Sqle,4,2,3.793,0.9444,276.6891,481.24
SS3_MAF_leo180223_p6_C10_S34,G1,57445,Sqle,,,3.793,0.9444,276.6891,481.24
SS3_MAF_leo180223_p6_C12_S36,G1,65159,Sqle,0,2,3.793,0.9444,276.6891,481.24
SS3_MAF_leo180223_p6_C06_S30,S,48635,Sqle,0,6,3.793,0.9444,276.6891,481.24
SS3_MAF_leo180223_p6_D12_S48,G1,7742,Sqle,0,0,3.793,0.9444,276.6891,481.24
SS3_MAF_leo180223_p6_D07_S43,G1,58044,Sqle,0,1,3.793,0.9444,276.6891,481.24
SS3_MAF_leo180223_p6_D04_S40,S,62213,Sqle,0,3,3.793,0.9444,276.6891,481.24
SS3_MAF_leo180223_p6_E07_S55,G1,79485,Sqle,2,10,3.793,0.9444,276.6891,481.24
SS3_MAF_leo180223_p6_D02_S38,G1,54559,Sqle,5,7,3.793,0.9444,276.6891,481.24
SS3_MAF_leo180223_p6_E10_S58,G1,7949,Sqle,,,3.793,0.9444,276.6891,481.24
SS3_MAF_leo180223_p6_E05_S53,S,40138,Sqle,0,2,3.793,0.9444,276.6891,481.24
SS3_MAF_leo180223_p6_E03_S51,G1,56996,Sqle,0,1,3.793,0.9444,276.6891,481.24
SS3_MAF_leo180223_p6_E11_S59,G1,29427,Sqle,1,1,3.793,0.9444,276.6891,481.24
SS3_MAF_leo180223_p6_F03_S63,G1,16661,Sqle,0,0,3.793,0.9444,276.6891,481.24
SS3_MAF_leo180223_p6_F07_S67,G1,12997,Sqle,0,0,3.793,0.9444,276.6891,481.24
SS3_MAF_leo180223_p6_D06_S42,G2M,25551,Sqle,0,2,3.793,0.9444,276.6891,481.24
SS3_MAF_leo180223_p6_F10_S70,G1,28264,Sqle,4,5,3.793,0.9444,276.6891,481.24
SS3_MAF_leo180223_p6_G01_S73,G2M,9750,Sqle,0,0,3.793,0.9444,276.6891,481.24
SS3_MAF_leo180223_p6_G05_S77,G2M,16211,Sqle,6,3,3.793,0.9444,276.6891,481.24
SS3_MAF_leo180223_p6_F05_S65,G1,43383,Sqle,1,1,3.793,0.9444,276.6891,481.24
SS3_MAF_leo180223_p6_G03_S75,G1,30248,Sqle,1,1,3.793,0.9444,276.6891,481.24
SS3_MAF_leo180223_p6_E06_S54,G1,15835,Sqle,3,0,3.793,0.9444,276.6891,481.24
SS3_MAF_leo180223_p6_G07_S79,G1,44754,Sqle,2,1,3.793,0.9444,276.6891,481.24
SS3_MAF_leo180223_p6_G09_S81,G1,14370,Sqle,0,0,3.793,0.9444,276.6891,481.24
SS3_MAF_leo180223_p6_G11_S83,S,43335,Sqle,0,2,3.793,0.9444,276.6891,481.24
SS3_MAF_leo180223_p6_D08_S44,G1,11889,Sqle,0,1,3.793,0.9444,276.6891,481.24
SS3_MAF_leo180223_p6_H07_S91,G1,10415,Sqle,0,0,3.793,0.9444,276.6891,481.24
SS3_MAF_leo180223_p6_H09_S93,G1,13994,Sqle,0,0,3.793,0.9444,276.6891,481.24
SS3_MAF_leo180223_p6_H11_S95,G1,17619,Sqle,0,0,3.793,0.9444,276.6891,481.24
SS3_MAF_leo180223_p6_G06_S78,G1,17000,Sqle,1,0,3.793,0.9444,276.6891,481.24
SS3_MAF_leo180223_p6_E12_S60,G1,29942,Sqle,8,4,3.793,0.9444,276.6891,481.24
SS3_MAF_leo180223_p4_S101,S,46504,Sqle,2,5,3.793,0.9444,276.6891,481.24
SS3_MAF_leo180223_p4_S102,G1,28700,Sqle,3,3,3.793,0.9444,276.6891,481.24
SS3_MAF_leo180223_p4_S104,G2M,9443,Sqle,,,3.793,0.9444,276.6891,481.24
SS3_MAF_leo180223_p4_S108,G1,8102,Sqle,0,0,3.793,0.9444,276.6891,481.24
SS3_MAF_leo180223_p4_S105,G1,46105,Sqle,0,1,3.793,0.9444,276.6891,481.24
SS3_MAF_leo180223_p4_S106,G1,46823,Sqle,1,2,3.793,0.9444,276.6891,481.24
SS3_MAF_leo180223_p6_D10_S46,G1,15028,Sqle,0,1,3.793,0.9444,276.6891,481.24
SS3_MAF_leo180223_p4_S107,G1,57441,Sqle,0,2,3.793,0.9444,276.6891,481.24
SS3_MAF_leo180223_p6_F06_S66,G1,35862,Sqle,1,1,3.793,0.9444,276.6891,481.24
SS3_MAF_leo180223_p6_E08_S56,G1,19789,Sqle,0,3,3.793,0.9444,276.6891,481.24
SS3_MAF_leo180223_p6_H08_S92,G1,31398,Sqle,1,1,3.793,0.9444,276.6891,481.24
SS3_MAF_leo180223_p6_H10_S94,S,43246,Sqle,1,1,3.793,0.9444,276.6891,481.24
SS3_MAF_leo180223_p4_S109,G1,22942,Sqle,0,6,3.793,0.9444,276.6891,481.24
SS3_MAF_leo180223_p6_G04_S76,G1,14904,Sqle,6,0,3.793,0.9444,276.6891,481.24
SS3_MAF_leo180223_p4_S112,G1,10651,Sqle,8,0,3.793,0.9444,276.6891,481.24
SS3_MAF_leo180223_p4_S111,S,17722,Sqle,0,0,3.793,0.9444,276.6891,481.24
SS3_MAF_leo180223_p4_S113,G1,54566,Sqle,1,1,3.793,0.9444,276.6891,481.24
SS3_MAF_leo180223_p6_E02_S50,G1,56102,Sqle,5,3,3.793,0.9444,276.6891,481.24
SS3_MAF_leo180223_p4_S114,G1,41605,Sqle,6,2,3.793,0.9444,276.6891,481.24
SS3_MAF_leo180223_p4_S115,G1,31806,Sqle,0,0,3.793,0.9444,276.6891,481.24
SS3_MAF_leo180223_p4_S117,G1,33445,Sqle,4,6,3.793,0.9444,276.6891,481.24
SS3_MAF_leo180223_p4_S116,G2M,43218,Sqle,0,1,3.793,0.9444,276.6891,481.24
SS3_MAF_leo180223_p4_S118,G1,39079,Sqle,1,1,3.793,0.9444,276.6891,481.24
SS3_MAF_leo180223_p4_S119,G1,32951,Sqle,1,0,3.793,0.9444,276.6891,481.24
SS3_MAF_leo180223_p4_S123,S,42089,Sqle,1,1,3.793,0.9444,276.6891,481.24
SS3_MAF_leo180223_p4_S121,G1,35385,Sqle,0,1,3.793,0.9444,276.6891,481.24
SS3_MAF_leo180223_p4_S122,G1,48450,Sqle,2,2,3.793,0.9444,276.6891,481.24
SS3_MAF_leo180223_p4_S125,G1,36709,Sqle,1,1,3.793,0.9444,276.6891,481.24
SS3_MAF_leo180223_p4_S126,G1,14776,Sqle,3,0,3.793,0.9444,276.6891,481.24
SS3_MAF_leo180223_p4_S127,G1,30192,Sqle,0,0,3.793,0.9444,276.6891,481.24
SS3_MAF_leo180223_p4_S124,G1,48177,Sqle,3,0,3.793,0.9444,276.6891,481.24
SS3_MAF_leo180223_p4_S129,G1,39617,Sqle,1,1,3.793,0.9444,276.6891,481.24
SS3_MAF_leo180223_p4_S130,G1,30386,Sqle,0,0,3.793,0.9444,276.6891,481.24
SS3_MAF_leo180223_p4_S131,G2M,30460,Sqle,1,1,3.793,0.9444,276.6891,481.24
SS3_MAF_leo180223_p4_S132,G1,38643,Sqle,1,1,3.793,0.9444,276.6891,481.24
SS3_MAF_leo180223_p4_S134,G1,9113,Sqle,1,1,3.793,0.9444,276.6891,481.24
SS3_MAF_leo180223_p4_S133,G1,42441,Sqle,2,0,3.793,0.9444,276.6891,481.24
SS3_MAF_leo180223_p4_S135,G1,17189,Sqle,0,0,3.793,0.9444,276.6891,481.24
SS3_MAF_leo180223_p4_S139,G2M,11145,Sqle,0,0,3.793,0.9444,276.6891,481.24
SS3_MAF_leo180223_p4_S137,S,43012,Sqle,2,1,3.793,0.9444,276.6891,481.24
SS3_MAF_leo180223_p4_S138,G2M,50993,Sqle,1,1,3.793,0.9444,276.6891,481.24
SS3_MAF_leo180223_p4_S140,G1,10911,Sqle,,,3.793,0.9444,276.6891,481.24
SS3_MAF_leo180223_p4_S142,G1,13960,Sqle,0,0,3.793,0.9444,276.6891,481.24
SS3_MAF_leo180223_p4_S147,G1,18062,Sqle,4,4,3.793,0.9444,276.6891,481.24
SS3_MAF_leo180223_p4_S97,G1,34429,Sqle,0,2,3.793,0.9444,276.6891,481.24
SS3_MAF_leo180223_p4_S146,S,29223,Sqle,1,0,3.793,0.9444,276.6891,481.24
SS3_MAF_leo180223_p4_S145,G1,40112,Sqle,3,1,3.793,0.9444,276.6891,481.24
SS3_MAF_leo180223_p4_S148,G2M,35298,Sqle,2,3,3.793,0.9444,276.6891,481.24
SS3_MAF_leo180223_p4_S150,G2M,11070,Sqle,0,1,3.793,0.9444,276.6891,481.24
SS3_MAF_leo180223_p4_S149,G1,46283,Sqle,1,7,3.793,0.9444,276.6891,481.24
SS3_MAF_leo180223_p4_S151,G2M,37513,Sqle,1,1,3.793,0.9444,276.6891,481.24
SS3_MAF_leo180223_p4_S153,G1,57674,Sqle,3,3,3.793,0.9444,276.6891,481.24
SS3_MAF_leo180223_p4_S156,G1,20071,Sqle,1,1,3.793,0.9444,276.6891,481.24
SS3_MAF_leo180223_p4_S154,S,55869,Sqle,6,1,3.793,0.9444,276.6891,481.24
SS3_MAF_leo180223_p4_S157,G1,20536,Sqle,1,0,3.793,0.9444,276.6891,481.24
SS3_MAF_leo180223_p4_S159,G1,32667,Sqle,0,3,3.793,0.9444,276.6891,481.24
SS3_MAF_leo180223_p4_S158,G2M,48866,Sqle,0,0,3.793,0.9444,276.6891,481.24
SS3_MAF_leo180223_p4_S161,S,44634,Sqle,2,1,3.793,0.9444,276.6891,481.24
SS3_MAF_leo180223_p4_S160,G1,25072,Sqle,1,2,3.793,0.9444,276.6891,481.24
SS3_MAF_leo180223_p4_S162,G1,36811,Sqle,2,1,3.793,0.9444,276.6891,481.24
SS3_MAF_leo180223_p4_S164,G1,43467,Sqle,1,0,3.793,0.9444,276.6891,481.24
SS3_MAF_leo180223_p4_S166,S,28129,Sqle,3,0,3.793,0.9444,276.6891,481.24
SS3_MAF_leo180223_p4_S167,G1,26371,Sqle,2,2,3.793,0.9444,276.6891,481.24
SS3_MAF_leo180223_p4_S169,G1,34158,Sqle,3,0,3.793,0.9444,276.6891,481.24
SS3_MAF_leo180223_p4_S165,G1,39578,Sqle,1,3,3.793,0.9444,276.6891,481.24
SS3_MAF_leo180223_p4_S173,G1,19064,Sqle,0,0,3.793,0.9444,276.6891,481.24
SS3_MAF_leo180223_p4_S170,G1,51247,Sqle,0,0,3.793,0.9444,276.6891,481.24
SS3_MAF_leo180223_p4_S171,S,67232,Sqle,1,0,3.793,0.9444,276.6891,481.24
SS3_MAF_leo180223_p4_S177,S,44173,Sqle,1,1,3.793,0.9444,276.6891,481.24
SS3_MAF_leo180223_p4_S174,G1,31352,Sqle,1,1,3.793,0.9444,276.6891,481.24
SS3_MAF_leo180223_p4_S180,G1,16181,Sqle,1,1,3.793,0.9444,276.6891,481.24
SS3_MAF_leo180223_p4_S176,G1,20544,Sqle,0,1,3.793,0.9444,276.6891,481.24
SS3_MAF_leo180223_p4_S179,G1,32343,Sqle,0,0,3.793,0.9444,276.6891,481.24
SS3_MAF_leo180223_p4_S178,S,57266,Sqle,6,1,3.793,0.9444,276.6891,481.24
SS3_MAF_leo180223_p4_S181,G1,25042,Sqle,3,0,3.793,0.9444,276.6891,481.24
SS3_MAF_leo180223_p4_S183,G1,33832,Sqle,0,0,3.793,0.9444,276.6891,481.24
SS3_MAF_leo180223_p4_S182,G1,52029,Sqle,2,0,3.793,0.9444,276.6891,481.24
SS3_MAF_leo180223_p4_S186,S,58004,Sqle,3,2,3.793,0.9444,276.6891,481.24
SS3_MAF_leo180223_p4_S187,G2M,15045,Sqle,3,0,3.793,0.9444,276.6891,481.24
SS3_MAF_leo180223_p4_S191,G2M,11140,Sqle,0,0,3.793,0.9444,276.6891,481.24
SS3_MAF_leo180223_p4_S185,G1,52790,Sqle,1,4,3.793,0.9444,276.6891,481.24
SS3_MAF_leo180223_p4_S189,G1,66797,Sqle,8,3,3.793,0.9444,276.6891,481.24
SS3_MAF_leo180223_p4_S188,G1,51539,Sqle,2,4,3.793,0.9444,276.6891,481.24
SS3_MAF_leo180223_p4_S190,G1,37493,Sqle,0,0,3.793,0.9444,276.6891,481.24
SS3_MAF_leo180223_p4_S98,G1,27030,Sqle,1,3,3.793,0.9444,276.6891,481.24
SS3_MAF_leo180223_p4_S99,G1,22647,Sqle,2,0,3.793,0.9444,276.6891,481.24
SS3_MAF_Leo171129_p2_S10,G1,39310,Sae1,1,5,5.107,0.7235,188.3416,1229.6503
SS3_MAF_Leo171129_p2_S12,G1,46976,Sae1,2,24,5.107,0.7235,188.3416,1229.6503
SS3_MAF_Leo171129_p2_S13,G1,43893,Sae1,10,17,5.107,0.7235,188.3416,1229.6503
SS3_MAF_Leo171129_p2_S14,G1,39959,Sae1,2,0,5.107,0.7235,188.3416,1229.6503
SS3_MAF_Leo171129_p2_S16,G1,41170,Sae1,2,5,5.107,0.7235,188.3416,1229.6503
SS3_MAF_Leo171129_p2_S17,G1,117795,Sae1,31,24,5.107,0.7235,188.3416,1229.6503
SS3_MAF_Leo171129_p2_S18,S,79991,Sae1,9,13,5.107,0.7235,188.3416,1229.6503
SS3_MAF_Leo171129_p2_S19,G1,63056,Sae1,4,5,5.107,0.7235,188.3416,1229.6503
SS3_MAF_Leo171129_p2_S1,G2M,48601,Sae1,13,8,5.107,0.7235,188.3416,1229.6503
SS3_MAF_Leo171129_p2_S20,G1,70834,Sae1,7,1,5.107,0.7235,188.3416,1229.6503
SS3_MAF_Leo171129_p2_S21,G1,75490,Sae1,12,12,5.107,0.7235,188.3416,1229.6503
SS3_MAF_Leo171129_p2_S22,G2M,33098,Sae1,4,8,5.107,0.7235,188.3416,1229.6503
SS3_MAF_Leo171129_p2_S23,G1,36429,Sae1,5,11,5.107,0.7235,188.3416,1229.6503
SS3_MAF_Leo171129_p2_S24,G1,29297,Sae1,3,5,5.107,0.7235,188.3416,1229.6503
SS3_MAF_Leo171129_p2_S25,G1,77970,Sae1,2,8,5.107,0.7235,188.3416,1229.6503
SS3_MAF_Leo171129_p2_S26,G2M,42619,Sae1,8,16,5.107,0.7235,188.3416,1229.6503
SS3_MAF_Leo171129_p2_S27,G1,8122,Sae1,1,0,5.107,0.7235,188.3416,1229.6503
SS3_MAF_Leo171129_p2_S28,G2M,16215,Sae1,1,8,5.107,0.7235,188.3416,1229.6503
SS3_MAF_Leo171129_p2_S2,S,34219,Sae1,11,13,5.107,0.7235,188.3416,1229.6503
SS3_MAF_Leo171129_p2_S30,G2M,10030,Sae1,,,5.107,0.7235,188.3416,1229.6503
SS3_MAF_Leo171129_p2_S31,G1,50024,Sae1,2,10,5.107,0.7235,188.3416,1229.6503
SS3_MAF_Leo171129_p2_S32,G2M,51366,Sae1,5,18,5.107,0.7235,188.3416,1229.6503
SS3_MAF_Leo171129_p2_S33,G1,64228,Sae1,1,21,5.107,0.7235,188.3416,1229.6503
SS3_MAF_Leo171129_p2_S34,G1,38195,Sae1,0,10,5.107,0.7235,188.3416,1229.6503
SS3_MAF_Leo171129_p2_S37,G1,13225,Sae1,3,0,5.107,0.7235,188.3416,1229.6503
SS3_MAF_Leo171129_p2_S3,G1,55963,Sae1,0,5,5.107,0.7235,188.3416,1229.6503
SS3_MAF_Leo171129_p2_S41,G1,108019,Sae1,28,13,5.107,0.7235,188.3416,1229.6503
SS3_MAF_Leo171129_p2_S42,G1,65018,Sae1,5,7,5.107,0.7235,188.3416,1229.6503
SS3_MAF_Leo171129_p2_S43,G1,64740,Sae1,7,6,5.107,0.7235,188.3416,1229.6503
SS3_MAF_Leo171129_p2_S44,G1,37365,Sae1,11,4,5.107,0.7235,188.3416,1229.6503
SS3_MAF_Leo171129_p2_S45,S,66369,Sae1,24,8,5.107,0.7235,188.3416,1229.6503
SS3_MAF_Leo171129_p2_S47,G1,47781,Sae1,5,9,5.107,0.7235,188.3416,1229.6503
SS3_MAF_Leo171129_p2_S48,G1,51270,Sae1,0,14,5.107,0.7235,188.3416,1229.6503
SS3_MAF_Leo171129_p2_S49,G1,30770,Sae1,5,2,5.107,0.7235,188.3416,1229.6503
SS3_MAF_Leo171129_p2_S4,G1,39611,Sae1,5,9,5.107,0.7235,188.3416,1229.6503
SS3_MAF_Leo171129_p2_S50,G1,57440,Sae1,0,15,5.107,0.7235,188.3416,1229.6503
SS3_MAF_Leo171129_p2_S52,G1,21457,Sae1,0,0,5.107,0.7235,188.3416,1229.6503
SS3_MAF_Leo171129_p2_S53,G1,80336,Sae1,3,26,5.107,0.7235,188.3416,1229.6503
SS3_MAF_Leo171129_p2_S55,G2M,88188,Sae1,23,33,5.107,0.7235,188.3416,1229.6503
SS3_MAF_Leo171129_p2_S57,G1,42297,Sae1,7,5,5.107,0.7235,188.3416,1229.6503
SS3_MAF_Leo171129_p2_S58,G1,55834,Sae1,0,9,5.107,0.7235,188.3416,1229.6503
SS3_MAF_Leo171129_p2_S59,G1,45969,Sae1,14,9,5.107,0.7235,188.3416,1229.6503
SS3_MAF_Leo171129_p2_S5,G2M,34433,Sae1,1,10,5.107,0.7235,188.3416,1229.6503
SS3_MAF_Leo171129_p2_S61,G1,20315,Sae1,0,0,5.107,0.7235,188.3416,1229.6503
SS3_MAF_Leo171129_p2_S62,G1,20928,Sae1,0,0,5.107,0.7235,188.3416,1229.6503
SS3_MAF_Leo171129_p2_S64,G1,100938,Sae1,2,14,5.107,0.7235,188.3416,1229.6503
SS3_MAF_Leo171129_p2_S65,G1,52328,Sae1,9,9,5.107,0.7235,188.3416,1229.6503
SS3_MAF_Leo171129_p2_S66,G1,67878,Sae1,1,16,5.107,0.7235,188.3416,1229.6503
SS3_MAF_Leo171129_p2_S67,S,68235,Sae1,11,15,5.107,0.7235,188.3416,1229.6503
SS3_MAF_Leo171129_p2_S68,G1,15259,Sae1,3,3,5.107,0.7235,188.3416,1229.6503
SS3_MAF_Leo171129_p2_S69,G1,36667,Sae1,5,7,5.107,0.7235,188.3416,1229.6503
SS3_MAF_Leo171129_p2_S6,G2M,60468,Sae1,17,13,5.107,0.7235,188.3416,1229.6503
SS3_MAF_Leo171129_p2_S72,G1,18464,Sae1,6,0,5.107,0.7235,188.3416,1229.6503
SS3_MAF_Leo171129_p2_S73,G1,94179,Sae1,7,10,5.107,0.7235,188.3416,1229.6503
SS3_MAF_Leo171129_p2_S74,G1,85288,Sae1,7,14,5.107,0.7235,188.3416,1229.6503
SS3_MAF_Leo171129_p2_S75,G1,53506,Sae1,9,5,5.107,0.7235,188.3416,1229.6503
SS3_MAF_Leo171129_p2_S76,G2M,60345,Sae1,7,14,5.107,0.7235,188.3416,1229.6503
SS3_MAF_Leo171129_p2_S77,G1,30764,Sae1,11,0,5.107,0.7235,188.3416,1229.6503
SS3_MAF_Leo171129_p2_S78,S,64444,Sae1,2,14,5.107,0.7235,188.3416,1229.6503
SS3_MAF_Leo171129_p2_S79,G1,20086,Sae1,0,0,5.107,0.7235,188.3416,1229.6503
SS3_MAF_Leo171129_p2_S7,G1,42337,Sae1,6,2,5.107,0.7235,188.3416,1229.6503
SS3_MAF_Leo171129_p2_S80,S,46988,Sae1,5,23,5.107,0.7235,188.3416,1229.6503
SS3_MAF_Leo171129_p2_S81,G2M,13199,Sae1,1,0,5.107,0.7235,188.3416,1229.6503
SS3_MAF_Leo171129_p2_S82,G1,10672,Sae1,0,1,5.107,0.7235,188.3416,1229.6503
SS3_MAF_Leo171129_p2_S83,G1,62168,Sae1,4,1,5.107,0.7235,188.3416,1229.6503
SS3_MAF_Leo171129_p2_S84,G1,9220,Sae1,0,0,5.107,0.7235,188.3416,1229.6503
SS3_MAF_Leo171129_p2_S85,G1,12557,Sae1,0,6,5.107,0.7235,188.3416,1229.6503
SS3_MAF_Leo171129_p2_S86,S,76694,Sae1,10,26,5.107,0.7235,188.3416,1229.6503
SS3_MAF_Leo171129_p2_S87,G1,33235,Sae1,0,5,5.107,0.7235,188.3416,1229.6503
SS3_MAF_Leo171129_p2_S89,G1,128206,Sae1,17,15,5.107,0.7235,188.3416,1229.6503
SS3_MAF_Leo171129_p2_S8,G1,42290,Sae1,1,15,5.107,0.7235,188.3416,1229.6503
SS3_MAF_Leo171129_p2_S90,G1,144876,Sae1,26,30,5.107,0.7235,188.3416,1229.6503
SS3_MAF_Leo171129_p2_S91,G1,95482,Sae1,8,25,5.107,0.7235,188.3416,1229.6503
SS3_MAF_Leo171129_p2_S92,G1,42727,Sae1,1,0,5.107,0.7235,188.3416,1229.6503
SS3_MAF_Leo171129_p2_S93,S,50420,Sae1,2,0,5.107,0.7235,188.3416,1229.6503
SS3_MAF_Leo171129_p2_S94,G2M,49637,Sae1,14,16,5.107,0.7235,188.3416,1229.6503
SS3_MAF_Leo171129_p2_S9,G2M,77535,Sae1,31,22,5.107,0.7235,188.3416,1229.6503
SS3_MAF_leo180223_p6_A10_S10,G1,23929,Sae1,4,0,5.107,0.7235,188.3416,1229.6503
SS3_MAF_leo180223_p6_B01_S13,G1,24789,Sae1,0,5,5.107,0.7235,188.3416,1229.6503
SS3_MAF_leo180223_p6_A03_S3,G1,36756,Sae1,6,7,5.107,0.7235,188.3416,1229.6503
SS3_MAF_leo180223_p6_A09_S9,G2M,12578,Sae1,0,2,5.107,0.7235,188.3416,1229.6503
SS3_MAF_leo180223_p6_B05_S17,G2M,7653,Sae1,1,0,5.107,0.7235,188.3416,1229.6503
SS3_MAF_leo180223_p6_A01_S1,G1,53431,Sae1,7,7,5.107,0.7235,188.3416,1229.6503
SS3_MAF_leo180223_p6_A11_S11,G1,30102,Sae1,5,2,5.107,0.7235,188.3416,1229.6503
SS3_MAF_leo180223_p6_C01_S25,G1,49793,Sae1,0,9,5.107,0.7235,188.3416,1229.6503
SS3_MAF_leo180223_p6_B02_S14,G1,55296,Sae1,2,6,5.107,0.7235,188.3416,1229.6503
SS3_MAF_leo180223_p6_A02_S2,S,72303,Sae1,15,7,5.107,0.7235,188.3416,1229.6503
SS3_MAF_leo180223_p6_A05_S5,G2M,11957,Sae1,0,0,5.107,0.7235,188.3416,1229.6503
SS3_MAF_leo180223_p6_A07_S7,G1,26205,Sae1,0,0,5.107,0.7235,188.3416,1229.6503
SS3_MAF_leo180223_p6_A04_S4,G1,42732,Sae1,0,4,5.107,0.7235,188.3416,1229.6503
SS3_MAF_leo180223_p6_A12_S12,G1,52402,Sae1,5,8,5.107,0.7235,188.3416,1229.6503
SS3_MAF_leo180223_p6_B04_S16,G1,30714,Sae1,1,3,5.107,0.7235,188.3416,1229.6503
SS3_MAF_leo180223_p6_A06_S6,G1,57207,Sae1,6,15,5.107,0.7235,188.3416,1229.6503
SS3_MAF_leo180223_p6_B03_S15,S,61296,Sae1,10,22,5.107,0.7235,188.3416,1229.6503
SS3_MAF_leo180223_p6_B10_S22,G1,22876,Sae1,0,0,5.107,0.7235,188.3416,1229.6503
SS3_MAF_leo180223_p6_C02_S26,G1,65040,Sae1,5,1,5.107,0.7235,188.3416,1229.6503
SS3_MAF_leo180223_p6_C04_S28,G2M,26058,Sae1,10,10,5.107,0.7235,188.3416,1229.6503
SS3_MAF_leo180223_p6_B09_S21,G1,37734,Sae1,6,1,5.107,0.7235,188.3416,1229.6503
SS3_MAF_leo180223_p6_C05_S29,G1,60723,Sae1,5,15,5.107,0.7235,188.3416,1229.6503
SS3_MAF_leo180223_p6_C11_S35,G1,54024,Sae1,2,9,5.107,0.7235,188.3416,1229.6503
SS3_MAF_leo180223_p6_C09_S33,G1,53996,Sae1,6,0,5.107,0.7235,188.3416,1229.6503
SS3_MAF_leo180223_p6_D01_S37,S,55709,Sae1,5,23,5.107,0.7235,188.3416,1229.6503
SS3_MAF_leo180223_p6_D03_S39,G1,47188,Sae1,5,6,5.107,0.7235,188.3416,1229.6503
SS3_MAF_leo180223_p6_B11_S23,G1,41554,Sae1,10,3,5.107,0.7235,188.3416,1229.6503
SS3_MAF_leo180223_p6_D05_S41,G1,29838,Sae1,5,0,5.107,0.7235,188.3416,1229.6503
SS3_MAF_leo180223_p6_D09_S45,G1,51007,Sae1,7,5,5.107,0.7235,188.3416,1229.6503
SS3_MAF_leo180223_p6_B07_S19,G1,14673,Sae1,0,2,5.107,0.7235,188.3416,1229.6503
SS3_MAF_leo180223_p6_E01_S49,G1,58894,Sae1,8,12,5.107,0.7235,188.3416,1229.6503
SS3_MAF_leo180223_p6_C10_S34,G1,57445,Sae1,5,16,5.107,0.7235,188.3416,1229.6503
SS3_MAF_leo180223_p6_C12_S36,G1,65159,Sae1,3,6,5.107,0.7235,188.3416,1229.6503
SS3_MAF_leo180223_p6_C06_S30,S,48635,Sae1,12,7,5.107,0.7235,188.3416,1229.6503
SS3_MAF_leo180223_p6_D12_S48,G1,7742,Sae1,0,0,5.107,0.7235,188.3416,1229.6503
SS3_MAF_leo180223_p6_D07_S43,G1,58044,Sae1,5,7,5.107,0.7235,188.3416,1229.6503
SS3_MAF_leo180223_p6_D04_S40,S,62213,Sae1,6,15,5.107,0.7235,188.3416,1229.6503
SS3_MAF_leo180223_p6_E07_S55,G1,79485,Sae1,6,10,5.107,0.7235,188.3416,1229.6503
SS3_MAF_leo180223_p6_D02_S38,G1,54559,Sae1,7,0,5.107,0.7235,188.3416,1229.6503
SS3_MAF_leo180223_p6_E10_S58,G1,7949,Sae1,0,0,5.107,0.7235,188.3416,1229.6503
SS3_MAF_leo180223_p6_E05_S53,S,40138,Sae1,5,14,5.107,0.7235,188.3416,1229.6503
SS3_MAF_leo180223_p6_E03_S51,G1,56996,Sae1,8,6,5.107,0.7235,188.3416,1229.6503
SS3_MAF_leo180223_p6_E11_S59,G1,29427,Sae1,1,2,5.107,0.7235,188.3416,1229.6503
SS3_MAF_leo180223_p6_F03_S63,G1,16661,Sae1,0,0,5.107,0.7235,188.3416,1229.6503
SS3_MAF_leo180223_p6_F07_S67,G1,12997,Sae1,0,0,5.107,0.7235,188.3416,1229.6503
SS3_MAF_leo180223_p6_D06_S42,G2M,25551,Sae1,0,3,5.107,0.7235,188.3416,1229.6503
SS3_MAF_leo180223_p6_F10_S70,G1,28264,Sae1,1,1,5.107,0.7235,188.3416,1229.6503
SS3_MAF_leo180223_p6_G01_S73,G2M,9750,Sae1,0,0,5.107,0.7235,188.3416,1229.6503
SS3_MAF_leo180223_p6_G05_S77,G2M,16211,Sae1,1,0,5.107,0.7235,188.3416,1229.6503
SS3_MAF_leo180223_p6_F05_S65,G1,43383,Sae1,3,3,5.107,0.7235,188.3416,1229.6503
SS3_MAF_leo180223_p6_G03_S75,G1,30248,Sae1,0,0,5.107,0.7235,188.3416,1229.6503
SS3_MAF_leo180223_p6_E06_S54,G1,15835,Sae1,0,0,5.107,0.7235,188.3416,1229.6503
SS3_MAF_leo180223_p6_G07_S79,G1,44754,Sae1,4,7,5.107,0.7235,188.3416,1229.6503
SS3_MAF_leo180223_p6_G09_S81,G1,14370,Sae1,0,3,5.107,0.7235,188.3416,1229.6503
SS3_MAF_leo180223_p6_G11_S83,S,43335,Sae1,9,14,5.107,0.7235,188.3416,1229.6503
SS3_MAF_leo180223_p6_D08_S44,G1,11889,Sae1,0,1,5.107,0.7235,188.3416,1229.6503
SS3_MAF_leo180223_p6_H07_S91,G1,10415,Sae1,0,2,5.107,0.7235,188.3416,1229.6503
SS3_MAF_leo180223_p6_H09_S93,G1,13994,Sae1,,,5.107,0.7235,188.3416,1229.6503
SS3_MAF_leo180223_p6_H11_S95,G1,17619,Sae1,4,2,5.107,0.7235,188.3416,1229.6503
SS3_MAF_leo180223_p6_G06_S78,G1,17000,Sae1,,,5.107,0.7235,188.3416,1229.6503
SS3_MAF_leo180223_p6_E12_S60,G1,29942,Sae1,0,7,5.107,0.7235,188.3416,1229.6503
SS3_MAF_leo180223_p4_S101,S,46504,Sae1,2,4,5.107,0.7235,188.3416,1229.6503
SS3_MAF_leo180223_p4_S102,G1,28700,Sae1,4,8,5.107,0.7235,188.3416,1229.6503
SS3_MAF_leo180223_p4_S104,G2M,9443,Sae1,0,2,5.107,0.7235,188.3416,1229.6503
SS3_MAF_leo180223_p4_S108,G1,8102,Sae1,3,0,5.107,0.7235,188.3416,1229.6503
SS3_MAF_leo180223_p4_S105,G1,46105,Sae1,10,7,5.107,0.7235,188.3416,1229.6503
SS3_MAF_leo180223_p4_S106,G1,46823,Sae1,1,6,5.107,0.7235,188.3416,1229.6503
SS3_MAF_leo180223_p6_D10_S46,G1,15028,Sae1,1,1,5.107,0.7235,188.3416,1229.6503
SS3_MAF_leo180223_p4_S107,G1,57441,Sae1,8,8,5.107,0.7235,188.3416,1229.6503
SS3_MAF_leo180223_p6_F06_S66,G1,35862,Sae1,0,3,5.107,0.7235,188.3416,1229.6503
SS3_MAF_leo180223_p6_E08_S56,G1,19789,Sae1,0,0,5.107,0.7235,188.3416,1229.6503
SS3_MAF_leo180223_p6_H08_S92,G1,31398,Sae1,1,4,5.107,0.7235,188.3416,1229.6503
SS3_MAF_leo180223_p6_H10_S94,S,43246,Sae1,11,5,5.107,0.7235,188.3416,1229.6503
SS3_MAF_leo180223_p4_S109,G1,22942,Sae1,0,7,5.107,0.7235,188.3416,1229.6503
SS3_MAF_leo180223_p6_G04_S76,G1,14904,Sae1,0,0,5.107,0.7235,188.3416,1229.6503
SS3_MAF_leo180223_p4_S112,G1,10651,Sae1,0,3,5.107,0.7235,188.3416,1229.6503
SS3_MAF_leo180223_p4_S111,S,17722,Sae1,0,3,5.107,0.7235,188.3416,1229.6503
SS3_MAF_leo180223_p4_S113,G1,54566,Sae1,6,3,5.107,0.7235,188.3416,1229.6503
SS3_MAF_leo180223_p6_E02_S50,G1,56102,Sae1,1,2,5.107,0.7235,188.3416,1229.6503
SS3_MAF_leo180223_p4_S114,G1,41605,Sae1,2,6,5.107,0.7235,188.3416,1229.6503
SS3_MAF_leo180223_p4_S115,G1,31806,Sae1,1,3,5.107,0.7235,188.3416,1229.6503
SS3_MAF_leo180223_p4_S117,G1,33445,Sae1,1,2,5.107,0.7235,188.3416,1229.6503
SS3_MAF_leo180223_p4_S116,G2M,43218,Sae1,7,10,5.107,0.7235,188.3416,1229.6503
SS3_MAF_leo180223_p4_S118,G1,39079,Sae1,7,3,5.107,0.7235,188.3416,1229.6503
SS3_MAF_leo180223_p4_S119,G1,32951,Sae1,0,1,5.107,0.7235,188.3416,1229.6503
SS3_MAF_leo180223_p4_S123,S,42089,Sae1,8,9,5.107,0.7235,188.3416,1229.6503
SS3_MAF_leo180223_p4_S121,G1,35385,Sae1,7,12,5.107,0.7235,188.3416,1229.6503
SS3_MAF_leo180223_p4_S122,G1,48450,Sae1,2,7,5.107,0.7235,188.3416,1229.6503
SS3_MAF_leo180223_p4_S125,G1,36709,Sae1,5,5,5.107,0.7235,188.3416,1229.6503
SS3_MAF_leo180223_p4_S126,G1,14776,Sae1,,,5.107,0.7235,188.3416,1229.6503
SS3_MAF_leo180223_p4_S127,G1,30192,Sae1,6,0,5.107,0.7235,188.3416,1229.6503
SS3_MAF_leo180223_p4_S124,G1,48177,Sae1,5,4,5.107,0.7235,188.3416,1229.6503
SS3_MAF_leo180223_p4_S129,G1,39617,Sae1,3,6,5.107,0.7235,188.3416,1229.6503
SS3_MAF_leo180223_p4_S130,G1,30386,Sae1,4,0,5.107,0.7235,188.3416,1229.6503
SS3_MAF_leo180223_p4_S131,G2M,30460,Sae1,8,9,5.107,0.7235,188.3416,1229.6503
SS3_MAF_leo180223_p4_S132,G1,38643,Sae1,5,7,5.107,0.7235,188.3416,1229.6503
SS3_MAF_leo180223_p4_S134,G1,9113,Sae1,0,0,5.107,0.7235,188.3416,1229.6503
SS3_MAF_leo180223_p4_S133,G1,42441,Sae1,7,3,5.107,0.7235,188.3416,1229.6503
SS3_MAF_leo180223_p4_S135,G1,17189,Sae1,0,3,5.107,0.7235,188.3416,1229.6503
SS3_MAF_leo180223_p4_S139,G2M,11145,Sae1,0,1,5.107,0.7235,188.3416,1229.6503
SS3_MAF_leo180223_p4_S137,S,43012,Sae1,9,14,5.107,0.7235,188.3416,1229.6503
SS3_MAF_leo180223_p4_S138,G2M,50993,Sae1,4,19,5.107,0.7235,188.3416,1229.6503
SS3_MAF_leo180223_p4_S140,G1,10911,Sae1,0,0,5.107,0.7235,188.3416,1229.6503
SS3_MAF_leo180223_p4_S142,G1,13960,Sae1,,,5.107,0.7235,188.3416,1229.6503
SS3_MAF_leo180223_p4_S147,G1,18062,Sae1,0,2,5.107,0.7235,188.3416,1229.6503
SS3_MAF_leo180223_p4_S97,G1,34429,Sae1,7,0,5.107,0.7235,188.3416,1229.6503
SS3_MAF_leo180223_p4_S146,S,29223,Sae1,5,3,5.107,0.7235,188.3416,1229.6503
SS3_MAF_leo180223_p4_S145,G1,40112,Sae1,7,1,5.107,0.7235,188.3416,1229.6503
SS3_MAF_leo180223_p4_S148,G2M,35298,Sae1,5,12,5.107,0.7235,188.3416,1229.6503
SS3_MAF_leo180223_p4_S150,G2M,11070,Sae1,2,3,5.107,0.7235,188.3416,1229.6503
SS3_MAF_leo180223_p4_S149,G1,46283,Sae1,1,7,5.107,0.7235,188.3416,1229.6503
SS3_MAF_leo180223_p4_S151,G2M,37513,Sae1,5,12,5.107,0.7235,188.3416,1229.6503
SS3_MAF_leo180223_p4_S153,G1,57674,Sae1,5,2,5.107,0.7235,188.3416,1229.6503
SS3_MAF_leo180223_p4_S156,G1,20071,Sae1,0,2,5.107,0.7235,188.3416,1229.6503
SS3_MAF_leo180223_p4_S154,S,55869,Sae1,9,9,5.107,0.7235,188.3416,1229.6503
SS3_MAF_leo180223_p4_S157,G1,20536,Sae1,,,5.107,0.7235,188.3416,1229.6503
SS3_MAF_leo180223_p4_S159,G1,32667,Sae1,4,4,5.107,0.7235,188.3416,1229.6503
SS3_MAF_leo180223_p4_S158,G2M,48866,Sae1,18,7,5.107,0.7235,188.3416,1229.6503
SS3_MAF_leo180223_p4_S161,S,44634,Sae1,12,19,5.107,0.7235,188.3416,1229.6503
SS3_MAF_leo180223_p4_S160,G1,25072,Sae1,0,5,5.107,0.7235,188.3416,1229.6503
SS3_MAF_leo180223_p4_S162,G1,36811,Sae1,4,13,5.107,0.7235,188.3416,1229.6503
SS3_MAF_leo180223_p4_S164,G1,43467,Sae1,3,6,5.107,0.7235,188.3416,1229.6503
SS3_MAF_leo180223_p4_S166,S,28129,Sae1,2,4,5.107,0.7235,188.3416,1229.6503
SS3_MAF_leo180223_p4_S167,G1,26371,Sae1,1,2,5.107,0.7235,188.3416,1229.6503
SS3_MAF_leo180223_p4_S169,G1,34158,Sae1,2,2,5.107,0.7235,188.3416,1229.6503
SS3_MAF_leo180223_p4_S165,G1,39578,Sae1,0,4,5.107,0.7235,188.3416,1229.6503
SS3_MAF_leo180223_p4_S173,G1,19064,Sae1,0,0,5.107,0.7235,188.3416,1229.6503
SS3_MAF_leo180223_p4_S170,G1,51247,Sae1,4,3,5.107,0.7235,188.3416,1229.6503
SS3_MAF_leo180223_p4_S171,S,67232,Sae1,11,10,5.107,0.7235,188.3416,1229.6503
SS3_MAF_leo180223_p4_S177,S,44173,Sae1,12,16,5.107,0.7235,188.3416,1229.6503
SS3_MAF_leo180223_p4_S174,G1,31352,Sae1,1,6,5.107,0.7235,188.3416,1229.6503
SS3_MAF_leo180223_p4_S180,G1,16181,Sae1,1,1,5.107,0.7235,188.3416,1229.6503
SS3_MAF_leo180223_p4_S176,G1,20544,Sae1,0,1,5.107,0.7235,188.3416,1229.6503
SS3_MAF_leo180223_p4_S179,G1,32343,Sae1,0,8,5.107,0.7235,188.3416,1229.6503
SS3_MAF_leo180223_p4_S178,S,57266,Sae1,8,15,5.107,0.7235,188.3416,1229.6503
SS3_MAF_leo180223_p4_S181,G1,25042,Sae1,0,10,5.107,0.7235,188.3416,1229.6503
SS3_MAF_leo180223_p4_S183,G1,33832,Sae1,6,6,5.107,0.7235,188.3416,1229.6503
SS3_MAF_leo180223_p4_S182,G1,52029,Sae1,6,6,5.107,0.7235,188.3416,1229.6503
SS3_MAF_leo180223_p4_S186,S,58004,Sae1,13,12,5.107,0.7235,188.3416,1229.6503
SS3_MAF_leo180223_p4_S187,G2M,15045,Sae1,3,0,5.107,0.7235,188.3416,1229.6503
SS3_MAF_leo180223_p4_S191,G2M,11140,Sae1,0,3,5.107,0.7235,188.3416,1229.6503
SS3_MAF_leo180223_p4_S185,G1,52790,Sae1,0,8,5.107,0.7235,188.3416,1229.6503
SS3_MAF_leo180223_p4_S189,G1,66797,Sae1,4,9,5.107,0.7235,188.3416,1229.6503
SS3_MAF_leo180223_p4_S188,G1,51539,Sae1,0,11,5.107,0.7235,188.3416,1229.6503
SS3_MAF_leo180223_p4_S190,G1,37493,Sae1,0,2,5.107,0.7235,188.3416,1229.6503
SS3_MAF_leo180223_p4_S98,G1,27030,Sae1,1,0,5.107,0.7235,188.3416,1229.6503
SS3_MAF_leo180223_p4_S99,G1,22647,Sae1,4,0,5.107,0.7235,188.3416,1229.6503
SS3_MAF_Leo171129_p2_S10,G1,39310,Trp53,5,9,5.989,1.4939,284.3519,812.2177
SS3_MAF_Leo171129_p2_S12,G1,46976,Trp53,5,0,5.989,1.4939,284.3519,812.2177
SS3_MAF_Leo171129_p2_S13,G1,43893,Trp53,2,11,5.989,1.4939,284.3519,812.2177
SS3_MAF_Leo171129_p2_S14,G1,39959,Trp53,1,1,5.989,1.4939,284.3519,812.2177
SS3_MAF_Leo171129_p2_S16,G1,41170,Trp53,5,6,5.989,1.4939,284.3519,812.2177
SS3_MAF_Leo171129_p2_S17,G1,117795,Trp53,17,18,5.989,1.4939,284.3519,812.2177
SS3_MAF_Leo171129_p2_S18,S,79991,Trp53,13,15,5.989,1.4939,284.3519,812.2177
SS3_MAF_Leo171129_p2_S19,G1,63056,Trp53,3,5,5.989,1.4939,284.3519,812.2177
SS3_MAF_Leo171129_p2_S1,G2M,48601,Trp53,3,9,5.989,1.4939,284.3519,812.2177
SS3_MAF_Leo171129_p2_S20,G1,70834,Trp53,8,8,5.989,1.4939,284.3519,812.2177
SS3_MAF_Leo171129_p2_S21,G1,75490,Trp53,17,2,5.989,1.4939,284.3519,812.2177
SS3_MAF_Leo171129_p2_S22,G2M,33098,Trp53,0,2,5.989,1.4939,284.3519,812.2177
SS3_MAF_Leo171129_p2_S23,G1,36429,Trp53,0,9,5.989,1.4939,284.3519,812.2177
SS3_MAF_Leo171129_p2_S24,G1,29297,Trp53,1,0,5.989,1.4939,284.3519,812.2177
SS3_MAF_Leo171129_p2_S25,G1,77970,Trp53,6,10,5.989,1.4939,284.3519,812.2177
SS3_MAF_Leo171129_p2_S26,G2M,42619,Trp53,11,9,5.989,1.4939,284.3519,812.2177
SS3_MAF_Leo171129_p2_S27,G1,8122,Trp53,1,1,5.989,1.4939,284.3519,812.2177
SS3_MAF_Leo171129_p2_S28,G2M,16215,Trp53,1,3,5.989,1.4939,284.3519,812.2177
SS3_MAF_Leo171129_p2_S2,S,34219,Trp53,10,10,5.989,1.4939,284.3519,812.2177
SS3_MAF_Leo171129_p2_S30,G2M,10030,Trp53,5,0,5.989,1.4939,284.3519,812.2177
SS3_MAF_Leo171129_p2_S31,G1,50024,Trp53,4,6,5.989,1.4939,284.3519,812.2177
SS3_MAF_Leo171129_p2_S32,G2M,51366,Trp53,2,16,5.989,1.4939,284.3519,812.2177
SS3_MAF_Leo171129_p2_S33,G1,64228,Trp53,6,7,5.989,1.4939,284.3519,812.2177
SS3_MAF_Leo171129_p2_S34,G1,38195,Trp53,2,2,5.989,1.4939,284.3519,812.2177
SS3_MAF_Leo171129_p2_S37,G1,13225,Trp53,0,0,5.989,1.4939,284.3519,812.2177
SS3_MAF_Leo171129_p2_S3,G1,55963,Trp53,4,1,5.989,1.4939,284.3519,812.2177
SS3_MAF_Leo171129_p2_S41,G1,108019,Trp53,14,7,5.989,1.4939,284.3519,812.2177
SS3_MAF_Leo171129_p2_S42,G1,65018,Trp53,14,12,5.989,1.4939,284.3519,812.2177
SS3_MAF_Leo171129_p2_S43,G1,64740,Trp53,1,9,5.989,1.4939,284.3519,812.2177
SS3_MAF_Leo171129_p2_S44,G1,37365,Trp53,5,6,5.989,1.4939,284.3519,812.2177
SS3_MAF_Leo171129_p2_S45,S,66369,Trp53,14,11,5.989,1.4939,284.3519,812.2177
SS3_MAF_Leo171129_p2_S47,G1,47781,Trp53,1,7,5.989,1.4939,284.3519,812.2177
SS3_MAF_Leo171129_p2_S48,G1,51270,Trp53,6,4,5.989,1.4939,284.3519,812.2177
SS3_MAF_Leo171129_p2_S49,G1,30770,Trp53,3,0,5.989,1.4939,284.3519,812.2177
SS3_MAF_Leo171129_p2_S4,G1,39611,Trp53,2,12,5.989,1.4939,284.3519,812.2177
SS3_MAF_Leo171129_p2_S50,G1,57440,Trp53,8,12,5.989,1.4939,284.3519,812.2177
SS3_MAF_Leo171129_p2_S52,G1,21457,Trp53,5,7,5.989,1.4939,284.3519,812.2177
SS3_MAF_Leo171129_p2_S53,G1,80336,Trp53,2,11,5.989,1.4939,284.3519,812.2177
SS3_MAF_Leo171129_p2_S55,G2M,88188,Trp53,10,5,5.989,1.4939,284.3519,812.2177
SS3_MAF_Leo171129_p2_S57,G1,42297,Trp53,6,5,5.989,1.4939,284.3519,812.2177
SS3_MAF_Leo171129_p2_S58,G1,55834,Trp53,3,12,5.989,1.4939,284.3519,812.2177
SS3_MAF_Leo171129_p2_S59,G1,45969,Trp53,3,10,5.989,1.4939,284.3519,812.2177
SS3_MAF_Leo171129_p2_S5,G2M,34433,Trp53,17,4,5.989,1.4939,284.3519,812.2177
SS3_MAF_Leo171129_p2_S61,G1,20315,Trp53,0,1,5.989,1.4939,284.3519,812.2177
SS3_MAF_Leo171129_p2_S62,G1,20928,Trp53,2,5,5.989,1.4939,284.3519,812.2177
SS3_MAF_Leo171129_p2_S64,G1,100938,Trp53,0,5,5.989,1.4939,284.3519,812.2177
SS3_MAF_Leo171129_p2_S65,G1,52328,Trp53,2,8,5.989,1.4939,284.3519,812.2177
SS3_MAF_Leo171129_p2_S66,G1,67878,Trp53,,,5.989,1.4939,284.3519,812.2177
SS3_MAF_Leo171129_p2_S67,S,68235,Trp53,9,10,5.989,1.4939,284.3519,812.2177
SS3_MAF_Leo171129_p2_S68,G1,15259,Trp53,,,5.989,1.4939,284.3519,812.2177
SS3_MAF_Leo171129_p2_S69,G1,36667,Trp53,2,1,5.989,1.4939,284.3519,812.2177
SS3_MAF_Leo171129_p2_S6,G2M,60468,Trp53,12,5,5.989,1.4939,284.3519,812.2177
SS3_MAF_Leo171129_p2_S72,G1,18464,Trp53,2,6,5.989,1.4939,284.3519,812.2177
SS3_MAF_Leo171129_p2_S73,G1,94179,Trp53,0,3,5.989,1.4939,284.3519,812.2177
SS3_MAF_Leo171129_p2_S74,G1,85288,Trp53,4,11,5.989,1.4939,284.3519,812.2177
SS3_MAF_Leo171129_p2_S75,G1,53506,Trp53,,,5.989,1.4939,284.3519,812.2177
SS3_MAF_Leo171129_p2_S76,G2M,60345,Trp53,6,5,5.989,1.4939,284.3519,812.2177
SS3_MAF_Leo171129_p2_S77,G1,30764,Trp53,1,6,5.989,1.4939,284.3519,812.2177
SS3_MAF_Leo171129_p2_S78,S,64444,Trp53,10,2,5.989,1.4939,284.3519,812.2177
SS3_MAF_Leo171129_p2_S79,G1,20086,Trp53,0,5,5.989,1.4939,284.3519,812.2177
SS3_MAF_Leo171129_p2_S7,G1,42337,Trp53,2,0,5.989,1.4939,284.3519,812.2177
SS3_MAF_Leo171129_p2_S80,S,46988,Trp53,6,9,5.989,1.4939,284.3519,812.2177
SS3_MAF_Leo171129_p2_S81,G2M,13199,Trp53,0,4,5.989,1.4939,284.3519,812.2177
SS3_MAF_Leo171129_p2_S82,G1,10672,Trp53,0,5,5.989,1.4939,284.3519,812.2177
SS3_MAF_Leo171129_p2_S83,G1,62168,Trp53,5,9,5.989,1.4939,284.3519,812.2177
SS3_MAF_Leo171129_p2_S84,G1,9220,Trp53,2,0,5.989,1.4939,284.3519,812.2177
SS3_MAF_Leo171129_p2_S85,G1,12557,Trp53,,,5.989,1.4939,284.3519,812.2177
SS3_MAF_Leo171129_p2_S86,S,76694,Trp53,7,10,5.989,1.4939,284.3519,812.2177
SS3_MAF_Leo171129_p2_S87,G1,33235,Trp53,7,2,5.989,1.4939,284.3519,812.2177
SS3_MAF_Leo171129_p2_S89,G1,128206,Trp53,11,10,5.989,1.4939,284.3519,812.2177
SS3_MAF_Leo171129_p2_S8,G1,42290,Trp53,3,4,5.989,1.4939,284.3519,812.2177
SS3_MAF_Leo171129_p2_S90,G1,144876,Trp53,23,19,5.989,1.4939,284.3519,812.2177
SS3_MAF_Leo171129_p2_S91,G1,95482,Trp53,10,4,5.989,1.4939,284.3519,812.2177
SS3_MAF_Leo171129_p2_S92,G1,42727,Trp53,5,4,5.989,1.4939,284.3519,812.2177
SS3_MAF_Leo171129_p2_S93,S,50420,Trp53,10,6,5.989,1.4939,284.3519,812.2177
SS3_MAF_Leo171129_p2_S94,G2M,49637,Trp53,11,0,5.989,1.4939,284.3519,812.2177
SS3_MAF_Leo171129_p2_S9,G2M,77535,Trp53,27,15,5.989,1.4939,284.3519,812.2177
SS3_MAF_leo180223_p6_A10_S10,G1,23929,Trp53,3,7,5.989,1.4939,284.3519,812.2177
SS3_MAF_leo180223_p6_B01_S13,G1,24789,Trp53,3,3,5.989,1.4939,284.3519,812.2177
SS3_MAF_leo180223_p6_A03_S3,G1,36756,Trp53,3,8,5.989,1.4939,284.3519,812.2177
SS3_MAF_leo180223_p6_A09_S9,G2M,12578,Trp53,1,1,5.989,1.4939,284.3519,812.2177
SS3_MAF_leo180223_p6_B05_S17,G2M,7653,Trp53,0,3,5.989,1.4939,284.3519,812.2177
SS3_MAF_leo180223_p6_A01_S1,G1,53431,Trp53,2,7,5.989,1.4939,284.3519,812.2177
SS3_MAF_leo180223_p6_A11_S11,G1,30102,Trp53,2,7,5.989,1.4939,284.3519,812.2177
SS3_MAF_leo180223_p6_C01_S25,G1,49793,Trp53,2,3,5.989,1.4939,284.3519,812.2177
SS3_MAF_leo180223_p6_B02_S14,G1,55296,Trp53,6,5,5.989,1.4939,284.3519,812.2177
SS3_MAF_leo180223_p6_A02_S2,S,72303,Trp53,3,7,5.989,1.4939,284.3519,812.2177
SS3_MAF_leo180223_p6_A05_S5,G2M,11957,Trp53,0,2,5.989,1.4939,284.3519,812.2177
SS3_MAF_leo180223_p6_A07_S7,G1,26205,Trp53,4,6,5.989,1.4939,284.3519,812.2177
SS3_MAF_leo180223_p6_A04_S4,G1,42732,Trp53,2,6,5.989,1.4939,284.3519,812.2177
SS3_MAF_leo180223_p6_A12_S12,G1,52402,Trp53,3,6,5.989,1.4939,284.3519,812.2177
SS3_MAF_leo180223_p6_B04_S16,G1,30714,Trp53,5,5,5.989,1.4939,284.3519,812.2177
SS3_MAF_leo180223_p6_A06_S6,G1,57207,Trp53,3,10,5.989,1.4939,284.3519,812.2177
SS3_MAF_leo180223_p6_B03_S15,S,61296,Trp53,5,2,5.989,1.4939,284.3519,812.2177
SS3_MAF_leo180223_p6_B10_S22,G1,22876,Trp53,5,4,5.989,1.4939,284.3519,812.2177
SS3_MAF_leo180223_p6_C02_S26,G1,65040,Trp53,5,3,5.989,1.4939,284.3519,812.2177
SS3_MAF_leo180223_p6_C04_S28,G2M,26058,Trp53,0,8,5.989,1.4939,284.3519,812.2177
SS3_MAF_leo180223_p6_B09_S21,G1,37734,Trp53,4,6,5.989,1.4939,284.3519,812.2177
SS3_MAF_leo180223_p6_C05_S29,G1,60723,Trp53,4,6,5.989,1.4939,284.3519,812.2177
SS3_MAF_leo180223_p6_C11_S35,G1,54024,Trp53,7,7,5.989,1.4939,284.3519,812.2177
SS3_MAF_leo180223_p6_C09_S33,G1,53996,Trp53,5,7,5.989,1.4939,284.3519,812.2177
SS3_MAF_leo180223_p6_D01_S37,S,55709,Trp53,1,10,5.989,1.4939,284.3519,812.2177
SS3_MAF_leo180223_p6_D03_S39,G1,47188,Trp53,12,5,5.989,1.4939,284.3519,812.2177
SS3_MAF_leo180223_p6_B11_S23,G1,41554,Trp53,1,2,5.989,1.4939,284.3519,812.2177
SS3_MAF_leo180223_p6_D05_S41,G1,29838,Trp53,1,6,5.989,1.4939,284.3519,812.2177
SS3_MAF_leo180223_p6_D09_S45,G1,51007,Trp53,1,3,5.989,1.4939,284.3519,812.2177
SS3_MAF_leo180223_p6_B07_S19,G1,14673,Trp53,2,3,5.989,1.4939,284.3519,812.2177
SS3_MAF_leo180223_p6_E01_S49,G1,58894,Trp53,6,6,5.989,1.4939,284.3519,812.2177
SS3_MAF_leo180223_p6_C10_S34,G1,57445,Trp53,4,4,5.989,1.4939,284.3519,812.2177
SS3_MAF_leo180223_p6_C12_S36,G1,65159,Trp53,19,15,5.989,1.4939,284.3519,812.2177
SS3_MAF_leo180223_p6_C06_S30,S,48635,Trp53,1,4,5.989,1.4939,284.3519,812.2177
SS3_MAF_leo180223_p6_D12_S48,G1,7742,Trp53,1,3,5.989,1.4939,284.3519,812.2177
SS3_MAF_leo180223_p6_D07_S43,G1,58044,Trp53,6,8,5.989,1.4939,284.3519,812.2177
SS3_MAF_leo180223_p6_D04_S40,S,62213,Trp53,11,14,5.989,1.4939,284.3519,812.2177
SS3_MAF_leo180223_p6_E07_S55,G1,79485,Trp53,8,10,5.989,1.4939,284.3519,812.2177
SS3_MAF_leo180223_p6_D02_S38,G1,54559,Trp53,7,3,5.989,1.4939,284.3519,812.2177
SS3_MAF_leo180223_p6_E10_S58,G1,7949,Trp53,2,1,5.989,1.4939,284.3519,812.2177
SS3_MAF_leo180223_p6_E05_S53,S,40138,Trp53,3,7,5.989,1.4939,284.3519,812.2177
SS3_MAF_leo180223_p6_E03_S51,G1,56996,Trp53,8,8,5.989,1.4939,284.3519,812.2177
SS3_MAF_leo180223_p6_E11_S59,G1,29427,Trp53,1,4,5.989,1.4939,284.3519,812.2177
SS3_MAF_leo180223_p6_F03_S63,G1,16661,Trp53,1,4,5.989,1.4939,284.3519,812.2177
SS3_MAF_leo180223_p6_F07_S67,G1,12997,Trp53,1,2,5.989,1.4939,284.3519,812.2177
SS3_MAF_leo180223_p6_D06_S42,G2M,25551,Trp53,3,4,5.989,1.4939,284.3519,812.2177
SS3_MAF_leo180223_p6_F10_S70,G1,28264,Trp53,1,0,5.989,1.4939,284.3519,812.2177
SS3_MAF_leo180223_p6_G01_S73,G2M,9750,Trp53,1,0,5.989,1.4939,284.3519,812.2177
SS3_MAF_leo180223_p6_G05_S77,G2M,16211,Trp53,0,4,5.989,1.4939,284.3519,812.2177
SS3_MAF_leo180223_p6_F05_S65,G1,43383,Trp53,6,0,5.989,1.4939,284.3519,812.2177
SS3_MAF_leo180223_p6_G03_S75,G1,30248,Trp53,4,3,5.989,1.4939,284.3519,812.2177
SS3_MAF_leo180223_p6_E06_S54,G1,15835,Trp53,2,8,5.989,1.4939,284.3519,812.2177
SS3_MAF_leo180223_p6_G07_S79,G1,44754,Trp53,2,3,5.989,1.4939,284.3519,812.2177
SS3_MAF_leo180223_p6_G09_S81,G1,14370,Trp53,1,1,5.989,1.4939,284.3519,812.2177
SS3_MAF_leo180223_p6_G11_S83,S,43335,Trp53,4,4,5.989,1.4939,284.3519,812.2177
SS3_MAF_leo180223_p6_D08_S44,G1,11889,Trp53,1,1,5.989,1.4939,284.3519,812.2177
SS3_MAF_leo180223_p6_H07_S91,G1,10415,Trp53,0,4,5.989,1.4939,284.3519,812.2177
SS3_MAF_leo180223_p6_H09_S93,G1,13994,Trp53,0,1,5.989,1.4939,284.3519,812.2177
SS3_MAF_leo180223_p6_H11_S95,G1,17619,Trp53,5,3,5.989,1.4939,284.3519,812.2177
SS3_MAF_leo180223_p6_G06_S78,G1,17000,Trp53,0,2,5.989,1.4939,284.3519,812.2177
SS3_MAF_leo180223_p6_E12_S60,G1,29942,Trp53,2,4,5.989,1.4939,284.3519,812.2177
SS3_MAF_leo180223_p4_S101,S,46504,Trp53,8,7,5.989,1.4939,284.3519,812.2177
SS3_MAF_leo180223_p4_S102,G1,28700,Trp53,2,3,5.989,1.4939,284.3519,812.2177
SS3_MAF_leo180223_p4_S104,G2M,9443,Trp53,2,2,5.989,1.4939,284.3519,812.2177
SS3_MAF_leo180223_p4_S108,G1,8102,Trp53,0,1,5.989,1.4939,284.3519,812.2177
SS3_MAF_leo180223_p4_S105,G1,46105,Trp53,7,5,5.989,1.4939,284.3519,812.2177
SS3_MAF_leo180223_p4_S106,G1,46823,Trp53,3,5,5.989,1.4939,284.3519,812.2177
SS3_MAF_leo180223_p6_D10_S46,G1,15028,Trp53,4,1,5.989,1.4939,284.3519,812.2177
SS3_MAF_leo180223_p4_S107,G1,57441,Trp53,1,4,5.989,1.4939,284.3519,812.2177
SS3_MAF_leo180223_p6_F06_S66,G1,35862,Trp53,0,6,5.989,1.4939,284.3519,812.2177
SS3_MAF_leo180223_p6_E08_S56,G1,19789,Trp53,2,4,5.989,1.4939,284.3519,812.2177
SS3_MAF_leo180223_p6_H08_S92,G1,31398,Trp53,3,3,5.989,1.4939,284.3519,812.2177
SS3_MAF_leo180223_p6_H10_S94,S,43246,Trp53,2,5,5.989,1.4939,284.3519,812.2177
SS3_MAF_leo180223_p4_S109,G1,22942,Trp53,0,5,5.989,1.4939,284.3519,812.2177
SS3_MAF_leo180223_p6_G04_S76,G1,14904,Trp53,6,2,5.989,1.4939,284.3519,812.2177
SS3_MAF_leo180223_p4_S112,G1,10651,Trp53,0,1,5.989,1.4939,284.3519,812.2177
SS3_MAF_leo180223_p4_S111,S,17722,Trp53,3,0,5.989,1.4939,284.3519,812.2177
SS3_MAF_leo180223_p4_S113,G1,54566,Trp53,3,2,5.989,1.4939,284.3519,812.2177
SS3_MAF_leo180223_p6_E02_S50,G1,56102,Trp53,6,6,5.989,1.4939,284.3519,812.2177
SS3_MAF_leo180223_p4_S114,G1,41605,Trp53,1,6,5.989,1.4939,284.3519,812.2177
SS3_MAF_leo180223_p4_S115,G1,31806,Trp53,1,4,5.989,1.4939,284.3519,812.2177
SS3_MAF_leo180223_p4_S117,G1,33445,Trp53,2,2,5.989,1.4939,284.3519,812.2177
SS3_MAF_leo180223_p4_S116,G2M,43218,Trp53,2,8,5.989,1.4939,284.3519,812.2177
SS3_MAF_leo180223_p4_S118,G1,39079,Trp53,3,6,5.989,1.4939,284.3519,812.2177
SS3_MAF_leo180223_p4_S119,G1,32951,Trp53,1,1,5.989,1.4939,284.3519,812.2177
SS3_MAF_leo180223_p4_S123,S,42089,Trp53,7,4,5.989,1.4939,284.3519,812.2177
SS3_MAF_leo180223_p4_S121,G1,35385,Trp53,6,6,5.989,1.4939,284.3519,812.2177
SS3_MAF_leo180223_p4_S122,G1,48450,Trp53,2,2,5.989,1.4939,284.3519,812.2177
SS3_MAF_leo180223_p4_S125,G1,36709,Trp53,6,5,5.989,1.4939,284.3519,812.2177
SS3_MAF_leo180223_p4_S126,G1,14776,Trp53,3,4,5.989,1.4939,284.3519,812.2177
SS3_MAF_leo180223_p4_S127,G1,30192,Trp53,8,3,5.989,1.4939,284.3519,812.2177
SS3_MAF_leo180223_p4_S124,G1,48177,Trp53,6,3,5.989,1.4939,284.3519,812.2177
SS3_MAF_leo180223_p4_S129,G1,39617,Trp53,0,5,5.989,1.4939,284.3519,812.2177
SS3_MAF_leo180223_p4_S130,G1,30386,Trp53,4,9,5.989,1.4939,284.3519,812.2177
SS3_MAF_leo180223_p4_S131,G2M,30460,Trp53,2,7,5.989,1.4939,284.3519,812.2177
SS3_MAF_leo180223_p4_S132,G1,38643,Trp53,1,4,5.989,1.4939,284.3519,812.2177
SS3_MAF_leo180223_p4_S134,G1,9113,Trp53,0,8,5.989,1.4939,284.3519,812.2177
SS3_MAF_leo180223_p4_S133,G1,42441,Trp53,8,8,5.989,1.4939,284.3519,812.2177
SS3_MAF_leo180223_p4_S135,G1,17189,Trp53,0,0,5.989,1.4939,284.3519,812.2177
SS3_MAF_leo180223_p4_S139,G2M,11145,Trp53,3,0,5.989,1.4939,284.3519,812.2177
SS3_MAF_leo180223_p4_S137,S,43012,Trp53,14,10,5.989,1.4939,284.3519,812.2177
SS3_MAF_leo180223_p4_S138,G2M,50993,Trp53,5,2,5.989,1.4939,284.3519,812.2177
SS3_MAF_leo180223_p4_S140,G1,10911,Trp53,1,1,5.989,1.4939,284.3519,812.2177
SS3_MAF_leo180223_p4_S142,G1,13960,Trp53,1,0,5.989,1.4939,284.3519,812.2177
SS3_MAF_leo180223_p4_S147,G1,18062,Trp53,2,3,5.989,1.4939,284.3519,812.2177
SS3_MAF_leo180223_p4_S97,G1,34429,Trp53,4,8,5.989,1.4939,284.3519,812.2177
SS3_MAF_leo180223_p4_S146,S,29223,Trp53,3,5,5.989,1.4939,284.3519,812.2177
SS3_MAF_leo180223_p4_S145,G1,40112,Trp53,2,1,5.989,1.4939,284.3519,812.2177
SS3_MAF_leo180223_p4_S148,G2M,35298,Trp53,5,5,5.989,1.4939,284.3519,812.2177
SS3_MAF_leo180223_p4_S150,G2M,11070,Trp53,0,4,5.989,1.4939,284.3519,812.2177
SS3_MAF_leo180223_p4_S149,G1,46283,Trp53,7,3,5.989,1.4939,284.3519,812.2177
SS3_MAF_leo180223_p4_S151,G2M,37513,Trp53,5,2,5.989,1.4939,284.3519,812.2177
SS3_MAF_leo180223_p4_S153,G1,57674,Trp53,3,1,5.989,1.4939,284.3519,812.2177
SS3_MAF_leo180223_p4_S156,G1,20071,Trp53,4,1,5.989,1.4939,284.3519,812.2177
SS3_MAF_leo180223_p4_S154,S,55869,Trp53,10,6,5.989,1.4939,284.3519,812.2177
SS3_MAF_leo180223_p4_S157,G1,20536,Trp53,2,1,5.989,1.4939,284.3519,812.2177
SS3_MAF_leo180223_p4_S159,G1,32667,Trp53,2,1,5.989,1.4939,284.3519,812.2177
SS3_MAF_leo180223_p4_S158,G2M,48866,Trp53,1,9,5.989,1.4939,284.3519,812.2177
SS3_MAF_leo180223_p4_S161,S,44634,Trp53,5,0,5.989,1.4939,284.3519,812.2177
SS3_MAF_leo180223_p4_S160,G1,25072,Trp53,4,1,5.989,1.4939,284.3519,812.2177
SS3_MAF_leo180223_p4_S162,G1,36811,Trp53,1,1,5.989,1.4939,284.3519,812.2177
SS3_MAF_leo180223_p4_S164,G1,43467,Trp53,6,2,5.989,1.4939,284.3519,812.2177
SS3_MAF_leo180223_p4_S166,S,28129,Trp53,2,2,5.989,1.4939,284.3519,812.2177
SS3_MAF_leo180223_p4_S167,G1,26371,Trp53,0,5,5.989,1.4939,284.3519,812.2177
SS3_MAF_leo180223_p4_S169,G1,34158,Trp53,4,3,5.989,1.4939,284.3519,812.2177
SS3_MAF_leo180223_p4_S165,G1,39578,Trp53,5,4,5.989,1.4939,284.3519,812.2177
SS3_MAF_leo180223_p4_S173,G1,19064,Trp53,1,3,5.989,1.4939,284.3519,812.2177
SS3_MAF_leo180223_p4_S170,G1,51247,Trp53,2,6,5.989,1.4939,284.3519,812.2177
SS3_MAF_leo180223_p4_S171,S,67232,Trp53,2,16,5.989,1.4939,284.3519,812.2177
SS3_MAF_leo180223_p4_S177,S,44173,Trp53,7,7,5.989,1.4939,284.3519,812.2177
SS3_MAF_leo180223_p4_S174,G1,31352,Trp53,3,3,5.989,1.4939,284.3519,812.2177
SS3_MAF_leo180223_p4_S180,G1,16181,Trp53,3,0,5.989,1.4939,284.3519,812.2177
SS3_MAF_leo180223_p4_S176,G1,20544,Trp53,1,2,5.989,1.4939,284.3519,812.2177
SS3_MAF_leo180223_p4_S179,G1,32343,Trp53,4,3,5.989,1.4939,284.3519,812.2177
SS3_MAF_leo180223_p4_S178,S,57266,Trp53,4,3,5.989,1.4939,284.3519,812.2177
SS3_MAF_leo180223_p4_S181,G1,25042,Trp53,4,6,5.989,1.4939,284.3519,812.2177
SS3_MAF_leo180223_p4_S183,G1,33832,Trp53,2,6,5.989,1.4939,284.3519,812.2177
SS3_MAF_leo180223_p4_S182,G1,52029,Trp53,11,16,5.989,1.4939,284.3519,812.2177
SS3_MAF_leo180223_p4_S186,S,58004,Trp53,12,23,5.989,1.4939,284.3519,812.2177
SS3_MAF_leo180223_p4_S187,G2M,15045,Trp53,1,0,5.989,1.4939,284.3519,812.2177
SS3_MAF_leo180223_p4_S191,G2M,11140,Trp53,3,8,5.989,1.4939,284.3519,812.2177
SS3_MAF_leo180223_p4_S185,G1,52790,Trp53,7,4,5.989,1.4939,284.3519,812.2177
SS3_MAF_leo180223_p4_S189,G1,66797,Trp53,6,6,5.989,1.4939,284.3519,812.2177
SS3_MAF_leo180223_p4_S188,G1,51539,Trp53,2,5,5.989,1.4939,284.3519,812.2177
SS3_MAF_leo180223_p4_S190,G1,37493,Trp53,10,3,5.989,1.4939,284.3519,812.2177
SS3_MAF_leo180223_p4_S98,G1,27030,Trp53,1,1,5.989,1.4939,284.3519,812.2177
SS3_MAF_leo180223_p4_S99,G1,22647,Trp53,1,2,5.989,1.4939,284.3519,812.2177
SS3_MAF_Leo171129_p2_S10,G1,39310,Glud1,0,4,7.56,1.3611,240.7041,716.7025
SS3_MAF_Leo171129_p2_S12,G1,46976,Glud1,13,9,7.56,1.3611,240.7041,716.7025
SS3_MAF_Leo171129_p2_S13,G1,43893,Glud1,6,7,7.56,1.3611,240.7041,716.7025
SS3_MAF_Leo171129_p2_S14,G1,39959,Glud1,9,2,7.56,1.3611,240.7041,716.7025
SS3_MAF_Leo171129_p2_S16,G1,41170,Glud1,5,11,7.56,1.3611,240.7041,716.7025
SS3_MAF_Leo171129_p2_S17,G1,117795,Glud1,15,17,7.56,1.3611,240.7041,716.7025
SS3_MAF_Leo171129_p2_S18,S,79991,Glud1,0,17,7.56,1.3611,240.7041,716.7025
SS3_MAF_Leo171129_p2_S19,G1,63056,Glud1,4,4,7.56,1.3611,240.7041,716.7025
SS3_MAF_Leo171129_p2_S1,G2M,48601,Glud1,0,16,7.56,1.3611,240.7041,716.7025
SS3_MAF_Leo171129_p2_S20,G1,70834,Glud1,8,4,7.56,1.3611,240.7041,716.7025
SS3_MAF_Leo171129_p2_S21,G1,75490,Glud1,2,6,7.56,1.3611,240.7041,716.7025
SS3_MAF_Leo171129_p2_S22,G2M,33098,Glud1,3,0,7.56,1.3611,240.7041,716.7025
SS3_MAF_Leo171129_p2_S23,G1,36429,Glud1,2,5,7.56,1.3611,240.7041,716.7025
SS3_MAF_Leo171129_p2_S24,G1,29297,Glud1,0,1,7.56,1.3611,240.7041,716.7025
SS3_MAF_Leo171129_p2_S25,G1,77970,Glud1,13,9,7.56,1.3611,240.7041,716.7025
SS3_MAF_Leo171129_p2_S26,G2M,42619,Glud1,6,4,7.56,1.3611,240.7041,716.7025
SS3_MAF_Leo171129_p2_S27,G1,8122,Glud1,0,0,7.56,1.3611,240.7041,716.7025
SS3_MAF_Leo171129_p2_S28,G2M,16215,Glud1,0,1,7.56,1.3611,240.7041,716.7025
SS3_MAF_Leo171129_p2_S2,S,34219,Glud1,0,4,7.56,1.3611,240.7041,716.7025
SS3_MAF_Leo171129_p2_S30,G2M,10030,Glud1,0,3,7.56,1.3611,240.7041,716.7025
SS3_MAF_Leo171129_p2_S31,G1,50024,Glud1,1,12,7.56,1.3611,240.7041,716.7025
SS3_MAF_Leo171129_p2_S32,G2M,51366,Glud1,2,6,7.56,1.3611,240.7041,716.7025
SS3_MAF_Leo171129_p2_S33,G1,64228,Glud1,6,6,7.56,1.3611,240.7041,716.7025
SS3_MAF_Leo171129_p2_S34,G1,38195,Glud1,3,6,7.56,1.3611,240.7041,716.7025
SS3_MAF_Leo171129_p2_S37,G1,13225,Glud1,5,0,7.56,1.3611,240.7041,716.7025
SS3_MAF_Leo171129_p2_S3,G1,55963,Glud1,13,7,7.56,1.3611,240.7041,716.7025
SS3_MAF_Leo171129_p2_S41,G1,108019,Glud1,25,15,7.56,1.3611,240.7041,716.7025
SS3_MAF_Leo171129_p2_S42,G1,65018,Glud1,2,11,7.56,1.3611,240.7041,716.7025
SS3_MAF_Leo171129_p2_S43,G1,64740,Glud1,10,2,7.56,1.3611,240.7041,716.7025
SS3_MAF_Leo171129_p2_S44,G1,37365,Glud1,0,2,7.56,1.3611,240.7041,716.7025
SS3_MAF_Leo171129_p2_S45,S,66369,Glud1,7,3,7.56,1.3611,240.7041,716.7025
SS3_MAF_Leo171129_p2_S47,G1,47781,Glud1,3,2,7.56,1.3611,240.7041,716.7025
SS3_MAF_Leo171129_p2_S48,G1,51270,Glud1,10,7,7.56,1.3611,240.7041,716.7025
SS3_MAF_Leo171129_p2_S49,G1,30770,Glud1,5,1,7.56,1.3611,240.7041,716.7025
SS3_MAF_Leo171129_p2_S4,G1,39611,Glud1,3,0,7.56,1.3611,240.7041,716.7025
SS3_MAF_Leo171129_p2_S50,G1,57440,Glud1,11,1,7.56,1.3611,240.7041,716.7025
SS3_MAF_Leo171129_p2_S52,G1,21457,Glud1,0,6,7.56,1.3611,240.7041,716.7025
SS3_MAF_Leo171129_p2_S53,G1,80336,Glud1,11,11,7.56,1.3611,240.7041,716.7025
SS3_MAF_Leo171129_p2_S55,G2M,88188,Glud1,5,5,7.56,1.3611,240.7041,716.7025
SS3_MAF_Leo171129_p2_S57,G1,42297,Glud1,5,9,7.56,1.3611,240.7041,716.7025
SS3_MAF_Leo171129_p2_S58,G1,55834,Glud1,5,0,7.56,1.3611,240.7041,716.7025
SS3_MAF_Leo171129_p2_S59,G1,45969,Glud1,5,16,7.56,1.3611,240.7041,716.7025
SS3_MAF_Leo171129_p2_S5,G2M,34433,Glud1,1,4,7.56,1.3611,240.7041,716.7025
SS3_MAF_Leo171129_p2_S61,G1,20315,Glud1,3,1,7.56,1.3611,240.7041,716.7025
SS3_MAF_Leo171129_p2_S62,G1,20928,Glud1,,,7.56,1.3611,240.7041,716.7025
SS3_MAF_Leo171129_p2_S64,G1,100938,Glud1,4,27,7.56,1.3611,240.7041,716.7025
SS3_MAF_Leo171129_p2_S65,G1,52328,Glud1,12,2,7.56,1.3611,240.7041,716.7025
SS3_MAF_Leo171129_p2_S66,G1,67878,Glud1,2,12,7.56,1.3611,240.7041,716.7025
SS3_MAF_Leo171129_p2_S67,S,68235,Glud1,6,12,7.56,1.3611,240.7041,716.7025
SS3_MAF_Leo171129_p2_S68,G1,15259,Glud1,0,5,7.56,1.3611,240.7041,716.7025
SS3_MAF_Leo171129_p2_S69,G1,36667,Glud1,6,2,7.56,1.3611,240.7041,716.7025
SS3_MAF_Leo171129_p2_S6,G2M,60468,Glud1,12,1,7.56,1.3611,240.7041,716.7025
SS3_MAF_Leo171129_p2_S72,G1,18464,Glud1,3,0,7.56,1.3611,240.7041,716.7025
SS3_MAF_Leo171129_p2_S73,G1,94179,Glud1,12,4,7.56,1.3611,240.7041,716.7025
SS3_MAF_Leo171129_p2_S74,G1,85288,Glud1,5,10,7.56,1.3611,240.7041,716.7025
SS3_MAF_Leo171129_p2_S75,G1,53506,Glud1,8,7,7.56,1.3611,240.7041,716.7025
SS3_MAF_Leo171129_p2_S76,G2M,60345,Glud1,5,12,7.56,1.3611,240.7041,716.7025
SS3_MAF_Leo171129_p2_S77,G1,30764,Glud1,3,0,7.56,1.3611,240.7041,716.7025
SS3_MAF_Leo171129_p2_S78,S,64444,Glud1,9,6,7.56,1.3611,240.7041,716.7025
SS3_MAF_Leo171129_p2_S79,G1,20086,Glud1,3,1,7.56,1.3611,240.7041,716.7025
SS3_MAF_Leo171129_p2_S7,G1,42337,Glud1,7,0,7.56,1.3611,240.7041,716.7025
SS3_MAF_Leo171129_p2_S80,S,46988,Glud1,8,2,7.56,1.3611,240.7041,716.7025
SS3_MAF_Leo171129_p2_S81,G2M,13199,Glud1,2,0,7.56,1.3611,240.7041,716.7025
SS3_MAF_Leo171129_p2_S82,G1,10672,Glud1,,,7.56,1.3611,240.7041,716.7025
SS3_MAF_Leo171129_p2_S83,G1,62168,Glud1,2,11,7.56,1.3611,240.7041,716.7025
SS3_MAF_Leo171129_p2_S84,G1,9220,Glud1,,,7.56,1.3611,240.7041,716.7025
SS3_MAF_Leo171129_p2_S85,G1,12557,Glud1,0,1,7.56,1.3611,240.7041,716.7025
SS3_MAF_Leo171129_p2_S86,S,76694,Glud1,8,4,7.56,1.3611,240.7041,716.7025
SS3_MAF_Leo171129_p2_S87,G1,33235,Glud1,2,7,7.56,1.3611,240.7041,716.7025
SS3_MAF_Leo171129_p2_S89,G1,128206,Glud1,13,5,7.56,1.3611,240.7041,716.7025
SS3_MAF_Leo171129_p2_S8,G1,42290,Glud1,9,3,7.56,1.3611,240.7041,716.7025
SS3_MAF_Leo171129_p2_S90,G1,144876,Glud1,16,24,7.56,1.3611,240.7041,716.7025
SS3_MAF_Leo171129_p2_S91,G1,95482,Glud1,26,7,7.56,1.3611,240.7041,716.7025
SS3_MAF_Leo171129_p2_S92,G1,42727,Glud1,,,7.56,1.3611,240.7041,716.7025
SS3_MAF_Leo171129_p2_S93,S,50420,Glud1,3,3,7.56,1.3611,240.7041,716.7025
SS3_MAF_Leo171129_p2_S94,G2M,49637,Glud1,5,2,7.56,1.3611,240.7041,716.7025
SS3_MAF_Leo171129_p2_S9,G2M,77535,Glud1,9,6,7.56,1.3611,240.7041,716.7025
SS3_MAF_leo180223_p6_A10_S10,G1,23929,Glud1,1,3,7.56,1.3611,240.7041,716.7025
SS3_MAF_leo180223_p6_B01_S13,G1,24789,Glud1,2,2,7.56,1.3611,240.7041,716.7025
SS3_MAF_leo180223_p6_A03_S3,G1,36756,Glud1,1,5,7.56,1.3611,240.7041,716.7025
SS3_MAF_leo180223_p6_A09_S9,G2M,12578,Glud1,0,7,7.56,1.3611,240.7041,716.7025
SS3_MAF_leo180223_p6_B05_S17,G2M,7653,Glud1,1,0,7.56,1.3611,240.7041,716.7025
SS3_MAF_leo180223_p6_A01_S1,G1,53431,Glud1,0,3,7.56,1.3611,240.7041,716.7025
SS3_MAF_leo180223_p6_A11_S11,G1,30102,Glud1,5,4,7.56,1.3611,240.7041,716.7025
SS3_MAF_leo180223_p6_C01_S25,G1,49793,Glud1,14,3,7.56,1.3611,240.7041,716.7025
SS3_MAF_leo180223_p6_B02_S14,G1,55296,Glud1,4,3,7.56,1.3611,240.7041,716.7025
SS3_MAF_leo180223_p6_A02_S2,S,72303,Glud1,1,8,7.56,1.3611,240.7041,716.7025
SS3_MAF_leo180223_p6_A05_S5,G2M,11957,Glud1,1,1,7.56,1.3611,240.7041,716.7025
SS3_MAF_leo180223_p6_A07_S7,G1,26205,Glud1,3,0,7.56,1.3611,240.7041,716.7025
SS3_MAF_leo180223_p6_A04_S4,G1,42732,Glud1,2,7,7.56,1.3611,240.7041,716.7025
SS3_MAF_leo180223_p6_A12_S12,G1,52402,Glud1,6,1,7.56,1.3611,240.7041,716.7025
SS3_MAF_leo180223_p6_B04_S16,G1,30714,Glud1,2,3,7.56,1.3611,240.7041,716.7025
SS3_MAF_leo180223_p6_A06_S6,G1,57207,Glud1,6,3,7.56,1.3611,240.7041,716.7025
SS3_MAF_leo180223_p6_B03_S15,S,61296,Glud1,2,3,7.56,1.3611,240.7041,716.7025
SS3_MAF_leo180223_p6_B10_S22,G1,22876,Glud1,0,1,7.56,1.3611,240.7041,716.7025
SS3_MAF_leo180223_p6_C02_S26,G1,65040,Glud1,7,0,7.56,1.3611,240.7041,716.7025
SS3_MAF_leo180223_p6_C04_S28,G2M,26058,Glud1,1,4,7.56,1.3611,240.7041,716.7025
SS3_MAF_leo180223_p6_B09_S21,G1,37734,Glud1,1,8,7.56,1.3611,240.7041,716.7025
SS3_MAF_leo180223_p6_C05_S29,G1,60723,Glud1,2,6,7.56,1.3611,240.7041,716.7025
SS3_MAF_leo180223_p6_C11_S35,G1,54024,Glud1,1,2,7.56,1.3611,240.7041,716.7025
SS3_MAF_leo180223_p6_C09_S33,G1,53996,Glud1,10,5,7.56,1.3611,240.7041,716.7025
SS3_MAF_leo180223_p6_D01_S37,S,55709,Glud1,3,3,7.56,1.3611,240.7041,716.7025
SS3_MAF_leo180223_p6_D03_S39,G1,47188,Glud1,7,6,7.56,1.3611,240.7041,716.7025
SS3_MAF_leo180223_p6_B11_S23,G1,41554,Glud1,4,1,7.56,1.3611,240.7041,716.7025
SS3_MAF_leo180223_p6_D05_S41,G1,29838,Glud1,4,6,7.56,1.3611,240.7041,716.7025
SS3_MAF_leo180223_p6_D09_S45,G1,51007,Glud1,2,0,7.56,1.3611,240.7041,716.7025
SS3_MAF_leo180223_p6_B07_S19,G1,14673,Glud1,0,1,7.56,1.3611,240.7041,716.7025
SS3_MAF_leo180223_p6_E01_S49,G1,58894,Glud1,1,2,7.56,1.3611,240.7041,716.7025
SS3_MAF_leo180223_p6_C10_S34,G1,57445,Glud1,8,3,7.56,1.3611,240.7041,716.7025
SS3_MAF_leo180223_p6_C12_S36,G1,65159,Glud1,1,4,7.56,1.3611,240.7041,716.7025
SS3_MAF_leo180223_p6_C06_S30,S,48635,Glud1,3,4,7.56,1.3611,240.7041,716.7025
SS3_MAF_leo180223_p6_D12_S48,G1,7742,Glud1,1,1,7.56,1.3611,240.7041,716.7025
SS3_MAF_leo180223_p6_D07_S43,G1,58044,Glud1,2,5,7.56,1.3611,240.7041,716.7025
SS3_MAF_leo180223_p6_D04_S40,S,62213,Glud1,8,5,7.56,1.3611,240.7041,716.7025
SS3_MAF_leo180223_p6_E07_S55,G1,79485,Glud1,2,10,7.56,1.3611,240.7041,716.7025
SS3_MAF_leo180223_p6_D02_S38,G1,54559,Glud1,2,3,7.56,1.3611,240.7041,716.7025
SS3_MAF_leo180223_p6_E10_S58,G1,7949,Glud1,0,0,7.56,1.3611,240.7041,716.7025
SS3_MAF_leo180223_p6_E05_S53,S,40138,Glud1,3,1,7.56,1.3611,240.7041,716.7025
SS3_MAF_leo180223_p6_E03_S51,G1,56996,Glud1,3,5,7.56,1.3611,240.7041,716.7025
SS3_MAF_leo180223_p6_E11_S59,G1,29427,Glud1,1,4,7.56,1.3611,240.7041,716.7025
SS3_MAF_leo180223_p6_F03_S63,G1,16661,Glud1,9,0,7.56,1.3611,240.7041,716.7025
SS3_MAF_leo180223_p6_F07_S67,G1,12997,Glud1,,,7.56,1.3611,240.7041,716.7025
SS3_MAF_leo180223_p6_D06_S42,G2M,25551,Glud1,1,2,7.56,1.3611,240.7041,716.7025
SS3_MAF_leo180223_p6_F10_S70,G1,28264,Glud1,6,1,7.56,1.3611,240.7041,716.7025
SS3_MAF_leo180223_p6_G01_S73,G2M,9750,Glud1,0,8,7.56,1.3611,240.7041,716.7025
SS3_MAF_leo180223_p6_G05_S77,G2M,16211,Glud1,2,2,7.56,1.3611,240.7041,716.7025
SS3_MAF_leo180223_p6_F05_S65,G1,43383,Glud1,0,5,7.56,1.3611,240.7041,716.7025
SS3_MAF_leo180223_p6_G03_S75,G1,30248,Glud1,1,1,7.56,1.3611,240.7041,716.7025
SS3_MAF_leo180223_p6_E06_S54,G1,15835,Glud1,0,6,7.56,1.3611,240.7041,716.7025
SS3_MAF_leo180223_p6_G07_S79,G1,44754,Glud1,1,1,7.56,1.3611,240.7041,716.7025
SS3_MAF_leo180223_p6_G09_S81,G1,14370,Glud1,7,1,7.56,1.3611,240.7041,716.7025
SS3_MAF_leo180223_p6_G11_S83,S,43335,Glud1,3,6,7.56,1.3611,240.7041,716.7025
SS3_MAF_leo180223_p6_D08_S44,G1,11889,Glud1,2,4,7.56,1.3611,240.7041,716.7025
SS3_MAF_leo180223_p6_H07_S91,G1,10415,Glud1,2,1,7.56,1.3611,240.7041,716.7025
SS3_MAF_leo180223_p6_H09_S93,G1,13994,Glud1,4,0,7.56,1.3611,240.7041,716.7025
SS3_MAF_leo180223_p6_H11_S95,G1,17619,Glud1,1,1,7.56,1.3611,240.7041,716.7025
SS3_MAF_leo180223_p6_G06_S78,G1,17000,Glud1,5,0,7.56,1.3611,240.7041,716.7025
SS3_MAF_leo180223_p6_E12_S60,G1,29942,Glud1,0,2,7.56,1.3611,240.7041,716.7025
SS3_MAF_leo180223_p4_S101,S,46504,Glud1,7,3,7.56,1.3611,240.7041,716.7025
SS3_MAF_leo180223_p4_S102,G1,28700,Glud1,1,4,7.56,1.3611,240.7041,716.7025
SS3_MAF_leo180223_p4_S104,G2M,9443,Glud1,0,3,7.56,1.3611,240.7041,716.7025
SS3_MAF_leo180223_p4_S108,G1,8102,Glud1,,,7.56,1.3611,240.7041,716.7025
SS3_MAF_leo180223_p4_S105,G1,46105,Glud1,6,6,7.56,1.3611,240.7041,716.7025
SS3_MAF_leo180223_p4_S106,G1,46823,Glud1,4,1,7.56,1.3611,240.7041,716.7025
SS3_MAF_leo180223_p6_D10_S46,G1,15028,Glud1,0,2,7.56,1.3611,240.7041,716.7025
SS3_MAF_leo180223_p4_S107,G1,57441,Glud1,7,5,7.56,1.3611,240.7041,716.7025
SS3_MAF_leo180223_p6_F06_S66,G1,35862,Glud1,4,5,7.56,1.3611,240.7041,716.7025
SS3_MAF_leo180223_p6_E08_S56,G1,19789,Glud1,1,0,7.56,1.3611,240.7041,716.7025
SS3_MAF_leo180223_p6_H08_S92,G1,31398,Glud1,5,1,7.56,1.3611,240.7041,716.7025
SS3_MAF_leo180223_p6_H10_S94,S,43246,Glud1,2,6,7.56,1.3611,240.7041,716.7025
SS3_MAF_leo180223_p4_S109,G1,22942,Glud1,2,3,7.56,1.3611,240.7041,716.7025
SS3_MAF_leo180223_p6_G04_S76,G1,14904,Glud1,3,0,7.56,1.3611,240.7041,716.7025
SS3_MAF_leo180223_p4_S112,G1,10651,Glud1,0,3,7.56,1.3611,240.7041,716.7025
SS3_MAF_leo180223_p4_S111,S,17722,Glud1,3,0,7.56,1.3611,240.7041,716.7025
SS3_MAF_leo180223_p4_S113,G1,54566,Glud1,1,6,7.56,1.3611,240.7041,716.7025
SS3_MAF_leo180223_p6_E02_S50,G1,56102,Glud1,11,6,7.56,1.3611,240.7041,716.7025
SS3_MAF_leo180223_p4_S114,G1,41605,Glud1,5,5,7.56,1.3611,240.7041,716.7025
SS3_MAF_leo180223_p4_S115,G1,31806,Glud1,8,0,7.56,1.3611,240.7041,716.7025
SS3_MAF_leo180223_p4_S117,G1,33445,Glud1,3,9,7.56,1.3611,240.7041,716.7025
SS3_MAF_leo180223_p4_S116,G2M,43218,Glud1,12,2,7.56,1.3611,240.7041,716.7025
SS3_MAF_leo180223_p4_S118,G1,39079,Glud1,1,3,7.56,1.3611,240.7041,716.7025
SS3_MAF_leo180223_p4_S119,G1,32951,Glud1,4,0,7.56,1.3611,240.7041,716.7025
SS3_MAF_leo180223_p4_S123,S,42089,Glud1,6,7,7.56,1.3611,240.7041,716.7025
SS3_MAF_leo180223_p4_S121,G1,35385,Glud1,1,0,7.56,1.3611,240.7041,716.7025
SS3_MAF_leo180223_p4_S122,G1,48450,Glud1,5,4,7.56,1.3611,240.7041,716.7025
SS3_MAF_leo180223_p4_S125,G1,36709,Glud1,7,3,7.56,1.3611,240.7041,716.7025
SS3_MAF_leo180223_p4_S126,G1,14776,Glud1,0,1,7.56,1.3611,240.7041,716.7025
SS3_MAF_leo180223_p4_S127,G1,30192,Glud1,0,1,7.56,1.3611,240.7041,716.7025
SS3_MAF_leo180223_p4_S124,G1,48177,Glud1,9,1,7.56,1.3611,240.7041,716.7025
SS3_MAF_leo180223_p4_S129,G1,39617,Glud1,4,3,7.56,1.3611,240.7041,716.7025
SS3_MAF_leo180223_p4_S130,G1,30386,Glud1,7,5,7.56,1.3611,240.7041,716.7025
SS3_MAF_leo180223_p4_S131,G2M,30460,Glud1,2,5,7.56,1.3611,240.7041,716.7025
SS3_MAF_leo180223_p4_S132,G1,38643,Glud1,1,4,7.56,1.3611,240.7041,716.7025
SS3_MAF_leo180223_p4_S134,G1,9113,Glud1,1,0,7.56,1.3611,240.7041,716.7025
SS3_MAF_leo180223_p4_S133,G1,42441,Glud1,1,1,7.56,1.3611,240.7041,716.7025
SS3_MAF_leo180223_p4_S135,G1,17189,Glud1,4,0,7.56,1.3611,240.7041,716.7025
SS3_MAF_leo180223_p4_S139,G2M,11145,Glud1,3,0,7.56,1.3611,240.7041,716.7025
SS3_MAF_leo180223_p4_S137,S,43012,Glud1,3,2,7.56,1.3611,240.7041,716.7025
SS3_MAF_leo180223_p4_S138,G2M,50993,Glud1,4,5,7.56,1.3611,240.7041,716.7025
SS3_MAF_leo180223_p4_S140,G1,10911,Glud1,0,1,7.56,1.3611,240.7041,716.7025
SS3_MAF_leo180223_p4_S142,G1,13960,Glud1,0,4,7.56,1.3611,240.7041,716.7025
SS3_MAF_leo180223_p4_S147,G1,18062,Glud1,2,3,7.56,1.3611,240.7041,716.7025
SS3_MAF_leo180223_p4_S97,G1,34429,Glud1,3,2,7.56,1.3611,240.7041,716.7025
SS3_MAF_leo180223_p4_S146,S,29223,Glud1,1,0,7.56,1.3611,240.7041,716.7025
SS3_MAF_leo180223_p4_S145,G1,40112,Glud1,2,6,7.56,1.3611,240.7041,716.7025
SS3_MAF_leo180223_p4_S148,G2M,35298,Glud1,3,5,7.56,1.3611,240.7041,716.7025
SS3_MAF_leo180223_p4_S150,G2M,11070,Glud1,0,2,7.56,1.3611,240.7041,716.7025
SS3_MAF_leo180223_p4_S149,G1,46283,Glud1,3,8,7.56,1.3611,240.7041,716.7025
SS3_MAF_leo180223_p4_S151,G2M,37513,Glud1,9,0,7.56,1.3611,240.7041,716.7025
SS3_MAF_leo180223_p4_S153,G1,57674,Glud1,6,4,7.56,1.3611,240.7041,716.7025
SS3_MAF_leo180223_p4_S156,G1,20071,Glud1,1,0,7.56,1.3611,240.7041,716.7025
SS3_MAF_leo180223_p4_S154,S,55869,Glud1,2,7,7.56,1.3611,240.7041,716.7025
SS3_MAF_leo180223_p4_S157,G1,20536,Glud1,0,1,7.56,1.3611,240.7041,716.7025
SS3_MAF_leo180223_p4_S159,G1,32667,Glud1,1,1,7.56,1.3611,240.7041,716.7025
SS3_MAF_leo180223_p4_S158,G2M,48866,Glud1,5,2,7.56,1.3611,240.7041,716.7025
SS3_MAF_leo180223_p4_S161,S,44634,Glud1,2,6,7.56,1.3611,240.7041,716.7025
SS3_MAF_leo180223_p4_S160,G1,25072,Glud1,0,5,7.56,1.3611,240.7041,716.7025
SS3_MAF_leo180223_p4_S162,G1,36811,Glud1,4,3,7.56,1.3611,240.7041,716.7025
SS3_MAF_leo180223_p4_S164,G1,43467,Glud1,4,3,7.56,1.3611,240.7041,716.7025
SS3_MAF_leo180223_p4_S166,S,28129,Glud1,1,1,7.56,1.3611,240.7041,716.7025
SS3_MAF_leo180223_p4_S167,G1,26371,Glud1,3,3,7.56,1.3611,240.7041,716.7025
SS3_MAF_leo180223_p4_S169,G1,34158,Glud1,4,4,7.56,1.3611,240.7041,716.7025
SS3_MAF_leo180223_p4_S165,G1,39578,Glud1,3,5,7.56,1.3611,240.7041,716.7025
SS3_MAF_leo180223_p4_S173,G1,19064,Glud1,2,0,7.56,1.3611,240.7041,716.7025
SS3_MAF_leo180223_p4_S170,G1,51247,Glud1,4,4,7.56,1.3611,240.7041,716.7025
SS3_MAF_leo180223_p4_S171,S,67232,Glud1,6,13,7.56,1.3611,240.7041,716.7025
SS3_MAF_leo180223_p4_S177,S,44173,Glud1,1,3,7.56,1.3611,240.7041,716.7025
SS3_MAF_leo180223_p4_S174,G1,31352,Glud1,3,3,7.56,1.3611,240.7041,716.7025
SS3_MAF_leo180223_p4_S180,G1,16181,Glud1,1,1,7.56,1.3611,240.7041,716.7025
SS3_MAF_leo180223_p4_S176,G1,20544,Glud1,2,5,7.56,1.3611,240.7041,716.7025
SS3_MAF_leo180223_p4_S179,G1,32343,Glud1,5,5,7.56,1.3611,240.7041,716.7025
SS3_MAF_leo180223_p4_S178,S,57266,Glud1,7,4,7.56,1.3611,240.7041,716.7025
SS3_MAF_leo180223_p4_S181,G1,25042,Glud1,4,3,7.56,1.3611,240.7041,716.7025
SS3_MAF_leo180223_p4_S183,G1,33832,Glud1,2,8,7.56,1.3611,240.7041,716.7025
SS3_MAF_leo180223_p4_S182,G1,52029,Glud1,8,2,7.56,1.3611,240.7041,716.7025
SS3_MAF_leo180223_p4_S186,S,58004,Glud1,6,8,7.56,1.3611,240.7041,716.7025
SS3_MAF_leo180223_p4_S187,G2M,15045,Glud1,4,1,7.56,1.3611,240.7041,716.7025
SS3_MAF_leo180223_p4_S191,G2M,11140,Glud1,0,3,7.56,1.3611,240.7041,716.7025
SS3_MAF_leo180223_p4_S185,G1,52790,Glud1,0,3,7.56,1.3611,240.7041,716.7025
SS3_MAF_leo180223_p4_S189,G1,66797,Glud1,2,6,7.56,1.3611,240.7041,716.7025
SS3_MAF_leo180223_p4_S188,G1,51539,Glud1,5,8,7.56,1.3611,240.7041,716.7025
SS3_MAF_leo180223_p4_S190,G1,37493,Glud1,6,1,7.56,1.3611,240.7041,716.7025
SS3_MAF_leo180223_p4_S98,G1,27030,Glud1,2,12,7.56,1.3611,240.7041,716.7025
SS3_MAF_leo180223_p4_S99,G1,22647,Glud1,1,1,7.56,1.3611,240.7041,716.7025
SS3_MAF_Leo171129_p2_S10,G1,39310,Dpf2,,,3.372,1.1812,182.9604,246.3254
SS3_MAF_Leo171129_p2_S12,G1,46976,Dpf2,0,4,3.372,1.1812,182.9604,246.3254
SS3_MAF_Leo171129_p2_S13,G1,43893,Dpf2,3,1,3.372,1.1812,182.9604,246.3254
SS3_MAF_Leo171129_p2_S14,G1,39959,Dpf2,0,4,3.372,1.1812,182.9604,246.3254
SS3_MAF_Leo171129_p2_S16,G1,41170,Dpf2,1,0,3.372,1.1812,182.9604,246.3254
SS3_MAF_Leo171129_p2_S17,G1,117795,Dpf2,1,4,3.372,1.1812,182.9604,246.3254
SS3_MAF_Leo171129_p2_S18,S,79991,Dpf2,0,5,3.372,1.1812,182.9604,246.3254
SS3_MAF_Leo171129_p2_S19,G1,63056,Dpf2,0,11,3.372,1.1812,182.9604,246.3254
SS3_MAF_Leo171129_p2_S1,G2M,48601,Dpf2,1,1,3.372,1.1812,182.9604,246.3254
SS3_MAF_Leo171129_p2_S20,G1,70834,Dpf2,,,3.372,1.1812,182.9604,246.3254
SS3_MAF_Leo171129_p2_S21,G1,75490,Dpf2,0,5,3.372,1.1812,182.9604,246.3254
SS3_MAF_Leo171129_p2_S22,G2M,33098,Dpf2,0,1,3.372,1.1812,182.9604,246.3254
SS3_MAF_Leo171129_p2_S23,G1,36429,Dpf2,2,0,3.372,1.1812,182.9604,246.3254
SS3_MAF_Leo171129_p2_S24,G1,29297,Dpf2,0,0,3.372,1.1812,182.9604,246.3254
SS3_MAF_Leo171129_p2_S25,G1,77970,Dpf2,1,5,3.372,1.1812,182.9604,246.3254
SS3_MAF_Leo171129_p2_S26,G2M,42619,Dpf2,3,3,3.372,1.1812,182.9604,246.3254
SS3_MAF_Leo171129_p2_S27,G1,8122,Dpf2,0,1,3.372,1.1812,182.9604,246.3254
SS3_MAF_Leo171129_p2_S28,G2M,16215,Dpf2,2,2,3.372,1.1812,182.9604,246.3254
SS3_MAF_Leo171129_p2_S2,S,34219,Dpf2,0,4,3.372,1.1812,182.9604,246.3254
SS3_MAF_Leo171129_p2_S30,G2M,10030,Dpf2,0,0,3.372,1.1812,182.9604,246.3254
SS3_MAF_Leo171129_p2_S31,G1,50024,Dpf2,0,2,3.372,1.1812,182.9604,246.3254
SS3_MAF_Leo171129_p2_S32,G2M,51366,Dpf2,1,0,3.372,1.1812,182.9604,246.3254
SS3_MAF_Leo171129_p2_S33,G1,64228,Dpf2,3,0,3.372,1.1812,182.9604,246.3254
SS3_MAF_Leo171129_p2_S34,G1,38195,Dpf2,4,0,3.372,1.1812,182.9604,246.3254
SS3_MAF_Leo171129_p2_S37,G1,13225,Dpf2,2,0,3.372,1.1812,182.9604,246.3254
SS3_MAF_Leo171129_p2_S3,G1,55963,Dpf2,5,0,3.372,1.1812,182.9604,246.3254
SS3_MAF_Leo171129_p2_S41,G1,108019,Dpf2,0,4,3.372,1.1812,182.9604,246.3254
SS3_MAF_Leo171129_p2_S42,G1,65018,Dpf2,8,6,3.372,1.1812,182.9604,246.3254
SS3_MAF_Leo171129_p2_S43,G1,64740,Dpf2,7,5,3.372,1.1812,182.9604,246.3254
SS3_MAF_Leo171129_p2_S44,G1,37365,Dpf2,1,7,3.372,1.1812,182.9604,246.3254
SS3_MAF_Leo171129_p2_S45,S,66369,Dpf2,,,3.372,1.1812,182.9604,246.3254
SS3_MAF_Leo171129_p2_S47,G1,47781,Dpf2,4,2,3.372,1.1812,182.9604,246.3254
SS3_MAF_Leo171129_p2_S48,G1,51270,Dpf2,6,1,3.372,1.1812,182.9604,246.3254
SS3_MAF_Leo171129_p2_S49,G1,30770,Dpf2,0,8,3.372,1.1812,182.9604,246.3254
SS3_MAF_Leo171129_p2_S4,G1,39611,Dpf2,,,3.372,1.1812,182.9604,246.3254
SS3_MAF_Leo171129_p2_S50,G1,57440,Dpf2,0,6,3.372,1.1812,182.9604,246.3254
SS3_MAF_Leo171129_p2_S52,G1,21457,Dpf2,0,0,3.372,1.1812,182.9604,246.3254
SS3_MAF_Leo171129_p2_S53,G1,80336,Dpf2,2,1,3.372,1.1812,182.9604,246.3254
SS3_MAF_Leo171129_p2_S55,G2M,88188,Dpf2,3,0,3.372,1.1812,182.9604,246.3254
SS3_MAF_Leo171129_p2_S57,G1,42297,Dpf2,,,3.372,1.1812,182.9604,246.3254
SS3_MAF_Leo171129_p2_S58,G1,55834,Dpf2,2,0,3.372,1.1812,182.9604,246.3254
SS3_MAF_Leo171129_p2_S59,G1,45969,Dpf2,3,1,3.372,1.1812,182.9604,246.3254
SS3_MAF_Leo171129_p2_S5,G2M,34433,Dpf2,1,1,3.372,1.1812,182.9604,246.3254
SS3_MAF_Leo171129_p2_S61,G1,20315,Dpf2,1,1,3.372,1.1812,182.9604,246.3254
SS3_MAF_Leo171129_p2_S62,G1,20928,Dpf2,0,0,3.372,1.1812,182.9604,246.3254
SS3_MAF_Leo171129_p2_S64,G1,100938,Dpf2,8,3,3.372,1.1812,182.9604,246.3254
SS3_MAF_Leo171129_p2_S65,G1,52328,Dpf2,0,2,3.372,1.1812,182.9604,246.3254
SS3_MAF_Leo171129_p2_S66,G1,67878,Dpf2,2,4,3.372,1.1812,182.9604,246.3254
SS3_MAF_Leo171129_p2_S67,S,68235,Dpf2,7,14,3.372,1.1812,182.9604,246.3254
SS3_MAF_Leo171129_p2_S68,G1,15259,Dpf2,,,3.372,1.1812,182.9604,246.3254
SS3_MAF_Leo171129_p2_S69,G1,36667,Dpf2,0,3,3.372,1.1812,182.9604,246.3254
SS3_MAF_Leo171129_p2_S6,G2M,60468,Dpf2,0,1,3.372,1.1812,182.9604,246.3254
SS3_MAF_Leo171129_p2_S72,G1,18464,Dpf2,,,3.372,1.1812,182.9604,246.3254
SS3_MAF_Leo171129_p2_S73,G1,94179,Dpf2,2,3,3.372,1.1812,182.9604,246.3254
SS3_MAF_Leo171129_p2_S74,G1,85288,Dpf2,6,0,3.372,1.1812,182.9604,246.3254
SS3_MAF_Leo171129_p2_S75,G1,53506,Dpf2,6,0,3.372,1.1812,182.9604,246.3254
SS3_MAF_Leo171129_p2_S76,G2M,60345,Dpf2,0,4,3.372,1.1812,182.9604,246.3254
SS3_MAF_Leo171129_p2_S77,G1,30764,Dpf2,0,0,3.372,1.1812,182.9604,246.3254
SS3_MAF_Leo171129_p2_S78,S,64444,Dpf2,0,6,3.372,1.1812,182.9604,246.3254
SS3_MAF_Leo171129_p2_S79,G1,20086,Dpf2,,,3.372,1.1812,182.9604,246.3254
SS3_MAF_Leo171129_p2_S7,G1,42337,Dpf2,7,1,3.372,1.1812,182.9604,246.3254
SS3_MAF_Leo171129_p2_S80,S,46988,Dpf2,5,0,3.372,1.1812,182.9604,246.3254
SS3_MAF_Leo171129_p2_S81,G2M,13199,Dpf2,0,5,3.372,1.1812,182.9604,246.3254
SS3_MAF_Leo171129_p2_S82,G1,10672,Dpf2,0,2,3.372,1.1812,182.9604,246.3254
SS3_MAF_Leo171129_p2_S83,G1,62168,Dpf2,7,1,3.372,1.1812,182.9604,246.3254
SS3_MAF_Leo171129_p2_S84,G1,9220,Dpf2,0,0,3.372,1.1812,182.9604,246.3254
SS3_MAF_Leo171129_p2_S85,G1,12557,Dpf2,1,0,3.372,1.1812,182.9604,246.3254
SS3_MAF_Leo171129_p2_S86,S,76694,Dpf2,2,0,3.372,1.1812,182.9604,246.3254
SS3_MAF_Leo171129_p2_S87,G1,33235,Dpf2,0,0,3.372,1.1812,182.9604,246.3254
SS3_MAF_Leo171129_p2_S89,G1,128206,Dpf2,0,4,3.372,1.1812,182.9604,246.3254
SS3_MAF_Leo171129_p2_S8,G1,42290,Dpf2,1,3,3.372,1.1812,182.9604,246.3254
SS3_MAF_Leo171129_p2_S90,G1,144876,Dpf2,7,4,3.372,1.1812,182.9604,246.3254
SS3_MAF_Leo171129_p2_S91,G1,95482,Dpf2,0,5,3.372,1.1812,182.9604,246.3254
SS3_MAF_Leo171129_p2_S92,G1,42727,Dpf2,1,0,3.372,1.1812,182.9604,246.3254
SS3_MAF_Leo171129_p2_S93,S,50420,Dpf2,0,0,3.372,1.1812,182.9604,246.3254
SS3_MAF_Leo171129_p2_S94,G2M,49637,Dpf2,4,2,3.372,1.1812,182.9604,246.3254
SS3_MAF_Leo171129_p2_S9,G2M,77535,Dpf2,1,4,3.372,1.1812,182.9604,246.3254
SS3_MAF_leo180223_p6_A10_S10,G1,23929,Dpf2,1,0,3.372,1.1812,182.9604,246.3254
SS3_MAF_leo180223_p6_B01_S13,G1,24789,Dpf2,4,1,3.372,1.1812,182.9604,246.3254
SS3_MAF_leo180223_p6_A03_S3,G1,36756,Dpf2,0,1,3.372,1.1812,182.9604,246.3254
SS3_MAF_leo180223_p6_A09_S9,G2M,12578,Dpf2,0,0,3.372,1.1812,182.9604,246.3254
SS3_MAF_leo180223_p6_B05_S17,G2M,7653,Dpf2,1,1,3.372,1.1812,182.9604,246.3254
SS3_MAF_leo180223_p6_A01_S1,G1,53431,Dpf2,1,5,3.372,1.1812,182.9604,246.3254
SS3_MAF_leo180223_p6_A11_S11,G1,30102,Dpf2,1,1,3.372,1.1812,182.9604,246.3254
SS3_MAF_leo180223_p6_C01_S25,G1,49793,Dpf2,0,11,3.372,1.1812,182.9604,246.3254
SS3_MAF_leo180223_p6_B02_S14,G1,55296,Dpf2,5,3,3.372,1.1812,182.9604,246.3254
SS3_MAF_leo180223_p6_A02_S2,S,72303,Dpf2,1,2,3.372,1.1812,182.9604,246.3254
SS3_MAF_leo180223_p6_A05_S5,G2M,11957,Dpf2,0,6,3.372,1.1812,182.9604,246.3254
SS3_MAF_leo180223_p6_A07_S7,G1,26205,Dpf2,2,1,3.372,1.1812,182.9604,246.3254
SS3_MAF_leo180223_p6_A04_S4,G1,42732,Dpf2,2,0,3.372,1.1812,182.9604,246.3254
SS3_MAF_leo180223_p6_A12_S12,G1,52402,Dpf2,2,5,3.372,1.1812,182.9604,246.3254
SS3_MAF_leo180223_p6_B04_S16,G1,30714,Dpf2,0,2,3.372,1.1812,182.9604,246.3254
SS3_MAF_leo180223_p6_A06_S6,G1,57207,Dpf2,0,1,3.372,1.1812,182.9604,246.3254
SS3_MAF_leo180223_p6_B03_S15,S,61296,Dpf2,1,4,3.372,1.1812,182.9604,246.3254
SS3_MAF_leo180223_p6_B10_S22,G1,22876,Dpf2,1,0,3.372,1.1812,182.9604,246.3254
SS3_MAF_leo180223_p6_C02_S26,G1,65040,Dpf2,0,2,3.372,1.1812,182.9604,246.3254
SS3_MAF_leo180223_p6_C04_S28,G2M,26058,Dpf2,0,1,3.372,1.1812,182.9604,246.3254
SS3_MAF_leo180223_p6_B09_S21,G1,37734,Dpf2,2,0,3.372,1.1812,182.9604,246.3254
SS3_MAF_leo180223_p6_C05_S29,G1,60723,Dpf2,1,1,3.372,1.1812,182.9604,246.3254
SS3_MAF_leo180223_p6_C11_S35,G1,54024,Dpf2,0,7,3.372,1.1812,182.9604,246.3254
SS3_MAF_leo180223_p6_C09_S33,G1,53996,Dpf2,0,5,3.372,1.1812,182.9604,246.3254
SS3_MAF_leo180223_p6_D01_S37,S,55709,Dpf2,2,6,3.372,1.1812,182.9604,246.3254
SS3_MAF_leo180223_p6_D03_S39,G1,47188,Dpf2,5,0,3.372,1.1812,182.9604,246.3254
SS3_MAF_leo180223_p6_B11_S23,G1,41554,Dpf2,2,1,3.372,1.1812,182.9604,246.3254
SS3_MAF_leo180223_p6_D05_S41,G1,29838,Dpf2,2,4,3.372,1.1812,182.9604,246.3254
SS3_MAF_leo180223_p6_D09_S45,G1,51007,Dpf2,7,5,3.372,1.1812,182.9604,246.3254
SS3_MAF_leo180223_p6_B07_S19,G1,14673,Dpf2,4,0,3.372,1.1812,182.9604,246.3254
SS3_MAF_leo180223_p6_E01_S49,G1,58894,Dpf2,0,1,3.372,1.1812,182.9604,246.3254
SS3_MAF_leo180223_p6_C10_S34,G1,57445,Dpf2,2,1,3.372,1.1812,182.9604,246.3254
SS3_MAF_leo180223_p6_C12_S36,G1,65159,Dpf2,11,5,3.372,1.1812,182.9604,246.3254
SS3_MAF_leo180223_p6_C06_S30,S,48635,Dpf2,1,2,3.372,1.1812,182.9604,246.3254
SS3_MAF_leo180223_p6_D12_S48,G1,7742,Dpf2,0,0,3.372,1.1812,182.9604,246.3254
SS3_MAF_leo180223_p6_D07_S43,G1,58044,Dpf2,0,1,3.372,1.1812,182.9604,246.3254
SS3_MAF_leo180223_p6_D04_S40,S,62213,Dpf2,1,0,3.372,1.1812,182.9604,246.3254
SS3_MAF_leo180223_p6_E07_S55,G1,79485,Dpf2,0,4,3.372,1.1812,182.9604,246.3254
SS3_MAF_leo180223_p6_D02_S38,G1,54559,Dpf2,3,0,3.372,1.1812,182.9604,246.3254
SS3_MAF_leo180223_p6_E10_S58,G1,7949,Dpf2,1,1,3.372,1.1812,182.9604,246.3254
SS3_MAF_leo180223_p6_E05_S53,S,40138,Dpf2,1,1,3.372,1.1812,182.9604,246.3254
SS3_MAF_leo180223_p6_E03_S51,G1,56996,Dpf2,2,3,3.372,1.1812,182.9604,246.3254
SS3_MAF_leo180223_p6_E11_S59,G1,29427,Dpf2,1,3,3.372,1.1812,182.9604,246.3254
SS3_MAF_leo180223_p6_F03_S63,G1,16661,Dpf2,1,0,3.372,1.1812,182.9604,246.3254
SS3_MAF_leo180223_p6_F07_S67,G1,12997,Dpf2,0,0,3.372,1.1812,182.9604,246.3254
SS3_MAF_leo180223_p6_D06_S42,G2M,25551,Dpf2,3,0,3.372,1.1812,182.9604,246.3254
SS3_MAF_leo180223_p6_F10_S70,G1,28264,Dpf2,0,0,3.372,1.1812,182.9604,246.3254
SS3_MAF_leo180223_p6_G01_S73,G2M,9750,Dpf2,0,0,3.372,1.1812,182.9604,246.3254
SS3_MAF_leo180223_p6_G05_S77,G2M,16211,Dpf2,0,3,3.372,1.1812,182.9604,246.3254
SS3_MAF_leo180223_p6_F05_S65,G1,43383,Dpf2,1,1,3.372,1.1812,182.9604,246.3254
SS3_MAF_leo180223_p6_G03_S75,G1,30248,Dpf2,2,0,3.372,1.1812,182.9604,246.3254
SS3_MAF_leo180223_p6_E06_S54,G1,15835,Dpf2,,,3.372,1.1812,182.9604,246.3254
SS3_MAF_leo180223_p6_G07_S79,G1,44754,Dpf2,1,0,3.372,1.1812,182.9604,246.3254
SS3_MAF_leo180223_p6_G09_S81,G1,14370,Dpf2,2,0,3.372,1.1812,182.9604,246.3254
SS3_MAF_leo180223_p6_G11_S83,S,43335,Dpf2,1,1,3.372,1.1812,182.9604,246.3254
SS3_MAF_leo180223_p6_D08_S44,G1,11889,Dpf2,0,1,3.372,1.1812,182.9604,246.3254
SS3_MAF_leo180223_p6_H07_S91,G1,10415,Dpf2,0,0,3.372,1.1812,182.9604,246.3254
SS3_MAF_leo180223_p6_H09_S93,G1,13994,Dpf2,1,1,3.372,1.1812,182.9604,246.3254
SS3_MAF_leo180223_p6_H11_S95,G1,17619,Dpf2,1,1,3.372,1.1812,182.9604,246.3254
SS3_MAF_leo180223_p6_G06_S78,G1,17000,Dpf2,1,0,3.372,1.1812,182.9604,246.3254
SS3_MAF_leo180223_p6_E12_S60,G1,29942,Dpf2,1,1,3.372,1.1812,182.9604,246.3254
SS3_MAF_leo180223_p4_S101,S,46504,Dpf2,2,1,3.372,1.1812,182.9604,246.3254
SS3_MAF_leo180223_p4_S102,G1,28700,Dpf2,1,1,3.372,1.1812,182.9604,246.3254
SS3_MAF_leo180223_p4_S104,G2M,9443,Dpf2,1,0,3.372,1.1812,182.9604,246.3254
SS3_MAF_leo180223_p4_S108,G1,8102,Dpf2,0,0,3.372,1.1812,182.9604,246.3254
SS3_MAF_leo180223_p4_S105,G1,46105,Dpf2,1,0,3.372,1.1812,182.9604,246.3254
SS3_MAF_leo180223_p4_S106,G1,46823,Dpf2,2,0,3.372,1.1812,182.9604,246.3254
SS3_MAF_leo180223_p6_D10_S46,G1,15028,Dpf2,1,1,3.372,1.1812,182.9604,246.3254
SS3_MAF_leo180223_p4_S107,G1,57441,Dpf2,2,3,3.372,1.1812,182.9604,246.3254
SS3_MAF_leo180223_p6_F06_S66,G1,35862,Dpf2,1,1,3.372,1.1812,182.9604,246.3254
SS3_MAF_leo180223_p6_E08_S56,G1,19789,Dpf2,0,0,3.372,1.1812,182.9604,246.3254
SS3_MAF_leo180223_p6_H08_S92,G1,31398,Dpf2,1,1,3.372,1.1812,182.9604,246.3254
SS3_MAF_leo180223_p6_H10_S94,S,43246,Dpf2,2,0,3.372,1.1812,182.9604,246.3254
SS3_MAF_leo180223_p4_S109,G1,22942,Dpf2,1,1,3.372,1.1812,182.9604,246.3254
SS3_MAF_leo180223_p6_G04_S76,G1,14904,Dpf2,0,3,3.372,1.1812,182.9604,246.3254
SS3_MAF_leo180223_p4_S112,G1,10651,Dpf2,1,0,3.372,1.1812,182.9604,246.3254
SS3_MAF_leo180223_p4_S111,S,17722,Dpf2,0,1,3.372,1.1812,182.9604,246.3254
SS3_MAF_leo180223_p4_S113,G1,54566,Dpf2,1,2,3.372,1.1812,182.9604,246.3254
SS3_MAF_leo180223_p6_E02_S50,G1,56102,Dpf2,1,1,3.372,1.1812,182.9604,246.3254
SS3_MAF_leo180223_p4_S114,G1,41605,Dpf2,0,2,3.372,1.1812,182.9604,246.3254
SS3_MAF_leo180223_p4_S115,G1,31806,Dpf2,1,0,3.372,1.1812,182.9604,246.3254
SS3_MAF_leo180223_p4_S117,G1,33445,Dpf2,0,0,3.372,1.1812,182.9604,246.3254
SS3_MAF_leo180223_p4_S116,G2M,43218,Dpf2,2,0,3.372,1.1812,182.9604,246.3254
SS3_MAF_leo180223_p4_S118,G1,39079,Dpf2,1,2,3.372,1.1812,182.9604,246.3254
SS3_MAF_leo180223_p4_S119,G1,32951,Dpf2,2,1,3.372,1.1812,182.9604,246.3254
SS3_MAF_leo180223_p4_S123,S,42089,Dpf2,1,0,3.372,1.1812,182.9604,246.3254
SS3_MAF_leo180223_p4_S121,G1,35385,Dpf2,1,1,3.372,1.1812,182.9604,246.3254
SS3_MAF_leo180223_p4_S122,G1,48450,Dpf2,2,2,3.372,1.1812,182.9604,246.3254
SS3_MAF_leo180223_p4_S125,G1,36709,Dpf2,1,1,3.372,1.1812,182.9604,246.3254
SS3_MAF_leo180223_p4_S126,G1,14776,Dpf2,0,0,3.372,1.1812,182.9604,246.3254
SS3_MAF_leo180223_p4_S127,G1,30192,Dpf2,1,2,3.372,1.1812,182.9604,246.3254
SS3_MAF_leo180223_p4_S124,G1,48177,Dpf2,0,1,3.372,1.1812,182.9604,246.3254
SS3_MAF_leo180223_p4_S129,G1,39617,Dpf2,1,1,3.372,1.1812,182.9604,246.3254
SS3_MAF_leo180223_p4_S130,G1,30386,Dpf2,0,1,3.372,1.1812,182.9604,246.3254
SS3_MAF_leo180223_p4_S131,G2M,30460,Dpf2,0,3,3.372,1.1812,182.9604,246.3254
SS3_MAF_leo180223_p4_S132,G1,38643,Dpf2,1,1,3.372,1.1812,182.9604,246.3254
SS3_MAF_leo180223_p4_S134,G1,9113,Dpf2,0,0,3.372,1.1812,182.9604,246.3254
SS3_MAF_leo180223_p4_S133,G1,42441,Dpf2,1,1,3.372,1.1812,182.9604,246.3254
SS3_MAF_leo180223_p4_S135,G1,17189,Dpf2,0,0,3.372,1.1812,182.9604,246.3254
SS3_MAF_leo180223_p4_S139,G2M,11145,Dpf2,1,1,3.372,1.1812,182.9604,246.3254
SS3_MAF_leo180223_p4_S137,S,43012,Dpf2,1,2,3.372,1.1812,182.9604,246.3254
SS3_MAF_leo180223_p4_S138,G2M,50993,Dpf2,4,2,3.372,1.1812,182.9604,246.3254
SS3_MAF_leo180223_p4_S140,G1,10911,Dpf2,2,0,3.372,1.1812,182.9604,246.3254
SS3_MAF_leo180223_p4_S142,G1,13960,Dpf2,0,0,3.372,1.1812,182.9604,246.3254
SS3_MAF_leo180223_p4_S147,G1,18062,Dpf2,1,1,3.372,1.1812,182.9604,246.3254
SS3_MAF_leo180223_p4_S97,G1,34429,Dpf2,5,1,3.372,1.1812,182.9604,246.3254
SS3_MAF_leo180223_p4_S146,S,29223,Dpf2,2,0,3.372,1.1812,182.9604,246.3254
SS3_MAF_leo180223_p4_S145,G1,40112,Dpf2,2,0,3.372,1.1812,182.9604,246.3254
SS3_MAF_leo180223_p4_S148,G2M,35298,Dpf2,1,1,3.372,1.1812,182.9604,246.3254
SS3_MAF_leo180223_p4_S150,G2M,11070,Dpf2,4,0,3.372,1.1812,182.9604,246.3254
SS3_MAF_leo180223_p4_S149,G1,46283,Dpf2,2,4,3.372,1.1812,182.9604,246.3254
SS3_MAF_leo180223_p4_S151,G2M,37513,Dpf2,3,1,3.372,1.1812,182.9604,246.3254
SS3_MAF_leo180223_p4_S153,G1,57674,Dpf2,0,10,3.372,1.1812,182.9604,246.3254
SS3_MAF_leo180223_p4_S156,G1,20071,Dpf2,1,1,3.372,1.1812,182.9604,246.3254
SS3_MAF_leo180223_p4_S154,S,55869,Dpf2,1,1,3.372,1.1812,182.9604,246.3254
SS3_MAF_leo180223_p4_S157,G1,20536,Dpf2,1,1,3.372,1.1812,182.9604,246.3254
SS3_MAF_leo180223_p4_S159,G1,32667,Dpf2,0,1,3.372,1.1812,182.9604,246.3254
SS3_MAF_leo180223_p4_S158,G2M,48866,Dpf2,2,1,3.372,1.1812,182.9604,246.3254
SS3_MAF_leo180223_p4_S161,S,44634,Dpf2,1,0,3.372,1.1812,182.9604,246.3254
SS3_MAF_leo180223_p4_S160,G1,25072,Dpf2,2,0,3.372,1.1812,182.9604,246.3254
SS3_MAF_leo180223_p4_S162,G1,36811,Dpf2,0,2,3.372,1.1812,182.9604,246.3254
SS3_MAF_leo180223_p4_S164,G1,43467,Dpf2,4,2,3.372,1.1812,182.9604,246.3254
SS3_MAF_leo180223_p4_S166,S,28129,Dpf2,0,1,3.372,1.1812,182.9604,246.3254
SS3_MAF_leo180223_p4_S167,G1,26371,Dpf2,0,2,3.372,1.1812,182.9604,246.3254
SS3_MAF_leo180223_p4_S169,G1,34158,Dpf2,3,5,3.372,1.1812,182.9604,246.3254
SS3_MAF_leo180223_p4_S165,G1,39578,Dpf2,1,1,3.372,1.1812,182.9604,246.3254
SS3_MAF_leo180223_p4_S173,G1,19064,Dpf2,0,3,3.372,1.1812,182.9604,246.3254
SS3_MAF_leo180223_p4_S170,G1,51247,Dpf2,3,0,3.372,1.1812,182.9604,246.3254
SS3_MAF_leo180223_p4_S171,S,67232,Dpf2,4,4,3.372,1.1812,182.9604,246.3254
SS3_MAF_leo180223_p4_S177,S,44173,Dpf2,4,3,3.372,1.1812,182.9604,246.3254
SS3_MAF_leo180223_p4_S174,G1,31352,Dpf2,5,1,3.372,1.1812,182.9604,246.3254
SS3_MAF_leo180223_p4_S180,G1,16181,Dpf2,0,2,3.372,1.1812,182.9604,246.3254
SS3_MAF_leo180223_p4_S176,G1,20544,Dpf2,0,1,3.372,1.1812,182.9604,246.3254
SS3_MAF_leo180223_p4_S179,G1,32343,Dpf2,0,2,3.372,1.1812,182.9604,246.3254
SS3_MAF_leo180223_p4_S178,S,57266,Dpf2,3,0,3.372,1.1812,182.9604,246.3254
SS3_MAF_leo180223_p4_S181,G1,25042,Dpf2,0,0,3.372,1.1812,182.9604,246.3254
SS3_MAF_leo180223_p4_S183,G1,33832,Dpf2,4,1,3.372,1.1812,182.9604,246.3254
SS3_MAF_leo180223_p4_S182,G1,52029,Dpf2,4,9,3.372,1.1812,182.9604,246.3254
SS3_MAF_leo180223_p4_S186,S,58004,Dpf2,2,0,3.372,1.1812,182.9604,246.3254
SS3_MAF_leo180223_p4_S187,G2M,15045,Dpf2,0,0,3.372,1.1812,182.9604,246.3254
SS3_MAF_leo180223_p4_S191,G2M,11140,Dpf2,1,1,3.372,1.1812,182.9604,246.3254
SS3_MAF_leo180223_p4_S185,G1,52790,Dpf2,5,0,3.372,1.1812,182.9604,246.3254
SS3_MAF_leo180223_p4_S189,G1,66797,Dpf2,0,3,3.372,1.1812,182.9604,246.3254
SS3_MAF_leo180223_p4_S188,G1,51539,Dpf2,2,2,3.372,1.1812,182.9604,246.3254
SS3_MAF_leo180223_p4_S190,G1,37493,Dpf2,3,0,3.372,1.1812,182.9604,246.3254
SS3_MAF_leo180223_p4_S98,G1,27030,Dpf2,2,2,3.372,1.1812,182.9604,246.3254
SS3_MAF_leo180223_p4_S99,G1,22647,Dpf2,0,2,3.372,1.1812,182.9604,246.3254
SS3_MAF_Leo171129_p2_S10,G1,39310,Strap,5,5,5.861,2.2734,284.8691,468.4749
SS3_MAF_Leo171129_p2_S12,G1,46976,Strap,4,3,5.861,2.2734,284.8691,468.4749
SS3_MAF_Leo171129_p2_S13,G1,43893,Strap,3,5,5.861,2.2734,284.8691,468.4749
SS3_MAF_Leo171129_p2_S14,G1,39959,Strap,3,1,5.861,2.2734,284.8691,468.4749
SS3_MAF_Leo171129_p2_S16,G1,41170,Strap,1,3,5.861,2.2734,284.8691,468.4749
SS3_MAF_Leo171129_p2_S17,G1,117795,Strap,6,21,5.861,2.2734,284.8691,468.4749
SS3_MAF_Leo171129_p2_S18,S,79991,Strap,12,12,5.861,2.2734,284.8691,468.4749
SS3_MAF_Leo171129_p2_S19,G1,63056,Strap,5,4,5.861,2.2734,284.8691,468.4749
SS3_MAF_Leo171129_p2_S1,G2M,48601,Strap,0,9,5.861,2.2734,284.8691,468.4749
SS3_MAF_Leo171129_p2_S20,G1,70834,Strap,3,2,5.861,2.2734,284.8691,468.4749
SS3_MAF_Leo171129_p2_S21,G1,75490,Strap,4,4,5.861,2.2734,284.8691,468.4749
SS3_MAF_Leo171129_p2_S22,G2M,33098,Strap,3,4,5.861,2.2734,284.8691,468.4749
SS3_MAF_Leo171129_p2_S23,G1,36429,Strap,1,2,5.861,2.2734,284.8691,468.4749
SS3_MAF_Leo171129_p2_S24,G1,29297,Strap,0,1,5.861,2.2734,284.8691,468.4749
SS3_MAF_Leo171129_p2_S25,G1,77970,Strap,1,3,5.861,2.2734,284.8691,468.4749
SS3_MAF_Leo171129_p2_S26,G2M,42619,Strap,6,4,5.861,2.2734,284.8691,468.4749
SS3_MAF_Leo171129_p2_S27,G1,8122,Strap,1,1,5.861,2.2734,284.8691,468.4749
SS3_MAF_Leo171129_p2_S28,G2M,16215,Strap,1,0,5.861,2.2734,284.8691,468.4749
SS3_MAF_Leo171129_p2_S2,S,34219,Strap,1,2,5.861,2.2734,284.8691,468.4749
SS3_MAF_Leo171129_p2_S30,G2M,10030,Strap,,,5.861,2.2734,284.8691,468.4749
SS3_MAF_Leo171129_p2_S31,G1,50024,Strap,5,1,5.861,2.2734,284.8691,468.4749
SS3_MAF_Leo171129_p2_S32,G2M,51366,Strap,7,3,5.861,2.2734,284.8691,468.4749
SS3_MAF_Leo171129_p2_S33,G1,64228,Strap,5,12,5.861,2.2734,284.8691,468.4749
SS3_MAF_Leo171129_p2_S34,G1,38195,Strap,3,11,5.861,2.2734,284.8691,468.4749
SS3_MAF_Leo171129_p2_S37,G1,13225,Strap,0,3,5.861,2.2734,284.8691,468.4749
SS3_MAF_Leo171129_p2_S3,G1,55963,Strap,2,10,5.861,2.2734,284.8691,468.4749
SS3_MAF_Leo171129_p2_S41,G1,108019,Strap,9,10,5.861,2.2734,284.8691,468.4749
SS3_MAF_Leo171129_p2_S42,G1,65018,Strap,3,4,5.861,2.2734,284.8691,468.4749
SS3_MAF_Leo171129_p2_S43,G1,64740,Strap,5,6,5.861,2.2734,284.8691,468.4749
SS3_MAF_Leo171129_p2_S44,G1,37365,Strap,3,2,5.861,2.2734,284.8691,468.4749
SS3_MAF_Leo171129_p2_S45,S,66369,Strap,3,5,5.861,2.2734,284.8691,468.4749
SS3_MAF_Leo171129_p2_S47,G1,47781,Strap,5,7,5.861,2.2734,284.8691,468.4749
SS3_MAF_Leo171129_p2_S48,G1,51270,Strap,1,5,5.861,2.2734,284.8691,468.4749
SS3_MAF_Leo171129_p2_S49,G1,30770,Strap,1,7,5.861,2.2734,284.8691,468.4749
SS3_MAF_Leo171129_p2_S4,G1,39611,Strap,4,1,5.861,2.2734,284.8691,468.4749
SS3_MAF_Leo171129_p2_S50,G1,57440,Strap,3,9,5.861,2.2734,284.8691,468.4749
SS3_MAF_Leo171129_p2_S52,G1,21457,Strap,4,0,5.861,2.2734,284.8691,468.4749
SS3_MAF_Leo171129_p2_S53,G1,80336,Strap,9,3,5.861,2.2734,284.8691,468.4749
SS3_MAF_Leo171129_p2_S55,G2M,88188,Strap,24,7,5.861,2.2734,284.8691,468.4749
SS3_MAF_Leo171129_p2_S57,G1,42297,Strap,3,1,5.861,2.2734,284.8691,468.4749
SS3_MAF_Leo171129_p2_S58,G1,55834,Strap,4,8,5.861,2.2734,284.8691,468.4749
SS3_MAF_Leo171129_p2_S59,G1,45969,Strap,7,6,5.861,2.2734,284.8691,468.4749
SS3_MAF_Leo171129_p2_S5,G2M,34433,Strap,6,5,5.861,2.2734,284.8691,468.4749
SS3_MAF_Leo171129_p2_S61,G1,20315,Strap,5,0,5.861,2.2734,284.8691,468.4749
SS3_MAF_Leo171129_p2_S62,G1,20928,Strap,0,4,5.861,2.2734,284.8691,468.4749
SS3_MAF_Leo171129_p2_S64,G1,100938,Strap,3,0,5.861,2.2734,284.8691,468.4749
SS3_MAF_Leo171129_p2_S65,G1,52328,Strap,12,4,5.861,2.2734,284.8691,468.4749
SS3_MAF_Leo171129_p2_S66,G1,67878,Strap,7,6,5.861,2.2734,284.8691,468.4749
SS3_MAF_Leo171129_p2_S67,S,68235,Strap,9,4,5.861,2.2734,284.8691,468.4749
SS3_MAF_Leo171129_p2_S68,G1,15259,Strap,2,3,5.861,2.2734,284.8691,468.4749
SS3_MAF_Leo171129_p2_S69,G1,36667,Strap,3,1,5.861,2.2734,284.8691,468.4749
SS3_MAF_Leo171129_p2_S6,G2M,60468,Strap,9,5,5.861,2.2734,284.8691,468.4749
SS3_MAF_Leo171129_p2_S72,G1,18464,Strap,3,3,5.861,2.2734,284.8691,468.4749
SS3_MAF_Leo171129_p2_S73,G1,94179,Strap,0,4,5.861,2.2734,284.8691,468.4749
SS3_MAF_Leo171129_p2_S74,G1,85288,Strap,4,8,5.861,2.2734,284.8691,468.4749
SS3_MAF_Leo171129_p2_S75,G1,53506,Strap,2,6,5.861,2.2734,284.8691,468.4749
SS3_MAF_Leo171129_p2_S76,G2M,60345,Strap,4,8,5.861,2.2734,284.8691,468.4749
SS3_MAF_Leo171129_p2_S77,G1,30764,Strap,1,3,5.861,2.2734,284.8691,468.4749
SS3_MAF_Leo171129_p2_S78,S,64444,Strap,4,8,5.861,2.2734,284.8691,468.4749
SS3_MAF_Leo171129_p2_S79,G1,20086,Strap,2,2,5.861,2.2734,284.8691,468.4749
SS3_MAF_Leo171129_p2_S7,G1,42337,Strap,5,2,5.861,2.2734,284.8691,468.4749
SS3_MAF_Leo171129_p2_S80,S,46988,Strap,12,3,5.861,2.2734,284.8691,468.4749
SS3_MAF_Leo171129_p2_S81,G2M,13199,Strap,1,1,5.861,2.2734,284.8691,468.4749
SS3_MAF_Leo171129_p2_S82,G1,10672,Strap,0,1,5.861,2.2734,284.8691,468.4749
SS3_MAF_Leo171129_p2_S83,G1,62168,Strap,9,4,5.861,2.2734,284.8691,468.4749
SS3_MAF_Leo171129_p2_S84,G1,9220,Strap,,,5.861,2.2734,284.8691,468.4749
SS3_MAF_Leo171129_p2_S85,G1,12557,Strap,1,1,5.861,2.2734,284.8691,468.4749
SS3_MAF_Leo171129_p2_S86,S,76694,Strap,3,5,5.861,2.2734,284.8691,468.4749
SS3_MAF_Leo171129_p2_S87,G1,33235,Strap,6,4,5.861,2.2734,284.8691,468.4749
SS3_MAF_Leo171129_p2_S89,G1,128206,Strap,11,5,5.861,2.2734,284.8691,468.4749
SS3_MAF_Leo171129_p2_S8,G1,42290,Strap,10,1,5.861,2.2734,284.8691,468.4749
SS3_MAF_Leo171129_p2_S90,G1,144876,Strap,11,28,5.861,2.2734,284.8691,468.4749
SS3_MAF_Leo171129_p2_S91,G1,95482,Strap,12,2,5.861,2.2734,284.8691,468.4749
SS3_MAF_Leo171129_p2_S92,G1,42727,Strap,3,1,5.861,2.2734,284.8691,468.4749
SS3_MAF_Leo171129_p2_S93,S,50420,Strap,2,5,5.861,2.2734,284.8691,468.4749
SS3_MAF_Leo171129_p2_S94,G2M,49637,Strap,4,0,5.861,2.2734,284.8691,468.4749
SS3_MAF_Leo171129_p2_S9,G2M,77535,Strap,8,11,5.861,2.2734,284.8691,468.4749
SS3_MAF_leo180223_p6_A10_S10,G1,23929,Strap,2,6,5.861,2.2734,284.8691,468.4749
SS3_MAF_leo180223_p6_B01_S13,G1,24789,Strap,1,2,5.861,2.2734,284.8691,468.4749
SS3_MAF_leo180223_p6_A03_S3,G1,36756,Strap,1,0,5.861,2.2734,284.8691,468.4749
SS3_MAF_leo180223_p6_A09_S9,G2M,12578,Strap,2,1,5.861,2.2734,284.8691,468.4749
SS3_MAF_leo180223_p6_B05_S17,G2M,7653,Strap,1,0,5.861,2.2734,284.8691,468.4749
SS3_MAF_leo180223_p6_A01_S1,G1,53431,Strap,0,3,5.861,2.2734,284.8691,468.4749
SS3_MAF_leo180223_p6_A11_S11,G1,30102,Strap,5,3,5.861,2.2734,284.8691,468.4749
SS3_MAF_leo180223_p6_C01_S25,G1,49793,Strap,2,7,5.861,2.2734,284.8691,468.4749
SS3_MAF_leo180223_p6_B02_S14,G1,55296,Strap,3,2,5.861,2.2734,284.8691,468.4749
SS3_MAF_leo180223_p6_A02_S2,S,72303,Strap,8,5,5.861,2.2734,284.8691,468.4749
SS3_MAF_leo180223_p6_A05_S5,G2M,11957,Strap,0,1,5.861,2.2734,284.8691,468.4749
SS3_MAF_leo180223_p6_A07_S7,G1,26205,Strap,4,0,5.861,2.2734,284.8691,468.4749
SS3_MAF_leo180223_p6_A04_S4,G1,42732,Strap,1,3,5.861,2.2734,284.8691,468.4749
SS3_MAF_leo180223_p6_A12_S12,G1,52402,Strap,6,4,5.861,2.2734,284.8691,468.4749
SS3_MAF_leo180223_p6_B04_S16,G1,30714,Strap,1,0,5.861,2.2734,284.8691,468.4749
SS3_MAF_leo180223_p6_A06_S6,G1,57207,Strap,5,2,5.861,2.2734,284.8691,468.4749
SS3_MAF_leo180223_p6_B03_S15,S,61296,Strap,2,5,5.861,2.2734,284.8691,468.4749
SS3_MAF_leo180223_p6_B10_S22,G1,22876,Strap,2,0,5.861,2.2734,284.8691,468.4749
SS3_MAF_leo180223_p6_C02_S26,G1,65040,Strap,8,4,5.861,2.2734,284.8691,468.4749
SS3_MAF_leo180223_p6_C04_S28,G2M,26058,Strap,3,5,5.861,2.2734,284.8691,468.4749
SS3_MAF_leo180223_p6_B09_S21,G1,37734,Strap,1,5,5.861,2.2734,284.8691,468.4749
SS3_MAF_leo180223_p6_C05_S29,G1,60723,Strap,10,5,5.861,2.2734,284.8691,468.4749
SS3_MAF_leo180223_p6_C11_S35,G1,54024,Strap,7,10,5.861,2.2734,284.8691,468.4749
SS3_MAF_leo180223_p6_C09_S33,G1,53996,Strap,5,7,5.861,2.2734,284.8691,468.4749
SS3_MAF_leo180223_p6_D01_S37,S,55709,Strap,6,6,5.861,2.2734,284.8691,468.4749
SS3_MAF_leo180223_p6_D03_S39,G1,47188,Strap,4,1,5.861,2.2734,284.8691,468.4749
SS3_MAF_leo180223_p6_B11_S23,G1,41554,Strap,3,7,5.861,2.2734,284.8691,468.4749
SS3_MAF_leo180223_p6_D05_S41,G1,29838,Strap,0,6,5.861,2.2734,284.8691,468.4749
SS3_MAF_leo180223_p6_D09_S45,G1,51007,Strap,1,6,5.861,2.2734,284.8691,468.4749
SS3_MAF_leo180223_p6_B07_S19,G1,14673,Strap,4,0,5.861,2.2734,284.8691,468.4749
SS3_MAF_leo180223_p6_E01_S49,G1,58894,Strap,7,10,5.861,2.2734,284.8691,468.4749
SS3_MAF_leo180223_p6_C10_S34,G1,57445,Strap,6,3,5.861,2.2734,284.8691,468.4749
SS3_MAF_leo180223_p6_C12_S36,G1,65159,Strap,9,7,5.861,2.2734,284.8691,468.4749
SS3_MAF_leo180223_p6_C06_S30,S,48635,Strap,3,5,5.861,2.2734,284.8691,468.4749
SS3_MAF_leo180223_p6_D12_S48,G1,7742,Strap,0,1,5.861,2.2734,284.8691,468.4749
SS3_MAF_leo180223_p6_D07_S43,G1,58044,Strap,6,4,5.861,2.2734,284.8691,468.4749
SS3_MAF_leo180223_p6_D04_S40,S,62213,Strap,5,2,5.861,2.2734,284.8691,468.4749
SS3_MAF_leo180223_p6_E07_S55,G1,79485,Strap,1,2,5.861,2.2734,284.8691,468.4749
SS3_MAF_leo180223_p6_D02_S38,G1,54559,Strap,5,4,5.861,2.2734,284.8691,468.4749
SS3_MAF_leo180223_p6_E10_S58,G1,7949,Strap,1,0,5.861,2.2734,284.8691,468.4749
SS3_MAF_leo180223_p6_E05_S53,S,40138,Strap,6,3,5.861,2.2734,284.8691,468.4749
SS3_MAF_leo180223_p6_E03_S51,G1,56996,Strap,5,2,5.861,2.2734,284.8691,468.4749
SS3_MAF_leo180223_p6_E11_S59,G1,29427,Strap,1,1,5.861,2.2734,284.8691,468.4749
SS3_MAF_leo180223_p6_F03_S63,G1,16661,Strap,0,0,5.861,2.2734,284.8691,468.4749
SS3_MAF_leo180223_p6_F07_S67,G1,12997,Strap,0,2,5.861,2.2734,284.8691,468.4749
SS3_MAF_leo180223_p6_D06_S42,G2M,25551,Strap,4,6,5.861,2.2734,284.8691,468.4749
SS3_MAF_leo180223_p6_F10_S70,G1,28264,Strap,4,1,5.861,2.2734,284.8691,468.4749
SS3_MAF_leo180223_p6_G01_S73,G2M,9750,Strap,1,4,5.861,2.2734,284.8691,468.4749
SS3_MAF_leo180223_p6_G05_S77,G2M,16211,Strap,1,6,5.861,2.2734,284.8691,468.4749
SS3_MAF_leo180223_p6_F05_S65,G1,43383,Strap,3,3,5.861,2.2734,284.8691,468.4749
SS3_MAF_leo180223_p6_G03_S75,G1,30248,Strap,8,5,5.861,2.2734,284.8691,468.4749
SS3_MAF_leo180223_p6_E06_S54,G1,15835,Strap,0,0,5.861,2.2734,284.8691,468.4749
SS3_MAF_leo180223_p6_G07_S79,G1,44754,Strap,2,0,5.861,2.2734,284.8691,468.4749
SS3_MAF_leo180223_p6_G09_S81,G1,14370,Strap,0,3,5.861,2.2734,284.8691,468.4749
SS3_MAF_leo180223_p6_G11_S83,S,43335,Strap,5,3,5.861,2.2734,284.8691,468.4749
SS3_MAF_leo180223_p6_D08_S44,G1,11889,Strap,2,0,5.861,2.2734,284.8691,468.4749
SS3_MAF_leo180223_p6_H07_S91,G1,10415,Strap,1,4,5.861,2.2734,284.8691,468.4749
SS3_MAF_leo180223_p6_H09_S93,G1,13994,Strap,0,1,5.861,2.2734,284.8691,468.4749
SS3_MAF_leo180223_p6_H11_S95,G1,17619,Strap,3,1,5.861,2.2734,284.8691,468.4749
SS3_MAF_leo180223_p6_G06_S78,G1,17000,Strap,0,4,5.861,2.2734,284.8691,468.4749
SS3_MAF_leo180223_p6_E12_S60,G1,29942,Strap,3,4,5.861,2.2734,284.8691,468.4749
SS3_MAF_leo180223_p4_S101,S,46504,Strap,0,12,5.861,2.2734,284.8691,468.4749
SS3_MAF_leo180223_p4_S102,G1,28700,Strap,0,1,5.861,2.2734,284.8691,468.4749
SS3_MAF_leo180223_p4_S104,G2M,9443,Strap,2,1,5.861,2.2734,284.8691,468.4749
SS3_MAF_leo180223_p4_S108,G1,8102,Strap,3,0,5.861,2.2734,284.8691,468.4749
SS3_MAF_leo180223_p4_S105,G1,46105,Strap,4,4,5.861,2.2734,284.8691,468.4749
SS3_MAF_leo180223_p4_S106,G1,46823,Strap,2,4,5.861,2.2734,284.8691,468.4749
SS3_MAF_leo180223_p6_D10_S46,G1,15028,Strap,0,2,5.861,2.2734,284.8691,468.4749
SS3_MAF_leo180223_p4_S107,G1,57441,Strap,5,6,5.861,2.2734,284.8691,468.4749
SS3_MAF_leo180223_p6_F06_S66,G1,35862,Strap,9,8,5.861,2.2734,284.8691,468.4749
SS3_MAF_leo180223_p6_E08_S56,G1,19789,Strap,0,5,5.861,2.2734,284.8691,468.4749
SS3_MAF_leo180223_p6_H08_S92,G1,31398,Strap,5,2,5.861,2.2734,284.8691,468.4749
SS3_MAF_leo180223_p6_H10_S94,S,43246,Strap,2,1,5.861,2.2734,284.8691,468.4749
SS3_MAF_leo180223_p4_S109,G1,22942,Strap,5,3,5.861,2.2734,284.8691,468.4749
SS3_MAF_leo180223_p6_G04_S76,G1,14904,Strap,2,5,5.861,2.2734,284.8691,468.4749
SS3_MAF_leo180223_p4_S112,G1,10651,Strap,1,2,5.861,2.2734,284.8691,468.4749
SS3_MAF_leo180223_p4_S111,S,17722,Strap,5,4,5.861,2.2734,284.8691,468.4749
SS3_MAF_leo180223_p4_S113,G1,54566,Strap,6,3,5.861,2.2734,284.8691,468.4749
SS3_MAF_leo180223_p6_E02_S50,G1,56102,Strap,6,4,5.861,2.2734,284.8691,468.4749
SS3_MAF_leo180223_p4_S114,G1,41605,Strap,1,1,5.861,2.2734,284.8691,468.4749
SS3_MAF_leo180223_p4_S115,G1,31806,Strap,1,0,5.861,2.2734,284.8691,468.4749
SS3_MAF_leo180223_p4_S117,G1,33445,Strap,5,1,5.861,2.2734,284.8691,468.4749
SS3_MAF_leo180223_p4_S116,G2M,43218,Strap,6,2,5.861,2.2734,284.8691,468.4749
SS3_MAF_leo180223_p4_S118,G1,39079,Strap,2,3,5.861,2.2734,284.8691,468.4749
SS3_MAF_leo180223_p4_S119,G1,32951,Strap,1,5,5.861,2.2734,284.8691,468.4749
SS3_MAF_leo180223_p4_S123,S,42089,Strap,7,4,5.861,2.2734,284.8691,468.4749
SS3_MAF_leo180223_p4_S121,G1,35385,Strap,2,1,5.861,2.2734,284.8691,468.4749
SS3_MAF_leo180223_p4_S122,G1,48450,Strap,6,1,5.861,2.2734,284.8691,468.4749
SS3_MAF_leo180223_p4_S125,G1,36709,Strap,4,8,5.861,2.2734,284.8691,468.4749
SS3_MAF_leo180223_p4_S126,G1,14776,Strap,4,0,5.861,2.2734,284.8691,468.4749
SS3_MAF_leo180223_p4_S127,G1,30192,Strap,4,5,5.861,2.2734,284.8691,468.4749
SS3_MAF_leo180223_p4_S124,G1,48177,Strap,9,3,5.861,2.2734,284.8691,468.4749
SS3_MAF_leo180223_p4_S129,G1,39617,Strap,2,4,5.861,2.2734,284.8691,468.4749
SS3_MAF_leo180223_p4_S130,G1,30386,Strap,1,6,5.861,2.2734,284.8691,468.4749
SS3_MAF_leo180223_p4_S131,G2M,30460,Strap,3,4,5.861,2.2734,284.8691,468.4749
SS3_MAF_leo180223_p4_S132,G1,38643,Strap,3,2,5.861,2.2734,284.8691,468.4749
SS3_MAF_leo180223_p4_S134,G1,9113,Strap,1,0,5.861,2.2734,284.8691,468.4749
SS3_MAF_leo180223_p4_S133,G1,42441,Strap,4,3,5.861,2.2734,284.8691,468.4749
SS3_MAF_leo180223_p4_S135,G1,17189,Strap,2,0,5.861,2.2734,284.8691,468.4749
SS3_MAF_leo180223_p4_S139,G2M,11145,Strap,3,1,5.861,2.2734,284.8691,468.4749
SS3_MAF_leo180223_p4_S137,S,43012,Strap,3,5,5.861,2.2734,284.8691,468.4749
SS3_MAF_leo180223_p4_S138,G2M,50993,Strap,5,2,5.861,2.2734,284.8691,468.4749
SS3_MAF_leo180223_p4_S140,G1,10911,Strap,0,3,5.861,2.2734,284.8691,468.4749
SS3_MAF_leo180223_p4_S142,G1,13960,Strap,1,2,5.861,2.2734,284.8691,468.4749
SS3_MAF_leo180223_p4_S147,G1,18062,Strap,2,4,5.861,2.2734,284.8691,468.4749
SS3_MAF_leo180223_p4_S97,G1,34429,Strap,3,4,5.861,2.2734,284.8691,468.4749
SS3_MAF_leo180223_p4_S146,S,29223,Strap,4,2,5.861,2.2734,284.8691,468.4749
SS3_MAF_leo180223_p4_S145,G1,40112,Strap,1,0,5.861,2.2734,284.8691,468.4749
SS3_MAF_leo180223_p4_S148,G2M,35298,Strap,1,1,5.861,2.2734,284.8691,468.4749
SS3_MAF_leo180223_p4_S150,G2M,11070,Strap,5,2,5.861,2.2734,284.8691,468.4749
SS3_MAF_leo180223_p4_S149,G1,46283,Strap,3,4,5.861,2.2734,284.8691,468.4749
SS3_MAF_leo180223_p4_S151,G2M,37513,Strap,3,6,5.861,2.2734,284.8691,468.4749
SS3_MAF_leo180223_p4_S153,G1,57674,Strap,2,6,5.861,2.2734,284.8691,468.4749
SS3_MAF_leo180223_p4_S156,G1,20071,Strap,4,2,5.861,2.2734,284.8691,468.4749
SS3_MAF_leo180223_p4_S154,S,55869,Strap,7,4,5.861,2.2734,284.8691,468.4749
SS3_MAF_leo180223_p4_S157,G1,20536,Strap,1,0,5.861,2.2734,284.8691,468.4749
SS3_MAF_leo180223_p4_S159,G1,32667,Strap,2,5,5.861,2.2734,284.8691,468.4749
SS3_MAF_leo180223_p4_S158,G2M,48866,Strap,3,8,5.861,2.2734,284.8691,468.4749
SS3_MAF_leo180223_p4_S161,S,44634,Strap,5,3,5.861,2.2734,284.8691,468.4749
SS3_MAF_leo180223_p4_S160,G1,25072,Strap,2,4,5.861,2.2734,284.8691,468.4749
SS3_MAF_leo180223_p4_S162,G1,36811,Strap,0,2,5.861,2.2734,284.8691,468.4749
SS3_MAF_leo180223_p4_S164,G1,43467,Strap,1,0,5.861,2.2734,284.8691,468.4749
SS3_MAF_leo180223_p4_S166,S,28129,Strap,2,2,5.861,2.2734,284.8691,468.4749
SS3_MAF_leo180223_p4_S167,G1,26371,Strap,1,1,5.861,2.2734,284.8691,468.4749
SS3_MAF_leo180223_p4_S169,G1,34158,Strap,2,4,5.861,2.2734,284.8691,468.4749
SS3_MAF_leo180223_p4_S165,G1,39578,Strap,6,3,5.861,2.2734,284.8691,468.4749
SS3_MAF_leo180223_p4_S173,G1,19064,Strap,2,0,5.861,2.2734,284.8691,468.4749
SS3_MAF_leo180223_p4_S170,G1,51247,Strap,7,2,5.861,2.2734,284.8691,468.4749
SS3_MAF_leo180223_p4_S171,S,67232,Strap,9,7,5.861,2.2734,284.8691,468.4749
SS3_MAF_leo180223_p4_S177,S,44173,Strap,7,4,5.861,2.2734,284.8691,468.4749
SS3_MAF_leo180223_p4_S174,G1,31352,Strap,1,1,5.861,2.2734,284.8691,468.4749
SS3_MAF_leo180223_p4_S180,G1,16181,Strap,1,1,5.861,2.2734,284.8691,468.4749
SS3_MAF_leo180223_p4_S176,G1,20544,Strap,0,3,5.861,2.2734,284.8691,468.4749
SS3_MAF_leo180223_p4_S179,G1,32343,Strap,2,2,5.861,2.2734,284.8691,468.4749
SS3_MAF_leo180223_p4_S178,S,57266,Strap,5,5,5.861,2.2734,284.8691,468.4749
SS3_MAF_leo180223_p4_S181,G1,25042,Strap,6,0,5.861,2.2734,284.8691,468.4749
SS3_MAF_leo180223_p4_S183,G1,33832,Strap,3,5,5.861,2.2734,284.8691,468.4749
SS3_MAF_leo180223_p4_S182,G1,52029,Strap,4,5,5.861,2.2734,284.8691,468.4749
SS3_MAF_leo180223_p4_S186,S,58004,Strap,10,3,5.861,2.2734,284.8691,468.4749
SS3_MAF_leo180223_p4_S187,G2M,15045,Strap,2,5,5.861,2.2734,284.8691,468.4749
SS3_MAF_leo180223_p4_S191,G2M,11140,Strap,3,0,5.861,2.2734,284.8691,468.4749
SS3_MAF_leo180223_p4_S185,G1,52790,Strap,4,3,5.861,2.2734,284.8691,468.4749
SS3_MAF_leo180223_p4_S189,G1,66797,Strap,5,3,5.861,2.2734,284.8691,468.4749
SS3_MAF_leo180223_p4_S188,G1,51539,Strap,3,5,5.861,2.2734,284.8691,468.4749
SS3_MAF_leo180223_p4_S190,G1,37493,Strap,8,7,5.861,2.2734,284.8691,468.4749
SS3_MAF_leo180223_p4_S98,G1,27030,Strap,2,7,5.861,2.2734,284.8691,468.4749
SS3_MAF_leo180223_p4_S99,G1,22647,Strap,4,0,5.861,2.2734,284.8691,468.4749
SS3_MAF_Leo171129_p2_S10,G1,39310,Ddr1,8,1,4.048,0.7092,69.8384,344.7981
SS3_MAF_Leo171129_p2_S12,G1,46976,Ddr1,0,14,4.048,0.7092,69.8384,344.7981
SS3_MAF_Leo171129_p2_S13,G1,43893,Ddr1,0,1,4.048,0.7092,69.8384,344.7981
SS3_MAF_Leo171129_p2_S14,G1,39959,Ddr1,0,3,4.048,0.7092,69.8384,344.7981
SS3_MAF_Leo171129_p2_S16,G1,41170,Ddr1,0,1,4.048,0.7092,69.8384,344.7981
SS3_MAF_Leo171129_p2_S17,G1,117795,Ddr1,36,8,4.048,0.7092,69.8384,344.7981
SS3_MAF_Leo171129_p2_S18,S,79991,Ddr1,20,1,4.048,0.7092,69.8384,344.7981
SS3_MAF_Leo171129_p2_S19,G1,63056,Ddr1,14,10,4.048,0.7092,69.8384,344.7981
SS3_MAF_Leo171129_p2_S1,G2M,48601,Ddr1,3,0,4.048,0.7092,69.8384,344.7981
SS3_MAF_Leo171129_p2_S20,G1,70834,Ddr1,3,12,4.048,0.7092,69.8384,344.7981
SS3_MAF_Leo171129_p2_S21,G1,75490,Ddr1,9,5,4.048,0.7092,69.8384,344.7981
SS3_MAF_Leo171129_p2_S22,G2M,33098,Ddr1,2,10,4.048,0.7092,69.8384,344.7981
SS3_MAF_Leo171129_p2_S23,G1,36429,Ddr1,2,2,4.048,0.7092,69.8384,344.7981
SS3_MAF_Leo171129_p2_S24,G1,29297,Ddr1,5,7,4.048,0.7092,69.8384,344.7981
SS3_MAF_Leo171129_p2_S25,G1,77970,Ddr1,14,11,4.048,0.7092,69.8384,344.7981
SS3_MAF_Leo171129_p2_S26,G2M,42619,Ddr1,2,1,4.048,0.7092,69.8384,344.7981
SS3_MAF_Leo171129_p2_S27,G1,8122,Ddr1,0,0,4.048,0.7092,69.8384,344.7981
SS3_MAF_Leo171129_p2_S28,G2M,16215,Ddr1,0,2,4.048,0.7092,69.8384,344.7981
SS3_MAF_Leo171129_p2_S2,S,34219,Ddr1,4,0,4.048,0.7092,69.8384,344.7981
SS3_MAF_Leo171129_p2_S30,G2M,10030,Ddr1,0,1,4.048,0.7092,69.8384,344.7981
SS3_MAF_Leo171129_p2_S31,G1,50024,Ddr1,8,2,4.048,0.7092,69.8384,344.7981
SS3_MAF_Leo171129_p2_S32,G2M,51366,Ddr1,3,2,4.048,0.7092,69.8384,344.7981
SS3_MAF_Leo171129_p2_S33,G1,64228,Ddr1,16,15,4.048,0.7092,69.8384,344.7981
SS3_MAF_Leo171129_p2_S34,G1,38195,Ddr1,6,7,4.048,0.7092,69.8384,344.7981
SS3_MAF_Leo171129_p2_S37,G1,13225,Ddr1,1,0,4.048,0.7092,69.8384,344.7981
SS3_MAF_Leo171129_p2_S3,G1,55963,Ddr1,2,10,4.048,0.7092,69.8384,344.7981
SS3_MAF_Leo171129_p2_S41,G1,108019,Ddr1,2,5,4.048,0.7092,69.8384,344.7981
SS3_MAF_Leo171129_p2_S42,G1,65018,Ddr1,1,6,4.048,0.7092,69.8384,344.7981
SS3_MAF_Leo171129_p2_S43,G1,64740,Ddr1,7,5,4.048,0.7092,69.8384,344.7981
SS3_MAF_Leo171129_p2_S44,G1,37365,Ddr1,0,2,4.048,0.7092,69.8384,344.7981
SS3_MAF_Leo171129_p2_S45,S,66369,Ddr1,0,8,4.048,0.7092,69.8384,344.7981
SS3_MAF_Leo171129_p2_S47,G1,47781,Ddr1,0,3,4.048,0.7092,69.8384,344.7981
SS3_MAF_Leo171129_p2_S48,G1,51270,Ddr1,2,0,4.048,0.7092,69.8384,344.7981
SS3_MAF_Leo171129_p2_S49,G1,30770,Ddr1,2,0,4.048,0.7092,69.8384,344.7981
SS3_MAF_Leo171129_p2_S4,G1,39611,Ddr1,1,0,4.048,0.7092,69.8384,344.7981
SS3_MAF_Leo171129_p2_S50,G1,57440,Ddr1,10,1,4.048,0.7092,69.8384,344.7981
SS3_MAF_Leo171129_p2_S52,G1,21457,Ddr1,0,4,4.048,0.7092,69.8384,344.7981
SS3_MAF_Leo171129_p2_S53,G1,80336,Ddr1,2,0,4.048,0.7092,69.8384,344.7981
SS3_MAF_Leo171129_p2_S55,G2M,88188,Ddr1,3,23,4.048,0.7092,69.8384,344.7981
SS3_MAF_Leo171129_p2_S57,G1,42297,Ddr1,6,0,4.048,0.7092,69.8384,344.7981
SS3_MAF_Leo171129_p2_S58,G1,55834,Ddr1,1,5,4.048,0.7092,69.8384,344.7981
SS3_MAF_Leo171129_p2_S59,G1,45969,Ddr1,3,9,4.048,0.7092,69.8384,344.7981
SS3_MAF_Leo171129_p2_S5,G2M,34433,Ddr1,8,0,4.048,0.7092,69.8384,344.7981
SS3_MAF_Leo171129_p2_S61,G1,20315,Ddr1,,,4.048,0.7092,69.8384,344.7981
SS3_MAF_Leo171129_p2_S62,G1,20928,Ddr1,0,2,4.048,0.7092,69.8384,344.7981
SS3_MAF_Leo171129_p2_S64,G1,100938,Ddr1,3,8,4.048,0.7092,69.8384,344.7981
SS3_MAF_Leo171129_p2_S65,G1,52328,Ddr1,0,1,4.048,0.7092,69.8384,344.7981
SS3_MAF_Leo171129_p2_S66,G1,67878,Ddr1,12,4,4.048,0.7092,69.8384,344.7981
SS3_MAF_Leo171129_p2_S67,S,68235,Ddr1,5,9,4.048,0.7092,69.8384,344.7981
SS3_MAF_Leo171129_p2_S68,G1,15259,Ddr1,1,0,4.048,0.7092,69.8384,344.7981
SS3_MAF_Leo171129_p2_S69,G1,36667,Ddr1,3,2,4.048,0.7092,69.8384,344.7981
SS3_MAF_Leo171129_p2_S6,G2M,60468,Ddr1,18,0,4.048,0.7092,69.8384,344.7981
SS3_MAF_Leo171129_p2_S72,G1,18464,Ddr1,0,2,4.048,0.7092,69.8384,344.7981
SS3_MAF_Leo171129_p2_S73,G1,94179,Ddr1,6,6,4.048,0.7092,69.8384,344.7981
SS3_MAF_Leo171129_p2_S74,G1,85288,Ddr1,2,0,4.048,0.7092,69.8384,344.7981
SS3_MAF_Leo171129_p2_S75,G1,53506,Ddr1,4,1,4.048,0.7092,69.8384,344.7981
SS3_MAF_Leo171129_p2_S76,G2M,60345,Ddr1,0,1,4.048,0.7092,69.8384,344.7981
SS3_MAF_Leo171129_p2_S77,G1,30764,Ddr1,8,5,4.048,0.7092,69.8384,344.7981
SS3_MAF_Leo171129_p2_S78,S,64444,Ddr1,5,0,4.048,0.7092,69.8384,344.7981
SS3_MAF_Leo171129_p2_S79,G1,20086,Ddr1,0,4,4.048,0.7092,69.8384,344.7981
SS3_MAF_Leo171129_p2_S7,G1,42337,Ddr1,5,1,4.048,0.7092,69.8384,344.7981
SS3_MAF_Leo171129_p2_S80,S,46988,Ddr1,0,6,4.048,0.7092,69.8384,344.7981
SS3_MAF_Leo171129_p2_S81,G2M,13199,Ddr1,0,3,4.048,0.7092,69.8384,344.7981
SS3_MAF_Leo171129_p2_S82,G1,10672,Ddr1,,,4.048,0.7092,69.8384,344.7981
SS3_MAF_Leo171129_p2_S83,G1,62168,Ddr1,5,10,4.048,0.7092,69.8384,344.7981
SS3_MAF_Leo171129_p2_S84,G1,9220,Ddr1,5,0,4.048,0.7092,69.8384,344.7981
SS3_MAF_Leo171129_p2_S85,G1,12557,Ddr1,1,1,4.048,0.7092,69.8384,344.7981
SS3_MAF_Leo171129_p2_S86,S,76694,Ddr1,8,2,4.048,0.7092,69.8384,344.7981
SS3_MAF_Leo171129_p2_S87,G1,33235,Ddr1,4,1,4.048,0.7092,69.8384,344.7981
SS3_MAF_Leo171129_p2_S89,G1,128206,Ddr1,16,86,4.048,0.7092,69.8384,344.7981
SS3_MAF_Leo171129_p2_S8,G1,42290,Ddr1,14,1,4.048,0.7092,69.8384,344.7981
SS3_MAF_Leo171129_p2_S90,G1,144876,Ddr1,1,1,4.048,0.7092,69.8384,344.7981
SS3_MAF_Leo171129_p2_S91,G1,95482,Ddr1,8,0,4.048,0.7092,69.8384,344.7981
SS3_MAF_Leo171129_p2_S92,G1,42727,Ddr1,6,0,4.048,0.7092,69.8384,344.7981
SS3_MAF_Leo171129_p2_S93,S,50420,Ddr1,,,4.048,0.7092,69.8384,344.7981
SS3_MAF_Leo171129_p2_S94,G2M,49637,Ddr1,11,2,4.048,0.7092,69.8384,344.7981
SS3_MAF_Leo171129_p2_S9,G2M,77535,Ddr1,13,9,4.048,0.7092,69.8384,344.7981
SS3_MAF_leo180223_p6_A10_S10,G1,23929,Ddr1,1,1,4.048,0.7092,69.8384,344.7981
SS3_MAF_leo180223_p6_B01_S13,G1,24789,Ddr1,0,0,4.048,0.7092,69.8384,344.7981
SS3_MAF_leo180223_p6_A03_S3,G1,36756,Ddr1,10,3,4.048,0.7092,69.8384,344.7981
SS3_MAF_leo180223_p6_A09_S9,G2M,12578,Ddr1,0,0,4.048,0.7092,69.8384,344.7981
SS3_MAF_leo180223_p6_B05_S17,G2M,7653,Ddr1,0,0,4.048,0.7092,69.8384,344.7981
SS3_MAF_leo180223_p6_A01_S1,G1,53431,Ddr1,5,4,4.048,0.7092,69.8384,344.7981
SS3_MAF_leo180223_p6_A11_S11,G1,30102,Ddr1,3,0,4.048,0.7092,69.8384,344.7981
SS3_MAF_leo180223_p6_C01_S25,G1,49793,Ddr1,2,0,4.048,0.7092,69.8384,344.7981
SS3_MAF_leo180223_p6_B02_S14,G1,55296,Ddr1,8,6,4.048,0.7092,69.8384,344.7981
SS3_MAF_leo180223_p6_A02_S2,S,72303,Ddr1,4,5,4.048,0.7092,69.8384,344.7981
SS3_MAF_leo180223_p6_A05_S5,G2M,11957,Ddr1,0,0,4.048,0.7092,69.8384,344.7981
SS3_MAF_leo180223_p6_A07_S7,G1,26205,Ddr1,1,0,4.048,0.7092,69.8384,344.7981
SS3_MAF_leo180223_p6_A04_S4,G1,42732,Ddr1,4,5,4.048,0.7092,69.8384,344.7981
SS3_MAF_leo180223_p6_A12_S12,G1,52402,Ddr1,3,3,4.048,0.7092,69.8384,344.7981
SS3_MAF_leo180223_p6_B04_S16,G1,30714,Ddr1,0,5,4.048,0.7092,69.8384,344.7981
SS3_MAF_leo180223_p6_A06_S6,G1,57207,Ddr1,0,3,4.048,0.7092,69.8384,344.7981
SS3_MAF_leo180223_p6_B03_S15,S,61296,Ddr1,2,0,4.048,0.7092,69.8384,344.7981
SS3_MAF_leo180223_p6_B10_S22,G1,22876,Ddr1,0,0,4.048,0.7092,69.8384,344.7981
SS3_MAF_leo180223_p6_C02_S26,G1,65040,Ddr1,2,20,4.048,0.7092,69.8384,344.7981
SS3_MAF_leo180223_p6_C04_S28,G2M,26058,Ddr1,4,1,4.048,0.7092,69.8384,344.7981
SS3_MAF_leo180223_p6_B09_S21,G1,37734,Ddr1,0,4,4.048,0.7092,69.8384,344.7981
SS3_MAF_leo180223_p6_C05_S29,G1,60723,Ddr1,12,9,4.048,0.7092,69.8384,344.7981
SS3_MAF_leo180223_p6_C11_S35,G1,54024,Ddr1,18,9,4.048,0.7092,69.8384,344.7981
SS3_MAF_leo180223_p6_C09_S33,G1,53996,Ddr1,2,10,4.048,0.7092,69.8384,344.7981
SS3_MAF_leo180223_p6_D01_S37,S,55709,Ddr1,9,7,4.048,0.7092,69.8384,344.7981
SS3_MAF_leo180223_p6_D03_S39,G1,47188,Ddr1,8,8,4.048,0.7092,69.8384,344.7981
SS3_MAF_leo180223_p6_B11_S23,G1,41554,Ddr1,3,2,4.048,0.7092,69.8384,344.7981
SS3_MAF_leo180223_p6_D05_S41,G1,29838,Ddr1,0,0,4.048,0.7092,69.8384,344.7981
SS3_MAF_leo180223_p6_D09_S45,G1,51007,Ddr1,7,10,4.048,0.7092,69.8384,344.7981
SS3_MAF_leo180223_p6_B07_S19,G1,14673,Ddr1,3,5,4.048,0.7092,69.8384,344.7981
SS3_MAF_leo180223_p6_E01_S49,G1,58894,Ddr1,7,6,4.048,0.7092,69.8384,344.7981
SS3_MAF_leo180223_p6_C10_S34,G1,57445,Ddr1,4,9,4.048,0.7092,69.8384,344.7981
SS3_MAF_leo180223_p6_C12_S36,G1,65159,Ddr1,4,5,4.048,0.7092,69.8384,344.7981
SS3_MAF_leo180223_p6_C06_S30,S,48635,Ddr1,2,1,4.048,0.7092,69.8384,344.7981
SS3_MAF_leo180223_p6_D12_S48,G1,7742,Ddr1,0,0,4.048,0.7092,69.8384,344.7981
SS3_MAF_leo180223_p6_D07_S43,G1,58044,Ddr1,1,1,4.048,0.7092,69.8384,344.7981
SS3_MAF_leo180223_p6_D04_S40,S,62213,Ddr1,4,9,4.048,0.7092,69.8384,344.7981
SS3_MAF_leo180223_p6_E07_S55,G1,79485,Ddr1,4,0,4.048,0.7092,69.8384,344.7981
SS3_MAF_leo180223_p6_D02_S38,G1,54559,Ddr1,14,5,4.048,0.7092,69.8384,344.7981
SS3_MAF_leo180223_p6_E10_S58,G1,7949,Ddr1,0,0,4.048,0.7092,69.8384,344.7981
SS3_MAF_leo180223_p6_E05_S53,S,40138,Ddr1,1,2,4.048,0.7092,69.8384,344.7981
SS3_MAF_leo180223_p6_E03_S51,G1,56996,Ddr1,3,5,4.048,0.7092,69.8384,344.7981
SS3_MAF_leo180223_p6_E11_S59,G1,29427,Ddr1,0,2,4.048,0.7092,69.8384,344.7981
SS3_MAF_leo180223_p6_F03_S63,G1,16661,Ddr1,1,3,4.048,0.7092,69.8384,344.7981
SS3_MAF_leo180223_p6_F07_S67,G1,12997,Ddr1,0,0,4.048,0.7092,69.8384,344.7981
SS3_MAF_leo180223_p6_D06_S42,G2M,25551,Ddr1,,,4.048,0.7092,69.8384,344.7981
SS3_MAF_leo180223_p6_F10_S70,G1,28264,Ddr1,4,0,4.048,0.7092,69.8384,344.7981
SS3_MAF_leo180223_p6_G01_S73,G2M,9750,Ddr1,2,0,4.048,0.7092,69.8384,344.7981
SS3_MAF_leo180223_p6_G05_S77,G2M,16211,Ddr1,0,0,4.048,0.7092,69.8384,344.7981
SS3_MAF_leo180223_p6_F05_S65,G1,43383,Ddr1,5,5,4.048,0.7092,69.8384,344.7981
SS3_MAF_leo180223_p6_G03_S75,G1,30248,Ddr1,5,0,4.048,0.7092,69.8384,344.7981
SS3_MAF_leo180223_p6_E06_S54,G1,15835,Ddr1,2,0,4.048,0.7092,69.8384,344.7981
SS3_MAF_leo180223_p6_G07_S79,G1,44754,Ddr1,6,2,4.048,0.7092,69.8384,344.7981
SS3_MAF_leo180223_p6_G09_S81,G1,14370,Ddr1,1,1,4.048,0.7092,69.8384,344.7981
SS3_MAF_leo180223_p6_G11_S83,S,43335,Ddr1,1,1,4.048,0.7092,69.8384,344.7981
SS3_MAF_leo180223_p6_D08_S44,G1,11889,Ddr1,0,1,4.048,0.7092,69.8384,344.7981
SS3_MAF_leo180223_p6_H07_S91,G1,10415,Ddr1,0,0,4.048,0.7092,69.8384,344.7981
SS3_MAF_leo180223_p6_H09_S93,G1,13994,Ddr1,0,0,4.048,0.7092,69.8384,344.7981
SS3_MAF_leo180223_p6_H11_S95,G1,17619,Ddr1,2,0,4.048,0.7092,69.8384,344.7981
SS3_MAF_leo180223_p6_G06_S78,G1,17000,Ddr1,0,0,4.048,0.7092,69.8384,344.7981
SS3_MAF_leo180223_p6_E12_S60,G1,29942,Ddr1,0,1,4.048,0.7092,69.8384,344.7981
SS3_MAF_leo180223_p4_S101,S,46504,Ddr1,2,0,4.048,0.7092,69.8384,344.7981
SS3_MAF_leo180223_p4_S102,G1,28700,Ddr1,0,5,4.048,0.7092,69.8384,344.7981
SS3_MAF_leo180223_p4_S104,G2M,9443,Ddr1,0,0,4.048,0.7092,69.8384,344.7981
SS3_MAF_leo180223_p4_S108,G1,8102,Ddr1,0,0,4.048,0.7092,69.8384,344.7981
SS3_MAF_leo180223_p4_S105,G1,46105,Ddr1,4,5,4.048,0.7092,69.8384,344.7981
SS3_MAF_leo180223_p4_S106,G1,46823,Ddr1,0,2,4.048,0.7092,69.8384,344.7981
SS3_MAF_leo180223_p6_D10_S46,G1,15028,Ddr1,0,0,4.048,0.7092,69.8384,344.7981
SS3_MAF_leo180223_p4_S107,G1,57441,Ddr1,10,8,4.048,0.7092,69.8384,344.7981
SS3_MAF_leo180223_p6_F06_S66,G1,35862,Ddr1,4,0,4.048,0.7092,69.8384,344.7981
SS3_MAF_leo180223_p6_E08_S56,G1,19789,Ddr1,0,0,4.048,0.7092,69.8384,344.7981
SS3_MAF_leo180223_p6_H08_S92,G1,31398,Ddr1,2,0,4.048,0.7092,69.8384,344.7981
SS3_MAF_leo180223_p6_H10_S94,S,43246,Ddr1,1,3,4.048,0.7092,69.8384,344.7981
SS3_MAF_leo180223_p4_S109,G1,22942,Ddr1,3,0,4.048,0.7092,69.8384,344.7981
SS3_MAF_leo180223_p6_G04_S76,G1,14904,Ddr1,3,0,4.048,0.7092,69.8384,344.7981
SS3_MAF_leo180223_p4_S112,G1,10651,Ddr1,0,6,4.048,0.7092,69.8384,344.7981
SS3_MAF_leo180223_p4_S111,S,17722,Ddr1,0,0,4.048,0.7092,69.8384,344.7981
SS3_MAF_leo180223_p4_S113,G1,54566,Ddr1,5,3,4.048,0.7092,69.8384,344.7981
SS3_MAF_leo180223_p6_E02_S50,G1,56102,Ddr1,6,12,4.048,0.7092,69.8384,344.7981
SS3_MAF_leo180223_p4_S114,G1,41605,Ddr1,0,2,4.048,0.7092,69.8384,344.7981
SS3_MAF_leo180223_p4_S115,G1,31806,Ddr1,0,1,4.048,0.7092,69.8384,344.7981
SS3_MAF_leo180223_p4_S117,G1,33445,Ddr1,2,2,4.048,0.7092,69.8384,344.7981
SS3_MAF_leo180223_p4_S116,G2M,43218,Ddr1,1,3,4.048,0.7092,69.8384,344.7981
SS3_MAF_leo180223_p4_S118,G1,39079,Ddr1,3,4,4.048,0.7092,69.8384,344.7981
SS3_MAF_leo180223_p4_S119,G1,32951,Ddr1,6,1,4.048,0.7092,69.8384,344.7981
SS3_MAF_leo180223_p4_S123,S,42089,Ddr1,2,6,4.048,0.7092,69.8384,344.7981
SS3_MAF_leo180223_p4_S121,G1,35385,Ddr1,5,3,4.048,0.7092,69.8384,344.7981
SS3_MAF_leo180223_p4_S122,G1,48450,Ddr1,2,1,4.048,0.7092,69.8384,344.7981
SS3_MAF_leo180223_p4_S125,G1,36709,Ddr1,4,0,4.048,0.7092,69.8384,344.7981
SS3_MAF_leo180223_p4_S126,G1,14776,Ddr1,1,0,4.048,0.7092,69.8384,344.7981
SS3_MAF_leo180223_p4_S127,G1,30192,Ddr1,3,4,4.048,0.7092,69.8384,344.7981
SS3_MAF_leo180223_p4_S124,G1,48177,Ddr1,5,1,4.048,0.7092,69.8384,344.7981
SS3_MAF_leo180223_p4_S129,G1,39617,Ddr1,4,2,4.048,0.7092,69.8384,344.7981
SS3_MAF_leo180223_p4_S130,G1,30386,Ddr1,0,0,4.048,0.7092,69.8384,344.7981
SS3_MAF_leo180223_p4_S131,G2M,30460,Ddr1,3,2,4.048,0.7092,69.8384,344.7981
SS3_MAF_leo180223_p4_S132,G1,38643,Ddr1,5,4,4.048,0.7092,69.8384,344.7981
SS3_MAF_leo180223_p4_S134,G1,9113,Ddr1,0,1,4.048,0.7092,69.8384,344.7981
SS3_MAF_leo180223_p4_S133,G1,42441,Ddr1,1,0,4.048,0.7092,69.8384,344.7981
SS3_MAF_leo180223_p4_S135,G1,17189,Ddr1,0,1,4.048,0.7092,69.8384,344.7981
SS3_MAF_leo180223_p4_S139,G2M,11145,Ddr1,1,2,4.048,0.7092,69.8384,344.7981
SS3_MAF_leo180223_p4_S137,S,43012,Ddr1,0,1,4.048,0.7092,69.8384,344.7981
SS3_MAF_leo180223_p4_S138,G2M,50993,Ddr1,0,4,4.048,0.7092,69.8384,344.7981
SS3_MAF_leo180223_p4_S140,G1,10911,Ddr1,1,0,4.048,0.7092,69.8384,344.7981
SS3_MAF_leo180223_p4_S142,G1,13960,Ddr1,0,0,4.048,0.7092,69.8384,344.7981
SS3_MAF_leo180223_p4_S147,G1,18062,Ddr1,3,0,4.048,0.7092,69.8384,344.7981
SS3_MAF_leo180223_p4_S97,G1,34429,Ddr1,2,2,4.048,0.7092,69.8384,344.7981
SS3_MAF_leo180223_p4_S146,S,29223,Ddr1,,,4.048,0.7092,69.8384,344.7981
SS3_MAF_leo180223_p4_S145,G1,40112,Ddr1,0,2,4.048,0.7092,69.8384,344.7981
SS3_MAF_leo180223_p4_S148,G2M,35298,Ddr1,2,2,4.048,0.7092,69.8384,344.7981
SS3_MAF_leo180223_p4_S150,G2M,11070,Ddr1,0,0,4.048,0.7092,69.8384,344.7981
SS3_MAF_leo180223_p4_S149,G1,46283,Ddr1,3,4,4.048,0.7092,69.8384,344.7981
SS3_MAF_leo180223_p4_S151,G2M,37513,Ddr1,0,1,4.048,0.7092,69.8384,344.7981
SS3_MAF_leo180223_p4_S153,G1,57674,Ddr1,5,6,4.048,0.7092,69.8384,344.7981
SS3_MAF_leo180223_p4_S156,G1,20071,Ddr1,0,2,4.048,0.7092,69.8384,344.7981
SS3_MAF_leo180223_p4_S154,S,55869,Ddr1,5,3,4.048,0.7092,69.8384,344.7981
SS3_MAF_leo180223_p4_S157,G1,20536,Ddr1,0,0,4.048,0.7092,69.8384,344.7981
SS3_MAF_leo180223_p4_S159,G1,32667,Ddr1,0,4,4.048,0.7092,69.8384,344.7981
SS3_MAF_leo180223_p4_S158,G2M,48866,Ddr1,0,7,4.048,0.7092,69.8384,344.7981
SS3_MAF_leo180223_p4_S161,S,44634,Ddr1,9,4,4.048,0.7092,69.8384,344.7981
SS3_MAF_leo180223_p4_S160,G1,25072,Ddr1,0,0,4.048,0.7092,69.8384,344.7981
SS3_MAF_leo180223_p4_S162,G1,36811,Ddr1,4,6,4.048,0.7092,69.8384,344.7981
SS3_MAF_leo180223_p4_S164,G1,43467,Ddr1,4,2,4.048,0.7092,69.8384,344.7981
SS3_MAF_leo180223_p4_S166,S,28129,Ddr1,0,2,4.048,0.7092,69.8384,344.7981
SS3_MAF_leo180223_p4_S167,G1,26371,Ddr1,1,2,4.048,0.7092,69.8384,344.7981
SS3_MAF_leo180223_p4_S169,G1,34158,Ddr1,8,2,4.048,0.7092,69.8384,344.7981
SS3_MAF_leo180223_p4_S165,G1,39578,Ddr1,1,0,4.048,0.7092,69.8384,344.7981
SS3_MAF_leo180223_p4_S173,G1,19064,Ddr1,3,0,4.048,0.7092,69.8384,344.7981
SS3_MAF_leo180223_p4_S170,G1,51247,Ddr1,7,9,4.048,0.7092,69.8384,344.7981
SS3_MAF_leo180223_p4_S171,S,67232,Ddr1,9,12,4.048,0.7092,69.8384,344.7981
SS3_MAF_leo180223_p4_S177,S,44173,Ddr1,0,7,4.048,0.7092,69.8384,344.7981
SS3_MAF_leo180223_p4_S174,G1,31352,Ddr1,0,3,4.048,0.7092,69.8384,344.7981
SS3_MAF_leo180223_p4_S180,G1,16181,Ddr1,4,0,4.048,0.7092,69.8384,344.7981
SS3_MAF_leo180223_p4_S176,G1,20544,Ddr1,2,0,4.048,0.7092,69.8384,344.7981
SS3_MAF_leo180223_p4_S179,G1,32343,Ddr1,2,4,4.048,0.7092,69.8384,344.7981
SS3_MAF_leo180223_p4_S178,S,57266,Ddr1,5,1,4.048,0.7092,69.8384,344.7981
SS3_MAF_leo180223_p4_S181,G1,25042,Ddr1,0,3,4.048,0.7092,69.8384,344.7981
SS3_MAF_leo180223_p4_S183,G1,33832,Ddr1,3,2,4.048,0.7092,69.8384,344.7981
SS3_MAF_leo180223_p4_S182,G1,52029,Ddr1,7,6,4.048,0.7092,69.8384,344.7981
SS3_MAF_leo180223_p4_S186,S,58004,Ddr1,1,5,4.048,0.7092,69.8384,344.7981
SS3_MAF_leo180223_p4_S187,G2M,15045,Ddr1,1,0,4.048,0.7092,69.8384,344.7981
SS3_MAF_leo180223_p4_S191,G2M,11140,Ddr1,0,0,4.048,0.7092,69.8384,344.7981
SS3_MAF_leo180223_p4_S185,G1,52790,Ddr1,3,0,4.048,0.7092,69.8384,344.7981
SS3_MAF_leo180223_p4_S189,G1,66797,Ddr1,10,3,4.048,0.7092,69.8384,344.7981
SS3_MAF_leo180223_p4_S188,G1,51539,Ddr1,2,9,4.048,0.7092,69.8384,344.7981
SS3_MAF_leo180223_p4_S190,G1,37493,Ddr1,5,6,4.048,0.7092,69.8384,344.7981
SS3_MAF_leo180223_p4_S98,G1,27030,Ddr1,4,0,4.048,0.7092,69.8384,344.7981
SS3_MAF_leo180223_p4_S99,G1,22647,Ddr1,1,1,4.048,0.7092,69.8384,344.7981
SS3_MAF_Leo171129_p2_S10,G1,39310,Prpsap1,0,1,3.882,0.9305,46.3906,176.4824
SS3_MAF_Leo171129_p2_S12,G1,46976,Prpsap1,3,4,3.882,0.9305,46.3906,176.4824
SS3_MAF_Leo171129_p2_S13,G1,43893,Prpsap1,12,2,3.882,0.9305,46.3906,176.4824
SS3_MAF_Leo171129_p2_S14,G1,39959,Prpsap1,2,0,3.882,0.9305,46.3906,176.4824
SS3_MAF_Leo171129_p2_S16,G1,41170,Prpsap1,6,0,3.882,0.9305,46.3906,176.4824
SS3_MAF_Leo171129_p2_S17,G1,117795,Prpsap1,24,0,3.882,0.9305,46.3906,176.4824
SS3_MAF_Leo171129_p2_S18,S,79991,Prpsap1,6,6,3.882,0.9305,46.3906,176.4824
SS3_MAF_Leo171129_p2_S19,G1,63056,Prpsap1,0,4,3.882,0.9305,46.3906,176.4824
SS3_MAF_Leo171129_p2_S1,G2M,48601,Prpsap1,0,3,3.882,0.9305,46.3906,176.4824
SS3_MAF_Leo171129_p2_S20,G1,70834,Prpsap1,5,2,3.882,0.9305,46.3906,176.4824
SS3_MAF_Leo171129_p2_S21,G1,75490,Prpsap1,3,4,3.882,0.9305,46.3906,176.4824
SS3_MAF_Leo171129_p2_S22,G2M,33098,Prpsap1,5,1,3.882,0.9305,46.3906,176.4824
SS3_MAF_Leo171129_p2_S23,G1,36429,Prpsap1,1,2,3.882,0.9305,46.3906,176.4824
SS3_MAF_Leo171129_p2_S24,G1,29297,Prpsap1,4,2,3.882,0.9305,46.3906,176.4824
SS3_MAF_Leo171129_p2_S25,G1,77970,Prpsap1,7,9,3.882,0.9305,46.3906,176.4824
SS3_MAF_Leo171129_p2_S26,G2M,42619,Prpsap1,6,6,3.882,0.9305,46.3906,176.4824
SS3_MAF_Leo171129_p2_S27,G1,8122,Prpsap1,1,1,3.882,0.9305,46.3906,176.4824
SS3_MAF_Leo171129_p2_S28,G2M,16215,Prpsap1,0,1,3.882,0.9305,46.3906,176.4824
SS3_MAF_Leo171129_p2_S2,S,34219,Prpsap1,2,2,3.882,0.9305,46.3906,176.4824
SS3_MAF_Leo171129_p2_S30,G2M,10030,Prpsap1,0,0,3.882,0.9305,46.3906,176.4824
SS3_MAF_Leo171129_p2_S31,G1,50024,Prpsap1,12,2,3.882,0.9305,46.3906,176.4824
SS3_MAF_Leo171129_p2_S32,G2M,51366,Prpsap1,2,2,3.882,0.9305,46.3906,176.4824
SS3_MAF_Leo171129_p2_S33,G1,64228,Prpsap1,3,2,3.882,0.9305,46.3906,176.4824
SS3_MAF_Leo171129_p2_S34,G1,38195,Prpsap1,,,3.882,0.9305,46.3906,176.4824
SS3_MAF_Leo171129_p2_S37,G1,13225,Prpsap1,0,0,3.882,0.9305,46.3906,176.4824
SS3_MAF_Leo171129_p2_S3,G1,55963,Prpsap1,6,1,3.882,0.9305,46.3906,176.4824
SS3_MAF_Leo171129_p2_S41,G1,108019,Prpsap1,29,9,3.882,0.9305,46.3906,176.4824
SS3_MAF_Leo171129_p2_S42,G1,65018,Prpsap1,6,2,3.882,0.9305,46.3906,176.4824
SS3_MAF_Leo171129_p2_S43,G1,64740,Prpsap1,2,2,3.882,0.9305,46.3906,176.4824
SS3_MAF_Leo171129_p2_S44,G1,37365,Prpsap1,4,6,3.882,0.9305,46.3906,176.4824
SS3_MAF_Leo171129_p2_S45,S,66369,Prpsap1,6,4,3.882,0.9305,46.3906,176.4824
SS3_MAF_Leo171129_p2_S47,G1,47781,Prpsap1,1,3,3.882,0.9305,46.3906,176.4824
SS3_MAF_Leo171129_p2_S48,G1,51270,Prpsap1,4,5,3.882,0.9305,46.3906,176.4824
SS3_MAF_Leo171129_p2_S49,G1,30770,Prpsap1,3,0,3.882,0.9305,46.3906,176.4824
SS3_MAF_Leo171129_p2_S4,G1,39611,Prpsap1,6,0,3.882,0.9305,46.3906,176.4824
SS3_MAF_Leo171129_p2_S50,G1,57440,Prpsap1,6,5,3.882,0.9305,46.3906,176.4824
SS3_MAF_Leo171129_p2_S52,G1,21457,Prpsap1,,,3.882,0.9305,46.3906,176.4824
SS3_MAF_Leo171129_p2_S53,G1,80336,Prpsap1,7,5,3.882,0.9305,46.3906,176.4824
SS3_MAF_Leo171129_p2_S55,G2M,88188,Prpsap1,3,0,3.882,0.9305,46.3906,176.4824
SS3_MAF_Leo171129_p2_S57,G1,42297,Prpsap1,1,0,3.882,0.9305,46.3906,176.4824
SS3_MAF_Leo171129_p2_S58,G1,55834,Prpsap1,10,2,3.882,0.9305,46.3906,176.4824
SS3_MAF_Leo171129_p2_S59,G1,45969,Prpsap1,0,2,3.882,0.9305,46.3906,176.4824
SS3_MAF_Leo171129_p2_S5,G2M,34433,Prpsap1,2,2,3.882,0.9305,46.3906,176.4824
SS3_MAF_Leo171129_p2_S61,G1,20315,Prpsap1,1,1,3.882,0.9305,46.3906,176.4824
SS3_MAF_Leo171129_p2_S62,G1,20928,Prpsap1,0,0,3.882,0.9305,46.3906,176.4824
SS3_MAF_Leo171129_p2_S64,G1,100938,Prpsap1,13,0,3.882,0.9305,46.3906,176.4824
SS3_MAF_Leo171129_p2_S65,G1,52328,Prpsap1,0,3,3.882,0.9305,46.3906,176.4824
SS3_MAF_Leo171129_p2_S66,G1,67878,Prpsap1,8,2,3.882,0.9305,46.3906,176.4824
SS3_MAF_Leo171129_p2_S67,S,68235,Prpsap1,4,0,3.882,0.9305,46.3906,176.4824
SS3_MAF_Leo171129_p2_S68,G1,15259,Prpsap1,3,2,3.882,0.9305,46.3906,176.4824
SS3_MAF_Leo171129_p2_S69,G1,36667,Prpsap1,1,1,3.882,0.9305,46.3906,176.4824
SS3_MAF_Leo171129_p2_S6,G2M,60468,Prpsap1,1,4,3.882,0.9305,46.3906,176.4824
SS3_MAF_Leo171129_p2_S72,G1,18464,Prpsap1,0,0,3.882,0.9305,46.3906,176.4824
SS3_MAF_Leo171129_p2_S73,G1,94179,Prpsap1,14,8,3.882,0.9305,46.3906,176.4824
SS3_MAF_Leo171129_p2_S74,G1,85288,Prpsap1,12,8,3.882,0.9305,46.3906,176.4824
SS3_MAF_Leo171129_p2_S75,G1,53506,Prpsap1,3,3,3.882,0.9305,46.3906,176.4824
SS3_MAF_Leo171129_p2_S76,G2M,60345,Prpsap1,4,12,3.882,0.9305,46.3906,176.4824
SS3_MAF_Leo171129_p2_S77,G1,30764,Prpsap1,0,3,3.882,0.9305,46.3906,176.4824
SS3_MAF_Leo171129_p2_S78,S,64444,Prpsap1,10,4,3.882,0.9305,46.3906,176.4824
SS3_MAF_Leo171129_p2_S79,G1,20086,Prpsap1,0,2,3.882,0.9305,46.3906,176.4824
SS3_MAF_Leo171129_p2_S7,G1,42337,Prpsap1,4,7,3.882,0.9305,46.3906,176.4824
SS3_MAF_Leo171129_p2_S80,S,46988,Prpsap1,4,1,3.882,0.9305,46.3906,176.4824
SS3_MAF_Leo171129_p2_S81,G2M,13199,Prpsap1,0,0,3.882,0.9305,46.3906,176.4824
SS3_MAF_Leo171129_p2_S82,G1,10672,Prpsap1,0,0,3.882,0.9305,46.3906,176.4824
SS3_MAF_Leo171129_p2_S83,G1,62168,Prpsap1,4,1,3.882,0.9305,46.3906,176.4824
SS3_MAF_Leo171129_p2_S84,G1,9220,Prpsap1,0,0,3.882,0.9305,46.3906,176.4824
SS3_MAF_Leo171129_p2_S85,G1,12557,Prpsap1,0,2,3.882,0.9305,46.3906,176.4824
SS3_MAF_Leo171129_p2_S86,S,76694,Prpsap1,4,7,3.882,0.9305,46.3906,176.4824
SS3_MAF_Leo171129_p2_S87,G1,33235,Prpsap1,11,10,3.882,0.9305,46.3906,176.4824
SS3_MAF_Leo171129_p2_S89,G1,128206,Prpsap1,8,10,3.882,0.9305,46.3906,176.4824
SS3_MAF_Leo171129_p2_S8,G1,42290,Prpsap1,4,4,3.882,0.9305,46.3906,176.4824
SS3_MAF_Leo171129_p2_S90,G1,144876,Prpsap1,6,23,3.882,0.9305,46.3906,176.4824
SS3_MAF_Leo171129_p2_S91,G1,95482,Prpsap1,6,2,3.882,0.9305,46.3906,176.4824
SS3_MAF_Leo171129_p2_S92,G1,42727,Prpsap1,0,3,3.882,0.9305,46.3906,176.4824
SS3_MAF_Leo171129_p2_S93,S,50420,Prpsap1,0,4,3.882,0.9305,46.3906,176.4824
SS3_MAF_Leo171129_p2_S94,G2M,49637,Prpsap1,10,0,3.882,0.9305,46.3906,176.4824
SS3_MAF_Leo171129_p2_S9,G2M,77535,Prpsap1,6,3,3.882,0.9305,46.3906,176.4824
SS3_MAF_leo180223_p6_A10_S10,G1,23929,Prpsap1,3,1,3.882,0.9305,46.3906,176.4824
SS3_MAF_leo180223_p6_B01_S13,G1,24789,Prpsap1,0,5,3.882,0.9305,46.3906,176.4824
SS3_MAF_leo180223_p6_A03_S3,G1,36756,Prpsap1,5,3,3.882,0.9305,46.3906,176.4824
SS3_MAF_leo180223_p6_A09_S9,G2M,12578,Prpsap1,0,2,3.882,0.9305,46.3906,176.4824
SS3_MAF_leo180223_p6_B05_S17,G2M,7653,Prpsap1,0,0,3.882,0.9305,46.3906,176.4824
SS3_MAF_leo180223_p6_A01_S1,G1,53431,Prpsap1,0,4,3.882,0.9305,46.3906,176.4824
SS3_MAF_leo180223_p6_A11_S11,G1,30102,Prpsap1,4,3,3.882,0.9305,46.3906,176.4824
SS3_MAF_leo180223_p6_C01_S25,G1,49793,Prpsap1,8,1,3.882,0.9305,46.3906,176.4824
SS3_MAF_leo180223_p6_B02_S14,G1,55296,Prpsap1,0,12,3.882,0.9305,46.3906,176.4824
SS3_MAF_leo180223_p6_A02_S2,S,72303,Prpsap1,14,4,3.882,0.9305,46.3906,176.4824
SS3_MAF_leo180223_p6_A05_S5,G2M,11957,Prpsap1,2,0,3.882,0.9305,46.3906,176.4824
SS3_MAF_leo180223_p6_A07_S7,G1,26205,Prpsap1,1,1,3.882,0.9305,46.3906,176.4824
SS3_MAF_leo180223_p6_A04_S4,G1,42732,Prpsap1,0,3,3.882,0.9305,46.3906,176.4824
SS3_MAF_leo180223_p6_A12_S12,G1,52402,Prpsap1,7,3,3.882,0.9305,46.3906,176.4824
SS3_MAF_leo180223_p6_B04_S16,G1,30714,Prpsap1,1,1,3.882,0.9305,46.3906,176.4824
SS3_MAF_leo180223_p6_A06_S6,G1,57207,Prpsap1,2,6,3.882,0.9305,46.3906,176.4824
SS3_MAF_leo180223_p6_B03_S15,S,61296,Prpsap1,6,4,3.882,0.9305,46.3906,176.4824
SS3_MAF_leo180223_p6_B10_S22,G1,22876,Prpsap1,1,1,3.882,0.9305,46.3906,176.4824
SS3_MAF_leo180223_p6_C02_S26,G1,65040,Prpsap1,5,6,3.882,0.9305,46.3906,176.4824
SS3_MAF_leo180223_p6_C04_S28,G2M,26058,Prpsap1,1,0,3.882,0.9305,46.3906,176.4824
SS3_MAF_leo180223_p6_B09_S21,G1,37734,Prpsap1,4,1,3.882,0.9305,46.3906,176.4824
SS3_MAF_leo180223_p6_C05_S29,G1,60723,Prpsap1,3,5,3.882,0.9305,46.3906,176.4824
SS3_MAF_leo180223_p6_C11_S35,G1,54024,Prpsap1,4,2,3.882,0.9305,46.3906,176.4824
SS3_MAF_leo180223_p6_C09_S33,G1,53996,Prpsap1,2,2,3.882,0.9305,46.3906,176.4824
SS3_MAF_leo180223_p6_D01_S37,S,55709,Prpsap1,2,1,3.882,0.9305,46.3906,176.4824
SS3_MAF_leo180223_p6_D03_S39,G1,47188,Prpsap1,2,0,3.882,0.9305,46.3906,176.4824
SS3_MAF_leo180223_p6_B11_S23,G1,41554,Prpsap1,2,3,3.882,0.9305,46.3906,176.4824
SS3_MAF_leo180223_p6_D05_S41,G1,29838,Prpsap1,0,2,3.882,0.9305,46.3906,176.4824
SS3_MAF_leo180223_p6_D09_S45,G1,51007,Prpsap1,11,0,3.882,0.9305,46.3906,176.4824
SS3_MAF_leo180223_p6_B07_S19,G1,14673,Prpsap1,0,0,3.882,0.9305,46.3906,176.4824
SS3_MAF_leo180223_p6_E01_S49,G1,58894,Prpsap1,5,2,3.882,0.9305,46.3906,176.4824
SS3_MAF_leo180223_p6_C10_S34,G1,57445,Prpsap1,10,3,3.882,0.9305,46.3906,176.4824
SS3_MAF_leo180223_p6_C12_S36,G1,65159,Prpsap1,2,10,3.882,0.9305,46.3906,176.4824
SS3_MAF_leo180223_p6_C06_S30,S,48635,Prpsap1,1,1,3.882,0.9305,46.3906,176.4824
SS3_MAF_leo180223_p6_D12_S48,G1,7742,Prpsap1,0,0,3.882,0.9305,46.3906,176.4824
SS3_MAF_leo180223_p6_D07_S43,G1,58044,Prpsap1,3,5,3.882,0.9305,46.3906,176.4824
SS3_MAF_leo180223_p6_D04_S40,S,62213,Prpsap1,7,1,3.882,0.9305,46.3906,176.4824
SS3_MAF_leo180223_p6_E07_S55,G1,79485,Prpsap1,3,2,3.882,0.9305,46.3906,176.4824
SS3_MAF_leo180223_p6_D02_S38,G1,54559,Prpsap1,4,8,3.882,0.9305,46.3906,176.4824
SS3_MAF_leo180223_p6_E10_S58,G1,7949,Prpsap1,1,1,3.882,0.9305,46.3906,176.4824
SS3_MAF_leo180223_p6_E05_S53,S,40138,Prpsap1,6,6,3.882,0.9305,46.3906,176.4824
SS3_MAF_leo180223_p6_E03_S51,G1,56996,Prpsap1,3,3,3.882,0.9305,46.3906,176.4824
SS3_MAF_leo180223_p6_E11_S59,G1,29427,Prpsap1,1,1,3.882,0.9305,46.3906,176.4824
SS3_MAF_leo180223_p6_F03_S63,G1,16661,Prpsap1,1,1,3.882,0.9305,46.3906,176.4824
SS3_MAF_leo180223_p6_F07_S67,G1,12997,Prpsap1,0,4,3.882,0.9305,46.3906,176.4824
SS3_MAF_leo180223_p6_D06_S42,G2M,25551,Prpsap1,0,0,3.882,0.9305,46.3906,176.4824
SS3_MAF_leo180223_p6_F10_S70,G1,28264,Prpsap1,0,1,3.882,0.9305,46.3906,176.4824
SS3_MAF_leo180223_p6_G01_S73,G2M,9750,Prpsap1,0,0,3.882,0.9305,46.3906,176.4824
SS3_MAF_leo180223_p6_G05_S77,G2M,16211,Prpsap1,2,0,3.882,0.9305,46.3906,176.4824
SS3_MAF_leo180223_p6_F05_S65,G1,43383,Prpsap1,5,2,3.882,0.9305,46.3906,176.4824
SS3_MAF_leo180223_p6_G03_S75,G1,30248,Prpsap1,0,7,3.882,0.9305,46.3906,176.4824
SS3_MAF_leo180223_p6_E06_S54,G1,15835,Prpsap1,2,0,3.882,0.9305,46.3906,176.4824
SS3_MAF_leo180223_p6_G07_S79,G1,44754,Prpsap1,5,6,3.882,0.9305,46.3906,176.4824
SS3_MAF_leo180223_p6_G09_S81,G1,14370,Prpsap1,1,5,3.882,0.9305,46.3906,176.4824
SS3_MAF_leo180223_p6_G11_S83,S,43335,Prpsap1,5,2,3.882,0.9305,46.3906,176.4824
SS3_MAF_leo180223_p6_D08_S44,G1,11889,Prpsap1,0,0,3.882,0.9305,46.3906,176.4824
SS3_MAF_leo180223_p6_H07_S91,G1,10415,Prpsap1,0,0,3.882,0.9305,46.3906,176.4824
SS3_MAF_leo180223_p6_H09_S93,G1,13994,Prpsap1,0,0,3.882,0.9305,46.3906,176.4824
SS3_MAF_leo180223_p6_H11_S95,G1,17619,Prpsap1,0,1,3.882,0.9305,46.3906,176.4824
SS3_MAF_leo180223_p6_G06_S78,G1,17000,Prpsap1,2,1,3.882,0.9305,46.3906,176.4824
SS3_MAF_leo180223_p6_E12_S60,G1,29942,Prpsap1,1,0,3.882,0.9305,46.3906,176.4824
SS3_MAF_leo180223_p4_S101,S,46504,Prpsap1,4,3,3.882,0.9305,46.3906,176.4824
SS3_MAF_leo180223_p4_S102,G1,28700,Prpsap1,4,1,3.882,0.9305,46.3906,176.4824
SS3_MAF_leo180223_p4_S104,G2M,9443,Prpsap1,0,0,3.882,0.9305,46.3906,176.4824
SS3_MAF_leo180223_p4_S108,G1,8102,Prpsap1,0,0,3.882,0.9305,46.3906,176.4824
SS3_MAF_leo180223_p4_S105,G1,46105,Prpsap1,1,3,3.882,0.9305,46.3906,176.4824
SS3_MAF_leo180223_p4_S106,G1,46823,Prpsap1,0,2,3.882,0.9305,46.3906,176.4824
SS3_MAF_leo180223_p6_D10_S46,G1,15028,Prpsap1,1,0,3.882,0.9305,46.3906,176.4824
SS3_MAF_leo180223_p4_S107,G1,57441,Prpsap1,14,4,3.882,0.9305,46.3906,176.4824
SS3_MAF_leo180223_p6_F06_S66,G1,35862,Prpsap1,1,3,3.882,0.9305,46.3906,176.4824
SS3_MAF_leo180223_p6_E08_S56,G1,19789,Prpsap1,0,0,3.882,0.9305,46.3906,176.4824
SS3_MAF_leo180223_p6_H08_S92,G1,31398,Prpsap1,1,1,3.882,0.9305,46.3906,176.4824
SS3_MAF_leo180223_p6_H10_S94,S,43246,Prpsap1,3,3,3.882,0.9305,46.3906,176.4824
SS3_MAF_leo180223_p4_S109,G1,22942,Prpsap1,0,0,3.882,0.9305,46.3906,176.4824
SS3_MAF_leo180223_p6_G04_S76,G1,14904,Prpsap1,0,0,3.882,0.9305,46.3906,176.4824
SS3_MAF_leo180223_p4_S112,G1,10651,Prpsap1,0,0,3.882,0.9305,46.3906,176.4824
SS3_MAF_leo180223_p4_S111,S,17722,Prpsap1,3,0,3.882,0.9305,46.3906,176.4824
SS3_MAF_leo180223_p4_S113,G1,54566,Prpsap1,3,7,3.882,0.9305,46.3906,176.4824
SS3_MAF_leo180223_p6_E02_S50,G1,56102,Prpsap1,1,5,3.882,0.9305,46.3906,176.4824
SS3_MAF_leo180223_p4_S114,G1,41605,Prpsap1,4,6,3.882,0.9305,46.3906,176.4824
SS3_MAF_leo180223_p4_S115,G1,31806,Prpsap1,4,7,3.882,0.9305,46.3906,176.4824
SS3_MAF_leo180223_p4_S117,G1,33445,Prpsap1,0,2,3.882,0.9305,46.3906,176.4824
SS3_MAF_leo180223_p4_S116,G2M,43218,Prpsap1,5,2,3.882,0.9305,46.3906,176.4824
SS3_MAF_leo180223_p4_S118,G1,39079,Prpsap1,2,2,3.882,0.9305,46.3906,176.4824
SS3_MAF_leo180223_p4_S119,G1,32951,Prpsap1,3,4,3.882,0.9305,46.3906,176.4824
SS3_MAF_leo180223_p4_S123,S,42089,Prpsap1,6,4,3.882,0.9305,46.3906,176.4824
SS3_MAF_leo180223_p4_S121,G1,35385,Prpsap1,6,4,3.882,0.9305,46.3906,176.4824
SS3_MAF_leo180223_p4_S122,G1,48450,Prpsap1,16,6,3.882,0.9305,46.3906,176.4824
SS3_MAF_leo180223_p4_S125,G1,36709,Prpsap1,6,4,3.882,0.9305,46.3906,176.4824
SS3_MAF_leo180223_p4_S126,G1,14776,Prpsap1,0,0,3.882,0.9305,46.3906,176.4824
SS3_MAF_leo180223_p4_S127,G1,30192,Prpsap1,4,3,3.882,0.9305,46.3906,176.4824
SS3_MAF_leo180223_p4_S124,G1,48177,Prpsap1,1,9,3.882,0.9305,46.3906,176.4824
SS3_MAF_leo180223_p4_S129,G1,39617,Prpsap1,3,2,3.882,0.9305,46.3906,176.4824
SS3_MAF_leo180223_p4_S130,G1,30386,Prpsap1,3,5,3.882,0.9305,46.3906,176.4824
SS3_MAF_leo180223_p4_S131,G2M,30460,Prpsap1,4,1,3.882,0.9305,46.3906,176.4824
SS3_MAF_leo180223_p4_S132,G1,38643,Prpsap1,8,5,3.882,0.9305,46.3906,176.4824
SS3_MAF_leo180223_p4_S134,G1,9113,Prpsap1,3,0,3.882,0.9305,46.3906,176.4824
SS3_MAF_leo180223_p4_S133,G1,42441,Prpsap1,5,0,3.882,0.9305,46.3906,176.4824
SS3_MAF_leo180223_p4_S135,G1,17189,Prpsap1,4,1,3.882,0.9305,46.3906,176.4824
SS3_MAF_leo180223_p4_S139,G2M,11145,Prpsap1,0,5,3.882,0.9305,46.3906,176.4824
SS3_MAF_leo180223_p4_S137,S,43012,Prpsap1,5,2,3.882,0.9305,46.3906,176.4824
SS3_MAF_leo180223_p4_S138,G2M,50993,Prpsap1,3,12,3.882,0.9305,46.3906,176.4824
SS3_MAF_leo180223_p4_S140,G1,10911,Prpsap1,0,1,3.882,0.9305,46.3906,176.4824
SS3_MAF_leo180223_p4_S142,G1,13960,Prpsap1,0,0,3.882,0.9305,46.3906,176.4824
SS3_MAF_leo180223_p4_S147,G1,18062,Prpsap1,0,1,3.882,0.9305,46.3906,176.4824
SS3_MAF_leo180223_p4_S97,G1,34429,Prpsap1,13,1,3.882,0.9305,46.3906,176.4824
SS3_MAF_leo180223_p4_S146,S,29223,Prpsap1,3,0,3.882,0.9305,46.3906,176.4824
SS3_MAF_leo180223_p4_S145,G1,40112,Prpsap1,8,2,3.882,0.9305,46.3906,176.4824
SS3_MAF_leo180223_p4_S148,G2M,35298,Prpsap1,5,2,3.882,0.9305,46.3906,176.4824
SS3_MAF_leo180223_p4_S150,G2M,11070,Prpsap1,1,0,3.882,0.9305,46.3906,176.4824
SS3_MAF_leo180223_p4_S149,G1,46283,Prpsap1,3,0,3.882,0.9305,46.3906,176.4824
SS3_MAF_leo180223_p4_S151,G2M,37513,Prpsap1,3,7,3.882,0.9305,46.3906,176.4824
SS3_MAF_leo180223_p4_S153,G1,57674,Prpsap1,6,5,3.882,0.9305,46.3906,176.4824
SS3_MAF_leo180223_p4_S156,G1,20071,Prpsap1,0,4,3.882,0.9305,46.3906,176.4824
SS3_MAF_leo180223_p4_S154,S,55869,Prpsap1,6,2,3.882,0.9305,46.3906,176.4824
SS3_MAF_leo180223_p4_S157,G1,20536,Prpsap1,1,2,3.882,0.9305,46.3906,176.4824
SS3_MAF_leo180223_p4_S159,G1,32667,Prpsap1,0,2,3.882,0.9305,46.3906,176.4824
SS3_MAF_leo180223_p4_S158,G2M,48866,Prpsap1,1,2,3.882,0.9305,46.3906,176.4824
SS3_MAF_leo180223_p4_S161,S,44634,Prpsap1,1,1,3.882,0.9305,46.3906,176.4824
SS3_MAF_leo180223_p4_S160,G1,25072,Prpsap1,1,0,3.882,0.9305,46.3906,176.4824
SS3_MAF_leo180223_p4_S162,G1,36811,Prpsap1,2,2,3.882,0.9305,46.3906,176.4824
SS3_MAF_leo180223_p4_S164,G1,43467,Prpsap1,6,2,3.882,0.9305,46.3906,176.4824
SS3_MAF_leo180223_p4_S166,S,28129,Prpsap1,1,2,3.882,0.9305,46.3906,176.4824
SS3_MAF_leo180223_p4_S167,G1,26371,Prpsap1,2,0,3.882,0.9305,46.3906,176.4824
SS3_MAF_leo180223_p4_S169,G1,34158,Prpsap1,3,5,3.882,0.9305,46.3906,176.4824
SS3_MAF_leo180223_p4_S165,G1,39578,Prpsap1,0,8,3.882,0.9305,46.3906,176.4824
SS3_MAF_leo180223_p4_S173,G1,19064,Prpsap1,2,1,3.882,0.9305,46.3906,176.4824
SS3_MAF_leo180223_p4_S170,G1,51247,Prpsap1,4,5,3.882,0.9305,46.3906,176.4824
SS3_MAF_leo180223_p4_S171,S,67232,Prpsap1,5,4,3.882,0.9305,46.3906,176.4824
SS3_MAF_leo180223_p4_S177,S,44173,Prpsap1,5,2,3.882,0.9305,46.3906,176.4824
SS3_MAF_leo180223_p4_S174,G1,31352,Prpsap1,4,0,3.882,0.9305,46.3906,176.4824
SS3_MAF_leo180223_p4_S180,G1,16181,Prpsap1,1,1,3.882,0.9305,46.3906,176.4824
SS3_MAF_leo180223_p4_S176,G1,20544,Prpsap1,0,0,3.882,0.9305,46.3906,176.4824
SS3_MAF_leo180223_p4_S179,G1,32343,Prpsap1,7,0,3.882,0.9305,46.3906,176.4824
SS3_MAF_leo180223_p4_S178,S,57266,Prpsap1,8,3,3.882,0.9305,46.3906,176.4824
SS3_MAF_leo180223_p4_S181,G1,25042,Prpsap1,3,2,3.882,0.9305,46.3906,176.4824
SS3_MAF_leo180223_p4_S183,G1,33832,Prpsap1,5,0,3.882,0.9305,46.3906,176.4824
SS3_MAF_leo180223_p4_S182,G1,52029,Prpsap1,0,7,3.882,0.9305,46.3906,176.4824
SS3_MAF_leo180223_p4_S186,S,58004,Prpsap1,7,5,3.882,0.9305,46.3906,176.4824
SS3_MAF_leo180223_p4_S187,G2M,15045,Prpsap1,0,0,3.882,0.9305,46.3906,176.4824
SS3_MAF_leo180223_p4_S191,G2M,11140,Prpsap1,1,0,3.882,0.9305,46.3906,176.4824
SS3_MAF_leo180223_p4_S185,G1,52790,Prpsap1,7,4,3.882,0.9305,46.3906,176.4824
SS3_MAF_leo180223_p4_S189,G1,66797,Prpsap1,4,1,3.882,0.9305,46.3906,176.4824
SS3_MAF_leo180223_p4_S188,G1,51539,Prpsap1,6,4,3.882,0.9305,46.3906,176.4824
SS3_MAF_leo180223_p4_S190,G1,37493,Prpsap1,0,6,3.882,0.9305,46.3906,176.4824
SS3_MAF_leo180223_p4_S98,G1,27030,Prpsap1,2,4,3.882,0.9305,46.3906,176.4824
SS3_MAF_leo180223_p4_S99,G1,22647,Prpsap1,1,3,3.882,0.9305,46.3906,176.4824
SS3_MAF_Leo171129_p2_S10,G1,39310,Mgat1,4,0,2.462,0.9019,27.3194,147.2731
SS3_MAF_Leo171129_p2_S12,G1,46976,Mgat1,7,7,2.462,0.9019,27.3194,147.2731
SS3_MAF_Leo171129_p2_S13,G1,43893,Mgat1,0,6,2.462,0.9019,27.3194,147.2731
SS3_MAF_Leo171129_p2_S14,G1,39959,Mgat1,4,5,2.462,0.9019,27.3194,147.2731
SS3_MAF_Leo171129_p2_S16,G1,41170,Mgat1,8,1,2.462,0.9019,27.3194,147.2731
SS3_MAF_Leo171129_p2_S17,G1,117795,Mgat1,13,14,2.462,0.9019,27.3194,147.2731
SS3_MAF_Leo171129_p2_S18,S,79991,Mgat1,22,8,2.462,0.9019,27.3194,147.2731
SS3_MAF_Leo171129_p2_S19,G1,63056,Mgat1,9,21,2.462,0.9019,27.3194,147.2731
SS3_MAF_Leo171129_p2_S1,G2M,48601,Mgat1,6,4,2.462,0.9019,27.3194,147.2731
SS3_MAF_Leo171129_p2_S20,G1,70834,Mgat1,1,11,2.462,0.9019,27.3194,147.2731
SS3_MAF_Leo171129_p2_S21,G1,75490,Mgat1,14,7,2.462,0.9019,27.3194,147.2731
SS3_MAF_Leo171129_p2_S22,G2M,33098,Mgat1,0,9,2.462,0.9019,27.3194,147.2731
SS3_MAF_Leo171129_p2_S23,G1,36429,Mgat1,6,6,2.462,0.9019,27.3194,147.2731
SS3_MAF_Leo171129_p2_S24,G1,29297,Mgat1,5,3,2.462,0.9019,27.3194,147.2731
SS3_MAF_Leo171129_p2_S25,G1,77970,Mgat1,14,11,2.462,0.9019,27.3194,147.2731
SS3_MAF_Leo171129_p2_S26,G2M,42619,Mgat1,4,5,2.462,0.9019,27.3194,147.2731
SS3_MAF_Leo171129_p2_S27,G1,8122,Mgat1,2,0,2.462,0.9019,27.3194,147.2731
SS3_MAF_Leo171129_p2_S28,G2M,16215,Mgat1,1,1,2.462,0.9019,27.3194,147.2731
SS3_MAF_Leo171129_p2_S2,S,34219,Mgat1,0,5,2.462,0.9019,27.3194,147.2731
SS3_MAF_Leo171129_p2_S30,G2M,10030,Mgat1,0,0,2.462,0.9019,27.3194,147.2731
SS3_MAF_Leo171129_p2_S31,G1,50024,Mgat1,6,5,2.462,0.9019,27.3194,147.2731
SS3_MAF_Leo171129_p2_S32,G2M,51366,Mgat1,1,3,2.462,0.9019,27.3194,147.2731
SS3_MAF_Leo171129_p2_S33,G1,64228,Mgat1,4,9,2.462,0.9019,27.3194,147.2731
SS3_MAF_Leo171129_p2_S34,G1,38195,Mgat1,2,4,2.462,0.9019,27.3194,147.2731
SS3_MAF_Leo171129_p2_S37,G1,13225,Mgat1,0,1,2.462,0.9019,27.3194,147.2731
SS3_MAF_Leo171129_p2_S3,G1,55963,Mgat1,5,9,2.462,0.9019,27.3194,147.2731
SS3_MAF_Leo171129_p2_S41,G1,108019,Mgat1,2,18,2.462,0.9019,27.3194,147.2731
SS3_MAF_Leo171129_p2_S42,G1,65018,Mgat1,8,6,2.462,0.9019,27.3194,147.2731
SS3_MAF_Leo171129_p2_S43,G1,64740,Mgat1,7,11,2.462,0.9019,27.3194,147.2731
SS3_MAF_Leo171129_p2_S44,G1,37365,Mgat1,5,5,2.462,0.9019,27.3194,147.2731
SS3_MAF_Leo171129_p2_S45,S,66369,Mgat1,6,14,2.462,0.9019,27.3194,147.2731
SS3_MAF_Leo171129_p2_S47,G1,47781,Mgat1,3,1,2.462,0.9019,27.3194,147.2731
SS3_MAF_Leo171129_p2_S48,G1,51270,Mgat1,2,9,2.462,0.9019,27.3194,147.2731
SS3_MAF_Leo171129_p2_S49,G1,30770,Mgat1,0,0,2.462,0.9019,27.3194,147.2731
SS3_MAF_Leo171129_p2_S4,G1,39611,Mgat1,13,10,2.462,0.9019,27.3194,147.2731
SS3_MAF_Leo171129_p2_S50,G1,57440,Mgat1,14,1,2.462,0.9019,27.3194,147.2731
SS3_MAF_Leo171129_p2_S52,G1,21457,Mgat1,0,3,2.462,0.9019,27.3194,147.2731
SS3_MAF_Leo171129_p2_S53,G1,80336,Mgat1,5,2,2.462,0.9019,27.3194,147.2731
SS3_MAF_Leo171129_p2_S55,G2M,88188,Mgat1,8,3,2.462,0.9019,27.3194,147.2731
SS3_MAF_Leo171129_p2_S57,G1,42297,Mgat1,5,4,2.462,0.9019,27.3194,147.2731
SS3_MAF_Leo171129_p2_S58,G1,55834,Mgat1,31,7,2.462,0.9019,27.3194,147.2731
SS3_MAF_Leo171129_p2_S59,G1,45969,Mgat1,6,7,2.462,0.9019,27.3194,147.2731
SS3_MAF_Leo171129_p2_S5,G2M,34433,Mgat1,0,2,2.462,0.9019,27.3194,147.2731
SS3_MAF_Leo171129_p2_S61,G1,20315,Mgat1,0,3,2.462,0.9019,27.3194,147.2731
SS3_MAF_Leo171129_p2_S62,G1,20928,Mgat1,,,2.462,0.9019,27.3194,147.2731
SS3_MAF_Leo171129_p2_S64,G1,100938,Mgat1,7,17,2.462,0.9019,27.3194,147.2731
SS3_MAF_Leo171129_p2_S65,G1,52328,Mgat1,9,7,2.462,0.9019,27.3194,147.2731
SS3_MAF_Leo171129_p2_S66,G1,67878,Mgat1,,,2.462,0.9019,27.3194,147.2731
SS3_MAF_Leo171129_p2_S67,S,68235,Mgat1,19,33,2.462,0.9019,27.3194,147.2731
SS3_MAF_Leo171129_p2_S68,G1,15259,Mgat1,0,0,2.462,0.9019,27.3194,147.2731
SS3_MAF_Leo171129_p2_S69,G1,36667,Mgat1,2,9,2.462,0.9019,27.3194,147.2731
SS3_MAF_Leo171129_p2_S6,G2M,60468,Mgat1,12,10,2.462,0.9019,27.3194,147.2731
SS3_MAF_Leo171129_p2_S72,G1,18464,Mgat1,,,2.462,0.9019,27.3194,147.2731
SS3_MAF_Leo171129_p2_S73,G1,94179,Mgat1,18,2,2.462,0.9019,27.3194,147.2731
SS3_MAF_Leo171129_p2_S74,G1,85288,Mgat1,21,7,2.462,0.9019,27.3194,147.2731
SS3_MAF_Leo171129_p2_S75,G1,53506,Mgat1,7,10,2.462,0.9019,27.3194,147.2731
SS3_MAF_Leo171129_p2_S76,G2M,60345,Mgat1,4,13,2.462,0.9019,27.3194,147.2731
SS3_MAF_Leo171129_p2_S77,G1,30764,Mgat1,0,4,2.462,0.9019,27.3194,147.2731
SS3_MAF_Leo171129_p2_S78,S,64444,Mgat1,1,11,2.462,0.9019,27.3194,147.2731
SS3_MAF_Leo171129_p2_S79,G1,20086,Mgat1,0,0,2.462,0.9019,27.3194,147.2731
SS3_MAF_Leo171129_p2_S7,G1,42337,Mgat1,0,4,2.462,0.9019,27.3194,147.2731
SS3_MAF_Leo171129_p2_S80,S,46988,Mgat1,1,7,2.462,0.9019,27.3194,147.2731
SS3_MAF_Leo171129_p2_S81,G2M,13199,Mgat1,0,0,2.462,0.9019,27.3194,147.2731
SS3_MAF_Leo171129_p2_S82,G1,10672,Mgat1,0,0,2.462,0.9019,27.3194,147.2731
SS3_MAF_Leo171129_p2_S83,G1,62168,Mgat1,17,6,2.462,0.9019,27.3194,147.2731
SS3_MAF_Leo171129_p2_S84,G1,9220,Mgat1,0,0,2.462,0.9019,27.3194,147.2731
SS3_MAF_Leo171129_p2_S85,G1,12557,Mgat1,0,0,2.462,0.9019,27.3194,147.2731
SS3_MAF_Leo171129_p2_S86,S,76694,Mgat1,32,13,2.462,0.9019,27.3194,147.2731
SS3_MAF_Leo171129_p2_S87,G1,33235,Mgat1,8,0,2.462,0.9019,27.3194,147.2731
SS3_MAF_Leo171129_p2_S89,G1,128206,Mgat1,6,11,2.462,0.9019,27.3194,147.2731
SS3_MAF_Leo171129_p2_S8,G1,42290,Mgat1,10,3,2.462,0.9019,27.3194,147.2731
SS3_MAF_Leo171129_p2_S90,G1,144876,Mgat1,11,31,2.462,0.9019,27.3194,147.2731
SS3_MAF_Leo171129_p2_S91,G1,95482,Mgat1,7,6,2.462,0.9019,27.3194,147.2731
SS3_MAF_Leo171129_p2_S92,G1,42727,Mgat1,2,1,2.462,0.9019,27.3194,147.2731
SS3_MAF_Leo171129_p2_S93,S,50420,Mgat1,7,5,2.462,0.9019,27.3194,147.2731
SS3_MAF_Leo171129_p2_S94,G2M,49637,Mgat1,5,13,2.462,0.9019,27.3194,147.2731
SS3_MAF_Leo171129_p2_S9,G2M,77535,Mgat1,1,11,2.462,0.9019,27.3194,147.2731
SS3_MAF_leo180223_p6_A10_S10,G1,23929,Mgat1,2,3,2.462,0.9019,27.3194,147.2731
SS3_MAF_leo180223_p6_B01_S13,G1,24789,Mgat1,1,5,2.462,0.9019,27.3194,147.2731
SS3_MAF_leo180223_p6_A03_S3,G1,36756,Mgat1,3,4,2.462,0.9019,27.3194,147.2731
SS3_MAF_leo180223_p6_A09_S9,G2M,12578,Mgat1,0,3,2.462,0.9019,27.3194,147.2731
SS3_MAF_leo180223_p6_B05_S17,G2M,7653,Mgat1,0,0,2.462,0.9019,27.3194,147.2731
SS3_MAF_leo180223_p6_A01_S1,G1,53431,Mgat1,7,8,2.462,0.9019,27.3194,147.2731
SS3_MAF_leo180223_p6_A11_S11,G1,30102,Mgat1,3,0,2.462,0.9019,27.3194,147.2731
SS3_MAF_leo180223_p6_C01_S25,G1,49793,Mgat1,5,12,2.462,0.9019,27.3194,147.2731
SS3_MAF_leo180223_p6_B02_S14,G1,55296,Mgat1,8,6,2.462,0.9019,27.3194,147.2731
SS3_MAF_leo180223_p6_A02_S2,S,72303,Mgat1,12,6,2.462,0.9019,27.3194,147.2731
SS3_MAF_leo180223_p6_A05_S5,G2M,11957,Mgat1,0,0,2.462,0.9019,27.3194,147.2731
SS3_MAF_leo180223_p6_A07_S7,G1,26205,Mgat1,1,3,2.462,0.9019,27.3194,147.2731
SS3_MAF_leo180223_p6_A04_S4,G1,42732,Mgat1,4,2,2.462,0.9019,27.3194,147.2731
SS3_MAF_leo180223_p6_A12_S12,G1,52402,Mgat1,2,1,2.462,0.9019,27.3194,147.2731
SS3_MAF_leo180223_p6_B04_S16,G1,30714,Mgat1,,,2.462,0.9019,27.3194,147.2731
SS3_MAF_leo180223_p6_A06_S6,G1,57207,Mgat1,3,5,2.462,0.9019,27.3194,147.2731
SS3_MAF_leo180223_p6_B03_S15,S,61296,Mgat1,10,5,2.462,0.9019,27.3194,147.2731
SS3_MAF_leo180223_p6_B10_S22,G1,22876,Mgat1,0,0,2.462,0.9019,27.3194,147.2731
SS3_MAF_leo180223_p6_C02_S26,G1,65040,Mgat1,6,14,2.462,0.9019,27.3194,147.2731
SS3_MAF_leo180223_p6_C04_S28,G2M,26058,Mgat1,0,0,2.462,0.9019,27.3194,147.2731
SS3_MAF_leo180223_p6_B09_S21,G1,37734,Mgat1,0,3,2.462,0.9019,27.3194,147.2731
SS3_MAF_leo180223_p6_C05_S29,G1,60723,Mgat1,5,4,2.462,0.9019,27.3194,147.2731
SS3_MAF_leo180223_p6_C11_S35,G1,54024,Mgat1,5,8,2.462,0.9019,27.3194,147.2731
SS3_MAF_leo180223_p6_C09_S33,G1,53996,Mgat1,3,3,2.462,0.9019,27.3194,147.2731
SS3_MAF_leo180223_p6_D01_S37,S,55709,Mgat1,6,15,2.462,0.9019,27.3194,147.2731
SS3_MAF_leo180223_p6_D03_S39,G1,47188,Mgat1,6,3,2.462,0.9019,27.3194,147.2731
SS3_MAF_leo180223_p6_B11_S23,G1,41554,Mgat1,3,2,2.462,0.9019,27.3194,147.2731
SS3_MAF_leo180223_p6_D05_S41,G1,29838,Mgat1,,,2.462,0.9019,27.3194,147.2731
SS3_MAF_leo180223_p6_D09_S45,G1,51007,Mgat1,5,9,2.462,0.9019,27.3194,147.2731
SS3_MAF_leo180223_p6_B07_S19,G1,14673,Mgat1,0,0,2.462,0.9019,27.3194,147.2731
SS3_MAF_leo180223_p6_E01_S49,G1,58894,Mgat1,5,9,2.462,0.9019,27.3194,147.2731
SS3_MAF_leo180223_p6_C10_S34,G1,57445,Mgat1,9,1,2.462,0.9019,27.3194,147.2731
SS3_MAF_leo180223_p6_C12_S36,G1,65159,Mgat1,8,0,2.462,0.9019,27.3194,147.2731
SS3_MAF_leo180223_p6_C06_S30,S,48635,Mgat1,1,7,2.462,0.9019,27.3194,147.2731
SS3_MAF_leo180223_p6_D12_S48,G1,7742,Mgat1,0,0,2.462,0.9019,27.3194,147.2731
SS3_MAF_leo180223_p6_D07_S43,G1,58044,Mgat1,4,7,2.462,0.9019,27.3194,147.2731
SS3_MAF_leo180223_p6_D04_S40,S,62213,Mgat1,7,7,2.462,0.9019,27.3194,147.2731
SS3_MAF_leo180223_p6_E07_S55,G1,79485,Mgat1,4,5,2.462,0.9019,27.3194,147.2731
SS3_MAF_leo180223_p6_D02_S38,G1,54559,Mgat1,18,4,2.462,0.9019,27.3194,147.2731
SS3_MAF_leo180223_p6_E10_S58,G1,7949,Mgat1,0,5,2.462,0.9019,27.3194,147.2731
SS3_MAF_leo180223_p6_E05_S53,S,40138,Mgat1,1,1,2.462,0.9019,27.3194,147.2731
SS3_MAF_leo180223_p6_E03_S51,G1,56996,Mgat1,2,6,2.462,0.9019,27.3194,147.2731
SS3_MAF_leo180223_p6_E11_S59,G1,29427,Mgat1,3,3,2.462,0.9019,27.3194,147.2731
SS3_MAF_leo180223_p6_F03_S63,G1,16661,Mgat1,1,1,2.462,0.9019,27.3194,147.2731
SS3_MAF_leo180223_p6_F07_S67,G1,12997,Mgat1,0,0,2.462,0.9019,27.3194,147.2731
SS3_MAF_leo180223_p6_D06_S42,G2M,25551,Mgat1,3,0,2.462,0.9019,27.3194,147.2731
SS3_MAF_leo180223_p6_F10_S70,G1,28264,Mgat1,3,0,2.462,0.9019,27.3194,147.2731
SS3_MAF_leo180223_p6_G01_S73,G2M,9750,Mgat1,1,1,2.462,0.9019,27.3194,147.2731
SS3_MAF_leo180223_p6_G05_S77,G2M,16211,Mgat1,0,1,2.462,0.9019,27.3194,147.2731
SS3_MAF_leo180223_p6_F05_S65,G1,43383,Mgat1,2,0,2.462,0.9019,27.3194,147.2731
SS3_MAF_leo180223_p6_G03_S75,G1,30248,Mgat1,1,0,2.462,0.9019,27.3194,147.2731
SS3_MAF_leo180223_p6_E06_S54,G1,15835,Mgat1,,,2.462,0.9019,27.3194,147.2731
SS3_MAF_leo180223_p6_G07_S79,G1,44754,Mgat1,12,7,2.462,0.9019,27.3194,147.2731
SS3_MAF_leo180223_p6_G09_S81,G1,14370,Mgat1,1,1,2.462,0.9019,27.3194,147.2731
SS3_MAF_leo180223_p6_G11_S83,S,43335,Mgat1,9,8,2.462,0.9019,27.3194,147.2731
SS3_MAF_leo180223_p6_D08_S44,G1,11889,Mgat1,3,0,2.462,0.9019,27.3194,147.2731
SS3_MAF_leo180223_p6_H07_S91,G1,10415,Mgat1,0,0,2.462,0.9019,27.3194,147.2731
SS3_MAF_leo180223_p6_H09_S93,G1,13994,Mgat1,0,0,2.462,0.9019,27.3194,147.2731
SS3_MAF_leo180223_p6_H11_S95,G1,17619,Mgat1,1,1,2.462,0.9019,27.3194,147.2731
SS3_MAF_leo180223_p6_G06_S78,G1,17000,Mgat1,2,0,2.462,0.9019,27.3194,147.2731
SS3_MAF_leo180223_p6_E12_S60,G1,29942,Mgat1,5,5,2.462,0.9019,27.3194,147.2731
SS3_MAF_leo180223_p4_S101,S,46504,Mgat1,1,9,2.462,0.9019,27.3194,147.2731
SS3_MAF_leo180223_p4_S102,G1,28700,Mgat1,2,8,2.462,0.9019,27.3194,147.2731
SS3_MAF_leo180223_p4_S104,G2M,9443,Mgat1,0,0,2.462,0.9019,27.3194,147.2731
SS3_MAF_leo180223_p4_S108,G1,8102,Mgat1,0,0,2.462,0.9019,27.3194,147.2731
SS3_MAF_leo180223_p4_S105,G1,46105,Mgat1,7,3,2.462,0.9019,27.3194,147.2731
SS3_MAF_leo180223_p4_S106,G1,46823,Mgat1,3,7,2.462,0.9019,27.3194,147.2731
SS3_MAF_leo180223_p6_D10_S46,G1,15028,Mgat1,1,0,2.462,0.9019,27.3194,147.2731
SS3_MAF_leo180223_p4_S107,G1,57441,Mgat1,7,5,2.462,0.9019,27.3194,147.2731
SS3_MAF_leo180223_p6_F06_S66,G1,35862,Mgat1,4,2,2.462,0.9019,27.3194,147.2731
SS3_MAF_leo180223_p6_E08_S56,G1,19789,Mgat1,2,0,2.462,0.9019,27.3194,147.2731
SS3_MAF_leo180223_p6_H08_S92,G1,31398,Mgat1,4,3,2.462,0.9019,27.3194,147.2731
SS3_MAF_leo180223_p6_H10_S94,S,43246,Mgat1,12,9,2.462,0.9019,27.3194,147.2731
SS3_MAF_leo180223_p4_S109,G1,22942,Mgat1,1,0,2.462,0.9019,27.3194,147.2731
SS3_MAF_leo180223_p6_G04_S76,G1,14904,Mgat1,0,0,2.462,0.9019,27.3194,147.2731
SS3_MAF_leo180223_p4_S112,G1,10651,Mgat1,1,1,2.462,0.9019,27.3194,147.2731
SS3_MAF_leo180223_p4_S111,S,17722,Mgat1,1,0,2.462,0.9019,27.3194,147.2731
SS3_MAF_leo180223_p4_S113,G1,54566,Mgat1,8,7,2.462,0.9019,27.3194,147.2731
SS3_MAF_leo180223_p6_E02_S50,G1,56102,Mgat1,9,7,2.462,0.9019,27.3194,147.2731
SS3_MAF_leo180223_p4_S114,G1,41605,Mgat1,4,5,2.462,0.9019,27.3194,147.2731
SS3_MAF_leo180223_p4_S115,G1,31806,Mgat1,8,2,2.462,0.9019,27.3194,147.2731
SS3_MAF_leo180223_p4_S117,G1,33445,Mgat1,2,1,2.462,0.9019,27.3194,147.2731
SS3_MAF_leo180223_p4_S116,G2M,43218,Mgat1,0,6,2.462,0.9019,27.3194,147.2731
SS3_MAF_leo180223_p4_S118,G1,39079,Mgat1,0,6,2.462,0.9019,27.3194,147.2731
SS3_MAF_leo180223_p4_S119,G1,32951,Mgat1,5,4,2.462,0.9019,27.3194,147.2731
SS3_MAF_leo180223_p4_S123,S,42089,Mgat1,12,4,2.462,0.9019,27.3194,147.2731
SS3_MAF_leo180223_p4_S121,G1,35385,Mgat1,1,4,2.462,0.9019,27.3194,147.2731
SS3_MAF_leo180223_p4_S122,G1,48450,Mgat1,6,5,2.462,0.9019,27.3194,147.2731
SS3_MAF_leo180223_p4_S125,G1,36709,Mgat1,7,3,2.462,0.9019,27.3194,147.2731
SS3_MAF_leo180223_p4_S126,G1,14776,Mgat1,2,0,2.462,0.9019,27.3194,147.2731
SS3_MAF_leo180223_p4_S127,G1,30192,Mgat1,0,1,2.462,0.9019,27.3194,147.2731
SS3_MAF_leo180223_p4_S124,G1,48177,Mgat1,9,4,2.462,0.9019,27.3194,147.2731
SS3_MAF_leo180223_p4_S129,G1,39617,Mgat1,7,4,2.462,0.9019,27.3194,147.2731
SS3_MAF_leo180223_p4_S130,G1,30386,Mgat1,5,0,2.462,0.9019,27.3194,147.2731
SS3_MAF_leo180223_p4_S131,G2M,30460,Mgat1,5,10,2.462,0.9019,27.3194,147.2731
SS3_MAF_leo180223_p4_S132,G1,38643,Mgat1,6,4,2.462,0.9019,27.3194,147.2731
SS3_MAF_leo180223_p4_S134,G1,9113,Mgat1,0,1,2.462,0.9019,27.3194,147.2731
SS3_MAF_leo180223_p4_S133,G1,42441,Mgat1,21,1,2.462,0.9019,27.3194,147.2731
SS3_MAF_leo180223_p4_S135,G1,17189,Mgat1,3,0,2.462,0.9019,27.3194,147.2731
SS3_MAF_leo180223_p4_S139,G2M,11145,Mgat1,1,1,2.462,0.9019,27.3194,147.2731
SS3_MAF_leo180223_p4_S137,S,43012,Mgat1,7,6,2.462,0.9019,27.3194,147.2731
SS3_MAF_leo180223_p4_S138,G2M,50993,Mgat1,16,12,2.462,0.9019,27.3194,147.2731
SS3_MAF_leo180223_p4_S140,G1,10911,Mgat1,0,2,2.462,0.9019,27.3194,147.2731
SS3_MAF_leo180223_p4_S142,G1,13960,Mgat1,0,0,2.462,0.9019,27.3194,147.2731
SS3_MAF_leo180223_p4_S147,G1,18062,Mgat1,,,2.462,0.9019,27.3194,147.2731
SS3_MAF_leo180223_p4_S97,G1,34429,Mgat1,7,4,2.462,0.9019,27.3194,147.2731
SS3_MAF_leo180223_p4_S146,S,29223,Mgat1,4,1,2.462,0.9019,27.3194,147.2731
SS3_MAF_leo180223_p4_S145,G1,40112,Mgat1,6,6,2.462,0.9019,27.3194,147.2731
SS3_MAF_leo180223_p4_S148,G2M,35298,Mgat1,1,2,2.462,0.9019,27.3194,147.2731
SS3_MAF_leo180223_p4_S150,G2M,11070,Mgat1,1,2,2.462,0.9019,27.3194,147.2731
SS3_MAF_leo180223_p4_S149,G1,46283,Mgat1,6,1,2.462,0.9019,27.3194,147.2731
SS3_MAF_leo180223_p4_S151,G2M,37513,Mgat1,13,5,2.462,0.9019,27.3194,147.2731
SS3_MAF_leo180223_p4_S153,G1,57674,Mgat1,7,5,2.462,0.9019,27.3194,147.2731
SS3_MAF_leo180223_p4_S156,G1,20071,Mgat1,3,0,2.462,0.9019,27.3194,147.2731
SS3_MAF_leo180223_p4_S154,S,55869,Mgat1,6,9,2.462,0.9019,27.3194,147.2731
SS3_MAF_leo180223_p4_S157,G1,20536,Mgat1,3,0,2.462,0.9019,27.3194,147.2731
SS3_MAF_leo180223_p4_S159,G1,32667,Mgat1,1,6,2.462,0.9019,27.3194,147.2731
SS3_MAF_leo180223_p4_S158,G2M,48866,Mgat1,5,8,2.462,0.9019,27.3194,147.2731
SS3_MAF_leo180223_p4_S161,S,44634,Mgat1,7,5,2.462,0.9019,27.3194,147.2731
SS3_MAF_leo180223_p4_S160,G1,25072,Mgat1,1,1,2.462,0.9019,27.3194,147.2731
SS3_MAF_leo180223_p4_S162,G1,36811,Mgat1,3,3,2.462,0.9019,27.3194,147.2731
SS3_MAF_leo180223_p4_S164,G1,43467,Mgat1,5,2,2.462,0.9019,27.3194,147.2731
SS3_MAF_leo180223_p4_S166,S,28129,Mgat1,0,2,2.462,0.9019,27.3194,147.2731
SS3_MAF_leo180223_p4_S167,G1,26371,Mgat1,2,2,2.462,0.9019,27.3194,147.2731
SS3_MAF_leo180223_p4_S169,G1,34158,Mgat1,8,6,2.462,0.9019,27.3194,147.2731
SS3_MAF_leo180223_p4_S165,G1,39578,Mgat1,6,8,2.462,0.9019,27.3194,147.2731
SS3_MAF_leo180223_p4_S173,G1,19064,Mgat1,0,3,2.462,0.9019,27.3194,147.2731
SS3_MAF_leo180223_p4_S170,G1,51247,Mgat1,4,1,2.462,0.9019,27.3194,147.2731
SS3_MAF_leo180223_p4_S171,S,67232,Mgat1,6,6,2.462,0.9019,27.3194,147.2731
SS3_MAF_leo180223_p4_S177,S,44173,Mgat1,3,3,2.462,0.9019,27.3194,147.2731
SS3_MAF_leo180223_p4_S174,G1,31352,Mgat1,2,3,2.462,0.9019,27.3194,147.2731
SS3_MAF_leo180223_p4_S180,G1,16181,Mgat1,2,1,2.462,0.9019,27.3194,147.2731
SS3_MAF_leo180223_p4_S176,G1,20544,Mgat1,0,0,2.462,0.9019,27.3194,147.2731
SS3_MAF_leo180223_p4_S179,G1,32343,Mgat1,5,7,2.462,0.9019,27.3194,147.2731
SS3_MAF_leo180223_p4_S178,S,57266,Mgat1,5,4,2.462,0.9019,27.3194,147.2731
SS3_MAF_leo180223_p4_S181,G1,25042,Mgat1,0,2,2.462,0.9019,27.3194,147.2731
SS3_MAF_leo180223_p4_S183,G1,33832,Mgat1,2,2,2.462,0.9019,27.3194,147.2731
SS3_MAF_leo180223_p4_S182,G1,52029,Mgat1,1,4,2.462,0.9019,27.3194,147.2731
SS3_MAF_leo180223_p4_S186,S,58004,Mgat1,4,5,2.462,0.9019,27.3194,147.2731
SS3_MAF_leo180223_p4_S187,G2M,15045,Mgat1,0,1,2.462,0.9019,27.3194,147.2731
SS3_MAF_leo180223_p4_S191,G2M,11140,Mgat1,3,1,2.462,0.9019,27.3194,147.2731
SS3_MAF_leo180223_p4_S185,G1,52790,Mgat1,2,11,2.462,0.9019,27.3194,147.2731
SS3_MAF_leo180223_p4_S189,G1,66797,Mgat1,17,7,2.462,0.9019,27.3194,147.2731
SS3_MAF_leo180223_p4_S188,G1,51539,Mgat1,8,0,2.462,0.9019,27.3194,147.2731
SS3_MAF_leo180223_p4_S190,G1,37493,Mgat1,3,0,2.462,0.9019,27.3194,147.2731
SS3_MAF_leo180223_p4_S98,G1,27030,Mgat1,2,0,2.462,0.9019,27.3194,147.2731
SS3_MAF_leo180223_p4_S99,G1,22647,Mgat1,2,3,2.462,0.9019,27.3194,147.2731
SS3_MAF_Leo171129_p2_S10,G1,39310,Ext1,3,0,2.026,1.2373,30.6883,103.4273
SS3_MAF_Leo171129_p2_S12,G1,46976,Ext1,4,8,2.026,1.2373,30.6883,103.4273
SS3_MAF_Leo171129_p2_S13,G1,43893,Ext1,10,4,2.026,1.2373,30.6883,103.4273
SS3_MAF_Leo171129_p2_S14,G1,39959,Ext1,1,3,2.026,1.2373,30.6883,103.4273
SS3_MAF_Leo171129_p2_S16,G1,41170,Ext1,5,10,2.026,1.2373,30.6883,103.4273
SS3_MAF_Leo171129_p2_S17,G1,117795,Ext1,3,4,2.026,1.2373,30.6883,103.4273
SS3_MAF_Leo171129_p2_S18,S,79991,Ext1,3,12,2.026,1.2373,30.6883,103.4273
SS3_MAF_Leo171129_p2_S19,G1,63056,Ext1,0,13,2.026,1.2373,30.6883,103.4273
SS3_MAF_Leo171129_p2_S1,G2M,48601,Ext1,,,2.026,1.2373,30.6883,103.4273
SS3_MAF_Leo171129_p2_S20,G1,70834,Ext1,6,4,2.026,1.2373,30.6883,103.4273
SS3_MAF_Leo171129_p2_S21,G1,75490,Ext1,7,6,2.026,1.2373,30.6883,103.4273
SS3_MAF_Leo171129_p2_S22,G2M,33098,Ext1,2,4,2.026,1.2373,30.6883,103.4273
SS3_MAF_Leo171129_p2_S23,G1,36429,Ext1,,,2.026,1.2373,30.6883,103.4273
SS3_MAF_Leo171129_p2_S24,G1,29297,Ext1,5,0,2.026,1.2373,30.6883,103.4273
SS3_MAF_Leo171129_p2_S25,G1,77970,Ext1,12,8,2.026,1.2373,30.6883,103.4273
SS3_MAF_Leo171129_p2_S26,G2M,42619,Ext1,3,7,2.026,1.2373,30.6883,103.4273
SS3_MAF_Leo171129_p2_S27,G1,8122,Ext1,0,4,2.026,1.2373,30.6883,103.4273
SS3_MAF_Leo171129_p2_S28,G2M,16215,Ext1,1,1,2.026,1.2373,30.6883,103.4273
SS3_MAF_Leo171129_p2_S2,S,34219,Ext1,0,11,2.026,1.2373,30.6883,103.4273
SS3_MAF_Leo171129_p2_S30,G2M,10030,Ext1,,,2.026,1.2373,30.6883,103.4273
SS3_MAF_Leo171129_p2_S31,G1,50024,Ext1,4,4,2.026,1.2373,30.6883,103.4273
SS3_MAF_Leo171129_p2_S32,G2M,51366,Ext1,1,2,2.026,1.2373,30.6883,103.4273
SS3_MAF_Leo171129_p2_S33,G1,64228,Ext1,11,10,2.026,1.2373,30.6883,103.4273
SS3_MAF_Leo171129_p2_S34,G1,38195,Ext1,11,0,2.026,1.2373,30.6883,103.4273
SS3_MAF_Leo171129_p2_S37,G1,13225,Ext1,0,1,2.026,1.2373,30.6883,103.4273
SS3_MAF_Leo171129_p2_S3,G1,55963,Ext1,2,15,2.026,1.2373,30.6883,103.4273
SS3_MAF_Leo171129_p2_S41,G1,108019,Ext1,9,5,2.026,1.2373,30.6883,103.4273
SS3_MAF_Leo171129_p2_S42,G1,65018,Ext1,3,6,2.026,1.2373,30.6883,103.4273
SS3_MAF_Leo171129_p2_S43,G1,64740,Ext1,1,7,2.026,1.2373,30.6883,103.4273
SS3_MAF_Leo171129_p2_S44,G1,37365,Ext1,0,6,2.026,1.2373,30.6883,103.4273
SS3_MAF_Leo171129_p2_S45,S,66369,Ext1,8,14,2.026,1.2373,30.6883,103.4273
SS3_MAF_Leo171129_p2_S47,G1,47781,Ext1,3,14,2.026,1.2373,30.6883,103.4273
SS3_MAF_Leo171129_p2_S48,G1,51270,Ext1,3,5,2.026,1.2373,30.6883,103.4273
SS3_MAF_Leo171129_p2_S49,G1,30770,Ext1,0,0,2.026,1.2373,30.6883,103.4273
SS3_MAF_Leo171129_p2_S4,G1,39611,Ext1,5,8,2.026,1.2373,30.6883,103.4273
SS3_MAF_Leo171129_p2_S50,G1,57440,Ext1,10,1,2.026,1.2373,30.6883,103.4273
SS3_MAF_Leo171129_p2_S52,G1,21457,Ext1,7,0,2.026,1.2373,30.6883,103.4273
SS3_MAF_Leo171129_p2_S53,G1,80336,Ext1,5,9,2.026,1.2373,30.6883,103.4273
SS3_MAF_Leo171129_p2_S55,G2M,88188,Ext1,5,0,2.026,1.2373,30.6883,103.4273
SS3_MAF_Leo171129_p2_S57,G1,42297,Ext1,5,8,2.026,1.2373,30.6883,103.4273
SS3_MAF_Leo171129_p2_S58,G1,55834,Ext1,8,8,2.026,1.2373,30.6883,103.4273
SS3_MAF_Leo171129_p2_S59,G1,45969,Ext1,8,10,2.026,1.2373,30.6883,103.4273
SS3_MAF_Leo171129_p2_S5,G2M,34433,Ext1,0,0,2.026,1.2373,30.6883,103.4273
SS3_MAF_Leo171129_p2_S61,G1,20315,Ext1,0,5,2.026,1.2373,30.6883,103.4273
SS3_MAF_Leo171129_p2_S62,G1,20928,Ext1,2,0,2.026,1.2373,30.6883,103.4273
SS3_MAF_Leo171129_p2_S64,G1,100938,Ext1,19,4,2.026,1.2373,30.6883,103.4273
SS3_MAF_Leo171129_p2_S65,G1,52328,Ext1,4,0,2.026,1.2373,30.6883,103.4273
SS3_MAF_Leo171129_p2_S66,G1,67878,Ext1,4,10,2.026,1.2373,30.6883,103.4273
SS3_MAF_Leo171129_p2_S67,S,68235,Ext1,13,10,2.026,1.2373,30.6883,103.4273
SS3_MAF_Leo171129_p2_S68,G1,15259,Ext1,0,10,2.026,1.2373,30.6883,103.4273
SS3_MAF_Leo171129_p2_S69,G1,36667,Ext1,6,5,2.026,1.2373,30.6883,103.4273
SS3_MAF_Leo171129_p2_S6,G2M,60468,Ext1,3,1,2.026,1.2373,30.6883,103.4273
SS3_MAF_Leo171129_p2_S72,G1,18464,Ext1,4,0,2.026,1.2373,30.6883,103.4273
SS3_MAF_Leo171129_p2_S73,G1,94179,Ext1,23,22,2.026,1.2373,30.6883,103.4273
SS3_MAF_Leo171129_p2_S74,G1,85288,Ext1,0,4,2.026,1.2373,30.6883,103.4273
SS3_MAF_Leo171129_p2_S75,G1,53506,Ext1,0,4,2.026,1.2373,30.6883,103.4273
SS3_MAF_Leo171129_p2_S76,G2M,60345,Ext1,9,0,2.026,1.2373,30.6883,103.4273
SS3_MAF_Leo171129_p2_S77,G1,30764,Ext1,4,4,2.026,1.2373,30.6883,103.4273
SS3_MAF_Leo171129_p2_S78,S,64444,Ext1,10,4,2.026,1.2373,30.6883,103.4273
SS3_MAF_Leo171129_p2_S79,G1,20086,Ext1,0,11,2.026,1.2373,30.6883,103.4273
SS3_MAF_Leo171129_p2_S7,G1,42337,Ext1,6,3,2.026,1.2373,30.6883,103.4273
SS3_MAF_Leo171129_p2_S80,S,46988,Ext1,2,7,2.026,1.2373,30.6883,103.4273
SS3_MAF_Leo171129_p2_S81,G2M,13199,Ext1,3,0,2.026,1.2373,30.6883,103.4273
SS3_MAF_Leo171129_p2_S82,G1,10672,Ext1,0,0,2.026,1.2373,30.6883,103.4273
SS3_MAF_Leo171129_p2_S83,G1,62168,Ext1,6,1,2.026,1.2373,30.6883,103.4273
SS3_MAF_Leo171129_p2_S84,G1,9220,Ext1,,,2.026,1.2373,30.6883,103.4273
SS3_MAF_Leo171129_p2_S85,G1,12557,Ext1,0,3,2.026,1.2373,30.6883,103.4273
SS3_MAF_Leo171129_p2_S86,S,76694,Ext1,18,9,2.026,1.2373,30.6883,103.4273
SS3_MAF_Leo171129_p2_S87,G1,33235,Ext1,5,2,2.026,1.2373,30.6883,103.4273
SS3_MAF_Leo171129_p2_S89,G1,128206,Ext1,2,20,2.026,1.2373,30.6883,103.4273
SS3_MAF_Leo171129_p2_S8,G1,42290,Ext1,6,1,2.026,1.2373,30.6883,103.4273
SS3_MAF_Leo171129_p2_S90,G1,144876,Ext1,10,26,2.026,1.2373,30.6883,103.4273
SS3_MAF_Leo171129_p2_S91,G1,95482,Ext1,17,3,2.026,1.2373,30.6883,103.4273
SS3_MAF_Leo171129_p2_S92,G1,42727,Ext1,4,8,2.026,1.2373,30.6883,103.4273
SS3_MAF_Leo171129_p2_S93,S,50420,Ext1,0,16,2.026,1.2373,30.6883,103.4273
SS3_MAF_Leo171129_p2_S94,G2M,49637,Ext1,3,8,2.026,1.2373,30.6883,103.4273
SS3_MAF_Leo171129_p2_S9,G2M,77535,Ext1,1,8,2.026,1.2373,30.6883,103.4273
SS3_MAF_leo180223_p6_A10_S10,G1,23929,Ext1,,,2.026,1.2373,30.6883,103.4273
SS3_MAF_leo180223_p6_B01_S13,G1,24789,Ext1,0,2,2.026,1.2373,30.6883,103.4273
SS3_MAF_leo180223_p6_A03_S3,G1,36756,Ext1,5,6,2.026,1.2373,30.6883,103.4273
SS3_MAF_leo180223_p6_A09_S9,G2M,12578,Ext1,3,0,2.026,1.2373,30.6883,103.4273
SS3_MAF_leo180223_p6_B05_S17,G2M,7653,Ext1,0,2,2.026,1.2373,30.6883,103.4273
SS3_MAF_leo180223_p6_A01_S1,G1,53431,Ext1,2,3,2.026,1.2373,30.6883,103.4273
SS3_MAF_leo180223_p6_A11_S11,G1,30102,Ext1,1,9,2.026,1.2373,30.6883,103.4273
SS3_MAF_leo180223_p6_C01_S25,G1,49793,Ext1,3,0,2.026,1.2373,30.6883,103.4273
SS3_MAF_leo180223_p6_B02_S14,G1,55296,Ext1,5,1,2.026,1.2373,30.6883,103.4273
SS3_MAF_leo180223_p6_A02_S2,S,72303,Ext1,6,4,2.026,1.2373,30.6883,103.4273
SS3_MAF_leo180223_p6_A05_S5,G2M,11957,Ext1,0,0,2.026,1.2373,30.6883,103.4273
SS3_MAF_leo180223_p6_A07_S7,G1,26205,Ext1,3,8,2.026,1.2373,30.6883,103.4273
SS3_MAF_leo180223_p6_A04_S4,G1,42732,Ext1,13,4,2.026,1.2373,30.6883,103.4273
SS3_MAF_leo180223_p6_A12_S12,G1,52402,Ext1,10,8,2.026,1.2373,30.6883,103.4273
SS3_MAF_leo180223_p6_B04_S16,G1,30714,Ext1,2,5,2.026,1.2373,30.6883,103.4273
SS3_MAF_leo180223_p6_A06_S6,G1,57207,Ext1,0,5,2.026,1.2373,30.6883,103.4273
SS3_MAF_leo180223_p6_B03_S15,S,61296,Ext1,4,12,2.026,1.2373,30.6883,103.4273
SS3_MAF_leo180223_p6_B10_S22,G1,22876,Ext1,3,0,2.026,1.2373,30.6883,103.4273
SS3_MAF_leo180223_p6_C02_S26,G1,65040,Ext1,5,17,2.026,1.2373,30.6883,103.4273
SS3_MAF_leo180223_p6_C04_S28,G2M,26058,Ext1,2,0,2.026,1.2373,30.6883,103.4273
SS3_MAF_leo180223_p6_B09_S21,G1,37734,Ext1,12,4,2.026,1.2373,30.6883,103.4273
SS3_MAF_leo180223_p6_C05_S29,G1,60723,Ext1,2,5,2.026,1.2373,30.6883,103.4273
SS3_MAF_leo180223_p6_C11_S35,G1,54024,Ext1,4,10,2.026,1.2373,30.6883,103.4273
SS3_MAF_leo180223_p6_C09_S33,G1,53996,Ext1,8,1,2.026,1.2373,30.6883,103.4273
SS3_MAF_leo180223_p6_D01_S37,S,55709,Ext1,4,6,2.026,1.2373,30.6883,103.4273
SS3_MAF_leo180223_p6_D03_S39,G1,47188,Ext1,16,9,2.026,1.2373,30.6883,103.4273
SS3_MAF_leo180223_p6_B11_S23,G1,41554,Ext1,2,2,2.026,1.2373,30.6883,103.4273
SS3_MAF_leo180223_p6_D05_S41,G1,29838,Ext1,2,2,2.026,1.2373,30.6883,103.4273
SS3_MAF_leo180223_p6_D09_S45,G1,51007,Ext1,12,13,2.026,1.2373,30.6883,103.4273
SS3_MAF_leo180223_p6_B07_S19,G1,14673,Ext1,9,5,2.026,1.2373,30.6883,103.4273
SS3_MAF_leo180223_p6_E01_S49,G1,58894,Ext1,11,2,2.026,1.2373,30.6883,103.4273
SS3_MAF_leo180223_p6_C10_S34,G1,57445,Ext1,2,9,2.026,1.2373,30.6883,103.4273
SS3_MAF_leo180223_p6_C12_S36,G1,65159,Ext1,5,12,2.026,1.2373,30.6883,103.4273
SS3_MAF_leo180223_p6_C06_S30,S,48635,Ext1,5,10,2.026,1.2373,30.6883,103.4273
SS3_MAF_leo180223_p6_D12_S48,G1,7742,Ext1,0,1,2.026,1.2373,30.6883,103.4273
SS3_MAF_leo180223_p6_D07_S43,G1,58044,Ext1,4,5,2.026,1.2373,30.6883,103.4273
SS3_MAF_leo180223_p6_D04_S40,S,62213,Ext1,4,11,2.026,1.2373,30.6883,103.4273
SS3_MAF_leo180223_p6_E07_S55,G1,79485,Ext1,11,10,2.026,1.2373,30.6883,103.4273
SS3_MAF_leo180223_p6_D02_S38,G1,54559,Ext1,8,10,2.026,1.2373,30.6883,103.4273
SS3_MAF_leo180223_p6_E10_S58,G1,7949,Ext1,0,0,2.026,1.2373,30.6883,103.4273
SS3_MAF_leo180223_p6_E05_S53,S,40138,Ext1,3,2,2.026,1.2373,30.6883,103.4273
SS3_MAF_leo180223_p6_E03_S51,G1,56996,Ext1,0,3,2.026,1.2373,30.6883,103.4273
SS3_MAF_leo180223_p6_E11_S59,G1,29427,Ext1,9,3,2.026,1.2373,30.6883,103.4273
SS3_MAF_leo180223_p6_F03_S63,G1,16661,Ext1,0,2,2.026,1.2373,30.6883,103.4273
SS3_MAF_leo180223_p6_F07_S67,G1,12997,Ext1,3,1,2.026,1.2373,30.6883,103.4273
SS3_MAF_leo180223_p6_D06_S42,G2M,25551,Ext1,0,0,2.026,1.2373,30.6883,103.4273
SS3_MAF_leo180223_p6_F10_S70,G1,28264,Ext1,2,2,2.026,1.2373,30.6883,103.4273
SS3_MAF_leo180223_p6_G01_S73,G2M,9750,Ext1,2,2,2.026,1.2373,30.6883,103.4273
SS3_MAF_leo180223_p6_G05_S77,G2M,16211,Ext1,4,4,2.026,1.2373,30.6883,103.4273
SS3_MAF_leo180223_p6_F05_S65,G1,43383,Ext1,4,5,2.026,1.2373,30.6883,103.4273
SS3_MAF_leo180223_p6_G03_S75,G1,30248,Ext1,0,7,2.026,1.2373,30.6883,103.4273
SS3_MAF_leo180223_p6_E06_S54,G1,15835,Ext1,3,0,2.026,1.2373,30.6883,103.4273
SS3_MAF_leo180223_p6_G07_S79,G1,44754,Ext1,3,4,2.026,1.2373,30.6883,103.4273
SS3_MAF_leo180223_p6_G09_S81,G1,14370,Ext1,1,0,2.026,1.2373,30.6883,103.4273
SS3_MAF_leo180223_p6_G11_S83,S,43335,Ext1,1,4,2.026,1.2373,30.6883,103.4273
SS3_MAF_leo180223_p6_D08_S44,G1,11889,Ext1,0,4,2.026,1.2373,30.6883,103.4273
SS3_MAF_leo180223_p6_H07_S91,G1,10415,Ext1,2,3,2.026,1.2373,30.6883,103.4273
SS3_MAF_leo180223_p6_H09_S93,G1,13994,Ext1,3,2,2.026,1.2373,30.6883,103.4273
SS3_MAF_leo180223_p6_H11_S95,G1,17619,Ext1,0,2,2.026,1.2373,30.6883,103.4273
SS3_MAF_leo180223_p6_G06_S78,G1,17000,Ext1,,,2.026,1.2373,30.6883,103.4273
SS3_MAF_leo180223_p6_E12_S60,G1,29942,Ext1,0,4,2.026,1.2373,30.6883,103.4273
SS3_MAF_leo180223_p4_S101,S,46504,Ext1,5,5,2.026,1.2373,30.6883,103.4273
SS3_MAF_leo180223_p4_S102,G1,28700,Ext1,7,5,2.026,1.2373,30.6883,103.4273
SS3_MAF_leo180223_p4_S104,G2M,9443,Ext1,1,0,2.026,1.2373,30.6883,103.4273
SS3_MAF_leo180223_p4_S108,G1,8102,Ext1,1,1,2.026,1.2373,30.6883,103.4273
SS3_MAF_leo180223_p4_S105,G1,46105,Ext1,3,8,2.026,1.2373,30.6883,103.4273
SS3_MAF_leo180223_p4_S106,G1,46823,Ext1,2,1,2.026,1.2373,30.6883,103.4273
SS3_MAF_leo180223_p6_D10_S46,G1,15028,Ext1,0,8,2.026,1.2373,30.6883,103.4273
SS3_MAF_leo180223_p4_S107,G1,57441,Ext1,3,7,2.026,1.2373,30.6883,103.4273
SS3_MAF_leo180223_p6_F06_S66,G1,35862,Ext1,1,13,2.026,1.2373,30.6883,103.4273
SS3_MAF_leo180223_p6_E08_S56,G1,19789,Ext1,0,5,2.026,1.2373,30.6883,103.4273
SS3_MAF_leo180223_p6_H08_S92,G1,31398,Ext1,3,2,2.026,1.2373,30.6883,103.4273
SS3_MAF_leo180223_p6_H10_S94,S,43246,Ext1,7,4,2.026,1.2373,30.6883,103.4273
SS3_MAF_leo180223_p4_S109,G1,22942,Ext1,11,7,2.026,1.2373,30.6883,103.4273
SS3_MAF_leo180223_p6_G04_S76,G1,14904,Ext1,1,1,2.026,1.2373,30.6883,103.4273
SS3_MAF_leo180223_p4_S112,G1,10651,Ext1,4,2,2.026,1.2373,30.6883,103.4273
SS3_MAF_leo180223_p4_S111,S,17722,Ext1,1,2,2.026,1.2373,30.6883,103.4273
SS3_MAF_leo180223_p4_S113,G1,54566,Ext1,6,2,2.026,1.2373,30.6883,103.4273
SS3_MAF_leo180223_p6_E02_S50,G1,56102,Ext1,7,1,2.026,1.2373,30.6883,103.4273
SS3_MAF_leo180223_p4_S114,G1,41605,Ext1,0,4,2.026,1.2373,30.6883,103.4273
SS3_MAF_leo180223_p4_S115,G1,31806,Ext1,4,1,2.026,1.2373,30.6883,103.4273
SS3_MAF_leo180223_p4_S117,G1,33445,Ext1,14,13,2.026,1.2373,30.6883,103.4273
SS3_MAF_leo180223_p4_S116,G2M,43218,Ext1,3,3,2.026,1.2373,30.6883,103.4273
SS3_MAF_leo180223_p4_S118,G1,39079,Ext1,2,4,2.026,1.2373,30.6883,103.4273
SS3_MAF_leo180223_p4_S119,G1,32951,Ext1,9,9,2.026,1.2373,30.6883,103.4273
SS3_MAF_leo180223_p4_S123,S,42089,Ext1,3,5,2.026,1.2373,30.6883,103.4273
SS3_MAF_leo180223_p4_S121,G1,35385,Ext1,7,1,2.026,1.2373,30.6883,103.4273
SS3_MAF_leo180223_p4_S122,G1,48450,Ext1,2,5,2.026,1.2373,30.6883,103.4273
SS3_MAF_leo180223_p4_S125,G1,36709,Ext1,4,3,2.026,1.2373,30.6883,103.4273
SS3_MAF_leo180223_p4_S126,G1,14776,Ext1,1,4,2.026,1.2373,30.6883,103.4273
SS3_MAF_leo180223_p4_S127,G1,30192,Ext1,2,6,2.026,1.2373,30.6883,103.4273
SS3_MAF_leo180223_p4_S124,G1,48177,Ext1,4,4,2.026,1.2373,30.6883,103.4273
SS3_MAF_leo180223_p4_S129,G1,39617,Ext1,2,0,2.026,1.2373,30.6883,103.4273
SS3_MAF_leo180223_p4_S130,G1,30386,Ext1,0,3,2.026,1.2373,30.6883,103.4273
SS3_MAF_leo180223_p4_S131,G2M,30460,Ext1,2,4,2.026,1.2373,30.6883,103.4273
SS3_MAF_leo180223_p4_S132,G1,38643,Ext1,6,2,2.026,1.2373,30.6883,103.4273
SS3_MAF_leo180223_p4_S134,G1,9113,Ext1,0,4,2.026,1.2373,30.6883,103.4273
SS3_MAF_leo180223_p4_S133,G1,42441,Ext1,6,4,2.026,1.2373,30.6883,103.4273
SS3_MAF_leo180223_p4_S135,G1,17189,Ext1,7,0,2.026,1.2373,30.6883,103.4273
SS3_MAF_leo180223_p4_S139,G2M,11145,Ext1,2,0,2.026,1.2373,30.6883,103.4273
SS3_MAF_leo180223_p4_S137,S,43012,Ext1,1,0,2.026,1.2373,30.6883,103.4273
SS3_MAF_leo180223_p4_S138,G2M,50993,Ext1,0,4,2.026,1.2373,30.6883,103.4273
SS3_MAF_leo180223_p4_S140,G1,10911,Ext1,0,3,2.026,1.2373,30.6883,103.4273
SS3_MAF_leo180223_p4_S142,G1,13960,Ext1,3,0,2.026,1.2373,30.6883,103.4273
SS3_MAF_leo180223_p4_S147,G1,18062,Ext1,2,0,2.026,1.2373,30.6883,103.4273
SS3_MAF_leo180223_p4_S97,G1,34429,Ext1,1,5,2.026,1.2373,30.6883,103.4273
SS3_MAF_leo180223_p4_S146,S,29223,Ext1,0,1,2.026,1.2373,30.6883,103.4273
SS3_MAF_leo180223_p4_S145,G1,40112,Ext1,4,3,2.026,1.2373,30.6883,103.4273
SS3_MAF_leo180223_p4_S148,G2M,35298,Ext1,1,2,2.026,1.2373,30.6883,103.4273
SS3_MAF_leo180223_p4_S150,G2M,11070,Ext1,0,2,2.026,1.2373,30.6883,103.4273
SS3_MAF_leo180223_p4_S149,G1,46283,Ext1,2,5,2.026,1.2373,30.6883,103.4273
SS3_MAF_leo180223_p4_S151,G2M,37513,Ext1,3,4,2.026,1.2373,30.6883,103.4273
SS3_MAF_leo180223_p4_S153,G1,57674,Ext1,4,3,2.026,1.2373,30.6883,103.4273
SS3_MAF_leo180223_p4_S156,G1,20071,Ext1,4,3,2.026,1.2373,30.6883,103.4273
SS3_MAF_leo180223_p4_S154,S,55869,Ext1,3,4,2.026,1.2373,30.6883,103.4273
SS3_MAF_leo180223_p4_S157,G1,20536,Ext1,4,5,2.026,1.2373,30.6883,103.4273
SS3_MAF_leo180223_p4_S159,G1,32667,Ext1,1,1,2.026,1.2373,30.6883,103.4273
SS3_MAF_leo180223_p4_S158,G2M,48866,Ext1,4,1,2.026,1.2373,30.6883,103.4273
SS3_MAF_leo180223_p4_S161,S,44634,Ext1,1,4,2.026,1.2373,30.6883,103.4273
SS3_MAF_leo180223_p4_S160,G1,25072,Ext1,1,2,2.026,1.2373,30.6883,103.4273
SS3_MAF_leo180223_p4_S162,G1,36811,Ext1,3,2,2.026,1.2373,30.6883,103.4273
SS3_MAF_leo180223_p4_S164,G1,43467,Ext1,5,3,2.026,1.2373,30.6883,103.4273
SS3_MAF_leo180223_p4_S166,S,28129,Ext1,5,0,2.026,1.2373,30.6883,103.4273
SS3_MAF_leo180223_p4_S167,G1,26371,Ext1,4,1,2.026,1.2373,30.6883,103.4273
SS3_MAF_leo180223_p4_S169,G1,34158,Ext1,1,5,2.026,1.2373,30.6883,103.4273
SS3_MAF_leo180223_p4_S165,G1,39578,Ext1,2,3,2.026,1.2373,30.6883,103.4273
SS3_MAF_leo180223_p4_S173,G1,19064,Ext1,5,5,2.026,1.2373,30.6883,103.4273
SS3_MAF_leo180223_p4_S170,G1,51247,Ext1,5,4,2.026,1.2373,30.6883,103.4273
SS3_MAF_leo180223_p4_S171,S,67232,Ext1,14,4,2.026,1.2373,30.6883,103.4273
SS3_MAF_leo180223_p4_S177,S,44173,Ext1,0,4,2.026,1.2373,30.6883,103.4273
SS3_MAF_leo180223_p4_S174,G1,31352,Ext1,5,3,2.026,1.2373,30.6883,103.4273
SS3_MAF_leo180223_p4_S180,G1,16181,Ext1,2,8,2.026,1.2373,30.6883,103.4273
SS3_MAF_leo180223_p4_S176,G1,20544,Ext1,0,1,2.026,1.2373,30.6883,103.4273
SS3_MAF_leo180223_p4_S179,G1,32343,Ext1,0,6,2.026,1.2373,30.6883,103.4273
SS3_MAF_leo180223_p4_S178,S,57266,Ext1,3,8,2.026,1.2373,30.6883,103.4273
SS3_MAF_leo180223_p4_S181,G1,25042,Ext1,5,2,2.026,1.2373,30.6883,103.4273
SS3_MAF_leo180223_p4_S183,G1,33832,Ext1,3,3,2.026,1.2373,30.6883,103.4273
SS3_MAF_leo180223_p4_S182,G1,52029,Ext1,5,7,2.026,1.2373,30.6883,103.4273
SS3_MAF_leo180223_p4_S186,S,58004,Ext1,8,4,2.026,1.2373,30.6883,103.4273
SS3_MAF_leo180223_p4_S187,G2M,15045,Ext1,2,0,2.026,1.2373,30.6883,103.4273
SS3_MAF_leo180223_p4_S191,G2M,11140,Ext1,1,0,2.026,1.2373,30.6883,103.4273
SS3_MAF_leo180223_p4_S185,G1,52790,Ext1,3,6,2.026,1.2373,30.6883,103.4273
SS3_MAF_leo180223_p4_S189,G1,66797,Ext1,6,7,2.026,1.2373,30.6883,103.4273
SS3_MAF_leo180223_p4_S188,G1,51539,Ext1,6,13,2.026,1.2373,30.6883,103.4273
SS3_MAF_leo180223_p4_S190,G1,37493,Ext1,8,8,2.026,1.2373,30.6883,103.4273
SS3_MAF_leo180223_p4_S98,G1,27030,Ext1,5,4,2.026,1.2373,30.6883,103.4273
SS3_MAF_leo180223_p4_S99,G1,22647,Ext1,0,3,2.026,1.2373,30.6883,103.4273
SS3_MAF_Leo171129_p2_S10,G1,39310,Rpl41,4,0,12.35,2.2748,48.9925,159.5091
SS3_MAF_Leo171129_p2_S12,G1,46976,Rpl41,2,6,12.35,2.2748,48.9925,159.5091
SS3_MAF_Leo171129_p2_S13,G1,43893,Rpl41,6,1,12.35,2.2748,48.9925,159.5091
SS3_MAF_Leo171129_p2_S14,G1,39959,Rpl41,8,8,12.35,2.2748,48.9925,159.5091
SS3_MAF_Leo171129_p2_S16,G1,41170,Rpl41,9,5,12.35,2.2748,48.9925,159.5091
SS3_MAF_Leo171129_p2_S17,G1,117795,Rpl41,14,4,12.35,2.2748,48.9925,159.5091
SS3_MAF_Leo171129_p2_S18,S,79991,Rpl41,13,17,12.35,2.2748,48.9925,159.5091
SS3_MAF_Leo171129_p2_S19,G1,63056,Rpl41,11,0,12.35,2.2748,48.9925,159.5091
SS3_MAF_Leo171129_p2_S1,G2M,48601,Rpl41,0,6,12.35,2.2748,48.9925,159.5091
SS3_MAF_Leo171129_p2_S20,G1,70834,Rpl41,20,1,12.35,2.2748,48.9925,159.5091
SS3_MAF_Leo171129_p2_S21,G1,75490,Rpl41,6,6,12.35,2.2748,48.9925,159.5091
SS3_MAF_Leo171129_p2_S22,G2M,33098,Rpl41,4,2,12.35,2.2748,48.9925,159.5091
SS3_MAF_Leo171129_p2_S23,G1,36429,Rpl41,3,0,12.35,2.2748,48.9925,159.5091
SS3_MAF_Leo171129_p2_S24,G1,29297,Rpl41,8,0,12.35,2.2748,48.9925,159.5091
SS3_MAF_Leo171129_p2_S25,G1,77970,Rpl41,13,0,12.35,2.2748,48.9925,159.5091
SS3_MAF_Leo171129_p2_S26,G2M,42619,Rpl41,14,2,12.35,2.2748,48.9925,159.5091
SS3_MAF_Leo171129_p2_S27,G1,8122,Rpl41,3,0,12.35,2.2748,48.9925,159.5091
SS3_MAF_Leo171129_p2_S28,G2M,16215,Rpl41,1,0,12.35,2.2748,48.9925,159.5091
SS3_MAF_Leo171129_p2_S2,S,34219,Rpl41,10,0,12.35,2.2748,48.9925,159.5091
SS3_MAF_Leo171129_p2_S30,G2M,10030,Rpl41,3,0,12.35,2.2748,48.9925,159.5091
SS3_MAF_Leo171129_p2_S31,G1,50024,Rpl41,5,2,12.35,2.2748,48.9925,159.5091
SS3_MAF_Leo171129_p2_S32,G2M,51366,Rpl41,11,8,12.35,2.2748,48.9925,159.5091
SS3_MAF_Leo171129_p2_S33,G1,64228,Rpl41,8,0,12.35,2.2748,48.9925,159.5091
SS3_MAF_Leo171129_p2_S34,G1,38195,Rpl41,2,9,12.35,2.2748,48.9925,159.5091
SS3_MAF_Leo171129_p2_S37,G1,13225,Rpl41,3,0,12.35,2.2748,48.9925,159.5091
SS3_MAF_Leo171129_p2_S3,G1,55963,Rpl41,8,0,12.35,2.2748,48.9925,159.5091
SS3_MAF_Leo171129_p2_S41,G1,108019,Rpl41,18,0,12.35,2.2748,48.9925,159.5091
SS3_MAF_Leo171129_p2_S42,G1,65018,Rpl41,8,0,12.35,2.2748,48.9925,159.5091
SS3_MAF_Leo171129_p2_S43,G1,64740,Rpl41,0,2,12.35,2.2748,48.9925,159.5091
SS3_MAF_Leo171129_p2_S44,G1,37365,Rpl41,5,0,12.35,2.2748,48.9925,159.5091
SS3_MAF_Leo171129_p2_S45,S,66369,Rpl41,10,3,12.35,2.2748,48.9925,159.5091
SS3_MAF_Leo171129_p2_S47,G1,47781,Rpl41,6,2,12.35,2.2748,48.9925,159.5091
SS3_MAF_Leo171129_p2_S48,G1,51270,Rpl41,4,4,12.35,2.2748,48.9925,159.5091
SS3_MAF_Leo171129_p2_S49,G1,30770,Rpl41,,,12.35,2.2748,48.9925,159.5091
SS3_MAF_Leo171129_p2_S4,G1,39611,Rpl41,6,0,12.35,2.2748,48.9925,159.5091
SS3_MAF_Leo171129_p2_S50,G1,57440,Rpl41,10,0,12.35,2.2748,48.9925,159.5091
SS3_MAF_Leo171129_p2_S52,G1,21457,Rpl41,5,0,12.35,2.2748,48.9925,159.5091
SS3_MAF_Leo171129_p2_S53,G1,80336,Rpl41,19,0,12.35,2.2748,48.9925,159.5091
SS3_MAF_Leo171129_p2_S55,G2M,88188,Rpl41,4,11,12.35,2.2748,48.9925,159.5091
SS3_MAF_Leo171129_p2_S57,G1,42297,Rpl41,3,0,12.35,2.2748,48.9925,159.5091
SS3_MAF_Leo171129_p2_S58,G1,55834,Rpl41,9,4,12.35,2.2748,48.9925,159.5091
SS3_MAF_Leo171129_p2_S59,G1,45969,Rpl41,10,0,12.35,2.2748,48.9925,159.5091
SS3_MAF_Leo171129_p2_S5,G2M,34433,Rpl41,1,4,12.35,2.2748,48.9925,159.5091
SS3_MAF_Leo171129_p2_S61,G1,20315,Rpl41,7,0,12.35,2.2748,48.9925,159.5091
SS3_MAF_Leo171129_p2_S62,G1,20928,Rpl41,14,0,12.35,2.2748,48.9925,159.5091
SS3_MAF_Leo171129_p2_S64,G1,100938,Rpl41,9,0,12.35,2.2748,48.9925,159.5091
SS3_MAF_Leo171129_p2_S65,G1,52328,Rpl41,10,9,12.35,2.2748,48.9925,159.5091
SS3_MAF_Leo171129_p2_S66,G1,67878,Rpl41,12,2,12.35,2.2748,48.9925,159.5091
SS3_MAF_Leo171129_p2_S67,S,68235,Rpl41,0,4,12.35,2.2748,48.9925,159.5091
SS3_MAF_Leo171129_p2_S68,G1,15259,Rpl41,4,0,12.35,2.2748,48.9925,159.5091
SS3_MAF_Leo171129_p2_S69,G1,36667,Rpl41,3,2,12.35,2.2748,48.9925,159.5091
SS3_MAF_Leo171129_p2_S6,G2M,60468,Rpl41,15,0,12.35,2.2748,48.9925,159.5091
SS3_MAF_Leo171129_p2_S72,G1,18464,Rpl41,4,0,12.35,2.2748,48.9925,159.5091
SS3_MAF_Leo171129_p2_S73,G1,94179,Rpl41,10,0,12.35,2.2748,48.9925,159.5091
SS3_MAF_Leo171129_p2_S74,G1,85288,Rpl41,0,18,12.35,2.2748,48.9925,159.5091
SS3_MAF_Leo171129_p2_S75,G1,53506,Rpl41,6,8,12.35,2.2748,48.9925,159.5091
SS3_MAF_Leo171129_p2_S76,G2M,60345,Rpl41,9,0,12.35,2.2748,48.9925,159.5091
SS3_MAF_Leo171129_p2_S77,G1,30764,Rpl41,16,0,12.35,2.2748,48.9925,159.5091
SS3_MAF_Leo171129_p2_S78,S,64444,Rpl41,14,0,12.35,2.2748,48.9925,159.5091
SS3_MAF_Leo171129_p2_S79,G1,20086,Rpl41,7,0,12.35,2.2748,48.9925,159.5091
SS3_MAF_Leo171129_p2_S7,G1,42337,Rpl41,11,0,12.35,2.2748,48.9925,159.5091
SS3_MAF_Leo171129_p2_S80,S,46988,Rpl41,5,2,12.35,2.2748,48.9925,159.5091
SS3_MAF_Leo171129_p2_S81,G2M,13199,Rpl41,3,0,12.35,2.2748,48.9925,159.5091
SS3_MAF_Leo171129_p2_S82,G1,10672,Rpl41,5,2,12.35,2.2748,48.9925,159.5091
SS3_MAF_Leo171129_p2_S83,G1,62168,Rpl41,12,0,12.35,2.2748,48.9925,159.5091
SS3_MAF_Leo171129_p2_S84,G1,9220,Rpl41,3,0,12.35,2.2748,48.9925,159.5091
SS3_MAF_Leo171129_p2_S85,G1,12557,Rpl41,,,12.35,2.2748,48.9925,159.5091
SS3_MAF_Leo171129_p2_S86,S,76694,Rpl41,8,0,12.35,2.2748,48.9925,159.5091
SS3_MAF_Leo171129_p2_S87,G1,33235,Rpl41,7,0,12.35,2.2748,48.9925,159.5091
SS3_MAF_Leo171129_p2_S89,G1,128206,Rpl41,0,15,12.35,2.2748,48.9925,159.5091
SS3_MAF_Leo171129_p2_S8,G1,42290,Rpl41,11,10,12.35,2.2748,48.9925,159.5091
SS3_MAF_Leo171129_p2_S90,G1,144876,Rpl41,14,0,12.35,2.2748,48.9925,159.5091
SS3_MAF_Leo171129_p2_S91,G1,95482,Rpl41,5,6,12.35,2.2748,48.9925,159.5091
SS3_MAF_Leo171129_p2_S92,G1,42727,Rpl41,12,7,12.35,2.2748,48.9925,159.5091
SS3_MAF_Leo171129_p2_S93,S,50420,Rpl41,31,0,12.35,2.2748,48.9925,159.5091
SS3_MAF_Leo171129_p2_S94,G2M,49637,Rpl41,5,0,12.35,2.2748,48.9925,159.5091
SS3_MAF_Leo171129_p2_S9,G2M,77535,Rpl41,7,10,12.35,2.2748,48.9925,159.5091
SS3_MAF_leo180223_p6_A10_S10,G1,23929,Rpl41,6,1,12.35,2.2748,48.9925,159.5091
SS3_MAF_leo180223_p6_B01_S13,G1,24789,Rpl41,3,0,12.35,2.2748,48.9925,159.5091
SS3_MAF_leo180223_p6_A03_S3,G1,36756,Rpl41,4,0,12.35,2.2748,48.9925,159.5091
SS3_MAF_leo180223_p6_A09_S9,G2M,12578,Rpl41,1,1,12.35,2.2748,48.9925,159.5091
SS3_MAF_leo180223_p6_B05_S17,G2M,7653,Rpl41,4,0,12.35,2.2748,48.9925,159.5091
SS3_MAF_leo180223_p6_A01_S1,G1,53431,Rpl41,12,0,12.35,2.2748,48.9925,159.5091
SS3_MAF_leo180223_p6_A11_S11,G1,30102,Rpl41,2,13,12.35,2.2748,48.9925,159.5091
SS3_MAF_leo180223_p6_C01_S25,G1,49793,Rpl41,4,0,12.35,2.2748,48.9925,159.5091
SS3_MAF_leo180223_p6_B02_S14,G1,55296,Rpl41,7,0,12.35,2.2748,48.9925,159.5091
SS3_MAF_leo180223_p6_A02_S2,S,72303,Rpl41,7,0,12.35,2.2748,48.9925,159.5091
SS3_MAF_leo180223_p6_A05_S5,G2M,11957,Rpl41,5,0,12.35,2.2748,48.9925,159.5091
SS3_MAF_leo180223_p6_A07_S7,G1,26205,Rpl41,4,3,12.35,2.2748,48.9925,159.5091
SS3_MAF_leo180223_p6_A04_S4,G1,42732,Rpl41,1,0,12.35,2.2748,48.9925,159.5091
SS3_MAF_leo180223_p6_A12_S12,G1,52402,Rpl41,6,3,12.35,2.2748,48.9925,159.5091
SS3_MAF_leo180223_p6_B04_S16,G1,30714,Rpl41,23,2,12.35,2.2748,48.9925,159.5091
SS3_MAF_leo180223_p6_A06_S6,G1,57207,Rpl41,14,0,12.35,2.2748,48.9925,159.5091
SS3_MAF_leo180223_p6_B03_S15,S,61296,Rpl41,6,7,12.35,2.2748,48.9925,159.5091
SS3_MAF_leo180223_p6_B10_S22,G1,22876,Rpl41,21,1,12.35,2.2748,48.9925,159.5091
SS3_MAF_leo180223_p6_C02_S26,G1,65040,Rpl41,12,0,12.35,2.2748,48.9925,159.5091
SS3_MAF_leo180223_p6_C04_S28,G2M,26058,Rpl41,10,1,12.35,2.2748,48.9925,159.5091
SS3_MAF_leo180223_p6_B09_S21,G1,37734,Rpl41,12,3,12.35,2.2748,48.9925,159.5091
SS3_MAF_leo180223_p6_C05_S29,G1,60723,Rpl41,6,6,12.35,2.2748,48.9925,159.5091
SS3_MAF_leo180223_p6_C11_S35,G1,54024,Rpl41,14,1,12.35,2.2748,48.9925,159.5091
SS3_MAF_leo180223_p6_C09_S33,G1,53996,Rpl41,8,3,12.35,2.2748,48.9925,159.5091
SS3_MAF_leo180223_p6_D01_S37,S,55709,Rpl41,7,0,12.35,2.2748,48.9925,159.5091
SS3_MAF_leo180223_p6_D03_S39,G1,47188,Rpl41,1,2,12.35,2.2748,48.9925,159.5091
SS3_MAF_leo180223_p6_B11_S23,G1,41554,Rpl41,9,0,12.35,2.2748,48.9925,159.5091
SS3_MAF_leo180223_p6_D05_S41,G1,29838,Rpl41,3,3,12.35,2.2748,48.9925,159.5091
SS3_MAF_leo180223_p6_D09_S45,G1,51007,Rpl41,0,6,12.35,2.2748,48.9925,159.5091
SS3_MAF_leo180223_p6_B07_S19,G1,14673,Rpl41,,,12.35,2.2748,48.9925,159.5091
SS3_MAF_leo180223_p6_E01_S49,G1,58894,Rpl41,24,0,12.35,2.2748,48.9925,159.5091
SS3_MAF_leo180223_p6_C10_S34,G1,57445,Rpl41,3,6,12.35,2.2748,48.9925,159.5091
SS3_MAF_leo180223_p6_C12_S36,G1,65159,Rpl41,18,0,12.35,2.2748,48.9925,159.5091
SS3_MAF_leo180223_p6_C06_S30,S,48635,Rpl41,7,1,12.35,2.2748,48.9925,159.5091
SS3_MAF_leo180223_p6_D12_S48,G1,7742,Rpl41,,,12.35,2.2748,48.9925,159.5091
SS3_MAF_leo180223_p6_D07_S43,G1,58044,Rpl41,12,0,12.35,2.2748,48.9925,159.5091
SS3_MAF_leo180223_p6_D04_S40,S,62213,Rpl41,16,4,12.35,2.2748,48.9925,159.5091
SS3_MAF_leo180223_p6_E07_S55,G1,79485,Rpl41,10,3,12.35,2.2748,48.9925,159.5091
SS3_MAF_leo180223_p6_D02_S38,G1,54559,Rpl41,9,0,12.35,2.2748,48.9925,159.5091
SS3_MAF_leo180223_p6_E10_S58,G1,7949,Rpl41,2,0,12.35,2.2748,48.9925,159.5091
SS3_MAF_leo180223_p6_E05_S53,S,40138,Rpl41,7,0,12.35,2.2748,48.9925,159.5091
SS3_MAF_leo180223_p6_E03_S51,G1,56996,Rpl41,11,1,12.35,2.2748,48.9925,159.5091
SS3_MAF_leo180223_p6_E11_S59,G1,29427,Rpl41,2,0,12.35,2.2748,48.9925,159.5091
SS3_MAF_leo180223_p6_F03_S63,G1,16661,Rpl41,16,0,12.35,2.2748,48.9925,159.5091
SS3_MAF_leo180223_p6_F07_S67,G1,12997,Rpl41,1,0,12.35,2.2748,48.9925,159.5091
SS3_MAF_leo180223_p6_D06_S42,G2M,25551,Rpl41,5,3,12.35,2.2748,48.9925,159.5091
SS3_MAF_leo180223_p6_F10_S70,G1,28264,Rpl41,6,0,12.35,2.2748,48.9925,159.5091
SS3_MAF_leo180223_p6_G01_S73,G2M,9750,Rpl41,6,0,12.35,2.2748,48.9925,159.5091
SS3_MAF_leo180223_p6_G05_S77,G2M,16211,Rpl41,5,0,12.35,2.2748,48.9925,159.5091
SS3_MAF_leo180223_p6_F05_S65,G1,43383,Rpl41,4,0,12.35,2.2748,48.9925,159.5091
SS3_MAF_leo180223_p6_G03_S75,G1,30248,Rpl41,8,3,12.35,2.2748,48.9925,159.5091
SS3_MAF_leo180223_p6_E06_S54,G1,15835,Rpl41,6,5,12.35,2.2748,48.9925,159.5091
SS3_MAF_leo180223_p6_G07_S79,G1,44754,Rpl41,14,1,12.35,2.2748,48.9925,159.5091
SS3_MAF_leo180223_p6_G09_S81,G1,14370,Rpl41,11,3,12.35,2.2748,48.9925,159.5091
SS3_MAF_leo180223_p6_G11_S83,S,43335,Rpl41,3,1,12.35,2.2748,48.9925,159.5091
SS3_MAF_leo180223_p6_D08_S44,G1,11889,Rpl41,,,12.35,2.2748,48.9925,159.5091
SS3_MAF_leo180223_p6_H07_S91,G1,10415,Rpl41,4,0,12.35,2.2748,48.9925,159.5091
SS3_MAF_leo180223_p6_H09_S93,G1,13994,Rpl41,2,0,12.35,2.2748,48.9925,159.5091
SS3_MAF_leo180223_p6_H11_S95,G1,17619,Rpl41,3,0,12.35,2.2748,48.9925,159.5091
SS3_MAF_leo180223_p6_G06_S78,G1,17000,Rpl41,7,0,12.35,2.2748,48.9925,159.5091
SS3_MAF_leo180223_p6_E12_S60,G1,29942,Rpl41,6,0,12.35,2.2748,48.9925,159.5091
SS3_MAF_leo180223_p4_S101,S,46504,Rpl41,4,2,12.35,2.2748,48.9925,159.5091
SS3_MAF_leo180223_p4_S102,G1,28700,Rpl41,1,1,12.35,2.2748,48.9925,159.5091
SS3_MAF_leo180223_p4_S104,G2M,9443,Rpl41,6,0,12.35,2.2748,48.9925,159.5091
SS3_MAF_leo180223_p4_S108,G1,8102,Rpl41,10,1,12.35,2.2748,48.9925,159.5091
SS3_MAF_leo180223_p4_S105,G1,46105,Rpl41,8,0,12.35,2.2748,48.9925,159.5091
SS3_MAF_leo180223_p4_S106,G1,46823,Rpl41,5,0,12.35,2.2748,48.9925,159.5091
SS3_MAF_leo180223_p6_D10_S46,G1,15028,Rpl41,,,12.35,2.2748,48.9925,159.5091
SS3_MAF_leo180223_p4_S107,G1,57441,Rpl41,15,2,12.35,2.2748,48.9925,159.5091
SS3_MAF_leo180223_p6_F06_S66,G1,35862,Rpl41,9,2,12.35,2.2748,48.9925,159.5091
SS3_MAF_leo180223_p6_E08_S56,G1,19789,Rpl41,3,0,12.35,2.2748,48.9925,159.5091
SS3_MAF_leo180223_p6_H08_S92,G1,31398,Rpl41,6,0,12.35,2.2748,48.9925,159.5091
SS3_MAF_leo180223_p6_H10_S94,S,43246,Rpl41,4,2,12.35,2.2748,48.9925,159.5091
SS3_MAF_leo180223_p4_S109,G1,22942,Rpl41,2,5,12.35,2.2748,48.9925,159.5091
SS3_MAF_leo180223_p6_G04_S76,G1,14904,Rpl41,0,3,12.35,2.2748,48.9925,159.5091
SS3_MAF_leo180223_p4_S112,G1,10651,Rpl41,,,12.35,2.2748,48.9925,159.5091
SS3_MAF_leo180223_p4_S111,S,17722,Rpl41,3,0,12.35,2.2748,48.9925,159.5091
SS3_MAF_leo180223_p4_S113,G1,54566,Rpl41,13,0,12.35,2.2748,48.9925,159.5091
SS3_MAF_leo180223_p6_E02_S50,G1,56102,Rpl41,6,8,12.35,2.2748,48.9925,159.5091
SS3_MAF_leo180223_p4_S114,G1,41605,Rpl41,3,0,12.35,2.2748,48.9925,159.5091
SS3_MAF_leo180223_p4_S115,G1,31806,Rpl41,7,0,12.35,2.2748,48.9925,159.5091
SS3_MAF_leo180223_p4_S117,G1,33445,Rpl41,5,0,12.35,2.2748,48.9925,159.5091
SS3_MAF_leo180223_p4_S116,G2M,43218,Rpl41,5,2,12.35,2.2748,48.9925,159.5091
SS3_MAF_leo180223_p4_S118,G1,39079,Rpl41,5,3,12.35,2.2748,48.9925,159.5091
SS3_MAF_leo180223_p4_S119,G1,32951,Rpl41,1,2,12.35,2.2748,48.9925,159.5091
SS3_MAF_leo180223_p4_S123,S,42089,Rpl41,4,1,12.35,2.2748,48.9925,159.5091
SS3_MAF_leo180223_p4_S121,G1,35385,Rpl41,1,2,12.35,2.2748,48.9925,159.5091
SS3_MAF_leo180223_p4_S122,G1,48450,Rpl41,5,3,12.35,2.2748,48.9925,159.5091
SS3_MAF_leo180223_p4_S125,G1,36709,Rpl41,16,0,12.35,2.2748,48.9925,159.5091
SS3_MAF_leo180223_p4_S126,G1,14776,Rpl41,7,1,12.35,2.2748,48.9925,159.5091
SS3_MAF_leo180223_p4_S127,G1,30192,Rpl41,3,3,12.35,2.2748,48.9925,159.5091
SS3_MAF_leo180223_p4_S124,G1,48177,Rpl41,10,1,12.35,2.2748,48.9925,159.5091
SS3_MAF_leo180223_p4_S129,G1,39617,Rpl41,2,3,12.35,2.2748,48.9925,159.5091
SS3_MAF_leo180223_p4_S130,G1,30386,Rpl41,9,4,12.35,2.2748,48.9925,159.5091
SS3_MAF_leo180223_p4_S131,G2M,30460,Rpl41,3,5,12.35,2.2748,48.9925,159.5091
SS3_MAF_leo180223_p4_S132,G1,38643,Rpl41,7,1,12.35,2.2748,48.9925,159.5091
SS3_MAF_leo180223_p4_S134,G1,9113,Rpl41,1,1,12.35,2.2748,48.9925,159.5091
SS3_MAF_leo180223_p4_S133,G1,42441,Rpl41,5,0,12.35,2.2748,48.9925,159.5091
SS3_MAF_leo180223_p4_S135,G1,17189,Rpl41,7,0,12.35,2.2748,48.9925,159.5091
SS3_MAF_leo180223_p4_S139,G2M,11145,Rpl41,5,0,12.35,2.2748,48.9925,159.5091
SS3_MAF_leo180223_p4_S137,S,43012,Rpl41,6,5,12.35,2.2748,48.9925,159.5091
SS3_MAF_leo180223_p4_S138,G2M,50993,Rpl41,16,0,12.35,2.2748,48.9925,159.5091
SS3_MAF_leo180223_p4_S140,G1,10911,Rpl41,2,0,12.35,2.2748,48.9925,159.5091
SS3_MAF_leo180223_p4_S142,G1,13960,Rpl41,0,3,12.35,2.2748,48.9925,159.5091
SS3_MAF_leo180223_p4_S147,G1,18062,Rpl41,8,0,12.35,2.2748,48.9925,159.5091
SS3_MAF_leo180223_p4_S97,G1,34429,Rpl41,5,3,12.35,2.2748,48.9925,159.5091
SS3_MAF_leo180223_p4_S146,S,29223,Rpl41,5,0,12.35,2.2748,48.9925,159.5091
SS3_MAF_leo180223_p4_S145,G1,40112,Rpl41,2,2,12.35,2.2748,48.9925,159.5091
SS3_MAF_leo180223_p4_S148,G2M,35298,Rpl41,10,0,12.35,2.2748,48.9925,159.5091
SS3_MAF_leo180223_p4_S150,G2M,11070,Rpl41,0,0,12.35,2.2748,48.9925,159.5091
SS3_MAF_leo180223_p4_S149,G1,46283,Rpl41,16,1,12.35,2.2748,48.9925,159.5091
SS3_MAF_leo180223_p4_S151,G2M,37513,Rpl41,11,0,12.35,2.2748,48.9925,159.5091
SS3_MAF_leo180223_p4_S153,G1,57674,Rpl41,7,0,12.35,2.2748,48.9925,159.5091
SS3_MAF_leo180223_p4_S156,G1,20071,Rpl41,,,12.35,2.2748,48.9925,159.5091
SS3_MAF_leo180223_p4_S154,S,55869,Rpl41,8,0,12.35,2.2748,48.9925,159.5091
SS3_MAF_leo180223_p4_S157,G1,20536,Rpl41,4,1,12.35,2.2748,48.9925,159.5091
SS3_MAF_leo180223_p4_S159,G1,32667,Rpl41,8,9,12.35,2.2748,48.9925,159.5091
SS3_MAF_leo180223_p4_S158,G2M,48866,Rpl41,2,1,12.35,2.2748,48.9925,159.5091
SS3_MAF_leo180223_p4_S161,S,44634,Rpl41,5,0,12.35,2.2748,48.9925,159.5091
SS3_MAF_leo180223_p4_S160,G1,25072,Rpl41,5,0,12.35,2.2748,48.9925,159.5091
SS3_MAF_leo180223_p4_S162,G1,36811,Rpl41,4,0,12.35,2.2748,48.9925,159.5091
SS3_MAF_leo180223_p4_S164,G1,43467,Rpl41,8,2,12.35,2.2748,48.9925,159.5091
SS3_MAF_leo180223_p4_S166,S,28129,Rpl41,4,1,12.35,2.2748,48.9925,159.5091
SS3_MAF_leo180223_p4_S167,G1,26371,Rpl41,5,0,12.35,2.2748,48.9925,159.5091
SS3_MAF_leo180223_p4_S169,G1,34158,Rpl41,1,0,12.35,2.2748,48.9925,159.5091
SS3_MAF_leo180223_p4_S165,G1,39578,Rpl41,13,3,12.35,2.2748,48.9925,159.5091
SS3_MAF_leo180223_p4_S173,G1,19064,Rpl41,2,0,12.35,2.2748,48.9925,159.5091
SS3_MAF_leo180223_p4_S170,G1,51247,Rpl41,5,3,12.35,2.2748,48.9925,159.5091
SS3_MAF_leo180223_p4_S171,S,67232,Rpl41,21,6,12.35,2.2748,48.9925,159.5091
SS3_MAF_leo180223_p4_S177,S,44173,Rpl41,7,4,12.35,2.2748,48.9925,159.5091
SS3_MAF_leo180223_p4_S174,G1,31352,Rpl41,0,0,12.35,2.2748,48.9925,159.5091
SS3_MAF_leo180223_p4_S180,G1,16181,Rpl41,0,0,12.35,2.2748,48.9925,159.5091
SS3_MAF_leo180223_p4_S176,G1,20544,Rpl41,7,0,12.35,2.2748,48.9925,159.5091
SS3_MAF_leo180223_p4_S179,G1,32343,Rpl41,0,1,12.35,2.2748,48.9925,159.5091
SS3_MAF_leo180223_p4_S178,S,57266,Rpl41,13,5,12.35,2.2748,48.9925,159.5091
SS3_MAF_leo180223_p4_S181,G1,25042,Rpl41,4,0,12.35,2.2748,48.9925,159.5091
SS3_MAF_leo180223_p4_S183,G1,33832,Rpl41,5,3,12.35,2.2748,48.9925,159.5091
SS3_MAF_leo180223_p4_S182,G1,52029,Rpl41,4,0,12.35,2.2748,48.9925,159.5091
SS3_MAF_leo180223_p4_S186,S,58004,Rpl41,7,0,12.35,2.2748,48.9925,159.5091
SS3_MAF_leo180223_p4_S187,G2M,15045,Rpl41,0,0,12.35,2.2748,48.9925,159.5091
SS3_MAF_leo180223_p4_S191,G2M,11140,Rpl41,9,0,12.35,2.2748,48.9925,159.5091
SS3_MAF_leo180223_p4_S185,G1,52790,Rpl41,21,0,12.35,2.2748,48.9925,159.5091
SS3_MAF_leo180223_p4_S189,G1,66797,Rpl41,9,2,12.35,2.2748,48.9925,159.5091
SS3_MAF_leo180223_p4_S188,G1,51539,Rpl41,5,5,12.35,2.2748,48.9925,159.5091
SS3_MAF_leo180223_p4_S190,G1,37493,Rpl41,7,0,12.35,2.2748,48.9925,159.5091
SS3_MAF_leo180223_p4_S98,G1,27030,Rpl41,11,0,12.35,2.2748,48.9925,159.5091
SS3_MAF_leo180223_p4_S99,G1,22647,Rpl41,5,3,12.35,2.2748,48.9925,159.5091
SS3_MAF_Leo171129_p2_S10,G1,39310,Prpf38b,6,2,1.627,0.7372,11.9869,31.5902
SS3_MAF_Leo171129_p2_S12,G1,46976,Prpf38b,4,0,1.627,0.7372,11.9869,31.5902
SS3_MAF_Leo171129_p2_S13,G1,43893,Prpf38b,0,7,1.627,0.7372,11.9869,31.5902
SS3_MAF_Leo171129_p2_S14,G1,39959,Prpf38b,4,4,1.627,0.7372,11.9869,31.5902
SS3_MAF_Leo171129_p2_S16,G1,41170,Prpf38b,1,1,1.627,0.7372,11.9869,31.5902
SS3_MAF_Leo171129_p2_S17,G1,117795,Prpf38b,0,15,1.627,0.7372,11.9869,31.5902
SS3_MAF_Leo171129_p2_S18,S,79991,Prpf38b,15,9,1.627,0.7372,11.9869,31.5902
SS3_MAF_Leo171129_p2_S19,G1,63056,Prpf38b,6,3,1.627,0.7372,11.9869,31.5902
SS3_MAF_Leo171129_p2_S1,G2M,48601,Prpf38b,2,9,1.627,0.7372,11.9869,31.5902
SS3_MAF_Leo171129_p2_S20,G1,70834,Prpf38b,0,2,1.627,0.7372,11.9869,31.5902
SS3_MAF_Leo171129_p2_S21,G1,75490,Prpf38b,2,4,1.627,0.7372,11.9869,31.5902
SS3_MAF_Leo171129_p2_S22,G2M,33098,Prpf38b,,,1.627,0.7372,11.9869,31.5902
SS3_MAF_Leo171129_p2_S23,G1,36429,Prpf38b,1,1,1.627,0.7372,11.9869,31.5902
SS3_MAF_Leo171129_p2_S24,G1,29297,Prpf38b,1,1,1.627,0.7372,11.9869,31.5902
SS3_MAF_Leo171129_p2_S25,G1,77970,Prpf38b,0,5,1.627,0.7372,11.9869,31.5902
SS3_MAF_Leo171129_p2_S26,G2M,42619,Prpf38b,0,6,1.627,0.7372,11.9869,31.5902
SS3_MAF_Leo171129_p2_S27,G1,8122,Prpf38b,0,0,1.627,0.7372,11.9869,31.5902
SS3_MAF_Leo171129_p2_S28,G2M,16215,Prpf38b,,,1.627,0.7372,11.9869,31.5902
SS3_MAF_Leo171129_p2_S2,S,34219,Prpf38b,7,0,1.627,0.7372,11.9869,31.5902
SS3_MAF_Leo171129_p2_S30,G2M,10030,Prpf38b,0,0,1.627,0.7372,11.9869,31.5902
SS3_MAF_Leo171129_p2_S31,G1,50024,Prpf38b,0,7,1.627,0.7372,11.9869,31.5902
SS3_MAF_Leo171129_p2_S32,G2M,51366,Prpf38b,6,0,1.627,0.7372,11.9869,31.5902
SS3_MAF_Leo171129_p2_S33,G1,64228,Prpf38b,4,12,1.627,0.7372,11.9869,31.5902
SS3_MAF_Leo171129_p2_S34,G1,38195,Prpf38b,0,1,1.627,0.7372,11.9869,31.5902
SS3_MAF_Leo171129_p2_S37,G1,13225,Prpf38b,1,1,1.627,0.7372,11.9869,31.5902
SS3_MAF_Leo171129_p2_S3,G1,55963,Prpf38b,5,3,1.627,0.7372,11.9869,31.5902
SS3_MAF_Leo171129_p2_S41,G1,108019,Prpf38b,3,6,1.627,0.7372,11.9869,31.5902
SS3_MAF_Leo171129_p2_S42,G1,65018,Prpf38b,3,4,1.627,0.7372,11.9869,31.5902
SS3_MAF_Leo171129_p2_S43,G1,64740,Prpf38b,7,5,1.627,0.7372,11.9869,31.5902
SS3_MAF_Leo171129_p2_S44,G1,37365,Prpf38b,4,2,1.627,0.7372,11.9869,31.5902
SS3_MAF_Leo171129_p2_S45,S,66369,Prpf38b,4,1,1.627,0.7372,11.9869,31.5902
SS3_MAF_Leo171129_p2_S47,G1,47781,Prpf38b,2,0,1.627,0.7372,11.9869,31.5902
SS3_MAF_Leo171129_p2_S48,G1,51270,Prpf38b,3,0,1.627,0.7372,11.9869,31.5902
SS3_MAF_Leo171129_p2_S49,G1,30770,Prpf38b,0,0,1.627,0.7372,11.9869,31.5902
SS3_MAF_Leo171129_p2_S4,G1,39611,Prpf38b,0,5,1.627,0.7372,11.9869,31.5902
SS3_MAF_Leo171129_p2_S50,G1,57440,Prpf38b,3,1,1.627,0.7372,11.9869,31.5902
SS3_MAF_Leo171129_p2_S52,G1,21457,Prpf38b,4,0,1.627,0.7372,11.9869,31.5902
SS3_MAF_Leo171129_p2_S53,G1,80336,Prpf38b,2,7,1.627,0.7372,11.9869,31.5902
SS3_MAF_Leo171129_p2_S55,G2M,88188,Prpf38b,5,2,1.627,0.7372,11.9869,31.5902
SS3_MAF_Leo171129_p2_S57,G1,42297,Prpf38b,0,5,1.627,0.7372,11.9869,31.5902
SS3_MAF_Leo171129_p2_S58,G1,55834,Prpf38b,0,6,1.627,0.7372,11.9869,31.5902
SS3_MAF_Leo171129_p2_S59,G1,45969,Prpf38b,0,6,1.627,0.7372,11.9869,31.5902
SS3_MAF_Leo171129_p2_S5,G2M,34433,Prpf38b,0,6,1.627,0.7372,11.9869,31.5902
SS3_MAF_Leo171129_p2_S61,G1,20315,Prpf38b,0,0,1.627,0.7372,11.9869,31.5902
SS3_MAF_Leo171129_p2_S62,G1,20928,Prpf38b,1,0,1.627,0.7372,11.9869,31.5902
SS3_MAF_Leo171129_p2_S64,G1,100938,Prpf38b,1,3,1.627,0.7372,11.9869,31.5902
SS3_MAF_Leo171129_p2_S65,G1,52328,Prpf38b,7,2,1.627,0.7372,11.9869,31.5902
SS3_MAF_Leo171129_p2_S66,G1,67878,Prpf38b,1,5,1.627,0.7372,11.9869,31.5902
SS3_MAF_Leo171129_p2_S67,S,68235,Prpf38b,5,7,1.627,0.7372,11.9869,31.5902
SS3_MAF_Leo171129_p2_S68,G1,15259,Prpf38b,0,0,1.627,0.7372,11.9869,31.5902
SS3_MAF_Leo171129_p2_S69,G1,36667,Prpf38b,2,1,1.627,0.7372,11.9869,31.5902
SS3_MAF_Leo171129_p2_S6,G2M,60468,Prpf38b,1,5,1.627,0.7372,11.9869,31.5902
SS3_MAF_Leo171129_p2_S72,G1,18464,Prpf38b,0,2,1.627,0.7372,11.9869,31.5902
SS3_MAF_Leo171129_p2_S73,G1,94179,Prpf38b,9,2,1.627,0.7372,11.9869,31.5902
SS3_MAF_Leo171129_p2_S74,G1,85288,Prpf38b,5,14,1.627,0.7372,11.9869,31.5902
SS3_MAF_Leo171129_p2_S75,G1,53506,Prpf38b,0,4,1.627,0.7372,11.9869,31.5902
SS3_MAF_Leo171129_p2_S76,G2M,60345,Prpf38b,1,5,1.627,0.7372,11.9869,31.5902
SS3_MAF_Leo171129_p2_S77,G1,30764,Prpf38b,0,0,1.627,0.7372,11.9869,31.5902
SS3_MAF_Leo171129_p2_S78,S,64444,Prpf38b,10,8,1.627,0.7372,11.9869,31.5902
SS3_MAF_Leo171129_p2_S79,G1,20086,Prpf38b,0,0,1.627,0.7372,11.9869,31.5902
SS3_MAF_Leo171129_p2_S7,G1,42337,Prpf38b,,,1.627,0.7372,11.9869,31.5902
SS3_MAF_Leo171129_p2_S80,S,46988,Prpf38b,10,5,1.627,0.7372,11.9869,31.5902
SS3_MAF_Leo171129_p2_S81,G2M,13199,Prpf38b,1,2,1.627,0.7372,11.9869,31.5902
SS3_MAF_Leo171129_p2_S82,G1,10672,Prpf38b,0,0,1.627,0.7372,11.9869,31.5902
SS3_MAF_Leo171129_p2_S83,G1,62168,Prpf38b,1,9,1.627,0.7372,11.9869,31.5902
SS3_MAF_Leo171129_p2_S84,G1,9220,Prpf38b,0,0,1.627,0.7372,11.9869,31.5902
SS3_MAF_Leo171129_p2_S85,G1,12557,Prpf38b,0,0,1.627,0.7372,11.9869,31.5902
SS3_MAF_Leo171129_p2_S86,S,76694,Prpf38b,0,3,1.627,0.7372,11.9869,31.5902
SS3_MAF_Leo171129_p2_S87,G1,33235,Prpf38b,3,0,1.627,0.7372,11.9869,31.5902
SS3_MAF_Leo171129_p2_S89,G1,128206,Prpf38b,7,14,1.627,0.7372,11.9869,31.5902
SS3_MAF_Leo171129_p2_S8,G1,42290,Prpf38b,2,0,1.627,0.7372,11.9869,31.5902
SS3_MAF_Leo171129_p2_S90,G1,144876,Prpf38b,3,25,1.627,0.7372,11.9869,31.5902
SS3_MAF_Leo171129_p2_S91,G1,95482,Prpf38b,1,4,1.627,0.7372,11.9869,31.5902
SS3_MAF_Leo171129_p2_S92,G1,42727,Prpf38b,0,2,1.627,0.7372,11.9869,31.5902
SS3_MAF_Leo171129_p2_S93,S,50420,Prpf38b,9,0,1.627,0.7372,11.9869,31.5902
SS3_MAF_Leo171129_p2_S94,G2M,49637,Prpf38b,5,1,1.627,0.7372,11.9869,31.5902
SS3_MAF_Leo171129_p2_S9,G2M,77535,Prpf38b,3,6,1.627,0.7372,11.9869,31.5902
SS3_MAF_leo180223_p6_A10_S10,G1,23929,Prpf38b,0,1,1.627,0.7372,11.9869,31.5902
SS3_MAF_leo180223_p6_B01_S13,G1,24789,Prpf38b,0,0,1.627,0.7372,11.9869,31.5902
SS3_MAF_leo180223_p6_A03_S3,G1,36756,Prpf38b,2,5,1.627,0.7372,11.9869,31.5902
SS3_MAF_leo180223_p6_A09_S9,G2M,12578,Prpf38b,1,1,1.627,0.7372,11.9869,31.5902
SS3_MAF_leo180223_p6_B05_S17,G2M,7653,Prpf38b,0,0,1.627,0.7372,11.9869,31.5902
SS3_MAF_leo180223_p6_A01_S1,G1,53431,Prpf38b,0,5,1.627,0.7372,11.9869,31.5902
SS3_MAF_leo180223_p6_A11_S11,G1,30102,Prpf38b,0,8,1.627,0.7372,11.9869,31.5902
SS3_MAF_leo180223_p6_C01_S25,G1,49793,Prpf38b,4,3,1.627,0.7372,11.9869,31.5902
SS3_MAF_leo180223_p6_B02_S14,G1,55296,Prpf38b,1,3,1.627,0.7372,11.9869,31.5902
SS3_MAF_leo180223_p6_A02_S2,S,72303,Prpf38b,1,5,1.627,0.7372,11.9869,31.5902
SS3_MAF_leo180223_p6_A05_S5,G2M,11957,Prpf38b,2,5,1.627,0.7372,11.9869,31.5902
SS3_MAF_leo180223_p6_A07_S7,G1,26205,Prpf38b,0,1,1.627,0.7372,11.9869,31.5902
SS3_MAF_leo180223_p6_A04_S4,G1,42732,Prpf38b,1,0,1.627,0.7372,11.9869,31.5902
SS3_MAF_leo180223_p6_A12_S12,G1,52402,Prpf38b,4,0,1.627,0.7372,11.9869,31.5902
SS3_MAF_leo180223_p6_B04_S16,G1,30714,Prpf38b,2,2,1.627,0.7372,11.9869,31.5902
SS3_MAF_leo180223_p6_A06_S6,G1,57207,Prpf38b,0,3,1.627,0.7372,11.9869,31.5902
SS3_MAF_leo180223_p6_B03_S15,S,61296,Prpf38b,1,8,1.627,0.7372,11.9869,31.5902
SS3_MAF_leo180223_p6_B10_S22,G1,22876,Prpf38b,1,0,1.627,0.7372,11.9869,31.5902
SS3_MAF_leo180223_p6_C02_S26,G1,65040,Prpf38b,0,4,1.627,0.7372,11.9869,31.5902
SS3_MAF_leo180223_p6_C04_S28,G2M,26058,Prpf38b,0,0,1.627,0.7372,11.9869,31.5902
SS3_MAF_leo180223_p6_B09_S21,G1,37734,Prpf38b,2,2,1.627,0.7372,11.9869,31.5902
SS3_MAF_leo180223_p6_C05_S29,G1,60723,Prpf38b,5,4,1.627,0.7372,11.9869,31.5902
SS3_MAF_leo180223_p6_C11_S35,G1,54024,Prpf38b,1,15,1.627,0.7372,11.9869,31.5902
SS3_MAF_leo180223_p6_C09_S33,G1,53996,Prpf38b,0,4,1.627,0.7372,11.9869,31.5902
SS3_MAF_leo180223_p6_D01_S37,S,55709,Prpf38b,0,5,1.627,0.7372,11.9869,31.5902
SS3_MAF_leo180223_p6_D03_S39,G1,47188,Prpf38b,1,0,1.627,0.7372,11.9869,31.5902
SS3_MAF_leo180223_p6_B11_S23,G1,41554,Prpf38b,0,4,1.627,0.7372,11.9869,31.5902
SS3_MAF_leo180223_p6_D05_S41,G1,29838,Prpf38b,2,1,1.627,0.7372,11.9869,31.5902
SS3_MAF_leo180223_p6_D09_S45,G1,51007,Prpf38b,5,0,1.627,0.7372,11.9869,31.5902
SS3_MAF_leo180223_p6_B07_S19,G1,14673,Prpf38b,0,0,1.627,0.7372,11.9869,31.5902
SS3_MAF_leo180223_p6_E01_S49,G1,58894,Prpf38b,1,14,1.627,0.7372,11.9869,31.5902
SS3_MAF_leo180223_p6_C10_S34,G1,57445,Prpf38b,2,6,1.627,0.7372,11.9869,31.5902
SS3_MAF_leo180223_p6_C12_S36,G1,65159,Prpf38b,12,2,1.627,0.7372,11.9869,31.5902
SS3_MAF_leo180223_p6_C06_S30,S,48635,Prpf38b,0,12,1.627,0.7372,11.9869,31.5902
SS3_MAF_leo180223_p6_D12_S48,G1,7742,Prpf38b,0,0,1.627,0.7372,11.9869,31.5902
SS3_MAF_leo180223_p6_D07_S43,G1,58044,Prpf38b,2,6,1.627,0.7372,11.9869,31.5902
SS3_MAF_leo180223_p6_D04_S40,S,62213,Prpf38b,4,4,1.627,0.7372,11.9869,31.5902
SS3_MAF_leo180223_p6_E07_S55,G1,79485,Prpf38b,0,4,1.627,0.7372,11.9869,31.5902
SS3_MAF_leo180223_p6_D02_S38,G1,54559,Prpf38b,3,10,1.627,0.7372,11.9869,31.5902
SS3_MAF_leo180223_p6_E10_S58,G1,7949,Prpf38b,0,0,1.627,0.7372,11.9869,31.5902
SS3_MAF_leo180223_p6_E05_S53,S,40138,Prpf38b,0,0,1.627,0.7372,11.9869,31.5902
SS3_MAF_leo180223_p6_E03_S51,G1,56996,Prpf38b,2,0,1.627,0.7372,11.9869,31.5902
SS3_MAF_leo180223_p6_E11_S59,G1,29427,Prpf38b,5,1,1.627,0.7372,11.9869,31.5902
SS3_MAF_leo180223_p6_F03_S63,G1,16661,Prpf38b,2,0,1.627,0.7372,11.9869,31.5902
SS3_MAF_leo180223_p6_F07_S67,G1,12997,Prpf38b,0,1,1.627,0.7372,11.9869,31.5902
SS3_MAF_leo180223_p6_D06_S42,G2M,25551,Prpf38b,0,0,1.627,0.7372,11.9869,31.5902
SS3_MAF_leo180223_p6_F10_S70,G1,28264,Prpf38b,0,1,1.627,0.7372,11.9869,31.5902
SS3_MAF_leo180223_p6_G01_S73,G2M,9750,Prpf38b,,,1.627,0.7372,11.9869,31.5902
SS3_MAF_leo180223_p6_G05_S77,G2M,16211,Prpf38b,0,0,1.627,0.7372,11.9869,31.5902
SS3_MAF_leo180223_p6_F05_S65,G1,43383,Prpf38b,4,3,1.627,0.7372,11.9869,31.5902
SS3_MAF_leo180223_p6_G03_S75,G1,30248,Prpf38b,1,1,1.627,0.7372,11.9869,31.5902
SS3_MAF_leo180223_p6_E06_S54,G1,15835,Prpf38b,1,0,1.627,0.7372,11.9869,31.5902
SS3_MAF_leo180223_p6_G07_S79,G1,44754,Prpf38b,0,1,1.627,0.7372,11.9869,31.5902
SS3_MAF_leo180223_p6_G09_S81,G1,14370,Prpf38b,0,0,1.627,0.7372,11.9869,31.5902
SS3_MAF_leo180223_p6_G11_S83,S,43335,Prpf38b,6,7,1.627,0.7372,11.9869,31.5902
SS3_MAF_leo180223_p6_D08_S44,G1,11889,Prpf38b,,,1.627,0.7372,11.9869,31.5902
SS3_MAF_leo180223_p6_H07_S91,G1,10415,Prpf38b,0,0,1.627,0.7372,11.9869,31.5902
SS3_MAF_leo180223_p6_H09_S93,G1,13994,Prpf38b,0,0,1.627,0.7372,11.9869,31.5902
SS3_MAF_leo180223_p6_H11_S95,G1,17619,Prpf38b,1,0,1.627,0.7372,11.9869,31.5902
SS3_MAF_leo180223_p6_G06_S78,G1,17000,Prpf38b,0,1,1.627,0.7372,11.9869,31.5902
SS3_MAF_leo180223_p6_E12_S60,G1,29942,Prpf38b,2,2,1.627,0.7372,11.9869,31.5902
SS3_MAF_leo180223_p4_S101,S,46504,Prpf38b,2,6,1.627,0.7372,11.9869,31.5902
SS3_MAF_leo180223_p4_S102,G1,28700,Prpf38b,1,1,1.627,0.7372,11.9869,31.5902
SS3_MAF_leo180223_p4_S104,G2M,9443,Prpf38b,,,1.627,0.7372,11.9869,31.5902
SS3_MAF_leo180223_p4_S108,G1,8102,Prpf38b,0,0,1.627,0.7372,11.9869,31.5902
SS3_MAF_leo180223_p4_S105,G1,46105,Prpf38b,2,4,1.627,0.7372,11.9869,31.5902
SS3_MAF_leo180223_p4_S106,G1,46823,Prpf38b,1,1,1.627,0.7372,11.9869,31.5902
SS3_MAF_leo180223_p6_D10_S46,G1,15028,Prpf38b,0,1,1.627,0.7372,11.9869,31.5902
SS3_MAF_leo180223_p4_S107,G1,57441,Prpf38b,1,3,1.627,0.7372,11.9869,31.5902
SS3_MAF_leo180223_p6_F06_S66,G1,35862,Prpf38b,0,2,1.627,0.7372,11.9869,31.5902
SS3_MAF_leo180223_p6_E08_S56,G1,19789,Prpf38b,0,3,1.627,0.7372,11.9869,31.5902
SS3_MAF_leo180223_p6_H08_S92,G1,31398,Prpf38b,1,5,1.627,0.7372,11.9869,31.5902
SS3_MAF_leo180223_p6_H10_S94,S,43246,Prpf38b,1,1,1.627,0.7372,11.9869,31.5902
SS3_MAF_leo180223_p4_S109,G1,22942,Prpf38b,2,1,1.627,0.7372,11.9869,31.5902
SS3_MAF_leo180223_p6_G04_S76,G1,14904,Prpf38b,0,0,1.627,0.7372,11.9869,31.5902
SS3_MAF_leo180223_p4_S112,G1,10651,Prpf38b,0,0,1.627,0.7372,11.9869,31.5902
SS3_MAF_leo180223_p4_S111,S,17722,Prpf38b,1,1,1.627,0.7372,11.9869,31.5902
SS3_MAF_leo180223_p4_S113,G1,54566,Prpf38b,0,6,1.627,0.7372,11.9869,31.5902
SS3_MAF_leo180223_p6_E02_S50,G1,56102,Prpf38b,6,0,1.627,0.7372,11.9869,31.5902
SS3_MAF_leo180223_p4_S114,G1,41605,Prpf38b,2,4,1.627,0.7372,11.9869,31.5902
SS3_MAF_leo180223_p4_S115,G1,31806,Prpf38b,2,6,1.627,0.7372,11.9869,31.5902
SS3_MAF_leo180223_p4_S117,G1,33445,Prpf38b,4,3,1.627,0.7372,11.9869,31.5902
SS3_MAF_leo180223_p4_S116,G2M,43218,Prpf38b,0,4,1.627,0.7372,11.9869,31.5902
SS3_MAF_leo180223_p4_S118,G1,39079,Prpf38b,4,0,1.627,0.7372,11.9869,31.5902
SS3_MAF_leo180223_p4_S119,G1,32951,Prpf38b,0,3,1.627,0.7372,11.9869,31.5902
SS3_MAF_leo180223_p4_S123,S,42089,Prpf38b,0,2,1.627,0.7372,11.9869,31.5902
SS3_MAF_leo180223_p4_S121,G1,35385,Prpf38b,4,2,1.627,0.7372,11.9869,31.5902
SS3_MAF_leo180223_p4_S122,G1,48450,Prpf38b,0,2,1.627,0.7372,11.9869,31.5902
SS3_MAF_leo180223_p4_S125,G1,36709,Prpf38b,,,1.627,0.7372,11.9869,31.5902
SS3_MAF_leo180223_p4_S126,G1,14776,Prpf38b,,,1.627,0.7372,11.9869,31.5902
SS3_MAF_leo180223_p4_S127,G1,30192,Prpf38b,4,1,1.627,0.7372,11.9869,31.5902
SS3_MAF_leo180223_p4_S124,G1,48177,Prpf38b,1,4,1.627,0.7372,11.9869,31.5902
SS3_MAF_leo180223_p4_S129,G1,39617,Prpf38b,0,1,1.627,0.7372,11.9869,31.5902
SS3_MAF_leo180223_p4_S130,G1,30386,Prpf38b,1,0,1.627,0.7372,11.9869,31.5902
SS3_MAF_leo180223_p4_S131,G2M,30460,Prpf38b,1,3,1.627,0.7372,11.9869,31.5902
SS3_MAF_leo180223_p4_S132,G1,38643,Prpf38b,0,3,1.627,0.7372,11.9869,31.5902
SS3_MAF_leo180223_p4_S134,G1,9113,Prpf38b,0,0,1.627,0.7372,11.9869,31.5902
SS3_MAF_leo180223_p4_S133,G1,42441,Prpf38b,0,4,1.627,0.7372,11.9869,31.5902
SS3_MAF_leo180223_p4_S135,G1,17189,Prpf38b,0,0,1.627,0.7372,11.9869,31.5902
SS3_MAF_leo180223_p4_S139,G2M,11145,Prpf38b,1,0,1.627,0.7372,11.9869,31.5902
SS3_MAF_leo180223_p4_S137,S,43012,Prpf38b,3,6,1.627,0.7372,11.9869,31.5902
SS3_MAF_leo180223_p4_S138,G2M,50993,Prpf38b,3,8,1.627,0.7372,11.9869,31.5902
SS3_MAF_leo180223_p4_S140,G1,10911,Prpf38b,0,4,1.627,0.7372,11.9869,31.5902
SS3_MAF_leo180223_p4_S142,G1,13960,Prpf38b,0,0,1.627,0.7372,11.9869,31.5902
SS3_MAF_leo180223_p4_S147,G1,18062,Prpf38b,2,0,1.627,0.7372,11.9869,31.5902
SS3_MAF_leo180223_p4_S97,G1,34429,Prpf38b,3,6,1.627,0.7372,11.9869,31.5902
SS3_MAF_leo180223_p4_S146,S,29223,Prpf38b,0,0,1.627,0.7372,11.9869,31.5902
SS3_MAF_leo180223_p4_S145,G1,40112,Prpf38b,1,1,1.627,0.7372,11.9869,31.5902
SS3_MAF_leo180223_p4_S148,G2M,35298,Prpf38b,1,2,1.627,0.7372,11.9869,31.5902
SS3_MAF_leo180223_p4_S150,G2M,11070,Prpf38b,1,0,1.627,0.7372,11.9869,31.5902
SS3_MAF_leo180223_p4_S149,G1,46283,Prpf38b,2,5,1.627,0.7372,11.9869,31.5902
SS3_MAF_leo180223_p4_S151,G2M,37513,Prpf38b,2,4,1.627,0.7372,11.9869,31.5902
SS3_MAF_leo180223_p4_S153,G1,57674,Prpf38b,0,5,1.627,0.7372,11.9869,31.5902
SS3_MAF_leo180223_p4_S156,G1,20071,Prpf38b,2,0,1.627,0.7372,11.9869,31.5902
SS3_MAF_leo180223_p4_S154,S,55869,Prpf38b,3,5,1.627,0.7372,11.9869,31.5902
SS3_MAF_leo180223_p4_S157,G1,20536,Prpf38b,1,1,1.627,0.7372,11.9869,31.5902
SS3_MAF_leo180223_p4_S159,G1,32667,Prpf38b,0,3,1.627,0.7372,11.9869,31.5902
SS3_MAF_leo180223_p4_S158,G2M,48866,Prpf38b,2,6,1.627,0.7372,11.9869,31.5902
SS3_MAF_leo180223_p4_S161,S,44634,Prpf38b,1,4,1.627,0.7372,11.9869,31.5902
SS3_MAF_leo180223_p4_S160,G1,25072,Prpf38b,1,0,1.627,0.7372,11.9869,31.5902
SS3_MAF_leo180223_p4_S162,G1,36811,Prpf38b,0,1,1.627,0.7372,11.9869,31.5902
SS3_MAF_leo180223_p4_S164,G1,43467,Prpf38b,1,1,1.627,0.7372,11.9869,31.5902
SS3_MAF_leo180223_p4_S166,S,28129,Prpf38b,0,2,1.627,0.7372,11.9869,31.5902
SS3_MAF_leo180223_p4_S167,G1,26371,Prpf38b,2,0,1.627,0.7372,11.9869,31.5902
SS3_MAF_leo180223_p4_S169,G1,34158,Prpf38b,1,5,1.627,0.7372,11.9869,31.5902
SS3_MAF_leo180223_p4_S165,G1,39578,Prpf38b,1,1,1.627,0.7372,11.9869,31.5902
SS3_MAF_leo180223_p4_S173,G1,19064,Prpf38b,1,1,1.627,0.7372,11.9869,31.5902
SS3_MAF_leo180223_p4_S170,G1,51247,Prpf38b,0,1,1.627,0.7372,11.9869,31.5902
SS3_MAF_leo180223_p4_S171,S,67232,Prpf38b,5,5,1.627,0.7372,11.9869,31.5902
SS3_MAF_leo180223_p4_S177,S,44173,Prpf38b,4,6,1.627,0.7372,11.9869,31.5902
SS3_MAF_leo180223_p4_S174,G1,31352,Prpf38b,3,0,1.627,0.7372,11.9869,31.5902
SS3_MAF_leo180223_p4_S180,G1,16181,Prpf38b,0,2,1.627,0.7372,11.9869,31.5902
SS3_MAF_leo180223_p4_S176,G1,20544,Prpf38b,,,1.627,0.7372,11.9869,31.5902
SS3_MAF_leo180223_p4_S179,G1,32343,Prpf38b,4,0,1.627,0.7372,11.9869,31.5902
SS3_MAF_leo180223_p4_S178,S,57266,Prpf38b,2,7,1.627,0.7372,11.9869,31.5902
SS3_MAF_leo180223_p4_S181,G1,25042,Prpf38b,0,2,1.627,0.7372,11.9869,31.5902
SS3_MAF_leo180223_p4_S183,G1,33832,Prpf38b,4,0,1.627,0.7372,11.9869,31.5902
SS3_MAF_leo180223_p4_S182,G1,52029,Prpf38b,1,2,1.627,0.7372,11.9869,31.5902
SS3_MAF_leo180223_p4_S186,S,58004,Prpf38b,1,3,1.627,0.7372,11.9869,31.5902
SS3_MAF_leo180223_p4_S187,G2M,15045,Prpf38b,0,0,1.627,0.7372,11.9869,31.5902
SS3_MAF_leo180223_p4_S191,G2M,11140,Prpf38b,0,0,1.627,0.7372,11.9869,31.5902
SS3_MAF_leo180223_p4_S185,G1,52790,Prpf38b,3,3,1.627,0.7372,11.9869,31.5902
SS3_MAF_leo180223_p4_S189,G1,66797,Prpf38b,6,0,1.627,0.7372,11.9869,31.5902
SS3_MAF_leo180223_p4_S188,G1,51539,Prpf38b,6,0,1.627,0.7372,11.9869,31.5902
SS3_MAF_leo180223_p4_S190,G1,37493,Prpf38b,0,0,1.627,0.7372,11.9869,31.5902
SS3_MAF_leo180223_p4_S98,G1,27030,Prpf38b,0,1,1.627,0.7372,11.9869,31.5902
SS3_MAF_leo180223_p4_S99,G1,22647,Prpf38b,,,1.627,0.7372,11.9869,31.5902
SS3_MAF_Leo171129_p2_S10,G1,39310,Psmb7,1,5,10.378,1.2121,13.7469,80.1217
SS3_MAF_Leo171129_p2_S12,G1,46976,Psmb7,11,9,10.378,1.2121,13.7469,80.1217
SS3_MAF_Leo171129_p2_S13,G1,43893,Psmb7,2,8,10.378,1.2121,13.7469,80.1217
SS3_MAF_Leo171129_p2_S14,G1,39959,Psmb7,0,6,10.378,1.2121,13.7469,80.1217
SS3_MAF_Leo171129_p2_S16,G1,41170,Psmb7,5,8,10.378,1.2121,13.7469,80.1217
SS3_MAF_Leo171129_p2_S17,G1,117795,Psmb7,39,34,10.378,1.2121,13.7469,80.1217
SS3_MAF_Leo171129_p2_S18,S,79991,Psmb7,14,31,10.378,1.2121,13.7469,80.1217
SS3_MAF_Leo171129_p2_S19,G1,63056,Psmb7,2,17,10.378,1.2121,13.7469,80.1217
SS3_MAF_Leo171129_p2_S1,G2M,48601,Psmb7,0,16,10.378,1.2121,13.7469,80.1217
SS3_MAF_Leo171129_p2_S20,G1,70834,Psmb7,17,10,10.378,1.2121,13.7469,80.1217
SS3_MAF_Leo171129_p2_S21,G1,75490,Psmb7,12,13,10.378,1.2121,13.7469,80.1217
SS3_MAF_Leo171129_p2_S22,G2M,33098,Psmb7,0,2,10.378,1.2121,13.7469,80.1217
SS3_MAF_Leo171129_p2_S23,G1,36429,Psmb7,9,10,10.378,1.2121,13.7469,80.1217
SS3_MAF_Leo171129_p2_S24,G1,29297,Psmb7,9,4,10.378,1.2121,13.7469,80.1217
SS3_MAF_Leo171129_p2_S25,G1,77970,Psmb7,9,15,10.378,1.2121,13.7469,80.1217
SS3_MAF_Leo171129_p2_S26,G2M,42619,Psmb7,13,1,10.378,1.2121,13.7469,80.1217
SS3_MAF_Leo171129_p2_S27,G1,8122,Psmb7,4,0,10.378,1.2121,13.7469,80.1217
SS3_MAF_Leo171129_p2_S28,G2M,16215,Psmb7,1,9,10.378,1.2121,13.7469,80.1217
SS3_MAF_Leo171129_p2_S2,S,34219,Psmb7,0,8,10.378,1.2121,13.7469,80.1217
SS3_MAF_Leo171129_p2_S30,G2M,10030,Psmb7,1,0,10.378,1.2121,13.7469,80.1217
SS3_MAF_Leo171129_p2_S31,G1,50024,Psmb7,15,11,10.378,1.2121,13.7469,80.1217
SS3_MAF_Leo171129_p2_S32,G2M,51366,Psmb7,8,6,10.378,1.2121,13.7469,80.1217
SS3_MAF_Leo171129_p2_S33,G1,64228,Psmb7,1,9,10.378,1.2121,13.7469,80.1217
SS3_MAF_Leo171129_p2_S34,G1,38195,Psmb7,24,5,10.378,1.2121,13.7469,80.1217
SS3_MAF_Leo171129_p2_S37,G1,13225,Psmb7,0,4,10.378,1.2121,13.7469,80.1217
SS3_MAF_Leo171129_p2_S3,G1,55963,Psmb7,22,5,10.378,1.2121,13.7469,80.1217
SS3_MAF_Leo171129_p2_S41,G1,108019,Psmb7,32,25,10.378,1.2121,13.7469,80.1217
SS3_MAF_Leo171129_p2_S42,G1,65018,Psmb7,14,12,10.378,1.2121,13.7469,80.1217
SS3_MAF_Leo171129_p2_S43,G1,64740,Psmb7,20,19,10.378,1.2121,13.7469,80.1217
SS3_MAF_Leo171129_p2_S44,G1,37365,Psmb7,2,8,10.378,1.2121,13.7469,80.1217
SS3_MAF_Leo171129_p2_S45,S,66369,Psmb7,10,14,10.378,1.2121,13.7469,80.1217
SS3_MAF_Leo171129_p2_S47,G1,47781,Psmb7,9,19,10.378,1.2121,13.7469,80.1217
SS3_MAF_Leo171129_p2_S48,G1,51270,Psmb7,6,4,10.378,1.2121,13.7469,80.1217
SS3_MAF_Leo171129_p2_S49,G1,30770,Psmb7,12,9,10.378,1.2121,13.7469,80.1217
SS3_MAF_Leo171129_p2_S4,G1,39611,Psmb7,1,18,10.378,1.2121,13.7469,80.1217
SS3_MAF_Leo171129_p2_S50,G1,57440,Psmb7,12,31,10.378,1.2121,13.7469,80.1217
SS3_MAF_Leo171129_p2_S52,G1,21457,Psmb7,0,2,10.378,1.2121,13.7469,80.1217
SS3_MAF_Leo171129_p2_S53,G1,80336,Psmb7,10,13,10.378,1.2121,13.7469,80.1217
SS3_MAF_Leo171129_p2_S55,G2M,88188,Psmb7,6,13,10.378,1.2121,13.7469,80.1217
SS3_MAF_Leo171129_p2_S57,G1,42297,Psmb7,3,11,10.378,1.2121,13.7469,80.1217
SS3_MAF_Leo171129_p2_S58,G1,55834,Psmb7,4,11,10.378,1.2121,13.7469,80.1217
SS3_MAF_Leo171129_p2_S59,G1,45969,Psmb7,6,11,10.378,1.2121,13.7469,80.1217
SS3_MAF_Leo171129_p2_S5,G2M,34433,Psmb7,9,7,10.378,1.2121,13.7469,80.1217
SS3_MAF_Leo171129_p2_S61,G1,20315,Psmb7,0,0,10.378,1.2121,13.7469,80.1217
SS3_MAF_Leo171129_p2_S62,G1,20928,Psmb7,4,3,10.378,1.2121,13.7469,80.1217
SS3_MAF_Leo171129_p2_S64,G1,100938,Psmb7,18,16,10.378,1.2121,13.7469,80.1217
SS3_MAF_Leo171129_p2_S65,G1,52328,Psmb7,3,30,10.378,1.2121,13.7469,80.1217
SS3_MAF_Leo171129_p2_S66,G1,67878,Psmb7,22,0,10.378,1.2121,13.7469,80.1217
SS3_MAF_Leo171129_p2_S67,S,68235,Psmb7,7,28,10.378,1.2121,13.7469,80.1217
SS3_MAF_Leo171129_p2_S68,G1,15259,Psmb7,1,11,10.378,1.2121,13.7469,80.1217
SS3_MAF_Leo171129_p2_S69,G1,36667,Psmb7,14,2,10.378,1.2121,13.7469,80.1217
SS3_MAF_Leo171129_p2_S6,G2M,60468,Psmb7,6,19,10.378,1.2121,13.7469,80.1217
SS3_MAF_Leo171129_p2_S72,G1,18464,Psmb7,4,4,10.378,1.2121,13.7469,80.1217
SS3_MAF_Leo171129_p2_S73,G1,94179,Psmb7,18,30,10.378,1.2121,13.7469,80.1217
SS3_MAF_Leo171129_p2_S74,G1,85288,Psmb7,14,10,10.378,1.2121,13.7469,80.1217
SS3_MAF_Leo171129_p2_S75,G1,53506,Psmb7,9,24,10.378,1.2121,13.7469,80.1217
SS3_MAF_Leo171129_p2_S76,G2M,60345,Psmb7,9,26,10.378,1.2121,13.7469,80.1217
SS3_MAF_Leo171129_p2_S77,G1,30764,Psmb7,3,16,10.378,1.2121,13.7469,80.1217
SS3_MAF_Leo171129_p2_S78,S,64444,Psmb7,3,10,10.378,1.2121,13.7469,80.1217
SS3_MAF_Leo171129_p2_S79,G1,20086,Psmb7,1,12,10.378,1.2121,13.7469,80.1217
SS3_MAF_Leo171129_p2_S7,G1,42337,Psmb7,0,2,10.378,1.2121,13.7469,80.1217
SS3_MAF_Leo171129_p2_S80,S,46988,Psmb7,10,19,10.378,1.2121,13.7469,80.1217
SS3_MAF_Leo171129_p2_S81,G2M,13199,Psmb7,0,1,10.378,1.2121,13.7469,80.1217
SS3_MAF_Leo171129_p2_S82,G1,10672,Psmb7,,,10.378,1.2121,13.7469,80.1217
SS3_MAF_Leo171129_p2_S83,G1,62168,Psmb7,3,17,10.378,1.2121,13.7469,80.1217
SS3_MAF_Leo171129_p2_S84,G1,9220,Psmb7,0,5,10.378,1.2121,13.7469,80.1217
SS3_MAF_Leo171129_p2_S85,G1,12557,Psmb7,6,1,10.378,1.2121,13.7469,80.1217
SS3_MAF_Leo171129_p2_S86,S,76694,Psmb7,12,18,10.378,1.2121,13.7469,80.1217
SS3_MAF_Leo171129_p2_S87,G1,33235,Psmb7,9,4,10.378,1.2121,13.7469,80.1217
SS3_MAF_Leo171129_p2_S89,G1,128206,Psmb7,23,12,10.378,1.2121,13.7469,80.1217
SS3_MAF_Leo171129_p2_S8,G1,42290,Psmb7,2,16,10.378,1.2121,13.7469,80.1217
SS3_MAF_Leo171129_p2_S90,G1,144876,Psmb7,29,34,10.378,1.2121,13.7469,80.1217
SS3_MAF_Leo171129_p2_S91,G1,95482,Psmb7,10,38,10.378,1.2121,13.7469,80.1217
SS3_MAF_Leo171129_p2_S92,G1,42727,Psmb7,3,21,10.378,1.2121,13.7469,80.1217
SS3_MAF_Leo171129_p2_S93,S,50420,Psmb7,9,22,10.378,1.2121,13.7469,80.1217
SS3_MAF_Leo171129_p2_S94,G2M,49637,Psmb7,2,4,10.378,1.2121,13.7469,80.1217
SS3_MAF_Leo171129_p2_S9,G2M,77535,Psmb7,11,30,10.378,1.2121,13.7469,80.1217
SS3_MAF_leo180223_p6_A10_S10,G1,23929,Psmb7,1,5,10.378,1.2121,13.7469,80.1217
SS3_MAF_leo180223_p6_B01_S13,G1,24789,Psmb7,5,2,10.378,1.2121,13.7469,80.1217
SS3_MAF_leo180223_p6_A03_S3,G1,36756,Psmb7,8,6,10.378,1.2121,13.7469,80.1217
SS3_MAF_leo180223_p6_A09_S9,G2M,12578,Psmb7,0,3,10.378,1.2121,13.7469,80.1217
SS3_MAF_leo180223_p6_B05_S17,G2M,7653,Psmb7,7,0,10.378,1.2121,13.7469,80.1217
SS3_MAF_leo180223_p6_A01_S1,G1,53431,Psmb7,1,8,10.378,1.2121,13.7469,80.1217
SS3_MAF_leo180223_p6_A11_S11,G1,30102,Psmb7,3,19,10.378,1.2121,13.7469,80.1217
SS3_MAF_leo180223_p6_C01_S25,G1,49793,Psmb7,9,26,10.378,1.2121,13.7469,80.1217
SS3_MAF_leo180223_p6_B02_S14,G1,55296,Psmb7,10,13,10.378,1.2121,13.7469,80.1217
SS3_MAF_leo180223_p6_A02_S2,S,72303,Psmb7,17,12,10.378,1.2121,13.7469,80.1217
SS3_MAF_leo180223_p6_A05_S5,G2M,11957,Psmb7,0,7,10.378,1.2121,13.7469,80.1217
SS3_MAF_leo180223_p6_A07_S7,G1,26205,Psmb7,0,4,10.378,1.2121,13.7469,80.1217
SS3_MAF_leo180223_p6_A04_S4,G1,42732,Psmb7,8,8,10.378,1.2121,13.7469,80.1217
SS3_MAF_leo180223_p6_A12_S12,G1,52402,Psmb7,2,7,10.378,1.2121,13.7469,80.1217
SS3_MAF_leo180223_p6_B04_S16,G1,30714,Psmb7,6,17,10.378,1.2121,13.7469,80.1217
SS3_MAF_leo180223_p6_A06_S6,G1,57207,Psmb7,13,14,10.378,1.2121,13.7469,80.1217
SS3_MAF_leo180223_p6_B03_S15,S,61296,Psmb7,10,9,10.378,1.2121,13.7469,80.1217
SS3_MAF_leo180223_p6_B10_S22,G1,22876,Psmb7,1,4,10.378,1.2121,13.7469,80.1217
SS3_MAF_leo180223_p6_C02_S26,G1,65040,Psmb7,6,16,10.378,1.2121,13.7469,80.1217
SS3_MAF_leo180223_p6_C04_S28,G2M,26058,Psmb7,5,18,10.378,1.2121,13.7469,80.1217
SS3_MAF_leo180223_p6_B09_S21,G1,37734,Psmb7,9,5,10.378,1.2121,13.7469,80.1217
SS3_MAF_leo180223_p6_C05_S29,G1,60723,Psmb7,5,10,10.378,1.2121,13.7469,80.1217
SS3_MAF_leo180223_p6_C11_S35,G1,54024,Psmb7,2,25,10.378,1.2121,13.7469,80.1217
SS3_MAF_leo180223_p6_C09_S33,G1,53996,Psmb7,2,8,10.378,1.2121,13.7469,80.1217
SS3_MAF_leo180223_p6_D01_S37,S,55709,Psmb7,7,16,10.378,1.2121,13.7469,80.1217
SS3_MAF_leo180223_p6_D03_S39,G1,47188,Psmb7,4,11,10.378,1.2121,13.7469,80.1217
SS3_MAF_leo180223_p6_B11_S23,G1,41554,Psmb7,7,9,10.378,1.2121,13.7469,80.1217
SS3_MAF_leo180223_p6_D05_S41,G1,29838,Psmb7,0,6,10.378,1.2121,13.7469,80.1217
SS3_MAF_leo180223_p6_D09_S45,G1,51007,Psmb7,11,6,10.378,1.2121,13.7469,80.1217
SS3_MAF_leo180223_p6_B07_S19,G1,14673,Psmb7,4,1,10.378,1.2121,13.7469,80.1217
SS3_MAF_leo180223_p6_E01_S49,G1,58894,Psmb7,10,21,10.378,1.2121,13.7469,80.1217
SS3_MAF_leo180223_p6_C10_S34,G1,57445,Psmb7,8,15,10.378,1.2121,13.7469,80.1217
SS3_MAF_leo180223_p6_C12_S36,G1,65159,Psmb7,9,25,10.378,1.2121,13.7469,80.1217
SS3_MAF_leo180223_p6_C06_S30,S,48635,Psmb7,17,6,10.378,1.2121,13.7469,80.1217
SS3_MAF_leo180223_p6_D12_S48,G1,7742,Psmb7,3,1,10.378,1.2121,13.7469,80.1217
SS3_MAF_leo180223_p6_D07_S43,G1,58044,Psmb7,9,18,10.378,1.2121,13.7469,80.1217
SS3_MAF_leo180223_p6_D04_S40,S,62213,Psmb7,6,13,10.378,1.2121,13.7469,80.1217
SS3_MAF_leo180223_p6_E07_S55,G1,79485,Psmb7,17,16,10.378,1.2121,13.7469,80.1217
SS3_MAF_leo180223_p6_D02_S38,G1,54559,Psmb7,12,17,10.378,1.2121,13.7469,80.1217
SS3_MAF_leo180223_p6_E10_S58,G1,7949,Psmb7,0,1,10.378,1.2121,13.7469,80.1217
SS3_MAF_leo180223_p6_E05_S53,S,40138,Psmb7,8,7,10.378,1.2121,13.7469,80.1217
SS3_MAF_leo180223_p6_E03_S51,G1,56996,Psmb7,6,14,10.378,1.2121,13.7469,80.1217
SS3_MAF_leo180223_p6_E11_S59,G1,29427,Psmb7,4,2,10.378,1.2121,13.7469,80.1217
SS3_MAF_leo180223_p6_F03_S63,G1,16661,Psmb7,2,1,10.378,1.2121,13.7469,80.1217
SS3_MAF_leo180223_p6_F07_S67,G1,12997,Psmb7,0,11,10.378,1.2121,13.7469,80.1217
SS3_MAF_leo180223_p6_D06_S42,G2M,25551,Psmb7,2,3,10.378,1.2121,13.7469,80.1217
SS3_MAF_leo180223_p6_F10_S70,G1,28264,Psmb7,13,4,10.378,1.2121,13.7469,80.1217
SS3_MAF_leo180223_p6_G01_S73,G2M,9750,Psmb7,0,4,10.378,1.2121,13.7469,80.1217
SS3_MAF_leo180223_p6_G05_S77,G2M,16211,Psmb7,0,1,10.378,1.2121,13.7469,80.1217
SS3_MAF_leo180223_p6_F05_S65,G1,43383,Psmb7,7,12,10.378,1.2121,13.7469,80.1217
SS3_MAF_leo180223_p6_G03_S75,G1,30248,Psmb7,1,20,10.378,1.2121,13.7469,80.1217
SS3_MAF_leo180223_p6_E06_S54,G1,15835,Psmb7,1,1,10.378,1.2121,13.7469,80.1217
SS3_MAF_leo180223_p6_G07_S79,G1,44754,Psmb7,4,8,10.378,1.2121,13.7469,80.1217
SS3_MAF_leo180223_p6_G09_S81,G1,14370,Psmb7,0,3,10.378,1.2121,13.7469,80.1217
SS3_MAF_leo180223_p6_G11_S83,S,43335,Psmb7,7,16,10.378,1.2121,13.7469,80.1217
SS3_MAF_leo180223_p6_D08_S44,G1,11889,Psmb7,3,2,10.378,1.2121,13.7469,80.1217
SS3_MAF_leo180223_p6_H07_S91,G1,10415,Psmb7,5,3,10.378,1.2121,13.7469,80.1217
SS3_MAF_leo180223_p6_H09_S93,G1,13994,Psmb7,4,8,10.378,1.2121,13.7469,80.1217
SS3_MAF_leo180223_p6_H11_S95,G1,17619,Psmb7,6,5,10.378,1.2121,13.7469,80.1217
SS3_MAF_leo180223_p6_G06_S78,G1,17000,Psmb7,1,6,10.378,1.2121,13.7469,80.1217
SS3_MAF_leo180223_p6_E12_S60,G1,29942,Psmb7,6,6,10.378,1.2121,13.7469,80.1217
SS3_MAF_leo180223_p4_S101,S,46504,Psmb7,10,7,10.378,1.2121,13.7469,80.1217
SS3_MAF_leo180223_p4_S102,G1,28700,Psmb7,2,2,10.378,1.2121,13.7469,80.1217
SS3_MAF_leo180223_p4_S104,G2M,9443,Psmb7,,,10.378,1.2121,13.7469,80.1217
SS3_MAF_leo180223_p4_S108,G1,8102,Psmb7,,,10.378,1.2121,13.7469,80.1217
SS3_MAF_leo180223_p4_S105,G1,46105,Psmb7,9,15,10.378,1.2121,13.7469,80.1217
SS3_MAF_leo180223_p4_S106,G1,46823,Psmb7,7,17,10.378,1.2121,13.7469,80.1217
SS3_MAF_leo180223_p6_D10_S46,G1,15028,Psmb7,2,2,10.378,1.2121,13.7469,80.1217
SS3_MAF_leo180223_p4_S107,G1,57441,Psmb7,8,14,10.378,1.2121,13.7469,80.1217
SS3_MAF_leo180223_p6_F06_S66,G1,35862,Psmb7,6,3,10.378,1.2121,13.7469,80.1217
SS3_MAF_leo180223_p6_E08_S56,G1,19789,Psmb7,2,3,10.378,1.2121,13.7469,80.1217
SS3_MAF_leo180223_p6_H08_S92,G1,31398,Psmb7,9,15,10.378,1.2121,13.7469,80.1217
SS3_MAF_leo180223_p6_H10_S94,S,43246,Psmb7,6,11,10.378,1.2121,13.7469,80.1217
SS3_MAF_leo180223_p4_S109,G1,22942,Psmb7,12,3,10.378,1.2121,13.7469,80.1217
SS3_MAF_leo180223_p6_G04_S76,G1,14904,Psmb7,2,1,10.378,1.2121,13.7469,80.1217
SS3_MAF_leo180223_p4_S112,G1,10651,Psmb7,,,10.378,1.2121,13.7469,80.1217
SS3_MAF_leo180223_p4_S111,S,17722,Psmb7,1,10,10.378,1.2121,13.7469,80.1217
SS3_MAF_leo180223_p4_S113,G1,54566,Psmb7,4,11,10.378,1.2121,13.7469,80.1217
SS3_MAF_leo180223_p6_E02_S50,G1,56102,Psmb7,4,13,10.378,1.2121,13.7469,80.1217
SS3_MAF_leo180223_p4_S114,G1,41605,Psmb7,6,12,10.378,1.2121,13.7469,80.1217
SS3_MAF_leo180223_p4_S115,G1,31806,Psmb7,12,11,10.378,1.2121,13.7469,80.1217
SS3_MAF_leo180223_p4_S117,G1,33445,Psmb7,10,4,10.378,1.2121,13.7469,80.1217
SS3_MAF_leo180223_p4_S116,G2M,43218,Psmb7,7,16,10.378,1.2121,13.7469,80.1217
SS3_MAF_leo180223_p4_S118,G1,39079,Psmb7,6,7,10.378,1.2121,13.7469,80.1217
SS3_MAF_leo180223_p4_S119,G1,32951,Psmb7,3,5,10.378,1.2121,13.7469,80.1217
SS3_MAF_leo180223_p4_S123,S,42089,Psmb7,12,9,10.378,1.2121,13.7469,80.1217
SS3_MAF_leo180223_p4_S121,G1,35385,Psmb7,12,2,10.378,1.2121,13.7469,80.1217
SS3_MAF_leo180223_p4_S122,G1,48450,Psmb7,9,9,10.378,1.2121,13.7469,80.1217
SS3_MAF_leo180223_p4_S125,G1,36709,Psmb7,4,11,10.378,1.2121,13.7469,80.1217
SS3_MAF_leo180223_p4_S126,G1,14776,Psmb7,1,11,10.378,1.2121,13.7469,80.1217
SS3_MAF_leo180223_p4_S127,G1,30192,Psmb7,5,7,10.378,1.2121,13.7469,80.1217
SS3_MAF_leo180223_p4_S124,G1,48177,Psmb7,4,22,10.378,1.2121,13.7469,80.1217
SS3_MAF_leo180223_p4_S129,G1,39617,Psmb7,8,6,10.378,1.2121,13.7469,80.1217
SS3_MAF_leo180223_p4_S130,G1,30386,Psmb7,1,7,10.378,1.2121,13.7469,80.1217
SS3_MAF_leo180223_p4_S131,G2M,30460,Psmb7,2,7,10.378,1.2121,13.7469,80.1217
SS3_MAF_leo180223_p4_S132,G1,38643,Psmb7,6,8,10.378,1.2121,13.7469,80.1217
SS3_MAF_leo180223_p4_S134,G1,9113,Psmb7,0,0,10.378,1.2121,13.7469,80.1217
SS3_MAF_leo180223_p4_S133,G1,42441,Psmb7,15,15,10.378,1.2121,13.7469,80.1217
SS3_MAF_leo180223_p4_S135,G1,17189,Psmb7,2,2,10.378,1.2121,13.7469,80.1217
SS3_MAF_leo180223_p4_S139,G2M,11145,Psmb7,1,3,10.378,1.2121,13.7469,80.1217
SS3_MAF_leo180223_p4_S137,S,43012,Psmb7,10,14,10.378,1.2121,13.7469,80.1217
SS3_MAF_leo180223_p4_S138,G2M,50993,Psmb7,5,13,10.378,1.2121,13.7469,80.1217
SS3_MAF_leo180223_p4_S140,G1,10911,Psmb7,2,0,10.378,1.2121,13.7469,80.1217
SS3_MAF_leo180223_p4_S142,G1,13960,Psmb7,6,2,10.378,1.2121,13.7469,80.1217
SS3_MAF_leo180223_p4_S147,G1,18062,Psmb7,3,2,10.378,1.2121,13.7469,80.1217
SS3_MAF_leo180223_p4_S97,G1,34429,Psmb7,12,8,10.378,1.2121,13.7469,80.1217
SS3_MAF_leo180223_p4_S146,S,29223,Psmb7,0,9,10.378,1.2121,13.7469,80.1217
SS3_MAF_leo180223_p4_S145,G1,40112,Psmb7,2,5,10.378,1.2121,13.7469,80.1217
SS3_MAF_leo180223_p4_S148,G2M,35298,Psmb7,4,8,10.378,1.2121,13.7469,80.1217
SS3_MAF_leo180223_p4_S150,G2M,11070,Psmb7,4,0,10.378,1.2121,13.7469,80.1217
SS3_MAF_leo180223_p4_S149,G1,46283,Psmb7,11,16,10.378,1.2121,13.7469,80.1217
SS3_MAF_leo180223_p4_S151,G2M,37513,Psmb7,3,17,10.378,1.2121,13.7469,80.1217
SS3_MAF_leo180223_p4_S153,G1,57674,Psmb7,8,5,10.378,1.2121,13.7469,80.1217
SS3_MAF_leo180223_p4_S156,G1,20071,Psmb7,9,1,10.378,1.2121,13.7469,80.1217
SS3_MAF_leo180223_p4_S154,S,55869,Psmb7,10,18,10.378,1.2121,13.7469,80.1217
SS3_MAF_leo180223_p4_S157,G1,20536,Psmb7,1,2,10.378,1.2121,13.7469,80.1217
SS3_MAF_leo180223_p4_S159,G1,32667,Psmb7,0,12,10.378,1.2121,13.7469,80.1217
SS3_MAF_leo180223_p4_S158,G2M,48866,Psmb7,6,10,10.378,1.2121,13.7469,80.1217
SS3_MAF_leo180223_p4_S161,S,44634,Psmb7,7,2,10.378,1.2121,13.7469,80.1217
SS3_MAF_leo180223_p4_S160,G1,25072,Psmb7,0,8,10.378,1.2121,13.7469,80.1217
SS3_MAF_leo180223_p4_S162,G1,36811,Psmb7,7,8,10.378,1.2121,13.7469,80.1217
SS3_MAF_leo180223_p4_S164,G1,43467,Psmb7,10,7,10.378,1.2121,13.7469,80.1217
SS3_MAF_leo180223_p4_S166,S,28129,Psmb7,3,6,10.378,1.2121,13.7469,80.1217
SS3_MAF_leo180223_p4_S167,G1,26371,Psmb7,1,6,10.378,1.2121,13.7469,80.1217
SS3_MAF_leo180223_p4_S169,G1,34158,Psmb7,7,11,10.378,1.2121,13.7469,80.1217
SS3_MAF_leo180223_p4_S165,G1,39578,Psmb7,12,13,10.378,1.2121,13.7469,80.1217
SS3_MAF_leo180223_p4_S173,G1,19064,Psmb7,4,4,10.378,1.2121,13.7469,80.1217
SS3_MAF_leo180223_p4_S170,G1,51247,Psmb7,4,16,10.378,1.2121,13.7469,80.1217
SS3_MAF_leo180223_p4_S171,S,67232,Psmb7,7,11,10.378,1.2121,13.7469,80.1217
SS3_MAF_leo180223_p4_S177,S,44173,Psmb7,5,10,10.378,1.2121,13.7469,80.1217
SS3_MAF_leo180223_p4_S174,G1,31352,Psmb7,3,4,10.378,1.2121,13.7469,80.1217
SS3_MAF_leo180223_p4_S180,G1,16181,Psmb7,0,0,10.378,1.2121,13.7469,80.1217
SS3_MAF_leo180223_p4_S176,G1,20544,Psmb7,6,5,10.378,1.2121,13.7469,80.1217
SS3_MAF_leo180223_p4_S179,G1,32343,Psmb7,5,2,10.378,1.2121,13.7469,80.1217
SS3_MAF_leo180223_p4_S178,S,57266,Psmb7,5,8,10.378,1.2121,13.7469,80.1217
SS3_MAF_leo180223_p4_S181,G1,25042,Psmb7,4,8,10.378,1.2121,13.7469,80.1217
SS3_MAF_leo180223_p4_S183,G1,33832,Psmb7,6,12,10.378,1.2121,13.7469,80.1217
SS3_MAF_leo180223_p4_S182,G1,52029,Psmb7,10,7,10.378,1.2121,13.7469,80.1217
SS3_MAF_leo180223_p4_S186,S,58004,Psmb7,12,7,10.378,1.2121,13.7469,80.1217
SS3_MAF_leo180223_p4_S187,G2M,15045,Psmb7,0,1,10.378,1.2121,13.7469,80.1217
SS3_MAF_leo180223_p4_S191,G2M,11140,Psmb7,0,1,10.378,1.2121,13.7469,80.1217
SS3_MAF_leo180223_p4_S185,G1,52790,Psmb7,11,9,10.378,1.2121,13.7469,80.1217
SS3_MAF_leo180223_p4_S189,G1,66797,Psmb7,3,14,10.378,1.2121,13.7469,80.1217
SS3_MAF_leo180223_p4_S188,G1,51539,Psmb7,10,8,10.378,1.2121,13.7469,80.1217
SS3_MAF_leo180223_p4_S190,G1,37493,Psmb7,4,4,10.378,1.2121,13.7469,80.1217
SS3_MAF_leo180223_p4_S98,G1,27030,Psmb7,1,13,10.378,1.2121,13.7469,80.1217
SS3_MAF_leo180223_p4_S99,G1,22647,Psmb7,2,6,10.378,1.2121,13.7469,80.1217
SS3_MAF_Leo171129_p2_S10,G1,39310,Bad,1,1,5.153,0.9069,7.3953,20.6857
SS3_MAF_Leo171129_p2_S12,G1,46976,Bad,0,0,5.153,0.9069,7.3953,20.6857
SS3_MAF_Leo171129_p2_S13,G1,43893,Bad,0,1,5.153,0.9069,7.3953,20.6857
SS3_MAF_Leo171129_p2_S14,G1,39959,Bad,0,1,5.153,0.9069,7.3953,20.6857
SS3_MAF_Leo171129_p2_S16,G1,41170,Bad,0,2,5.153,0.9069,7.3953,20.6857
SS3_MAF_Leo171129_p2_S17,G1,117795,Bad,4,5,5.153,0.9069,7.3953,20.6857
SS3_MAF_Leo171129_p2_S18,S,79991,Bad,1,0,5.153,0.9069,7.3953,20.6857
SS3_MAF_Leo171129_p2_S19,G1,63056,Bad,6,2,5.153,0.9069,7.3953,20.6857
SS3_MAF_Leo171129_p2_S1,G2M,48601,Bad,1,5,5.153,0.9069,7.3953,20.6857
SS3_MAF_Leo171129_p2_S20,G1,70834,Bad,0,2,5.153,0.9069,7.3953,20.6857
SS3_MAF_Leo171129_p2_S21,G1,75490,Bad,1,1,5.153,0.9069,7.3953,20.6857
SS3_MAF_Leo171129_p2_S22,G2M,33098,Bad,0,1,5.153,0.9069,7.3953,20.6857
SS3_MAF_Leo171129_p2_S23,G1,36429,Bad,1,0,5.153,0.9069,7.3953,20.6857
SS3_MAF_Leo171129_p2_S24,G1,29297,Bad,,,5.153,0.9069,7.3953,20.6857
SS3_MAF_Leo171129_p2_S25,G1,77970,Bad,1,1,5.153,0.9069,7.3953,20.6857
SS3_MAF_Leo171129_p2_S26,G2M,42619,Bad,1,2,5.153,0.9069,7.3953,20.6857
SS3_MAF_Leo171129_p2_S27,G1,8122,Bad,1,1,5.153,0.9069,7.3953,20.6857
SS3_MAF_Leo171129_p2_S28,G2M,16215,Bad,,,5.153,0.9069,7.3953,20.6857
SS3_MAF_Leo171129_p2_S2,S,34219,Bad,2,0,5.153,0.9069,7.3953,20.6857
SS3_MAF_Leo171129_p2_S30,G2M,10030,Bad,,,5.153,0.9069,7.3953,20.6857
SS3_MAF_Leo171129_p2_S31,G1,50024,Bad,1,1,5.153,0.9069,7.3953,20.6857
SS3_MAF_Leo171129_p2_S32,G2M,51366,Bad,1,1,5.153,0.9069,7.3953,20.6857
SS3_MAF_Leo171129_p2_S33,G1,64228,Bad,4,0,5.153,0.9069,7.3953,20.6857
SS3_MAF_Leo171129_p2_S34,G1,38195,Bad,1,1,5.153,0.9069,7.3953,20.6857
SS3_MAF_Leo171129_p2_S37,G1,13225,Bad,0,0,5.153,0.9069,7.3953,20.6857
SS3_MAF_Leo171129_p2_S3,G1,55963,Bad,3,1,5.153,0.9069,7.3953,20.6857
SS3_MAF_Leo171129_p2_S41,G1,108019,Bad,5,2,5.153,0.9069,7.3953,20.6857
SS3_MAF_Leo171129_p2_S42,G1,65018,Bad,1,1,5.153,0.9069,7.3953,20.6857
SS3_MAF_Leo171129_p2_S43,G1,64740,Bad,2,0,5.153,0.9069,7.3953,20.6857
SS3_MAF_Leo171129_p2_S44,G1,37365,Bad,1,0,5.153,0.9069,7.3953,20.6857
SS3_MAF_Leo171129_p2_S45,S,66369,Bad,1,1,5.153,0.9069,7.3953,20.6857
SS3_MAF_Leo171129_p2_S47,G1,47781,Bad,1,0,5.153,0.9069,7.3953,20.6857
SS3_MAF_Leo171129_p2_S48,G1,51270,Bad,1,1,5.153,0.9069,7.3953,20.6857
SS3_MAF_Leo171129_p2_S49,G1,30770,Bad,0,0,5.153,0.9069,7.3953,20.6857
SS3_MAF_Leo171129_p2_S4,G1,39611,Bad,2,0,5.153,0.9069,7.3953,20.6857
SS3_MAF_Leo171129_p2_S50,G1,57440,Bad,0,3,5.153,0.9069,7.3953,20.6857
SS3_MAF_Leo171129_p2_S52,G1,21457,Bad,0,0,5.153,0.9069,7.3953,20.6857
SS3_MAF_Leo171129_p2_S53,G1,80336,Bad,4,4,5.153,0.9069,7.3953,20.6857
SS3_MAF_Leo171129_p2_S55,G2M,88188,Bad,1,0,5.153,0.9069,7.3953,20.6857
SS3_MAF_Leo171129_p2_S57,G1,42297,Bad,3,4,5.153,0.9069,7.3953,20.6857
SS3_MAF_Leo171129_p2_S58,G1,55834,Bad,1,1,5.153,0.9069,7.3953,20.6857
SS3_MAF_Leo171129_p2_S59,G1,45969,Bad,0,0,5.153,0.9069,7.3953,20.6857
SS3_MAF_Leo171129_p2_S5,G2M,34433,Bad,1,1,5.153,0.9069,7.3953,20.6857
SS3_MAF_Leo171129_p2_S61,G1,20315,Bad,,,5.153,0.9069,7.3953,20.6857
SS3_MAF_Leo171129_p2_S62,G1,20928,Bad,1,1,5.153,0.9069,7.3953,20.6857
SS3_MAF_Leo171129_p2_S64,G1,100938,Bad,2,8,5.153,0.9069,7.3953,20.6857
SS3_MAF_Leo171129_p2_S65,G1,52328,Bad,2,2,5.153,0.9069,7.3953,20.6857
SS3_MAF_Leo171129_p2_S66,G1,67878,Bad,1,1,5.153,0.9069,7.3953,20.6857
SS3_MAF_Leo171129_p2_S67,S,68235,Bad,1,1,5.153,0.9069,7.3953,20.6857
SS3_MAF_Leo171129_p2_S68,G1,15259,Bad,0,3,5.153,0.9069,7.3953,20.6857
SS3_MAF_Leo171129_p2_S69,G1,36667,Bad,1,1,5.153,0.9069,7.3953,20.6857
SS3_MAF_Leo171129_p2_S6,G2M,60468,Bad,0,3,5.153,0.9069,7.3953,20.6857
SS3_MAF_Leo171129_p2_S72,G1,18464,Bad,1,1,5.153,0.9069,7.3953,20.6857
SS3_MAF_Leo171129_p2_S73,G1,94179,Bad,0,5,5.153,0.9069,7.3953,20.6857
SS3_MAF_Leo171129_p2_S74,G1,85288,Bad,1,0,5.153,0.9069,7.3953,20.6857
SS3_MAF_Leo171129_p2_S75,G1,53506,Bad,1,0,5.153,0.9069,7.3953,20.6857
SS3_MAF_Leo171129_p2_S76,G2M,60345,Bad,6,4,5.153,0.9069,7.3953,20.6857
SS3_MAF_Leo171129_p2_S77,G1,30764,Bad,0,0,5.153,0.9069,7.3953,20.6857
SS3_MAF_Leo171129_p2_S78,S,64444,Bad,1,1,5.153,0.9069,7.3953,20.6857
SS3_MAF_Leo171129_p2_S79,G1,20086,Bad,0,0,5.153,0.9069,7.3953,20.6857
SS3_MAF_Leo171129_p2_S7,G1,42337,Bad,1,1,5.153,0.9069,7.3953,20.6857
SS3_MAF_Leo171129_p2_S80,S,46988,Bad,1,1,5.153,0.9069,7.3953,20.6857
SS3_MAF_Leo171129_p2_S81,G2M,13199,Bad,0,0,5.153,0.9069,7.3953,20.6857
SS3_MAF_Leo171129_p2_S82,G1,10672,Bad,0,2,5.153,0.9069,7.3953,20.6857
SS3_MAF_Leo171129_p2_S83,G1,62168,Bad,3,1,5.153,0.9069,7.3953,20.6857
SS3_MAF_Leo171129_p2_S84,G1,9220,Bad,0,0,5.153,0.9069,7.3953,20.6857
SS3_MAF_Leo171129_p2_S85,G1,12557,Bad,1,1,5.153,0.9069,7.3953,20.6857
SS3_MAF_Leo171129_p2_S86,S,76694,Bad,1,12,5.153,0.9069,7.3953,20.6857
SS3_MAF_Leo171129_p2_S87,G1,33235,Bad,3,1,5.153,0.9069,7.3953,20.6857
SS3_MAF_Leo171129_p2_S89,G1,128206,Bad,0,1,5.153,0.9069,7.3953,20.6857
SS3_MAF_Leo171129_p2_S8,G1,42290,Bad,2,0,5.153,0.9069,7.3953,20.6857
SS3_MAF_Leo171129_p2_S90,G1,144876,Bad,1,0,5.153,0.9069,7.3953,20.6857
SS3_MAF_Leo171129_p2_S91,G1,95482,Bad,1,1,5.153,0.9069,7.3953,20.6857
SS3_MAF_Leo171129_p2_S92,G1,42727,Bad,1,1,5.153,0.9069,7.3953,20.6857
SS3_MAF_Leo171129_p2_S93,S,50420,Bad,2,0,5.153,0.9069,7.3953,20.6857
SS3_MAF_Leo171129_p2_S94,G2M,49637,Bad,6,1,5.153,0.9069,7.3953,20.6857
SS3_MAF_Leo171129_p2_S9,G2M,77535,Bad,0,1,5.153,0.9069,7.3953,20.6857
SS3_MAF_leo180223_p6_A10_S10,G1,23929,Bad,4,0,5.153,0.9069,7.3953,20.6857
SS3_MAF_leo180223_p6_B01_S13,G1,24789,Bad,0,0,5.153,0.9069,7.3953,20.6857
SS3_MAF_leo180223_p6_A03_S3,G1,36756,Bad,2,2,5.153,0.9069,7.3953,20.6857
SS3_MAF_leo180223_p6_A09_S9,G2M,12578,Bad,2,1,5.153,0.9069,7.3953,20.6857
SS3_MAF_leo180223_p6_B05_S17,G2M,7653,Bad,0,0,5.153,0.9069,7.3953,20.6857
SS3_MAF_leo180223_p6_A01_S1,G1,53431,Bad,6,9,5.153,0.9069,7.3953,20.6857
SS3_MAF_leo180223_p6_A11_S11,G1,30102,Bad,2,3,5.153,0.9069,7.3953,20.6857
SS3_MAF_leo180223_p6_C01_S25,G1,49793,Bad,1,1,5.153,0.9069,7.3953,20.6857
SS3_MAF_leo180223_p6_B02_S14,G1,55296,Bad,2,15,5.153,0.9069,7.3953,20.6857
SS3_MAF_leo180223_p6_A02_S2,S,72303,Bad,10,7,5.153,0.9069,7.3953,20.6857
SS3_MAF_leo180223_p6_A05_S5,G2M,11957,Bad,1,0,5.153,0.9069,7.3953,20.6857
SS3_MAF_leo180223_p6_A07_S7,G1,26205,Bad,4,2,5.153,0.9069,7.3953,20.6857
SS3_MAF_leo180223_p6_A04_S4,G1,42732,Bad,0,6,5.153,0.9069,7.3953,20.6857
SS3_MAF_leo180223_p6_A12_S12,G1,52402,Bad,3,4,5.153,0.9069,7.3953,20.6857
SS3_MAF_leo180223_p6_B04_S16,G1,30714,Bad,1,0,5.153,0.9069,7.3953,20.6857
SS3_MAF_leo180223_p6_A06_S6,G1,57207,Bad,,,5.153,0.9069,7.3953,20.6857
SS3_MAF_leo180223_p6_B03_S15,S,61296,Bad,1,4,5.153,0.9069,7.3953,20.6857
SS3_MAF_leo180223_p6_B10_S22,G1,22876,Bad,1,0,5.153,0.9069,7.3953,20.6857
SS3_MAF_leo180223_p6_C02_S26,G1,65040,Bad,4,11,5.153,0.9069,7.3953,20.6857
SS3_MAF_leo180223_p6_C04_S28,G2M,26058,Bad,0,2,5.153,0.9069,7.3953,20.6857
SS3_MAF_leo180223_p6_B09_S21,G1,37734,Bad,1,0,5.153,0.9069,7.3953,20.6857
SS3_MAF_leo180223_p6_C05_S29,G1,60723,Bad,2,5,5.153,0.9069,7.3953,20.6857
SS3_MAF_leo180223_p6_C11_S35,G1,54024,Bad,0,2,5.153,0.9069,7.3953,20.6857
SS3_MAF_leo180223_p6_C09_S33,G1,53996,Bad,6,0,5.153,0.9069,7.3953,20.6857
SS3_MAF_leo180223_p6_D01_S37,S,55709,Bad,8,5,5.153,0.9069,7.3953,20.6857
SS3_MAF_leo180223_p6_D03_S39,G1,47188,Bad,0,7,5.153,0.9069,7.3953,20.6857
SS3_MAF_leo180223_p6_B11_S23,G1,41554,Bad,6,1,5.153,0.9069,7.3953,20.6857
SS3_MAF_leo180223_p6_D05_S41,G1,29838,Bad,2,0,5.153,0.9069,7.3953,20.6857
SS3_MAF_leo180223_p6_D09_S45,G1,51007,Bad,16,1,5.153,0.9069,7.3953,20.6857
SS3_MAF_leo180223_p6_B07_S19,G1,14673,Bad,,,5.153,0.9069,7.3953,20.6857
SS3_MAF_leo180223_p6_E01_S49,G1,58894,Bad,6,2,5.153,0.9069,7.3953,20.6857
SS3_MAF_leo180223_p6_C10_S34,G1,57445,Bad,4,2,5.153,0.9069,7.3953,20.6857
SS3_MAF_leo180223_p6_C12_S36,G1,65159,Bad,8,6,5.153,0.9069,7.3953,20.6857
SS3_MAF_leo180223_p6_C06_S30,S,48635,Bad,0,2,5.153,0.9069,7.3953,20.6857
SS3_MAF_leo180223_p6_D12_S48,G1,7742,Bad,,,5.153,0.9069,7.3953,20.6857
SS3_MAF_leo180223_p6_D07_S43,G1,58044,Bad,2,9,5.153,0.9069,7.3953,20.6857
SS3_MAF_leo180223_p6_D04_S40,S,62213,Bad,5,4,5.153,0.9069,7.3953,20.6857
SS3_MAF_leo180223_p6_E07_S55,G1,79485,Bad,6,4,5.153,0.9069,7.3953,20.6857
SS3_MAF_leo180223_p6_D02_S38,G1,54559,Bad,1,5,5.153,0.9069,7.3953,20.6857
SS3_MAF_leo180223_p6_E10_S58,G1,7949,Bad,0,3,5.153,0.9069,7.3953,20.6857
SS3_MAF_leo180223_p6_E05_S53,S,40138,Bad,3,3,5.153,0.9069,7.3953,20.6857
SS3_MAF_leo180223_p6_E03_S51,G1,56996,Bad,1,4,5.153,0.9069,7.3953,20.6857
SS3_MAF_leo180223_p6_E11_S59,G1,29427,Bad,1,2,5.153,0.9069,7.3953,20.6857
SS3_MAF_leo180223_p6_F03_S63,G1,16661,Bad,0,2,5.153,0.9069,7.3953,20.6857
SS3_MAF_leo180223_p6_F07_S67,G1,12997,Bad,2,2,5.153,0.9069,7.3953,20.6857
SS3_MAF_leo180223_p6_D06_S42,G2M,25551,Bad,3,2,5.153,0.9069,7.3953,20.6857
SS3_MAF_leo180223_p6_F10_S70,G1,28264,Bad,2,6,5.153,0.9069,7.3953,20.6857
SS3_MAF_leo180223_p6_G01_S73,G2M,9750,Bad,0,0,5.153,0.9069,7.3953,20.6857
SS3_MAF_leo180223_p6_G05_S77,G2M,16211,Bad,0,0,5.153,0.9069,7.3953,20.6857
SS3_MAF_leo180223_p6_F05_S65,G1,43383,Bad,3,2,5.153,0.9069,7.3953,20.6857
SS3_MAF_leo180223_p6_G03_S75,G1,30248,Bad,7,0,5.153,0.9069,7.3953,20.6857
SS3_MAF_leo180223_p6_E06_S54,G1,15835,Bad,0,0,5.153,0.9069,7.3953,20.6857
SS3_MAF_leo180223_p6_G07_S79,G1,44754,Bad,8,1,5.153,0.9069,7.3953,20.6857
SS3_MAF_leo180223_p6_G09_S81,G1,14370,Bad,0,1,5.153,0.9069,7.3953,20.6857
SS3_MAF_leo180223_p6_G11_S83,S,43335,Bad,5,1,5.153,0.9069,7.3953,20.6857
SS3_MAF_leo180223_p6_D08_S44,G1,11889,Bad,2,0,5.153,0.9069,7.3953,20.6857
SS3_MAF_leo180223_p6_H07_S91,G1,10415,Bad,0,3,5.153,0.9069,7.3953,20.6857
SS3_MAF_leo180223_p6_H09_S93,G1,13994,Bad,0,2,5.153,0.9069,7.3953,20.6857
SS3_MAF_leo180223_p6_H11_S95,G1,17619,Bad,3,1,5.153,0.9069,7.3953,20.6857
SS3_MAF_leo180223_p6_G06_S78,G1,17000,Bad,5,0,5.153,0.9069,7.3953,20.6857
SS3_MAF_leo180223_p6_E12_S60,G1,29942,Bad,4,4,5.153,0.9069,7.3953,20.6857
SS3_MAF_leo180223_p4_S101,S,46504,Bad,1,0,5.153,0.9069,7.3953,20.6857
SS3_MAF_leo180223_p4_S102,G1,28700,Bad,3,0,5.153,0.9069,7.3953,20.6857
SS3_MAF_leo180223_p4_S104,G2M,9443,Bad,1,0,5.153,0.9069,7.3953,20.6857
SS3_MAF_leo180223_p4_S108,G1,8102,Bad,0,0,5.153,0.9069,7.3953,20.6857
SS3_MAF_leo180223_p4_S105,G1,46105,Bad,11,2,5.153,0.9069,7.3953,20.6857
SS3_MAF_leo180223_p4_S106,G1,46823,Bad,4,1,5.153,0.9069,7.3953,20.6857
SS3_MAF_leo180223_p6_D10_S46,G1,15028,Bad,0,4,5.153,0.9069,7.3953,20.6857
SS3_MAF_leo180223_p4_S107,G1,57441,Bad,6,7,5.153,0.9069,7.3953,20.6857
SS3_MAF_leo180223_p6_F06_S66,G1,35862,Bad,0,1,5.153,0.9069,7.3953,20.6857
SS3_MAF_leo180223_p6_E08_S56,G1,19789,Bad,0,0,5.153,0.9069,7.3953,20.6857
SS3_MAF_leo180223_p6_H08_S92,G1,31398,Bad,0,3,5.153,0.9069,7.3953,20.6857
SS3_MAF_leo180223_p6_H10_S94,S,43246,Bad,5,4,5.153,0.9069,7.3953,20.6857
SS3_MAF_leo180223_p4_S109,G1,22942,Bad,2,3,5.153,0.9069,7.3953,20.6857
SS3_MAF_leo180223_p6_G04_S76,G1,14904,Bad,0,1,5.153,0.9069,7.3953,20.6857
SS3_MAF_leo180223_p4_S112,G1,10651,Bad,0,4,5.153,0.9069,7.3953,20.6857
SS3_MAF_leo180223_p4_S111,S,17722,Bad,0,4,5.153,0.9069,7.3953,20.6857
SS3_MAF_leo180223_p4_S113,G1,54566,Bad,8,9,5.153,0.9069,7.3953,20.6857
SS3_MAF_leo180223_p6_E02_S50,G1,56102,Bad,6,3,5.153,0.9069,7.3953,20.6857
SS3_MAF_leo180223_p4_S114,G1,41605,Bad,1,3,5.153,0.9069,7.3953,20.6857
SS3_MAF_leo180223_p4_S115,G1,31806,Bad,0,2,5.153,0.9069,7.3953,20.6857
SS3_MAF_leo180223_p4_S117,G1,33445,Bad,0,0,5.153,0.9069,7.3953,20.6857
SS3_MAF_leo180223_p4_S116,G2M,43218,Bad,8,2,5.153,0.9069,7.3953,20.6857
SS3_MAF_leo180223_p4_S118,G1,39079,Bad,1,0,5.153,0.9069,7.3953,20.6857
SS3_MAF_leo180223_p4_S119,G1,32951,Bad,8,3,5.153,0.9069,7.3953,20.6857
SS3_MAF_leo180223_p4_S123,S,42089,Bad,3,0,5.153,0.9069,7.3953,20.6857
SS3_MAF_leo180223_p4_S121,G1,35385,Bad,6,2,5.153,0.9069,7.3953,20.6857
SS3_MAF_leo180223_p4_S122,G1,48450,Bad,1,6,5.153,0.9069,7.3953,20.6857
SS3_MAF_leo180223_p4_S125,G1,36709,Bad,0,4,5.153,0.9069,7.3953,20.6857
SS3_MAF_leo180223_p4_S126,G1,14776,Bad,3,2,5.153,0.9069,7.3953,20.6857
SS3_MAF_leo180223_p4_S127,G1,30192,Bad,2,1,5.153,0.9069,7.3953,20.6857
SS3_MAF_leo180223_p4_S124,G1,48177,Bad,6,5,5.153,0.9069,7.3953,20.6857
SS3_MAF_leo180223_p4_S129,G1,39617,Bad,3,1,5.153,0.9069,7.3953,20.6857
SS3_MAF_leo180223_p4_S130,G1,30386,Bad,2,2,5.153,0.9069,7.3953,20.6857
SS3_MAF_leo180223_p4_S131,G2M,30460,Bad,3,2,5.153,0.9069,7.3953,20.6857
SS3_MAF_leo180223_p4_S132,G1,38643,Bad,4,2,5.153,0.9069,7.3953,20.6857
SS3_MAF_leo180223_p4_S134,G1,9113,Bad,0,2,5.153,0.9069,7.3953,20.6857
SS3_MAF_leo180223_p4_S133,G1,42441,Bad,2,4,5.153,0.9069,7.3953,20.6857
SS3_MAF_leo180223_p4_S135,G1,17189,Bad,1,1,5.153,0.9069,7.3953,20.6857
SS3_MAF_leo180223_p4_S139,G2M,11145,Bad,1,1,5.153,0.9069,7.3953,20.6857
SS3_MAF_leo180223_p4_S137,S,43012,Bad,1,3,5.153,0.9069,7.3953,20.6857
SS3_MAF_leo180223_p4_S138,G2M,50993,Bad,4,2,5.153,0.9069,7.3953,20.6857
SS3_MAF_leo180223_p4_S140,G1,10911,Bad,0,0,5.153,0.9069,7.3953,20.6857
SS3_MAF_leo180223_p4_S142,G1,13960,Bad,0,0,5.153,0.9069,7.3953,20.6857
SS3_MAF_leo180223_p4_S147,G1,18062,Bad,5,0,5.153,0.9069,7.3953,20.6857
SS3_MAF_leo180223_p4_S97,G1,34429,Bad,1,3,5.153,0.9069,7.3953,20.6857
SS3_MAF_leo180223_p4_S146,S,29223,Bad,6,3,5.153,0.9069,7.3953,20.6857
SS3_MAF_leo180223_p4_S145,G1,40112,Bad,1,4,5.153,0.9069,7.3953,20.6857
SS3_MAF_leo180223_p4_S148,G2M,35298,Bad,5,4,5.153,0.9069,7.3953,20.6857
SS3_MAF_leo180223_p4_S150,G2M,11070,Bad,0,0,5.153,0.9069,7.3953,20.6857
SS3_MAF_leo180223_p4_S149,G1,46283,Bad,0,0,5.153,0.9069,7.3953,20.6857
SS3_MAF_leo180223_p4_S151,G2M,37513,Bad,0,6,5.153,0.9069,7.3953,20.6857
SS3_MAF_leo180223_p4_S153,G1,57674,Bad,4,5,5.153,0.9069,7.3953,20.6857
SS3_MAF_leo180223_p4_S156,G1,20071,Bad,6,2,5.153,0.9069,7.3953,20.6857
SS3_MAF_leo180223_p4_S154,S,55869,Bad,5,7,5.153,0.9069,7.3953,20.6857
SS3_MAF_leo180223_p4_S157,G1,20536,Bad,5,0,5.153,0.9069,7.3953,20.6857
SS3_MAF_leo180223_p4_S159,G1,32667,Bad,6,1,5.153,0.9069,7.3953,20.6857
SS3_MAF_leo180223_p4_S158,G2M,48866,Bad,2,0,5.153,0.9069,7.3953,20.6857
SS3_MAF_leo180223_p4_S161,S,44634,Bad,0,6,5.153,0.9069,7.3953,20.6857
SS3_MAF_leo180223_p4_S160,G1,25072,Bad,0,0,5.153,0.9069,7.3953,20.6857
SS3_MAF_leo180223_p4_S162,G1,36811,Bad,3,5,5.153,0.9069,7.3953,20.6857
SS3_MAF_leo180223_p4_S164,G1,43467,Bad,7,4,5.153,0.9069,7.3953,20.6857
SS3_MAF_leo180223_p4_S166,S,28129,Bad,0,1,5.153,0.9069,7.3953,20.6857
SS3_MAF_leo180223_p4_S167,G1,26371,Bad,2,2,5.153,0.9069,7.3953,20.6857
SS3_MAF_leo180223_p4_S169,G1,34158,Bad,5,1,5.153,0.9069,7.3953,20.6857
SS3_MAF_leo180223_p4_S165,G1,39578,Bad,2,2,5.153,0.9069,7.3953,20.6857
SS3_MAF_leo180223_p4_S173,G1,19064,Bad,0,0,5.153,0.9069,7.3953,20.6857
SS3_MAF_leo180223_p4_S170,G1,51247,Bad,2,2,5.153,0.9069,7.3953,20.6857
SS3_MAF_leo180223_p4_S171,S,67232,Bad,0,6,5.153,0.9069,7.3953,20.6857
SS3_MAF_leo180223_p4_S177,S,44173,Bad,1,5,5.153,0.9069,7.3953,20.6857
SS3_MAF_leo180223_p4_S174,G1,31352,Bad,0,4,5.153,0.9069,7.3953,20.6857
SS3_MAF_leo180223_p4_S180,G1,16181,Bad,0,1,5.153,0.9069,7.3953,20.6857
SS3_MAF_leo180223_p4_S176,G1,20544,Bad,2,0,5.153,0.9069,7.3953,20.6857
SS3_MAF_leo180223_p4_S179,G1,32343,Bad,0,4,5.153,0.9069,7.3953,20.6857
SS3_MAF_leo180223_p4_S178,S,57266,Bad,3,1,5.153,0.9069,7.3953,20.6857
SS3_MAF_leo180223_p4_S181,G1,25042,Bad,6,1,5.153,0.9069,7.3953,20.6857
SS3_MAF_leo180223_p4_S183,G1,33832,Bad,4,4,5.153,0.9069,7.3953,20.6857
SS3_MAF_leo180223_p4_S182,G1,52029,Bad,2,6,5.153,0.9069,7.3953,20.6857
SS3_MAF_leo180223_p4_S186,S,58004,Bad,11,7,5.153,0.9069,7.3953,20.6857
SS3_MAF_leo180223_p4_S187,G2M,15045,Bad,0,6,5.153,0.9069,7.3953,20.6857
SS3_MAF_leo180223_p4_S191,G2M,11140,Bad,0,0,5.153,0.9069,7.3953,20.6857
SS3_MAF_leo180223_p4_S185,G1,52790,Bad,5,2,5.153,0.9069,7.3953,20.6857
SS3_MAF_leo180223_p4_S189,G1,66797,Bad,1,14,5.153,0.9069,7.3953,20.6857
SS3_MAF_leo180223_p4_S188,G1,51539,Bad,8,2,5.153,0.9069,7.3953,20.6857
SS3_MAF_leo180223_p4_S190,G1,37493,Bad,,,5.153,0.9069,7.3953,20.6857
SS3_MAF_leo180223_p4_S98,G1,27030,Bad,6,0,5.153,0.9069,7.3953,20.6857
SS3_MAF_leo180223_p4_S99,G1,22647,Bad,4,0,5.153,0.9069,7.3953,20.6857
SS3_MAF_Leo171129_p2_S10,G1,39310,Tnpo2,0,1,2.986,1.0769,7.1448,12.4928
SS3_MAF_Leo171129_p2_S12,G1,46976,Tnpo2,,,2.986,1.0769,7.1448,12.4928
SS3_MAF_Leo171129_p2_S13,G1,43893,Tnpo2,0,4,2.986,1.0769,7.1448,12.4928
SS3_MAF_Leo171129_p2_S14,G1,39959,Tnpo2,0,0,2.986,1.0769,7.1448,12.4928
SS3_MAF_Leo171129_p2_S16,G1,41170,Tnpo2,0,4,2.986,1.0769,7.1448,12.4928
SS3_MAF_Leo171129_p2_S17,G1,117795,Tnpo2,6,11,2.986,1.0769,7.1448,12.4928
SS3_MAF_Leo171129_p2_S18,S,79991,Tnpo2,0,7,2.986,1.0769,7.1448,12.4928
SS3_MAF_Leo171129_p2_S19,G1,63056,Tnpo2,3,1,2.986,1.0769,7.1448,12.4928
SS3_MAF_Leo171129_p2_S1,G2M,48601,Tnpo2,5,6,2.986,1.0769,7.1448,12.4928
SS3_MAF_Leo171129_p2_S20,G1,70834,Tnpo2,1,11,2.986,1.0769,7.1448,12.4928
SS3_MAF_Leo171129_p2_S21,G1,75490,Tnpo2,0,2,2.986,1.0769,7.1448,12.4928
SS3_MAF_Leo171129_p2_S22,G2M,33098,Tnpo2,1,0,2.986,1.0769,7.1448,12.4928
SS3_MAF_Leo171129_p2_S23,G1,36429,Tnpo2,0,6,2.986,1.0769,7.1448,12.4928
SS3_MAF_Leo171129_p2_S24,G1,29297,Tnpo2,3,1,2.986,1.0769,7.1448,12.4928
SS3_MAF_Leo171129_p2_S25,G1,77970,Tnpo2,1,3,2.986,1.0769,7.1448,12.4928
SS3_MAF_Leo171129_p2_S26,G2M,42619,Tnpo2,2,1,2.986,1.0769,7.1448,12.4928
SS3_MAF_Leo171129_p2_S27,G1,8122,Tnpo2,1,1,2.986,1.0769,7.1448,12.4928
SS3_MAF_Leo171129_p2_S28,G2M,16215,Tnpo2,0,2,2.986,1.0769,7.1448,12.4928
SS3_MAF_Leo171129_p2_S2,S,34219,Tnpo2,2,0,2.986,1.0769,7.1448,12.4928
SS3_MAF_Leo171129_p2_S30,G2M,10030,Tnpo2,1,0,2.986,1.0769,7.1448,12.4928
SS3_MAF_Leo171129_p2_S31,G1,50024,Tnpo2,9,1,2.986,1.0769,7.1448,12.4928
SS3_MAF_Leo171129_p2_S32,G2M,51366,Tnpo2,4,0,2.986,1.0769,7.1448,12.4928
SS3_MAF_Leo171129_p2_S33,G1,64228,Tnpo2,2,1,2.986,1.0769,7.1448,12.4928
SS3_MAF_Leo171129_p2_S34,G1,38195,Tnpo2,1,6,2.986,1.0769,7.1448,12.4928
SS3_MAF_Leo171129_p2_S37,G1,13225,Tnpo2,1,1,2.986,1.0769,7.1448,12.4928
SS3_MAF_Leo171129_p2_S3,G1,55963,Tnpo2,1,5,2.986,1.0769,7.1448,12.4928
SS3_MAF_Leo171129_p2_S41,G1,108019,Tnpo2,2,7,2.986,1.0769,7.1448,12.4928
SS3_MAF_Leo171129_p2_S42,G1,65018,Tnpo2,4,4,2.986,1.0769,7.1448,12.4928
SS3_MAF_Leo171129_p2_S43,G1,64740,Tnpo2,4,5,2.986,1.0769,7.1448,12.4928
SS3_MAF_Leo171129_p2_S44,G1,37365,Tnpo2,6,2,2.986,1.0769,7.1448,12.4928
SS3_MAF_Leo171129_p2_S45,S,66369,Tnpo2,4,11,2.986,1.0769,7.1448,12.4928
SS3_MAF_Leo171129_p2_S47,G1,47781,Tnpo2,2,5,2.986,1.0769,7.1448,12.4928
SS3_MAF_Leo171129_p2_S48,G1,51270,Tnpo2,1,1,2.986,1.0769,7.1448,12.4928
SS3_MAF_Leo171129_p2_S49,G1,30770,Tnpo2,2,0,2.986,1.0769,7.1448,12.4928
SS3_MAF_Leo171129_p2_S4,G1,39611,Tnpo2,2,2,2.986,1.0769,7.1448,12.4928
SS3_MAF_Leo171129_p2_S50,G1,57440,Tnpo2,1,9,2.986,1.0769,7.1448,12.4928
SS3_MAF_Leo171129_p2_S52,G1,21457,Tnpo2,0,1,2.986,1.0769,7.1448,12.4928
SS3_MAF_Leo171129_p2_S53,G1,80336,Tnpo2,5,5,2.986,1.0769,7.1448,12.4928
SS3_MAF_Leo171129_p2_S55,G2M,88188,Tnpo2,8,0,2.986,1.0769,7.1448,12.4928
SS3_MAF_Leo171129_p2_S57,G1,42297,Tnpo2,0,4,2.986,1.0769,7.1448,12.4928
SS3_MAF_Leo171129_p2_S58,G1,55834,Tnpo2,4,4,2.986,1.0769,7.1448,12.4928
SS3_MAF_Leo171129_p2_S59,G1,45969,Tnpo2,4,3,2.986,1.0769,7.1448,12.4928
SS3_MAF_Leo171129_p2_S5,G2M,34433,Tnpo2,,,2.986,1.0769,7.1448,12.4928
SS3_MAF_Leo171129_p2_S61,G1,20315,Tnpo2,6,0,2.986,1.0769,7.1448,12.4928
SS3_MAF_Leo171129_p2_S62,G1,20928,Tnpo2,0,0,2.986,1.0769,7.1448,12.4928
SS3_MAF_Leo171129_p2_S64,G1,100938,Tnpo2,4,6,2.986,1.0769,7.1448,12.4928
SS3_MAF_Leo171129_p2_S65,G1,52328,Tnpo2,1,2,2.986,1.0769,7.1448,12.4928
SS3_MAF_Leo171129_p2_S66,G1,67878,Tnpo2,2,7,2.986,1.0769,7.1448,12.4928
SS3_MAF_Leo171129_p2_S67,S,68235,Tnpo2,4,2,2.986,1.0769,7.1448,12.4928
SS3_MAF_Leo171129_p2_S68,G1,15259,Tnpo2,0,1,2.986,1.0769,7.1448,12.4928
SS3_MAF_Leo171129_p2_S69,G1,36667,Tnpo2,1,9,2.986,1.0769,7.1448,12.4928
SS3_MAF_Leo171129_p2_S6,G2M,60468,Tnpo2,5,7,2.986,1.0769,7.1448,12.4928
SS3_MAF_Leo171129_p2_S72,G1,18464,Tnpo2,,,2.986,1.0769,7.1448,12.4928
SS3_MAF_Leo171129_p2_S73,G1,94179,Tnpo2,3,4,2.986,1.0769,7.1448,12.4928
SS3_MAF_Leo171129_p2_S74,G1,85288,Tnpo2,6,0,2.986,1.0769,7.1448,12.4928
SS3_MAF_Leo171129_p2_S75,G1,53506,Tnpo2,3,0,2.986,1.0769,7.1448,12.4928
SS3_MAF_Leo171129_p2_S76,G2M,60345,Tnpo2,3,2,2.986,1.0769,7.1448,12.4928
SS3_MAF_Leo171129_p2_S77,G1,30764,Tnpo2,7,0,2.986,1.0769,7.1448,12.4928
SS3_MAF_Leo171129_p2_S78,S,64444,Tnpo2,0,3,2.986,1.0769,7.1448,12.4928
SS3_MAF_Leo171129_p2_S79,G1,20086,Tnpo2,0,1,2.986,1.0769,7.1448,12.4928
SS3_MAF_Leo171129_p2_S7,G1,42337,Tnpo2,1,0,2.986,1.0769,7.1448,12.4928
SS3_MAF_Leo171129_p2_S80,S,46988,Tnpo2,0,3,2.986,1.0769,7.1448,12.4928
SS3_MAF_Leo171129_p2_S81,G2M,13199,Tnpo2,3,0,2.986,1.0769,7.1448,12.4928
SS3_MAF_Leo171129_p2_S82,G1,10672,Tnpo2,0,0,2.986,1.0769,7.1448,12.4928
SS3_MAF_Leo171129_p2_S83,G1,62168,Tnpo2,,,2.986,1.0769,7.1448,12.4928
SS3_MAF_Leo171129_p2_S84,G1,9220,Tnpo2,0,0,2.986,1.0769,7.1448,12.4928
SS3_MAF_Leo171129_p2_S85,G1,12557,Tnpo2,1,1,2.986,1.0769,7.1448,12.4928
SS3_MAF_Leo171129_p2_S86,S,76694,Tnpo2,7,4,2.986,1.0769,7.1448,12.4928
SS3_MAF_Leo171129_p2_S87,G1,33235,Tnpo2,0,2,2.986,1.0769,7.1448,12.4928
SS3_MAF_Leo171129_p2_S89,G1,128206,Tnpo2,8,0,2.986,1.0769,7.1448,12.4928
SS3_MAF_Leo171129_p2_S8,G1,42290,Tnpo2,2,3,2.986,1.0769,7.1448,12.4928
SS3_MAF_Leo171129_p2_S90,G1,144876,Tnpo2,0,8,2.986,1.0769,7.1448,12.4928
SS3_MAF_Leo171129_p2_S91,G1,95482,Tnpo2,0,10,2.986,1.0769,7.1448,12.4928
SS3_MAF_Leo171129_p2_S92,G1,42727,Tnpo2,3,1,2.986,1.0769,7.1448,12.4928
SS3_MAF_Leo171129_p2_S93,S,50420,Tnpo2,0,0,2.986,1.0769,7.1448,12.4928
SS3_MAF_Leo171129_p2_S94,G2M,49637,Tnpo2,2,1,2.986,1.0769,7.1448,12.4928
SS3_MAF_Leo171129_p2_S9,G2M,77535,Tnpo2,4,4,2.986,1.0769,7.1448,12.4928
SS3_MAF_leo180223_p6_A10_S10,G1,23929,Tnpo2,1,1,2.986,1.0769,7.1448,12.4928
SS3_MAF_leo180223_p6_B01_S13,G1,24789,Tnpo2,2,0,2.986,1.0769,7.1448,12.4928
SS3_MAF_leo180223_p6_A03_S3,G1,36756,Tnpo2,1,0,2.986,1.0769,7.1448,12.4928
SS3_MAF_leo180223_p6_A09_S9,G2M,12578,Tnpo2,,,2.986,1.0769,7.1448,12.4928
SS3_MAF_leo180223_p6_B05_S17,G2M,7653,Tnpo2,0,0,2.986,1.0769,7.1448,12.4928
SS3_MAF_leo180223_p6_A01_S1,G1,53431,Tnpo2,2,0,2.986,1.0769,7.1448,12.4928
SS3_MAF_leo180223_p6_A11_S11,G1,30102,Tnpo2,0,1,2.986,1.0769,7.1448,12.4928
SS3_MAF_leo180223_p6_C01_S25,G1,49793,Tnpo2,2,5,2.986,1.0769,7.1448,12.4928
SS3_MAF_leo180223_p6_B02_S14,G1,55296,Tnpo2,2,3,2.986,1.0769,7.1448,12.4928
SS3_MAF_leo180223_p6_A02_S2,S,72303,Tnpo2,0,3,2.986,1.0769,7.1448,12.4928
SS3_MAF_leo180223_p6_A05_S5,G2M,11957,Tnpo2,,,2.986,1.0769,7.1448,12.4928
SS3_MAF_leo180223_p6_A07_S7,G1,26205,Tnpo2,0,6,2.986,1.0769,7.1448,12.4928
SS3_MAF_leo180223_p6_A04_S4,G1,42732,Tnpo2,0,2,2.986,1.0769,7.1448,12.4928
SS3_MAF_leo180223_p6_A12_S12,G1,52402,Tnpo2,3,2,2.986,1.0769,7.1448,12.4928
SS3_MAF_leo180223_p6_B04_S16,G1,30714,Tnpo2,1,3,2.986,1.0769,7.1448,12.4928
SS3_MAF_leo180223_p6_A06_S6,G1,57207,Tnpo2,2,0,2.986,1.0769,7.1448,12.4928
SS3_MAF_leo180223_p6_B03_S15,S,61296,Tnpo2,0,2,2.986,1.0769,7.1448,12.4928
SS3_MAF_leo180223_p6_B10_S22,G1,22876,Tnpo2,0,2,2.986,1.0769,7.1448,12.4928
SS3_MAF_leo180223_p6_C02_S26,G1,65040,Tnpo2,1,1,2.986,1.0769,7.1448,12.4928
SS3_MAF_leo180223_p6_C04_S28,G2M,26058,Tnpo2,1,5,2.986,1.0769,7.1448,12.4928
SS3_MAF_leo180223_p6_B09_S21,G1,37734,Tnpo2,2,0,2.986,1.0769,7.1448,12.4928
SS3_MAF_leo180223_p6_C05_S29,G1,60723,Tnpo2,3,5,2.986,1.0769,7.1448,12.4928
SS3_MAF_leo180223_p6_C11_S35,G1,54024,Tnpo2,2,5,2.986,1.0769,7.1448,12.4928
SS3_MAF_leo180223_p6_C09_S33,G1,53996,Tnpo2,6,2,2.986,1.0769,7.1448,12.4928
SS3_MAF_leo180223_p6_D01_S37,S,55709,Tnpo2,1,5,2.986,1.0769,7.1448,12.4928
SS3_MAF_leo180223_p6_D03_S39,G1,47188,Tnpo2,8,3,2.986,1.0769,7.1448,12.4928
SS3_MAF_leo180223_p6_B11_S23,G1,41554,Tnpo2,1,1,2.986,1.0769,7.1448,12.4928
SS3_MAF_leo180223_p6_D05_S41,G1,29838,Tnpo2,4,4,2.986,1.0769,7.1448,12.4928
SS3_MAF_leo180223_p6_D09_S45,G1,51007,Tnpo2,0,7,2.986,1.0769,7.1448,12.4928
SS3_MAF_leo180223_p6_B07_S19,G1,14673,Tnpo2,1,1,2.986,1.0769,7.1448,12.4928
SS3_MAF_leo180223_p6_E01_S49,G1,58894,Tnpo2,1,6,2.986,1.0769,7.1448,12.4928
SS3_MAF_leo180223_p6_C10_S34,G1,57445,Tnpo2,2,3,2.986,1.0769,7.1448,12.4928
SS3_MAF_leo180223_p6_C12_S36,G1,65159,Tnpo2,0,7,2.986,1.0769,7.1448,12.4928
SS3_MAF_leo180223_p6_C06_S30,S,48635,Tnpo2,6,2,2.986,1.0769,7.1448,12.4928
SS3_MAF_leo180223_p6_D12_S48,G1,7742,Tnpo2,0,1,2.986,1.0769,7.1448,12.4928
SS3_MAF_leo180223_p6_D07_S43,G1,58044,Tnpo2,0,2,2.986,1.0769,7.1448,12.4928
SS3_MAF_leo180223_p6_D04_S40,S,62213,Tnpo2,3,2,2.986,1.0769,7.1448,12.4928
SS3_MAF_leo180223_p6_E07_S55,G1,79485,Tnpo2,5,1,2.986,1.0769,7.1448,12.4928
SS3_MAF_leo180223_p6_D02_S38,G1,54559,Tnpo2,4,5,2.986,1.0769,7.1448,12.4928
SS3_MAF_leo180223_p6_E10_S58,G1,7949,Tnpo2,0,0,2.986,1.0769,7.1448,12.4928
SS3_MAF_leo180223_p6_E05_S53,S,40138,Tnpo2,2,1,2.986,1.0769,7.1448,12.4928
SS3_MAF_leo180223_p6_E03_S51,G1,56996,Tnpo2,6,2,2.986,1.0769,7.1448,12.4928
SS3_MAF_leo180223_p6_E11_S59,G1,29427,Tnpo2,1,3,2.986,1.0769,7.1448,12.4928
SS3_MAF_leo180223_p6_F03_S63,G1,16661,Tnpo2,0,2,2.986,1.0769,7.1448,12.4928
SS3_MAF_leo180223_p6_F07_S67,G1,12997,Tnpo2,0,1,2.986,1.0769,7.1448,12.4928
SS3_MAF_leo180223_p6_D06_S42,G2M,25551,Tnpo2,0,2,2.986,1.0769,7.1448,12.4928
SS3_MAF_leo180223_p6_F10_S70,G1,28264,Tnpo2,0,3,2.986,1.0769,7.1448,12.4928
SS3_MAF_leo180223_p6_G01_S73,G2M,9750,Tnpo2,1,0,2.986,1.0769,7.1448,12.4928
SS3_MAF_leo180223_p6_G05_S77,G2M,16211,Tnpo2,0,0,2.986,1.0769,7.1448,12.4928
SS3_MAF_leo180223_p6_F05_S65,G1,43383,Tnpo2,1,2,2.986,1.0769,7.1448,12.4928
SS3_MAF_leo180223_p6_G03_S75,G1,30248,Tnpo2,1,1,2.986,1.0769,7.1448,12.4928
SS3_MAF_leo180223_p6_E06_S54,G1,15835,Tnpo2,0,0,2.986,1.0769,7.1448,12.4928
SS3_MAF_leo180223_p6_G07_S79,G1,44754,Tnpo2,2,3,2.986,1.0769,7.1448,12.4928
SS3_MAF_leo180223_p6_G09_S81,G1,14370,Tnpo2,2,1,2.986,1.0769,7.1448,12.4928
SS3_MAF_leo180223_p6_G11_S83,S,43335,Tnpo2,0,3,2.986,1.0769,7.1448,12.4928
SS3_MAF_leo180223_p6_D08_S44,G1,11889,Tnpo2,0,1,2.986,1.0769,7.1448,12.4928
SS3_MAF_leo180223_p6_H07_S91,G1,10415,Tnpo2,0,0,2.986,1.0769,7.1448,12.4928
SS3_MAF_leo180223_p6_H09_S93,G1,13994,Tnpo2,0,1,2.986,1.0769,7.1448,12.4928
SS3_MAF_leo180223_p6_H11_S95,G1,17619,Tnpo2,2,7,2.986,1.0769,7.1448,12.4928
SS3_MAF_leo180223_p6_G06_S78,G1,17000,Tnpo2,0,0,2.986,1.0769,7.1448,12.4928
SS3_MAF_leo180223_p6_E12_S60,G1,29942,Tnpo2,2,0,2.986,1.0769,7.1448,12.4928
SS3_MAF_leo180223_p4_S101,S,46504,Tnpo2,0,2,2.986,1.0769,7.1448,12.4928
SS3_MAF_leo180223_p4_S102,G1,28700,Tnpo2,1,1,2.986,1.0769,7.1448,12.4928
SS3_MAF_leo180223_p4_S104,G2M,9443,Tnpo2,0,0,2.986,1.0769,7.1448,12.4928
SS3_MAF_leo180223_p4_S108,G1,8102,Tnpo2,0,0,2.986,1.0769,7.1448,12.4928
SS3_MAF_leo180223_p4_S105,G1,46105,Tnpo2,2,4,2.986,1.0769,7.1448,12.4928
SS3_MAF_leo180223_p4_S106,G1,46823,Tnpo2,1,1,2.986,1.0769,7.1448,12.4928
SS3_MAF_leo180223_p6_D10_S46,G1,15028,Tnpo2,0,2,2.986,1.0769,7.1448,12.4928
SS3_MAF_leo180223_p4_S107,G1,57441,Tnpo2,4,2,2.986,1.0769,7.1448,12.4928
SS3_MAF_leo180223_p6_F06_S66,G1,35862,Tnpo2,0,2,2.986,1.0769,7.1448,12.4928
SS3_MAF_leo180223_p6_E08_S56,G1,19789,Tnpo2,1,0,2.986,1.0769,7.1448,12.4928
SS3_MAF_leo180223_p6_H08_S92,G1,31398,Tnpo2,1,1,2.986,1.0769,7.1448,12.4928
SS3_MAF_leo180223_p6_H10_S94,S,43246,Tnpo2,0,5,2.986,1.0769,7.1448,12.4928
SS3_MAF_leo180223_p4_S109,G1,22942,Tnpo2,1,2,2.986,1.0769,7.1448,12.4928
SS3_MAF_leo180223_p6_G04_S76,G1,14904,Tnpo2,1,0,2.986,1.0769,7.1448,12.4928
SS3_MAF_leo180223_p4_S112,G1,10651,Tnpo2,0,0,2.986,1.0769,7.1448,12.4928
SS3_MAF_leo180223_p4_S111,S,17722,Tnpo2,0,1,2.986,1.0769,7.1448,12.4928
SS3_MAF_leo180223_p4_S113,G1,54566,Tnpo2,1,3,2.986,1.0769,7.1448,12.4928
SS3_MAF_leo180223_p6_E02_S50,G1,56102,Tnpo2,1,1,2.986,1.0769,7.1448,12.4928
SS3_MAF_leo180223_p4_S114,G1,41605,Tnpo2,1,1,2.986,1.0769,7.1448,12.4928
SS3_MAF_leo180223_p4_S115,G1,31806,Tnpo2,2,0,2.986,1.0769,7.1448,12.4928
SS3_MAF_leo180223_p4_S117,G1,33445,Tnpo2,2,2,2.986,1.0769,7.1448,12.4928
SS3_MAF_leo180223_p4_S116,G2M,43218,Tnpo2,0,5,2.986,1.0769,7.1448,12.4928
SS3_MAF_leo180223_p4_S118,G1,39079,Tnpo2,0,1,2.986,1.0769,7.1448,12.4928
SS3_MAF_leo180223_p4_S119,G1,32951,Tnpo2,2,3,2.986,1.0769,7.1448,12.4928
SS3_MAF_leo180223_p4_S123,S,42089,Tnpo2,1,1,2.986,1.0769,7.1448,12.4928
SS3_MAF_leo180223_p4_S121,G1,35385,Tnpo2,0,1,2.986,1.0769,7.1448,12.4928
SS3_MAF_leo180223_p4_S122,G1,48450,Tnpo2,1,3,2.986,1.0769,7.1448,12.4928
SS3_MAF_leo180223_p4_S125,G1,36709,Tnpo2,3,4,2.986,1.0769,7.1448,12.4928
SS3_MAF_leo180223_p4_S126,G1,14776,Tnpo2,0,0,2.986,1.0769,7.1448,12.4928
SS3_MAF_leo180223_p4_S127,G1,30192,Tnpo2,2,3,2.986,1.0769,7.1448,12.4928
SS3_MAF_leo180223_p4_S124,G1,48177,Tnpo2,1,0,2.986,1.0769,7.1448,12.4928
SS3_MAF_leo180223_p4_S129,G1,39617,Tnpo2,0,2,2.986,1.0769,7.1448,12.4928
SS3_MAF_leo180223_p4_S130,G1,30386,Tnpo2,2,2,2.986,1.0769,7.1448,12.4928
SS3_MAF_leo180223_p4_S131,G2M,30460,Tnpo2,3,1,2.986,1.0769,7.1448,12.4928
SS3_MAF_leo180223_p4_S132,G1,38643,Tnpo2,2,1,2.986,1.0769,7.1448,12.4928
SS3_MAF_leo180223_p4_S134,G1,9113,Tnpo2,0,0,2.986,1.0769,7.1448,12.4928
SS3_MAF_leo180223_p4_S133,G1,42441,Tnpo2,0,2,2.986,1.0769,7.1448,12.4928
SS3_MAF_leo180223_p4_S135,G1,17189,Tnpo2,0,0,2.986,1.0769,7.1448,12.4928
SS3_MAF_leo180223_p4_S139,G2M,11145,Tnpo2,0,0,2.986,1.0769,7.1448,12.4928
SS3_MAF_leo180223_p4_S137,S,43012,Tnpo2,1,1,2.986,1.0769,7.1448,12.4928
SS3_MAF_leo180223_p4_S138,G2M,50993,Tnpo2,1,3,2.986,1.0769,7.1448,12.4928
SS3_MAF_leo180223_p4_S140,G1,10911,Tnpo2,2,0,2.986,1.0769,7.1448,12.4928
SS3_MAF_leo180223_p4_S142,G1,13960,Tnpo2,0,0,2.986,1.0769,7.1448,12.4928
SS3_MAF_leo180223_p4_S147,G1,18062,Tnpo2,1,1,2.986,1.0769,7.1448,12.4928
SS3_MAF_leo180223_p4_S97,G1,34429,Tnpo2,4,0,2.986,1.0769,7.1448,12.4928
SS3_MAF_leo180223_p4_S146,S,29223,Tnpo2,1,1,2.986,1.0769,7.1448,12.4928
SS3_MAF_leo180223_p4_S145,G1,40112,Tnpo2,2,1,2.986,1.0769,7.1448,12.4928
SS3_MAF_leo180223_p4_S148,G2M,35298,Tnpo2,2,2,2.986,1.0769,7.1448,12.4928
SS3_MAF_leo180223_p4_S150,G2M,11070,Tnpo2,1,4,2.986,1.0769,7.1448,12.4928
SS3_MAF_leo180223_p4_S149,G1,46283,Tnpo2,,,2.986,1.0769,7.1448,12.4928
SS3_MAF_leo180223_p4_S151,G2M,37513,Tnpo2,1,3,2.986,1.0769,7.1448,12.4928
SS3_MAF_leo180223_p4_S153,G1,57674,Tnpo2,0,1,2.986,1.0769,7.1448,12.4928
SS3_MAF_leo180223_p4_S156,G1,20071,Tnpo2,2,0,2.986,1.0769,7.1448,12.4928
SS3_MAF_leo180223_p4_S154,S,55869,Tnpo2,0,5,2.986,1.0769,7.1448,12.4928
SS3_MAF_leo180223_p4_S157,G1,20536,Tnpo2,0,1,2.986,1.0769,7.1448,12.4928
SS3_MAF_leo180223_p4_S159,G1,32667,Tnpo2,1,3,2.986,1.0769,7.1448,12.4928
SS3_MAF_leo180223_p4_S158,G2M,48866,Tnpo2,4,4,2.986,1.0769,7.1448,12.4928
SS3_MAF_leo180223_p4_S161,S,44634,Tnpo2,3,0,2.986,1.0769,7.1448,12.4928
SS3_MAF_leo180223_p4_S160,G1,25072,Tnpo2,2,0,2.986,1.0769,7.1448,12.4928
SS3_MAF_leo180223_p4_S162,G1,36811,Tnpo2,1,1,2.986,1.0769,7.1448,12.4928
SS3_MAF_leo180223_p4_S164,G1,43467,Tnpo2,0,6,2.986,1.0769,7.1448,12.4928
SS3_MAF_leo180223_p4_S166,S,28129,Tnpo2,0,1,2.986,1.0769,7.1448,12.4928
SS3_MAF_leo180223_p4_S167,G1,26371,Tnpo2,1,0,2.986,1.0769,7.1448,12.4928
SS3_MAF_leo180223_p4_S169,G1,34158,Tnpo2,1,1,2.986,1.0769,7.1448,12.4928
SS3_MAF_leo180223_p4_S165,G1,39578,Tnpo2,0,1,2.986,1.0769,7.1448,12.4928
SS3_MAF_leo180223_p4_S173,G1,19064,Tnpo2,0,3,2.986,1.0769,7.1448,12.4928
SS3_MAF_leo180223_p4_S170,G1,51247,Tnpo2,2,5,2.986,1.0769,7.1448,12.4928
SS3_MAF_leo180223_p4_S171,S,67232,Tnpo2,5,2,2.986,1.0769,7.1448,12.4928
SS3_MAF_leo180223_p4_S177,S,44173,Tnpo2,0,1,2.986,1.0769,7.1448,12.4928
SS3_MAF_leo180223_p4_S174,G1,31352,Tnpo2,1,1,2.986,1.0769,7.1448,12.4928
SS3_MAF_leo180223_p4_S180,G1,16181,Tnpo2,0,1,2.986,1.0769,7.1448,12.4928
SS3_MAF_leo180223_p4_S176,G1,20544,Tnpo2,0,0,2.986,1.0769,7.1448,12.4928
SS3_MAF_leo180223_p4_S179,G1,32343,Tnpo2,0,0,2.986,1.0769,7.1448,12.4928
SS3_MAF_leo180223_p4_S178,S,57266,Tnpo2,3,3,2.986,1.0769,7.1448,12.4928
SS3_MAF_leo180223_p4_S181,G1,25042,Tnpo2,2,2,2.986,1.0769,7.1448,12.4928
SS3_MAF_leo180223_p4_S183,G1,33832,Tnpo2,0,2,2.986,1.0769,7.1448,12.4928
SS3_MAF_leo180223_p4_S182,G1,52029,Tnpo2,2,2,2.986,1.0769,7.1448,12.4928
SS3_MAF_leo180223_p4_S186,S,58004,Tnpo2,1,4,2.986,1.0769,7.1448,12.4928
SS3_MAF_leo180223_p4_S187,G2M,15045,Tnpo2,1,1,2.986,1.0769,7.1448,12.4928
SS3_MAF_leo180223_p4_S191,G2M,11140,Tnpo2,4,0,2.986,1.0769,7.1448,12.4928
SS3_MAF_leo180223_p4_S185,G1,52790,Tnpo2,1,0,2.986,1.0769,7.1448,12.4928
SS3_MAF_leo180223_p4_S189,G1,66797,Tnpo2,3,0,2.986,1.0769,7.1448,12.4928
SS3_MAF_leo180223_p4_S188,G1,51539,Tnpo2,5,2,2.986,1.0769,7.1448,12.4928
SS3_MAF_leo180223_p4_S190,G1,37493,Tnpo2,1,5,2.986,1.0769,7.1448,12.4928
SS3_MAF_leo180223_p4_S98,G1,27030,Tnpo2,1,2,2.986,1.0769,7.1448,12.4928
SS3_MAF_leo180223_p4_S99,G1,22647,Tnpo2,0,1,2.986,1.0769,7.1448,12.4928
SS3_MAF_Leo171129_p2_S10,G1,39310,Slc35b1,9,12,5.562,1.2421,6.4996,19.4558
SS3_MAF_Leo171129_p2_S12,G1,46976,Slc35b1,2,2,5.562,1.2421,6.4996,19.4558
SS3_MAF_Leo171129_p2_S13,G1,43893,Slc35b1,0,2,5.562,1.2421,6.4996,19.4558
SS3_MAF_Leo171129_p2_S14,G1,39959,Slc35b1,,,5.562,1.2421,6.4996,19.4558
SS3_MAF_Leo171129_p2_S16,G1,41170,Slc35b1,2,4,5.562,1.2421,6.4996,19.4558
SS3_MAF_Leo171129_p2_S17,G1,117795,Slc35b1,9,13,5.562,1.2421,6.4996,19.4558
SS3_MAF_Leo171129_p2_S18,S,79991,Slc35b1,10,4,5.562,1.2421,6.4996,19.4558
SS3_MAF_Leo171129_p2_S19,G1,63056,Slc35b1,8,4,5.562,1.2421,6.4996,19.4558
SS3_MAF_Leo171129_p2_S1,G2M,48601,Slc35b1,1,0,5.562,1.2421,6.4996,19.4558
SS3_MAF_Leo171129_p2_S20,G1,70834,Slc35b1,3,22,5.562,1.2421,6.4996,19.4558
SS3_MAF_Leo171129_p2_S21,G1,75490,Slc35b1,7,2,5.562,1.2421,6.4996,19.4558
SS3_MAF_Leo171129_p2_S22,G2M,33098,Slc35b1,3,1,5.562,1.2421,6.4996,19.4558
SS3_MAF_Leo171129_p2_S23,G1,36429,Slc35b1,5,0,5.562,1.2421,6.4996,19.4558
SS3_MAF_Leo171129_p2_S24,G1,29297,Slc35b1,0,0,5.562,1.2421,6.4996,19.4558
SS3_MAF_Leo171129_p2_S25,G1,77970,Slc35b1,1,3,5.562,1.2421,6.4996,19.4558
SS3_MAF_Leo171129_p2_S26,G2M,42619,Slc35b1,2,5,5.562,1.2421,6.4996,19.4558
SS3_MAF_Leo171129_p2_S27,G1,8122,Slc35b1,0,0,5.562,1.2421,6.4996,19.4558
SS3_MAF_Leo171129_p2_S28,G2M,16215,Slc35b1,3,1,5.562,1.2421,6.4996,19.4558
SS3_MAF_Leo171129_p2_S2,S,34219,Slc35b1,2,1,5.562,1.2421,6.4996,19.4558
SS3_MAF_Leo171129_p2_S30,G2M,10030,Slc35b1,5,0,5.562,1.2421,6.4996,19.4558
SS3_MAF_Leo171129_p2_S31,G1,50024,Slc35b1,8,2,5.562,1.2421,6.4996,19.4558
SS3_MAF_Leo171129_p2_S32,G2M,51366,Slc35b1,3,5,5.562,1.2421,6.4996,19.4558
SS3_MAF_Leo171129_p2_S33,G1,64228,Slc35b1,11,3,5.562,1.2421,6.4996,19.4558
SS3_MAF_Leo171129_p2_S34,G1,38195,Slc35b1,1,4,5.562,1.2421,6.4996,19.4558
SS3_MAF_Leo171129_p2_S37,G1,13225,Slc35b1,6,0,5.562,1.2421,6.4996,19.4558
SS3_MAF_Leo171129_p2_S3,G1,55963,Slc35b1,3,2,5.562,1.2421,6.4996,19.4558
SS3_MAF_Leo171129_p2_S41,G1,108019,Slc35b1,7,12,5.562,1.2421,6.4996,19.4558
SS3_MAF_Leo171129_p2_S42,G1,65018,Slc35b1,1,8,5.562,1.2421,6.4996,19.4558
SS3_MAF_Leo171129_p2_S43,G1,64740,Slc35b1,4,2,5.562,1.2421,6.4996,19.4558
SS3_MAF_Leo171129_p2_S44,G1,37365,Slc35b1,1,2,5.562,1.2421,6.4996,19.4558
SS3_MAF_Leo171129_p2_S45,S,66369,Slc35b1,5,7,5.562,1.2421,6.4996,19.4558
SS3_MAF_Leo171129_p2_S47,G1,47781,Slc35b1,5,1,5.562,1.2421,6.4996,19.4558
SS3_MAF_Leo171129_p2_S48,G1,51270,Slc35b1,3,4,5.562,1.2421,6.4996,19.4558
SS3_MAF_Leo171129_p2_S49,G1,30770,Slc35b1,4,1,5.562,1.2421,6.4996,19.4558
SS3_MAF_Leo171129_p2_S4,G1,39611,Slc35b1,,,5.562,1.2421,6.4996,19.4558
SS3_MAF_Leo171129_p2_S50,G1,57440,Slc35b1,0,3,5.562,1.2421,6.4996,19.4558
SS3_MAF_Leo171129_p2_S52,G1,21457,Slc35b1,0,0,5.562,1.2421,6.4996,19.4558
SS3_MAF_Leo171129_p2_S53,G1,80336,Slc35b1,0,5,5.562,1.2421,6.4996,19.4558
SS3_MAF_Leo171129_p2_S55,G2M,88188,Slc35b1,5,2,5.562,1.2421,6.4996,19.4558
SS3_MAF_Leo171129_p2_S57,G1,42297,Slc35b1,0,1,5.562,1.2421,6.4996,19.4558
SS3_MAF_Leo171129_p2_S58,G1,55834,Slc35b1,,,5.562,1.2421,6.4996,19.4558
SS3_MAF_Leo171129_p2_S59,G1,45969,Slc35b1,3,4,5.562,1.2421,6.4996,19.4558
SS3_MAF_Leo171129_p2_S5,G2M,34433,Slc35b1,4,7,5.562,1.2421,6.4996,19.4558
SS3_MAF_Leo171129_p2_S61,G1,20315,Slc35b1,2,0,5.562,1.2421,6.4996,19.4558
SS3_MAF_Leo171129_p2_S62,G1,20928,Slc35b1,7,1,5.562,1.2421,6.4996,19.4558
SS3_MAF_Leo171129_p2_S64,G1,100938,Slc35b1,9,11,5.562,1.2421,6.4996,19.4558
SS3_MAF_Leo171129_p2_S65,G1,52328,Slc35b1,2,5,5.562,1.2421,6.4996,19.4558
SS3_MAF_Leo171129_p2_S66,G1,67878,Slc35b1,12,8,5.562,1.2421,6.4996,19.4558
SS3_MAF_Leo171129_p2_S67,S,68235,Slc35b1,5,1,5.562,1.2421,6.4996,19.4558
SS3_MAF_Leo171129_p2_S68,G1,15259,Slc35b1,1,6,5.562,1.2421,6.4996,19.4558
SS3_MAF_Leo171129_p2_S69,G1,36667,Slc35b1,0,7,5.562,1.2421,6.4996,19.4558
SS3_MAF_Leo171129_p2_S6,G2M,60468,Slc35b1,8,5,5.562,1.2421,6.4996,19.4558
SS3_MAF_Leo171129_p2_S72,G1,18464,Slc35b1,4,0,5.562,1.2421,6.4996,19.4558
SS3_MAF_Leo171129_p2_S73,G1,94179,Slc35b1,10,4,5.562,1.2421,6.4996,19.4558
SS3_MAF_Leo171129_p2_S74,G1,85288,Slc35b1,6,1,5.562,1.2421,6.4996,19.4558
SS3_MAF_Leo171129_p2_S75,G1,53506,Slc35b1,7,0,5.562,1.2421,6.4996,19.4558
SS3_MAF_Leo171129_p2_S76,G2M,60345,Slc35b1,1,1,5.562,1.2421,6.4996,19.4558
SS3_MAF_Leo171129_p2_S77,G1,30764,Slc35b1,5,6,5.562,1.2421,6.4996,19.4558
SS3_MAF_Leo171129_p2_S78,S,64444,Slc35b1,9,0,5.562,1.2421,6.4996,19.4558
SS3_MAF_Leo171129_p2_S79,G1,20086,Slc35b1,3,3,5.562,1.2421,6.4996,19.4558
SS3_MAF_Leo171129_p2_S7,G1,42337,Slc35b1,16,2,5.562,1.2421,6.4996,19.4558
SS3_MAF_Leo171129_p2_S80,S,46988,Slc35b1,4,8,5.562,1.2421,6.4996,19.4558
SS3_MAF_Leo171129_p2_S81,G2M,13199,Slc35b1,1,1,5.562,1.2421,6.4996,19.4558
SS3_MAF_Leo171129_p2_S82,G1,10672,Slc35b1,,,5.562,1.2421,6.4996,19.4558
SS3_MAF_Leo171129_p2_S83,G1,62168,Slc35b1,1,7,5.562,1.2421,6.4996,19.4558
SS3_MAF_Leo171129_p2_S84,G1,9220,Slc35b1,1,1,5.562,1.2421,6.4996,19.4558
SS3_MAF_Leo171129_p2_S85,G1,12557,Slc35b1,1,1,5.562,1.2421,6.4996,19.4558
SS3_MAF_Leo171129_p2_S86,S,76694,Slc35b1,13,2,5.562,1.2421,6.4996,19.4558
SS3_MAF_Leo171129_p2_S87,G1,33235,Slc35b1,,,5.562,1.2421,6.4996,19.4558
SS3_MAF_Leo171129_p2_S89,G1,128206,Slc35b1,12,1,5.562,1.2421,6.4996,19.4558
SS3_MAF_Leo171129_p2_S8,G1,42290,Slc35b1,0,14,5.562,1.2421,6.4996,19.4558
SS3_MAF_Leo171129_p2_S90,G1,144876,Slc35b1,8,11,5.562,1.2421,6.4996,19.4558
SS3_MAF_Leo171129_p2_S91,G1,95482,Slc35b1,0,14,5.562,1.2421,6.4996,19.4558
SS3_MAF_Leo171129_p2_S92,G1,42727,Slc35b1,4,0,5.562,1.2421,6.4996,19.4558
SS3_MAF_Leo171129_p2_S93,S,50420,Slc35b1,3,8,5.562,1.2421,6.4996,19.4558
SS3_MAF_Leo171129_p2_S94,G2M,49637,Slc35b1,0,8,5.562,1.2421,6.4996,19.4558
SS3_MAF_Leo171129_p2_S9,G2M,77535,Slc35b1,3,3,5.562,1.2421,6.4996,19.4558
SS3_MAF_leo180223_p6_A10_S10,G1,23929,Slc35b1,2,5,5.562,1.2421,6.4996,19.4558
SS3_MAF_leo180223_p6_B01_S13,G1,24789,Slc35b1,2,0,5.562,1.2421,6.4996,19.4558
SS3_MAF_leo180223_p6_A03_S3,G1,36756,Slc35b1,0,2,5.562,1.2421,6.4996,19.4558
SS3_MAF_leo180223_p6_A09_S9,G2M,12578,Slc35b1,0,0,5.562,1.2421,6.4996,19.4558
SS3_MAF_leo180223_p6_B05_S17,G2M,7653,Slc35b1,1,1,5.562,1.2421,6.4996,19.4558
SS3_MAF_leo180223_p6_A01_S1,G1,53431,Slc35b1,2,4,5.562,1.2421,6.4996,19.4558
SS3_MAF_leo180223_p6_A11_S11,G1,30102,Slc35b1,0,4,5.562,1.2421,6.4996,19.4558
SS3_MAF_leo180223_p6_C01_S25,G1,49793,Slc35b1,1,1,5.562,1.2421,6.4996,19.4558
SS3_MAF_leo180223_p6_B02_S14,G1,55296,Slc35b1,4,3,5.562,1.2421,6.4996,19.4558
SS3_MAF_leo180223_p6_A02_S2,S,72303,Slc35b1,1,6,5.562,1.2421,6.4996,19.4558
SS3_MAF_leo180223_p6_A05_S5,G2M,11957,Slc35b1,0,4,5.562,1.2421,6.4996,19.4558
SS3_MAF_leo180223_p6_A07_S7,G1,26205,Slc35b1,2,2,5.562,1.2421,6.4996,19.4558
SS3_MAF_leo180223_p6_A04_S4,G1,42732,Slc35b1,10,2,5.562,1.2421,6.4996,19.4558
SS3_MAF_leo180223_p6_A12_S12,G1,52402,Slc35b1,8,6,5.562,1.2421,6.4996,19.4558
SS3_MAF_leo180223_p6_B04_S16,G1,30714,Slc35b1,4,3,5.562,1.2421,6.4996,19.4558
SS3_MAF_leo180223_p6_A06_S6,G1,57207,Slc35b1,4,2,5.562,1.2421,6.4996,19.4558
SS3_MAF_leo180223_p6_B03_S15,S,61296,Slc35b1,2,0,5.562,1.2421,6.4996,19.4558
SS3_MAF_leo180223_p6_B10_S22,G1,22876,Slc35b1,0,1,5.562,1.2421,6.4996,19.4558
SS3_MAF_leo180223_p6_C02_S26,G1,65040,Slc35b1,4,4,5.562,1.2421,6.4996,19.4558
SS3_MAF_leo180223_p6_C04_S28,G2M,26058,Slc35b1,0,2,5.562,1.2421,6.4996,19.4558
SS3_MAF_leo180223_p6_B09_S21,G1,37734,Slc35b1,0,5,5.562,1.2421,6.4996,19.4558
SS3_MAF_leo180223_p6_C05_S29,G1,60723,Slc35b1,6,7,5.562,1.2421,6.4996,19.4558
SS3_MAF_leo180223_p6_C11_S35,G1,54024,Slc35b1,3,6,5.562,1.2421,6.4996,19.4558
SS3_MAF_leo180223_p6_C09_S33,G1,53996,Slc35b1,5,6,5.562,1.2421,6.4996,19.4558
SS3_MAF_leo180223_p6_D01_S37,S,55709,Slc35b1,4,2,5.562,1.2421,6.4996,19.4558
SS3_MAF_leo180223_p6_D03_S39,G1,47188,Slc35b1,6,3,5.562,1.2421,6.4996,19.4558
SS3_MAF_leo180223_p6_B11_S23,G1,41554,Slc35b1,2,3,5.562,1.2421,6.4996,19.4558
SS3_MAF_leo180223_p6_D05_S41,G1,29838,Slc35b1,1,1,5.562,1.2421,6.4996,19.4558
SS3_MAF_leo180223_p6_D09_S45,G1,51007,Slc35b1,3,0,5.562,1.2421,6.4996,19.4558
SS3_MAF_leo180223_p6_B07_S19,G1,14673,Slc35b1,1,4,5.562,1.2421,6.4996,19.4558
SS3_MAF_leo180223_p6_E01_S49,G1,58894,Slc35b1,13,5,5.562,1.2421,6.4996,19.4558
SS3_MAF_leo180223_p6_C10_S34,G1,57445,Slc35b1,1,4,5.562,1.2421,6.4996,19.4558
SS3_MAF_leo180223_p6_C12_S36,G1,65159,Slc35b1,3,7,5.562,1.2421,6.4996,19.4558
SS3_MAF_leo180223_p6_C06_S30,S,48635,Slc35b1,9,1,5.562,1.2421,6.4996,19.4558
SS3_MAF_leo180223_p6_D12_S48,G1,7742,Slc35b1,,,5.562,1.2421,6.4996,19.4558
SS3_MAF_leo180223_p6_D07_S43,G1,58044,Slc35b1,1,2,5.562,1.2421,6.4996,19.4558
SS3_MAF_leo180223_p6_D04_S40,S,62213,Slc35b1,3,7,5.562,1.2421,6.4996,19.4558
SS3_MAF_leo180223_p6_E07_S55,G1,79485,Slc35b1,7,8,5.562,1.2421,6.4996,19.4558
SS3_MAF_leo180223_p6_D02_S38,G1,54559,Slc35b1,3,3,5.562,1.2421,6.4996,19.4558
SS3_MAF_leo180223_p6_E10_S58,G1,7949,Slc35b1,0,2,5.562,1.2421,6.4996,19.4558
SS3_MAF_leo180223_p6_E05_S53,S,40138,Slc35b1,2,5,5.562,1.2421,6.4996,19.4558
SS3_MAF_leo180223_p6_E03_S51,G1,56996,Slc35b1,3,5,5.562,1.2421,6.4996,19.4558
SS3_MAF_leo180223_p6_E11_S59,G1,29427,Slc35b1,6,0,5.562,1.2421,6.4996,19.4558
SS3_MAF_leo180223_p6_F03_S63,G1,16661,Slc35b1,0,2,5.562,1.2421,6.4996,19.4558
SS3_MAF_leo180223_p6_F07_S67,G1,12997,Slc35b1,1,1,5.562,1.2421,6.4996,19.4558
SS3_MAF_leo180223_p6_D06_S42,G2M,25551,Slc35b1,5,0,5.562,1.2421,6.4996,19.4558
SS3_MAF_leo180223_p6_F10_S70,G1,28264,Slc35b1,3,2,5.562,1.2421,6.4996,19.4558
SS3_MAF_leo180223_p6_G01_S73,G2M,9750,Slc35b1,0,1,5.562,1.2421,6.4996,19.4558
SS3_MAF_leo180223_p6_G05_S77,G2M,16211,Slc35b1,0,3,5.562,1.2421,6.4996,19.4558
SS3_MAF_leo180223_p6_F05_S65,G1,43383,Slc35b1,1,4,5.562,1.2421,6.4996,19.4558
SS3_MAF_leo180223_p6_G03_S75,G1,30248,Slc35b1,2,4,5.562,1.2421,6.4996,19.4558
SS3_MAF_leo180223_p6_E06_S54,G1,15835,Slc35b1,3,3,5.562,1.2421,6.4996,19.4558
SS3_MAF_leo180223_p6_G07_S79,G1,44754,Slc35b1,7,3,5.562,1.2421,6.4996,19.4558
SS3_MAF_leo180223_p6_G09_S81,G1,14370,Slc35b1,0,1,5.562,1.2421,6.4996,19.4558
SS3_MAF_leo180223_p6_G11_S83,S,43335,Slc35b1,5,1,5.562,1.2421,6.4996,19.4558
SS3_MAF_leo180223_p6_D08_S44,G1,11889,Slc35b1,3,0,5.562,1.2421,6.4996,19.4558
SS3_MAF_leo180223_p6_H07_S91,G1,10415,Slc35b1,0,5,5.562,1.2421,6.4996,19.4558
SS3_MAF_leo180223_p6_H09_S93,G1,13994,Slc35b1,4,3,5.562,1.2421,6.4996,19.4558
SS3_MAF_leo180223_p6_H11_S95,G1,17619,Slc35b1,2,1,5.562,1.2421,6.4996,19.4558
SS3_MAF_leo180223_p6_G06_S78,G1,17000,Slc35b1,0,4,5.562,1.2421,6.4996,19.4558
SS3_MAF_leo180223_p6_E12_S60,G1,29942,Slc35b1,3,0,5.562,1.2421,6.4996,19.4558
SS3_MAF_leo180223_p4_S101,S,46504,Slc35b1,3,5,5.562,1.2421,6.4996,19.4558
SS3_MAF_leo180223_p4_S102,G1,28700,Slc35b1,,,5.562,1.2421,6.4996,19.4558
SS3_MAF_leo180223_p4_S104,G2M,9443,Slc35b1,1,1,5.562,1.2421,6.4996,19.4558
SS3_MAF_leo180223_p4_S108,G1,8102,Slc35b1,0,1,5.562,1.2421,6.4996,19.4558
SS3_MAF_leo180223_p4_S105,G1,46105,Slc35b1,8,4,5.562,1.2421,6.4996,19.4558
SS3_MAF_leo180223_p4_S106,G1,46823,Slc35b1,2,1,5.562,1.2421,6.4996,19.4558
SS3_MAF_leo180223_p6_D10_S46,G1,15028,Slc35b1,1,1,5.562,1.2421,6.4996,19.4558
SS3_MAF_leo180223_p4_S107,G1,57441,Slc35b1,2,3,5.562,1.2421,6.4996,19.4558
SS3_MAF_leo180223_p6_F06_S66,G1,35862,Slc35b1,0,2,5.562,1.2421,6.4996,19.4558
SS3_MAF_leo180223_p6_E08_S56,G1,19789,Slc35b1,3,0,5.562,1.2421,6.4996,19.4558
SS3_MAF_leo180223_p6_H08_S92,G1,31398,Slc35b1,3,2,5.562,1.2421,6.4996,19.4558
SS3_MAF_leo180223_p6_H10_S94,S,43246,Slc35b1,2,2,5.562,1.2421,6.4996,19.4558
SS3_MAF_leo180223_p4_S109,G1,22942,Slc35b1,0,2,5.562,1.2421,6.4996,19.4558
SS3_MAF_leo180223_p6_G04_S76,G1,14904,Slc35b1,6,1,5.562,1.2421,6.4996,19.4558
SS3_MAF_leo180223_p4_S112,G1,10651,Slc35b1,0,2,5.562,1.2421,6.4996,19.4558
SS3_MAF_leo180223_p4_S111,S,17722,Slc35b1,4,2,5.562,1.2421,6.4996,19.4558
SS3_MAF_leo180223_p4_S113,G1,54566,Slc35b1,3,4,5.562,1.2421,6.4996,19.4558
SS3_MAF_leo180223_p6_E02_S50,G1,56102,Slc35b1,2,1,5.562,1.2421,6.4996,19.4558
SS3_MAF_leo180223_p4_S114,G1,41605,Slc35b1,5,0,5.562,1.2421,6.4996,19.4558
SS3_MAF_leo180223_p4_S115,G1,31806,Slc35b1,1,2,5.562,1.2421,6.4996,19.4558
SS3_MAF_leo180223_p4_S117,G1,33445,Slc35b1,3,1,5.562,1.2421,6.4996,19.4558
SS3_MAF_leo180223_p4_S116,G2M,43218,Slc35b1,2,5,5.562,1.2421,6.4996,19.4558
SS3_MAF_leo180223_p4_S118,G1,39079,Slc35b1,0,3,5.562,1.2421,6.4996,19.4558
SS3_MAF_leo180223_p4_S119,G1,32951,Slc35b1,3,0,5.562,1.2421,6.4996,19.4558
SS3_MAF_leo180223_p4_S123,S,42089,Slc35b1,1,0,5.562,1.2421,6.4996,19.4558
SS3_MAF_leo180223_p4_S121,G1,35385,Slc35b1,1,1,5.562,1.2421,6.4996,19.4558
SS3_MAF_leo180223_p4_S122,G1,48450,Slc35b1,3,2,5.562,1.2421,6.4996,19.4558
SS3_MAF_leo180223_p4_S125,G1,36709,Slc35b1,3,1,5.562,1.2421,6.4996,19.4558
SS3_MAF_leo180223_p4_S126,G1,14776,Slc35b1,0,0,5.562,1.2421,6.4996,19.4558
SS3_MAF_leo180223_p4_S127,G1,30192,Slc35b1,0,3,5.562,1.2421,6.4996,19.4558
SS3_MAF_leo180223_p4_S124,G1,48177,Slc35b1,5,3,5.562,1.2421,6.4996,19.4558
SS3_MAF_leo180223_p4_S129,G1,39617,Slc35b1,2,2,5.562,1.2421,6.4996,19.4558
SS3_MAF_leo180223_p4_S130,G1,30386,Slc35b1,0,5,5.562,1.2421,6.4996,19.4558
SS3_MAF_leo180223_p4_S131,G2M,30460,Slc35b1,0,0,5.562,1.2421,6.4996,19.4558
SS3_MAF_leo180223_p4_S132,G1,38643,Slc35b1,3,4,5.562,1.2421,6.4996,19.4558
SS3_MAF_leo180223_p4_S134,G1,9113,Slc35b1,1,0,5.562,1.2421,6.4996,19.4558
SS3_MAF_leo180223_p4_S133,G1,42441,Slc35b1,1,6,5.562,1.2421,6.4996,19.4558
SS3_MAF_leo180223_p4_S135,G1,17189,Slc35b1,2,2,5.562,1.2421,6.4996,19.4558
SS3_MAF_leo180223_p4_S139,G2M,11145,Slc35b1,0,2,5.562,1.2421,6.4996,19.4558
SS3_MAF_leo180223_p4_S137,S,43012,Slc35b1,1,2,5.562,1.2421,6.4996,19.4558
SS3_MAF_leo180223_p4_S138,G2M,50993,Slc35b1,1,4,5.562,1.2421,6.4996,19.4558
SS3_MAF_leo180223_p4_S140,G1,10911,Slc35b1,1,0,5.562,1.2421,6.4996,19.4558
SS3_MAF_leo180223_p4_S142,G1,13960,Slc35b1,,,5.562,1.2421,6.4996,19.4558
SS3_MAF_leo180223_p4_S147,G1,18062,Slc35b1,6,0,5.562,1.2421,6.4996,19.4558
SS3_MAF_leo180223_p4_S97,G1,34429,Slc35b1,0,1,5.562,1.2421,6.4996,19.4558
SS3_MAF_leo180223_p4_S146,S,29223,Slc35b1,3,0,5.562,1.2421,6.4996,19.4558
SS3_MAF_leo180223_p4_S145,G1,40112,Slc35b1,3,9,5.562,1.2421,6.4996,19.4558
SS3_MAF_leo180223_p4_S148,G2M,35298,Slc35b1,1,2,5.562,1.2421,6.4996,19.4558
SS3_MAF_leo180223_p4_S150,G2M,11070,Slc35b1,0,5,5.562,1.2421,6.4996,19.4558
SS3_MAF_leo180223_p4_S149,G1,46283,Slc35b1,2,1,5.562,1.2421,6.4996,19.4558
SS3_MAF_leo180223_p4_S151,G2M,37513,Slc35b1,2,2,5.562,1.2421,6.4996,19.4558
SS3_MAF_leo180223_p4_S153,G1,57674,Slc35b1,3,7,5.562,1.2421,6.4996,19.4558
SS3_MAF_leo180223_p4_S156,G1,20071,Slc35b1,1,1,5.562,1.2421,6.4996,19.4558
SS3_MAF_leo180223_p4_S154,S,55869,Slc35b1,5,7,5.562,1.2421,6.4996,19.4558
SS3_MAF_leo180223_p4_S157,G1,20536,Slc35b1,4,0,5.562,1.2421,6.4996,19.4558
SS3_MAF_leo180223_p4_S159,G1,32667,Slc35b1,0,5,5.562,1.2421,6.4996,19.4558
SS3_MAF_leo180223_p4_S158,G2M,48866,Slc35b1,4,2,5.562,1.2421,6.4996,19.4558
SS3_MAF_leo180223_p4_S161,S,44634,Slc35b1,2,4,5.562,1.2421,6.4996,19.4558
SS3_MAF_leo180223_p4_S160,G1,25072,Slc35b1,2,2,5.562,1.2421,6.4996,19.4558
SS3_MAF_leo180223_p4_S162,G1,36811,Slc35b1,1,1,5.562,1.2421,6.4996,19.4558
SS3_MAF_leo180223_p4_S164,G1,43467,Slc35b1,8,1,5.562,1.2421,6.4996,19.4558
SS3_MAF_leo180223_p4_S166,S,28129,Slc35b1,5,0,5.562,1.2421,6.4996,19.4558
SS3_MAF_leo180223_p4_S167,G1,26371,Slc35b1,2,1,5.562,1.2421,6.4996,19.4558
SS3_MAF_leo180223_p4_S169,G1,34158,Slc35b1,5,1,5.562,1.2421,6.4996,19.4558
SS3_MAF_leo180223_p4_S165,G1,39578,Slc35b1,4,2,5.562,1.2421,6.4996,19.4558
SS3_MAF_leo180223_p4_S173,G1,19064,Slc35b1,1,0,5.562,1.2421,6.4996,19.4558
SS3_MAF_leo180223_p4_S170,G1,51247,Slc35b1,2,4,5.562,1.2421,6.4996,19.4558
SS3_MAF_leo180223_p4_S171,S,67232,Slc35b1,5,3,5.562,1.2421,6.4996,19.4558
SS3_MAF_leo180223_p4_S177,S,44173,Slc35b1,1,1,5.562,1.2421,6.4996,19.4558
SS3_MAF_leo180223_p4_S174,G1,31352,Slc35b1,1,0,5.562,1.2421,6.4996,19.4558
SS3_MAF_leo180223_p4_S180,G1,16181,Slc35b1,0,1,5.562,1.2421,6.4996,19.4558
SS3_MAF_leo180223_p4_S176,G1,20544,Slc35b1,1,1,5.562,1.2421,6.4996,19.4558
SS3_MAF_leo180223_p4_S179,G1,32343,Slc35b1,0,1,5.562,1.2421,6.4996,19.4558
SS3_MAF_leo180223_p4_S178,S,57266,Slc35b1,3,4,5.562,1.2421,6.4996,19.4558
SS3_MAF_leo180223_p4_S181,G1,25042,Slc35b1,6,3,5.562,1.2421,6.4996,19.4558
SS3_MAF_leo180223_p4_S183,G1,33832,Slc35b1,4,2,5.562,1.2421,6.4996,19.4558
SS3_MAF_leo180223_p4_S182,G1,52029,Slc35b1,5,5,5.562,1.2421,6.4996,19.4558
SS3_MAF_leo180223_p4_S186,S,58004,Slc35b1,4,5,5.562,1.2421,6.4996,19.4558
SS3_MAF_leo180223_p4_S187,G2M,15045,Slc35b1,3,3,5.562,1.2421,6.4996,19.4558
SS3_MAF_leo180223_p4_S191,G2M,11140,Slc35b1,1,1,5.562,1.2421,6.4996,19.4558
SS3_MAF_leo180223_p4_S185,G1,52790,Slc35b1,7,8,5.562,1.2421,6.4996,19.4558
SS3_MAF_leo180223_p4_S189,G1,66797,Slc35b1,2,4,5.562,1.2421,6.4996,19.4558
SS3_MAF_leo180223_p4_S188,G1,51539,Slc35b1,8,1,5.562,1.2421,6.4996,19.4558
SS3_MAF_leo180223_p4_S190,G1,37493,Slc35b1,0,4,5.562,1.2421,6.4996,19.4558
SS3_MAF_leo180223_p4_S98,G1,27030,Slc35b1,3,3,5.562,1.2421,6.4996,19.4558
SS3_MAF_leo180223_p4_S99,G1,22647,Slc35b1,,,5.562,1.2421,6.4996,19.4558
SS3_MAF_Leo171129_p2_S10,G1,39310,Ak2,0,11,5.528,0.9232,4.182,35.5567
SS3_MAF_Leo171129_p2_S12,G1,46976,Ak2,8,6,5.528,0.9232,4.182,35.5567
SS3_MAF_Leo171129_p2_S13,G1,43893,Ak2,2,21,5.528,0.9232,4.182,35.5567
SS3_MAF_Leo171129_p2_S14,G1,39959,Ak2,1,6,5.528,0.9232,4.182,35.5567
SS3_MAF_Leo171129_p2_S16,G1,41170,Ak2,2,4,5.528,0.9232,4.182,35.5567
SS3_MAF_Leo171129_p2_S17,G1,117795,Ak2,29,30,5.528,0.9232,4.182,35.5567
SS3_MAF_Leo171129_p2_S18,S,79991,Ak2,14,14,5.528,0.9232,4.182,35.5567
SS3_MAF_Leo171129_p2_S19,G1,63056,Ak2,5,23,5.528,0.9232,4.182,35.5567
SS3_MAF_Leo171129_p2_S1,G2M,48601,Ak2,14,14,5.528,0.9232,4.182,35.5567
SS3_MAF_Leo171129_p2_S20,G1,70834,Ak2,4,12,5.528,0.9232,4.182,35.5567
SS3_MAF_Leo171129_p2_S21,G1,75490,Ak2,9,15,5.528,0.9232,4.182,35.5567
SS3_MAF_Leo171129_p2_S22,G2M,33098,Ak2,8,18,5.528,0.9232,4.182,35.5567
SS3_MAF_Leo171129_p2_S23,G1,36429,Ak2,1,12,5.528,0.9232,4.182,35.5567
SS3_MAF_Leo171129_p2_S24,G1,29297,Ak2,3,5,5.528,0.9232,4.182,35.5567
SS3_MAF_Leo171129_p2_S25,G1,77970,Ak2,17,15,5.528,0.9232,4.182,35.5567
SS3_MAF_Leo171129_p2_S26,G2M,42619,Ak2,8,9,5.528,0.9232,4.182,35.5567
SS3_MAF_Leo171129_p2_S27,G1,8122,Ak2,1,0,5.528,0.9232,4.182,35.5567
SS3_MAF_Leo171129_p2_S28,G2M,16215,Ak2,0,6,5.528,0.9232,4.182,35.5567
SS3_MAF_Leo171129_p2_S2,S,34219,Ak2,7,7,5.528,0.9232,4.182,35.5567
SS3_MAF_Leo171129_p2_S30,G2M,10030,Ak2,6,0,5.528,0.9232,4.182,35.5567
SS3_MAF_Leo171129_p2_S31,G1,50024,Ak2,3,16,5.528,0.9232,4.182,35.5567
SS3_MAF_Leo171129_p2_S32,G2M,51366,Ak2,10,12,5.528,0.9232,4.182,35.5567
SS3_MAF_Leo171129_p2_S33,G1,64228,Ak2,3,1,5.528,0.9232,4.182,35.5567
SS3_MAF_Leo171129_p2_S34,G1,38195,Ak2,11,7,5.528,0.9232,4.182,35.5567
SS3_MAF_Leo171129_p2_S37,G1,13225,Ak2,0,7,5.528,0.9232,4.182,35.5567
SS3_MAF_Leo171129_p2_S3,G1,55963,Ak2,8,0,5.528,0.9232,4.182,35.5567
SS3_MAF_Leo171129_p2_S41,G1,108019,Ak2,12,17,5.528,0.9232,4.182,35.5567
SS3_MAF_Leo171129_p2_S42,G1,65018,Ak2,10,4,5.528,0.9232,4.182,35.5567
SS3_MAF_Leo171129_p2_S43,G1,64740,Ak2,22,19,5.528,0.9232,4.182,35.5567
SS3_MAF_Leo171129_p2_S44,G1,37365,Ak2,4,7,5.528,0.9232,4.182,35.5567
SS3_MAF_Leo171129_p2_S45,S,66369,Ak2,24,11,5.528,0.9232,4.182,35.5567
SS3_MAF_Leo171129_p2_S47,G1,47781,Ak2,17,10,5.528,0.9232,4.182,35.5567
SS3_MAF_Leo171129_p2_S48,G1,51270,Ak2,6,15,5.528,0.9232,4.182,35.5567
SS3_MAF_Leo171129_p2_S49,G1,30770,Ak2,3,10,5.528,0.9232,4.182,35.5567
SS3_MAF_Leo171129_p2_S4,G1,39611,Ak2,5,5,5.528,0.9232,4.182,35.5567
SS3_MAF_Leo171129_p2_S50,G1,57440,Ak2,8,11,5.528,0.9232,4.182,35.5567
SS3_MAF_Leo171129_p2_S52,G1,21457,Ak2,0,0,5.528,0.9232,4.182,35.5567
SS3_MAF_Leo171129_p2_S53,G1,80336,Ak2,11,8,5.528,0.9232,4.182,35.5567
SS3_MAF_Leo171129_p2_S55,G2M,88188,Ak2,16,24,5.528,0.9232,4.182,35.5567
SS3_MAF_Leo171129_p2_S57,G1,42297,Ak2,14,4,5.528,0.9232,4.182,35.5567
SS3_MAF_Leo171129_p2_S58,G1,55834,Ak2,2,10,5.528,0.9232,4.182,35.5567
SS3_MAF_Leo171129_p2_S59,G1,45969,Ak2,21,16,5.528,0.9232,4.182,35.5567
SS3_MAF_Leo171129_p2_S5,G2M,34433,Ak2,6,12,5.528,0.9232,4.182,35.5567
SS3_MAF_Leo171129_p2_S61,G1,20315,Ak2,0,3,5.528,0.9232,4.182,35.5567
SS3_MAF_Leo171129_p2_S62,G1,20928,Ak2,0,8,5.528,0.9232,4.182,35.5567
SS3_MAF_Leo171129_p2_S64,G1,100938,Ak2,4,23,5.528,0.9232,4.182,35.5567
SS3_MAF_Leo171129_p2_S65,G1,52328,Ak2,18,18,5.528,0.9232,4.182,35.5567
SS3_MAF_Leo171129_p2_S66,G1,67878,Ak2,15,28,5.528,0.9232,4.182,35.5567
SS3_MAF_Leo171129_p2_S67,S,68235,Ak2,10,16,5.528,0.9232,4.182,35.5567
SS3_MAF_Leo171129_p2_S68,G1,15259,Ak2,1,1,5.528,0.9232,4.182,35.5567
SS3_MAF_Leo171129_p2_S69,G1,36667,Ak2,8,2,5.528,0.9232,4.182,35.5567
SS3_MAF_Leo171129_p2_S6,G2M,60468,Ak2,9,15,5.528,0.9232,4.182,35.5567
SS3_MAF_Leo171129_p2_S72,G1,18464,Ak2,1,3,5.528,0.9232,4.182,35.5567
SS3_MAF_Leo171129_p2_S73,G1,94179,Ak2,8,8,5.528,0.9232,4.182,35.5567
SS3_MAF_Leo171129_p2_S74,G1,85288,Ak2,8,7,5.528,0.9232,4.182,35.5567
SS3_MAF_Leo171129_p2_S75,G1,53506,Ak2,4,7,5.528,0.9232,4.182,35.5567
SS3_MAF_Leo171129_p2_S76,G2M,60345,Ak2,18,22,5.528,0.9232,4.182,35.5567
SS3_MAF_Leo171129_p2_S77,G1,30764,Ak2,1,0,5.528,0.9232,4.182,35.5567
SS3_MAF_Leo171129_p2_S78,S,64444,Ak2,13,19,5.528,0.9232,4.182,35.5567
SS3_MAF_Leo171129_p2_S79,G1,20086,Ak2,1,2,5.528,0.9232,4.182,35.5567
SS3_MAF_Leo171129_p2_S7,G1,42337,Ak2,2,2,5.528,0.9232,4.182,35.5567
SS3_MAF_Leo171129_p2_S80,S,46988,Ak2,23,24,5.528,0.9232,4.182,35.5567
SS3_MAF_Leo171129_p2_S81,G2M,13199,Ak2,0,4,5.528,0.9232,4.182,35.5567
SS3_MAF_Leo171129_p2_S82,G1,10672,Ak2,2,0,5.528,0.9232,4.182,35.5567
SS3_MAF_Leo171129_p2_S83,G1,62168,Ak2,5,2,5.528,0.9232,4.182,35.5567
SS3_MAF_Leo171129_p2_S84,G1,9220,Ak2,0,1,5.528,0.9232,4.182,35.5567
SS3_MAF_Leo171129_p2_S85,G1,12557,Ak2,3,5,5.528,0.9232,4.182,35.5567
SS3_MAF_Leo171129_p2_S86,S,76694,Ak2,4,10,5.528,0.9232,4.182,35.5567
SS3_MAF_Leo171129_p2_S87,G1,33235,Ak2,8,5,5.528,0.9232,4.182,35.5567
SS3_MAF_Leo171129_p2_S89,G1,128206,Ak2,15,14,5.528,0.9232,4.182,35.5567
SS3_MAF_Leo171129_p2_S8,G1,42290,Ak2,4,1,5.528,0.9232,4.182,35.5567
SS3_MAF_Leo171129_p2_S90,G1,144876,Ak2,21,39,5.528,0.9232,4.182,35.5567
SS3_MAF_Leo171129_p2_S91,G1,95482,Ak2,32,33,5.528,0.9232,4.182,35.5567
SS3_MAF_Leo171129_p2_S92,G1,42727,Ak2,5,0,5.528,0.9232,4.182,35.5567
SS3_MAF_Leo171129_p2_S93,S,50420,Ak2,2,5,5.528,0.9232,4.182,35.5567
SS3_MAF_Leo171129_p2_S94,G2M,49637,Ak2,16,12,5.528,0.9232,4.182,35.5567
SS3_MAF_Leo171129_p2_S9,G2M,77535,Ak2,18,55,5.528,0.9232,4.182,35.5567
SS3_MAF_leo180223_p6_A10_S10,G1,23929,Ak2,2,5,5.528,0.9232,4.182,35.5567
SS3_MAF_leo180223_p6_B01_S13,G1,24789,Ak2,7,2,5.528,0.9232,4.182,35.5567
SS3_MAF_leo180223_p6_A03_S3,G1,36756,Ak2,9,4,5.528,0.9232,4.182,35.5567
SS3_MAF_leo180223_p6_A09_S9,G2M,12578,Ak2,0,0,5.528,0.9232,4.182,35.5567
SS3_MAF_leo180223_p6_B05_S17,G2M,7653,Ak2,,,5.528,0.9232,4.182,35.5567
SS3_MAF_leo180223_p6_A01_S1,G1,53431,Ak2,7,5,5.528,0.9232,4.182,35.5567
SS3_MAF_leo180223_p6_A11_S11,G1,30102,Ak2,3,6,5.528,0.9232,4.182,35.5567
SS3_MAF_leo180223_p6_C01_S25,G1,49793,Ak2,10,12,5.528,0.9232,4.182,35.5567
SS3_MAF_leo180223_p6_B02_S14,G1,55296,Ak2,10,14,5.528,0.9232,4.182,35.5567
SS3_MAF_leo180223_p6_A02_S2,S,72303,Ak2,14,11,5.528,0.9232,4.182,35.5567
SS3_MAF_leo180223_p6_A05_S5,G2M,11957,Ak2,1,1,5.528,0.9232,4.182,35.5567
SS3_MAF_leo180223_p6_A07_S7,G1,26205,Ak2,4,0,5.528,0.9232,4.182,35.5567
SS3_MAF_leo180223_p6_A04_S4,G1,42732,Ak2,1,10,5.528,0.9232,4.182,35.5567
SS3_MAF_leo180223_p6_A12_S12,G1,52402,Ak2,6,6,5.528,0.9232,4.182,35.5567
SS3_MAF_leo180223_p6_B04_S16,G1,30714,Ak2,3,1,5.528,0.9232,4.182,35.5567
SS3_MAF_leo180223_p6_A06_S6,G1,57207,Ak2,15,12,5.528,0.9232,4.182,35.5567
SS3_MAF_leo180223_p6_B03_S15,S,61296,Ak2,10,24,5.528,0.9232,4.182,35.5567
SS3_MAF_leo180223_p6_B10_S22,G1,22876,Ak2,0,1,5.528,0.9232,4.182,35.5567
SS3_MAF_leo180223_p6_C02_S26,G1,65040,Ak2,3,2,5.528,0.9232,4.182,35.5567
SS3_MAF_leo180223_p6_C04_S28,G2M,26058,Ak2,4,1,5.528,0.9232,4.182,35.5567
SS3_MAF_leo180223_p6_B09_S21,G1,37734,Ak2,2,0,5.528,0.9232,4.182,35.5567
SS3_MAF_leo180223_p6_C05_S29,G1,60723,Ak2,9,7,5.528,0.9232,4.182,35.5567
SS3_MAF_leo180223_p6_C11_S35,G1,54024,Ak2,1,14,5.528,0.9232,4.182,35.5567
SS3_MAF_leo180223_p6_C09_S33,G1,53996,Ak2,0,2,5.528,0.9232,4.182,35.5567
SS3_MAF_leo180223_p6_D01_S37,S,55709,Ak2,15,11,5.528,0.9232,4.182,35.5567
SS3_MAF_leo180223_p6_D03_S39,G1,47188,Ak2,1,1,5.528,0.9232,4.182,35.5567
SS3_MAF_leo180223_p6_B11_S23,G1,41554,Ak2,2,4,5.528,0.9232,4.182,35.5567
SS3_MAF_leo180223_p6_D05_S41,G1,29838,Ak2,4,3,5.528,0.9232,4.182,35.5567
SS3_MAF_leo180223_p6_D09_S45,G1,51007,Ak2,2,4,5.528,0.9232,4.182,35.5567
SS3_MAF_leo180223_p6_B07_S19,G1,14673,Ak2,1,1,5.528,0.9232,4.182,35.5567
SS3_MAF_leo180223_p6_E01_S49,G1,58894,Ak2,14,10,5.528,0.9232,4.182,35.5567
SS3_MAF_leo180223_p6_C10_S34,G1,57445,Ak2,6,6,5.528,0.9232,4.182,35.5567
SS3_MAF_leo180223_p6_C12_S36,G1,65159,Ak2,8,9,5.528,0.9232,4.182,35.5567
SS3_MAF_leo180223_p6_C06_S30,S,48635,Ak2,12,12,5.528,0.9232,4.182,35.5567
SS3_MAF_leo180223_p6_D12_S48,G1,7742,Ak2,0,0,5.528,0.9232,4.182,35.5567
SS3_MAF_leo180223_p6_D07_S43,G1,58044,Ak2,16,18,5.528,0.9232,4.182,35.5567
SS3_MAF_leo180223_p6_D04_S40,S,62213,Ak2,18,19,5.528,0.9232,4.182,35.5567
SS3_MAF_leo180223_p6_E07_S55,G1,79485,Ak2,16,10,5.528,0.9232,4.182,35.5567
SS3_MAF_leo180223_p6_D02_S38,G1,54559,Ak2,4,8,5.528,0.9232,4.182,35.5567
SS3_MAF_leo180223_p6_E10_S58,G1,7949,Ak2,0,1,5.528,0.9232,4.182,35.5567
SS3_MAF_leo180223_p6_E05_S53,S,40138,Ak2,8,5,5.528,0.9232,4.182,35.5567
SS3_MAF_leo180223_p6_E03_S51,G1,56996,Ak2,3,6,5.528,0.9232,4.182,35.5567
SS3_MAF_leo180223_p6_E11_S59,G1,29427,Ak2,5,10,5.528,0.9232,4.182,35.5567
SS3_MAF_leo180223_p6_F03_S63,G1,16661,Ak2,0,2,5.528,0.9232,4.182,35.5567
SS3_MAF_leo180223_p6_F07_S67,G1,12997,Ak2,2,8,5.528,0.9232,4.182,35.5567
SS3_MAF_leo180223_p6_D06_S42,G2M,25551,Ak2,2,2,5.528,0.9232,4.182,35.5567
SS3_MAF_leo180223_p6_F10_S70,G1,28264,Ak2,0,5,5.528,0.9232,4.182,35.5567
SS3_MAF_leo180223_p6_G01_S73,G2M,9750,Ak2,0,4,5.528,0.9232,4.182,35.5567
SS3_MAF_leo180223_p6_G05_S77,G2M,16211,Ak2,6,0,5.528,0.9232,4.182,35.5567
SS3_MAF_leo180223_p6_F05_S65,G1,43383,Ak2,1,4,5.528,0.9232,4.182,35.5567
SS3_MAF_leo180223_p6_G03_S75,G1,30248,Ak2,0,0,5.528,0.9232,4.182,35.5567
SS3_MAF_leo180223_p6_E06_S54,G1,15835,Ak2,1,0,5.528,0.9232,4.182,35.5567
SS3_MAF_leo180223_p6_G07_S79,G1,44754,Ak2,4,10,5.528,0.9232,4.182,35.5567
SS3_MAF_leo180223_p6_G09_S81,G1,14370,Ak2,0,2,5.528,0.9232,4.182,35.5567
SS3_MAF_leo180223_p6_G11_S83,S,43335,Ak2,15,10,5.528,0.9232,4.182,35.5567
SS3_MAF_leo180223_p6_D08_S44,G1,11889,Ak2,2,3,5.528,0.9232,4.182,35.5567
SS3_MAF_leo180223_p6_H07_S91,G1,10415,Ak2,1,1,5.528,0.9232,4.182,35.5567
SS3_MAF_leo180223_p6_H09_S93,G1,13994,Ak2,0,0,5.528,0.9232,4.182,35.5567
SS3_MAF_leo180223_p6_H11_S95,G1,17619,Ak2,1,1,5.528,0.9232,4.182,35.5567
SS3_MAF_leo180223_p6_G06_S78,G1,17000,Ak2,0,2,5.528,0.9232,4.182,35.5567
SS3_MAF_leo180223_p6_E12_S60,G1,29942,Ak2,4,1,5.528,0.9232,4.182,35.5567
SS3_MAF_leo180223_p4_S101,S,46504,Ak2,5,5,5.528,0.9232,4.182,35.5567
SS3_MAF_leo180223_p4_S102,G1,28700,Ak2,1,2,5.528,0.9232,4.182,35.5567
SS3_MAF_leo180223_p4_S104,G2M,9443,Ak2,2,1,5.528,0.9232,4.182,35.5567
SS3_MAF_leo180223_p4_S108,G1,8102,Ak2,0,0,5.528,0.9232,4.182,35.5567
SS3_MAF_leo180223_p4_S105,G1,46105,Ak2,9,17,5.528,0.9232,4.182,35.5567
SS3_MAF_leo180223_p4_S106,G1,46823,Ak2,9,12,5.528,0.9232,4.182,35.5567
SS3_MAF_leo180223_p6_D10_S46,G1,15028,Ak2,1,1,5.528,0.9232,4.182,35.5567
SS3_MAF_leo180223_p4_S107,G1,57441,Ak2,11,4,5.528,0.9232,4.182,35.5567
SS3_MAF_leo180223_p6_F06_S66,G1,35862,Ak2,2,3,5.528,0.9232,4.182,35.5567
SS3_MAF_leo180223_p6_E08_S56,G1,19789,Ak2,0,0,5.528,0.9232,4.182,35.5567
SS3_MAF_leo180223_p6_H08_S92,G1,31398,Ak2,4,2,5.528,0.9232,4.182,35.5567
SS3_MAF_leo180223_p6_H10_S94,S,43246,Ak2,8,7,5.528,0.9232,4.182,35.5567
SS3_MAF_leo180223_p4_S109,G1,22942,Ak2,7,1,5.528,0.9232,4.182,35.5567
SS3_MAF_leo180223_p6_G04_S76,G1,14904,Ak2,2,2,5.528,0.9232,4.182,35.5567
SS3_MAF_leo180223_p4_S112,G1,10651,Ak2,1,0,5.528,0.9232,4.182,35.5567
SS3_MAF_leo180223_p4_S111,S,17722,Ak2,2,6,5.528,0.9232,4.182,35.5567
SS3_MAF_leo180223_p4_S113,G1,54566,Ak2,13,4,5.528,0.9232,4.182,35.5567
SS3_MAF_leo180223_p6_E02_S50,G1,56102,Ak2,10,9,5.528,0.9232,4.182,35.5567
SS3_MAF_leo180223_p4_S114,G1,41605,Ak2,4,2,5.528,0.9232,4.182,35.5567
SS3_MAF_leo180223_p4_S115,G1,31806,Ak2,10,11,5.528,0.9232,4.182,35.5567
SS3_MAF_leo180223_p4_S117,G1,33445,Ak2,1,4,5.528,0.9232,4.182,35.5567
SS3_MAF_leo180223_p4_S116,G2M,43218,Ak2,15,21,5.528,0.9232,4.182,35.5567
SS3_MAF_leo180223_p4_S118,G1,39079,Ak2,3,6,5.528,0.9232,4.182,35.5567
SS3_MAF_leo180223_p4_S119,G1,32951,Ak2,2,1,5.528,0.9232,4.182,35.5567
SS3_MAF_leo180223_p4_S123,S,42089,Ak2,16,11,5.528,0.9232,4.182,35.5567
SS3_MAF_leo180223_p4_S121,G1,35385,Ak2,7,4,5.528,0.9232,4.182,35.5567
SS3_MAF_leo180223_p4_S122,G1,48450,Ak2,6,6,5.528,0.9232,4.182,35.5567
SS3_MAF_leo180223_p4_S125,G1,36709,Ak2,3,5,5.528,0.9232,4.182,35.5567
SS3_MAF_leo180223_p4_S126,G1,14776,Ak2,2,4,5.528,0.9232,4.182,35.5567
SS3_MAF_leo180223_p4_S127,G1,30192,Ak2,5,3,5.528,0.9232,4.182,35.5567
SS3_MAF_leo180223_p4_S124,G1,48177,Ak2,10,6,5.528,0.9232,4.182,35.5567
SS3_MAF_leo180223_p4_S129,G1,39617,Ak2,12,7,5.528,0.9232,4.182,35.5567
SS3_MAF_leo180223_p4_S130,G1,30386,Ak2,6,1,5.528,0.9232,4.182,35.5567
SS3_MAF_leo180223_p4_S131,G2M,30460,Ak2,8,3,5.528,0.9232,4.182,35.5567
SS3_MAF_leo180223_p4_S132,G1,38643,Ak2,10,6,5.528,0.9232,4.182,35.5567
SS3_MAF_leo180223_p4_S134,G1,9113,Ak2,1,1,5.528,0.9232,4.182,35.5567
SS3_MAF_leo180223_p4_S133,G1,42441,Ak2,13,10,5.528,0.9232,4.182,35.5567
SS3_MAF_leo180223_p4_S135,G1,17189,Ak2,3,0,5.528,0.9232,4.182,35.5567
SS3_MAF_leo180223_p4_S139,G2M,11145,Ak2,1,1,5.528,0.9232,4.182,35.5567
SS3_MAF_leo180223_p4_S137,S,43012,Ak2,21,14,5.528,0.9232,4.182,35.5567
SS3_MAF_leo180223_p4_S138,G2M,50993,Ak2,5,15,5.528,0.9232,4.182,35.5567
SS3_MAF_leo180223_p4_S140,G1,10911,Ak2,0,0,5.528,0.9232,4.182,35.5567
SS3_MAF_leo180223_p4_S142,G1,13960,Ak2,1,1,5.528,0.9232,4.182,35.5567
SS3_MAF_leo180223_p4_S147,G1,18062,Ak2,3,2,5.528,0.9232,4.182,35.5567
SS3_MAF_leo180223_p4_S97,G1,34429,Ak2,8,10,5.528,0.9232,4.182,35.5567
SS3_MAF_leo180223_p4_S146,S,29223,Ak2,0,5,5.528,0.9232,4.182,35.5567
SS3_MAF_leo180223_p4_S145,G1,40112,Ak2,3,2,5.528,0.9232,4.182,35.5567
SS3_MAF_leo180223_p4_S148,G2M,35298,Ak2,8,13,5.528,0.9232,4.182,35.5567
SS3_MAF_leo180223_p4_S150,G2M,11070,Ak2,0,0,5.528,0.9232,4.182,35.5567
SS3_MAF_leo180223_p4_S149,G1,46283,Ak2,7,10,5.528,0.9232,4.182,35.5567
SS3_MAF_leo180223_p4_S151,G2M,37513,Ak2,5,8,5.528,0.9232,4.182,35.5567
SS3_MAF_leo180223_p4_S153,G1,57674,Ak2,5,12,5.528,0.9232,4.182,35.5567
SS3_MAF_leo180223_p4_S156,G1,20071,Ak2,1,3,5.528,0.9232,4.182,35.5567
SS3_MAF_leo180223_p4_S154,S,55869,Ak2,13,18,5.528,0.9232,4.182,35.5567
SS3_MAF_leo180223_p4_S157,G1,20536,Ak2,1,1,5.528,0.9232,4.182,35.5567
SS3_MAF_leo180223_p4_S159,G1,32667,Ak2,4,4,5.528,0.9232,4.182,35.5567
SS3_MAF_leo180223_p4_S158,G2M,48866,Ak2,11,10,5.528,0.9232,4.182,35.5567
SS3_MAF_leo180223_p4_S161,S,44634,Ak2,12,12,5.528,0.9232,4.182,35.5567
SS3_MAF_leo180223_p4_S160,G1,25072,Ak2,2,1,5.528,0.9232,4.182,35.5567
SS3_MAF_leo180223_p4_S162,G1,36811,Ak2,4,6,5.528,0.9232,4.182,35.5567
SS3_MAF_leo180223_p4_S164,G1,43467,Ak2,4,1,5.528,0.9232,4.182,35.5567
SS3_MAF_leo180223_p4_S166,S,28129,Ak2,3,6,5.528,0.9232,4.182,35.5567
SS3_MAF_leo180223_p4_S167,G1,26371,Ak2,3,3,5.528,0.9232,4.182,35.5567
SS3_MAF_leo180223_p4_S169,G1,34158,Ak2,6,2,5.528,0.9232,4.182,35.5567
SS3_MAF_leo180223_p4_S165,G1,39578,Ak2,6,3,5.528,0.9232,4.182,35.5567
SS3_MAF_leo180223_p4_S173,G1,19064,Ak2,1,1,5.528,0.9232,4.182,35.5567
SS3_MAF_leo180223_p4_S170,G1,51247,Ak2,10,9,5.528,0.9232,4.182,35.5567
SS3_MAF_leo180223_p4_S171,S,67232,Ak2,14,11,5.528,0.9232,4.182,35.5567
SS3_MAF_leo180223_p4_S177,S,44173,Ak2,15,21,5.528,0.9232,4.182,35.5567
SS3_MAF_leo180223_p4_S174,G1,31352,Ak2,11,7,5.528,0.9232,4.182,35.5567
SS3_MAF_leo180223_p4_S180,G1,16181,Ak2,2,1,5.528,0.9232,4.182,35.5567
SS3_MAF_leo180223_p4_S176,G1,20544,Ak2,5,3,5.528,0.9232,4.182,35.5567
SS3_MAF_leo180223_p4_S179,G1,32343,Ak2,0,1,5.528,0.9232,4.182,35.5567
SS3_MAF_leo180223_p4_S178,S,57266,Ak2,3,10,5.528,0.9232,4.182,35.5567
SS3_MAF_leo180223_p4_S181,G1,25042,Ak2,3,9,5.528,0.9232,4.182,35.5567
SS3_MAF_leo180223_p4_S183,G1,33832,Ak2,3,9,5.528,0.9232,4.182,35.5567
SS3_MAF_leo180223_p4_S182,G1,52029,Ak2,6,5,5.528,0.9232,4.182,35.5567
SS3_MAF_leo180223_p4_S186,S,58004,Ak2,22,16,5.528,0.9232,4.182,35.5567
SS3_MAF_leo180223_p4_S187,G2M,15045,Ak2,2,4,5.528,0.9232,4.182,35.5567
SS3_MAF_leo180223_p4_S191,G2M,11140,Ak2,1,0,5.528,0.9232,4.182,35.5567
SS3_MAF_leo180223_p4_S185,G1,52790,Ak2,13,18,5.528,0.9232,4.182,35.5567
SS3_MAF_leo180223_p4_S189,G1,66797,Ak2,14,14,5.528,0.9232,4.182,35.5567
SS3_MAF_leo180223_p4_S188,G1,51539,Ak2,8,3,5.528,0.9232,4.182,35.5567
SS3_MAF_leo180223_p4_S190,G1,37493,Ak2,3,2,5.528,0.9232,4.182,35.5567
SS3_MAF_leo180223_p4_S98,G1,27030,Ak2,4,1,5.528,0.9232,4.182,35.5567
SS3_MAF_leo180223_p4_S99,G1,22647,Ak2,3,9,5.528,0.9232,4.182,35.5567
SS3_MAF_Leo171129_p2_S10,G1,39310,Mrpl11,4,8,5.948,0.8442,3.5072,11.4549
SS3_MAF_Leo171129_p2_S12,G1,46976,Mrpl11,0,2,5.948,0.8442,3.5072,11.4549
SS3_MAF_Leo171129_p2_S13,G1,43893,Mrpl11,10,2,5.948,0.8442,3.5072,11.4549
SS3_MAF_Leo171129_p2_S14,G1,39959,Mrpl11,5,0,5.948,0.8442,3.5072,11.4549
SS3_MAF_Leo171129_p2_S16,G1,41170,Mrpl11,4,1,5.948,0.8442,3.5072,11.4549
SS3_MAF_Leo171129_p2_S17,G1,117795,Mrpl11,6,3,5.948,0.8442,3.5072,11.4549
SS3_MAF_Leo171129_p2_S18,S,79991,Mrpl11,0,15,5.948,0.8442,3.5072,11.4549
SS3_MAF_Leo171129_p2_S19,G1,63056,Mrpl11,2,5,5.948,0.8442,3.5072,11.4549
SS3_MAF_Leo171129_p2_S1,G2M,48601,Mrpl11,,,5.948,0.8442,3.5072,11.4549
SS3_MAF_Leo171129_p2_S20,G1,70834,Mrpl11,2,2,5.948,0.8442,3.5072,11.4549
SS3_MAF_Leo171129_p2_S21,G1,75490,Mrpl11,1,8,5.948,0.8442,3.5072,11.4549
SS3_MAF_Leo171129_p2_S22,G2M,33098,Mrpl11,,,5.948,0.8442,3.5072,11.4549
SS3_MAF_Leo171129_p2_S23,G1,36429,Mrpl11,0,4,5.948,0.8442,3.5072,11.4549
SS3_MAF_Leo171129_p2_S24,G1,29297,Mrpl11,0,2,5.948,0.8442,3.5072,11.4549
SS3_MAF_Leo171129_p2_S25,G1,77970,Mrpl11,0,1,5.948,0.8442,3.5072,11.4549
SS3_MAF_Leo171129_p2_S26,G2M,42619,Mrpl11,2,4,5.948,0.8442,3.5072,11.4549
SS3_MAF_Leo171129_p2_S27,G1,8122,Mrpl11,0,0,5.948,0.8442,3.5072,11.4549
SS3_MAF_Leo171129_p2_S28,G2M,16215,Mrpl11,0,0,5.948,0.8442,3.5072,11.4549
SS3_MAF_Leo171129_p2_S2,S,34219,Mrpl11,0,2,5.948,0.8442,3.5072,11.4549
SS3_MAF_Leo171129_p2_S30,G2M,10030,Mrpl11,2,0,5.948,0.8442,3.5072,11.4549
SS3_MAF_Leo171129_p2_S31,G1,50024,Mrpl11,3,4,5.948,0.8442,3.5072,11.4549
SS3_MAF_Leo171129_p2_S32,G2M,51366,Mrpl11,5,0,5.948,0.8442,3.5072,11.4549
SS3_MAF_Leo171129_p2_S33,G1,64228,Mrpl11,6,0,5.948,0.8442,3.5072,11.4549
SS3_MAF_Leo171129_p2_S34,G1,38195,Mrpl11,4,0,5.948,0.8442,3.5072,11.4549
SS3_MAF_Leo171129_p2_S37,G1,13225,Mrpl11,0,0,5.948,0.8442,3.5072,11.4549
SS3_MAF_Leo171129_p2_S3,G1,55963,Mrpl11,,,5.948,0.8442,3.5072,11.4549
SS3_MAF_Leo171129_p2_S41,G1,108019,Mrpl11,9,9,5.948,0.8442,3.5072,11.4549
SS3_MAF_Leo171129_p2_S42,G1,65018,Mrpl11,4,0,5.948,0.8442,3.5072,11.4549
SS3_MAF_Leo171129_p2_S43,G1,64740,Mrpl11,6,15,5.948,0.8442,3.5072,11.4549
SS3_MAF_Leo171129_p2_S44,G1,37365,Mrpl11,0,5,5.948,0.8442,3.5072,11.4549
SS3_MAF_Leo171129_p2_S45,S,66369,Mrpl11,5,1,5.948,0.8442,3.5072,11.4549
SS3_MAF_Leo171129_p2_S47,G1,47781,Mrpl11,,,5.948,0.8442,3.5072,11.4549
SS3_MAF_Leo171129_p2_S48,G1,51270,Mrpl11,6,1,5.948,0.8442,3.5072,11.4549
SS3_MAF_Leo171129_p2_S49,G1,30770,Mrpl11,0,2,5.948,0.8442,3.5072,11.4549
SS3_MAF_Leo171129_p2_S4,G1,39611,Mrpl11,3,4,5.948,0.8442,3.5072,11.4549
SS3_MAF_Leo171129_p2_S50,G1,57440,Mrpl11,1,9,5.948,0.8442,3.5072,11.4549
SS3_MAF_Leo171129_p2_S52,G1,21457,Mrpl11,,,5.948,0.8442,3.5072,11.4549
SS3_MAF_Leo171129_p2_S53,G1,80336,Mrpl11,4,11,5.948,0.8442,3.5072,11.4549
SS3_MAF_Leo171129_p2_S55,G2M,88188,Mrpl11,3,8,5.948,0.8442,3.5072,11.4549
SS3_MAF_Leo171129_p2_S57,G1,42297,Mrpl11,3,6,5.948,0.8442,3.5072,11.4549
SS3_MAF_Leo171129_p2_S58,G1,55834,Mrpl11,3,0,5.948,0.8442,3.5072,11.4549
SS3_MAF_Leo171129_p2_S59,G1,45969,Mrpl11,1,1,5.948,0.8442,3.5072,11.4549
SS3_MAF_Leo171129_p2_S5,G2M,34433,Mrpl11,4,0,5.948,0.8442,3.5072,11.4549
SS3_MAF_Leo171129_p2_S61,G1,20315,Mrpl11,0,1,5.948,0.8442,3.5072,11.4549
SS3_MAF_Leo171129_p2_S62,G1,20928,Mrpl11,0,4,5.948,0.8442,3.5072,11.4549
SS3_MAF_Leo171129_p2_S64,G1,100938,Mrpl11,4,2,5.948,0.8442,3.5072,11.4549
SS3_MAF_Leo171129_p2_S65,G1,52328,Mrpl11,,,5.948,0.8442,3.5072,11.4549
SS3_MAF_Leo171129_p2_S66,G1,67878,Mrpl11,0,4,5.948,0.8442,3.5072,11.4549
SS3_MAF_Leo171129_p2_S67,S,68235,Mrpl11,0,3,5.948,0.8442,3.5072,11.4549
SS3_MAF_Leo171129_p2_S68,G1,15259,Mrpl11,7,0,5.948,0.8442,3.5072,11.4549
SS3_MAF_Leo171129_p2_S69,G1,36667,Mrpl11,1,5,5.948,0.8442,3.5072,11.4549
SS3_MAF_Leo171129_p2_S6,G2M,60468,Mrpl11,4,0,5.948,0.8442,3.5072,11.4549
SS3_MAF_Leo171129_p2_S72,G1,18464,Mrpl11,3,0,5.948,0.8442,3.5072,11.4549
SS3_MAF_Leo171129_p2_S73,G1,94179,Mrpl11,2,0,5.948,0.8442,3.5072,11.4549
SS3_MAF_Leo171129_p2_S74,G1,85288,Mrpl11,4,3,5.948,0.8442,3.5072,11.4549
SS3_MAF_Leo171129_p2_S75,G1,53506,Mrpl11,0,4,5.948,0.8442,3.5072,11.4549
SS3_MAF_Leo171129_p2_S76,G2M,60345,Mrpl11,8,2,5.948,0.8442,3.5072,11.4549
SS3_MAF_Leo171129_p2_S77,G1,30764,Mrpl11,1,4,5.948,0.8442,3.5072,11.4549
SS3_MAF_Leo171129_p2_S78,S,64444,Mrpl11,9,1,5.948,0.8442,3.5072,11.4549
SS3_MAF_Leo171129_p2_S79,G1,20086,Mrpl11,1,1,5.948,0.8442,3.5072,11.4549
SS3_MAF_Leo171129_p2_S7,G1,42337,Mrpl11,0,5,5.948,0.8442,3.5072,11.4549
SS3_MAF_Leo171129_p2_S80,S,46988,Mrpl11,3,1,5.948,0.8442,3.5072,11.4549
SS3_MAF_Leo171129_p2_S81,G2M,13199,Mrpl11,,,5.948,0.8442,3.5072,11.4549
SS3_MAF_Leo171129_p2_S82,G1,10672,Mrpl11,2,4,5.948,0.8442,3.5072,11.4549
SS3_MAF_Leo171129_p2_S83,G1,62168,Mrpl11,3,0,5.948,0.8442,3.5072,11.4549
SS3_MAF_Leo171129_p2_S84,G1,9220,Mrpl11,0,0,5.948,0.8442,3.5072,11.4549
SS3_MAF_Leo171129_p2_S85,G1,12557,Mrpl11,1,0,5.948,0.8442,3.5072,11.4549
SS3_MAF_Leo171129_p2_S86,S,76694,Mrpl11,9,0,5.948,0.8442,3.5072,11.4549
SS3_MAF_Leo171129_p2_S87,G1,33235,Mrpl11,0,9,5.948,0.8442,3.5072,11.4549
SS3_MAF_Leo171129_p2_S89,G1,128206,Mrpl11,0,5,5.948,0.8442,3.5072,11.4549
SS3_MAF_Leo171129_p2_S8,G1,42290,Mrpl11,2,4,5.948,0.8442,3.5072,11.4549
SS3_MAF_Leo171129_p2_S90,G1,144876,Mrpl11,14,4,5.948,0.8442,3.5072,11.4549
SS3_MAF_Leo171129_p2_S91,G1,95482,Mrpl11,0,8,5.948,0.8442,3.5072,11.4549
SS3_MAF_Leo171129_p2_S92,G1,42727,Mrpl11,4,0,5.948,0.8442,3.5072,11.4549
SS3_MAF_Leo171129_p2_S93,S,50420,Mrpl11,1,0,5.948,0.8442,3.5072,11.4549
SS3_MAF_Leo171129_p2_S94,G2M,49637,Mrpl11,1,4,5.948,0.8442,3.5072,11.4549
SS3_MAF_Leo171129_p2_S9,G2M,77535,Mrpl11,8,5,5.948,0.8442,3.5072,11.4549
SS3_MAF_leo180223_p6_A10_S10,G1,23929,Mrpl11,4,0,5.948,0.8442,3.5072,11.4549
SS3_MAF_leo180223_p6_B01_S13,G1,24789,Mrpl11,1,0,5.948,0.8442,3.5072,11.4549
SS3_MAF_leo180223_p6_A03_S3,G1,36756,Mrpl11,1,1,5.948,0.8442,3.5072,11.4549
SS3_MAF_leo180223_p6_A09_S9,G2M,12578,Mrpl11,0,4,5.948,0.8442,3.5072,11.4549
SS3_MAF_leo180223_p6_B05_S17,G2M,7653,Mrpl11,1,0,5.948,0.8442,3.5072,11.4549
SS3_MAF_leo180223_p6_A01_S1,G1,53431,Mrpl11,1,1,5.948,0.8442,3.5072,11.4549
SS3_MAF_leo180223_p6_A11_S11,G1,30102,Mrpl11,1,2,5.948,0.8442,3.5072,11.4549
SS3_MAF_leo180223_p6_C01_S25,G1,49793,Mrpl11,10,2,5.948,0.8442,3.5072,11.4549
SS3_MAF_leo180223_p6_B02_S14,G1,55296,Mrpl11,0,7,5.948,0.8442,3.5072,11.4549
SS3_MAF_leo180223_p6_A02_S2,S,72303,Mrpl11,3,9,5.948,0.8442,3.5072,11.4549
SS3_MAF_leo180223_p6_A05_S5,G2M,11957,Mrpl11,0,0,5.948,0.8442,3.5072,11.4549
SS3_MAF_leo180223_p6_A07_S7,G1,26205,Mrpl11,0,0,5.948,0.8442,3.5072,11.4549
SS3_MAF_leo180223_p6_A04_S4,G1,42732,Mrpl11,1,0,5.948,0.8442,3.5072,11.4549
SS3_MAF_leo180223_p6_A12_S12,G1,52402,Mrpl11,4,2,5.948,0.8442,3.5072,11.4549
SS3_MAF_leo180223_p6_B04_S16,G1,30714,Mrpl11,3,0,5.948,0.8442,3.5072,11.4549
SS3_MAF_leo180223_p6_A06_S6,G1,57207,Mrpl11,1,0,5.948,0.8442,3.5072,11.4549
SS3_MAF_leo180223_p6_B03_S15,S,61296,Mrpl11,0,2,5.948,0.8442,3.5072,11.4549
SS3_MAF_leo180223_p6_B10_S22,G1,22876,Mrpl11,2,2,5.948,0.8442,3.5072,11.4549
SS3_MAF_leo180223_p6_C02_S26,G1,65040,Mrpl11,5,0,5.948,0.8442,3.5072,11.4549
SS3_MAF_leo180223_p6_C04_S28,G2M,26058,Mrpl11,0,4,5.948,0.8442,3.5072,11.4549
SS3_MAF_leo180223_p6_B09_S21,G1,37734,Mrpl11,3,1,5.948,0.8442,3.5072,11.4549
SS3_MAF_leo180223_p6_C05_S29,G1,60723,Mrpl11,2,8,5.948,0.8442,3.5072,11.4549
SS3_MAF_leo180223_p6_C11_S35,G1,54024,Mrpl11,1,0,5.948,0.8442,3.5072,11.4549
SS3_MAF_leo180223_p6_C09_S33,G1,53996,Mrpl11,5,0,5.948,0.8442,3.5072,11.4549
SS3_MAF_leo180223_p6_D01_S37,S,55709,Mrpl11,4,7,5.948,0.8442,3.5072,11.4549
SS3_MAF_leo180223_p6_D03_S39,G1,47188,Mrpl11,3,0,5.948,0.8442,3.5072,11.4549
SS3_MAF_leo180223_p6_B11_S23,G1,41554,Mrpl11,6,4,5.948,0.8442,3.5072,11.4549
SS3_MAF_leo180223_p6_D05_S41,G1,29838,Mrpl11,,,5.948,0.8442,3.5072,11.4549
SS3_MAF_leo180223_p6_D09_S45,G1,51007,Mrpl11,6,0,5.948,0.8442,3.5072,11.4549
SS3_MAF_leo180223_p6_B07_S19,G1,14673,Mrpl11,2,6,5.948,0.8442,3.5072,11.4549
SS3_MAF_leo180223_p6_E01_S49,G1,58894,Mrpl11,0,5,5.948,0.8442,3.5072,11.4549
SS3_MAF_leo180223_p6_C10_S34,G1,57445,Mrpl11,4,1,5.948,0.8442,3.5072,11.4549
SS3_MAF_leo180223_p6_C12_S36,G1,65159,Mrpl11,3,1,5.948,0.8442,3.5072,11.4549
SS3_MAF_leo180223_p6_C06_S30,S,48635,Mrpl11,9,0,5.948,0.8442,3.5072,11.4549
SS3_MAF_leo180223_p6_D12_S48,G1,7742,Mrpl11,0,0,5.948,0.8442,3.5072,11.4549
SS3_MAF_leo180223_p6_D07_S43,G1,58044,Mrpl11,0,2,5.948,0.8442,3.5072,11.4549
SS3_MAF_leo180223_p6_D04_S40,S,62213,Mrpl11,2,8,5.948,0.8442,3.5072,11.4549
SS3_MAF_leo180223_p6_E07_S55,G1,79485,Mrpl11,2,5,5.948,0.8442,3.5072,11.4549
SS3_MAF_leo180223_p6_D02_S38,G1,54559,Mrpl11,9,1,5.948,0.8442,3.5072,11.4549
SS3_MAF_leo180223_p6_E10_S58,G1,7949,Mrpl11,0,0,5.948,0.8442,3.5072,11.4549
SS3_MAF_leo180223_p6_E05_S53,S,40138,Mrpl11,7,1,5.948,0.8442,3.5072,11.4549
SS3_MAF_leo180223_p6_E03_S51,G1,56996,Mrpl11,6,2,5.948,0.8442,3.5072,11.4549
SS3_MAF_leo180223_p6_E11_S59,G1,29427,Mrpl11,2,0,5.948,0.8442,3.5072,11.4549
SS3_MAF_leo180223_p6_F03_S63,G1,16661,Mrpl11,0,0,5.948,0.8442,3.5072,11.4549
SS3_MAF_leo180223_p6_F07_S67,G1,12997,Mrpl11,2,0,5.948,0.8442,3.5072,11.4549
SS3_MAF_leo180223_p6_D06_S42,G2M,25551,Mrpl11,0,6,5.948,0.8442,3.5072,11.4549
SS3_MAF_leo180223_p6_F10_S70,G1,28264,Mrpl11,0,1,5.948,0.8442,3.5072,11.4549
SS3_MAF_leo180223_p6_G01_S73,G2M,9750,Mrpl11,0,2,5.948,0.8442,3.5072,11.4549
SS3_MAF_leo180223_p6_G05_S77,G2M,16211,Mrpl11,0,2,5.948,0.8442,3.5072,11.4549
SS3_MAF_leo180223_p6_F05_S65,G1,43383,Mrpl11,3,1,5.948,0.8442,3.5072,11.4549
SS3_MAF_leo180223_p6_G03_S75,G1,30248,Mrpl11,5,0,5.948,0.8442,3.5072,11.4549
SS3_MAF_leo180223_p6_E06_S54,G1,15835,Mrpl11,0,0,5.948,0.8442,3.5072,11.4549
SS3_MAF_leo180223_p6_G07_S79,G1,44754,Mrpl11,1,3,5.948,0.8442,3.5072,11.4549
SS3_MAF_leo180223_p6_G09_S81,G1,14370,Mrpl11,0,0,5.948,0.8442,3.5072,11.4549
SS3_MAF_leo180223_p6_G11_S83,S,43335,Mrpl11,1,3,5.948,0.8442,3.5072,11.4549
SS3_MAF_leo180223_p6_D08_S44,G1,11889,Mrpl11,0,2,5.948,0.8442,3.5072,11.4549
SS3_MAF_leo180223_p6_H07_S91,G1,10415,Mrpl11,1,2,5.948,0.8442,3.5072,11.4549
SS3_MAF_leo180223_p6_H09_S93,G1,13994,Mrpl11,1,0,5.948,0.8442,3.5072,11.4549
SS3_MAF_leo180223_p6_H11_S95,G1,17619,Mrpl11,1,1,5.948,0.8442,3.5072,11.4549
SS3_MAF_leo180223_p6_G06_S78,G1,17000,Mrpl11,0,4,5.948,0.8442,3.5072,11.4549
SS3_MAF_leo180223_p6_E12_S60,G1,29942,Mrpl11,2,2,5.948,0.8442,3.5072,11.4549
SS3_MAF_leo180223_p4_S101,S,46504,Mrpl11,2,0,5.948,0.8442,3.5072,11.4549
SS3_MAF_leo180223_p4_S102,G1,28700,Mrpl11,1,0,5.948,0.8442,3.5072,11.4549
SS3_MAF_leo180223_p4_S104,G2M,9443,Mrpl11,1,1,5.948,0.8442,3.5072,11.4549
SS3_MAF_leo180223_p4_S108,G1,8102,Mrpl11,1,1,5.948,0.8442,3.5072,11.4549
SS3_MAF_leo180223_p4_S105,G1,46105,Mrpl11,5,0,5.948,0.8442,3.5072,11.4549
SS3_MAF_leo180223_p4_S106,G1,46823,Mrpl11,3,2,5.948,0.8442,3.5072,11.4549
SS3_MAF_leo180223_p6_D10_S46,G1,15028,Mrpl11,1,0,5.948,0.8442,3.5072,11.4549
SS3_MAF_leo180223_p4_S107,G1,57441,Mrpl11,2,1,5.948,0.8442,3.5072,11.4549
SS3_MAF_leo180223_p6_F06_S66,G1,35862,Mrpl11,0,5,5.948,0.8442,3.5072,11.4549
SS3_MAF_leo180223_p6_E08_S56,G1,19789,Mrpl11,1,1,5.948,0.8442,3.5072,11.4549
SS3_MAF_leo180223_p6_H08_S92,G1,31398,Mrpl11,4,0,5.948,0.8442,3.5072,11.4549
SS3_MAF_leo180223_p6_H10_S94,S,43246,Mrpl11,3,2,5.948,0.8442,3.5072,11.4549
SS3_MAF_leo180223_p4_S109,G1,22942,Mrpl11,1,0,5.948,0.8442,3.5072,11.4549
SS3_MAF_leo180223_p6_G04_S76,G1,14904,Mrpl11,0,0,5.948,0.8442,3.5072,11.4549
SS3_MAF_leo180223_p4_S112,G1,10651,Mrpl11,1,1,5.948,0.8442,3.5072,11.4549
SS3_MAF_leo180223_p4_S111,S,17722,Mrpl11,2,0,5.948,0.8442,3.5072,11.4549
SS3_MAF_leo180223_p4_S113,G1,54566,Mrpl11,1,7,5.948,0.8442,3.5072,11.4549
SS3_MAF_leo180223_p6_E02_S50,G1,56102,Mrpl11,2,2,5.948,0.8442,3.5072,11.4549
SS3_MAF_leo180223_p4_S114,G1,41605,Mrpl11,0,2,5.948,0.8442,3.5072,11.4549
SS3_MAF_leo180223_p4_S115,G1,31806,Mrpl11,3,0,5.948,0.8442,3.5072,11.4549
SS3_MAF_leo180223_p4_S117,G1,33445,Mrpl11,0,1,5.948,0.8442,3.5072,11.4549
SS3_MAF_leo180223_p4_S116,G2M,43218,Mrpl11,0,5,5.948,0.8442,3.5072,11.4549
SS3_MAF_leo180223_p4_S118,G1,39079,Mrpl11,2,4,5.948,0.8442,3.5072,11.4549
SS3_MAF_leo180223_p4_S119,G1,32951,Mrpl11,,,5.948,0.8442,3.5072,11.4549
SS3_MAF_leo180223_p4_S123,S,42089,Mrpl11,0,4,5.948,0.8442,3.5072,11.4549
SS3_MAF_leo180223_p4_S121,G1,35385,Mrpl11,3,5,5.948,0.8442,3.5072,11.4549
SS3_MAF_leo180223_p4_S122,G1,48450,Mrpl11,0,4,5.948,0.8442,3.5072,11.4549
SS3_MAF_leo180223_p4_S125,G1,36709,Mrpl11,2,0,5.948,0.8442,3.5072,11.4549
SS3_MAF_leo180223_p4_S126,G1,14776,Mrpl11,0,2,5.948,0.8442,3.5072,11.4549
SS3_MAF_leo180223_p4_S127,G1,30192,Mrpl11,5,1,5.948,0.8442,3.5072,11.4549
SS3_MAF_leo180223_p4_S124,G1,48177,Mrpl11,1,6,5.948,0.8442,3.5072,11.4549
SS3_MAF_leo180223_p4_S129,G1,39617,Mrpl11,2,1,5.948,0.8442,3.5072,11.4549
SS3_MAF_leo180223_p4_S130,G1,30386,Mrpl11,2,5,5.948,0.8442,3.5072,11.4549
SS3_MAF_leo180223_p4_S131,G2M,30460,Mrpl11,0,3,5.948,0.8442,3.5072,11.4549
SS3_MAF_leo180223_p4_S132,G1,38643,Mrpl11,0,0,5.948,0.8442,3.5072,11.4549
SS3_MAF_leo180223_p4_S134,G1,9113,Mrpl11,2,0,5.948,0.8442,3.5072,11.4549
SS3_MAF_leo180223_p4_S133,G1,42441,Mrpl11,0,2,5.948,0.8442,3.5072,11.4549
SS3_MAF_leo180223_p4_S135,G1,17189,Mrpl11,0,1,5.948,0.8442,3.5072,11.4549
SS3_MAF_leo180223_p4_S139,G2M,11145,Mrpl11,0,0,5.948,0.8442,3.5072,11.4549
SS3_MAF_leo180223_p4_S137,S,43012,Mrpl11,2,2,5.948,0.8442,3.5072,11.4549
SS3_MAF_leo180223_p4_S138,G2M,50993,Mrpl11,5,0,5.948,0.8442,3.5072,11.4549
SS3_MAF_leo180223_p4_S140,G1,10911,Mrpl11,2,1,5.948,0.8442,3.5072,11.4549
SS3_MAF_leo180223_p4_S142,G1,13960,Mrpl11,0,0,5.948,0.8442,3.5072,11.4549
SS3_MAF_leo180223_p4_S147,G1,18062,Mrpl11,1,1,5.948,0.8442,3.5072,11.4549
SS3_MAF_leo180223_p4_S97,G1,34429,Mrpl11,2,1,5.948,0.8442,3.5072,11.4549
SS3_MAF_leo180223_p4_S146,S,29223,Mrpl11,0,0,5.948,0.8442,3.5072,11.4549
SS3_MAF_leo180223_p4_S145,G1,40112,Mrpl11,1,3,5.948,0.8442,3.5072,11.4549
SS3_MAF_leo180223_p4_S148,G2M,35298,Mrpl11,0,2,5.948,0.8442,3.5072,11.4549
SS3_MAF_leo180223_p4_S150,G2M,11070,Mrpl11,1,0,5.948,0.8442,3.5072,11.4549
SS3_MAF_leo180223_p4_S149,G1,46283,Mrpl11,4,4,5.948,0.8442,3.5072,11.4549
SS3_MAF_leo180223_p4_S151,G2M,37513,Mrpl11,6,2,5.948,0.8442,3.5072,11.4549
SS3_MAF_leo180223_p4_S153,G1,57674,Mrpl11,2,1,5.948,0.8442,3.5072,11.4549
SS3_MAF_leo180223_p4_S156,G1,20071,Mrpl11,2,1,5.948,0.8442,3.5072,11.4549
SS3_MAF_leo180223_p4_S154,S,55869,Mrpl11,3,4,5.948,0.8442,3.5072,11.4549
SS3_MAF_leo180223_p4_S157,G1,20536,Mrpl11,3,2,5.948,0.8442,3.5072,11.4549
SS3_MAF_leo180223_p4_S159,G1,32667,Mrpl11,0,0,5.948,0.8442,3.5072,11.4549
SS3_MAF_leo180223_p4_S158,G2M,48866,Mrpl11,1,0,5.948,0.8442,3.5072,11.4549
SS3_MAF_leo180223_p4_S161,S,44634,Mrpl11,4,1,5.948,0.8442,3.5072,11.4549
SS3_MAF_leo180223_p4_S160,G1,25072,Mrpl11,0,0,5.948,0.8442,3.5072,11.4549
SS3_MAF_leo180223_p4_S162,G1,36811,Mrpl11,3,1,5.948,0.8442,3.5072,11.4549
SS3_MAF_leo180223_p4_S164,G1,43467,Mrpl11,2,3,5.948,0.8442,3.5072,11.4549
SS3_MAF_leo180223_p4_S166,S,28129,Mrpl11,3,0,5.948,0.8442,3.5072,11.4549
SS3_MAF_leo180223_p4_S167,G1,26371,Mrpl11,0,5,5.948,0.8442,3.5072,11.4549
SS3_MAF_leo180223_p4_S169,G1,34158,Mrpl11,6,0,5.948,0.8442,3.5072,11.4549
SS3_MAF_leo180223_p4_S165,G1,39578,Mrpl11,0,3,5.948,0.8442,3.5072,11.4549
SS3_MAF_leo180223_p4_S173,G1,19064,Mrpl11,3,4,5.948,0.8442,3.5072,11.4549
SS3_MAF_leo180223_p4_S170,G1,51247,Mrpl11,3,4,5.948,0.8442,3.5072,11.4549
SS3_MAF_leo180223_p4_S171,S,67232,Mrpl11,5,5,5.948,0.8442,3.5072,11.4549
SS3_MAF_leo180223_p4_S177,S,44173,Mrpl11,1,6,5.948,0.8442,3.5072,11.4549
SS3_MAF_leo180223_p4_S174,G1,31352,Mrpl11,3,1,5.948,0.8442,3.5072,11.4549
SS3_MAF_leo180223_p4_S180,G1,16181,Mrpl11,0,1,5.948,0.8442,3.5072,11.4549
SS3_MAF_leo180223_p4_S176,G1,20544,Mrpl11,1,0,5.948,0.8442,3.5072,11.4549
SS3_MAF_leo180223_p4_S179,G1,32343,Mrpl11,1,0,5.948,0.8442,3.5072,11.4549
SS3_MAF_leo180223_p4_S178,S,57266,Mrpl11,7,1,5.948,0.8442,3.5072,11.4549
SS3_MAF_leo180223_p4_S181,G1,25042,Mrpl11,0,3,5.948,0.8442,3.5072,11.4549
SS3_MAF_leo180223_p4_S183,G1,33832,Mrpl11,4,3,5.948,0.8442,3.5072,11.4549
SS3_MAF_leo180223_p4_S182,G1,52029,Mrpl11,3,2,5.948,0.8442,3.5072,11.4549
SS3_MAF_leo180223_p4_S186,S,58004,Mrpl11,1,4,5.948,0.8442,3.5072,11.4549
SS3_MAF_leo180223_p4_S187,G2M,15045,Mrpl11,1,0,5.948,0.8442,3.5072,11.4549
SS3_MAF_leo180223_p4_S191,G2M,11140,Mrpl11,2,0,5.948,0.8442,3.5072,11.4549
SS3_MAF_leo180223_p4_S185,G1,52790,Mrpl11,5,1,5.948,0.8442,3.5072,11.4549
SS3_MAF_leo180223_p4_S189,G1,66797,Mrpl11,0,1,5.948,0.8442,3.5072,11.4549
SS3_MAF_leo180223_p4_S188,G1,51539,Mrpl11,0,1,5.948,0.8442,3.5072,11.4549
SS3_MAF_leo180223_p4_S190,G1,37493,Mrpl11,1,1,5.948,0.8442,3.5072,11.4549
SS3_MAF_leo180223_p4_S98,G1,27030,Mrpl11,0,0,5.948,0.8442,3.5072,11.4549
SS3_MAF_leo180223_p4_S99,G1,22647,Mrpl11,0,2,5.948,0.8442,3.5072,11.4549
SS3_MAF_Leo171129_p2_S10,G1,39310,Mfsd1,2,7,3.922,1.1368,4.2385,23.9285
SS3_MAF_Leo171129_p2_S12,G1,46976,Mfsd1,10,3,3.922,1.1368,4.2385,23.9285
SS3_MAF_Leo171129_p2_S13,G1,43893,Mfsd1,3,5,3.922,1.1368,4.2385,23.9285
SS3_MAF_Leo171129_p2_S14,G1,39959,Mfsd1,11,9,3.922,1.1368,4.2385,23.9285
SS3_MAF_Leo171129_p2_S16,G1,41170,Mfsd1,0,12,3.922,1.1368,4.2385,23.9285
SS3_MAF_Leo171129_p2_S17,G1,117795,Mfsd1,17,13,3.922,1.1368,4.2385,23.9285
SS3_MAF_Leo171129_p2_S18,S,79991,Mfsd1,5,13,3.922,1.1368,4.2385,23.9285
SS3_MAF_Leo171129_p2_S19,G1,63056,Mfsd1,10,3,3.922,1.1368,4.2385,23.9285
SS3_MAF_Leo171129_p2_S1,G2M,48601,Mfsd1,3,7,3.922,1.1368,4.2385,23.9285
SS3_MAF_Leo171129_p2_S20,G1,70834,Mfsd1,2,8,3.922,1.1368,4.2385,23.9285
SS3_MAF_Leo171129_p2_S21,G1,75490,Mfsd1,10,17,3.922,1.1368,4.2385,23.9285
SS3_MAF_Leo171129_p2_S22,G2M,33098,Mfsd1,0,2,3.922,1.1368,4.2385,23.9285
SS3_MAF_Leo171129_p2_S23,G1,36429,Mfsd1,3,5,3.922,1.1368,4.2385,23.9285
SS3_MAF_Leo171129_p2_S24,G1,29297,Mfsd1,10,3,3.922,1.1368,4.2385,23.9285
SS3_MAF_Leo171129_p2_S25,G1,77970,Mfsd1,10,11,3.922,1.1368,4.2385,23.9285
SS3_MAF_Leo171129_p2_S26,G2M,42619,Mfsd1,3,11,3.922,1.1368,4.2385,23.9285
SS3_MAF_Leo171129_p2_S27,G1,8122,Mfsd1,2,3,3.922,1.1368,4.2385,23.9285
SS3_MAF_Leo171129_p2_S28,G2M,16215,Mfsd1,2,1,3.922,1.1368,4.2385,23.9285
SS3_MAF_Leo171129_p2_S2,S,34219,Mfsd1,5,24,3.922,1.1368,4.2385,23.9285
SS3_MAF_Leo171129_p2_S30,G2M,10030,Mfsd1,0,0,3.922,1.1368,4.2385,23.9285
SS3_MAF_Leo171129_p2_S31,G1,50024,Mfsd1,15,10,3.922,1.1368,4.2385,23.9285
SS3_MAF_Leo171129_p2_S32,G2M,51366,Mfsd1,5,5,3.922,1.1368,4.2385,23.9285
SS3_MAF_Leo171129_p2_S33,G1,64228,Mfsd1,3,10,3.922,1.1368,4.2385,23.9285
SS3_MAF_Leo171129_p2_S34,G1,38195,Mfsd1,5,8,3.922,1.1368,4.2385,23.9285
SS3_MAF_Leo171129_p2_S37,G1,13225,Mfsd1,2,0,3.922,1.1368,4.2385,23.9285
SS3_MAF_Leo171129_p2_S3,G1,55963,Mfsd1,15,2,3.922,1.1368,4.2385,23.9285
SS3_MAF_Leo171129_p2_S41,G1,108019,Mfsd1,15,1,3.922,1.1368,4.2385,23.9285
SS3_MAF_Leo171129_p2_S42,G1,65018,Mfsd1,7,7,3.922,1.1368,4.2385,23.9285
SS3_MAF_Leo171129_p2_S43,G1,64740,Mfsd1,8,10,3.922,1.1368,4.2385,23.9285
SS3_MAF_Leo171129_p2_S44,G1,37365,Mfsd1,4,9,3.922,1.1368,4.2385,23.9285
SS3_MAF_Leo171129_p2_S45,S,66369,Mfsd1,8,6,3.922,1.1368,4.2385,23.9285
SS3_MAF_Leo171129_p2_S47,G1,47781,Mfsd1,12,3,3.922,1.1368,4.2385,23.9285
SS3_MAF_Leo171129_p2_S48,G1,51270,Mfsd1,2,11,3.922,1.1368,4.2385,23.9285
SS3_MAF_Leo171129_p2_S49,G1,30770,Mfsd1,10,0,3.922,1.1368,4.2385,23.9285
SS3_MAF_Leo171129_p2_S4,G1,39611,Mfsd1,6,4,3.922,1.1368,4.2385,23.9285
SS3_MAF_Leo171129_p2_S50,G1,57440,Mfsd1,5,13,3.922,1.1368,4.2385,23.9285
SS3_MAF_Leo171129_p2_S52,G1,21457,Mfsd1,1,1,3.922,1.1368,4.2385,23.9285
SS3_MAF_Leo171129_p2_S53,G1,80336,Mfsd1,8,6,3.922,1.1368,4.2385,23.9285
SS3_MAF_Leo171129_p2_S55,G2M,88188,Mfsd1,7,11,3.922,1.1368,4.2385,23.9285
SS3_MAF_Leo171129_p2_S57,G1,42297,Mfsd1,4,3,3.922,1.1368,4.2385,23.9285
SS3_MAF_Leo171129_p2_S58,G1,55834,Mfsd1,15,4,3.922,1.1368,4.2385,23.9285
SS3_MAF_Leo171129_p2_S59,G1,45969,Mfsd1,7,12,3.922,1.1368,4.2385,23.9285
SS3_MAF_Leo171129_p2_S5,G2M,34433,Mfsd1,12,7,3.922,1.1368,4.2385,23.9285
SS3_MAF_Leo171129_p2_S61,G1,20315,Mfsd1,7,6,3.922,1.1368,4.2385,23.9285
SS3_MAF_Leo171129_p2_S62,G1,20928,Mfsd1,2,0,3.922,1.1368,4.2385,23.9285
SS3_MAF_Leo171129_p2_S64,G1,100938,Mfsd1,5,5,3.922,1.1368,4.2385,23.9285
SS3_MAF_Leo171129_p2_S65,G1,52328,Mfsd1,11,25,3.922,1.1368,4.2385,23.9285
SS3_MAF_Leo171129_p2_S66,G1,67878,Mfsd1,3,15,3.922,1.1368,4.2385,23.9285
SS3_MAF_Leo171129_p2_S67,S,68235,Mfsd1,8,9,3.922,1.1368,4.2385,23.9285
SS3_MAF_Leo171129_p2_S68,G1,15259,Mfsd1,0,6,3.922,1.1368,4.2385,23.9285
SS3_MAF_Leo171129_p2_S69,G1,36667,Mfsd1,1,3,3.922,1.1368,4.2385,23.9285
SS3_MAF_Leo171129_p2_S6,G2M,60468,Mfsd1,2,2,3.922,1.1368,4.2385,23.9285
SS3_MAF_Leo171129_p2_S72,G1,18464,Mfsd1,0,0,3.922,1.1368,4.2385,23.9285
SS3_MAF_Leo171129_p2_S73,G1,94179,Mfsd1,20,29,3.922,1.1368,4.2385,23.9285
SS3_MAF_Leo171129_p2_S74,G1,85288,Mfsd1,1,5,3.922,1.1368,4.2385,23.9285
SS3_MAF_Leo171129_p2_S75,G1,53506,Mfsd1,10,8,3.922,1.1368,4.2385,23.9285
SS3_MAF_Leo171129_p2_S76,G2M,60345,Mfsd1,8,5,3.922,1.1368,4.2385,23.9285
SS3_MAF_Leo171129_p2_S77,G1,30764,Mfsd1,4,9,3.922,1.1368,4.2385,23.9285
SS3_MAF_Leo171129_p2_S78,S,64444,Mfsd1,7,7,3.922,1.1368,4.2385,23.9285
SS3_MAF_Leo171129_p2_S79,G1,20086,Mfsd1,5,4,3.922,1.1368,4.2385,23.9285
SS3_MAF_Leo171129_p2_S7,G1,42337,Mfsd1,3,7,3.922,1.1368,4.2385,23.9285
SS3_MAF_Leo171129_p2_S80,S,46988,Mfsd1,0,5,3.922,1.1368,4.2385,23.9285
SS3_MAF_Leo171129_p2_S81,G2M,13199,Mfsd1,0,0,3.922,1.1368,4.2385,23.9285
SS3_MAF_Leo171129_p2_S82,G1,10672,Mfsd1,2,2,3.922,1.1368,4.2385,23.9285
SS3_MAF_Leo171129_p2_S83,G1,62168,Mfsd1,10,12,3.922,1.1368,4.2385,23.9285
SS3_MAF_Leo171129_p2_S84,G1,9220,Mfsd1,3,0,3.922,1.1368,4.2385,23.9285
SS3_MAF_Leo171129_p2_S85,G1,12557,Mfsd1,0,6,3.922,1.1368,4.2385,23.9285
SS3_MAF_Leo171129_p2_S86,S,76694,Mfsd1,11,11,3.922,1.1368,4.2385,23.9285
SS3_MAF_Leo171129_p2_S87,G1,33235,Mfsd1,14,3,3.922,1.1368,4.2385,23.9285
SS3_MAF_Leo171129_p2_S89,G1,128206,Mfsd1,8,5,3.922,1.1368,4.2385,23.9285
SS3_MAF_Leo171129_p2_S8,G1,42290,Mfsd1,11,6,3.922,1.1368,4.2385,23.9285
SS3_MAF_Leo171129_p2_S90,G1,144876,Mfsd1,19,21,3.922,1.1368,4.2385,23.9285
SS3_MAF_Leo171129_p2_S91,G1,95482,Mfsd1,24,12,3.922,1.1368,4.2385,23.9285
SS3_MAF_Leo171129_p2_S92,G1,42727,Mfsd1,7,3,3.922,1.1368,4.2385,23.9285
SS3_MAF_Leo171129_p2_S93,S,50420,Mfsd1,0,1,3.922,1.1368,4.2385,23.9285
SS3_MAF_Leo171129_p2_S94,G2M,49637,Mfsd1,13,8,3.922,1.1368,4.2385,23.9285
SS3_MAF_Leo171129_p2_S9,G2M,77535,Mfsd1,8,16,3.922,1.1368,4.2385,23.9285
SS3_MAF_leo180223_p6_A10_S10,G1,23929,Mfsd1,0,6,3.922,1.1368,4.2385,23.9285
SS3_MAF_leo180223_p6_B01_S13,G1,24789,Mfsd1,0,3,3.922,1.1368,4.2385,23.9285
SS3_MAF_leo180223_p6_A03_S3,G1,36756,Mfsd1,11,3,3.922,1.1368,4.2385,23.9285
SS3_MAF_leo180223_p6_A09_S9,G2M,12578,Mfsd1,3,3,3.922,1.1368,4.2385,23.9285
SS3_MAF_leo180223_p6_B05_S17,G2M,7653,Mfsd1,0,2,3.922,1.1368,4.2385,23.9285
SS3_MAF_leo180223_p6_A01_S1,G1,53431,Mfsd1,0,11,3.922,1.1368,4.2385,23.9285
SS3_MAF_leo180223_p6_A11_S11,G1,30102,Mfsd1,0,4,3.922,1.1368,4.2385,23.9285
SS3_MAF_leo180223_p6_C01_S25,G1,49793,Mfsd1,12,3,3.922,1.1368,4.2385,23.9285
SS3_MAF_leo180223_p6_B02_S14,G1,55296,Mfsd1,11,4,3.922,1.1368,4.2385,23.9285
SS3_MAF_leo180223_p6_A02_S2,S,72303,Mfsd1,14,4,3.922,1.1368,4.2385,23.9285
SS3_MAF_leo180223_p6_A05_S5,G2M,11957,Mfsd1,5,0,3.922,1.1368,4.2385,23.9285
SS3_MAF_leo180223_p6_A07_S7,G1,26205,Mfsd1,2,5,3.922,1.1368,4.2385,23.9285
SS3_MAF_leo180223_p6_A04_S4,G1,42732,Mfsd1,12,11,3.922,1.1368,4.2385,23.9285
SS3_MAF_leo180223_p6_A12_S12,G1,52402,Mfsd1,14,7,3.922,1.1368,4.2385,23.9285
SS3_MAF_leo180223_p6_B04_S16,G1,30714,Mfsd1,4,8,3.922,1.1368,4.2385,23.9285
SS3_MAF_leo180223_p6_A06_S6,G1,57207,Mfsd1,0,6,3.922,1.1368,4.2385,23.9285
SS3_MAF_leo180223_p6_B03_S15,S,61296,Mfsd1,12,17,3.922,1.1368,4.2385,23.9285
SS3_MAF_leo180223_p6_B10_S22,G1,22876,Mfsd1,0,1,3.922,1.1368,4.2385,23.9285
SS3_MAF_leo180223_p6_C02_S26,G1,65040,Mfsd1,15,12,3.922,1.1368,4.2385,23.9285
SS3_MAF_leo180223_p6_C04_S28,G2M,26058,Mfsd1,3,6,3.922,1.1368,4.2385,23.9285
SS3_MAF_leo180223_p6_B09_S21,G1,37734,Mfsd1,4,1,3.922,1.1368,4.2385,23.9285
SS3_MAF_leo180223_p6_C05_S29,G1,60723,Mfsd1,5,20,3.922,1.1368,4.2385,23.9285
SS3_MAF_leo180223_p6_C11_S35,G1,54024,Mfsd1,11,5,3.922,1.1368,4.2385,23.9285
SS3_MAF_leo180223_p6_C09_S33,G1,53996,Mfsd1,3,7,3.922,1.1368,4.2385,23.9285
SS3_MAF_leo180223_p6_D01_S37,S,55709,Mfsd1,2,8,3.922,1.1368,4.2385,23.9285
SS3_MAF_leo180223_p6_D03_S39,G1,47188,Mfsd1,10,14,3.922,1.1368,4.2385,23.9285
SS3_MAF_leo180223_p6_B11_S23,G1,41554,Mfsd1,6,5,3.922,1.1368,4.2385,23.9285
SS3_MAF_leo180223_p6_D05_S41,G1,29838,Mfsd1,2,6,3.922,1.1368,4.2385,23.9285
SS3_MAF_leo180223_p6_D09_S45,G1,51007,Mfsd1,2,15,3.922,1.1368,4.2385,23.9285
SS3_MAF_leo180223_p6_B07_S19,G1,14673,Mfsd1,0,1,3.922,1.1368,4.2385,23.9285
SS3_MAF_leo180223_p6_E01_S49,G1,58894,Mfsd1,13,11,3.922,1.1368,4.2385,23.9285
SS3_MAF_leo180223_p6_C10_S34,G1,57445,Mfsd1,14,6,3.922,1.1368,4.2385,23.9285
SS3_MAF_leo180223_p6_C12_S36,G1,65159,Mfsd1,8,8,3.922,1.1368,4.2385,23.9285
SS3_MAF_leo180223_p6_C06_S30,S,48635,Mfsd1,2,5,3.922,1.1368,4.2385,23.9285
SS3_MAF_leo180223_p6_D12_S48,G1,7742,Mfsd1,1,0,3.922,1.1368,4.2385,23.9285
SS3_MAF_leo180223_p6_D07_S43,G1,58044,Mfsd1,13,4,3.922,1.1368,4.2385,23.9285
SS3_MAF_leo180223_p6_D04_S40,S,62213,Mfsd1,3,6,3.922,1.1368,4.2385,23.9285
SS3_MAF_leo180223_p6_E07_S55,G1,79485,Mfsd1,5,10,3.922,1.1368,4.2385,23.9285
SS3_MAF_leo180223_p6_D02_S38,G1,54559,Mfsd1,10,7,3.922,1.1368,4.2385,23.9285
SS3_MAF_leo180223_p6_E10_S58,G1,7949,Mfsd1,1,1,3.922,1.1368,4.2385,23.9285
SS3_MAF_leo180223_p6_E05_S53,S,40138,Mfsd1,2,3,3.922,1.1368,4.2385,23.9285
SS3_MAF_leo180223_p6_E03_S51,G1,56996,Mfsd1,6,12,3.922,1.1368,4.2385,23.9285
SS3_MAF_leo180223_p6_E11_S59,G1,29427,Mfsd1,6,7,3.922,1.1368,4.2385,23.9285
SS3_MAF_leo180223_p6_F03_S63,G1,16661,Mfsd1,0,1,3.922,1.1368,4.2385,23.9285
SS3_MAF_leo180223_p6_F07_S67,G1,12997,Mfsd1,6,2,3.922,1.1368,4.2385,23.9285
SS3_MAF_leo180223_p6_D06_S42,G2M,25551,Mfsd1,0,5,3.922,1.1368,4.2385,23.9285
SS3_MAF_leo180223_p6_F10_S70,G1,28264,Mfsd1,0,2,3.922,1.1368,4.2385,23.9285
SS3_MAF_leo180223_p6_G01_S73,G2M,9750,Mfsd1,0,2,3.922,1.1368,4.2385,23.9285
SS3_MAF_leo180223_p6_G05_S77,G2M,16211,Mfsd1,7,0,3.922,1.1368,4.2385,23.9285
SS3_MAF_leo180223_p6_F05_S65,G1,43383,Mfsd1,3,12,3.922,1.1368,4.2385,23.9285
SS3_MAF_leo180223_p6_G03_S75,G1,30248,Mfsd1,4,6,3.922,1.1368,4.2385,23.9285
SS3_MAF_leo180223_p6_E06_S54,G1,15835,Mfsd1,0,0,3.922,1.1368,4.2385,23.9285
SS3_MAF_leo180223_p6_G07_S79,G1,44754,Mfsd1,4,4,3.922,1.1368,4.2385,23.9285
SS3_MAF_leo180223_p6_G09_S81,G1,14370,Mfsd1,8,0,3.922,1.1368,4.2385,23.9285
SS3_MAF_leo180223_p6_G11_S83,S,43335,Mfsd1,1,6,3.922,1.1368,4.2385,23.9285
SS3_MAF_leo180223_p6_D08_S44,G1,11889,Mfsd1,0,0,3.922,1.1368,4.2385,23.9285
SS3_MAF_leo180223_p6_H07_S91,G1,10415,Mfsd1,5,1,3.922,1.1368,4.2385,23.9285
SS3_MAF_leo180223_p6_H09_S93,G1,13994,Mfsd1,5,0,3.922,1.1368,4.2385,23.9285
SS3_MAF_leo180223_p6_H11_S95,G1,17619,Mfsd1,11,10,3.922,1.1368,4.2385,23.9285
SS3_MAF_leo180223_p6_G06_S78,G1,17000,Mfsd1,3,2,3.922,1.1368,4.2385,23.9285
SS3_MAF_leo180223_p6_E12_S60,G1,29942,Mfsd1,1,1,3.922,1.1368,4.2385,23.9285
SS3_MAF_leo180223_p4_S101,S,46504,Mfsd1,3,9,3.922,1.1368,4.2385,23.9285
SS3_MAF_leo180223_p4_S102,G1,28700,Mfsd1,2,2,3.922,1.1368,4.2385,23.9285
SS3_MAF_leo180223_p4_S104,G2M,9443,Mfsd1,5,1,3.922,1.1368,4.2385,23.9285
SS3_MAF_leo180223_p4_S108,G1,8102,Mfsd1,3,0,3.922,1.1368,4.2385,23.9285
SS3_MAF_leo180223_p4_S105,G1,46105,Mfsd1,9,11,3.922,1.1368,4.2385,23.9285
SS3_MAF_leo180223_p4_S106,G1,46823,Mfsd1,1,15,3.922,1.1368,4.2385,23.9285
SS3_MAF_leo180223_p6_D10_S46,G1,15028,Mfsd1,5,3,3.922,1.1368,4.2385,23.9285
SS3_MAF_leo180223_p4_S107,G1,57441,Mfsd1,6,12,3.922,1.1368,4.2385,23.9285
SS3_MAF_leo180223_p6_F06_S66,G1,35862,Mfsd1,2,2,3.922,1.1368,4.2385,23.9285
SS3_MAF_leo180223_p6_E08_S56,G1,19789,Mfsd1,2,0,3.922,1.1368,4.2385,23.9285
SS3_MAF_leo180223_p6_H08_S92,G1,31398,Mfsd1,2,5,3.922,1.1368,4.2385,23.9285
SS3_MAF_leo180223_p6_H10_S94,S,43246,Mfsd1,4,3,3.922,1.1368,4.2385,23.9285
SS3_MAF_leo180223_p4_S109,G1,22942,Mfsd1,3,6,3.922,1.1368,4.2385,23.9285
SS3_MAF_leo180223_p6_G04_S76,G1,14904,Mfsd1,0,1,3.922,1.1368,4.2385,23.9285
SS3_MAF_leo180223_p4_S112,G1,10651,Mfsd1,1,4,3.922,1.1368,4.2385,23.9285
SS3_MAF_leo180223_p4_S111,S,17722,Mfsd1,0,4,3.922,1.1368,4.2385,23.9285
SS3_MAF_leo180223_p4_S113,G1,54566,Mfsd1,5,8,3.922,1.1368,4.2385,23.9285
SS3_MAF_leo180223_p6_E02_S50,G1,56102,Mfsd1,9,10,3.922,1.1368,4.2385,23.9285
SS3_MAF_leo180223_p4_S114,G1,41605,Mfsd1,2,10,3.922,1.1368,4.2385,23.9285
SS3_MAF_leo180223_p4_S115,G1,31806,Mfsd1,3,4,3.922,1.1368,4.2385,23.9285
SS3_MAF_leo180223_p4_S117,G1,33445,Mfsd1,2,6,3.922,1.1368,4.2385,23.9285
SS3_MAF_leo180223_p4_S116,G2M,43218,Mfsd1,0,10,3.922,1.1368,4.2385,23.9285
SS3_MAF_leo180223_p4_S118,G1,39079,Mfsd1,8,5,3.922,1.1368,4.2385,23.9285
SS3_MAF_leo180223_p4_S119,G1,32951,Mfsd1,6,7,3.922,1.1368,4.2385,23.9285
SS3_MAF_leo180223_p4_S123,S,42089,Mfsd1,8,1,3.922,1.1368,4.2385,23.9285
SS3_MAF_leo180223_p4_S121,G1,35385,Mfsd1,5,5,3.922,1.1368,4.2385,23.9285
SS3_MAF_leo180223_p4_S122,G1,48450,Mfsd1,2,1,3.922,1.1368,4.2385,23.9285
SS3_MAF_leo180223_p4_S125,G1,36709,Mfsd1,6,7,3.922,1.1368,4.2385,23.9285
SS3_MAF_leo180223_p4_S126,G1,14776,Mfsd1,2,0,3.922,1.1368,4.2385,23.9285
SS3_MAF_leo180223_p4_S127,G1,30192,Mfsd1,8,5,3.922,1.1368,4.2385,23.9285
SS3_MAF_leo180223_p4_S124,G1,48177,Mfsd1,2,2,3.922,1.1368,4.2385,23.9285
SS3_MAF_leo180223_p4_S129,G1,39617,Mfsd1,3,4,3.922,1.1368,4.2385,23.9285
SS3_MAF_leo180223_p4_S130,G1,30386,Mfsd1,2,1,3.922,1.1368,4.2385,23.9285
SS3_MAF_leo180223_p4_S131,G2M,30460,Mfsd1,4,2,3.922,1.1368,4.2385,23.9285
SS3_MAF_leo180223_p4_S132,G1,38643,Mfsd1,1,2,3.922,1.1368,4.2385,23.9285
SS3_MAF_leo180223_p4_S134,G1,9113,Mfsd1,0,0,3.922,1.1368,4.2385,23.9285
SS3_MAF_leo180223_p4_S133,G1,42441,Mfsd1,8,5,3.922,1.1368,4.2385,23.9285
SS3_MAF_leo180223_p4_S135,G1,17189,Mfsd1,0,1,3.922,1.1368,4.2385,23.9285
SS3_MAF_leo180223_p4_S139,G2M,11145,Mfsd1,3,3,3.922,1.1368,4.2385,23.9285
SS3_MAF_leo180223_p4_S137,S,43012,Mfsd1,0,1,3.922,1.1368,4.2385,23.9285
SS3_MAF_leo180223_p4_S138,G2M,50993,Mfsd1,7,3,3.922,1.1368,4.2385,23.9285
SS3_MAF_leo180223_p4_S140,G1,10911,Mfsd1,2,0,3.922,1.1368,4.2385,23.9285
SS3_MAF_leo180223_p4_S142,G1,13960,Mfsd1,3,1,3.922,1.1368,4.2385,23.9285
SS3_MAF_leo180223_p4_S147,G1,18062,Mfsd1,4,2,3.922,1.1368,4.2385,23.9285
SS3_MAF_leo180223_p4_S97,G1,34429,Mfsd1,3,6,3.922,1.1368,4.2385,23.9285
SS3_MAF_leo180223_p4_S146,S,29223,Mfsd1,2,0,3.922,1.1368,4.2385,23.9285
SS3_MAF_leo180223_p4_S145,G1,40112,Mfsd1,7,4,3.922,1.1368,4.2385,23.9285
SS3_MAF_leo180223_p4_S148,G2M,35298,Mfsd1,5,5,3.922,1.1368,4.2385,23.9285
SS3_MAF_leo180223_p4_S150,G2M,11070,Mfsd1,1,1,3.922,1.1368,4.2385,23.9285
SS3_MAF_leo180223_p4_S149,G1,46283,Mfsd1,6,3,3.922,1.1368,4.2385,23.9285
SS3_MAF_leo180223_p4_S151,G2M,37513,Mfsd1,5,0,3.922,1.1368,4.2385,23.9285
SS3_MAF_leo180223_p4_S153,G1,57674,Mfsd1,6,16,3.922,1.1368,4.2385,23.9285
SS3_MAF_leo180223_p4_S156,G1,20071,Mfsd1,4,2,3.922,1.1368,4.2385,23.9285
SS3_MAF_leo180223_p4_S154,S,55869,Mfsd1,5,7,3.922,1.1368,4.2385,23.9285
SS3_MAF_leo180223_p4_S157,G1,20536,Mfsd1,2,2,3.922,1.1368,4.2385,23.9285
SS3_MAF_leo180223_p4_S159,G1,32667,Mfsd1,2,5,3.922,1.1368,4.2385,23.9285
SS3_MAF_leo180223_p4_S158,G2M,48866,Mfsd1,5,5,3.922,1.1368,4.2385,23.9285
SS3_MAF_leo180223_p4_S161,S,44634,Mfsd1,0,3,3.922,1.1368,4.2385,23.9285
SS3_MAF_leo180223_p4_S160,G1,25072,Mfsd1,2,3,3.922,1.1368,4.2385,23.9285
SS3_MAF_leo180223_p4_S162,G1,36811,Mfsd1,8,4,3.922,1.1368,4.2385,23.9285
SS3_MAF_leo180223_p4_S164,G1,43467,Mfsd1,2,4,3.922,1.1368,4.2385,23.9285
SS3_MAF_leo180223_p4_S166,S,28129,Mfsd1,1,8,3.922,1.1368,4.2385,23.9285
SS3_MAF_leo180223_p4_S167,G1,26371,Mfsd1,5,4,3.922,1.1368,4.2385,23.9285
SS3_MAF_leo180223_p4_S169,G1,34158,Mfsd1,2,3,3.922,1.1368,4.2385,23.9285
SS3_MAF_leo180223_p4_S165,G1,39578,Mfsd1,7,7,3.922,1.1368,4.2385,23.9285
SS3_MAF_leo180223_p4_S173,G1,19064,Mfsd1,1,3,3.922,1.1368,4.2385,23.9285
SS3_MAF_leo180223_p4_S170,G1,51247,Mfsd1,5,8,3.922,1.1368,4.2385,23.9285
SS3_MAF_leo180223_p4_S171,S,67232,Mfsd1,4,2,3.922,1.1368,4.2385,23.9285
SS3_MAF_leo180223_p4_S177,S,44173,Mfsd1,3,4,3.922,1.1368,4.2385,23.9285
SS3_MAF_leo180223_p4_S174,G1,31352,Mfsd1,3,9,3.922,1.1368,4.2385,23.9285
SS3_MAF_leo180223_p4_S180,G1,16181,Mfsd1,0,1,3.922,1.1368,4.2385,23.9285
SS3_MAF_leo180223_p4_S176,G1,20544,Mfsd1,3,2,3.922,1.1368,4.2385,23.9285
SS3_MAF_leo180223_p4_S179,G1,32343,Mfsd1,7,2,3.922,1.1368,4.2385,23.9285
SS3_MAF_leo180223_p4_S178,S,57266,Mfsd1,4,6,3.922,1.1368,4.2385,23.9285
SS3_MAF_leo180223_p4_S181,G1,25042,Mfsd1,5,1,3.922,1.1368,4.2385,23.9285
SS3_MAF_leo180223_p4_S183,G1,33832,Mfsd1,2,6,3.922,1.1368,4.2385,23.9285
SS3_MAF_leo180223_p4_S182,G1,52029,Mfsd1,14,14,3.922,1.1368,4.2385,23.9285
SS3_MAF_leo180223_p4_S186,S,58004,Mfsd1,5,2,3.922,1.1368,4.2385,23.9285
SS3_MAF_leo180223_p4_S187,G2M,15045,Mfsd1,1,1,3.922,1.1368,4.2385,23.9285
SS3_MAF_leo180223_p4_S191,G2M,11140,Mfsd1,3,0,3.922,1.1368,4.2385,23.9285
SS3_MAF_leo180223_p4_S185,G1,52790,Mfsd1,4,2,3.922,1.1368,4.2385,23.9285
SS3_MAF_leo180223_p4_S189,G1,66797,Mfsd1,3,8,3.922,1.1368,4.2385,23.9285
SS3_MAF_leo180223_p4_S188,G1,51539,Mfsd1,1,3,3.922,1.1368,4.2385,23.9285
SS3_MAF_leo180223_p4_S190,G1,37493,Mfsd1,5,2,3.922,1.1368,4.2385,23.9285
SS3_MAF_leo180223_p4_S98,G1,27030,Mfsd1,6,4,3.922,1.1368,4.2385,23.9285
SS3_MAF_leo180223_p4_S99,G1,22647,Mfsd1,6,1,3.922,1.1368,4.2385,23.9285
SS3_MAF_Leo171129_p2_S10,G1,39310,Fyttd1,1,0,4.255,0.7242,2.1181,6.5571
SS3_MAF_Leo171129_p2_S12,G1,46976,Fyttd1,0,1,4.255,0.7242,2.1181,6.5571
SS3_MAF_Leo171129_p2_S13,G1,43893,Fyttd1,0,4,4.255,0.7242,2.1181,6.5571
SS3_MAF_Leo171129_p2_S14,G1,39959,Fyttd1,,,4.255,0.7242,2.1181,6.5571
SS3_MAF_Leo171129_p2_S16,G1,41170,Fyttd1,0,4,4.255,0.7242,2.1181,6.5571
SS3_MAF_Leo171129_p2_S17,G1,117795,Fyttd1,4,7,4.255,0.7242,2.1181,6.5571
SS3_MAF_Leo171129_p2_S18,S,79991,Fyttd1,,,4.255,0.7242,2.1181,6.5571
SS3_MAF_Leo171129_p2_S19,G1,63056,Fyttd1,0,1,4.255,0.7242,2.1181,6.5571
SS3_MAF_Leo171129_p2_S1,G2M,48601,Fyttd1,2,0,4.255,0.7242,2.1181,6.5571
SS3_MAF_Leo171129_p2_S20,G1,70834,Fyttd1,6,2,4.255,0.7242,2.1181,6.5571
SS3_MAF_Leo171129_p2_S21,G1,75490,Fyttd1,1,0,4.255,0.7242,2.1181,6.5571
SS3_MAF_Leo171129_p2_S22,G2M,33098,Fyttd1,1,0,4.255,0.7242,2.1181,6.5571
SS3_MAF_Leo171129_p2_S23,G1,36429,Fyttd1,0,2,4.255,0.7242,2.1181,6.5571
SS3_MAF_Leo171129_p2_S24,G1,29297,Fyttd1,0,3,4.255,0.7242,2.1181,6.5571
SS3_MAF_Leo171129_p2_S25,G1,77970,Fyttd1,5,0,4.255,0.7242,2.1181,6.5571
SS3_MAF_Leo171129_p2_S26,G2M,42619,Fyttd1,4,0,4.255,0.7242,2.1181,6.5571
SS3_MAF_Leo171129_p2_S27,G1,8122,Fyttd1,0,0,4.255,0.7242,2.1181,6.5571
SS3_MAF_Leo171129_p2_S28,G2M,16215,Fyttd1,,,4.255,0.7242,2.1181,6.5571
SS3_MAF_Leo171129_p2_S2,S,34219,Fyttd1,9,1,4.255,0.7242,2.1181,6.5571
SS3_MAF_Leo171129_p2_S30,G2M,10030,Fyttd1,1,0,4.255,0.7242,2.1181,6.5571
SS3_MAF_Leo171129_p2_S31,G1,50024,Fyttd1,1,7,4.255,0.7242,2.1181,6.5571
SS3_MAF_Leo171129_p2_S32,G2M,51366,Fyttd1,3,1,4.255,0.7242,2.1181,6.5571
SS3_MAF_Leo171129_p2_S33,G1,64228,Fyttd1,0,2,4.255,0.7242,2.1181,6.5571
SS3_MAF_Leo171129_p2_S34,G1,38195,Fyttd1,0,0,4.255,0.7242,2.1181,6.5571
SS3_MAF_Leo171129_p2_S37,G1,13225,Fyttd1,,,4.255,0.7242,2.1181,6.5571
SS3_MAF_Leo171129_p2_S3,G1,55963,Fyttd1,9,0,4.255,0.7242,2.1181,6.5571
SS3_MAF_Leo171129_p2_S41,G1,108019,Fyttd1,6,4,4.255,0.7242,2.1181,6.5571
SS3_MAF_Leo171129_p2_S42,G1,65018,Fyttd1,0,5,4.255,0.7242,2.1181,6.5571
SS3_MAF_Leo171129_p2_S43,G1,64740,Fyttd1,3,0,4.255,0.7242,2.1181,6.5571
SS3_MAF_Leo171129_p2_S44,G1,37365,Fyttd1,0,0,4.255,0.7242,2.1181,6.5571
SS3_MAF_Leo171129_p2_S45,S,66369,Fyttd1,5,4,4.255,0.7242,2.1181,6.5571
SS3_MAF_Leo171129_p2_S47,G1,47781,Fyttd1,,,4.255,0.7242,2.1181,6.5571
SS3_MAF_Leo171129_p2_S48,G1,51270,Fyttd1,5,3,4.255,0.7242,2.1181,6.5571
SS3_MAF_Leo171129_p2_S49,G1,30770,Fyttd1,0,0,4.255,0.7242,2.1181,6.5571
SS3_MAF_Leo171129_p2_S4,G1,39611,Fyttd1,5,0,4.255,0.7242,2.1181,6.5571
SS3_MAF_Leo171129_p2_S50,G1,57440,Fyttd1,7,0,4.255,0.7242,2.1181,6.5571
SS3_MAF_Leo171129_p2_S52,G1,21457,Fyttd1,2,0,4.255,0.7242,2.1181,6.5571
SS3_MAF_Leo171129_p2_S53,G1,80336,Fyttd1,7,2,4.255,0.7242,2.1181,6.5571
SS3_MAF_Leo171129_p2_S55,G2M,88188,Fyttd1,1,8,4.255,0.7242,2.1181,6.5571
SS3_MAF_Leo171129_p2_S57,G1,42297,Fyttd1,1,1,4.255,0.7242,2.1181,6.5571
SS3_MAF_Leo171129_p2_S58,G1,55834,Fyttd1,,,4.255,0.7242,2.1181,6.5571
SS3_MAF_Leo171129_p2_S59,G1,45969,Fyttd1,4,0,4.255,0.7242,2.1181,6.5571
SS3_MAF_Leo171129_p2_S5,G2M,34433,Fyttd1,5,0,4.255,0.7242,2.1181,6.5571
SS3_MAF_Leo171129_p2_S61,G1,20315,Fyttd1,0,1,4.255,0.7242,2.1181,6.5571
SS3_MAF_Leo171129_p2_S62,G1,20928,Fyttd1,6,6,4.255,0.7242,2.1181,6.5571
SS3_MAF_Leo171129_p2_S64,G1,100938,Fyttd1,3,6,4.255,0.7242,2.1181,6.5571
SS3_MAF_Leo171129_p2_S65,G1,52328,Fyttd1,0,0,4.255,0.7242,2.1181,6.5571
SS3_MAF_Leo171129_p2_S66,G1,67878,Fyttd1,0,5,4.255,0.7242,2.1181,6.5571
SS3_MAF_Leo171129_p2_S67,S,68235,Fyttd1,1,8,4.255,0.7242,2.1181,6.5571
SS3_MAF_Leo171129_p2_S68,G1,15259,Fyttd1,1,1,4.255,0.7242,2.1181,6.5571
SS3_MAF_Leo171129_p2_S69,G1,36667,Fyttd1,4,0,4.255,0.7242,2.1181,6.5571
SS3_MAF_Leo171129_p2_S6,G2M,60468,Fyttd1,0,2,4.255,0.7242,2.1181,6.5571
SS3_MAF_Leo171129_p2_S72,G1,18464,Fyttd1,0,1,4.255,0.7242,2.1181,6.5571
SS3_MAF_Leo171129_p2_S73,G1,94179,Fyttd1,3,2,4.255,0.7242,2.1181,6.5571
SS3_MAF_Leo171129_p2_S74,G1,85288,Fyttd1,0,2,4.255,0.7242,2.1181,6.5571
SS3_MAF_Leo171129_p2_S75,G1,53506,Fyttd1,0,8,4.255,0.7242,2.1181,6.5571
SS3_MAF_Leo171129_p2_S76,G2M,60345,Fyttd1,2,1,4.255,0.7242,2.1181,6.5571
SS3_MAF_Leo171129_p2_S77,G1,30764,Fyttd1,1,4,4.255,0.7242,2.1181,6.5571
SS3_MAF_Leo171129_p2_S78,S,64444,Fyttd1,2,3,4.255,0.7242,2.1181,6.5571
SS3_MAF_Leo171129_p2_S79,G1,20086,Fyttd1,,,4.255,0.7242,2.1181,6.5571
SS3_MAF_Leo171129_p2_S7,G1,42337,Fyttd1,2,0,4.255,0.7242,2.1181,6.5571
SS3_MAF_Leo171129_p2_S80,S,46988,Fyttd1,2,1,4.255,0.7242,2.1181,6.5571
SS3_MAF_Leo171129_p2_S81,G2M,13199,Fyttd1,,,4.255,0.7242,2.1181,6.5571
SS3_MAF_Leo171129_p2_S82,G1,10672,Fyttd1,0,0,4.255,0.7242,2.1181,6.5571
SS3_MAF_Leo171129_p2_S83,G1,62168,Fyttd1,2,1,4.255,0.7242,2.1181,6.5571
SS3_MAF_Leo171129_p2_S84,G1,9220,Fyttd1,2,0,4.255,0.7242,2.1181,6.5571
SS3_MAF_Leo171129_p2_S85,G1,12557,Fyttd1,0,0,4.255,0.7242,2.1181,6.5571
SS3_MAF_Leo171129_p2_S86,S,76694,Fyttd1,,,4.255,0.7242,2.1181,6.5571
SS3_MAF_Leo171129_p2_S87,G1,33235,Fyttd1,,,4.255,0.7242,2.1181,6.5571
SS3_MAF_Leo171129_p2_S89,G1,128206,Fyttd1,0,2,4.255,0.7242,2.1181,6.5571
SS3_MAF_Leo171129_p2_S8,G1,42290,Fyttd1,2,2,4.255,0.7242,2.1181,6.5571
SS3_MAF_Leo171129_p2_S90,G1,144876,Fyttd1,0,8,4.255,0.7242,2.1181,6.5571
SS3_MAF_Leo171129_p2_S91,G1,95482,Fyttd1,8,2,4.255,0.7242,2.1181,6.5571
SS3_MAF_Leo171129_p2_S92,G1,42727,Fyttd1,1,1,4.255,0.7242,2.1181,6.5571
SS3_MAF_Leo171129_p2_S93,S,50420,Fyttd1,0,5,4.255,0.7242,2.1181,6.5571
SS3_MAF_Leo171129_p2_S94,G2M,49637,Fyttd1,3,1,4.255,0.7242,2.1181,6.5571
SS3_MAF_Leo171129_p2_S9,G2M,77535,Fyttd1,6,3,4.255,0.7242,2.1181,6.5571
SS3_MAF_leo180223_p6_A10_S10,G1,23929,Fyttd1,0,3,4.255,0.7242,2.1181,6.5571
SS3_MAF_leo180223_p6_B01_S13,G1,24789,Fyttd1,0,5,4.255,0.7242,2.1181,6.5571
SS3_MAF_leo180223_p6_A03_S3,G1,36756,Fyttd1,1,0,4.255,0.7242,2.1181,6.5571
SS3_MAF_leo180223_p6_A09_S9,G2M,12578,Fyttd1,0,0,4.255,0.7242,2.1181,6.5571
SS3_MAF_leo180223_p6_B05_S17,G2M,7653,Fyttd1,0,0,4.255,0.7242,2.1181,6.5571
SS3_MAF_leo180223_p6_A01_S1,G1,53431,Fyttd1,1,2,4.255,0.7242,2.1181,6.5571
SS3_MAF_leo180223_p6_A11_S11,G1,30102,Fyttd1,1,3,4.255,0.7242,2.1181,6.5571
SS3_MAF_leo180223_p6_C01_S25,G1,49793,Fyttd1,2,0,4.255,0.7242,2.1181,6.5571
SS3_MAF_leo180223_p6_B02_S14,G1,55296,Fyttd1,2,1,4.255,0.7242,2.1181,6.5571
SS3_MAF_leo180223_p6_A02_S2,S,72303,Fyttd1,5,1,4.255,0.7242,2.1181,6.5571
SS3_MAF_leo180223_p6_A05_S5,G2M,11957,Fyttd1,1,0,4.255,0.7242,2.1181,6.5571
SS3_MAF_leo180223_p6_A07_S7,G1,26205,Fyttd1,2,0,4.255,0.7242,2.1181,6.5571
SS3_MAF_leo180223_p6_A04_S4,G1,42732,Fyttd1,2,0,4.255,0.7242,2.1181,6.5571
SS3_MAF_leo180223_p6_A12_S12,G1,52402,Fyttd1,1,1,4.255,0.7242,2.1181,6.5571
SS3_MAF_leo180223_p6_B04_S16,G1,30714,Fyttd1,0,12,4.255,0.7242,2.1181,6.5571
SS3_MAF_leo180223_p6_A06_S6,G1,57207,Fyttd1,2,1,4.255,0.7242,2.1181,6.5571
SS3_MAF_leo180223_p6_B03_S15,S,61296,Fyttd1,1,1,4.255,0.7242,2.1181,6.5571
SS3_MAF_leo180223_p6_B10_S22,G1,22876,Fyttd1,0,2,4.255,0.7242,2.1181,6.5571
SS3_MAF_leo180223_p6_C02_S26,G1,65040,Fyttd1,4,8,4.255,0.7242,2.1181,6.5571
SS3_MAF_leo180223_p6_C04_S28,G2M,26058,Fyttd1,0,4,4.255,0.7242,2.1181,6.5571
SS3_MAF_leo180223_p6_B09_S21,G1,37734,Fyttd1,5,1,4.255,0.7242,2.1181,6.5571
SS3_MAF_leo180223_p6_C05_S29,G1,60723,Fyttd1,3,2,4.255,0.7242,2.1181,6.5571
SS3_MAF_leo180223_p6_C11_S35,G1,54024,Fyttd1,3,5,4.255,0.7242,2.1181,6.5571
SS3_MAF_leo180223_p6_C09_S33,G1,53996,Fyttd1,1,1,4.255,0.7242,2.1181,6.5571
SS3_MAF_leo180223_p6_D01_S37,S,55709,Fyttd1,1,1,4.255,0.7242,2.1181,6.5571
SS3_MAF_leo180223_p6_D03_S39,G1,47188,Fyttd1,0,2,4.255,0.7242,2.1181,6.5571
SS3_MAF_leo180223_p6_B11_S23,G1,41554,Fyttd1,5,2,4.255,0.7242,2.1181,6.5571
SS3_MAF_leo180223_p6_D05_S41,G1,29838,Fyttd1,3,3,4.255,0.7242,2.1181,6.5571
SS3_MAF_leo180223_p6_D09_S45,G1,51007,Fyttd1,1,1,4.255,0.7242,2.1181,6.5571
SS3_MAF_leo180223_p6_B07_S19,G1,14673,Fyttd1,0,3,4.255,0.7242,2.1181,6.5571
SS3_MAF_leo180223_p6_E01_S49,G1,58894,Fyttd1,2,1,4.255,0.7242,2.1181,6.5571
SS3_MAF_leo180223_p6_C10_S34,G1,57445,Fyttd1,4,1,4.255,0.7242,2.1181,6.5571
SS3_MAF_leo180223_p6_C12_S36,G1,65159,Fyttd1,1,5,4.255,0.7242,2.1181,6.5571
SS3_MAF_leo180223_p6_C06_S30,S,48635,Fyttd1,1,2,4.255,0.7242,2.1181,6.5571
SS3_MAF_leo180223_p6_D12_S48,G1,7742,Fyttd1,3,0,4.255,0.7242,2.1181,6.5571
SS3_MAF_leo180223_p6_D07_S43,G1,58044,Fyttd1,0,1,4.255,0.7242,2.1181,6.5571
SS3_MAF_leo180223_p6_D04_S40,S,62213,Fyttd1,2,3,4.255,0.7242,2.1181,6.5571
SS3_MAF_leo180223_p6_E07_S55,G1,79485,Fyttd1,1,1,4.255,0.7242,2.1181,6.5571
SS3_MAF_leo180223_p6_D02_S38,G1,54559,Fyttd1,2,3,4.255,0.7242,2.1181,6.5571
SS3_MAF_leo180223_p6_E10_S58,G1,7949,Fyttd1,0,0,4.255,0.7242,2.1181,6.5571
SS3_MAF_leo180223_p6_E05_S53,S,40138,Fyttd1,3,0,4.255,0.7242,2.1181,6.5571
SS3_MAF_leo180223_p6_E03_S51,G1,56996,Fyttd1,1,4,4.255,0.7242,2.1181,6.5571
SS3_MAF_leo180223_p6_E11_S59,G1,29427,Fyttd1,0,2,4.255,0.7242,2.1181,6.5571
SS3_MAF_leo180223_p6_F03_S63,G1,16661,Fyttd1,0,0,4.255,0.7242,2.1181,6.5571
SS3_MAF_leo180223_p6_F07_S67,G1,12997,Fyttd1,0,0,4.255,0.7242,2.1181,6.5571
SS3_MAF_leo180223_p6_D06_S42,G2M,25551,Fyttd1,0,1,4.255,0.7242,2.1181,6.5571
SS3_MAF_leo180223_p6_F10_S70,G1,28264,Fyttd1,4,0,4.255,0.7242,2.1181,6.5571
SS3_MAF_leo180223_p6_G01_S73,G2M,9750,Fyttd1,0,0,4.255,0.7242,2.1181,6.5571
SS3_MAF_leo180223_p6_G05_S77,G2M,16211,Fyttd1,0,0,4.255,0.7242,2.1181,6.5571
SS3_MAF_leo180223_p6_F05_S65,G1,43383,Fyttd1,0,4,4.255,0.7242,2.1181,6.5571
SS3_MAF_leo180223_p6_G03_S75,G1,30248,Fyttd1,1,2,4.255,0.7242,2.1181,6.5571
SS3_MAF_leo180223_p6_E06_S54,G1,15835,Fyttd1,0,0,4.255,0.7242,2.1181,6.5571
SS3_MAF_leo180223_p6_G07_S79,G1,44754,Fyttd1,2,2,4.255,0.7242,2.1181,6.5571
SS3_MAF_leo180223_p6_G09_S81,G1,14370,Fyttd1,2,0,4.255,0.7242,2.1181,6.5571
SS3_MAF_leo180223_p6_G11_S83,S,43335,Fyttd1,4,0,4.255,0.7242,2.1181,6.5571
SS3_MAF_leo180223_p6_D08_S44,G1,11889,Fyttd1,,,4.255,0.7242,2.1181,6.5571
SS3_MAF_leo180223_p6_H07_S91,G1,10415,Fyttd1,1,1,4.255,0.7242,2.1181,6.5571
SS3_MAF_leo180223_p6_H09_S93,G1,13994,Fyttd1,2,0,4.255,0.7242,2.1181,6.5571
SS3_MAF_leo180223_p6_H11_S95,G1,17619,Fyttd1,0,1,4.255,0.7242,2.1181,6.5571
SS3_MAF_leo180223_p6_G06_S78,G1,17000,Fyttd1,0,0,4.255,0.7242,2.1181,6.5571
SS3_MAF_leo180223_p6_E12_S60,G1,29942,Fyttd1,2,2,4.255,0.7242,2.1181,6.5571
SS3_MAF_leo180223_p4_S101,S,46504,Fyttd1,6,0,4.255,0.7242,2.1181,6.5571
SS3_MAF_leo180223_p4_S102,G1,28700,Fyttd1,0,4,4.255,0.7242,2.1181,6.5571
SS3_MAF_leo180223_p4_S104,G2M,9443,Fyttd1,1,0,4.255,0.7242,2.1181,6.5571
SS3_MAF_leo180223_p4_S108,G1,8102,Fyttd1,0,0,4.255,0.7242,2.1181,6.5571
SS3_MAF_leo180223_p4_S105,G1,46105,Fyttd1,3,1,4.255,0.7242,2.1181,6.5571
SS3_MAF_leo180223_p4_S106,G1,46823,Fyttd1,0,1,4.255,0.7242,2.1181,6.5571
SS3_MAF_leo180223_p6_D10_S46,G1,15028,Fyttd1,0,3,4.255,0.7242,2.1181,6.5571
SS3_MAF_leo180223_p4_S107,G1,57441,Fyttd1,2,1,4.255,0.7242,2.1181,6.5571
SS3_MAF_leo180223_p6_F06_S66,G1,35862,Fyttd1,3,0,4.255,0.7242,2.1181,6.5571
SS3_MAF_leo180223_p6_E08_S56,G1,19789,Fyttd1,1,0,4.255,0.7242,2.1181,6.5571
SS3_MAF_leo180223_p6_H08_S92,G1,31398,Fyttd1,1,3,4.255,0.7242,2.1181,6.5571
SS3_MAF_leo180223_p6_H10_S94,S,43246,Fyttd1,3,1,4.255,0.7242,2.1181,6.5571
SS3_MAF_leo180223_p4_S109,G1,22942,Fyttd1,1,0,4.255,0.7242,2.1181,6.5571
SS3_MAF_leo180223_p6_G04_S76,G1,14904,Fyttd1,0,0,4.255,0.7242,2.1181,6.5571
SS3_MAF_leo180223_p4_S112,G1,10651,Fyttd1,0,0,4.255,0.7242,2.1181,6.5571
SS3_MAF_leo180223_p4_S111,S,17722,Fyttd1,1,2,4.255,0.7242,2.1181,6.5571
SS3_MAF_leo180223_p4_S113,G1,54566,Fyttd1,2,0,4.255,0.7242,2.1181,6.5571
SS3_MAF_leo180223_p6_E02_S50,G1,56102,Fyttd1,4,3,4.255,0.7242,2.1181,6.5571
SS3_MAF_leo180223_p4_S114,G1,41605,Fyttd1,6,3,4.255,0.7242,2.1181,6.5571
SS3_MAF_leo180223_p4_S115,G1,31806,Fyttd1,3,1,4.255,0.7242,2.1181,6.5571
SS3_MAF_leo180223_p4_S117,G1,33445,Fyttd1,2,2,4.255,0.7242,2.1181,6.5571
SS3_MAF_leo180223_p4_S116,G2M,43218,Fyttd1,1,3,4.255,0.7242,2.1181,6.5571
SS3_MAF_leo180223_p4_S118,G1,39079,Fyttd1,0,3,4.255,0.7242,2.1181,6.5571
SS3_MAF_leo180223_p4_S119,G1,32951,Fyttd1,1,1,4.255,0.7242,2.1181,6.5571
SS3_MAF_leo180223_p4_S123,S,42089,Fyttd1,1,4,4.255,0.7242,2.1181,6.5571
SS3_MAF_leo180223_p4_S121,G1,35385,Fyttd1,0,1,4.255,0.7242,2.1181,6.5571
SS3_MAF_leo180223_p4_S122,G1,48450,Fyttd1,4,1,4.255,0.7242,2.1181,6.5571
SS3_MAF_leo180223_p4_S125,G1,36709,Fyttd1,4,2,4.255,0.7242,2.1181,6.5571
SS3_MAF_leo180223_p4_S126,G1,14776,Fyttd1,0,1,4.255,0.7242,2.1181,6.5571
SS3_MAF_leo180223_p4_S127,G1,30192,Fyttd1,1,3,4.255,0.7242,2.1181,6.5571
SS3_MAF_leo180223_p4_S124,G1,48177,Fyttd1,0,3,4.255,0.7242,2.1181,6.5571
SS3_MAF_leo180223_p4_S129,G1,39617,Fyttd1,1,3,4.255,0.7242,2.1181,6.5571
SS3_MAF_leo180223_p4_S130,G1,30386,Fyttd1,2,2,4.255,0.7242,2.1181,6.5571
SS3_MAF_leo180223_p4_S131,G2M,30460,Fyttd1,1,1,4.255,0.7242,2.1181,6.5571
SS3_MAF_leo180223_p4_S132,G1,38643,Fyttd1,3,3,4.255,0.7242,2.1181,6.5571
SS3_MAF_leo180223_p4_S134,G1,9113,Fyttd1,0,0,4.255,0.7242,2.1181,6.5571
SS3_MAF_leo180223_p4_S133,G1,42441,Fyttd1,1,2,4.255,0.7242,2.1181,6.5571
SS3_MAF_leo180223_p4_S135,G1,17189,Fyttd1,4,0,4.255,0.7242,2.1181,6.5571
SS3_MAF_leo180223_p4_S139,G2M,11145,Fyttd1,0,0,4.255,0.7242,2.1181,6.5571
SS3_MAF_leo180223_p4_S137,S,43012,Fyttd1,0,1,4.255,0.7242,2.1181,6.5571
SS3_MAF_leo180223_p4_S138,G2M,50993,Fyttd1,0,3,4.255,0.7242,2.1181,6.5571
SS3_MAF_leo180223_p4_S140,G1,10911,Fyttd1,0,0,4.255,0.7242,2.1181,6.5571
SS3_MAF_leo180223_p4_S142,G1,13960,Fyttd1,0,0,4.255,0.7242,2.1181,6.5571
SS3_MAF_leo180223_p4_S147,G1,18062,Fyttd1,1,1,4.255,0.7242,2.1181,6.5571
SS3_MAF_leo180223_p4_S97,G1,34429,Fyttd1,0,2,4.255,0.7242,2.1181,6.5571
SS3_MAF_leo180223_p4_S146,S,29223,Fyttd1,,,4.255,0.7242,2.1181,6.5571
SS3_MAF_leo180223_p4_S145,G1,40112,Fyttd1,0,0,4.255,0.7242,2.1181,6.5571
SS3_MAF_leo180223_p4_S148,G2M,35298,Fyttd1,2,0,4.255,0.7242,2.1181,6.5571
SS3_MAF_leo180223_p4_S150,G2M,11070,Fyttd1,,,4.255,0.7242,2.1181,6.5571
SS3_MAF_leo180223_p4_S149,G1,46283,Fyttd1,2,2,4.255,0.7242,2.1181,6.5571
SS3_MAF_leo180223_p4_S151,G2M,37513,Fyttd1,2,3,4.255,0.7242,2.1181,6.5571
SS3_MAF_leo180223_p4_S153,G1,57674,Fyttd1,1,2,4.255,0.7242,2.1181,6.5571
SS3_MAF_leo180223_p4_S156,G1,20071,Fyttd1,1,1,4.255,0.7242,2.1181,6.5571
SS3_MAF_leo180223_p4_S154,S,55869,Fyttd1,0,0,4.255,0.7242,2.1181,6.5571
SS3_MAF_leo180223_p4_S157,G1,20536,Fyttd1,1,0,4.255,0.7242,2.1181,6.5571
SS3_MAF_leo180223_p4_S159,G1,32667,Fyttd1,3,2,4.255,0.7242,2.1181,6.5571
SS3_MAF_leo180223_p4_S158,G2M,48866,Fyttd1,4,2,4.255,0.7242,2.1181,6.5571
SS3_MAF_leo180223_p4_S161,S,44634,Fyttd1,3,3,4.255,0.7242,2.1181,6.5571
SS3_MAF_leo180223_p4_S160,G1,25072,Fyttd1,1,2,4.255,0.7242,2.1181,6.5571
SS3_MAF_leo180223_p4_S162,G1,36811,Fyttd1,0,3,4.255,0.7242,2.1181,6.5571
SS3_MAF_leo180223_p4_S164,G1,43467,Fyttd1,1,8,4.255,0.7242,2.1181,6.5571
SS3_MAF_leo180223_p4_S166,S,28129,Fyttd1,0,0,4.255,0.7242,2.1181,6.5571
SS3_MAF_leo180223_p4_S167,G1,26371,Fyttd1,2,0,4.255,0.7242,2.1181,6.5571
SS3_MAF_leo180223_p4_S169,G1,34158,Fyttd1,0,1,4.255,0.7242,2.1181,6.5571
SS3_MAF_leo180223_p4_S165,G1,39578,Fyttd1,0,4,4.255,0.7242,2.1181,6.5571
SS3_MAF_leo180223_p4_S173,G1,19064,Fyttd1,0,0,4.255,0.7242,2.1181,6.5571
SS3_MAF_leo180223_p4_S170,G1,51247,Fyttd1,1,5,4.255,0.7242,2.1181,6.5571
SS3_MAF_leo180223_p4_S171,S,67232,Fyttd1,3,0,4.255,0.7242,2.1181,6.5571
SS3_MAF_leo180223_p4_S177,S,44173,Fyttd1,0,4,4.255,0.7242,2.1181,6.5571
SS3_MAF_leo180223_p4_S174,G1,31352,Fyttd1,0,1,4.255,0.7242,2.1181,6.5571
SS3_MAF_leo180223_p4_S180,G1,16181,Fyttd1,4,0,4.255,0.7242,2.1181,6.5571
SS3_MAF_leo180223_p4_S176,G1,20544,Fyttd1,0,1,4.255,0.7242,2.1181,6.5571
SS3_MAF_leo180223_p4_S179,G1,32343,Fyttd1,1,0,4.255,0.7242,2.1181,6.5571
SS3_MAF_leo180223_p4_S178,S,57266,Fyttd1,2,0,4.255,0.7242,2.1181,6.5571
SS3_MAF_leo180223_p4_S181,G1,25042,Fyttd1,0,1,4.255,0.7242,2.1181,6.5571
SS3_MAF_leo180223_p4_S183,G1,33832,Fyttd1,0,2,4.255,0.7242,2.1181,6.5571
SS3_MAF_leo180223_p4_S182,G1,52029,Fyttd1,6,0,4.255,0.7242,2.1181,6.5571
SS3_MAF_leo180223_p4_S186,S,58004,Fyttd1,6,1,4.255,0.7242,2.1181,6.5571
SS3_MAF_leo180223_p4_S187,G2M,15045,Fyttd1,1,1,4.255,0.7242,2.1181,6.5571
SS3_MAF_leo180223_p4_S191,G2M,11140,Fyttd1,0,1,4.255,0.7242,2.1181,6.5571
SS3_MAF_leo180223_p4_S185,G1,52790,Fyttd1,0,1,4.255,0.7242,2.1181,6.5571
SS3_MAF_leo180223_p4_S189,G1,66797,Fyttd1,,,4.255,0.7242,2.1181,6.5571
SS3_MAF_leo180223_p4_S188,G1,51539,Fyttd1,2,4,4.255,0.7242,2.1181,6.5571
SS3_MAF_leo180223_p4_S190,G1,37493,Fyttd1,2,0,4.255,0.7242,2.1181,6.5571
SS3_MAF_leo180223_p4_S98,G1,27030,Fyttd1,0,0,4.255,0.7242,2.1181,6.5571
SS3_MAF_leo180223_p4_S99,G1,22647,Fyttd1,,,4.255,0.7242,2.1181,6.5571
SS3_MAF_Leo171129_p2_S10,G1,39310,Fkbp9,15,19,6.204,1.0515,2.2025,24.8809
SS3_MAF_Leo171129_p2_S12,G1,46976,Fkbp9,10,7,6.204,1.0515,2.2025,24.8809
SS3_MAF_Leo171129_p2_S13,G1,43893,Fkbp9,12,1,6.204,1.0515,2.2025,24.8809
SS3_MAF_Leo171129_p2_S14,G1,39959,Fkbp9,7,12,6.204,1.0515,2.2025,24.8809
SS3_MAF_Leo171129_p2_S16,G1,41170,Fkbp9,6,11,6.204,1.0515,2.2025,24.8809
SS3_MAF_Leo171129_p2_S17,G1,117795,Fkbp9,17,18,6.204,1.0515,2.2025,24.8809
SS3_MAF_Leo171129_p2_S18,S,79991,Fkbp9,20,12,6.204,1.0515,2.2025,24.8809
SS3_MAF_Leo171129_p2_S19,G1,63056,Fkbp9,19,20,6.204,1.0515,2.2025,24.8809
SS3_MAF_Leo171129_p2_S1,G2M,48601,Fkbp9,6,23,6.204,1.0515,2.2025,24.8809
SS3_MAF_Leo171129_p2_S20,G1,70834,Fkbp9,15,18,6.204,1.0515,2.2025,24.8809
SS3_MAF_Leo171129_p2_S21,G1,75490,Fkbp9,3,10,6.204,1.0515,2.2025,24.8809
SS3_MAF_Leo171129_p2_S22,G2M,33098,Fkbp9,5,4,6.204,1.0515,2.2025,24.8809
SS3_MAF_Leo171129_p2_S23,G1,36429,Fkbp9,9,8,6.204,1.0515,2.2025,24.8809
SS3_MAF_Leo171129_p2_S24,G1,29297,Fkbp9,5,9,6.204,1.0515,2.2025,24.8809
SS3_MAF_Leo171129_p2_S25,G1,77970,Fkbp9,24,19,6.204,1.0515,2.2025,24.8809
SS3_MAF_Leo171129_p2_S26,G2M,42619,Fkbp9,6,19,6.204,1.0515,2.2025,24.8809
SS3_MAF_Leo171129_p2_S27,G1,8122,Fkbp9,3,2,6.204,1.0515,2.2025,24.8809
SS3_MAF_Leo171129_p2_S28,G2M,16215,Fkbp9,3,6,6.204,1.0515,2.2025,24.8809
SS3_MAF_Leo171129_p2_S2,S,34219,Fkbp9,7,7,6.204,1.0515,2.2025,24.8809
SS3_MAF_Leo171129_p2_S30,G2M,10030,Fkbp9,6,0,6.204,1.0515,2.2025,24.8809
SS3_MAF_Leo171129_p2_S31,G1,50024,Fkbp9,17,16,6.204,1.0515,2.2025,24.8809
SS3_MAF_Leo171129_p2_S32,G2M,51366,Fkbp9,12,7,6.204,1.0515,2.2025,24.8809
SS3_MAF_Leo171129_p2_S33,G1,64228,Fkbp9,16,33,6.204,1.0515,2.2025,24.8809
SS3_MAF_Leo171129_p2_S34,G1,38195,Fkbp9,13,10,6.204,1.0515,2.2025,24.8809
SS3_MAF_Leo171129_p2_S37,G1,13225,Fkbp9,1,0,6.204,1.0515,2.2025,24.8809
SS3_MAF_Leo171129_p2_S3,G1,55963,Fkbp9,25,13,6.204,1.0515,2.2025,24.8809
SS3_MAF_Leo171129_p2_S41,G1,108019,Fkbp9,21,28,6.204,1.0515,2.2025,24.8809
SS3_MAF_Leo171129_p2_S42,G1,65018,Fkbp9,26,13,6.204,1.0515,2.2025,24.8809
SS3_MAF_Leo171129_p2_S43,G1,64740,Fkbp9,10,18,6.204,1.0515,2.2025,24.8809
SS3_MAF_Leo171129_p2_S44,G1,37365,Fkbp9,25,10,6.204,1.0515,2.2025,24.8809
SS3_MAF_Leo171129_p2_S45,S,66369,Fkbp9,26,16,6.204,1.0515,2.2025,24.8809
SS3_MAF_Leo171129_p2_S47,G1,47781,Fkbp9,14,10,6.204,1.0515,2.2025,24.8809
SS3_MAF_Leo171129_p2_S48,G1,51270,Fkbp9,9,19,6.204,1.0515,2.2025,24.8809
SS3_MAF_Leo171129_p2_S49,G1,30770,Fkbp9,0,2,6.204,1.0515,2.2025,24.8809
SS3_MAF_Leo171129_p2_S4,G1,39611,Fkbp9,4,6,6.204,1.0515,2.2025,24.8809
SS3_MAF_Leo171129_p2_S50,G1,57440,Fkbp9,11,22,6.204,1.0515,2.2025,24.8809
SS3_MAF_Leo171129_p2_S52,G1,21457,Fkbp9,6,1,6.204,1.0515,2.2025,24.8809
SS3_MAF_Leo171129_p2_S53,G1,80336,Fkbp9,15,22,6.204,1.0515,2.2025,24.8809
SS3_MAF_Leo171129_p2_S55,G2M,88188,Fkbp9,4,21,6.204,1.0515,2.2025,24.8809
SS3_MAF_Leo171129_p2_S57,G1,42297,Fkbp9,11,20,6.204,1.0515,2.2025,24.8809
SS3_MAF_Leo171129_p2_S58,G1,55834,Fkbp9,17,11,6.204,1.0515,2.2025,24.8809
SS3_MAF_Leo171129_p2_S59,G1,45969,Fkbp9,7,13,6.204,1.0515,2.2025,24.8809
SS3_MAF_Leo171129_p2_S5,G2M,34433,Fkbp9,0,10,6.204,1.0515,2.2025,24.8809
SS3_MAF_Leo171129_p2_S61,G1,20315,Fkbp9,7,0,6.204,1.0515,2.2025,24.8809
SS3_MAF_Leo171129_p2_S62,G1,20928,Fkbp9,0,2,6.204,1.0515,2.2025,24.8809
SS3_MAF_Leo171129_p2_S64,G1,100938,Fkbp9,25,29,6.204,1.0515,2.2025,24.8809
SS3_MAF_Leo171129_p2_S65,G1,52328,Fkbp9,10,18,6.204,1.0515,2.2025,24.8809
SS3_MAF_Leo171129_p2_S66,G1,67878,Fkbp9,8,18,6.204,1.0515,2.2025,24.8809
SS3_MAF_Leo171129_p2_S67,S,68235,Fkbp9,16,10,6.204,1.0515,2.2025,24.8809
SS3_MAF_Leo171129_p2_S68,G1,15259,Fkbp9,0,2,6.204,1.0515,2.2025,24.8809
SS3_MAF_Leo171129_p2_S69,G1,36667,Fkbp9,5,6,6.204,1.0515,2.2025,24.8809
SS3_MAF_Leo171129_p2_S6,G2M,60468,Fkbp9,18,16,6.204,1.0515,2.2025,24.8809
SS3_MAF_Leo171129_p2_S72,G1,18464,Fkbp9,0,3,6.204,1.0515,2.2025,24.8809
SS3_MAF_Leo171129_p2_S73,G1,94179,Fkbp9,16,40,6.204,1.0515,2.2025,24.8809
SS3_MAF_Leo171129_p2_S74,G1,85288,Fkbp9,16,22,6.204,1.0515,2.2025,24.8809
SS3_MAF_Leo171129_p2_S75,G1,53506,Fkbp9,12,1,6.204,1.0515,2.2025,24.8809
SS3_MAF_Leo171129_p2_S76,G2M,60345,Fkbp9,5,7,6.204,1.0515,2.2025,24.8809
SS3_MAF_Leo171129_p2_S77,G1,30764,Fkbp9,1,5,6.204,1.0515,2.2025,24.8809
SS3_MAF_Leo171129_p2_S78,S,64444,Fkbp9,0,8,6.204,1.0515,2.2025,24.8809
SS3_MAF_Leo171129_p2_S79,G1,20086,Fkbp9,6,2,6.204,1.0515,2.2025,24.8809
SS3_MAF_Leo171129_p2_S7,G1,42337,Fkbp9,5,9,6.204,1.0515,2.2025,24.8809
SS3_MAF_Leo171129_p2_S80,S,46988,Fkbp9,8,6,6.204,1.0515,2.2025,24.8809
SS3_MAF_Leo171129_p2_S81,G2M,13199,Fkbp9,0,0,6.204,1.0515,2.2025,24.8809
SS3_MAF_Leo171129_p2_S82,G1,10672,Fkbp9,0,10,6.204,1.0515,2.2025,24.8809
SS3_MAF_Leo171129_p2_S83,G1,62168,Fkbp9,12,21,6.204,1.0515,2.2025,24.8809
SS3_MAF_Leo171129_p2_S84,G1,9220,Fkbp9,0,3,6.204,1.0515,2.2025,24.8809
SS3_MAF_Leo171129_p2_S85,G1,12557,Fkbp9,5,3,6.204,1.0515,2.2025,24.8809
SS3_MAF_Leo171129_p2_S86,S,76694,Fkbp9,11,30,6.204,1.0515,2.2025,24.8809
SS3_MAF_Leo171129_p2_S87,G1,33235,Fkbp9,5,11,6.204,1.0515,2.2025,24.8809
SS3_MAF_Leo171129_p2_S89,G1,128206,Fkbp9,18,38,6.204,1.0515,2.2025,24.8809
SS3_MAF_Leo171129_p2_S8,G1,42290,Fkbp9,2,9,6.204,1.0515,2.2025,24.8809
SS3_MAF_Leo171129_p2_S90,G1,144876,Fkbp9,18,41,6.204,1.0515,2.2025,24.8809
SS3_MAF_Leo171129_p2_S91,G1,95482,Fkbp9,21,42,6.204,1.0515,2.2025,24.8809
SS3_MAF_Leo171129_p2_S92,G1,42727,Fkbp9,9,13,6.204,1.0515,2.2025,24.8809
SS3_MAF_Leo171129_p2_S93,S,50420,Fkbp9,9,8,6.204,1.0515,2.2025,24.8809
SS3_MAF_Leo171129_p2_S94,G2M,49637,Fkbp9,6,8,6.204,1.0515,2.2025,24.8809
SS3_MAF_Leo171129_p2_S9,G2M,77535,Fkbp9,21,16,6.204,1.0515,2.2025,24.8809
SS3_MAF_leo180223_p6_A10_S10,G1,23929,Fkbp9,7,5,6.204,1.0515,2.2025,24.8809
SS3_MAF_leo180223_p6_B01_S13,G1,24789,Fkbp9,1,11,6.204,1.0515,2.2025,24.8809
SS3_MAF_leo180223_p6_A03_S3,G1,36756,Fkbp9,4,9,6.204,1.0515,2.2025,24.8809
SS3_MAF_leo180223_p6_A09_S9,G2M,12578,Fkbp9,2,0,6.204,1.0515,2.2025,24.8809
SS3_MAF_leo180223_p6_B05_S17,G2M,7653,Fkbp9,0,2,6.204,1.0515,2.2025,24.8809
SS3_MAF_leo180223_p6_A01_S1,G1,53431,Fkbp9,5,12,6.204,1.0515,2.2025,24.8809
SS3_MAF_leo180223_p6_A11_S11,G1,30102,Fkbp9,3,10,6.204,1.0515,2.2025,24.8809
SS3_MAF_leo180223_p6_C01_S25,G1,49793,Fkbp9,6,21,6.204,1.0515,2.2025,24.8809
SS3_MAF_leo180223_p6_B02_S14,G1,55296,Fkbp9,14,10,6.204,1.0515,2.2025,24.8809
SS3_MAF_leo180223_p6_A02_S2,S,72303,Fkbp9,6,10,6.204,1.0515,2.2025,24.8809
SS3_MAF_leo180223_p6_A05_S5,G2M,11957,Fkbp9,7,3,6.204,1.0515,2.2025,24.8809
SS3_MAF_leo180223_p6_A07_S7,G1,26205,Fkbp9,0,13,6.204,1.0515,2.2025,24.8809
SS3_MAF_leo180223_p6_A04_S4,G1,42732,Fkbp9,4,15,6.204,1.0515,2.2025,24.8809
SS3_MAF_leo180223_p6_A12_S12,G1,52402,Fkbp9,11,19,6.204,1.0515,2.2025,24.8809
SS3_MAF_leo180223_p6_B04_S16,G1,30714,Fkbp9,7,2,6.204,1.0515,2.2025,24.8809
SS3_MAF_leo180223_p6_A06_S6,G1,57207,Fkbp9,6,10,6.204,1.0515,2.2025,24.8809
SS3_MAF_leo180223_p6_B03_S15,S,61296,Fkbp9,13,17,6.204,1.0515,2.2025,24.8809
SS3_MAF_leo180223_p6_B10_S22,G1,22876,Fkbp9,7,1,6.204,1.0515,2.2025,24.8809
SS3_MAF_leo180223_p6_C02_S26,G1,65040,Fkbp9,25,29,6.204,1.0515,2.2025,24.8809
SS3_MAF_leo180223_p6_C04_S28,G2M,26058,Fkbp9,2,2,6.204,1.0515,2.2025,24.8809
SS3_MAF_leo180223_p6_B09_S21,G1,37734,Fkbp9,2,5,6.204,1.0515,2.2025,24.8809
SS3_MAF_leo180223_p6_C05_S29,G1,60723,Fkbp9,4,16,6.204,1.0515,2.2025,24.8809
SS3_MAF_leo180223_p6_C11_S35,G1,54024,Fkbp9,12,23,6.204,1.0515,2.2025,24.8809
SS3_MAF_leo180223_p6_C09_S33,G1,53996,Fkbp9,16,8,6.204,1.0515,2.2025,24.8809
SS3_MAF_leo180223_p6_D01_S37,S,55709,Fkbp9,15,7,6.204,1.0515,2.2025,24.8809
SS3_MAF_leo180223_p6_D03_S39,G1,47188,Fkbp9,18,22,6.204,1.0515,2.2025,24.8809
SS3_MAF_leo180223_p6_B11_S23,G1,41554,Fkbp9,6,11,6.204,1.0515,2.2025,24.8809
SS3_MAF_leo180223_p6_D05_S41,G1,29838,Fkbp9,3,6,6.204,1.0515,2.2025,24.8809
SS3_MAF_leo180223_p6_D09_S45,G1,51007,Fkbp9,8,18,6.204,1.0515,2.2025,24.8809
SS3_MAF_leo180223_p6_B07_S19,G1,14673,Fkbp9,0,4,6.204,1.0515,2.2025,24.8809
SS3_MAF_leo180223_p6_E01_S49,G1,58894,Fkbp9,15,18,6.204,1.0515,2.2025,24.8809
SS3_MAF_leo180223_p6_C10_S34,G1,57445,Fkbp9,8,20,6.204,1.0515,2.2025,24.8809
SS3_MAF_leo180223_p6_C12_S36,G1,65159,Fkbp9,7,8,6.204,1.0515,2.2025,24.8809
SS3_MAF_leo180223_p6_C06_S30,S,48635,Fkbp9,11,8,6.204,1.0515,2.2025,24.8809
SS3_MAF_leo180223_p6_D12_S48,G1,7742,Fkbp9,0,0,6.204,1.0515,2.2025,24.8809
SS3_MAF_leo180223_p6_D07_S43,G1,58044,Fkbp9,6,5,6.204,1.0515,2.2025,24.8809
SS3_MAF_leo180223_p6_D04_S40,S,62213,Fkbp9,9,10,6.204,1.0515,2.2025,24.8809
SS3_MAF_leo180223_p6_E07_S55,G1,79485,Fkbp9,17,22,6.204,1.0515,2.2025,24.8809
SS3_MAF_leo180223_p6_D02_S38,G1,54559,Fkbp9,9,19,6.204,1.0515,2.2025,24.8809
SS3_MAF_leo180223_p6_E10_S58,G1,7949,Fkbp9,0,0,6.204,1.0515,2.2025,24.8809
SS3_MAF_leo180223_p6_E05_S53,S,40138,Fkbp9,5,8,6.204,1.0515,2.2025,24.8809
SS3_MAF_leo180223_p6_E03_S51,G1,56996,Fkbp9,10,19,6.204,1.0515,2.2025,24.8809
SS3_MAF_leo180223_p6_E11_S59,G1,29427,Fkbp9,2,5,6.204,1.0515,2.2025,24.8809
SS3_MAF_leo180223_p6_F03_S63,G1,16661,Fkbp9,6,4,6.204,1.0515,2.2025,24.8809
SS3_MAF_leo180223_p6_F07_S67,G1,12997,Fkbp9,0,2,6.204,1.0515,2.2025,24.8809
SS3_MAF_leo180223_p6_D06_S42,G2M,25551,Fkbp9,0,4,6.204,1.0515,2.2025,24.8809
SS3_MAF_leo180223_p6_F10_S70,G1,28264,Fkbp9,8,5,6.204,1.0515,2.2025,24.8809
SS3_MAF_leo180223_p6_G01_S73,G2M,9750,Fkbp9,3,1,6.204,1.0515,2.2025,24.8809
SS3_MAF_leo180223_p6_G05_S77,G2M,16211,Fkbp9,0,2,6.204,1.0515,2.2025,24.8809
SS3_MAF_leo180223_p6_F05_S65,G1,43383,Fkbp9,11,10,6.204,1.0515,2.2025,24.8809
SS3_MAF_leo180223_p6_G03_S75,G1,30248,Fkbp9,6,6,6.204,1.0515,2.2025,24.8809
SS3_MAF_leo180223_p6_E06_S54,G1,15835,Fkbp9,,,6.204,1.0515,2.2025,24.8809
SS3_MAF_leo180223_p6_G07_S79,G1,44754,Fkbp9,7,8,6.204,1.0515,2.2025,24.8809
SS3_MAF_leo180223_p6_G09_S81,G1,14370,Fkbp9,6,1,6.204,1.0515,2.2025,24.8809
SS3_MAF_leo180223_p6_G11_S83,S,43335,Fkbp9,5,4,6.204,1.0515,2.2025,24.8809
SS3_MAF_leo180223_p6_D08_S44,G1,11889,Fkbp9,,,6.204,1.0515,2.2025,24.8809
SS3_MAF_leo180223_p6_H07_S91,G1,10415,Fkbp9,,,6.204,1.0515,2.2025,24.8809
SS3_MAF_leo180223_p6_H09_S93,G1,13994,Fkbp9,0,5,6.204,1.0515,2.2025,24.8809
SS3_MAF_leo180223_p6_H11_S95,G1,17619,Fkbp9,4,5,6.204,1.0515,2.2025,24.8809
SS3_MAF_leo180223_p6_G06_S78,G1,17000,Fkbp9,1,3,6.204,1.0515,2.2025,24.8809
SS3_MAF_leo180223_p6_E12_S60,G1,29942,Fkbp9,0,6,6.204,1.0515,2.2025,24.8809
SS3_MAF_leo180223_p4_S101,S,46504,Fkbp9,13,8,6.204,1.0515,2.2025,24.8809
SS3_MAF_leo180223_p4_S102,G1,28700,Fkbp9,4,7,6.204,1.0515,2.2025,24.8809
SS3_MAF_leo180223_p4_S104,G2M,9443,Fkbp9,2,0,6.204,1.0515,2.2025,24.8809
SS3_MAF_leo180223_p4_S108,G1,8102,Fkbp9,4,2,6.204,1.0515,2.2025,24.8809
SS3_MAF_leo180223_p4_S105,G1,46105,Fkbp9,9,13,6.204,1.0515,2.2025,24.8809
SS3_MAF_leo180223_p4_S106,G1,46823,Fkbp9,11,24,6.204,1.0515,2.2025,24.8809
SS3_MAF_leo180223_p6_D10_S46,G1,15028,Fkbp9,4,1,6.204,1.0515,2.2025,24.8809
SS3_MAF_leo180223_p4_S107,G1,57441,Fkbp9,19,25,6.204,1.0515,2.2025,24.8809
SS3_MAF_leo180223_p6_F06_S66,G1,35862,Fkbp9,4,3,6.204,1.0515,2.2025,24.8809
SS3_MAF_leo180223_p6_E08_S56,G1,19789,Fkbp9,6,1,6.204,1.0515,2.2025,24.8809
SS3_MAF_leo180223_p6_H08_S92,G1,31398,Fkbp9,4,10,6.204,1.0515,2.2025,24.8809
SS3_MAF_leo180223_p6_H10_S94,S,43246,Fkbp9,6,11,6.204,1.0515,2.2025,24.8809
SS3_MAF_leo180223_p4_S109,G1,22942,Fkbp9,5,2,6.204,1.0515,2.2025,24.8809
SS3_MAF_leo180223_p6_G04_S76,G1,14904,Fkbp9,5,4,6.204,1.0515,2.2025,24.8809
SS3_MAF_leo180223_p4_S112,G1,10651,Fkbp9,3,1,6.204,1.0515,2.2025,24.8809
SS3_MAF_leo180223_p4_S111,S,17722,Fkbp9,0,3,6.204,1.0515,2.2025,24.8809
SS3_MAF_leo180223_p4_S113,G1,54566,Fkbp9,8,7,6.204,1.0515,2.2025,24.8809
SS3_MAF_leo180223_p6_E02_S50,G1,56102,Fkbp9,14,14,6.204,1.0515,2.2025,24.8809
SS3_MAF_leo180223_p4_S114,G1,41605,Fkbp9,11,6,6.204,1.0515,2.2025,24.8809
SS3_MAF_leo180223_p4_S115,G1,31806,Fkbp9,12,12,6.204,1.0515,2.2025,24.8809
SS3_MAF_leo180223_p4_S117,G1,33445,Fkbp9,8,16,6.204,1.0515,2.2025,24.8809
SS3_MAF_leo180223_p4_S116,G2M,43218,Fkbp9,3,9,6.204,1.0515,2.2025,24.8809
SS3_MAF_leo180223_p4_S118,G1,39079,Fkbp9,6,13,6.204,1.0515,2.2025,24.8809
SS3_MAF_leo180223_p4_S119,G1,32951,Fkbp9,8,5,6.204,1.0515,2.2025,24.8809
SS3_MAF_leo180223_p4_S123,S,42089,Fkbp9,12,10,6.204,1.0515,2.2025,24.8809
SS3_MAF_leo180223_p4_S121,G1,35385,Fkbp9,12,1,6.204,1.0515,2.2025,24.8809
SS3_MAF_leo180223_p4_S122,G1,48450,Fkbp9,18,9,6.204,1.0515,2.2025,24.8809
SS3_MAF_leo180223_p4_S125,G1,36709,Fkbp9,11,7,6.204,1.0515,2.2025,24.8809
SS3_MAF_leo180223_p4_S126,G1,14776,Fkbp9,2,5,6.204,1.0515,2.2025,24.8809
SS3_MAF_leo180223_p4_S127,G1,30192,Fkbp9,6,11,6.204,1.0515,2.2025,24.8809
SS3_MAF_leo180223_p4_S124,G1,48177,Fkbp9,4,24,6.204,1.0515,2.2025,24.8809
SS3_MAF_leo180223_p4_S129,G1,39617,Fkbp9,9,7,6.204,1.0515,2.2025,24.8809
SS3_MAF_leo180223_p4_S130,G1,30386,Fkbp9,11,5,6.204,1.0515,2.2025,24.8809
SS3_MAF_leo180223_p4_S131,G2M,30460,Fkbp9,5,6,6.204,1.0515,2.2025,24.8809
SS3_MAF_leo180223_p4_S132,G1,38643,Fkbp9,7,8,6.204,1.0515,2.2025,24.8809
SS3_MAF_leo180223_p4_S134,G1,9113,Fkbp9,0,2,6.204,1.0515,2.2025,24.8809
SS3_MAF_leo180223_p4_S133,G1,42441,Fkbp9,8,16,6.204,1.0515,2.2025,24.8809
SS3_MAF_leo180223_p4_S135,G1,17189,Fkbp9,0,7,6.204,1.0515,2.2025,24.8809
SS3_MAF_leo180223_p4_S139,G2M,11145,Fkbp9,1,1,6.204,1.0515,2.2025,24.8809
SS3_MAF_leo180223_p4_S137,S,43012,Fkbp9,7,6,6.204,1.0515,2.2025,24.8809
SS3_MAF_leo180223_p4_S138,G2M,50993,Fkbp9,12,10,6.204,1.0515,2.2025,24.8809
SS3_MAF_leo180223_p4_S140,G1,10911,Fkbp9,5,3,6.204,1.0515,2.2025,24.8809
SS3_MAF_leo180223_p4_S142,G1,13960,Fkbp9,2,3,6.204,1.0515,2.2025,24.8809
SS3_MAF_leo180223_p4_S147,G1,18062,Fkbp9,3,2,6.204,1.0515,2.2025,24.8809
SS3_MAF_leo180223_p4_S97,G1,34429,Fkbp9,9,14,6.204,1.0515,2.2025,24.8809
SS3_MAF_leo180223_p4_S146,S,29223,Fkbp9,4,5,6.204,1.0515,2.2025,24.8809
SS3_MAF_leo180223_p4_S145,G1,40112,Fkbp9,20,9,6.204,1.0515,2.2025,24.8809
SS3_MAF_leo180223_p4_S148,G2M,35298,Fkbp9,6,4,6.204,1.0515,2.2025,24.8809
SS3_MAF_leo180223_p4_S150,G2M,11070,Fkbp9,0,2,6.204,1.0515,2.2025,24.8809
SS3_MAF_leo180223_p4_S149,G1,46283,Fkbp9,14,11,6.204,1.0515,2.2025,24.8809
SS3_MAF_leo180223_p4_S151,G2M,37513,Fkbp9,6,12,6.204,1.0515,2.2025,24.8809
SS3_MAF_leo180223_p4_S153,G1,57674,Fkbp9,14,20,6.204,1.0515,2.2025,24.8809
SS3_MAF_leo180223_p4_S156,G1,20071,Fkbp9,4,2,6.204,1.0515,2.2025,24.8809
SS3_MAF_leo180223_p4_S154,S,55869,Fkbp9,4,14,6.204,1.0515,2.2025,24.8809
SS3_MAF_leo180223_p4_S157,G1,20536,Fkbp9,1,4,6.204,1.0515,2.2025,24.8809
SS3_MAF_leo180223_p4_S159,G1,32667,Fkbp9,4,5,6.204,1.0515,2.2025,24.8809
SS3_MAF_leo180223_p4_S158,G2M,48866,Fkbp9,7,15,6.204,1.0515,2.2025,24.8809
SS3_MAF_leo180223_p4_S161,S,44634,Fkbp9,3,11,6.204,1.0515,2.2025,24.8809
SS3_MAF_leo180223_p4_S160,G1,25072,Fkbp9,3,9,6.204,1.0515,2.2025,24.8809
SS3_MAF_leo180223_p4_S162,G1,36811,Fkbp9,14,10,6.204,1.0515,2.2025,24.8809
SS3_MAF_leo180223_p4_S164,G1,43467,Fkbp9,10,12,6.204,1.0515,2.2025,24.8809
SS3_MAF_leo180223_p4_S166,S,28129,Fkbp9,1,1,6.204,1.0515,2.2025,24.8809
SS3_MAF_leo180223_p4_S167,G1,26371,Fkbp9,4,4,6.204,1.0515,2.2025,24.8809
SS3_MAF_leo180223_p4_S169,G1,34158,Fkbp9,12,5,6.204,1.0515,2.2025,24.8809
SS3_MAF_leo180223_p4_S165,G1,39578,Fkbp9,7,13,6.204,1.0515,2.2025,24.8809
SS3_MAF_leo180223_p4_S173,G1,19064,Fkbp9,2,7,6.204,1.0515,2.2025,24.8809
SS3_MAF_leo180223_p4_S170,G1,51247,Fkbp9,19,18,6.204,1.0515,2.2025,24.8809
SS3_MAF_leo180223_p4_S171,S,67232,Fkbp9,5,23,6.204,1.0515,2.2025,24.8809
SS3_MAF_leo180223_p4_S177,S,44173,Fkbp9,10,6,6.204,1.0515,2.2025,24.8809
SS3_MAF_leo180223_p4_S174,G1,31352,Fkbp9,6,10,6.204,1.0515,2.2025,24.8809
SS3_MAF_leo180223_p4_S180,G1,16181,Fkbp9,1,4,6.204,1.0515,2.2025,24.8809
SS3_MAF_leo180223_p4_S176,G1,20544,Fkbp9,5,2,6.204,1.0515,2.2025,24.8809
SS3_MAF_leo180223_p4_S179,G1,32343,Fkbp9,8,18,6.204,1.0515,2.2025,24.8809
SS3_MAF_leo180223_p4_S178,S,57266,Fkbp9,9,14,6.204,1.0515,2.2025,24.8809
SS3_MAF_leo180223_p4_S181,G1,25042,Fkbp9,4,10,6.204,1.0515,2.2025,24.8809
SS3_MAF_leo180223_p4_S183,G1,33832,Fkbp9,9,12,6.204,1.0515,2.2025,24.8809
SS3_MAF_leo180223_p4_S182,G1,52029,Fkbp9,18,21,6.204,1.0515,2.2025,24.8809
SS3_MAF_leo180223_p4_S186,S,58004,Fkbp9,5,8,6.204,1.0515,2.2025,24.8809
SS3_MAF_leo180223_p4_S187,G2M,15045,Fkbp9,5,0,6.204,1.0515,2.2025,24.8809
SS3_MAF_leo180223_p4_S191,G2M,11140,Fkbp9,2,0,6.204,1.0515,2.2025,24.8809
SS3_MAF_leo180223_p4_S185,G1,52790,Fkbp9,17,24,6.204,1.0515,2.2025,24.8809
SS3_MAF_leo180223_p4_S189,G1,66797,Fkbp9,21,24,6.204,1.0515,2.2025,24.8809
SS3_MAF_leo180223_p4_S188,G1,51539,Fkbp9,11,14,6.204,1.0515,2.2025,24.8809
SS3_MAF_leo180223_p4_S190,G1,37493,Fkbp9,10,6,6.204,1.0515,2.2025,24.8809
SS3_MAF_leo180223_p4_S98,G1,27030,Fkbp9,5,5,6.204,1.0515,2.2025,24.8809
SS3_MAF_leo180223_p4_S99,G1,22647,Fkbp9,4,2,6.204,1.0515,2.2025,24.8809
SS3_MAF_Leo171129_p2_S10,G1,39310,Dync1h1,6,15,5.08,0.6126,1.6813,29.1353
SS3_MAF_Leo171129_p2_S12,G1,46976,Dync1h1,16,4,5.08,0.6126,1.6813,29.1353
SS3_MAF_Leo171129_p2_S13,G1,43893,Dync1h1,21,4,5.08,0.6126,1.6813,29.1353
SS3_MAF_Leo171129_p2_S14,G1,39959,Dync1h1,2,10,5.08,0.6126,1.6813,29.1353
SS3_MAF_Leo171129_p2_S16,G1,41170,Dync1h1,13,10,5.08,0.6126,1.6813,29.1353
SS3_MAF_Leo171129_p2_S17,G1,117795,Dync1h1,23,22,5.08,0.6126,1.6813,29.1353
SS3_MAF_Leo171129_p2_S18,S,79991,Dync1h1,13,17,5.08,0.6126,1.6813,29.1353
SS3_MAF_Leo171129_p2_S19,G1,63056,Dync1h1,5,26,5.08,0.6126,1.6813,29.1353
SS3_MAF_Leo171129_p2_S1,G2M,48601,Dync1h1,23,6,5.08,0.6126,1.6813,29.1353
SS3_MAF_Leo171129_p2_S20,G1,70834,Dync1h1,21,8,5.08,0.6126,1.6813,29.1353
SS3_MAF_Leo171129_p2_S21,G1,75490,Dync1h1,6,16,5.08,0.6126,1.6813,29.1353
SS3_MAF_Leo171129_p2_S22,G2M,33098,Dync1h1,1,9,5.08,0.6126,1.6813,29.1353
SS3_MAF_Leo171129_p2_S23,G1,36429,Dync1h1,12,14,5.08,0.6126,1.6813,29.1353
SS3_MAF_Leo171129_p2_S24,G1,29297,Dync1h1,8,6,5.08,0.6126,1.6813,29.1353
SS3_MAF_Leo171129_p2_S25,G1,77970,Dync1h1,16,26,5.08,0.6126,1.6813,29.1353
SS3_MAF_Leo171129_p2_S26,G2M,42619,Dync1h1,7,9,5.08,0.6126,1.6813,29.1353
SS3_MAF_Leo171129_p2_S27,G1,8122,Dync1h1,0,0,5.08,0.6126,1.6813,29.1353
SS3_MAF_Leo171129_p2_S28,G2M,16215,Dync1h1,3,8,5.08,0.6126,1.6813,29.1353
SS3_MAF_Leo171129_p2_S2,S,34219,Dync1h1,7,12,5.08,0.6126,1.6813,29.1353
SS3_MAF_Leo171129_p2_S30,G2M,10030,Dync1h1,0,0,5.08,0.6126,1.6813,29.1353
SS3_MAF_Leo171129_p2_S31,G1,50024,Dync1h1,9,4,5.08,0.6126,1.6813,29.1353
SS3_MAF_Leo171129_p2_S32,G2M,51366,Dync1h1,5,3,5.08,0.6126,1.6813,29.1353
SS3_MAF_Leo171129_p2_S33,G1,64228,Dync1h1,10,12,5.08,0.6126,1.6813,29.1353
SS3_MAF_Leo171129_p2_S34,G1,38195,Dync1h1,4,0,5.08,0.6126,1.6813,29.1353
SS3_MAF_Leo171129_p2_S37,G1,13225,Dync1h1,0,6,5.08,0.6126,1.6813,29.1353
SS3_MAF_Leo171129_p2_S3,G1,55963,Dync1h1,2,15,5.08,0.6126,1.6813,29.1353
SS3_MAF_Leo171129_p2_S41,G1,108019,Dync1h1,7,15,5.08,0.6126,1.6813,29.1353
SS3_MAF_Leo171129_p2_S42,G1,65018,Dync1h1,7,25,5.08,0.6126,1.6813,29.1353
SS3_MAF_Leo171129_p2_S43,G1,64740,Dync1h1,28,17,5.08,0.6126,1.6813,29.1353
SS3_MAF_Leo171129_p2_S44,G1,37365,Dync1h1,10,10,5.08,0.6126,1.6813,29.1353
SS3_MAF_Leo171129_p2_S45,S,66369,Dync1h1,32,10,5.08,0.6126,1.6813,29.1353
SS3_MAF_Leo171129_p2_S47,G1,47781,Dync1h1,6,5,5.08,0.6126,1.6813,29.1353
SS3_MAF_Leo171129_p2_S48,G1,51270,Dync1h1,12,8,5.08,0.6126,1.6813,29.1353
SS3_MAF_Leo171129_p2_S49,G1,30770,Dync1h1,0,4,5.08,0.6126,1.6813,29.1353
SS3_MAF_Leo171129_p2_S4,G1,39611,Dync1h1,9,13,5.08,0.6126,1.6813,29.1353
SS3_MAF_Leo171129_p2_S50,G1,57440,Dync1h1,24,11,5.08,0.6126,1.6813,29.1353
SS3_MAF_Leo171129_p2_S52,G1,21457,Dync1h1,0,3,5.08,0.6126,1.6813,29.1353
SS3_MAF_Leo171129_p2_S53,G1,80336,Dync1h1,24,13,5.08,0.6126,1.6813,29.1353
SS3_MAF_Leo171129_p2_S55,G2M,88188,Dync1h1,15,12,5.08,0.6126,1.6813,29.1353
SS3_MAF_Leo171129_p2_S57,G1,42297,Dync1h1,11,4,5.08,0.6126,1.6813,29.1353
SS3_MAF_Leo171129_p2_S58,G1,55834,Dync1h1,10,10,5.08,0.6126,1.6813,29.1353
SS3_MAF_Leo171129_p2_S59,G1,45969,Dync1h1,18,23,5.08,0.6126,1.6813,29.1353
SS3_MAF_Leo171129_p2_S5,G2M,34433,Dync1h1,2,0,5.08,0.6126,1.6813,29.1353
SS3_MAF_Leo171129_p2_S61,G1,20315,Dync1h1,0,2,5.08,0.6126,1.6813,29.1353
SS3_MAF_Leo171129_p2_S62,G1,20928,Dync1h1,2,0,5.08,0.6126,1.6813,29.1353
SS3_MAF_Leo171129_p2_S64,G1,100938,Dync1h1,9,21,5.08,0.6126,1.6813,29.1353
SS3_MAF_Leo171129_p2_S65,G1,52328,Dync1h1,6,24,5.08,0.6126,1.6813,29.1353
SS3_MAF_Leo171129_p2_S66,G1,67878,Dync1h1,22,28,5.08,0.6126,1.6813,29.1353
SS3_MAF_Leo171129_p2_S67,S,68235,Dync1h1,6,17,5.08,0.6126,1.6813,29.1353
SS3_MAF_Leo171129_p2_S68,G1,15259,Dync1h1,0,1,5.08,0.6126,1.6813,29.1353
SS3_MAF_Leo171129_p2_S69,G1,36667,Dync1h1,2,3,5.08,0.6126,1.6813,29.1353
SS3_MAF_Leo171129_p2_S6,G2M,60468,Dync1h1,19,1,5.08,0.6126,1.6813,29.1353
SS3_MAF_Leo171129_p2_S72,G1,18464,Dync1h1,1,8,5.08,0.6126,1.6813,29.1353
SS3_MAF_Leo171129_p2_S73,G1,94179,Dync1h1,11,13,5.08,0.6126,1.6813,29.1353
SS3_MAF_Leo171129_p2_S74,G1,85288,Dync1h1,6,5,5.08,0.6126,1.6813,29.1353
SS3_MAF_Leo171129_p2_S75,G1,53506,Dync1h1,18,2,5.08,0.6126,1.6813,29.1353
SS3_MAF_Leo171129_p2_S76,G2M,60345,Dync1h1,4,25,5.08,0.6126,1.6813,29.1353
SS3_MAF_Leo171129_p2_S77,G1,30764,Dync1h1,5,12,5.08,0.6126,1.6813,29.1353
SS3_MAF_Leo171129_p2_S78,S,64444,Dync1h1,4,21,5.08,0.6126,1.6813,29.1353
SS3_MAF_Leo171129_p2_S79,G1,20086,Dync1h1,,,5.08,0.6126,1.6813,29.1353
SS3_MAF_Leo171129_p2_S7,G1,42337,Dync1h1,1,29,5.08,0.6126,1.6813,29.1353
SS3_MAF_Leo171129_p2_S80,S,46988,Dync1h1,12,3,5.08,0.6126,1.6813,29.1353
SS3_MAF_Leo171129_p2_S81,G2M,13199,Dync1h1,,,5.08,0.6126,1.6813,29.1353
SS3_MAF_Leo171129_p2_S82,G1,10672,Dync1h1,3,0,5.08,0.6126,1.6813,29.1353
SS3_MAF_Leo171129_p2_S83,G1,62168,Dync1h1,15,1,5.08,0.6126,1.6813,29.1353
SS3_MAF_Leo171129_p2_S84,G1,9220,Dync1h1,0,1,5.08,0.6126,1.6813,29.1353
SS3_MAF_Leo171129_p2_S85,G1,12557,Dync1h1,0,0,5.08,0.6126,1.6813,29.1353
SS3_MAF_Leo171129_p2_S86,S,76694,Dync1h1,15,8,5.08,0.6126,1.6813,29.1353
SS3_MAF_Leo171129_p2_S87,G1,33235,Dync1h1,1,8,5.08,0.6126,1.6813,29.1353
SS3_MAF_Leo171129_p2_S89,G1,128206,Dync1h1,22,49,5.08,0.6126,1.6813,29.1353
SS3_MAF_Leo171129_p2_S8,G1,42290,Dync1h1,10,5,5.08,0.6126,1.6813,29.1353
SS3_MAF_Leo171129_p2_S90,G1,144876,Dync1h1,31,51,5.08,0.6126,1.6813,29.1353
SS3_MAF_Leo171129_p2_S91,G1,95482,Dync1h1,11,33,5.08,0.6126,1.6813,29.1353
SS3_MAF_Leo171129_p2_S92,G1,42727,Dync1h1,0,15,5.08,0.6126,1.6813,29.1353
SS3_MAF_Leo171129_p2_S93,S,50420,Dync1h1,0,20,5.08,0.6126,1.6813,29.1353
SS3_MAF_Leo171129_p2_S94,G2M,49637,Dync1h1,16,10,5.08,0.6126,1.6813,29.1353
SS3_MAF_Leo171129_p2_S9,G2M,77535,Dync1h1,44,10,5.08,0.6126,1.6813,29.1353
SS3_MAF_leo180223_p6_A10_S10,G1,23929,Dync1h1,1,1,5.08,0.6126,1.6813,29.1353
SS3_MAF_leo180223_p6_B01_S13,G1,24789,Dync1h1,2,0,5.08,0.6126,1.6813,29.1353
SS3_MAF_leo180223_p6_A03_S3,G1,36756,Dync1h1,12,12,5.08,0.6126,1.6813,29.1353
SS3_MAF_leo180223_p6_A09_S9,G2M,12578,Dync1h1,2,0,5.08,0.6126,1.6813,29.1353
SS3_MAF_leo180223_p6_B05_S17,G2M,7653,Dync1h1,0,0,5.08,0.6126,1.6813,29.1353
SS3_MAF_leo180223_p6_A01_S1,G1,53431,Dync1h1,11,16,5.08,0.6126,1.6813,29.1353
SS3_MAF_leo180223_p6_A11_S11,G1,30102,Dync1h1,2,1,5.08,0.6126,1.6813,29.1353
SS3_MAF_leo180223_p6_C01_S25,G1,49793,Dync1h1,13,17,5.08,0.6126,1.6813,29.1353
SS3_MAF_leo180223_p6_B02_S14,G1,55296,Dync1h1,25,12,5.08,0.6126,1.6813,29.1353
SS3_MAF_leo180223_p6_A02_S2,S,72303,Dync1h1,22,23,5.08,0.6126,1.6813,29.1353
SS3_MAF_leo180223_p6_A05_S5,G2M,11957,Dync1h1,0,0,5.08,0.6126,1.6813,29.1353
SS3_MAF_leo180223_p6_A07_S7,G1,26205,Dync1h1,0,0,5.08,0.6126,1.6813,29.1353
SS3_MAF_leo180223_p6_A04_S4,G1,42732,Dync1h1,2,4,5.08,0.6126,1.6813,29.1353
SS3_MAF_leo180223_p6_A12_S12,G1,52402,Dync1h1,16,9,5.08,0.6126,1.6813,29.1353
SS3_MAF_leo180223_p6_B04_S16,G1,30714,Dync1h1,2,13,5.08,0.6126,1.6813,29.1353
SS3_MAF_leo180223_p6_A06_S6,G1,57207,Dync1h1,7,7,5.08,0.6126,1.6813,29.1353
SS3_MAF_leo180223_p6_B03_S15,S,61296,Dync1h1,19,16,5.08,0.6126,1.6813,29.1353
SS3_MAF_leo180223_p6_B10_S22,G1,22876,Dync1h1,0,0,5.08,0.6126,1.6813,29.1353
SS3_MAF_leo180223_p6_C02_S26,G1,65040,Dync1h1,14,12,5.08,0.6126,1.6813,29.1353
SS3_MAF_leo180223_p6_C04_S28,G2M,26058,Dync1h1,6,1,5.08,0.6126,1.6813,29.1353
SS3_MAF_leo180223_p6_B09_S21,G1,37734,Dync1h1,3,0,5.08,0.6126,1.6813,29.1353
SS3_MAF_leo180223_p6_C05_S29,G1,60723,Dync1h1,13,7,5.08,0.6126,1.6813,29.1353
SS3_MAF_leo180223_p6_C11_S35,G1,54024,Dync1h1,17,11,5.08,0.6126,1.6813,29.1353
SS3_MAF_leo180223_p6_C09_S33,G1,53996,Dync1h1,15,11,5.08,0.6126,1.6813,29.1353
SS3_MAF_leo180223_p6_D01_S37,S,55709,Dync1h1,11,12,5.08,0.6126,1.6813,29.1353
SS3_MAF_leo180223_p6_D03_S39,G1,47188,Dync1h1,20,10,5.08,0.6126,1.6813,29.1353
SS3_MAF_leo180223_p6_B11_S23,G1,41554,Dync1h1,15,9,5.08,0.6126,1.6813,29.1353
SS3_MAF_leo180223_p6_D05_S41,G1,29838,Dync1h1,7,3,5.08,0.6126,1.6813,29.1353
SS3_MAF_leo180223_p6_D09_S45,G1,51007,Dync1h1,23,4,5.08,0.6126,1.6813,29.1353
SS3_MAF_leo180223_p6_B07_S19,G1,14673,Dync1h1,0,0,5.08,0.6126,1.6813,29.1353
SS3_MAF_leo180223_p6_E01_S49,G1,58894,Dync1h1,18,8,5.08,0.6126,1.6813,29.1353
SS3_MAF_leo180223_p6_C10_S34,G1,57445,Dync1h1,21,8,5.08,0.6126,1.6813,29.1353
SS3_MAF_leo180223_p6_C12_S36,G1,65159,Dync1h1,6,11,5.08,0.6126,1.6813,29.1353
SS3_MAF_leo180223_p6_C06_S30,S,48635,Dync1h1,9,16,5.08,0.6126,1.6813,29.1353
SS3_MAF_leo180223_p6_D12_S48,G1,7742,Dync1h1,0,0,5.08,0.6126,1.6813,29.1353
SS3_MAF_leo180223_p6_D07_S43,G1,58044,Dync1h1,11,13,5.08,0.6126,1.6813,29.1353
SS3_MAF_leo180223_p6_D04_S40,S,62213,Dync1h1,17,11,5.08,0.6126,1.6813,29.1353
SS3_MAF_leo180223_p6_E07_S55,G1,79485,Dync1h1,19,3,5.08,0.6126,1.6813,29.1353
SS3_MAF_leo180223_p6_D02_S38,G1,54559,Dync1h1,10,10,5.08,0.6126,1.6813,29.1353
SS3_MAF_leo180223_p6_E10_S58,G1,7949,Dync1h1,0,0,5.08,0.6126,1.6813,29.1353
SS3_MAF_leo180223_p6_E05_S53,S,40138,Dync1h1,3,1,5.08,0.6126,1.6813,29.1353
SS3_MAF_leo180223_p6_E03_S51,G1,56996,Dync1h1,18,6,5.08,0.6126,1.6813,29.1353
SS3_MAF_leo180223_p6_E11_S59,G1,29427,Dync1h1,5,2,5.08,0.6126,1.6813,29.1353
SS3_MAF_leo180223_p6_F03_S63,G1,16661,Dync1h1,1,0,5.08,0.6126,1.6813,29.1353
SS3_MAF_leo180223_p6_F07_S67,G1,12997,Dync1h1,0,2,5.08,0.6126,1.6813,29.1353
SS3_MAF_leo180223_p6_D06_S42,G2M,25551,Dync1h1,3,1,5.08,0.6126,1.6813,29.1353
SS3_MAF_leo180223_p6_F10_S70,G1,28264,Dync1h1,1,5,5.08,0.6126,1.6813,29.1353
SS3_MAF_leo180223_p6_G01_S73,G2M,9750,Dync1h1,,,5.08,0.6126,1.6813,29.1353
SS3_MAF_leo180223_p6_G05_S77,G2M,16211,Dync1h1,0,2,5.08,0.6126,1.6813,29.1353
SS3_MAF_leo180223_p6_F05_S65,G1,43383,Dync1h1,9,8,5.08,0.6126,1.6813,29.1353
SS3_MAF_leo180223_p6_G03_S75,G1,30248,Dync1h1,2,0,5.08,0.6126,1.6813,29.1353
SS3_MAF_leo180223_p6_E06_S54,G1,15835,Dync1h1,0,0,5.08,0.6126,1.6813,29.1353
SS3_MAF_leo180223_p6_G07_S79,G1,44754,Dync1h1,17,10,5.08,0.6126,1.6813,29.1353
SS3_MAF_leo180223_p6_G09_S81,G1,14370,Dync1h1,1,2,5.08,0.6126,1.6813,29.1353
SS3_MAF_leo180223_p6_G11_S83,S,43335,Dync1h1,14,3,5.08,0.6126,1.6813,29.1353
SS3_MAF_leo180223_p6_D08_S44,G1,11889,Dync1h1,0,0,5.08,0.6126,1.6813,29.1353
SS3_MAF_leo180223_p6_H07_S91,G1,10415,Dync1h1,0,0,5.08,0.6126,1.6813,29.1353
SS3_MAF_leo180223_p6_H09_S93,G1,13994,Dync1h1,0,1,5.08,0.6126,1.6813,29.1353
SS3_MAF_leo180223_p6_H11_S95,G1,17619,Dync1h1,5,9,5.08,0.6126,1.6813,29.1353
SS3_MAF_leo180223_p6_G06_S78,G1,17000,Dync1h1,0,0,5.08,0.6126,1.6813,29.1353
SS3_MAF_leo180223_p6_E12_S60,G1,29942,Dync1h1,1,4,5.08,0.6126,1.6813,29.1353
SS3_MAF_leo180223_p4_S101,S,46504,Dync1h1,3,9,5.08,0.6126,1.6813,29.1353
SS3_MAF_leo180223_p4_S102,G1,28700,Dync1h1,1,6,5.08,0.6126,1.6813,29.1353
SS3_MAF_leo180223_p4_S104,G2M,9443,Dync1h1,0,0,5.08,0.6126,1.6813,29.1353
SS3_MAF_leo180223_p4_S108,G1,8102,Dync1h1,0,0,5.08,0.6126,1.6813,29.1353
SS3_MAF_leo180223_p4_S105,G1,46105,Dync1h1,3,8,5.08,0.6126,1.6813,29.1353
SS3_MAF_leo180223_p4_S106,G1,46823,Dync1h1,6,11,5.08,0.6126,1.6813,29.1353
SS3_MAF_leo180223_p6_D10_S46,G1,15028,Dync1h1,0,0,5.08,0.6126,1.6813,29.1353
SS3_MAF_leo180223_p4_S107,G1,57441,Dync1h1,14,3,5.08,0.6126,1.6813,29.1353
SS3_MAF_leo180223_p6_F06_S66,G1,35862,Dync1h1,7,0,5.08,0.6126,1.6813,29.1353
SS3_MAF_leo180223_p6_E08_S56,G1,19789,Dync1h1,3,0,5.08,0.6126,1.6813,29.1353
SS3_MAF_leo180223_p6_H08_S92,G1,31398,Dync1h1,3,1,5.08,0.6126,1.6813,29.1353
SS3_MAF_leo180223_p6_H10_S94,S,43246,Dync1h1,8,6,5.08,0.6126,1.6813,29.1353
SS3_MAF_leo180223_p4_S109,G1,22942,Dync1h1,5,0,5.08,0.6126,1.6813,29.1353
SS3_MAF_leo180223_p6_G04_S76,G1,14904,Dync1h1,0,0,5.08,0.6126,1.6813,29.1353
SS3_MAF_leo180223_p4_S112,G1,10651,Dync1h1,0,2,5.08,0.6126,1.6813,29.1353
SS3_MAF_leo180223_p4_S111,S,17722,Dync1h1,0,0,5.08,0.6126,1.6813,29.1353
SS3_MAF_leo180223_p4_S113,G1,54566,Dync1h1,9,17,5.08,0.6126,1.6813,29.1353
SS3_MAF_leo180223_p6_E02_S50,G1,56102,Dync1h1,13,9,5.08,0.6126,1.6813,29.1353
SS3_MAF_leo180223_p4_S114,G1,41605,Dync1h1,13,9,5.08,0.6126,1.6813,29.1353
SS3_MAF_leo180223_p4_S115,G1,31806,Dync1h1,13,6,5.08,0.6126,1.6813,29.1353
SS3_MAF_leo180223_p4_S117,G1,33445,Dync1h1,17,4,5.08,0.6126,1.6813,29.1353
SS3_MAF_leo180223_p4_S116,G2M,43218,Dync1h1,11,11,5.08,0.6126,1.6813,29.1353
SS3_MAF_leo180223_p4_S118,G1,39079,Dync1h1,5,7,5.08,0.6126,1.6813,29.1353
SS3_MAF_leo180223_p4_S119,G1,32951,Dync1h1,8,10,5.08,0.6126,1.6813,29.1353
SS3_MAF_leo180223_p4_S123,S,42089,Dync1h1,13,9,5.08,0.6126,1.6813,29.1353
SS3_MAF_leo180223_p4_S121,G1,35385,Dync1h1,11,13,5.08,0.6126,1.6813,29.1353
SS3_MAF_leo180223_p4_S122,G1,48450,Dync1h1,10,6,5.08,0.6126,1.6813,29.1353
SS3_MAF_leo180223_p4_S125,G1,36709,Dync1h1,4,3,5.08,0.6126,1.6813,29.1353
SS3_MAF_leo180223_p4_S126,G1,14776,Dync1h1,0,0,5.08,0.6126,1.6813,29.1353
SS3_MAF_leo180223_p4_S127,G1,30192,Dync1h1,11,4,5.08,0.6126,1.6813,29.1353
SS3_MAF_leo180223_p4_S124,G1,48177,Dync1h1,5,13,5.08,0.6126,1.6813,29.1353
SS3_MAF_leo180223_p4_S129,G1,39617,Dync1h1,9,1,5.08,0.6126,1.6813,29.1353
SS3_MAF_leo180223_p4_S130,G1,30386,Dync1h1,1,1,5.08,0.6126,1.6813,29.1353
SS3_MAF_leo180223_p4_S131,G2M,30460,Dync1h1,7,20,5.08,0.6126,1.6813,29.1353
SS3_MAF_leo180223_p4_S132,G1,38643,Dync1h1,14,16,5.08,0.6126,1.6813,29.1353
SS3_MAF_leo180223_p4_S134,G1,9113,Dync1h1,0,0,5.08,0.6126,1.6813,29.1353
SS3_MAF_leo180223_p4_S133,G1,42441,Dync1h1,10,8,5.08,0.6126,1.6813,29.1353
SS3_MAF_leo180223_p4_S135,G1,17189,Dync1h1,1,0,5.08,0.6126,1.6813,29.1353
SS3_MAF_leo180223_p4_S139,G2M,11145,Dync1h1,0,0,5.08,0.6126,1.6813,29.1353
SS3_MAF_leo180223_p4_S137,S,43012,Dync1h1,6,8,5.08,0.6126,1.6813,29.1353
SS3_MAF_leo180223_p4_S138,G2M,50993,Dync1h1,6,6,5.08,0.6126,1.6813,29.1353
SS3_MAF_leo180223_p4_S140,G1,10911,Dync1h1,0,1,5.08,0.6126,1.6813,29.1353
SS3_MAF_leo180223_p4_S142,G1,13960,Dync1h1,0,0,5.08,0.6126,1.6813,29.1353
SS3_MAF_leo180223_p4_S147,G1,18062,Dync1h1,0,0,5.08,0.6126,1.6813,29.1353
SS3_MAF_leo180223_p4_S97,G1,34429,Dync1h1,10,13,5.08,0.6126,1.6813,29.1353
SS3_MAF_leo180223_p4_S146,S,29223,Dync1h1,0,5,5.08,0.6126,1.6813,29.1353
SS3_MAF_leo180223_p4_S145,G1,40112,Dync1h1,6,4,5.08,0.6126,1.6813,29.1353
SS3_MAF_leo180223_p4_S148,G2M,35298,Dync1h1,6,8,5.08,0.6126,1.6813,29.1353
SS3_MAF_leo180223_p4_S150,G2M,11070,Dync1h1,0,0,5.08,0.6126,1.6813,29.1353
SS3_MAF_leo180223_p4_S149,G1,46283,Dync1h1,12,8,5.08,0.6126,1.6813,29.1353
SS3_MAF_leo180223_p4_S151,G2M,37513,Dync1h1,7,4,5.08,0.6126,1.6813,29.1353
SS3_MAF_leo180223_p4_S153,G1,57674,Dync1h1,10,11,5.08,0.6126,1.6813,29.1353
SS3_MAF_leo180223_p4_S156,G1,20071,Dync1h1,5,2,5.08,0.6126,1.6813,29.1353
SS3_MAF_leo180223_p4_S154,S,55869,Dync1h1,4,8,5.08,0.6126,1.6813,29.1353
SS3_MAF_leo180223_p4_S157,G1,20536,Dync1h1,2,1,5.08,0.6126,1.6813,29.1353
SS3_MAF_leo180223_p4_S159,G1,32667,Dync1h1,11,3,5.08,0.6126,1.6813,29.1353
SS3_MAF_leo180223_p4_S158,G2M,48866,Dync1h1,15,9,5.08,0.6126,1.6813,29.1353
SS3_MAF_leo180223_p4_S161,S,44634,Dync1h1,16,6,5.08,0.6126,1.6813,29.1353
SS3_MAF_leo180223_p4_S160,G1,25072,Dync1h1,1,9,5.08,0.6126,1.6813,29.1353
SS3_MAF_leo180223_p4_S162,G1,36811,Dync1h1,8,6,5.08,0.6126,1.6813,29.1353
SS3_MAF_leo180223_p4_S164,G1,43467,Dync1h1,6,5,5.08,0.6126,1.6813,29.1353
SS3_MAF_leo180223_p4_S166,S,28129,Dync1h1,2,6,5.08,0.6126,1.6813,29.1353
SS3_MAF_leo180223_p4_S167,G1,26371,Dync1h1,4,1,5.08,0.6126,1.6813,29.1353
SS3_MAF_leo180223_p4_S169,G1,34158,Dync1h1,5,8,5.08,0.6126,1.6813,29.1353
SS3_MAF_leo180223_p4_S165,G1,39578,Dync1h1,9,3,5.08,0.6126,1.6813,29.1353
SS3_MAF_leo180223_p4_S173,G1,19064,Dync1h1,2,3,5.08,0.6126,1.6813,29.1353
SS3_MAF_leo180223_p4_S170,G1,51247,Dync1h1,3,14,5.08,0.6126,1.6813,29.1353
SS3_MAF_leo180223_p4_S171,S,67232,Dync1h1,8,14,5.08,0.6126,1.6813,29.1353
SS3_MAF_leo180223_p4_S177,S,44173,Dync1h1,12,10,5.08,0.6126,1.6813,29.1353
SS3_MAF_leo180223_p4_S174,G1,31352,Dync1h1,1,7,5.08,0.6126,1.6813,29.1353
SS3_MAF_leo180223_p4_S180,G1,16181,Dync1h1,0,1,5.08,0.6126,1.6813,29.1353
SS3_MAF_leo180223_p4_S176,G1,20544,Dync1h1,2,1,5.08,0.6126,1.6813,29.1353
SS3_MAF_leo180223_p4_S179,G1,32343,Dync1h1,15,17,5.08,0.6126,1.6813,29.1353
SS3_MAF_leo180223_p4_S178,S,57266,Dync1h1,11,14,5.08,0.6126,1.6813,29.1353
SS3_MAF_leo180223_p4_S181,G1,25042,Dync1h1,3,4,5.08,0.6126,1.6813,29.1353
SS3_MAF_leo180223_p4_S183,G1,33832,Dync1h1,3,4,5.08,0.6126,1.6813,29.1353
SS3_MAF_leo180223_p4_S182,G1,52029,Dync1h1,11,12,5.08,0.6126,1.6813,29.1353
SS3_MAF_leo180223_p4_S186,S,58004,Dync1h1,12,14,5.08,0.6126,1.6813,29.1353
SS3_MAF_leo180223_p4_S187,G2M,15045,Dync1h1,4,0,5.08,0.6126,1.6813,29.1353
SS3_MAF_leo180223_p4_S191,G2M,11140,Dync1h1,1,2,5.08,0.6126,1.6813,29.1353
SS3_MAF_leo180223_p4_S185,G1,52790,Dync1h1,12,16,5.08,0.6126,1.6813,29.1353
SS3_MAF_leo180223_p4_S189,G1,66797,Dync1h1,13,7,5.08,0.6126,1.6813,29.1353
SS3_MAF_leo180223_p4_S188,G1,51539,Dync1h1,15,8,5.08,0.6126,1.6813,29.1353
SS3_MAF_leo180223_p4_S190,G1,37493,Dync1h1,5,7,5.08,0.6126,1.6813,29.1353
SS3_MAF_leo180223_p4_S98,G1,27030,Dync1h1,0,6,5.08,0.6126,1.6813,29.1353
SS3_MAF_leo180223_p4_S99,G1,22647,Dync1h1,10,5,5.08,0.6126,1.6813,29.1353
SS3_MAF_Leo171129_p2_S10,G1,39310,Aes,11,7,7.334,1.7495,2.1448,9.8492
SS3_MAF_Leo171129_p2_S12,G1,46976,Aes,4,1,7.334,1.7495,2.1448,9.8492
SS3_MAF_Leo171129_p2_S13,G1,43893,Aes,1,4,7.334,1.7495,2.1448,9.8492
SS3_MAF_Leo171129_p2_S14,G1,39959,Aes,1,4,7.334,1.7495,2.1448,9.8492
SS3_MAF_Leo171129_p2_S16,G1,41170,Aes,1,4,7.334,1.7495,2.1448,9.8492
SS3_MAF_Leo171129_p2_S17,G1,117795,Aes,9,13,7.334,1.7495,2.1448,9.8492
SS3_MAF_Leo171129_p2_S18,S,79991,Aes,4,7,7.334,1.7495,2.1448,9.8492
SS3_MAF_Leo171129_p2_S19,G1,63056,Aes,8,13,7.334,1.7495,2.1448,9.8492
SS3_MAF_Leo171129_p2_S1,G2M,48601,Aes,0,4,7.334,1.7495,2.1448,9.8492
SS3_MAF_Leo171129_p2_S20,G1,70834,Aes,7,11,7.334,1.7495,2.1448,9.8492
SS3_MAF_Leo171129_p2_S21,G1,75490,Aes,6,4,7.334,1.7495,2.1448,9.8492
SS3_MAF_Leo171129_p2_S22,G2M,33098,Aes,4,0,7.334,1.7495,2.1448,9.8492
SS3_MAF_Leo171129_p2_S23,G1,36429,Aes,3,6,7.334,1.7495,2.1448,9.8492
SS3_MAF_Leo171129_p2_S24,G1,29297,Aes,3,3,7.334,1.7495,2.1448,9.8492
SS3_MAF_Leo171129_p2_S25,G1,77970,Aes,2,2,7.334,1.7495,2.1448,9.8492
SS3_MAF_Leo171129_p2_S26,G2M,42619,Aes,1,1,7.334,1.7495,2.1448,9.8492
SS3_MAF_Leo171129_p2_S27,G1,8122,Aes,0,0,7.334,1.7495,2.1448,9.8492
SS3_MAF_Leo171129_p2_S28,G2M,16215,Aes,2,2,7.334,1.7495,2.1448,9.8492
SS3_MAF_Leo171129_p2_S2,S,34219,Aes,2,7,7.334,1.7495,2.1448,9.8492
SS3_MAF_Leo171129_p2_S30,G2M,10030,Aes,0,1,7.334,1.7495,2.1448,9.8492
SS3_MAF_Leo171129_p2_S31,G1,50024,Aes,1,0,7.334,1.7495,2.1448,9.8492
SS3_MAF_Leo171129_p2_S32,G2M,51366,Aes,2,6,7.334,1.7495,2.1448,9.8492
SS3_MAF_Leo171129_p2_S33,G1,64228,Aes,5,10,7.334,1.7495,2.1448,9.8492
SS3_MAF_Leo171129_p2_S34,G1,38195,Aes,2,11,7.334,1.7495,2.1448,9.8492
SS3_MAF_Leo171129_p2_S37,G1,13225,Aes,0,5,7.334,1.7495,2.1448,9.8492
SS3_MAF_Leo171129_p2_S3,G1,55963,Aes,1,5,7.334,1.7495,2.1448,9.8492
SS3_MAF_Leo171129_p2_S41,G1,108019,Aes,5,8,7.334,1.7495,2.1448,9.8492
SS3_MAF_Leo171129_p2_S42,G1,65018,Aes,3,9,7.334,1.7495,2.1448,9.8492
SS3_MAF_Leo171129_p2_S43,G1,64740,Aes,9,5,7.334,1.7495,2.1448,9.8492
SS3_MAF_Leo171129_p2_S44,G1,37365,Aes,1,2,7.334,1.7495,2.1448,9.8492
SS3_MAF_Leo171129_p2_S45,S,66369,Aes,3,17,7.334,1.7495,2.1448,9.8492
SS3_MAF_Leo171129_p2_S47,G1,47781,Aes,1,10,7.334,1.7495,2.1448,9.8492
SS3_MAF_Leo171129_p2_S48,G1,51270,Aes,6,5,7.334,1.7495,2.1448,9.8492
SS3_MAF_Leo171129_p2_S49,G1,30770,Aes,3,7,7.334,1.7495,2.1448,9.8492
SS3_MAF_Leo171129_p2_S4,G1,39611,Aes,4,6,7.334,1.7495,2.1448,9.8492
SS3_MAF_Leo171129_p2_S50,G1,57440,Aes,4,4,7.334,1.7495,2.1448,9.8492
SS3_MAF_Leo171129_p2_S52,G1,21457,Aes,3,5,7.334,1.7495,2.1448,9.8492
SS3_MAF_Leo171129_p2_S53,G1,80336,Aes,8,16,7.334,1.7495,2.1448,9.8492
SS3_MAF_Leo171129_p2_S55,G2M,88188,Aes,7,7,7.334,1.7495,2.1448,9.8492
SS3_MAF_Leo171129_p2_S57,G1,42297,Aes,12,0,7.334,1.7495,2.1448,9.8492
SS3_MAF_Leo171129_p2_S58,G1,55834,Aes,4,9,7.334,1.7495,2.1448,9.8492
SS3_MAF_Leo171129_p2_S59,G1,45969,Aes,5,3,7.334,1.7495,2.1448,9.8492
SS3_MAF_Leo171129_p2_S5,G2M,34433,Aes,5,4,7.334,1.7495,2.1448,9.8492
SS3_MAF_Leo171129_p2_S61,G1,20315,Aes,4,3,7.334,1.7495,2.1448,9.8492
SS3_MAF_Leo171129_p2_S62,G1,20928,Aes,8,4,7.334,1.7495,2.1448,9.8492
SS3_MAF_Leo171129_p2_S64,G1,100938,Aes,6,8,7.334,1.7495,2.1448,9.8492
SS3_MAF_Leo171129_p2_S65,G1,52328,Aes,3,2,7.334,1.7495,2.1448,9.8492
SS3_MAF_Leo171129_p2_S66,G1,67878,Aes,2,10,7.334,1.7495,2.1448,9.8492
SS3_MAF_Leo171129_p2_S67,S,68235,Aes,8,8,7.334,1.7495,2.1448,9.8492
SS3_MAF_Leo171129_p2_S68,G1,15259,Aes,3,0,7.334,1.7495,2.1448,9.8492
SS3_MAF_Leo171129_p2_S69,G1,36667,Aes,9,5,7.334,1.7495,2.1448,9.8492
SS3_MAF_Leo171129_p2_S6,G2M,60468,Aes,6,8,7.334,1.7495,2.1448,9.8492
SS3_MAF_Leo171129_p2_S72,G1,18464,Aes,2,4,7.334,1.7495,2.1448,9.8492
SS3_MAF_Leo171129_p2_S73,G1,94179,Aes,11,11,7.334,1.7495,2.1448,9.8492
SS3_MAF_Leo171129_p2_S74,G1,85288,Aes,3,26,7.334,1.7495,2.1448,9.8492
SS3_MAF_Leo171129_p2_S75,G1,53506,Aes,3,9,7.334,1.7495,2.1448,9.8492
SS3_MAF_Leo171129_p2_S76,G2M,60345,Aes,2,10,7.334,1.7495,2.1448,9.8492
SS3_MAF_Leo171129_p2_S77,G1,30764,Aes,9,0,7.334,1.7495,2.1448,9.8492
SS3_MAF_Leo171129_p2_S78,S,64444,Aes,12,6,7.334,1.7495,2.1448,9.8492
SS3_MAF_Leo171129_p2_S79,G1,20086,Aes,2,2,7.334,1.7495,2.1448,9.8492
SS3_MAF_Leo171129_p2_S7,G1,42337,Aes,0,7,7.334,1.7495,2.1448,9.8492
SS3_MAF_Leo171129_p2_S80,S,46988,Aes,7,6,7.334,1.7495,2.1448,9.8492
SS3_MAF_Leo171129_p2_S81,G2M,13199,Aes,3,6,7.334,1.7495,2.1448,9.8492
SS3_MAF_Leo171129_p2_S82,G1,10672,Aes,1,3,7.334,1.7495,2.1448,9.8492
SS3_MAF_Leo171129_p2_S83,G1,62168,Aes,10,16,7.334,1.7495,2.1448,9.8492
SS3_MAF_Leo171129_p2_S84,G1,9220,Aes,,,7.334,1.7495,2.1448,9.8492
SS3_MAF_Leo171129_p2_S85,G1,12557,Aes,0,1,7.334,1.7495,2.1448,9.8492
SS3_MAF_Leo171129_p2_S86,S,76694,Aes,0,23,7.334,1.7495,2.1448,9.8492
SS3_MAF_Leo171129_p2_S87,G1,33235,Aes,,,7.334,1.7495,2.1448,9.8492
SS3_MAF_Leo171129_p2_S89,G1,128206,Aes,9,10,7.334,1.7495,2.1448,9.8492
SS3_MAF_Leo171129_p2_S8,G1,42290,Aes,9,11,7.334,1.7495,2.1448,9.8492
SS3_MAF_Leo171129_p2_S90,G1,144876,Aes,6,12,7.334,1.7495,2.1448,9.8492
SS3_MAF_Leo171129_p2_S91,G1,95482,Aes,3,10,7.334,1.7495,2.1448,9.8492
SS3_MAF_Leo171129_p2_S92,G1,42727,Aes,9,4,7.334,1.7495,2.1448,9.8492
SS3_MAF_Leo171129_p2_S93,S,50420,Aes,5,5,7.334,1.7495,2.1448,9.8492
SS3_MAF_Leo171129_p2_S94,G2M,49637,Aes,10,7,7.334,1.7495,2.1448,9.8492
SS3_MAF_Leo171129_p2_S9,G2M,77535,Aes,7,9,7.334,1.7495,2.1448,9.8492
SS3_MAF_leo180223_p6_A10_S10,G1,23929,Aes,6,9,7.334,1.7495,2.1448,9.8492
SS3_MAF_leo180223_p6_B01_S13,G1,24789,Aes,4,9,7.334,1.7495,2.1448,9.8492
SS3_MAF_leo180223_p6_A03_S3,G1,36756,Aes,5,2,7.334,1.7495,2.1448,9.8492
SS3_MAF_leo180223_p6_A09_S9,G2M,12578,Aes,0,2,7.334,1.7495,2.1448,9.8492
SS3_MAF_leo180223_p6_B05_S17,G2M,7653,Aes,0,5,7.334,1.7495,2.1448,9.8492
SS3_MAF_leo180223_p6_A01_S1,G1,53431,Aes,5,4,7.334,1.7495,2.1448,9.8492
SS3_MAF_leo180223_p6_A11_S11,G1,30102,Aes,6,16,7.334,1.7495,2.1448,9.8492
SS3_MAF_leo180223_p6_C01_S25,G1,49793,Aes,9,2,7.334,1.7495,2.1448,9.8492
SS3_MAF_leo180223_p6_B02_S14,G1,55296,Aes,1,7,7.334,1.7495,2.1448,9.8492
SS3_MAF_leo180223_p6_A02_S2,S,72303,Aes,9,15,7.334,1.7495,2.1448,9.8492
SS3_MAF_leo180223_p6_A05_S5,G2M,11957,Aes,0,1,7.334,1.7495,2.1448,9.8492
SS3_MAF_leo180223_p6_A07_S7,G1,26205,Aes,4,3,7.334,1.7495,2.1448,9.8492
SS3_MAF_leo180223_p6_A04_S4,G1,42732,Aes,4,8,7.334,1.7495,2.1448,9.8492
SS3_MAF_leo180223_p6_A12_S12,G1,52402,Aes,9,5,7.334,1.7495,2.1448,9.8492
SS3_MAF_leo180223_p6_B04_S16,G1,30714,Aes,4,4,7.334,1.7495,2.1448,9.8492
SS3_MAF_leo180223_p6_A06_S6,G1,57207,Aes,10,7,7.334,1.7495,2.1448,9.8492
SS3_MAF_leo180223_p6_B03_S15,S,61296,Aes,5,10,7.334,1.7495,2.1448,9.8492
SS3_MAF_leo180223_p6_B10_S22,G1,22876,Aes,7,13,7.334,1.7495,2.1448,9.8492
SS3_MAF_leo180223_p6_C02_S26,G1,65040,Aes,9,12,7.334,1.7495,2.1448,9.8492
SS3_MAF_leo180223_p6_C04_S28,G2M,26058,Aes,1,2,7.334,1.7495,2.1448,9.8492
SS3_MAF_leo180223_p6_B09_S21,G1,37734,Aes,4,9,7.334,1.7495,2.1448,9.8492
SS3_MAF_leo180223_p6_C05_S29,G1,60723,Aes,8,7,7.334,1.7495,2.1448,9.8492
SS3_MAF_leo180223_p6_C11_S35,G1,54024,Aes,5,14,7.334,1.7495,2.1448,9.8492
SS3_MAF_leo180223_p6_C09_S33,G1,53996,Aes,12,5,7.334,1.7495,2.1448,9.8492
SS3_MAF_leo180223_p6_D01_S37,S,55709,Aes,13,14,7.334,1.7495,2.1448,9.8492
SS3_MAF_leo180223_p6_D03_S39,G1,47188,Aes,7,2,7.334,1.7495,2.1448,9.8492
SS3_MAF_leo180223_p6_B11_S23,G1,41554,Aes,6,11,7.334,1.7495,2.1448,9.8492
SS3_MAF_leo180223_p6_D05_S41,G1,29838,Aes,8,13,7.334,1.7495,2.1448,9.8492
SS3_MAF_leo180223_p6_D09_S45,G1,51007,Aes,9,6,7.334,1.7495,2.1448,9.8492
SS3_MAF_leo180223_p6_B07_S19,G1,14673,Aes,6,3,7.334,1.7495,2.1448,9.8492
SS3_MAF_leo180223_p6_E01_S49,G1,58894,Aes,3,9,7.334,1.7495,2.1448,9.8492
SS3_MAF_leo180223_p6_C10_S34,G1,57445,Aes,4,8,7.334,1.7495,2.1448,9.8492
SS3_MAF_leo180223_p6_C12_S36,G1,65159,Aes,6,11,7.334,1.7495,2.1448,9.8492
SS3_MAF_leo180223_p6_C06_S30,S,48635,Aes,11,8,7.334,1.7495,2.1448,9.8492
SS3_MAF_leo180223_p6_D12_S48,G1,7742,Aes,1,3,7.334,1.7495,2.1448,9.8492
SS3_MAF_leo180223_p6_D07_S43,G1,58044,Aes,7,7,7.334,1.7495,2.1448,9.8492
SS3_MAF_leo180223_p6_D04_S40,S,62213,Aes,5,7,7.334,1.7495,2.1448,9.8492
SS3_MAF_leo180223_p6_E07_S55,G1,79485,Aes,6,11,7.334,1.7495,2.1448,9.8492
SS3_MAF_leo180223_p6_D02_S38,G1,54559,Aes,2,5,7.334,1.7495,2.1448,9.8492
SS3_MAF_leo180223_p6_E10_S58,G1,7949,Aes,4,5,7.334,1.7495,2.1448,9.8492
SS3_MAF_leo180223_p6_E05_S53,S,40138,Aes,4,7,7.334,1.7495,2.1448,9.8492
SS3_MAF_leo180223_p6_E03_S51,G1,56996,Aes,6,3,7.334,1.7495,2.1448,9.8492
SS3_MAF_leo180223_p6_E11_S59,G1,29427,Aes,9,3,7.334,1.7495,2.1448,9.8492
SS3_MAF_leo180223_p6_F03_S63,G1,16661,Aes,8,8,7.334,1.7495,2.1448,9.8492
SS3_MAF_leo180223_p6_F07_S67,G1,12997,Aes,3,4,7.334,1.7495,2.1448,9.8492
SS3_MAF_leo180223_p6_D06_S42,G2M,25551,Aes,3,6,7.334,1.7495,2.1448,9.8492
SS3_MAF_leo180223_p6_F10_S70,G1,28264,Aes,6,7,7.334,1.7495,2.1448,9.8492
SS3_MAF_leo180223_p6_G01_S73,G2M,9750,Aes,2,5,7.334,1.7495,2.1448,9.8492
SS3_MAF_leo180223_p6_G05_S77,G2M,16211,Aes,1,3,7.334,1.7495,2.1448,9.8492
SS3_MAF_leo180223_p6_F05_S65,G1,43383,Aes,4,7,7.334,1.7495,2.1448,9.8492
SS3_MAF_leo180223_p6_G03_S75,G1,30248,Aes,4,6,7.334,1.7495,2.1448,9.8492
SS3_MAF_leo180223_p6_E06_S54,G1,15835,Aes,5,2,7.334,1.7495,2.1448,9.8492
SS3_MAF_leo180223_p6_G07_S79,G1,44754,Aes,5,6,7.334,1.7495,2.1448,9.8492
SS3_MAF_leo180223_p6_G09_S81,G1,14370,Aes,1,1,7.334,1.7495,2.1448,9.8492
SS3_MAF_leo180223_p6_G11_S83,S,43335,Aes,5,5,7.334,1.7495,2.1448,9.8492
SS3_MAF_leo180223_p6_D08_S44,G1,11889,Aes,2,3,7.334,1.7495,2.1448,9.8492
SS3_MAF_leo180223_p6_H07_S91,G1,10415,Aes,2,2,7.334,1.7495,2.1448,9.8492
SS3_MAF_leo180223_p6_H09_S93,G1,13994,Aes,0,3,7.334,1.7495,2.1448,9.8492
SS3_MAF_leo180223_p6_H11_S95,G1,17619,Aes,1,0,7.334,1.7495,2.1448,9.8492
SS3_MAF_leo180223_p6_G06_S78,G1,17000,Aes,2,8,7.334,1.7495,2.1448,9.8492
SS3_MAF_leo180223_p6_E12_S60,G1,29942,Aes,1,7,7.334,1.7495,2.1448,9.8492
SS3_MAF_leo180223_p4_S101,S,46504,Aes,2,7,7.334,1.7495,2.1448,9.8492
SS3_MAF_leo180223_p4_S102,G1,28700,Aes,6,3,7.334,1.7495,2.1448,9.8492
SS3_MAF_leo180223_p4_S104,G2M,9443,Aes,1,2,7.334,1.7495,2.1448,9.8492
SS3_MAF_leo180223_p4_S108,G1,8102,Aes,4,3,7.334,1.7495,2.1448,9.8492
SS3_MAF_leo180223_p4_S105,G1,46105,Aes,5,12,7.334,1.7495,2.1448,9.8492
SS3_MAF_leo180223_p4_S106,G1,46823,Aes,4,6,7.334,1.7495,2.1448,9.8492
SS3_MAF_leo180223_p6_D10_S46,G1,15028,Aes,2,2,7.334,1.7495,2.1448,9.8492
SS3_MAF_leo180223_p4_S107,G1,57441,Aes,7,14,7.334,1.7495,2.1448,9.8492
SS3_MAF_leo180223_p6_F06_S66,G1,35862,Aes,7,8,7.334,1.7495,2.1448,9.8492
SS3_MAF_leo180223_p6_E08_S56,G1,19789,Aes,5,3,7.334,1.7495,2.1448,9.8492
SS3_MAF_leo180223_p6_H08_S92,G1,31398,Aes,1,9,7.334,1.7495,2.1448,9.8492
SS3_MAF_leo180223_p6_H10_S94,S,43246,Aes,3,7,7.334,1.7495,2.1448,9.8492
SS3_MAF_leo180223_p4_S109,G1,22942,Aes,4,3,7.334,1.7495,2.1448,9.8492
SS3_MAF_leo180223_p6_G04_S76,G1,14904,Aes,2,8,7.334,1.7495,2.1448,9.8492
SS3_MAF_leo180223_p4_S112,G1,10651,Aes,4,2,7.334,1.7495,2.1448,9.8492
SS3_MAF_leo180223_p4_S111,S,17722,Aes,4,3,7.334,1.7495,2.1448,9.8492
SS3_MAF_leo180223_p4_S113,G1,54566,Aes,2,9,7.334,1.7495,2.1448,9.8492
SS3_MAF_leo180223_p6_E02_S50,G1,56102,Aes,5,5,7.334,1.7495,2.1448,9.8492
SS3_MAF_leo180223_p4_S114,G1,41605,Aes,6,8,7.334,1.7495,2.1448,9.8492
SS3_MAF_leo180223_p4_S115,G1,31806,Aes,3,5,7.334,1.7495,2.1448,9.8492
SS3_MAF_leo180223_p4_S117,G1,33445,Aes,8,3,7.334,1.7495,2.1448,9.8492
SS3_MAF_leo180223_p4_S116,G2M,43218,Aes,3,9,7.334,1.7495,2.1448,9.8492
SS3_MAF_leo180223_p4_S118,G1,39079,Aes,5,3,7.334,1.7495,2.1448,9.8492
SS3_MAF_leo180223_p4_S119,G1,32951,Aes,5,2,7.334,1.7495,2.1448,9.8492
SS3_MAF_leo180223_p4_S123,S,42089,Aes,11,7,7.334,1.7495,2.1448,9.8492
SS3_MAF_leo180223_p4_S121,G1,35385,Aes,8,2,7.334,1.7495,2.1448,9.8492
SS3_MAF_leo180223_p4_S122,G1,48450,Aes,3,16,7.334,1.7495,2.1448,9.8492
SS3_MAF_leo180223_p4_S125,G1,36709,Aes,10,0,7.334,1.7495,2.1448,9.8492
SS3_MAF_leo180223_p4_S126,G1,14776,Aes,5,5,7.334,1.7495,2.1448,9.8492
SS3_MAF_leo180223_p4_S127,G1,30192,Aes,1,5,7.334,1.7495,2.1448,9.8492
SS3_MAF_leo180223_p4_S124,G1,48177,Aes,8,8,7.334,1.7495,2.1448,9.8492
SS3_MAF_leo180223_p4_S129,G1,39617,Aes,4,5,7.334,1.7495,2.1448,9.8492
SS3_MAF_leo180223_p4_S130,G1,30386,Aes,3,14,7.334,1.7495,2.1448,9.8492
SS3_MAF_leo180223_p4_S131,G2M,30460,Aes,2,7,7.334,1.7495,2.1448,9.8492
SS3_MAF_leo180223_p4_S132,G1,38643,Aes,1,6,7.334,1.7495,2.1448,9.8492
SS3_MAF_leo180223_p4_S134,G1,9113,Aes,1,1,7.334,1.7495,2.1448,9.8492
SS3_MAF_leo180223_p4_S133,G1,42441,Aes,5,8,7.334,1.7495,2.1448,9.8492
SS3_MAF_leo180223_p4_S135,G1,17189,Aes,0,6,7.334,1.7495,2.1448,9.8492
SS3_MAF_leo180223_p4_S139,G2M,11145,Aes,4,2,7.334,1.7495,2.1448,9.8492
SS3_MAF_leo180223_p4_S137,S,43012,Aes,0,2,7.334,1.7495,2.1448,9.8492
SS3_MAF_leo180223_p4_S138,G2M,50993,Aes,6,4,7.334,1.7495,2.1448,9.8492
SS3_MAF_leo180223_p4_S140,G1,10911,Aes,2,7,7.334,1.7495,2.1448,9.8492
SS3_MAF_leo180223_p4_S142,G1,13960,Aes,1,6,7.334,1.7495,2.1448,9.8492
SS3_MAF_leo180223_p4_S147,G1,18062,Aes,1,3,7.334,1.7495,2.1448,9.8492
SS3_MAF_leo180223_p4_S97,G1,34429,Aes,5,10,7.334,1.7495,2.1448,9.8492
SS3_MAF_leo180223_p4_S146,S,29223,Aes,4,12,7.334,1.7495,2.1448,9.8492
SS3_MAF_leo180223_p4_S145,G1,40112,Aes,6,6,7.334,1.7495,2.1448,9.8492
SS3_MAF_leo180223_p4_S148,G2M,35298,Aes,3,6,7.334,1.7495,2.1448,9.8492
SS3_MAF_leo180223_p4_S150,G2M,11070,Aes,1,1,7.334,1.7495,2.1448,9.8492
SS3_MAF_leo180223_p4_S149,G1,46283,Aes,7,5,7.334,1.7495,2.1448,9.8492
SS3_MAF_leo180223_p4_S151,G2M,37513,Aes,1,7,7.334,1.7495,2.1448,9.8492
SS3_MAF_leo180223_p4_S153,G1,57674,Aes,13,6,7.334,1.7495,2.1448,9.8492
SS3_MAF_leo180223_p4_S156,G1,20071,Aes,0,4,7.334,1.7495,2.1448,9.8492
SS3_MAF_leo180223_p4_S154,S,55869,Aes,4,7,7.334,1.7495,2.1448,9.8492
SS3_MAF_leo180223_p4_S157,G1,20536,Aes,3,1,7.334,1.7495,2.1448,9.8492
SS3_MAF_leo180223_p4_S159,G1,32667,Aes,3,4,7.334,1.7495,2.1448,9.8492
SS3_MAF_leo180223_p4_S158,G2M,48866,Aes,5,7,7.334,1.7495,2.1448,9.8492
SS3_MAF_leo180223_p4_S161,S,44634,Aes,4,5,7.334,1.7495,2.1448,9.8492
SS3_MAF_leo180223_p4_S160,G1,25072,Aes,2,6,7.334,1.7495,2.1448,9.8492
SS3_MAF_leo180223_p4_S162,G1,36811,Aes,2,11,7.334,1.7495,2.1448,9.8492
SS3_MAF_leo180223_p4_S164,G1,43467,Aes,5,9,7.334,1.7495,2.1448,9.8492
SS3_MAF_leo180223_p4_S166,S,28129,Aes,4,3,7.334,1.7495,2.1448,9.8492
SS3_MAF_leo180223_p4_S167,G1,26371,Aes,6,4,7.334,1.7495,2.1448,9.8492
SS3_MAF_leo180223_p4_S169,G1,34158,Aes,5,11,7.334,1.7495,2.1448,9.8492
SS3_MAF_leo180223_p4_S165,G1,39578,Aes,3,3,7.334,1.7495,2.1448,9.8492
SS3_MAF_leo180223_p4_S173,G1,19064,Aes,0,1,7.334,1.7495,2.1448,9.8492
SS3_MAF_leo180223_p4_S170,G1,51247,Aes,7,4,7.334,1.7495,2.1448,9.8492
SS3_MAF_leo180223_p4_S171,S,67232,Aes,8,8,7.334,1.7495,2.1448,9.8492
SS3_MAF_leo180223_p4_S177,S,44173,Aes,2,1,7.334,1.7495,2.1448,9.8492
SS3_MAF_leo180223_p4_S174,G1,31352,Aes,2,8,7.334,1.7495,2.1448,9.8492
SS3_MAF_leo180223_p4_S180,G1,16181,Aes,2,1,7.334,1.7495,2.1448,9.8492
SS3_MAF_leo180223_p4_S176,G1,20544,Aes,3,4,7.334,1.7495,2.1448,9.8492
SS3_MAF_leo180223_p4_S179,G1,32343,Aes,5,2,7.334,1.7495,2.1448,9.8492
SS3_MAF_leo180223_p4_S178,S,57266,Aes,5,8,7.334,1.7495,2.1448,9.8492
SS3_MAF_leo180223_p4_S181,G1,25042,Aes,6,12,7.334,1.7495,2.1448,9.8492
SS3_MAF_leo180223_p4_S183,G1,33832,Aes,1,1,7.334,1.7495,2.1448,9.8492
SS3_MAF_leo180223_p4_S182,G1,52029,Aes,9,11,7.334,1.7495,2.1448,9.8492
SS3_MAF_leo180223_p4_S186,S,58004,Aes,5,1,7.334,1.7495,2.1448,9.8492
SS3_MAF_leo180223_p4_S187,G2M,15045,Aes,1,1,7.334,1.7495,2.1448,9.8492
SS3_MAF_leo180223_p4_S191,G2M,11140,Aes,3,1,7.334,1.7495,2.1448,9.8492
SS3_MAF_leo180223_p4_S185,G1,52790,Aes,3,6,7.334,1.7495,2.1448,9.8492
SS3_MAF_leo180223_p4_S189,G1,66797,Aes,12,15,7.334,1.7495,2.1448,9.8492
SS3_MAF_leo180223_p4_S188,G1,51539,Aes,4,10,7.334,1.7495,2.1448,9.8492
SS3_MAF_leo180223_p4_S190,G1,37493,Aes,2,11,7.334,1.7495,2.1448,9.8492
SS3_MAF_leo180223_p4_S98,G1,27030,Aes,4,8,7.334,1.7495,2.1448,9.8492
SS3_MAF_leo180223_p4_S99,G1,22647,Aes,4,11,7.334,1.7495,2.1448,9.8492
