hhid,trip,choice,price_Pk_Stk,price_BB_Stk,price_Fl_Stk,price_Hse_Stk,price_Gen_Stk,price_Imp_Stk,price_SS_Tub,price_Pk_Tub,price_Fl_Tub,price_Hse_Tub
2100016,1,Pk_Stk,0.66,0.67,1.09,0.57,0.36,0.93,0.85,1.09,1.19,0.33
2100016,2,Pk_Stk,0.63,0.67,0.99,0.57,0.36,1.03,0.85,1.09,1.19,0.37
2100016,3,Pk_Stk,0.29,0.5,0.99,0.57,0.36,0.69,0.79,1.09,1.19,0.59
2100016,4,Pk_Stk,0.62,0.61,0.99,0.57,0.36,0.75,0.85,1.09,1.19,0.59
2100016,5,Pk_Stk,0.5,0.58,0.99,0.45,0.33,0.72,0.85,1.07,1.19,0.59
2100016,6,Hse_Stk,0.58,0.45,0.99,0.45,0.33,0.72,0.85,1.07,1.19,0.59
2100016,7,Pk_Stk,0.29,0.51,0.99,0.29,0.33,0.72,0.85,1.07,1.19,0.59
2100024,1,Pk_Stk,0.66,0.45,1.08,0.57,0.36,0.93,0.85,1.09,1.19,0.33
2100024,2,Hse_Stk,0.66,0.59,1.08,0.57,0.36,0.93,0.85,1.09,1.34,0.33
2100024,3,Pk_Stk,0.66,0.67,1.09,0.57,0.36,0.93,0.85,1.09,1.19,0.33
2100024,4,Hse_Stk,0.63,0.59,1.08,0.57,0.36,0.93,0.85,1.09,1.19,0.59
2100024,5,Pk_Tub,0.63,0.59,0.99,0.57,0.36,0.88,0.85,1.09,1.19,0.59
2100024,6,Hse_Stk,0.62,0.61,0.99,0.49,0.33,0.75,0.85,1.09,1.19,0.59
2100024,7,Fl_Stk,0.58,0.45,0.99,0.45,0.33,0.72,0.65,1.07,1.19,0.59
2100024,8,Pk_Stk,0.58,0.58,0.99,0.29,0.34,0.72,0.85,1.07,1.19,0.59
2100024,9,Pk_Stk,0.29,0.5,0.99,0.33,0.33,0.72,0.85,1.07,1.19,0.59
2100024,10,Pk_Stk,0.39,0.58,0.99,0.29,0.33,0.69,0.79,1.09,1.19,0.56
2100024,11,Pk_Stk,0.19,0.58,0.99,0.29,0.34,0.69,0.79,1.09,1.19,0.56
2100495,1,Pk_Stk,0.25,0.61,0.99,0.45,0.33,0.75,0.85,1.09,1.19,0.59
2100495,2,Pk_Stk,0.58,0.61,0.99,0.45,0.34,0.75,0.85,1.07,1.19,0.59
2100495,3,Pk_Stk,0.5,0.58,0.99,0.45,0.34,0.72,0.86,1.07,1.19,0.59
2100495,4,Pk_Stk,0.5,0.5,0.99,0.45,0.33,0.72,0.85,1.07,1.19,0.59
2100495,5,Pk_Stk,0.58,0.45,0.99,0.45,0.33,0.79,0.89,1.09,1.19,0.68
2100495,6,Pk_Stk,0.58,0.58,0.99,0.45,0.33,0.72,0.85,1.07,1.19,0.59
2100495,7,Pk_Stk,0.58,0.58,0.99,0.45,0.34,0.72,0.85,1.07,1.19,0.59
2100495,8,Pk_Stk,0.29,0.5,0.99,0.29,0.34,0.69,0.79,1.09,1.19,0.56
2100495,9,Pk_Stk,0.29,0.5,0.99,0.29,0.34,0.69,0.79,1.09,1.19,0.56
2100495,10,Pk_Stk,0.58,0.5,0.99,0.29,0.34,0.69,0.79,1.07,1.19,0.56
2100495,11,Pk_Stk,0.58,0.5,0.99,0.29,0.34,0.69,0.79,1.07,1.19,0.56
2100560,1,BB_Stk,0.63,0.67,0.99,0.57,0.49,0.93,0.85,0.98,1.17,0.59
2100560,2,Hse_Stk,0.19,0.58,0.99,0.29,0.33,0.69,0.79,1.09,1.19,0.56
2100610,1,SS_Tub,0.67,0.67,1.08,0.57,0.53,0.83,0.85,0.98,1.17,0.59
2100610,2,Hse_Stk,0.62,0.61,0.99,0.45,0.33,0.75,0.85,1.09,1.19,0.59
2100628,1,Pk_Stk,0.58,0.25,0.99,0.29,0.33,0.72,0.85,1.07,1.19,0.59
2100685,1,Pk_Stk,0.62,0.61,0.99,0.57,0.36,0.75,0.85,1.09,1.19,0.59
2100685,2,BB_Stk,0.25,0.39,0.99,0.45,0.33,0.75,0.85,1.09,1.19,0.59
2100685,3,Fl_Stk,0.5,0.58,0.99,0.19,0.34,0.72,0.65,1.07,1.19,0.59
2100685,4,Hse_Stk,0.58,0.45,0.99,0.45,0.33,0.72,0.85,1.07,1.19,0.59
2100685,5,Fl_Stk,0.19,0.58,0.99,0.29,0.34,0.69,0.79,1.11,1.19,0.56
2100685,6,Fl_Stk,0.39,0.58,0.99,0.29,0.33,0.69,0.63,1.09,1.19,0.56
2100693,1,Fl_Tub,0.62,0.5,1.13,0.57,0.36,0.93,0.85,1.16,1.19,0.59
2100693,2,Fl_Tub,0.29,0.5,0.99,0.57,0.36,0.69,0.79,1.09,1.19,0.59
2100693,3,Fl_Tub,0.62,0.61,0.99,0.29,0.37,0.75,0.85,1.09,1.19,0.59
2100693,4,Hse_Stk,0.62,0.61,0.99,0.29,0.37,0.75,0.85,1.09,1.19,0.59
2100693,5,Fl_Tub,0.62,0.61,0.99,0.49,0.33,0.75,0.5,1.09,1.19,0.59
2100693,6,Fl_Tub,0.62,0.61,0.99,0.49,0.33,0.75,0.65,1.09,1.19,0.59
2100693,7,Hse_Stk,0.62,0.61,0.99,0.45,0.34,0.75,0.85,1.09,1.19,0.59
2100693,8,Fl_Tub,0.58,0.6,0.99,0.45,0.33,0.75,0.65,1.07,1.19,0.59
2100693,9,Fl_Stk,0.58,0.58,0.99,0.45,0.33,0.72,0.85,1.07,1.19,0.59
2100693,10,Fl_Stk,0.58,0.58,0.99,0.45,0.33,0.72,0.65,1.07,1.19,0.59
2100693,11,Fl_Tub,0.58,0.25,0.99,0.45,0.33,0.72,0.65,1.07,1.19,0.59
2100693,12,Fl_Stk,0.58,0.58,0.99,0.45,0.33,0.72,0.85,1.07,1.19,0.59
2100693,13,Fl_Tub,0.58,0.58,0.99,0.45,0.33,0.72,0.85,1.07,1.19,0.59
2100693,14,Fl_Tub,0.58,0.58,0.99,0.29,0.33,0.69,0.5,1.08,1.19,0.56
2100693,15,Fl_Stk,0.58,0.58,0.99,0.29,0.33,0.69,0.5,1.08,1.19,0.56
2100693,16,Fl_Tub,0.29,0.5,0.99,0.29,0.33,0.69,0.56,1.09,1.19,0.56
2100693,17,Pk_Stk,0.58,0.19,0.99,0.29,0.34,0.69,0.79,1.07,1.19,0.56
2100750,1,Pk_Stk,0.29,0.67,1.09,0.57,0.34,0.93,0.85,1.09,1.19,0.33
2100750,2,Pk_Stk,0.29,0.5,0.99,0.57,0.36,0.69,0.79,1.09,1.19,0.59
2100750,3,BB_Stk,0.62,0.61,0.99,0.49,0.33,0.75,0.85,1.09,1.19,0.59
2100750,4,BB_Stk,0.62,0.61,0.99,0.45,0.34,0.75,0.85,1.09,1.19,0.59
2100750,5,BB_Stk,0.62,0.61,0.99,0.45,0.33,0.75,0.85,1.09,1.19,0.59
2100750,6,Pk_Stk,0.25,0.61,0.99,0.45,0.33,0.75,0.85,1.09,1.19,0.59
2100750,7,Pk_Stk,0.19,0.58,0.99,0.29,0.34,0.69,0.79,1.11,1.19,0.56
2100750,8,Pk_Stk,0.29,0.55,0.99,0.29,0.33,0.69,0.79,1.09,1.19,0.56
2100750,9,Pk_Stk,0.19,0.58,0.99,0.29,0.34,0.69,0.79,1.09,1.19,0.56
2100834,1,SS_Tub,0.62,0.5,1.09,0.57,0.36,0.93,0.75,1.09,1.19,0.59
2100834,2,SS_Tub,0.62,0.61,0.99,0.45,0.33,0.75,0.85,1.09,1.19,0.59
2100834,3,Hse_Tub,0.58,0.39,0.99,0.45,0.33,0.72,0.85,1.07,1.19,0.59
2100834,4,BB_Stk,0.58,0.44,0.99,0.45,0.33,0.72,0.85,1.07,1.19,0.59
2100834,5,SS_Tub,0.39,0.58,0.99,0.29,0.34,0.69,0.79,1.07,1.19,0.56
2100875,1,SS_Tub,0.63,0.67,0.99,0.57,0.49,0.93,0.71,0.98,1.17,0.59
2100875,2,Hse_Tub,0.66,0.67,1.08,0.57,0.36,0.93,0.85,1.09,1.19,0.33
2100875,3,BB_Stk,0.58,0.45,0.99,0.45,0.33,0.72,0.85,1.07,1.19,0.59
2100933,1,Pk_Stk,0.29,0.5,0.99,0.57,0.36,0.69,0.79,1.09,1.19,0.59
2100933,2,Pk_Stk,0.39,0.58,0.99,0.29,0.33,0.69,0.79,1.09,1.19,0.56
2101188,1,Fl_Stk,0.67,0.67,1.08,0.57,0.39,0.83,0.85,0.98,1.17,0.59
2101188,2,Fl_Stk,0.66,0.59,0.99,0.57,0.36,0.93,0.85,1.09,1.19,0.33
2101188,3,Fl_Stk,0.29,0.32,0.99,0.64,0.34,0.58,0.79,1.09,1.19,0.64
2101188,4,Fl_Stk,0.62,0.61,0.99,0.29,0.37,0.75,0.85,1.09,1.19,0.59
2101188,5,Fl_Stk,0.62,0.61,0.99,0.57,0.36,0.73,0.85,1.09,1.19,0.58
2101188,6,Fl_Stk,0.58,0.58,0.99,0.45,0.33,0.72,0.85,1.07,1.19,0.59
2101188,7,Fl_Stk,0.29,0.5,0.99,0.33,0.33,0.72,0.85,1.07,1.19,0.59
2101188,8,Fl_Stk,0.58,0.58,0.99,0.29,0.34,0.69,0.79,1.07,1.19,0.57
2101188,9,Fl_Stk,0.29,0.5,0.99,0.29,0.33,0.69,0.79,1.09,1.19,0.56
2101295,1,Pk_Stk,0.63,0.59,1.08,0.57,0.45,0.93,0.85,0.98,1.17,0.59
2101295,2,Pk_Stk,0.66,0.59,1.08,0.57,0.36,0.93,0.85,1.09,1.19,0.33
2101295,3,Pk_Stk,0.62,0.5,1.09,0.57,0.36,1.23,0.85,1.24,1.34,0.71
2101295,4,Pk_Stk,0.62,0.5,1.09,0.58,0.34,1.07,0.85,1.1,1.19,0.63
2101295,5,Hse_Stk,0.62,0.61,0.99,0.29,0.37,0.75,0.85,1.09,1.19,0.59
2101295,6,Pk_Stk,0.62,0.61,0.99,0.49,0.33,0.75,0.85,1.09,1.19,0.59
2101295,7,BB_Stk,0.62,0.61,0.99,0.45,0.33,0.75,0.85,1.09,1.19,0.59
2101295,8,BB_Stk,0.62,0.61,0.99,0.45,0.34,0.75,0.85,1.09,1.19,0.59
2101295,9,Pk_Stk,0.58,0.58,0.99,0.45,0.33,0.72,0.85,1.07,1.19,0.59
2101295,10,Pk_Stk,0.58,0.58,0.99,0.45,0.33,0.72,0.85,1.07,1.19,0.59
2101303,1,BB_Stk,0.63,0.59,1.09,0.57,0.33,0.75,0.85,0.98,0.69,0.59
2101303,2,Pk_Stk,0.63,0.72,0.99,0.57,0.36,0.42,0.85,1.09,1.19,0.52
2101303,3,Pk_Stk,0.62,0.67,1.09,0.57,0.34,0.93,0.85,1.09,1.19,0.59
2101303,4,Pk_Stk,0.62,0.29,1.1,0.58,0.33,0.95,0.85,1.09,1.19,0.6
2101303,5,Pk_Stk,0.62,0.5,1.09,0.57,0.33,0.78,0.85,1.09,1.19,0.59
2101303,6,Pk_Stk,0.5,0.6,0.99,0.45,0.33,0.75,0.85,1.08,1.19,0.59
2101303,7,Pk_Stk,0.5,0.58,0.99,0.45,0.33,0.72,0.85,1.07,1.19,0.59
2101303,8,Pk_Stk,0.58,0.58,0.99,0.45,0.34,0.72,0.85,1.07,1.19,0.59
2101378,1,BB_Stk,0.62,0.5,1.09,0.57,0.34,0.93,0.85,1.09,1.19,0.59
2101378,2,Pk_Stk,0.62,0.61,0.99,0.49,0.33,0.75,0.85,1.09,1.19,0.59
2101378,3,Hse_Stk,0.62,0.61,0.99,0.45,0.33,0.75,0.85,1.09,1.19,0.59
2101378,4,Hse_Stk,0.62,0.61,0.99,0.45,0.33,0.75,0.85,1.09,1.19,0.59
2101378,5,Hse_Stk,0.25,0.61,0.99,0.45,0.33,0.74,0.85,1.09,1.19,0.59
2101378,6,Pk_Stk,0.25,0.61,0.99,0.45,0.33,0.75,0.85,1.09,1.19,0.59
2101378,7,Imp_Stk,0.5,0.58,0.99,0.45,0.34,0.72,0.85,1.07,1.19,0.59
2101378,8,Pk_Stk,0.5,0.58,0.99,0.45,0.34,0.72,0.85,1.07,1.19,0.59
2101378,9,Imp_Stk,0.58,0.58,0.99,0.45,0.33,0.72,0.85,1.07,1.19,0.59
2101378,10,BB_Stk,0.58,0.45,0.99,0.45,0.34,0.72,0.85,1.07,1.19,0.59
2101378,11,Hse_Stk,0.58,0.58,0.99,0.25,0.33,0.72,0.85,1.07,1.19,0.59
2101378,12,Pk_Stk,0.58,0.58,0.99,0.29,0.33,0.69,0.79,1.07,1.19,0.57
2101378,13,Imp_Stk,0.58,0.58,0.99,0.29,0.33,0.69,0.79,1.07,1.19,0.57
2101378,14,Pk_Stk,0.58,0.58,0.99,0.29,0.33,0.69,0.79,1.07,1.19,0.56
2101378,15,Pk_Stk,0.39,0.58,0.99,0.29,0.33,0.69,0.79,1.1,1.19,0.56
2101451,1,Pk_Tub,0.46,0.67,1.09,0.57,0.35,0.93,0.85,1.09,1.19,0.33
2101451,2,Pk_Tub,0.63,0.67,1.09,0.57,0.36,0.93,0.85,1.09,1.2,0.33
2101451,3,Pk_Tub,0.63,0.65,1.09,0.56,0.36,0.93,0.85,1.09,1.19,0.6
2101451,4,Pk_Tub,0.63,0.67,0.99,0.57,0.36,0.87,0.64,1.09,1.15,0.59
2101451,5,Pk_Tub,0.62,0.67,1.09,0.57,0.36,0.93,0.85,1.09,1.19,0.59
2101451,6,Pk_Tub,0.29,0.5,1.01,0.57,0.36,0.69,0.79,1.09,1.19,0.59
2101451,7,Pk_Tub,0.62,0.54,1.03,0.57,0.33,0.79,0.85,1.09,1.19,0.59
2101451,8,Pk_Tub,0.62,0.5,1.09,0.57,0.33,0.93,0.85,1.09,1.19,0.59
2101451,9,Pk_Tub,0.62,0.5,1.09,0.57,0.34,0.93,0.85,1.09,1.19,0.59
2101451,10,Pk_Tub,0.62,0.61,0.99,0.33,0.36,0.75,0.65,1.09,1.2,0.58
2101451,11,Pk_Tub,0.62,0.5,0.99,0.57,0.33,0.75,0.85,1.09,1.19,0.59
2101451,12,Pk_Tub,0.62,0.61,0.99,0.49,0.33,0.75,0.5,1.09,1.19,0.59
2101451,13,Pk_Tub,0.62,0.61,0.99,0.45,0.33,0.75,0.65,1.09,1.19,0.59
2101451,14,Pk_Tub,0.62,0.61,0.99,0.45,0.33,0.75,0.85,1.09,1.19,0.59
2101451,15,Pk_Tub,0.62,0.61,0.99,0.45,0.33,0.75,0.85,1.09,1.19,0.59
2101451,16,Pk_Tub,0.58,0.61,0.99,0.45,0.33,0.75,0.85,1.09,1.19,0.59
2101451,17,Pk_Tub,0.5,0.6,0.99,0.45,0.33,0.75,0.85,1.07,1.19,0.59
2101451,18,Pk_Tub,0.5,0.58,0.99,0.45,0.34,0.72,0.85,1.07,1.19,0.59
2101451,19,Pk_Tub,0.58,0.58,0.99,0.45,0.33,0.72,0.85,1.07,1.19,0.59
2101451,20,Pk_Tub,0.58,0.45,0.99,0.45,0.34,0.72,0.65,1.07,1.19,0.59
2101451,21,Pk_Tub,0.58,0.58,0.99,0.45,0.33,0.72,0.85,1.07,1.19,0.59
2101451,22,Pk_Tub,0.58,0.55,0.99,0.37,0.34,0.72,0.65,1.07,1.19,0.59
2101451,23,Pk_Tub,0.58,0.25,0.99,0.29,0.34,0.72,0.5,1.07,1.19,0.59
2101451,24,Pk_Tub,0.58,0.58,0.99,0.29,0.33,0.69,0.5,1.07,1.19,0.56
2101451,25,Pk_Tub,0.19,0.58,0.99,0.29,0.33,0.69,0.79,1.12,1.19,0.56
2101451,26,Pk_Tub,0.29,0.45,0.99,0.29,0.33,0.69,0.79,1.09,1.19,0.56
2101451,27,Pk_Tub,0.58,0.19,0.99,0.29,0.33,0.69,0.79,1.07,1.19,0.56
2101451,28,Pk_Tub,0.58,0.58,0.99,0.29,0.34,0.69,0.63,1.07,1.19,0.56
2101618,1,SS_Tub,0.58,0.58,0.99,0.29,0.34,0.69,0.79,1.12,1.19,0.56
2101618,2,Pk_Tub,0.47,0.54,0.99,0.29,0.33,0.69,0.79,1.09,1.19,0.56
2101675,1,Hse_Stk,0.58,0.53,0.99,0.33,0.33,0.72,0.85,1.07,1.18,0.59
2101675,2,Hse_Stk,0.58,0.58,0.99,0.29,0.34,0.69,0.79,1.07,1.19,0.56
2101675,3,SS_Tub,0.58,0.58,0.99,0.29,0.34,0.69,0.5,1.07,1.19,0.56
2101675,4,Pk_Stk,0.19,0.58,0.99,0.29,0.33,0.69,0.79,1.12,1.19,0.56
2101741,1,SS_Tub,0.58,0.58,0.99,0.45,0.33,0.72,0.85,1.07,1.19,0.59
2101741,2,SS_Tub,0.58,0.25,0.99,0.29,0.34,0.72,0.85,1.07,1.19,0.59
2101741,3,SS_Tub,0.39,0.55,0.99,0.29,0.34,0.69,0.56,1.09,1.19,0.56
2101758,1,BB_Stk,0.62,0.61,0.99,0.45,0.33,0.75,0.85,1.09,1.19,0.59
2101758,2,BB_Stk,0.62,0.61,0.99,0.45,0.34,0.75,0.85,1.09,1.19,0.59
2101758,3,Pk_Stk,0.58,0.58,0.99,0.45,0.33,0.72,0.85,1.07,1.19,0.59
2101758,4,BB_Stk,0.58,0.45,0.99,0.45,0.33,0.72,0.85,1.07,1.19,0.59
2101758,5,Pk_Stk,0.19,0.58,0.99,0.29,0.33,0.69,0.79,1.09,1.19,0.56
2101949,1,Pk_Stk,0.63,0.67,1.09,0.57,0.36,0.93,0.85,1.09,1.19,0.33
2101949,2,BB_Stk,0.63,0.67,0.99,0.57,0.36,0.93,0.85,1.09,1.19,0.58
2101949,3,Pk_Stk,0.62,0.5,1.09,0.57,0.36,0.93,0.85,1.09,1.19,0.59
2101949,4,Pk_Stk,0.29,0.5,0.99,0.57,0.36,0.69,0.79,1.09,1.19,0.59
2101949,5,Pk_Tub,0.62,0.61,0.99,0.57,0.36,0.75,0.85,1.09,1.19,0.59
2101949,6,Pk_Stk,0.5,0.39,0.99,0.45,0.33,0.72,0.85,1.07,1.19,0.59
2101949,7,Pk_Stk,0.5,0.39,0.99,0.45,0.33,0.72,0.85,1.07,1.19,0.59
2101949,8,Pk_Stk,0.58,0.39,0.99,0.45,0.33,0.72,0.85,1.07,1.19,0.59
2101949,9,Pk_Stk,0.58,0.25,0.99,0.45,0.33,0.72,0.85,1.07,1.19,0.59
2101949,10,Pk_Stk,0.58,0.25,0.99,0.29,0.34,0.72,0.85,1.07,1.19,0.59
2101949,11,Pk_Tub,0.58,0.58,0.99,0.29,0.33,0.69,0.79,1.12,1.19,0.56
2101949,12,Pk_Stk,0.19,0.58,0.99,0.29,0.33,0.69,0.79,1.12,1.19,0.56
2101956,1,Fl_Tub,0.29,0.5,1.01,0.57,0.36,0.69,0.79,1.09,1.19,0.59
2101956,2,Pk_Stk,0.62,0.5,0.99,0.57,0.36,0.6,0.85,1.09,1.24,0.47
2101956,3,Pk_Tub,0.62,0.5,0.99,0.57,0.36,0.6,0.85,1.09,1.24,0.47
2101956,4,Fl_Tub,0.62,0.61,0.99,0.45,0.33,0.75,0.85,1.09,1.19,0.59
2101956,5,BB_Stk,0.58,0.61,0.99,0.45,0.33,0.75,0.85,1.09,1.19,0.59
2101956,6,Fl_Tub,0.5,0.39,0.99,0.45,0.33,0.72,0.85,1.07,1.19,0.59
2101956,7,BB_Stk,0.5,0.39,0.99,0.45,0.33,0.72,0.85,1.07,1.19,0.59
2101956,8,BB_Stk,0.58,0.45,0.99,0.25,0.33,0.72,0.85,1.07,1.19,0.59
2101956,9,Pk_Tub,0.58,0.45,0.99,0.25,0.33,0.72,0.85,1.07,1.19,0.59
2101956,10,BB_Stk,0.58,0.45,1.02,0.25,0.34,0.92,0.85,1.07,1.19,0.59
2102046,1,BB_Stk,0.29,0.5,1.01,0.57,0.36,0.69,0.66,1.09,1.19,0.59
2102046,2,Pk_Stk,0.62,0.54,1.03,0.57,0.33,0.79,0.85,1.09,1.19,0.59
2102046,3,Pk_Stk,0.62,0.54,1.03,0.57,0.33,0.79,0.85,1.09,1.19,0.59
2102046,4,Pk_Stk,0.62,0.6,0.99,0.33,0.36,0.79,0.85,1.09,1.19,0.57
2102046,5,Pk_Stk,0.62,0.61,0.99,0.53,0.36,0.71,0.85,1.09,1.19,0.59
2102046,6,Pk_Stk,0.62,0.61,0.99,0.49,0.33,0.75,0.85,1.09,1.19,0.59
2102046,7,Pk_Stk,0.62,0.61,0.99,0.49,0.33,0.75,0.85,1.09,1.19,0.59
2102046,8,Pk_Stk,0.5,0.58,0.99,0.19,0.33,0.69,0.85,1.07,1.19,0.59
2102046,9,Pk_Stk,0.58,0.45,1.02,0.25,0.34,0.92,0.85,1.07,1.19,0.59
2102046,10,Pk_Stk,0.58,0.58,0.99,0.33,0.33,0.72,0.85,1.07,1.19,0.59
2102046,11,Pk_Stk,0.19,0.6,0.99,0.29,0.33,0.69,0.79,1.09,1.19,0.56
2102046,12,BB_Stk,0.58,0.19,0.99,0.29,0.34,0.69,0.79,1.07,1.19,0.56
2102046,13,Pk_Stk,0.58,0.58,0.99,0.29,0.34,0.69,0.79,1.07,1.19,0.56
2102087,1,BB_Stk,0.62,0.61,0.99,0.45,0.33,0.75,0.85,1.09,1.19,0.59
2102087,2,BB_Stk,0.58,0.19,0.99,0.29,0.33,0.69,0.79,1.07,1.19,0.56
2102152,1,Pk_Stk,0.63,0.67,0.99,0.57,0.49,0.93,0.85,0.98,1.17,0.59
2102152,2,Pk_Stk,0.63,0.67,1.08,0.57,0.33,0.93,0.85,0.98,1.17,0.59
2102152,3,Pk_Stk,0.63,0.67,1.08,0.57,0.33,0.93,0.85,0.98,1.17,0.59
2102152,4,Pk_Stk,0.62,0.61,0.99,0.49,0.33,0.75,0.85,1.09,1.19,0.59
2102152,5,Pk_Stk,0.5,0.5,0.99,0.45,0.33,0.72,0.85,1.07,1.19,0.59
2102152,6,Pk_Stk,0.58,0.58,0.99,0.33,0.33,0.72,0.85,1.07,1.19,0.55
2102186,1,BB_Stk,0.62,0.67,1.09,0.57,0.36,0.93,0.85,1.09,1.19,0.59
2102186,2,BB_Stk,0.62,0.29,1.09,0.57,0.36,0.93,0.85,1.09,1.19,0.59
2102186,3,BB_Stk,0.62,0.29,1.09,0.57,0.36,0.93,0.85,1.09,1.19,0.59
2102186,4,Pk_Stk,0.29,0.5,1.01,0.57,0.36,0.69,0.79,1.09,1.19,0.59
2102186,5,Pk_Stk,0.29,0.5,1.01,0.57,0.36,0.69,0.79,1.09,1.19,0.59
2102186,6,Hse_Stk,0.62,0.61,1.09,0.29,0.36,0.75,0.85,1.09,1.19,0.59
2102186,7,Gen_Stk,0.62,0.61,0.99,0.33,0.36,0.75,0.85,1.09,1.2,0.58
2102186,8,Pk_Stk,0.62,0.61,0.99,0.49,0.33,0.75,0.85,1.09,1.19,0.59
2102186,9,BB_Stk,0.62,0.61,0.99,0.49,0.33,0.75,0.85,1.09,1.19,0.59
2102186,10,BB_Stk,0.62,0.61,0.99,0.49,0.33,0.75,0.85,1.09,1.19,0.59
2102186,11,BB_Stk,0.62,0.61,0.99,0.49,0.33,0.75,0.85,1.09,1.19,0.59
2102186,12,Pk_Tub,0.62,0.61,0.99,0.48,0.33,0.75,0.85,1.09,1.19,0.59
2102186,13,BB_Stk,0.62,0.61,0.99,0.45,0.33,0.75,0.85,1.09,1.19,0.59
2102186,14,BB_Stk,0.62,0.61,0.99,0.45,0.33,0.75,0.85,1.09,1.19,0.59
2102186,15,Pk_Stk,0.5,0.61,0.99,0.45,0.33,0.75,0.85,1.09,1.19,0.59
2102186,16,BB_Stk,0.58,0.25,0.99,0.27,0.33,0.92,0.85,1.07,1.19,0.59
2102186,17,Pk_Stk,0.58,0.45,0.99,0.29,0.33,0.78,0.85,1.07,1.19,0.58
2102186,18,Pk_Stk,0.29,0.5,0.99,0.3,0.33,0.72,0.85,1.07,1.19,0.59
2102186,19,BB_Stk,0.58,0.25,0.99,0.29,0.33,0.72,0.85,1.07,1.19,0.59
2102186,20,Fl_Stk,0.58,0.25,0.99,0.29,0.33,0.72,0.85,1.07,1.19,0.59
2102186,21,Pk_Stk,0.19,0.51,0.99,0.29,0.33,0.69,0.79,1.09,1.19,0.56
2102186,22,BB_Stk,0.58,0.19,0.99,0.29,0.34,0.69,0.79,1.07,1.19,0.56
2102228,1,Fl_Tub,0.66,0.67,1.08,0.57,0.36,0.93,0.85,1.09,1.19,0.33
2102228,2,Fl_Tub,0.29,0.5,0.99,0.57,0.35,0.69,0.79,1.09,1.19,0.67
2102228,3,Fl_Stk,0.62,0.61,0.99,0.49,0.34,0.75,0.65,1.09,1.19,0.59
2102228,4,Fl_Stk,0.58,0.45,0.99,0.45,0.33,0.72,0.85,1.07,1.19,0.59
2102228,5,Fl_Stk,0.29,0.5,0.99,0.29,0.34,0.69,0.56,1.09,1.19,0.56
2102251,1,Hse_Stk,0.63,0.67,1.1,0.57,0.36,0.93,0.85,1.08,1.18,0.33
2102251,2,Imp_Stk,0.63,0.63,1.11,0.58,0.36,0.33,0.85,1.08,1.19,0.47
2102251,3,BB_Stk,0.62,0.29,1.1,0.58,0.33,0.95,0.85,1.09,1.19,0.6
2102251,4,Hse_Stk,0.62,0.51,0.99,0.57,0.36,0.71,0.85,1.12,1.11,0.63
2102251,5,Hse_Stk,0.62,0.61,0.99,0.49,0.33,0.75,0.85,1.09,1.19,0.59
2102251,6,BB_Stk,0.62,0.61,0.99,0.45,0.33,0.75,0.85,1.09,1.19,0.59
2102251,7,BB_Stk,0.62,0.61,0.99,0.45,0.33,0.75,0.85,1.09,1.19,0.59
2102251,8,Hse_Stk,0.62,0.61,0.99,0.45,0.33,0.75,0.85,1.09,1.19,0.59
2102251,9,Pk_Stk,0.5,0.58,0.99,0.45,0.33,0.72,0.85,1.07,1.19,0.59
2102251,10,Pk_Stk,0.5,0.58,0.99,0.19,0.33,0.72,0.85,1.07,1.19,0.59
2102251,11,BB_Stk,0.58,0.45,0.99,0.45,0.33,0.72,0.85,1.07,1.19,0.59
2102251,12,Hse_Stk,0.58,0.65,0.99,0.25,0.34,0.72,0.85,1.07,1.19,0.59
2102251,13,Hse_Stk,0.58,0.58,0.99,0.29,0.34,0.72,0.85,1.07,1.19,0.59
2102251,14,Hse_Stk,0.58,0.53,0.99,0.33,0.33,0.72,0.85,1.07,1.18,0.59
2102251,15,Pk_Stk,0.19,0.58,0.99,0.29,0.33,0.69,0.79,1.12,1.19,0.56
2102277,1,Pk_Stk,0.19,0.58,0.99,0.29,0.33,0.69,0.79,1.12,1.19,0.56
2102277,2,Pk_Stk,0.19,0.58,0.99,0.29,0.34,0.69,0.79,1.09,1.19,0.56
2102285,1,Fl_Stk,0.29,0.5,0.99,0.29,0.33,0.69,0.79,1.09,1.19,0.56
2102426,1,BB_Stk,0.62,0.61,0.99,0.45,0.33,0.75,0.85,1.18,1.19,0.59
2102426,2,BB_Stk,0.58,0.39,0.99,0.45,0.33,0.72,0.85,1.07,1.19,0.59
2102426,3,Fl_Stk,0.58,0.58,0.99,0.45,0.33,0.72,0.85,1.07,1.19,0.59
2103200,1,Pk_Stk,0.63,0.67,1.08,0.57,0.49,0.77,0.73,0.98,1.17,0.5
2103200,2,Pk_Stk,0.67,0.67,1.08,0.57,0.49,0.83,0.85,0.98,1.17,0.5
2103200,3,BB_Stk,0.58,0.25,0.99,0.45,0.33,0.72,0.85,1.07,1.19,0.59
2103309,1,Hse_Stk,0.63,0.67,1.08,0.57,0.45,0.93,0.85,0.98,1.17,0.59
2103309,2,Hse_Stk,0.66,0.67,1.09,0.57,0.36,0.93,0.85,1.09,1.19,0.33
2103309,3,Hse_Stk,0.66,0.67,1.08,0.57,0.36,0.93,0.85,1.09,1.19,0.33
2103309,4,Hse_Stk,0.63,0.67,1.08,0.57,0.36,0.93,0.85,1.09,1.19,0.58
2103309,5,Hse_Stk,0.62,0.67,1.09,0.57,0.36,0.93,0.85,1.09,1.19,0.59
2103309,6,Hse_Stk,0.62,0.5,1.09,0.29,0.38,0.75,0.85,1.09,1.19,0.59
2103309,7,Hse_Stk,0.62,0.61,0.99,0.49,0.34,0.75,0.85,1.09,1.19,0.59
2103309,8,Hse_Stk,0.62,0.61,0.99,0.49,0.33,0.75,0.85,1.09,1.19,0.59
2103309,9,Hse_Stk,0.5,0.58,0.99,0.45,0.34,0.72,0.86,1.07,1.19,0.59
2103309,10,Hse_Stk,0.58,0.58,0.99,0.45,0.33,0.79,0.89,1.09,1.19,0.68
2103309,11,Hse_Stk,0.58,0.45,0.99,0.25,0.29,0.72,0.9,1.11,1.19,0.77
2103309,12,Pk_Stk,0.29,0.51,0.99,0.33,0.33,0.72,0.85,1.07,1.21,0.59
2103309,13,Hse_Stk,0.39,0.58,0.99,0.29,0.33,0.69,0.79,1.07,1.19,0.56
2103309,14,Hse_Stk,0.58,0.5,0.99,0.29,0.34,0.69,0.79,1.07,1.19,0.56
2103416,1,Pk_Stk,0.63,0.67,1.09,0.57,0.39,0.93,0.85,0.98,1.17,0.59
2103416,2,Gen_Stk,0.66,0.67,1.09,0.57,0.33,0.93,0.85,1.07,1.19,0.59
2103416,3,Hse_Stk,0.66,0.67,1.09,0.57,0.36,0.93,0.85,1.09,1.19,0.33
2103416,4,SS_Tub,0.66,0.67,1.09,0.57,0.36,0.93,0.85,1.09,1.19,0.33
2103416,5,Hse_Stk,0.66,0.67,1.09,0.57,0.36,0.93,0.85,1.09,1.19,0.33
2103416,6,SS_Tub,0.62,0.6,0.99,0.33,0.36,0.79,0.85,1.09,1.19,0.57
2103416,7,Hse_Stk,0.62,0.61,0.99,0.45,0.33,0.75,0.85,1.09,1.19,0.59
2103416,8,SS_Tub,0.62,0.61,0.99,0.45,0.33,0.75,0.85,1.09,1.19,0.59
2103416,9,SS_Tub,0.58,0.45,0.99,0.45,0.33,0.72,0.85,1.07,1.19,0.59
2103416,10,Pk_Stk,0.29,0.5,0.99,0.33,0.34,0.72,0.85,1.07,1.19,0.59
2103416,11,Pk_Stk,0.19,0.58,0.99,0.29,0.33,0.69,0.79,1.12,1.19,0.56
2103416,12,SS_Tub,0.47,0.54,0.99,0.29,0.33,0.69,0.79,1.09,1.19,0.56
2103630,1,BB_Stk,0.62,0.29,1.09,0.57,0.36,0.93,0.85,1.09,1.19,0.59
2103630,2,Fl_Tub,0.62,0.61,0.99,0.45,0.33,0.75,0.85,1.09,1.19,0.59
2103630,3,Imp_Stk,0.62,0.61,0.99,0.45,0.33,0.75,0.85,1.09,1.19,0.59
2103630,4,BB_Stk,0.25,0.61,0.99,0.45,0.33,0.75,0.85,1.09,1.19,0.59
2103630,5,Pk_Stk,0.29,0.5,0.99,0.33,0.34,0.72,0.85,1.07,1.19,0.59
2103630,6,Pk_Stk,0.19,0.58,0.99,0.29,0.34,0.69,0.79,1.09,1.19,0.56
2103697,1,Imp_Stk,0.67,0.67,1.08,0.57,0.39,0.83,0.85,0.98,1.17,0.5
2103697,2,BB_Stk,0.58,0.25,0.99,0.29,0.34,0.72,0.85,1.07,1.19,0.59
2103721,1,Pk_Stk,0.63,0.67,1.09,0.57,0.36,0.93,0.85,1.09,1.19,0.42
2103721,2,Pk_Stk,0.62,0.61,0.99,0.45,0.34,0.75,0.85,1.09,1.19,0.59
2103721,3,Pk_Stk,0.62,0.61,0.99,0.45,0.34,0.75,0.85,1.09,1.19,0.59
2103721,4,Hse_Stk,0.62,0.61,0.99,0.45,0.34,0.75,0.85,1.09,1.19,0.59
2103721,5,Hse_Stk,0.5,0.58,0.99,0.19,0.33,0.72,0.85,1.07,1.19,0.59
2103879,1,Gen_Stk,0.58,0.58,0.99,0.29,0.33,0.69,0.79,1.07,1.19,0.55
2103911,1,SS_Tub,0.63,0.67,1.08,0.57,0.49,0.79,0.85,0.98,1.17,0.59
2103911,2,Pk_Stk,0.63,0.67,1.09,0.57,0.45,0.93,0.85,0.98,1.17,0.59
2103911,3,Pk_Stk,0.19,0.59,1.08,0.57,0.42,1.03,0.85,1.09,1.19,0.6
2103911,4,Pk_Stk,0.58,0.58,0.99,0.45,0.33,0.72,0.85,1.07,1.19,0.59
2103911,5,Pk_Stk,0.58,0.45,0.99,0.45,0.33,0.72,0.85,1.07,1.19,0.59
2103911,6,Hse_Stk,0.58,0.65,0.99,0.25,0.34,0.72,0.85,1.07,1.19,0.59
2103911,7,Pk_Stk,0.58,0.58,0.99,0.29,0.33,0.72,0.85,1.07,1.19,0.59
2103911,8,Pk_Stk,0.19,0.58,0.99,0.29,0.34,0.69,0.79,1.11,1.19,0.56
2103911,9,Pk_Stk,0.39,0.19,0.99,0.29,0.34,0.69,0.79,1.07,1.19,0.56
2103978,1,BB_Stk,0.62,0.61,0.99,0.45,0.33,0.75,0.85,1.09,1.19,0.59
2103978,2,BB_Stk,0.58,0.25,0.99,0.29,0.33,0.72,0.85,1.07,1.19,0.59
2103978,3,Pk_Stk,0.19,0.58,0.99,0.29,0.34,0.69,0.79,1.09,1.19,0.56
2104109,1,Pk_Stk,0.66,0.67,1.08,0.57,0.33,0.93,0.85,1.09,1.19,0.59
2104109,2,Pk_Tub,0.66,0.67,1.08,0.57,0.33,0.93,0.85,1.09,1.19,0.59
2104109,3,Pk_Tub,0.66,0.67,1.09,0.57,0.36,0.93,0.85,1.09,1.19,0.33
2104109,4,Pk_Tub,0.66,0.67,1.08,0.57,0.36,0.93,0.85,1.09,1.19,0.33
2104109,5,Pk_Stk,0.29,0.67,1.08,0.57,0.35,0.93,0.85,1.09,1.19,0.33
2104109,6,Pk_Stk,0.63,0.67,1.08,0.57,0.36,0.93,0.85,1.09,1.19,0.58
2104109,7,Pk_Stk,0.63,0.66,0.99,0.57,0.36,0.93,0.85,1.09,1.18,0.59
2104109,8,Pk_Tub,0.63,0.67,0.99,0.57,0.36,0.93,0.85,1.09,1.19,0.59
2104109,9,BB_Stk,0.62,0.29,1.09,0.57,0.36,0.93,0.85,1.09,1.19,0.59
2104109,10,Pk_Stk,0.29,0.5,0.99,0.57,0.35,0.69,0.79,1.09,1.19,0.67
2104109,11,BB_Stk,0.62,0.5,1.09,0.57,0.34,0.93,0.85,1.09,1.19,0.59
2104109,12,Hse_Stk,0.62,0.5,1.09,0.29,0.38,0.75,0.85,1.09,1.19,0.59
2104109,13,Gen_Stk,0.62,0.5,0.99,0.31,0.36,0.75,0.85,1.1,1.19,0.59
2104109,14,Pk_Stk,0.62,0.5,0.99,0.49,0.33,0.75,0.85,1.09,1.19,0.59
2104109,15,BB_Stk,0.62,0.61,0.99,0.49,0.34,0.75,0.85,1.09,1.19,0.59
2104109,16,Pk_Tub,0.62,0.61,0.99,0.49,0.34,0.75,0.65,1.09,1.19,0.59
2104109,17,BB_Stk,0.62,0.61,0.99,0.45,0.33,0.75,0.85,1.09,1.19,0.59
2104109,18,Pk_Stk,0.25,0.61,0.99,0.45,0.33,0.75,0.85,1.09,1.19,0.59
2104109,19,Pk_Tub,0.5,0.58,0.99,0.45,0.33,0.72,0.85,1.07,1.19,0.59
2104109,20,Pk_Tub,0.58,0.45,0.99,0.45,0.33,0.72,0.85,1.07,1.19,0.59
2104109,21,Hse_Stk,0.58,0.45,0.99,0.25,0.29,0.72,0.9,1.11,1.19,0.77
2104109,22,BB_Stk,0.58,0.25,0.99,0.45,0.34,0.72,0.85,1.07,1.19,0.59
2104109,23,Pk_Tub,0.58,0.25,0.99,0.45,0.34,0.72,0.85,1.07,1.19,0.59
2104109,24,Pk_Stk,0.29,0.51,0.99,0.33,0.33,0.72,0.85,1.07,1.21,0.59
2104109,25,BB_Stk,0.58,0.25,0.99,0.29,0.34,0.72,0.85,1.07,1.19,0.59
2104109,26,Pk_Stk,0.29,0.5,0.99,0.29,0.34,0.69,0.79,1.09,1.19,0.56
2104109,27,Pk_Stk,0.19,0.58,0.99,0.29,0.33,0.69,0.79,1.09,1.19,0.56
2104109,28,BB_Stk,0.58,0.19,0.99,0.29,0.33,0.69,0.79,1.07,1.19,0.56
2104109,29,Pk_Tub,0.58,0.5,0.99,0.29,0.46,0.83,0.79,1.07,1.19,0.56
2104240,1,Pk_Stk,0.29,0.67,1.09,0.57,0.35,0.93,0.85,1.09,1.19,0.33
2104240,2,Gen_Stk,0.63,0.63,1.11,0.58,0.36,0.33,0.85,1.08,1.19,0.47
2104240,3,Pk_Stk,0.62,0.51,0.99,0.57,0.36,0.71,0.85,1.12,1.11,0.63
2104240,4,Pk_Stk,0.62,0.61,0.99,0.49,0.33,0.75,0.85,1.09,1.19,0.59
2104240,5,BB_Stk,0.62,0.61,0.99,0.45,0.33,0.75,0.85,1.09,1.19,0.59
2104240,6,Pk_Stk,0.5,0.6,0.99,0.45,0.33,0.75,0.85,1.08,1.19,0.59
2104240,7,Pk_Stk,0.58,0.45,0.99,0.45,0.33,0.72,0.85,1.07,1.19,0.59
2104240,8,BB_Stk,0.58,0.58,0.99,0.45,0.34,0.72,0.85,1.07,1.19,0.59
2104240,9,Pk_Stk,0.29,0.5,0.99,0.45,0.34,0.72,0.85,1.07,1.19,0.59
2104240,10,Pk_Stk,0.29,0.5,0.99,0.33,0.34,0.72,0.85,1.07,1.19,0.59
2104240,11,Pk_Stk,0.58,0.58,0.99,0.29,0.33,0.7,0.79,1.07,1.19,0.57
2104240,12,Pk_Stk,0.58,0.58,0.99,0.29,0.33,0.69,0.79,1.07,1.19,0.55
2104240,13,Hse_Stk,0.58,0.58,0.99,0.29,0.33,0.69,0.79,1.07,1.19,0.56
2104273,1,Pk_Stk,0.66,0.67,1.09,0.57,0.33,0.93,0.85,1.09,1.19,0.5
2104273,2,Gen_Stk,0.66,0.59,1.08,0.57,0.36,0.93,0.85,1.09,1.19,0.33
2104273,3,Gen_Stk,0.63,0.67,1.09,0.57,0.33,0.93,0.85,1.09,1.19,0.33
2104273,4,Pk_Stk,0.29,0.67,1.09,0.57,0.33,0.93,0.85,1.09,1.19,0.33
2104273,5,BB_Stk,0.62,0.29,1.09,0.57,0.36,0.93,0.85,1.09,1.19,0.59
2104273,6,BB_Stk,0.62,0.5,1.09,0.57,0.33,0.93,0.85,1.09,1.19,0.59
2104273,7,Gen_Stk,0.62,0.61,0.99,0.57,0.36,0.76,0.85,1.09,1.19,0.59
2104273,8,Pk_Stk,0.62,0.61,0.99,0.57,0.36,0.71,0.85,1.09,1.19,0.59
2104273,9,BB_Stk,0.62,0.61,0.99,0.49,0.33,0.75,0.85,1.09,1.19,0.59
2104273,10,Hse_Stk,0.62,0.61,0.99,0.49,0.33,0.75,0.85,1.09,1.19,0.59
2104273,11,Hse_Stk,0.62,0.61,0.99,0.45,0.33,0.75,0.85,1.09,1.19,0.59
2104273,12,Gen_Stk,0.62,0.61,0.99,0.45,0.33,0.75,0.85,1.09,1.19,0.59
2104273,13,Pk_Stk,0.62,0.61,0.99,0.45,0.33,0.75,0.85,1.09,1.19,0.59
2104273,14,Hse_Stk,0.58,0.45,0.99,0.45,0.33,0.72,0.85,1.07,1.19,0.59
2104273,15,Pk_Stk,0.58,0.45,0.99,0.45,0.33,0.72,0.85,1.07,1.19,0.59
2104273,16,Hse_Stk,0.58,0.58,0.99,0.29,0.25,0.72,0.85,1.07,1.19,0.59
2104273,17,Pk_Stk,0.29,0.5,0.99,0.45,0.34,0.72,0.85,1.07,1.19,0.59
2104273,18,Pk_Stk,0.29,0.5,0.99,0.33,0.25,0.72,0.85,1.07,1.19,0.59
2104273,19,Hse_Stk,0.39,0.58,0.99,0.29,0.34,0.69,0.79,1.09,1.19,0.56
2104406,1,Pk_Stk,0.19,0.5,1.09,0.57,0.36,0.93,0.85,1.09,1.19,0.59
2104406,2,Pk_Stk,0.29,0.67,1.09,0.57,0.36,0.93,0.85,1.09,1.19,0.33
2104406,3,Hse_Stk,0.62,0.39,0.99,0.45,0.33,0.75,0.85,1.09,1.19,0.59
2104406,4,BB_Stk,0.58,0.25,0.99,0.45,0.33,0.72,0.85,1.07,1.19,0.59
2104455,1,Pk_Stk,0.19,0.58,0.99,0.29,0.34,0.69,0.79,1.11,1.19,0.56
2104455,2,SS_Tub,0.39,0.5,0.99,0.29,0.33,0.69,0.56,1.07,1.19,0.56
2104638,1,Pk_Stk,0.19,0.5,1.09,0.57,0.36,0.93,0.85,1.09,1.19,0.59
2104638,2,Pk_Stk,0.19,0.5,1.09,0.57,0.36,0.93,0.85,1.09,1.19,0.59
2104638,3,Pk_Stk,0.63,0.67,1.09,0.57,0.36,0.93,0.85,1.09,1.19,0.71
2104638,4,Pk_Stk,0.25,0.39,0.99,0.45,0.33,0.75,0.85,1.09,1.19,0.59
2104638,5,Hse_Stk,0.58,0.45,1.02,0.25,0.34,0.92,0.85,1.07,1.19,0.59
2104638,6,Pk_Stk,0.39,0.51,0.99,0.29,0.34,0.69,0.79,1.09,1.19,0.56
2104695,1,SS_Tub,0.62,0.61,0.99,0.57,0.36,0.75,0.85,1.09,1.19,0.59
2104695,2,SS_Tub,0.25,0.61,0.99,0.45,0.33,0.75,0.85,1.09,1.19,0.59
2104695,3,SS_Tub,0.5,0.58,0.99,0.45,0.33,0.72,0.85,1.07,1.19,0.59
2104695,4,SS_Tub,0.58,0.58,0.99,0.45,0.33,0.72,0.85,1.07,1.19,0.59
2104695,5,SS_Tub,0.58,0.45,0.99,0.45,0.33,0.72,0.85,1.07,1.19,0.59
2104695,6,SS_Tub,0.58,0.45,0.99,0.25,0.33,0.72,0.85,1.07,1.19,0.59
2104695,7,SS_Tub,0.58,0.25,0.99,0.25,0.33,0.72,0.85,1.07,1.19,0.59
2104695,8,SS_Tub,0.58,0.58,0.99,0.29,0.33,0.72,0.85,1.07,1.19,0.59
2104695,9,SS_Tub,0.29,0.5,0.99,0.33,0.34,0.72,0.85,1.07,1.19,0.59
2104695,10,SS_Tub,0.58,0.63,0.99,0.35,0.33,0.72,0.85,1.07,1.19,0.59
2104695,11,SS_Tub,0.19,0.58,0.99,0.29,0.34,0.69,0.79,1.11,1.19,0.56
2104695,12,SS_Tub,0.29,0.5,0.99,0.29,0.33,0.69,0.79,1.09,1.19,0.56
2104695,13,SS_Tub,0.19,0.58,0.99,0.29,0.34,0.69,0.79,1.09,1.19,0.56
2104919,1,SS_Tub,0.63,0.67,1.01,0.57,0.49,0.77,0.88,1.08,1.17,0.5
2104919,2,SS_Tub,0.63,0.67,1.09,0.57,0.39,0.93,0.7,0.98,1.17,0.59
2104919,3,SS_Tub,0.58,0.58,0.99,0.33,0.33,0.72,0.85,1.07,1.19,0.59
2104919,4,SS_Tub,0.19,0.58,0.99,0.29,0.33,0.69,0.5,1.12,1.19,0.56
2104950,1,Pk_Stk,0.62,0.61,0.99,0.49,0.34,0.75,0.85,1.09,1.19,0.59
2104950,2,Hse_Stk,0.62,0.61,0.99,0.45,0.33,0.75,0.85,1.09,1.19,0.59
2105254,1,Hse_Stk,0.63,0.67,1.08,0.57,0.49,0.79,0.85,0.98,1.17,0.59
2105254,2,Pk_Stk,0.66,0.67,1.09,0.57,0.36,0.93,0.85,1.09,1.19,0.33
2105254,3,Pk_Tub,0.62,0.67,1.09,0.57,0.36,0.93,0.85,1.09,1.19,0.59
2105254,4,Gen_Stk,0.62,0.67,1.09,0.57,0.36,0.93,0.85,1.09,1.19,0.59
2105254,5,Fl_Stk,0.62,0.61,0.99,0.49,0.33,0.75,0.5,1.09,1.19,0.59
2105254,6,Hse_Stk,0.62,0.39,0.99,0.45,0.33,0.75,0.85,1.09,1.19,0.59
2105254,7,Pk_Stk,0.5,0.5,0.99,0.45,0.33,0.78,0.7,1.07,1.19,0.78
2105254,8,Gen_Stk,0.58,0.45,0.99,0.45,0.33,0.72,0.85,1.07,1.19,0.59
2105296,1,Hse_Stk,0.62,0.61,0.99,0.57,0.36,0.75,0.85,1.09,1.19,0.59
2105296,2,BB_Stk,0.62,0.61,0.99,0.45,0.33,0.75,0.85,1.18,1.19,0.59
2105296,3,Pk_Stk,0.25,0.39,0.99,0.45,0.33,0.75,0.85,1.09,1.19,0.59
2105296,4,BB_Stk,0.58,0.25,0.99,0.45,0.33,0.72,0.85,1.07,1.19,0.59
2105296,5,Pk_Stk,0.29,0.5,0.99,0.33,0.33,0.72,0.85,1.07,1.19,0.59
2105486,1,Imp_Stk,0.67,0.67,1.08,0.57,0.49,0.83,0.85,0.98,1.17,0.5
2105486,2,Pk_Stk,0.67,0.67,1.08,0.57,0.49,0.92,0.85,0.98,1.17,0.59
2105486,3,Pk_Stk,0.63,0.67,1.08,0.57,0.39,0.93,0.85,0.98,1.17,0.59
2105486,4,Pk_Stk,0.66,0.67,1.08,0.57,0.36,0.93,0.85,1.09,1.19,0.33
2105486,5,Pk_Stk,0.62,0.61,1.09,0.57,0.33,0.84,0.84,1.09,1.2,0.59
2105486,6,Pk_Stk,0.62,0.5,0.99,0.3,0.36,0.75,0.85,1.09,1.19,0.59
2105486,7,Pk_Stk,0.62,0.5,0.99,0.57,0.36,0.76,0.85,1.09,1.19,0.61
2105486,8,Pk_Stk,0.62,0.5,0.99,0.49,0.33,0.75,0.85,1.09,1.19,0.59
2105486,9,BB_Stk,0.62,0.61,0.99,0.49,0.34,0.75,0.85,1.09,1.19,0.59
2105486,10,BB_Stk,0.62,0.61,0.99,0.45,0.33,0.75,0.85,1.09,1.19,0.59
2105486,11,Pk_Stk,0.25,0.61,0.99,0.45,0.34,0.75,0.85,1.09,1.19,0.59
2105486,12,Pk_Stk,0.25,0.61,0.99,0.45,0.33,0.75,0.85,1.09,1.19,0.59
2105486,13,Pk_Stk,0.58,0.45,0.99,0.45,0.33,0.72,0.85,1.07,1.19,0.59
2105486,14,BB_Stk,0.58,0.25,0.99,0.29,0.34,0.72,0.85,1.07,1.19,0.59
2105551,1,Pk_Stk,0.29,0.5,0.99,0.29,0.33,0.69,0.79,1.09,1.19,0.56
2105551,2,Pk_Stk,0.19,0.58,0.99,0.29,0.33,0.69,0.79,1.09,1.19,0.56
2105551,3,BB_Stk,0.58,0.19,0.99,0.29,0.34,0.69,0.79,1.07,1.19,0.56
2105932,1,BB_Stk,0.62,0.61,0.99,0.45,0.33,0.75,0.85,1.09,1.19,0.59
2105932,2,Hse_Stk,0.62,0.61,0.99,0.45,0.33,0.75,0.85,1.09,1.19,0.59
2105932,3,Pk_Stk,0.25,0.61,0.99,0.45,0.33,0.75,0.85,1.09,1.19,0.59
2105932,4,Hse_Stk,0.58,0.45,0.99,0.25,0.29,0.72,0.9,1.11,1.19,0.77
2105932,5,Pk_Stk,0.29,0.5,0.99,0.29,0.34,0.69,0.79,1.09,1.19,0.56
2106013,1,Pk_Stk,0.5,0.58,0.99,0.45,0.33,0.72,0.85,1.07,1.19,0.59
2106013,2,SS_Tub,0.58,0.58,0.99,0.29,0.25,0.72,0.85,1.07,1.19,0.59
2106195,1,Pk_Stk,0.5,0.58,0.99,0.19,0.34,0.72,0.85,1.07,1.19,0.59
2106195,2,Pk_Stk,0.58,0.58,0.99,0.45,0.33,0.72,0.85,1.07,1.19,0.59
2106195,3,Pk_Stk,0.58,0.45,0.99,0.45,0.33,0.72,0.85,1.07,1.19,0.59
2106195,4,Pk_Stk,0.29,0.5,0.99,0.33,0.33,0.72,0.85,1.07,1.19,0.59
2106195,5,SS_Tub,0.58,0.58,0.99,0.33,0.33,0.72,0.85,1.07,1.19,0.59
2106195,6,Pk_Stk,0.58,0.58,0.99,0.29,0.33,0.69,0.79,1.1,1.19,0.56
2106195,7,SS_Tub,0.58,0.5,0.99,0.29,0.45,0.69,0.79,1.07,1.19,0.56
2106294,1,BB_Stk,0.62,0.61,0.99,0.49,0.33,0.75,0.85,1.09,1.19,0.59
2106294,2,BB_Stk,0.62,0.61,0.99,0.45,0.33,0.75,0.85,1.09,1.19,0.59
2106294,3,Pk_Stk,0.58,0.58,0.99,0.45,0.33,0.72,0.85,1.07,1.19,0.59
2106294,4,Pk_Stk,0.58,0.58,0.99,0.45,0.33,0.72,0.85,1.07,1.19,0.59
2106294,5,Pk_Stk,0.58,0.58,0.99,0.45,0.33,0.72,0.85,1.07,1.19,0.59
2106294,6,Pk_Stk,0.58,0.25,0.99,0.45,0.33,0.72,0.85,1.07,1.19,0.59
2106302,1,Pk_Stk,0.19,0.5,1.09,0.57,0.36,0.93,0.85,1.09,1.19,0.59
2106302,2,BB_Stk,0.62,0.29,1.09,0.57,0.36,0.94,0.85,1.09,1.19,0.59
2106302,3,Pk_Stk,0.62,0.5,0.99,0.31,0.36,0.75,0.85,1.1,1.19,0.59
2106302,4,BB_Stk,0.62,0.61,0.99,0.45,0.33,0.75,0.85,1.09,1.19,0.59
2106302,5,SS_Tub,0.58,0.61,0.99,0.45,0.34,0.72,0.85,1.07,1.19,0.59
2106302,6,Pk_Stk,0.5,0.58,0.99,0.45,0.33,0.72,0.85,1.07,1.19,0.59
2106302,7,Pk_Stk,0.5,0.5,0.99,0.45,0.33,0.78,0.91,1.07,1.19,0.78
2106302,8,Pk_Stk,0.5,0.5,0.99,0.45,0.33,0.72,0.85,1.07,1.19,0.59
2106302,9,BB_Stk,0.58,0.45,0.99,0.45,0.33,0.72,0.85,1.07,1.19,0.59
2106302,10,SS_Tub,0.58,0.25,0.99,0.29,0.34,0.72,0.5,1.07,1.19,0.59
2106302,11,SS_Tub,0.39,0.19,0.99,0.29,0.34,0.69,0.56,1.07,1.19,0.56
2106310,1,Pk_Stk,0.66,0.59,1.11,0.57,0.33,0.96,0.85,1.09,1.19,0.59
2106310,2,Pk_Stk,0.66,0.67,1.09,0.57,0.33,0.93,0.85,1.09,1.19,0.33
2106310,3,Pk_Stk,0.63,0.59,1.08,0.57,0.36,0.93,0.85,1.09,1.19,0.47
2106310,4,Pk_Stk,0.63,0.67,1.0,0.57,0.36,0.93,0.85,1.09,1.19,0.59
2106310,5,Pk_Stk,0.62,0.67,1.09,0.57,0.36,0.93,0.85,1.09,1.19,0.59
2106310,6,Pk_Stk,0.62,0.61,1.09,0.57,0.33,0.82,0.85,1.09,1.19,0.59
2106310,7,Pk_Stk,0.62,0.61,1.04,0.29,0.36,0.74,0.85,1.09,1.19,0.59
2106310,8,Pk_Stk,0.62,0.61,0.99,0.49,0.33,0.75,0.85,1.09,1.19,0.59
2106310,9,BB_Stk,0.62,0.61,0.99,0.45,0.33,0.75,0.85,1.09,1.19,0.59
2106310,10,Pk_Stk,0.5,0.58,0.99,0.45,0.33,0.75,0.85,1.07,1.19,0.59
2106310,11,Pk_Stk,0.5,0.58,0.99,0.45,0.33,0.72,0.85,1.07,1.19,0.59
2106310,12,Pk_Stk,0.58,0.58,0.99,0.25,0.25,0.72,0.85,1.07,1.19,0.59
2106310,13,Pk_Stk,0.58,0.58,0.99,0.45,0.33,0.72,0.85,1.07,1.19,0.59
2106310,14,BB_Stk,0.58,0.19,0.99,0.29,0.33,0.69,0.79,1.07,1.19,0.56
2106369,1,Pk_Tub,0.62,0.47,1.09,0.57,0.36,0.93,0.85,1.09,1.19,0.59
2106369,2,BB_Stk,0.62,0.5,1.09,0.57,0.34,0.93,0.85,1.09,1.19,0.59
2106369,3,Pk_Stk,0.62,0.5,0.99,0.49,0.33,0.75,0.85,1.09,1.19,0.59
2106369,4,BB_Stk,0.58,0.25,0.99,0.45,0.33,0.72,0.85,1.07,1.19,0.59
2106369,5,Pk_Stk,0.19,0.58,0.99,0.29,0.33,0.69,0.79,1.12,1.19,0.56
2106377,1,Pk_Stk,0.19,0.59,1.08,0.57,0.42,1.03,0.85,1.09,1.19,0.6
2106377,2,Pk_Stk,0.63,0.59,1.08,0.57,0.33,0.93,0.85,1.09,1.19,0.33
2106377,3,Pk_Stk,0.62,0.61,0.99,0.45,0.33,0.75,0.85,1.09,1.19,0.59
2106377,4,BB_Stk,0.62,0.61,0.99,0.45,0.34,0.75,0.85,1.09,1.19,0.59
2106377,5,Hse_Stk,0.62,0.61,0.99,0.45,0.34,0.75,0.85,1.09,1.19,0.59
2106377,6,Pk_Stk,0.5,0.58,0.99,0.19,0.34,0.72,0.85,1.07,1.19,0.59
2106377,7,Pk_Stk,0.29,0.5,0.99,0.33,0.33,0.72,0.85,1.07,1.19,0.59
2106377,8,Pk_Stk,0.19,0.58,0.99,0.29,0.34,0.69,0.79,1.11,1.19,0.56
2106427,1,Pk_Stk,0.19,0.67,1.09,0.57,0.34,0.93,0.85,1.09,1.19,0.33
2106427,2,Pk_Stk,0.63,0.59,1.08,0.57,0.33,0.93,0.85,1.09,1.19,0.33
2106427,3,SS_Tub,0.63,0.6,1.08,0.57,0.36,0.96,0.85,1.09,1.19,0.59
2106427,4,BB_Stk,0.62,0.29,1.09,0.57,0.36,0.94,0.85,1.09,1.19,0.59
2106427,5,Pk_Stk,0.29,0.5,1.01,0.57,0.36,0.69,0.79,1.09,1.19,0.59
2106427,6,Imp_Stk,0.62,0.61,0.99,0.45,0.33,0.75,0.85,1.09,1.19,0.59
2106427,7,Gen_Stk,0.5,0.58,0.99,0.45,0.33,0.72,0.85,1.07,1.19,0.59
2106427,8,Imp_Stk,0.5,0.58,0.99,0.45,0.33,0.72,0.85,1.07,1.19,0.59
2106427,9,Pk_Stk,0.58,0.45,0.99,0.45,0.33,0.72,0.85,1.07,1.19,0.59
2106427,10,SS_Tub,0.58,0.25,0.99,0.45,0.33,0.72,0.85,1.07,1.19,0.59
2106567,1,BB_Stk,0.62,0.61,0.99,0.49,0.33,0.75,0.85,1.09,1.19,0.59
2106567,2,BB_Stk,0.62,0.61,0.99,0.45,0.33,0.75,0.85,1.09,1.19,0.59
2106567,3,Pk_Stk,0.5,0.5,0.99,0.45,0.33,0.78,0.91,1.07,1.19,0.78
2106567,4,Pk_Stk,0.29,0.51,0.99,0.33,0.33,0.72,0.85,1.07,1.21,0.59
2106567,5,BB_Stk,0.58,0.25,0.99,0.29,0.34,0.72,0.85,1.07,1.19,0.59
2106567,6,BB_Stk,0.58,0.19,0.99,0.29,0.33,0.69,0.79,1.07,1.19,0.56
2106799,1,BB_Stk,0.66,0.67,1.08,0.57,0.36,0.93,0.85,1.09,1.19,0.33
2106799,2,BB_Stk,0.63,0.67,1.09,0.57,0.33,0.93,0.85,1.09,1.19,0.33
2106799,3,BB_Stk,0.62,0.61,0.99,0.49,0.33,0.75,0.85,1.09,1.19,0.59
2106799,4,BB_Stk,0.62,0.61,0.99,0.49,0.33,0.75,0.85,1.09,1.19,0.59
2106799,5,BB_Stk,0.62,0.61,0.99,0.49,0.33,0.75,0.85,1.09,1.19,0.59
2106799,6,BB_Stk,0.58,0.58,0.99,0.45,0.34,0.72,0.85,1.07,1.19,0.59
2106799,7,BB_Stk,0.58,0.19,0.99,0.29,0.33,0.69,0.79,1.07,1.19,0.56
2106799,8,BB_Stk,0.58,0.58,0.99,0.29,0.33,0.69,0.79,1.07,1.19,0.56
2107094,1,Pk_Stk,0.46,0.59,1.08,0.57,0.34,0.93,0.85,1.09,1.19,0.33
2107094,2,Pk_Stk,0.63,0.67,1.09,0.57,0.36,0.93,0.85,1.09,1.18,0.62
2107094,3,Pk_Stk,0.62,0.5,0.99,0.57,0.36,0.76,0.85,1.09,1.19,0.61
2107094,4,Pk_Stk,0.62,0.5,0.99,0.49,0.33,0.75,0.85,1.09,1.19,0.59
2107094,5,Pk_Stk,0.62,0.61,0.99,0.49,0.33,0.75,0.85,1.09,1.19,0.59
2107094,6,Pk_Stk,0.62,0.61,0.99,0.45,0.34,0.75,0.85,1.09,1.19,0.59
2107094,7,Imp_Stk,0.5,0.5,0.99,0.45,0.33,0.72,0.85,1.07,1.19,0.59
2107094,8,Pk_Stk,0.58,0.58,0.99,0.29,0.33,0.69,0.5,1.07,1.19,0.54
2107094,9,Pk_Stk,0.19,0.58,0.99,0.29,0.33,0.69,0.79,1.09,1.19,0.56
2107094,10,Pk_Stk,0.58,0.5,0.99,0.29,0.34,0.69,0.79,1.07,1.19,0.56
2107243,1,Pk_Stk,0.63,0.67,1.09,0.57,0.33,0.93,0.85,0.98,1.17,0.59
2107243,2,Pk_Tub,0.66,0.67,1.09,0.57,0.33,0.93,0.85,1.09,1.19,0.59
2107243,3,Pk_Tub,0.63,0.67,1.09,0.57,0.36,0.92,0.85,1.09,1.2,0.53
2107243,4,Pk_Stk,0.62,0.61,1.09,0.29,0.36,0.75,0.85,1.09,1.19,0.59
2107243,5,Pk_Tub,0.62,0.6,0.99,0.33,0.36,0.79,0.85,1.09,1.19,0.57
2107243,6,Pk_Tub,0.62,0.61,0.99,0.45,0.33,0.75,0.85,1.09,1.19,0.59
2107243,7,Pk_Stk,0.29,0.5,0.99,0.3,0.33,0.72,0.85,1.07,1.19,0.59
2107243,8,Pk_Tub,0.47,0.54,0.99,0.29,0.33,0.69,0.79,1.09,1.19,0.56
2107243,9,Imp_Stk,0.47,0.54,0.99,0.29,0.33,0.69,0.79,1.09,1.19,0.56
2107243,10,Pk_Stk,0.58,0.58,0.99,0.29,0.34,0.69,0.79,1.07,1.19,0.56
2107318,1,Pk_Tub,0.63,0.68,1.08,0.57,0.49,0.79,0.85,0.98,1.17,0.59
2107318,2,Pk_Stk,0.63,0.68,1.08,0.57,0.49,0.79,0.85,0.98,1.17,0.59
2107318,3,BB_Stk,0.63,0.59,1.08,0.57,0.45,0.93,0.85,0.98,1.17,0.59
2107318,4,Pk_Tub,0.63,0.59,1.08,0.57,0.45,0.93,0.85,0.98,1.17,0.59
2107318,5,Pk_Stk,0.19,0.59,1.08,0.57,0.42,1.03,0.85,1.09,1.19,0.6
2107318,6,BB_Stk,0.62,0.61,0.99,0.49,0.33,0.75,0.85,1.09,1.19,0.59
2107318,7,Pk_Stk,0.25,0.6,0.99,0.45,0.33,0.75,0.85,1.07,1.19,0.59
2107318,8,BB_Stk,0.58,0.45,0.99,0.45,0.33,0.72,0.85,1.07,1.19,0.59
2107318,9,BB_Stk,0.58,0.19,0.99,0.29,0.34,0.69,0.79,1.07,1.19,0.56
2107391,1,Gen_Stk,0.63,0.67,1.09,0.57,0.33,0.93,0.85,0.98,1.17,0.59
2107391,2,Pk_Stk,0.29,0.67,1.09,0.57,0.36,0.93,0.85,1.09,1.19,0.33
2107391,3,Gen_Stk,0.29,0.67,1.09,0.57,0.36,0.93,0.85,1.09,1.19,0.33
2107391,4,Gen_Stk,0.62,0.29,1.09,0.57,0.36,0.94,0.85,1.09,1.19,0.59
2107391,5,Pk_Stk,0.29,0.5,0.99,0.57,0.36,0.69,0.79,1.09,1.19,0.59
2107391,6,Hse_Stk,0.62,0.61,1.09,0.29,0.36,0.75,0.85,1.09,1.19,0.58
2107391,7,Hse_Stk,0.62,0.61,0.99,0.57,0.36,0.75,0.85,1.09,1.19,0.59
2107391,8,Fl_Stk,0.62,0.39,0.99,0.45,0.33,0.75,0.65,1.09,1.19,0.59
2107391,9,BB_Stk,0.62,0.39,0.99,0.45,0.33,0.75,0.85,1.09,1.19,0.59
2107391,10,Hse_Stk,0.62,0.39,0.99,0.45,0.33,0.75,0.85,1.09,1.19,0.59
2107391,11,Pk_Stk,0.25,0.39,0.99,0.45,0.33,0.75,0.85,1.09,1.19,0.59
2107391,12,Hse_Stk,0.58,0.45,0.99,0.45,0.33,0.72,0.85,1.07,1.19,0.59
2107391,13,Hse_Stk,0.58,0.58,0.99,0.25,0.33,0.72,0.85,1.07,1.19,0.59
2107391,14,Pk_Stk,0.29,0.5,0.99,0.33,0.33,0.72,0.85,1.07,1.19,0.59
2107391,15,Hse_Stk,0.58,0.58,0.99,0.34,0.33,0.72,0.85,1.07,1.19,0.59
2107391,16,Hse_Stk,0.58,0.25,0.99,0.29,0.34,0.72,0.85,1.07,1.19,0.59
2107391,17,Pk_Stk,0.58,0.25,0.99,0.29,0.34,0.72,0.85,1.07,1.19,0.59
2107391,18,Pk_Stk,0.19,0.58,0.99,0.29,0.33,0.69,0.79,1.12,1.19,0.56
2107391,19,Hse_Stk,0.39,0.58,0.99,0.29,0.34,0.69,0.79,1.09,1.19,0.56
2107391,20,Hse_Stk,0.39,0.58,0.99,0.29,0.34,0.69,0.79,1.09,1.19,0.56
2107391,21,Pk_Stk,0.19,0.5,0.99,0.29,0.33,0.69,0.79,1.07,1.19,0.56
2107698,1,Pk_Stk,0.62,0.61,0.99,0.57,0.36,0.75,0.85,1.09,1.19,0.59
2107698,2,Hse_Stk,0.62,0.61,0.99,0.57,0.36,0.75,0.85,1.09,1.19,0.59
2107698,3,BB_Stk,0.62,0.61,0.99,0.45,0.33,0.75,0.85,1.18,1.19,0.59
2107698,4,Pk_Stk,0.25,0.39,0.99,0.45,0.33,0.75,0.85,1.09,1.19,0.59
2107698,5,BB_Stk,0.5,0.39,0.99,0.45,0.33,0.72,0.85,1.07,1.19,0.59
2107698,6,BB_Stk,0.58,0.45,0.99,0.45,0.33,0.72,0.85,1.07,1.19,0.59
2107698,7,Hse_Stk,0.58,0.58,0.99,0.45,0.33,0.72,0.85,1.07,1.19,0.59
2107698,8,Pk_Stk,0.29,0.5,0.99,0.33,0.33,0.72,0.85,1.07,1.19,0.59
2107698,9,Hse_Stk,0.39,0.58,0.99,0.29,0.33,0.69,0.79,1.09,1.19,0.56
2107698,10,Hse_Stk,0.39,0.58,0.99,0.29,0.33,0.69,0.79,1.09,1.19,0.56
2107706,1,Hse_Stk,0.62,0.61,0.99,0.57,0.36,0.75,0.85,1.09,1.19,0.59
2107706,2,Hse_Stk,0.39,0.55,0.99,0.29,0.33,0.69,0.79,1.09,1.19,0.56
2107888,1,BB_Stk,0.62,0.29,1.09,0.57,0.36,0.93,0.85,1.09,1.19,0.59
2107888,2,BB_Stk,0.58,0.45,0.99,0.45,0.33,0.72,0.85,1.07,1.19,0.59
2107888,3,Pk_Stk,0.19,0.58,0.99,0.29,0.33,0.69,0.79,1.12,1.19,0.56
2107888,4,BB_Stk,0.19,0.5,0.99,0.29,0.33,0.69,0.79,1.07,1.19,0.56
2107953,1,SS_Tub,0.58,0.5,0.99,0.33,0.34,0.72,0.85,1.07,1.19,0.59
2107979,1,Gen_Stk,0.67,0.67,1.08,0.57,0.49,1.44,0.85,0.98,1.17,0.59
2107979,2,Gen_Stk,0.63,0.67,1.09,0.57,0.33,0.75,0.85,0.98,1.17,0.59
2107979,3,Gen_Stk,0.63,0.67,1.09,0.57,0.33,0.93,0.85,0.98,1.17,0.59
2107979,4,Gen_Stk,0.63,0.59,1.08,0.57,0.45,0.93,0.85,0.98,1.17,0.59
2107979,5,Gen_Stk,0.63,0.59,1.08,0.57,0.45,0.93,0.85,0.98,1.17,0.59
2107979,6,Pk_Stk,0.19,0.67,1.09,0.57,0.36,0.93,0.85,1.09,1.19,0.59
2107979,7,Gen_Stk,0.63,0.67,1.09,0.57,0.36,0.93,0.85,1.09,1.19,0.51
2107979,8,Hse_Tub,0.63,0.67,0.99,0.57,0.36,0.87,0.85,1.09,1.15,0.59
2107979,9,BB_Stk,0.62,0.29,1.09,0.58,0.36,1.38,0.85,1.09,1.19,0.7
2107979,10,Pk_Stk,0.29,0.5,0.99,0.57,0.36,0.69,0.79,1.09,1.19,0.59
2107979,11,Pk_Stk,0.62,0.5,0.99,0.57,0.33,0.75,0.85,1.09,1.19,0.59
2107979,12,BB_Stk,0.62,0.61,0.99,0.45,0.33,0.75,0.85,1.09,1.19,0.59
2107979,13,Pk_Stk,0.29,0.45,0.99,0.29,0.33,0.69,0.79,1.09,1.19,0.56
2107979,14,BB_Stk,0.58,0.19,0.99,0.29,0.33,0.69,0.79,1.07,1.19,0.56
2108142,1,Pk_Stk,0.62,0.61,0.99,0.57,0.36,0.75,0.85,1.09,1.19,0.59
2108142,2,Pk_Stk,0.62,0.61,0.99,0.49,0.33,0.75,0.85,1.09,1.19,0.59
2108142,3,BB_Stk,0.62,0.61,0.99,0.45,0.33,0.75,0.85,1.18,1.19,0.59
2108142,4,BB_Stk,0.62,0.39,0.99,0.45,0.33,0.75,0.85,1.09,1.19,0.59
2108142,5,Pk_Stk,0.25,0.39,0.99,0.45,0.33,0.75,0.85,1.09,1.19,0.59
2108142,6,BB_Stk,0.58,0.39,0.99,0.45,0.33,0.75,0.85,1.07,1.19,0.59
2108142,7,Pk_Stk,0.5,0.39,0.99,0.45,0.33,0.72,0.85,1.07,1.19,0.59
2108142,8,BB_Stk,0.5,0.39,0.99,0.45,0.33,0.72,0.85,1.07,1.19,0.59
2108142,9,BB_Stk,0.58,0.39,0.99,0.45,0.33,0.72,0.85,1.07,1.19,0.59
2108142,10,BB_Stk,0.58,0.44,0.99,0.45,0.33,0.72,0.85,1.07,1.19,0.59
2108142,11,BB_Stk,0.58,0.25,0.99,0.45,0.33,0.72,0.85,1.07,1.19,0.59
2108142,12,Pk_Stk,0.29,0.5,0.99,0.33,0.33,0.72,0.85,1.07,1.19,0.59
2108142,13,BB_Stk,0.58,0.25,0.99,0.29,0.34,0.72,0.85,1.07,1.19,0.59
2108142,14,SS_Tub,0.19,0.58,0.99,0.29,0.33,0.69,0.79,1.12,1.19,0.56
2108142,15,Pk_Stk,0.19,0.58,0.99,0.29,0.33,0.69,0.79,1.12,1.19,0.56
2108142,16,Imp_Stk,0.39,0.58,0.99,0.29,0.33,0.69,0.79,1.09,1.19,0.56
2108142,17,Pk_Stk,0.29,0.5,0.99,0.29,0.33,0.69,0.79,1.09,1.19,0.56
2108142,18,Pk_Stk,0.39,0.51,0.99,0.29,0.34,0.69,0.79,1.09,1.19,0.56
2108159,1,Pk_Stk,0.67,0.67,1.08,0.57,0.49,1.44,0.85,0.98,1.17,0.59
2108159,2,Pk_Stk,0.67,0.58,1.08,0.57,0.49,2.3,0.85,0.98,1.17,0.59
2108159,3,Pk_Stk,0.63,0.67,0.99,0.57,0.39,0.99,0.85,0.98,1.17,0.67
2108159,4,Pk_Stk,0.63,0.59,1.08,0.57,0.33,0.75,0.85,0.98,1.17,0.59
2108159,5,Pk_Stk,0.63,0.59,1.08,0.57,0.33,0.75,0.85,0.98,1.17,0.59
2108159,6,Pk_Stk,0.63,0.59,1.08,0.57,0.33,0.93,0.85,0.98,1.17,0.59
2108159,7,Gen_Stk,0.63,0.59,1.08,0.57,0.45,0.93,0.85,0.98,1.17,0.59
2108159,8,Pk_Stk,0.66,0.59,1.11,0.57,0.45,0.96,0.85,1.09,1.19,0.59
2108159,9,Gen_Stk,0.66,0.59,1.11,0.57,0.33,0.96,0.85,1.09,1.19,0.59
2108159,10,Pk_Stk,0.19,0.59,1.08,0.57,0.42,1.03,0.85,1.09,1.19,0.6
2108159,11,Pk_Stk,0.19,0.59,1.08,0.57,0.42,1.03,0.85,1.09,1.19,0.6
2108159,12,Pk_Stk,0.29,0.59,1.08,0.57,0.34,0.93,0.85,1.09,1.19,0.33
2108159,13,Pk_Stk,0.63,0.59,1.08,0.57,0.36,0.93,0.85,1.09,1.19,0.47
2108159,14,Hse_Stk,0.63,0.59,1.02,0.57,0.36,0.93,0.85,1.09,1.23,0.65
2108159,15,Pk_Stk,0.62,0.5,1.09,0.57,0.36,1.23,0.85,1.24,1.34,0.71
2108159,16,Hse_Stk,0.62,0.61,0.99,0.29,0.37,0.75,0.85,1.09,1.19,0.59
2108159,17,Pk_Stk,0.25,0.6,0.99,0.45,0.33,0.75,0.85,1.07,1.19,0.59
2108159,18,Pk_Stk,0.58,0.58,0.99,0.45,0.33,0.72,0.85,1.07,1.19,0.59
2108159,19,Pk_Stk,0.58,0.45,0.99,0.45,0.33,0.72,0.85,1.07,1.19,0.59
2108159,20,Hse_Stk,0.58,0.58,0.99,0.29,0.34,0.72,0.85,1.07,1.19,0.59
2108159,21,SS_Tub,0.58,0.58,0.99,0.29,0.34,0.69,0.5,1.07,1.19,0.57
2108159,22,Pk_Stk,0.39,0.55,0.99,0.29,0.33,0.69,0.79,1.09,1.19,0.56
2108209,1,Hse_Stk,0.66,0.67,1.09,0.57,0.36,0.93,0.85,1.09,1.19,0.33
2108209,2,Hse_Stk,0.66,0.67,1.09,0.57,0.36,0.93,0.85,1.09,1.19,0.33
2108209,3,Hse_Stk,0.5,0.67,1.09,0.57,0.36,0.93,0.85,1.09,1.19,0.33
2108209,4,Hse_Stk,0.62,0.5,1.13,0.57,0.36,0.93,0.85,1.16,1.19,0.59
2108209,5,BB_Stk,0.62,0.5,1.09,0.57,0.33,0.93,0.85,1.09,1.19,0.59
2108209,6,Hse_Stk,0.62,0.61,1.09,0.29,0.36,0.75,0.85,1.09,1.19,0.58
2108209,7,Hse_Stk,0.62,0.61,0.99,0.57,0.36,0.75,0.85,1.09,1.19,0.59
2108209,8,Hse_Stk,0.62,0.61,0.99,0.45,0.33,0.75,0.85,1.09,1.19,0.59
2108209,9,Hse_Stk,0.25,0.39,0.99,0.45,0.33,0.75,0.85,1.09,1.19,0.59
2108209,10,Hse_Stk,0.5,0.61,0.99,0.45,0.33,0.75,0.85,1.09,1.19,0.59
2108209,11,Hse_Stk,0.5,0.58,0.99,0.45,0.33,0.72,0.85,1.07,1.19,0.59
2108209,12,Hse_Stk,0.5,0.58,0.99,0.45,0.33,0.71,0.85,1.07,1.19,0.59
2108209,13,Hse_Stk,0.5,0.58,0.99,0.19,0.33,0.69,0.85,1.07,1.19,0.59
2108209,14,Hse_Stk,0.58,0.58,0.99,0.29,0.34,0.72,0.85,1.07,1.19,0.59
2108209,15,Pk_Stk,0.29,0.5,0.99,0.33,0.33,0.72,0.85,1.07,1.19,0.59
2108209,16,Pk_Stk,0.19,0.58,0.99,0.29,0.33,0.69,0.79,1.12,1.19,0.56
2108209,17,Hse_Stk,0.39,0.58,0.99,0.29,0.33,0.69,0.79,1.09,1.19,0.56
2108209,18,Pk_Stk,0.29,0.55,0.99,0.29,0.33,0.69,0.79,1.09,1.19,0.56
2108225,1,Fl_Stk,0.66,0.67,1.08,0.57,0.33,0.93,0.85,1.09,1.19,0.59
2108225,2,Pk_Stk,0.19,0.67,1.08,0.57,0.36,0.93,0.85,1.09,1.19,0.59
2108225,3,Gen_Stk,0.62,0.5,0.99,0.57,0.36,0.76,0.85,1.09,1.19,0.61
2108225,4,BB_Stk,0.62,0.61,0.99,0.45,0.33,0.75,0.85,1.09,1.19,0.59
2108225,5,BB_Stk,0.62,0.61,0.99,0.45,0.34,0.75,0.85,1.09,1.19,0.59
2108225,6,Pk_Stk,0.29,0.51,0.99,0.33,0.33,0.72,0.85,1.07,1.21,0.59
2108225,7,BB_Stk,0.58,0.25,0.99,0.29,0.34,0.72,0.85,1.07,1.19,0.59
2108225,8,Pk_Stk,0.19,0.58,0.99,0.29,0.33,0.69,0.79,1.09,1.19,0.56
2108431,1,BB_Stk,0.19,0.5,1.09,0.57,0.36,0.93,0.85,1.09,1.19,0.59
2108431,2,BB_Stk,0.29,0.59,1.08,0.57,0.34,0.93,0.85,1.09,1.19,0.33
2108431,3,BB_Stk,0.62,0.67,1.09,0.57,0.36,0.93,0.85,1.09,1.19,0.59
2108431,4,Fl_Stk,0.62,0.61,1.09,0.57,0.34,1.07,0.85,1.09,1.19,0.59
2108431,5,Fl_Stk,0.62,0.61,0.99,0.57,0.36,0.75,0.85,1.09,1.19,0.58
2108431,6,Fl_Stk,0.39,0.58,0.99,0.29,0.33,0.69,0.79,1.09,1.19,0.56
2108506,1,Pk_Stk,0.67,1.01,0.99,0.39,0.55,0.78,0.88,1.08,1.17,0.5
2108506,2,Pk_Stk,0.67,0.68,1.08,0.57,0.49,0.75,0.75,0.98,1.17,0.5
2108506,3,Pk_Stk,0.67,0.67,1.08,0.57,0.49,0.83,0.85,0.98,1.17,0.5
2108506,4,Pk_Stk,0.67,0.67,1.08,0.57,0.49,0.83,0.85,0.98,1.17,0.5
2108506,5,Imp_Stk,0.67,0.67,1.08,0.57,0.49,0.83,0.85,0.98,1.17,0.5
2108506,6,Imp_Stk,0.67,0.67,1.08,0.57,0.49,0.83,0.85,0.98,1.17,0.5
2108506,7,Pk_Stk,0.63,0.67,1.09,0.57,0.45,0.93,0.85,0.98,1.17,0.59
2108506,8,Pk_Stk,0.62,0.29,1.09,0.57,0.36,0.94,0.85,1.09,1.19,0.59
2108506,9,Pk_Stk,0.58,0.25,0.99,0.45,0.33,0.72,0.85,1.07,1.19,0.59
2108506,10,SS_Tub,0.58,0.25,0.99,0.45,0.33,0.72,0.85,1.07,1.19,0.59
2108522,1,Pk_Stk,0.62,0.61,0.99,0.49,0.33,0.75,0.85,1.09,1.19,0.59
2108522,2,BB_Stk,0.62,0.61,0.99,0.45,0.33,0.75,0.85,1.09,1.19,0.59
2108522,3,Pk_Stk,0.19,0.5,0.99,0.29,0.33,0.69,0.79,1.07,1.19,0.56
2108530,1,BB_Stk,0.62,0.5,1.09,0.57,0.33,1.02,0.85,1.09,1.19,0.59
2108530,2,Gen_Stk,0.62,0.61,0.99,0.57,0.36,0.75,0.85,1.09,1.19,0.56
2108530,3,Gen_Stk,0.62,0.61,0.99,0.49,0.33,0.75,0.85,1.09,1.19,0.59
2108530,4,Pk_Stk,0.62,0.61,0.99,0.45,0.33,0.75,0.85,1.09,1.19,0.59
2108530,5,Hse_Stk,0.29,0.51,0.99,0.29,0.33,0.72,0.85,1.07,1.19,0.59
2108548,1,SS_Tub,0.62,0.67,1.09,0.57,0.36,0.93,0.85,1.09,1.19,0.59
2108548,2,SS_Tub,0.62,0.5,0.99,0.59,0.36,0.79,0.85,1.08,1.19,0.55
2108548,3,Gen_Stk,0.58,0.45,0.99,0.45,0.33,0.72,0.85,1.07,1.19,0.59
2108548,4,Hse_Stk,0.29,0.5,0.99,0.33,0.34,0.72,0.85,1.07,1.19,0.59
2108571,1,Pk_Stk,0.63,0.67,0.99,0.57,0.39,0.93,0.86,0.98,1.17,1.27
2108571,2,Pk_Stk,0.66,0.67,1.09,0.57,0.36,0.93,0.85,1.09,1.19,0.33
2108571,3,Hse_Stk,0.62,0.5,0.99,0.3,0.36,0.75,0.85,1.09,1.19,0.59
2108571,4,Pk_Stk,0.62,0.61,0.99,0.49,0.33,0.75,0.85,1.09,1.19,0.59
2108571,5,Pk_Stk,0.62,0.61,0.99,0.45,0.33,0.75,0.85,1.09,1.19,0.59
2108571,6,Pk_Stk,0.39,0.58,0.99,0.29,0.33,0.69,0.79,1.1,1.19,0.56
2108621,1,Fl_Stk,0.58,0.45,0.99,0.45,0.33,0.79,0.89,1.09,1.19,0.68
2108621,2,SS_Tub,0.58,0.58,0.99,0.35,0.34,0.72,0.85,1.07,1.19,0.59
2108639,1,Pk_Stk,0.63,0.67,1.09,0.57,0.36,0.93,0.85,1.09,1.19,0.59
2108639,2,Pk_Stk,0.62,0.5,0.99,0.49,0.33,0.75,0.85,1.09,1.19,0.59
2108639,3,BB_Stk,0.62,0.61,0.99,0.49,0.34,0.75,0.85,1.09,1.19,0.59
2108670,1,BB_Stk,0.62,0.29,1.09,0.57,0.36,0.93,0.85,1.09,1.19,0.59
2108670,2,BB_Stk,0.62,0.29,1.09,0.57,0.36,0.93,0.85,1.09,1.19,0.59
2108670,3,Pk_Stk,0.29,0.28,0.95,0.58,0.36,0.63,0.79,1.09,1.19,0.59
2108670,4,Gen_Stk,0.62,0.61,0.99,0.57,0.36,0.75,0.85,1.09,1.19,0.59
2108670,5,Hse_Stk,0.62,0.61,0.99,0.49,0.33,0.75,0.85,1.09,1.19,0.59
2108670,6,Hse_Stk,0.62,0.61,0.99,0.45,0.33,0.75,0.85,1.09,1.19,0.59
2108670,7,BB_Stk,0.62,0.61,0.99,0.45,0.33,0.75,0.85,1.09,1.19,0.59
2108670,8,BB_Stk,0.62,0.39,0.99,0.45,0.33,0.75,0.85,1.09,1.19,0.59
2108670,9,Gen_Stk,0.58,0.61,0.99,0.45,0.33,0.75,0.85,1.09,1.19,0.59
2108670,10,Pk_Stk,0.5,0.58,0.99,0.19,0.33,0.72,0.85,1.07,1.19,0.59
2108670,11,Pk_Stk,0.58,0.25,0.99,0.45,0.25,0.72,0.85,1.07,1.19,0.59
2108670,12,Pk_Stk,0.29,0.5,0.99,0.33,0.33,0.72,0.85,1.07,1.19,0.59
2108670,13,Pk_Stk,0.19,0.58,0.99,0.29,0.33,0.69,0.79,1.12,1.19,0.56
2108704,1,Gen_Stk,0.62,0.61,0.99,0.49,0.33,0.75,0.85,1.09,1.19,0.59
2108704,2,Pk_Stk,0.5,0.39,0.99,0.45,0.33,0.72,0.85,1.07,1.19,0.59
2109033,1,Hse_Stk,0.66,0.59,1.08,0.57,0.36,0.93,0.85,1.09,1.34,0.33
2109033,2,Hse_Stk,0.58,0.65,0.99,0.25,0.34,0.72,0.85,1.07,1.19,0.59
2109157,1,Pk_Stk,0.29,0.67,1.08,0.57,0.35,0.93,0.85,1.09,1.19,0.33
2109157,2,SS_Tub,0.63,0.68,1.08,0.57,0.36,0.9,0.75,1.09,1.2,0.57
2109157,3,Hse_Stk,0.62,0.5,1.09,0.29,0.38,0.75,0.85,1.09,1.19,0.59
2109157,4,Hse_Stk,0.58,0.45,0.99,0.25,0.29,0.72,0.9,1.11,1.19,0.77
2109157,5,SS_Tub,0.58,0.45,0.99,0.25,0.29,0.72,0.9,1.11,1.19,0.77
2109157,6,SS_Tub,0.58,0.58,0.99,0.29,0.34,0.72,0.85,1.07,1.2,0.59
2109157,7,Hse_Stk,0.58,0.58,0.99,0.33,0.33,0.72,0.85,1.07,1.19,0.55
2109199,1,Imp_Stk,0.62,0.47,1.09,0.57,0.36,0.93,0.85,1.09,1.19,0.59
2109199,2,Imp_Stk,0.62,0.47,1.09,0.57,0.36,0.93,0.85,1.09,1.19,0.59
2109199,3,Imp_Stk,0.62,0.5,1.09,0.57,0.36,0.93,0.79,1.09,1.19,0.59
2109199,4,Imp_Stk,0.62,0.61,1.09,0.57,0.33,0.93,0.85,1.09,1.19,0.59
2109199,5,Imp_Stk,0.62,0.5,0.99,0.57,0.35,0.75,0.85,1.09,1.19,0.66
2109199,6,Pk_Stk,0.62,0.5,0.99,0.57,0.33,0.75,0.85,1.09,1.19,0.59
2109199,7,Imp_Stk,0.62,0.5,0.99,0.57,0.33,0.75,0.85,1.09,1.19,0.59
2109199,8,Imp_Stk,0.62,0.61,0.99,0.49,0.33,0.75,0.85,1.09,1.19,0.59
2109199,9,Imp_Stk,0.62,0.61,0.99,0.49,0.33,0.75,0.85,1.09,1.19,0.59
2109199,10,Imp_Stk,0.25,0.61,0.99,0.45,0.33,0.74,0.85,1.09,1.19,0.59
2109199,11,Imp_Stk,0.5,0.6,0.99,0.45,0.33,0.75,0.85,1.07,1.19,0.59
2109199,12,Imp_Stk,0.58,0.58,0.99,0.45,0.34,0.72,0.85,1.07,1.19,0.59
2109199,13,Imp_Stk,0.58,0.25,0.99,0.45,0.33,0.72,0.85,1.07,1.19,0.59
2109199,14,Imp_Stk,0.58,0.25,0.99,0.29,0.34,0.72,0.85,1.07,1.19,0.59
2109199,15,Fl_Stk,0.58,0.58,0.99,0.29,0.33,0.69,0.79,1.07,1.19,0.57
2109199,16,Imp_Stk,0.39,0.58,0.99,0.29,0.33,0.69,0.79,1.1,1.19,0.56
2109199,17,Imp_Stk,0.29,0.45,0.99,0.29,0.33,0.69,0.79,1.09,1.19,0.56
2109199,18,Pk_Stk,0.29,0.45,0.99,0.29,0.33,0.69,0.79,1.09,1.19,0.56
2109199,19,Imp_Stk,0.58,0.58,0.99,0.29,0.33,0.69,0.79,1.07,1.19,0.56
2109686,1,SS_Tub,0.67,0.67,1.08,0.39,0.49,0.77,0.85,0.98,1.17,0.5
2109686,2,SS_Tub,0.63,0.67,0.99,0.57,0.39,0.99,0.85,0.98,1.17,0.67
2109686,3,BB_Stk,0.62,0.5,1.09,0.57,0.33,0.93,0.85,1.09,1.19,0.59
2109686,4,Pk_Stk,0.5,0.58,0.99,0.45,0.33,0.72,0.85,1.07,1.19,0.59
2109967,1,SS_Tub,0.67,0.67,1.09,0.39,0.49,0.8,0.88,1.08,1.21,0.5
2109967,2,Hse_Stk,0.58,0.45,1.02,0.25,0.34,0.92,0.85,1.07,1.19,0.59
2109967,3,Hse_Stk,0.58,0.58,0.99,0.33,0.33,0.72,0.85,1.07,1.19,0.59
2109967,4,Fl_Stk,0.19,0.6,0.99,0.29,0.33,0.69,0.79,1.09,1.19,0.56
2109967,5,Pk_Stk,0.58,0.5,0.99,0.29,0.33,0.69,0.79,1.07,1.19,0.56
2109991,1,Fl_Stk,0.62,0.39,0.99,0.45,0.33,0.75,0.85,1.09,1.19,0.59
2109991,2,Fl_Stk,0.25,0.39,0.99,0.45,0.33,0.75,0.65,1.09,1.19,0.59
2109991,3,Fl_Stk,0.58,0.39,0.99,0.45,0.33,0.75,0.65,1.09,1.19,0.59
2109991,4,Fl_Stk,0.58,0.39,0.99,0.45,0.33,0.75,0.65,1.09,1.19,0.59
2109991,5,Fl_Stk,0.5,0.39,0.99,0.19,0.33,0.72,0.65,1.07,1.19,0.59
2109991,6,Fl_Stk,0.5,0.39,0.99,0.19,0.33,0.72,0.65,1.07,1.19,0.59
2109991,7,Fl_Stk,0.58,0.39,0.99,0.45,0.33,0.72,0.85,1.07,1.19,0.59
2109991,8,Fl_Stk,0.58,0.39,0.99,0.45,0.33,0.72,0.65,1.07,1.19,0.59
2109991,9,Fl_Stk,0.58,0.58,0.99,0.25,0.33,0.72,0.65,1.07,1.19,0.59
2109991,10,Fl_Stk,0.58,0.25,0.99,0.45,0.33,0.72,0.65,1.07,1.19,0.59
2109991,11,Fl_Stk,0.29,0.5,0.99,0.33,0.33,0.72,0.65,1.07,1.19,0.59
2109991,12,Fl_Stk,0.58,0.58,0.99,0.45,0.33,0.72,0.65,1.07,1.19,0.59
2109991,13,Fl_Stk,0.58,0.25,0.99,0.29,0.34,0.72,0.85,1.07,1.19,0.59
2109991,14,Fl_Stk,0.58,0.25,0.99,0.29,0.34,0.72,0.5,1.07,1.19,0.59
2109991,15,Fl_Stk,0.58,0.25,0.99,0.29,0.34,0.72,0.5,1.07,1.19,0.59
2109991,16,Fl_Stk,0.29,0.5,0.99,0.29,0.33,0.69,0.56,1.09,1.19,0.56
2109991,17,Fl_Stk,0.19,0.5,0.99,0.29,0.33,0.69,0.56,1.07,1.19,0.56
2110023,1,Pk_Stk,0.62,0.61,0.99,0.49,0.33,0.75,0.85,1.09,1.19,0.59
2110023,2,BB_Stk,0.62,0.61,0.99,0.45,0.33,0.75,0.85,1.09,1.19,0.59
2110023,3,BB_Stk,0.58,0.25,0.99,0.27,0.33,0.92,0.85,1.07,1.19,0.59
2110023,4,Pk_Stk,0.19,0.58,0.99,0.29,0.33,0.69,0.79,1.12,1.19,0.56
2110023,5,Pk_Stk,0.19,0.58,0.99,0.29,0.33,0.69,0.79,1.12,1.19,0.56
2110122,1,Fl_Tub,0.66,0.67,1.09,0.57,0.36,0.93,0.85,1.09,1.19,0.33
2110122,2,Fl_Stk,0.62,0.5,1.09,0.57,0.36,0.93,0.85,1.1,1.19,0.59
2110122,3,Fl_Tub,0.62,0.5,1.09,0.29,0.38,0.75,0.85,1.09,1.19,0.59
2110122,4,Fl_Stk,0.62,0.5,1.09,0.29,0.38,0.75,0.85,1.09,1.19,0.59
2110122,5,Fl_Tub,0.62,0.61,0.99,0.49,0.33,0.75,0.65,1.09,1.19,0.59
2110122,6,Fl_Tub,0.5,0.5,0.99,0.19,0.34,0.72,0.85,1.08,1.19,0.74
2110122,7,Fl_Stk,0.58,0.45,0.99,0.45,0.33,0.72,0.65,1.07,1.19,0.59
2110189,1,Pk_Stk,0.5,0.5,1.09,0.57,0.36,0.93,0.85,1.09,1.19,0.33
2110189,2,Pk_Stk,0.29,0.5,0.99,0.29,0.33,0.69,0.79,1.09,1.19,0.56
2110296,1,Hse_Stk,0.63,0.67,1.09,0.57,0.36,0.93,0.85,1.09,1.19,0.71
2110296,2,Hse_Stk,0.62,0.5,1.09,0.57,0.36,0.93,0.85,1.09,1.19,0.59
2110593,1,Pk_Stk,0.63,0.67,1.09,0.57,0.33,0.93,0.85,0.98,1.17,0.58
2110593,2,Hse_Stk,0.63,0.67,1.09,0.57,0.45,0.93,0.85,0.98,1.17,0.59
2110593,3,Pk_Stk,0.63,0.67,1.09,0.57,0.45,0.93,0.85,0.98,1.17,0.59
2110593,4,Fl_Stk,0.66,0.5,1.09,0.57,0.33,0.93,0.85,1.09,1.19,0.59
2110593,5,Hse_Stk,0.66,0.5,1.09,0.57,0.33,0.93,0.85,1.09,1.19,0.59
2110593,6,Pk_Stk,0.29,0.67,1.09,0.57,0.36,0.93,0.85,1.09,1.19,0.33
2110593,7,Gen_Stk,0.63,0.67,0.99,0.57,0.36,0.93,0.85,1.09,1.19,0.58
2110593,8,BB_Stk,0.62,0.29,1.09,0.57,0.36,0.93,0.85,1.09,1.19,0.59
2110593,9,Gen_Stk,0.62,0.5,1.09,0.57,0.33,0.93,0.85,1.09,1.19,0.59
2110593,10,Hse_Stk,0.58,0.39,0.99,0.45,0.33,0.75,0.85,1.09,1.19,0.59
2110593,11,Hse_Stk,0.58,0.25,0.99,0.45,0.33,0.72,0.85,1.07,1.19,0.59
2110593,12,Hse_Stk,0.58,0.58,0.99,0.29,0.33,0.72,0.85,1.07,1.19,0.59
2110593,13,Hse_Stk,0.58,0.5,0.99,0.33,0.34,0.72,0.85,1.07,1.19,0.59
2110593,14,Pk_Stk,0.19,0.58,0.99,0.29,0.33,0.69,0.79,1.12,1.19,0.56
2110775,1,Pk_Stk,0.63,0.67,1.04,0.57,0.39,0.94,0.85,0.98,1.17,0.5
2110775,2,Imp_Stk,0.66,0.67,1.09,0.57,0.36,0.93,0.85,1.09,1.19,0.33
2110775,3,Imp_Stk,0.58,0.58,0.99,0.29,0.34,0.72,0.85,1.07,1.19,0.59
2110775,4,Pk_Stk,0.19,0.58,0.99,0.29,0.33,0.69,0.79,1.09,1.19,0.56
2110817,1,BB_Stk,0.62,0.61,1.09,0.29,0.36,0.75,0.85,1.09,1.19,0.58
2110817,2,Pk_Stk,0.5,0.39,0.99,0.45,0.33,0.72,0.85,1.07,1.19,0.59
2110817,3,Pk_Stk,0.39,0.58,0.99,0.29,0.34,0.69,0.79,1.09,1.19,0.56
2110833,1,Fl_Tub,0.63,0.59,0.99,0.57,0.49,0.79,0.85,0.99,1.17,0.59
2110833,2,Fl_Tub,0.63,0.67,0.99,0.57,0.39,0.93,0.85,0.98,1.17,0.59
2110833,3,Fl_Tub,0.63,0.67,1.09,0.57,0.45,0.93,0.85,0.98,1.17,0.59
2110833,4,Fl_Tub,0.66,0.5,1.09,0.57,0.33,0.93,0.85,1.09,1.19,0.59
2110833,5,Fl_Tub,0.19,0.67,1.09,0.57,0.33,0.93,0.85,1.09,1.19,0.52
2110833,6,Fl_Tub,0.66,0.67,1.09,0.57,0.36,0.93,0.85,1.09,1.19,0.33
2110833,7,Fl_Tub,0.66,0.67,1.09,0.57,0.33,0.93,0.85,1.09,1.19,0.33
2110833,8,Fl_Tub,0.63,0.67,1.09,0.57,0.33,0.93,0.85,1.09,1.19,0.33
2110833,9,Fl_Tub,0.63,0.67,0.99,0.57,0.36,1.03,0.85,1.09,1.19,0.37
2110833,10,Fl_Tub,0.63,0.66,0.99,0.57,0.36,0.93,0.85,1.09,1.19,0.69
2110833,11,Fl_Tub,0.62,0.67,1.09,0.57,0.36,0.93,0.85,1.09,1.19,0.59
2110833,12,Fl_Tub,0.62,0.5,1.09,0.57,0.36,0.93,0.85,1.09,1.19,0.59
2110833,13,Fl_Tub,0.62,0.29,1.09,0.57,0.36,0.93,0.85,1.09,1.19,0.59
2110833,14,BB_Stk,0.62,0.29,1.09,0.57,0.36,0.93,0.85,1.09,1.19,0.59
2110833,15,Fl_Tub,0.62,0.57,1.09,0.57,0.33,0.78,0.85,1.09,1.19,0.59
2110833,16,Fl_Tub,0.62,0.61,1.09,0.57,0.36,0.69,0.85,1.09,1.19,0.59
2110833,17,Fl_Tub,0.62,0.61,0.99,0.57,0.36,0.75,0.85,1.09,1.19,0.61
2110833,18,Fl_Tub,0.62,0.61,0.99,0.57,0.36,0.75,0.85,1.09,1.19,0.56
2110833,19,Fl_Tub,0.62,0.61,0.99,0.57,0.36,0.75,0.85,1.09,1.19,0.59
2110833,20,Fl_Tub,0.62,0.61,0.99,0.49,0.33,0.75,0.85,1.09,1.19,0.59
2110833,21,Fl_Tub,0.62,0.61,0.99,0.45,0.33,0.75,0.65,1.09,1.19,0.59
2110833,22,Fl_Tub,0.62,0.61,0.99,0.45,0.33,0.75,0.85,1.09,1.19,0.59
2110833,23,Fl_Tub,0.58,0.61,0.99,0.45,0.34,0.75,0.65,1.09,1.19,0.59
2110833,24,Fl_Tub,0.58,0.25,0.99,0.25,0.33,0.72,0.65,1.07,1.19,0.59
2110833,25,Fl_Tub,0.39,0.58,0.99,0.29,0.34,0.69,0.79,1.09,1.19,0.56
2110965,1,Gen_Stk,0.39,0.58,0.99,0.29,0.33,0.69,0.79,1.1,1.19,0.56
2111013,1,Fl_Stk,0.63,0.67,1.09,0.57,0.36,0.93,0.85,1.09,1.19,0.59
2111013,2,Fl_Stk,0.62,0.29,1.09,0.57,0.36,0.93,0.85,1.09,1.19,0.59
2111013,3,Fl_Stk,0.62,0.5,1.09,0.57,0.36,0.93,0.85,1.1,1.19,0.59
2111013,4,Fl_Stk,0.29,0.5,0.99,0.57,0.35,0.69,0.79,1.09,1.19,0.67
2111013,5,Fl_Stk,0.62,0.5,1.09,0.57,0.34,0.93,0.85,1.09,1.19,0.59
2111013,6,Fl_Stk,0.62,0.5,1.09,0.29,0.38,0.75,0.65,1.09,1.19,0.59
2111013,7,Fl_Stk,0.62,0.5,0.99,0.57,0.36,0.75,0.85,1.09,1.19,0.56
2111013,8,Fl_Stk,0.62,0.61,0.99,0.49,0.33,0.75,0.5,1.09,1.19,0.59
2111013,9,Fl_Stk,0.62,0.61,0.99,0.49,0.34,0.75,0.85,1.09,1.19,0.59
2111013,10,Fl_Stk,0.62,0.61,0.99,0.45,0.33,0.75,0.85,1.09,1.19,0.59
2111013,11,Fl_Stk,0.58,0.61,0.99,0.45,0.33,0.75,0.85,1.09,1.19,0.59
2111013,12,Fl_Stk,0.58,0.61,0.99,0.45,0.34,0.75,0.85,1.07,1.19,0.59
2111013,13,Fl_Stk,0.5,0.5,0.99,0.19,0.34,0.72,0.85,1.08,1.19,0.74
2111013,14,Fl_Stk,0.5,0.5,0.99,0.45,0.33,0.78,0.91,1.07,1.19,0.78
2111013,15,Fl_Stk,0.58,0.58,0.99,0.45,0.33,0.79,0.89,1.09,1.19,0.68
2111013,16,Fl_Stk,0.58,0.58,0.99,0.29,0.34,0.72,0.85,1.07,1.2,0.59
2111013,17,Fl_Stk,0.58,0.58,0.99,0.33,0.33,0.72,0.85,1.07,1.19,0.55
2111013,18,Fl_Stk,0.58,0.25,0.99,0.29,0.34,0.72,0.85,1.07,1.19,0.59
2111013,19,Fl_Stk,0.58,0.58,0.99,0.29,0.33,0.69,0.79,1.07,1.19,0.54
2111013,20,Fl_Stk,0.19,0.58,0.99,0.29,0.33,0.69,0.79,1.09,1.19,0.56
2111013,21,Fl_Stk,0.58,0.5,0.99,0.29,0.34,0.69,0.79,1.07,1.19,0.56
2111104,1,Pk_Stk,0.29,0.5,0.95,0.57,0.36,0.69,0.79,1.09,1.19,0.59
2111104,2,Pk_Stk,0.62,0.5,0.99,0.57,0.33,0.75,0.85,1.09,1.19,0.59
2111104,3,BB_Stk,0.62,0.61,0.99,0.49,0.33,0.75,0.85,1.09,1.19,0.59
2111104,4,Gen_Stk,0.62,0.61,0.99,0.49,0.33,0.75,0.85,1.09,1.19,0.59
2111104,5,Gen_Stk,0.62,0.61,0.99,0.45,0.33,0.75,0.85,1.09,1.19,0.59
2111104,6,Hse_Stk,0.62,0.61,0.99,0.45,0.33,0.75,0.85,1.09,1.19,0.59
2111104,7,Pk_Stk,0.5,0.58,0.99,0.45,0.34,0.72,0.85,1.07,1.19,0.59
2111104,8,Gen_Stk,0.5,0.58,0.99,0.19,0.33,0.69,0.85,1.07,1.19,0.59
2111104,9,Pk_Stk,0.58,0.45,0.99,0.45,0.34,0.72,0.85,1.07,1.19,0.59
2111104,10,BB_Stk,0.58,0.45,1.08,0.25,0.33,0.72,0.85,1.07,1.19,0.59
2111104,11,Hse_Stk,0.58,0.58,0.99,0.33,0.33,0.72,0.85,1.07,1.19,0.59
2111104,12,BB_Stk,0.58,0.25,0.99,0.29,0.34,0.72,0.85,1.07,1.19,0.59
2111104,13,Hse_Stk,0.58,0.58,0.99,0.29,0.34,0.69,0.79,1.07,1.19,0.56
2111104,14,Pk_Stk,0.19,0.58,0.99,0.29,0.33,0.69,0.79,1.12,1.19,0.56
2111104,15,Pk_Stk,0.39,0.51,0.99,0.29,0.33,0.69,0.79,1.09,1.19,0.56
2111104,16,Pk_Stk,0.29,0.45,0.99,0.29,0.33,0.69,0.79,1.09,1.19,0.56
2111120,1,Fl_Stk,0.67,0.67,1.08,0.57,0.49,0.83,0.85,0.98,1.17,0.59
2111120,2,Pk_Stk,0.67,0.67,1.08,0.57,0.49,0.83,0.85,0.98,1.17,0.59
2111120,3,Pk_Stk,0.67,0.67,1.08,0.57,0.49,0.9,0.85,0.98,1.17,0.6
2111120,4,Pk_Stk,0.67,0.58,1.08,0.57,0.49,1.12,0.85,0.98,1.27,0.88
2111120,5,Pk_Stk,0.63,0.59,0.99,0.57,0.49,0.79,0.6,0.99,1.17,0.59
2111120,6,Pk_Stk,0.63,0.59,1.08,0.57,0.49,0.79,0.85,0.98,1.17,0.59
2111120,7,Pk_Stk,0.63,0.67,1.08,0.57,0.45,0.93,0.85,0.98,1.17,0.59
2111120,8,Pk_Stk,0.5,0.58,0.99,0.45,0.33,0.72,0.85,1.07,1.19,0.59
2111120,9,Pk_Stk,0.58,0.58,0.99,0.45,0.33,0.72,0.85,1.07,1.19,0.59
2111385,1,Pk_Stk,0.19,0.67,1.09,0.57,0.34,0.93,0.85,1.09,1.19,0.33
2111385,2,Pk_Tub,0.5,0.58,0.99,0.19,0.33,0.69,0.85,1.07,1.19,0.59
2111385,3,Pk_Stk,0.5,0.58,0.99,0.19,0.33,0.69,0.85,1.07,1.19,0.59
2111385,4,Hse_Stk,0.58,0.67,1.08,0.25,0.33,0.72,0.85,1.07,1.19,0.59
2111385,5,BB_Stk,0.58,0.25,0.99,0.27,0.33,0.92,0.85,1.07,1.19,0.59
2111385,6,Pk_Stk,0.29,0.5,0.99,0.3,0.33,0.72,0.85,1.07,1.19,0.59
2111385,7,Pk_Stk,0.58,0.58,0.99,0.29,0.34,0.69,0.79,1.07,1.19,0.56
2111427,1,SS_Tub,0.63,0.67,0.99,0.57,0.49,0.78,0.88,1.08,1.17,0.5
2111427,2,SS_Tub,0.67,0.67,1.08,0.57,0.49,0.83,0.85,0.98,1.17,0.59
2111427,3,Fl_Tub,0.63,0.66,0.99,0.57,0.36,0.93,0.85,1.09,1.19,0.69
2111427,4,Fl_Stk,0.58,0.45,0.99,0.45,0.33,0.72,0.85,1.07,1.19,0.59
2111492,1,Fl_Tub,0.63,0.67,1.09,0.57,0.45,0.93,0.85,0.98,1.17,0.59
2111492,2,Fl_Tub,0.66,0.67,1.09,0.57,0.36,0.93,0.85,1.09,1.19,0.33
2111492,3,Pk_Stk,0.29,0.5,0.99,0.57,0.36,0.69,0.79,1.09,1.19,0.59
2111492,4,Fl_Stk,0.58,0.58,0.99,0.29,0.33,0.72,0.85,1.07,1.19,0.59
2111492,5,Fl_Tub,0.19,0.58,0.99,0.29,0.33,0.69,0.79,1.09,1.19,0.56
2111492,6,Fl_Tub,0.39,0.58,0.99,0.29,0.33,0.69,0.79,1.08,1.19,0.56
2111526,1,SS_Tub,0.29,0.5,0.99,0.57,0.36,0.69,0.79,1.09,1.19,0.59
2111526,2,SS_Tub,0.62,0.61,1.09,0.57,0.34,1.07,0.85,1.09,1.19,0.59
2111526,3,SS_Tub,0.62,0.61,0.99,0.57,0.36,0.75,0.85,1.09,1.19,0.58
2111526,4,Imp_Stk,0.25,0.61,0.99,0.45,0.33,0.75,0.85,1.09,1.19,0.59
2111526,5,SS_Tub,0.58,0.58,0.99,0.45,0.33,0.72,0.85,1.07,1.19,0.59
2111526,6,SS_Tub,0.58,0.25,0.99,0.45,0.33,0.72,0.85,1.07,1.19,0.59
2111526,7,SS_Tub,0.29,0.5,0.99,0.29,0.33,0.72,0.85,1.07,1.19,0.59
2111526,8,SS_Tub,0.58,0.25,0.99,0.29,0.33,0.72,0.5,1.07,1.19,0.59
2111526,9,SS_Tub,0.39,0.58,0.99,0.29,0.33,0.69,0.63,1.09,1.19,0.56
2111526,10,SS_Tub,0.39,0.58,0.99,0.29,0.33,0.69,0.63,1.09,1.19,0.56
2111526,11,Imp_Stk,0.39,0.58,0.99,0.29,0.33,0.69,0.79,1.09,1.19,0.56
2111526,12,SS_Tub,0.58,0.19,0.99,0.29,0.34,0.69,0.63,1.07,1.19,0.56
2111583,1,Pk_Stk,0.5,0.58,0.99,0.45,0.33,0.72,0.85,1.07,1.19,0.59
2111583,2,Pk_Stk,0.58,0.58,0.99,0.29,0.34,0.72,0.85,1.07,1.2,0.59
2111583,3,Pk_Stk,0.39,0.55,0.99,0.29,0.34,0.69,0.79,1.09,1.19,0.56
2111609,1,Pk_Stk,0.63,0.67,1.09,0.57,0.45,0.93,0.85,0.98,1.17,0.59
2111609,2,Hse_Stk,0.66,0.67,1.09,0.57,0.36,0.93,0.85,1.09,1.19,0.33
2111609,3,Hse_Stk,0.63,0.67,1.09,0.57,0.36,0.93,0.85,1.09,1.19,0.59
2111609,4,BB_Stk,0.5,0.39,0.99,0.45,0.33,0.72,0.85,1.07,1.19,0.59
2111609,5,Pk_Stk,0.39,0.58,0.99,0.29,0.33,0.69,0.79,1.1,1.19,0.56
2111609,6,BB_Stk,0.58,0.19,0.99,0.29,0.34,0.69,0.79,1.07,1.19,0.56
2111765,1,Pk_Stk,0.67,0.67,1.08,0.57,0.49,0.83,0.85,0.98,1.17,0.49
2111765,2,Pk_Stk,0.67,0.67,1.13,0.57,0.49,0.83,0.85,0.98,1.21,0.76
2111765,3,Pk_Stk,0.19,0.5,1.09,0.57,0.36,0.93,0.85,1.09,1.19,0.59
2111765,4,Pk_Stk,0.5,0.67,1.09,0.57,0.36,0.93,0.85,1.09,1.19,0.33
2111765,5,Pk_Stk,0.5,0.59,1.09,0.57,0.36,0.93,0.85,1.09,1.19,0.33
2111765,6,BB_Stk,0.39,0.19,0.99,0.29,0.34,0.69,0.79,1.07,1.19,0.56
2111765,7,SS_Tub,0.39,0.19,0.99,0.29,0.34,0.69,0.56,1.07,1.19,0.56
2111872,1,Fl_Tub,0.29,0.5,0.99,0.29,0.33,0.69,0.56,1.09,1.19,0.56
2111922,1,Pk_Stk,0.62,0.67,1.09,0.57,0.36,0.93,0.85,1.09,1.19,0.59
2111922,2,Pk_Stk,0.62,0.5,1.13,0.57,0.36,0.93,0.85,1.16,1.19,0.59
2111922,3,Pk_Stk,0.62,0.5,1.09,0.57,0.36,0.93,0.85,1.09,1.19,0.59
2111922,4,Pk_Stk,0.62,0.29,1.09,0.57,0.36,0.93,0.85,1.09,1.19,0.59
2111922,5,Pk_Stk,0.62,0.5,1.09,0.57,0.33,0.93,0.85,1.09,1.19,0.59
2111922,6,Pk_Stk,0.62,0.61,0.99,0.57,0.36,0.75,0.85,1.09,1.19,0.61
2111922,7,Pk_Stk,0.62,0.61,0.99,0.57,0.36,0.75,0.85,1.09,1.19,0.56
2111922,8,Pk_Stk,0.62,0.61,0.99,0.49,0.33,0.75,0.85,1.09,1.19,0.59
2111922,9,Pk_Stk,0.62,0.61,0.99,0.49,0.33,0.75,0.85,1.09,1.19,0.59
2111922,10,Pk_Stk,0.62,0.61,0.99,0.45,0.33,0.75,0.85,1.09,1.19,0.59
2111922,11,Pk_Stk,0.62,0.61,0.99,0.45,0.34,0.75,0.85,1.09,1.19,0.59
2111922,12,Pk_Stk,0.58,0.61,0.99,0.45,0.33,0.75,0.85,1.09,1.19,0.59
2111922,13,Pk_Stk,0.5,0.39,0.99,0.45,0.33,0.72,0.85,1.07,1.19,0.59
2111922,14,Pk_Stk,0.5,0.58,0.99,0.45,0.33,0.72,0.85,1.07,1.19,0.59
2111922,15,Pk_Stk,0.58,0.58,0.99,0.29,0.33,0.72,0.85,1.07,1.19,0.59
2111922,16,Pk_Stk,0.58,0.58,0.99,0.29,0.33,0.69,0.79,1.1,1.19,0.56
2111922,17,Pk_Stk,0.39,0.51,0.99,0.29,0.34,0.69,0.79,1.09,1.19,0.56
2111922,18,Pk_Stk,0.19,0.58,0.99,0.29,0.34,0.69,0.79,1.09,1.19,0.56
2111948,1,BB_Stk,0.63,0.59,0.99,0.57,0.49,0.79,0.85,0.98,1.17,0.59
2111948,2,Pk_Stk,0.63,0.59,1.08,0.57,0.45,0.93,0.85,0.98,1.17,0.59
2111948,3,Pk_Stk,0.19,0.67,1.09,0.57,0.36,0.93,0.85,1.09,1.19,0.33
2111948,4,Pk_Stk,0.29,0.59,1.08,0.57,0.34,0.93,0.85,1.09,1.19,0.33
2111948,5,Pk_Stk,0.29,0.59,1.08,0.57,0.34,0.93,0.85,1.09,1.19,0.33
2111948,6,BB_Stk,0.63,0.67,1.08,0.57,0.36,0.93,0.85,1.09,1.19,0.59
2111948,7,BB_Stk,0.62,0.29,1.09,0.58,0.36,1.38,0.85,1.09,1.19,0.7
2111948,8,BB_Stk,0.62,0.29,1.09,0.57,0.36,0.93,0.85,1.09,1.19,0.59
2111948,9,Pk_Stk,0.29,0.5,0.99,0.57,0.36,0.69,0.79,1.09,1.19,0.59
2111948,10,Pk_Stk,0.62,0.61,0.99,0.57,0.36,0.75,0.85,1.09,1.19,0.59
2111948,11,BB_Stk,0.62,0.61,0.99,0.45,0.33,0.75,0.85,1.09,1.19,0.59
2111948,12,Pk_Stk,0.58,0.61,0.99,0.45,0.33,0.75,0.85,1.09,1.19,0.59
2111948,13,Pk_Stk,0.25,0.61,0.99,0.45,0.33,0.75,0.85,1.09,1.19,0.59
2111948,14,Pk_Stk,0.58,0.65,0.99,0.25,0.34,0.72,0.85,1.07,1.19,0.59
2111948,15,BB_Stk,0.58,0.19,0.99,0.29,0.34,0.69,0.79,1.07,1.19,0.56
2112193,1,Pk_Stk,0.63,0.67,0.99,0.57,0.36,1.03,0.85,1.09,1.19,0.37
2112193,2,Pk_Tub,0.62,0.67,1.09,0.57,0.36,0.93,0.85,1.09,1.19,0.59
2112193,3,BB_Stk,0.62,0.29,1.09,0.57,0.36,0.93,0.85,1.09,1.19,0.59
2112193,4,Gen_Stk,0.62,0.61,0.99,0.57,0.36,0.75,0.85,1.09,1.19,0.59
2112193,5,Pk_Stk,0.62,0.61,0.99,0.57,0.36,0.75,0.85,1.09,1.19,0.59
2112193,6,SS_Tub,0.62,0.61,0.99,0.49,0.33,0.75,0.5,1.09,1.19,0.59
2112193,7,BB_Stk,0.62,0.61,0.99,0.45,0.33,0.75,0.85,1.09,1.19,0.59
2112193,8,Pk_Stk,0.25,0.61,0.99,0.45,0.33,0.75,0.85,1.09,1.19,0.59
2112193,9,Pk_Stk,0.25,0.61,0.99,0.45,0.33,0.75,0.85,1.09,1.19,0.59
2112193,10,Hse_Stk,0.5,0.58,0.99,0.19,0.33,0.72,0.85,1.07,1.19,0.59
2112193,11,Pk_Stk,0.29,0.51,0.99,0.29,0.33,0.72,0.85,1.07,1.19,0.59
2112193,12,Pk_Stk,0.29,0.5,0.99,0.29,0.33,0.69,0.79,1.09,1.19,0.56
2112193,13,Pk_Stk,0.29,0.5,0.99,0.29,0.33,0.69,0.79,1.09,1.19,0.56
2112193,14,Pk_Stk,0.19,0.47,0.99,0.29,0.34,0.69,0.79,1.07,1.19,0.56
2112235,1,Pk_Stk,0.5,0.5,1.09,0.57,0.36,0.93,0.85,1.09,1.19,0.33
2112235,2,Pk_Stk,0.66,0.67,1.09,0.57,0.36,0.93,0.85,1.09,1.19,0.33
2112235,3,Pk_Stk,0.29,0.67,1.09,0.57,0.34,0.93,0.85,1.09,1.19,0.33
2112235,4,Pk_Stk,0.62,0.5,1.09,0.57,0.36,0.93,0.85,1.09,1.19,0.59
2112235,5,Pk_Stk,0.29,0.5,0.99,0.57,0.36,0.69,0.79,1.09,1.19,0.59
2112235,6,Pk_Stk,0.62,0.61,0.99,0.57,0.36,0.75,0.85,1.09,1.19,0.56
2112235,7,Pk_Stk,0.62,0.61,0.99,0.45,0.33,0.75,0.85,1.09,1.19,0.59
2112235,8,Pk_Stk,0.62,0.39,0.99,0.45,0.33,0.75,0.85,1.09,1.19,0.59
2112235,9,Pk_Stk,0.5,0.58,0.99,0.45,0.33,0.72,0.85,1.07,1.19,0.59
2112235,10,Pk_Stk,0.58,0.25,0.99,0.25,0.33,0.72,0.85,1.07,1.19,0.59
2112235,11,Pk_Stk,0.58,0.58,0.99,0.34,0.33,0.72,0.85,1.07,1.19,0.59
2112235,12,Pk_Stk,0.29,0.5,0.99,0.29,0.33,0.69,0.79,1.09,1.19,0.56
2112235,13,Pk_Stk,0.39,0.51,0.99,0.29,0.34,0.69,0.79,1.09,1.19,0.56
2112235,14,Pk_Stk,0.39,0.5,0.99,0.29,0.33,0.69,0.79,1.07,1.19,0.56
2112243,1,Gen_Stk,0.63,0.67,0.99,0.57,0.49,0.93,0.85,0.98,1.17,0.59
2112243,2,Hse_Stk,0.63,0.67,1.08,0.57,0.45,0.93,0.85,0.98,1.17,0.59
2112243,3,BB_Stk,0.66,0.5,1.09,0.57,0.33,0.93,0.85,1.09,1.19,0.59
2112243,4,Pk_Stk,0.29,0.67,1.08,0.57,0.35,0.93,0.85,1.09,1.19,0.33
2112243,5,Hse_Stk,0.62,0.67,1.09,0.57,0.36,0.93,0.85,1.09,1.19,0.59
2112243,6,Pk_Stk,0.29,0.5,0.99,0.57,0.35,0.69,0.79,1.09,1.19,0.67
2112243,7,Gen_Stk,0.62,0.5,0.99,0.31,0.36,0.75,0.85,1.1,1.19,0.59
2112243,8,BB_Stk,0.58,0.25,0.99,0.29,0.34,0.72,0.85,1.07,1.19,0.59
2112730,1,Pk_Stk,0.67,0.67,1.08,0.57,0.49,0.84,0.85,0.98,1.17,0.59
2112730,2,Pk_Tub,0.67,0.58,1.08,0.57,0.49,2.3,0.85,0.98,1.17,0.59
2112730,3,Pk_Stk,0.67,0.58,1.08,0.57,0.49,2.3,0.85,0.98,1.17,0.59
2112730,4,Pk_Stk,0.63,0.67,1.09,0.57,0.45,0.93,0.85,0.98,1.17,0.59
2112730,5,Pk_Stk,0.66,0.67,1.09,0.57,0.33,0.93,0.85,1.09,1.19,0.59
2112730,6,Pk_Stk,0.66,0.67,1.09,0.57,0.36,0.93,0.85,1.09,1.19,0.33
2112730,7,Pk_Stk,0.63,0.67,1.09,0.57,0.36,0.93,0.85,1.09,1.19,0.34
2112730,8,Pk_Stk,0.63,0.7,0.99,0.57,0.36,0.93,0.85,1.09,1.19,0.89
2112730,9,Pk_Stk,0.62,0.61,0.99,0.49,0.33,0.75,0.85,1.09,1.19,0.59
2112730,10,Pk_Stk,0.62,0.61,0.99,0.45,0.34,0.75,0.85,1.09,1.19,0.59
2112730,11,Pk_Stk,0.29,0.5,0.99,0.29,0.33,0.69,0.79,1.09,1.19,0.56
2112847,1,Hse_Stk,0.63,0.59,0.99,0.57,0.36,0.88,0.85,1.09,1.19,0.59
2112847,2,Hse_Stk,0.62,0.61,0.99,0.45,0.34,0.75,0.85,1.09,1.19,0.59
2112847,3,SS_Tub,0.58,0.25,0.99,0.29,0.33,0.72,0.85,1.07,1.19,0.59
2113019,1,SS_Tub,0.66,0.67,1.08,0.57,0.45,0.93,0.7,1.09,1.17,0.59
2113019,2,Hse_Tub,0.58,0.25,0.99,0.45,0.33,0.72,0.85,1.07,1.19,0.59
2113019,3,SS_Tub,0.19,0.5,0.99,0.29,0.33,0.69,0.56,1.07,1.19,0.56
2113043,1,Pk_Stk,0.62,0.61,0.99,0.57,0.36,0.75,0.85,1.09,1.19,0.61
2113043,2,Pk_Stk,0.62,0.61,0.99,0.57,0.36,0.75,0.85,1.09,1.19,0.56
2113043,3,Pk_Stk,0.62,0.61,0.99,0.57,0.36,0.75,0.85,1.09,1.19,0.59
2113043,4,Pk_Stk,0.5,0.61,0.99,0.45,0.33,0.72,0.85,1.07,1.19,0.59
2113043,5,Pk_Stk,0.58,0.58,0.99,0.29,0.33,0.72,0.85,1.07,1.19,0.59
2113043,6,Pk_Stk,0.58,0.63,0.99,0.35,0.33,0.72,0.85,1.07,1.19,0.59
2113043,7,Pk_Stk,0.19,0.58,0.99,0.29,0.34,0.69,0.79,1.11,1.19,0.56
2113043,8,Pk_Stk,0.29,0.5,0.99,0.29,0.33,0.69,0.79,1.09,1.19,0.56
2113175,1,Fl_Stk,0.63,0.67,1.09,0.57,0.33,0.93,0.7,0.98,1.17,0.59
2113175,2,Fl_Stk,0.19,0.5,1.09,0.57,0.36,0.93,0.85,1.09,1.19,0.59
2113175,3,Fl_Stk,0.5,0.5,1.09,0.57,0.36,0.93,0.85,1.09,1.19,0.33
2113175,4,Fl_Stk,0.63,0.67,1.09,0.57,0.36,0.91,0.85,1.09,1.19,0.55
2113175,5,Fl_Stk,0.62,0.53,1.09,0.57,0.33,0.93,0.85,1.09,1.19,0.59
2113175,6,Fl_Stk,0.62,0.61,0.99,0.49,0.33,0.75,0.5,1.09,1.19,0.59
2113175,7,Fl_Stk,0.62,0.39,0.99,0.45,0.33,0.75,0.65,1.09,1.19,0.59
2113175,8,Fl_Stk,0.58,0.58,0.99,0.45,0.33,0.72,0.85,1.07,1.19,0.59
2113266,1,Gen_Stk,0.66,0.67,1.09,0.57,0.33,0.93,0.85,1.09,1.19,0.59
2113266,2,Gen_Stk,0.66,0.67,1.09,0.57,0.36,0.93,0.85,1.09,1.19,0.33
2113266,3,Gen_Stk,0.66,0.67,1.09,0.57,0.33,0.93,0.85,1.09,1.19,0.33
2113266,4,Pk_Stk,0.29,0.67,1.09,0.57,0.34,0.93,0.85,1.09,1.19,0.33
2113266,5,Gen_Stk,0.63,0.67,1.09,0.57,0.36,0.93,0.85,1.09,1.19,0.34
2113266,6,Gen_Stk,0.63,0.7,0.99,0.57,0.36,0.93,0.85,1.09,1.19,0.89
2113266,7,Pk_Stk,0.62,0.5,1.09,0.57,0.36,0.93,0.85,1.09,1.19,0.59
2113266,8,BB_Stk,0.62,0.5,1.09,0.57,0.33,1.02,0.85,1.09,1.19,0.59
2113266,9,Hse_Stk,0.62,0.61,1.09,0.57,0.36,0.69,0.85,1.09,1.19,0.59
2113266,10,Gen_Stk,0.62,0.61,0.99,0.57,0.36,0.75,0.85,1.09,1.19,0.59
2113266,11,Gen_Stk,0.62,0.61,0.99,0.49,0.33,0.75,0.85,1.09,1.19,0.59
2113266,12,Gen_Stk,0.62,0.61,0.99,0.45,0.33,0.75,0.85,1.09,1.19,0.59
2113266,13,Gen_Stk,0.62,0.61,0.99,0.45,0.33,0.75,0.85,1.09,1.19,0.59
2113266,14,Hse_Stk,0.62,0.61,0.99,0.45,0.33,0.75,0.85,1.09,1.19,0.59
2113266,15,Gen_Stk,0.25,0.61,0.99,0.45,0.33,0.75,0.85,1.09,1.19,0.59
2113266,16,Hse_Stk,0.58,0.5,0.99,0.33,0.34,0.72,0.85,1.07,1.19,0.59
2113266,17,Hse_Stk,0.58,0.25,0.99,0.29,0.34,0.72,0.85,1.07,1.19,0.59
2113266,18,Hse_Stk,0.19,0.58,0.99,0.29,0.34,0.69,0.79,1.09,1.19,0.56
2113340,1,Pk_Tub,0.63,0.67,0.99,0.57,0.39,0.93,0.85,0.98,1.17,0.59
2113340,2,Fl_Stk,0.63,0.67,0.99,0.57,0.39,0.93,0.85,0.98,1.17,0.59
2113340,3,BB_Stk,0.66,0.5,1.09,0.57,0.33,0.93,0.85,1.09,1.19,0.59
2113340,4,Hse_Stk,0.62,0.61,1.09,0.29,0.36,0.75,0.85,1.09,1.19,0.59
2113340,5,Pk_Stk,0.39,0.5,0.99,0.29,0.33,0.69,0.79,1.09,1.19,0.56
2113464,1,BB_Stk,0.62,0.5,1.09,0.57,0.33,1.02,0.85,1.09,1.19,0.59
2113464,2,Hse_Stk,0.62,0.61,1.09,0.29,0.36,0.75,0.85,1.09,1.19,0.59
2113464,3,BB_Stk,0.62,0.61,0.99,0.49,0.33,0.75,0.85,1.09,1.19,0.59
2113464,4,BB_Stk,0.62,0.61,0.99,0.45,0.33,0.75,0.85,1.09,1.19,0.59
2113464,5,BB_Stk,0.62,0.61,0.99,0.45,0.33,0.75,0.85,1.09,1.19,0.59
2113464,6,Hse_Stk,0.62,0.39,0.99,0.45,0.33,0.75,0.85,1.09,1.19,0.59
2113464,7,BB_Stk,0.62,0.39,0.99,0.45,0.33,0.75,0.85,1.09,1.19,0.59
2113464,8,BB_Stk,0.5,0.39,0.99,0.45,0.33,0.72,0.85,1.07,1.19,0.59
2113464,9,BB_Stk,0.58,0.25,0.99,0.45,0.33,0.72,0.85,1.07,1.19,0.59
2113464,10,Pk_Stk,0.29,0.5,0.99,0.33,0.33,0.72,0.85,1.07,1.19,0.59
2113464,11,BB_Stk,0.29,0.5,0.99,0.33,0.33,0.72,0.85,1.07,1.19,0.59
2113464,12,Fl_Tub,0.58,0.25,0.99,0.29,0.34,0.72,0.85,1.07,1.19,0.59
2113464,13,BB_Stk,0.58,0.25,0.99,0.29,0.34,0.72,0.85,1.07,1.19,0.59
2113464,14,Pk_Stk,0.29,0.5,0.99,0.29,0.33,0.69,0.79,1.09,1.19,0.56
2113472,1,Fl_Stk,0.63,0.67,0.99,0.57,0.39,0.93,0.86,0.98,1.17,1.27
2113472,2,Pk_Stk,0.29,0.67,1.09,0.57,0.35,0.93,0.85,1.09,1.19,0.33
2113472,3,Pk_Stk,0.62,0.47,1.09,0.57,0.36,0.93,0.85,1.09,1.19,0.59
2113472,4,Pk_Stk,0.58,0.58,0.99,0.33,0.34,0.72,0.85,1.07,1.19,0.59
2113472,5,Pk_Stk,0.29,0.45,0.99,0.29,0.33,0.69,0.79,1.09,1.19,0.56
2113597,1,Pk_Stk,0.62,0.67,1.09,0.57,0.36,0.93,0.85,1.09,1.19,0.59
2113597,2,Pk_Stk,0.62,0.61,0.99,0.57,0.36,0.75,0.85,1.09,1.19,0.59
2113597,3,BB_Stk,0.62,0.61,0.99,0.49,0.33,0.75,0.85,1.09,1.19,0.59
2113597,4,BB_Stk,0.62,0.61,0.99,0.45,0.33,0.75,0.85,1.09,1.19,0.59
2113597,5,Pk_Stk,0.5,0.58,0.99,0.45,0.33,0.75,0.85,1.07,1.19,0.59
2113597,6,Pk_Stk,0.5,0.58,0.99,0.45,0.33,0.72,0.85,1.07,1.19,0.59
2113597,7,Pk_Tub,0.58,0.45,0.99,0.45,0.33,0.72,0.85,1.07,1.19,0.59
2113597,8,BB_Stk,0.58,0.45,0.99,0.45,0.33,0.72,0.85,1.07,1.19,0.59
2113597,9,Pk_Stk,0.29,0.5,0.99,0.33,0.25,0.72,0.85,1.07,1.19,0.59
2113597,10,BB_Stk,0.58,0.25,0.99,0.29,0.33,0.72,0.85,1.07,1.19,0.59
2113597,11,Pk_Stk,0.19,0.58,0.99,0.29,0.33,0.69,0.79,1.12,1.19,0.56
2113639,1,BB_Stk,0.62,0.61,0.99,0.45,0.33,0.75,0.85,1.09,1.19,0.59
2113639,2,Pk_Stk,0.29,0.51,0.99,0.33,0.33,0.72,0.85,1.07,1.21,0.59
2113639,3,Pk_Stk,0.29,0.5,0.99,0.29,0.34,0.69,0.79,1.09,1.19,0.56
2113639,4,Pk_Stk,0.19,0.58,0.99,0.29,0.33,0.69,0.79,1.09,1.19,0.56
2113696,1,Fl_Tub,0.63,0.67,1.09,0.57,0.45,0.92,0.85,0.98,1.17,0.59
2113696,2,Fl_Tub,0.66,0.5,1.09,0.57,0.33,0.93,0.85,1.09,1.19,0.59
2113696,3,Fl_Tub,0.5,0.67,1.09,0.57,0.36,0.93,0.85,1.09,1.19,0.33
2113696,4,Fl_Tub,0.63,0.67,1.09,0.57,0.36,0.91,0.85,1.09,1.19,0.55
2113696,5,Fl_Tub,0.62,0.67,1.09,0.57,0.36,0.93,0.85,1.09,1.19,0.59
2113696,6,Fl_Tub,0.62,0.29,1.09,0.57,0.36,0.94,0.85,1.09,1.19,0.59
2113696,7,Fl_Tub,0.62,0.61,0.99,0.57,0.36,0.75,0.85,1.09,1.19,0.59
2113696,8,Fl_Tub,0.62,0.39,0.99,0.45,0.33,0.75,0.85,1.09,1.19,0.59
2113696,9,Fl_Tub,0.25,0.39,0.99,0.45,0.33,0.75,0.85,1.09,1.19,0.59
2113696,10,Fl_Tub,0.5,0.39,0.99,0.45,0.33,0.72,0.65,1.07,1.19,0.59
2113696,11,Pk_Stk,0.5,0.39,0.99,0.19,0.33,0.72,0.85,1.07,1.19,0.59
2113696,12,Fl_Tub,0.58,0.58,0.99,0.25,0.33,0.72,0.85,1.07,1.19,0.59
2113696,13,Fl_Tub,0.58,0.5,0.99,0.33,0.34,0.72,0.65,1.07,1.19,0.59
2113696,14,Fl_Tub,0.58,0.58,0.99,0.33,0.34,0.72,0.85,1.07,1.19,0.59
2113696,15,Fl_Tub,0.19,0.58,0.99,0.29,0.34,0.69,0.79,1.09,1.19,0.56
2113779,1,BB_Stk,0.62,0.29,1.09,0.57,0.36,0.93,0.85,1.09,1.19,0.59
2113779,2,BB_Stk,0.62,0.61,0.99,0.45,0.33,0.75,0.85,1.09,1.19,0.59
2113779,3,Pk_Stk,0.25,0.61,0.99,0.45,0.33,0.74,0.85,1.09,1.19,0.59
2113779,4,BB_Stk,0.58,0.19,0.99,0.29,0.33,0.69,0.79,1.07,1.19,0.56
2113910,1,SS_Tub,0.63,0.67,1.09,0.57,0.39,0.93,0.6,0.98,1.17,0.59
2113910,2,Pk_Stk,0.19,0.67,1.08,0.57,0.36,0.93,0.85,1.09,1.19,0.59
2113951,1,Pk_Stk,0.67,0.67,1.08,0.57,0.49,0.9,0.85,0.98,1.17,0.6
2113951,2,Pk_Stk,0.63,0.67,0.99,0.57,0.39,0.93,0.85,0.98,1.17,0.59
2113951,3,Pk_Stk,0.63,0.67,1.08,0.57,0.33,0.75,0.6,0.98,1.17,0.59
2113951,4,Imp_Stk,0.63,0.67,1.08,0.57,0.45,0.93,0.85,0.98,1.17,0.59
2113951,5,Fl_Stk,0.63,0.67,1.08,0.57,0.45,0.93,0.7,0.98,1.17,0.59
2113951,6,Fl_Stk,0.5,0.5,1.09,0.57,0.36,0.93,0.85,1.09,1.19,0.33
2113951,7,Pk_Stk,0.66,0.67,1.08,0.57,0.36,0.93,0.85,1.09,1.19,0.33
2113951,8,Pk_Stk,0.66,0.67,1.09,0.57,0.36,0.93,0.85,1.09,1.19,0.33
2113951,9,Pk_Stk,0.29,0.67,1.09,0.57,0.36,0.93,0.85,1.09,1.19,0.33
2113951,10,Pk_Stk,0.63,0.67,1.09,0.57,0.36,0.93,0.85,1.09,1.19,0.33
2113951,11,Pk_Stk,0.62,0.67,1.09,0.57,0.36,0.93,0.85,1.09,1.19,0.59
2113951,12,BB_Stk,0.62,0.29,1.09,0.57,0.36,0.94,0.85,1.09,1.19,0.59
2113951,13,BB_Stk,0.5,0.5,0.99,0.45,0.33,0.72,0.85,1.07,1.19,0.59
2113951,14,Pk_Stk,0.29,0.51,0.99,0.33,0.33,0.72,0.85,1.07,1.21,0.59
2113951,15,Pk_Stk,0.58,0.58,0.99,0.33,0.33,0.72,0.85,1.07,1.19,0.55
2113951,16,Pk_Stk,0.19,0.58,0.99,0.29,0.34,0.69,0.79,1.09,1.19,0.56
2114017,1,Fl_Tub,0.63,0.67,1.09,0.57,0.33,0.75,0.85,0.98,1.17,0.59
2114017,2,Fl_Stk,0.63,0.59,1.08,0.57,0.45,0.93,0.85,0.98,1.17,0.59
2114017,3,Fl_Tub,0.63,0.59,1.08,0.57,0.45,0.93,0.85,0.98,1.17,0.59
2114017,4,Fl_Tub,0.62,0.61,0.99,0.45,0.34,0.75,0.85,1.09,1.19,0.59
2114017,5,Fl_Tub,0.39,0.55,0.99,0.29,0.33,0.69,0.79,1.09,1.19,0.56
2114025,1,SS_Tub,0.58,0.58,0.99,0.45,0.33,0.72,0.85,1.07,1.19,0.59
2114025,2,Pk_Stk,0.58,0.58,0.99,0.29,0.33,0.69,0.79,1.07,1.19,0.57
2114041,1,Pk_Stk,0.5,0.67,1.09,0.57,0.36,0.93,0.85,1.09,1.19,0.33
2114041,2,Pk_Stk,0.63,0.67,1.09,0.57,0.36,0.93,0.85,1.09,1.19,0.59
2114041,3,Hse_Stk,0.62,0.61,1.09,0.29,0.36,0.75,0.85,1.09,1.19,0.58
2114041,4,Hse_Stk,0.62,0.39,0.99,0.45,0.33,0.75,0.85,1.09,1.19,0.59
2114041,5,Pk_Stk,0.5,0.39,0.99,0.45,0.33,0.72,0.65,1.07,1.19,0.59
2114041,6,Pk_Stk,0.58,0.39,0.99,0.45,0.33,0.72,0.85,1.07,1.19,0.59
2114041,7,Fl_Tub,0.58,0.25,0.99,0.45,0.33,0.72,0.85,1.07,1.19,0.59
2114041,8,Pk_Stk,0.29,0.51,0.99,0.29,0.34,0.69,0.79,1.09,1.19,0.56
2114041,9,Pk_Stk,0.39,0.58,0.99,0.29,0.34,0.69,0.79,1.09,1.19,0.56
2114041,10,Pk_Stk,0.39,0.58,0.99,0.29,0.34,0.69,0.79,1.09,1.19,0.56
2114215,1,Pk_Stk,0.66,0.67,1.09,0.57,0.36,0.93,0.85,1.09,1.19,0.33
2114215,2,Pk_Stk,0.29,0.67,1.09,0.57,0.33,0.93,0.85,1.09,1.19,0.33
2114215,3,Pk_Stk,0.63,0.66,1.09,0.57,0.36,0.93,0.85,1.09,1.19,0.59
2114215,4,Pk_Stk,0.63,0.66,0.99,0.57,0.36,0.89,0.85,1.09,1.19,0.59
2114215,5,Pk_Stk,0.29,0.28,0.95,0.58,0.36,0.63,0.79,1.09,1.19,0.59
2114215,6,Hse_Tub,0.62,0.61,1.09,0.29,0.33,0.93,0.85,1.09,1.19,0.59
2114215,7,Hse_Tub,0.62,0.61,0.99,0.57,0.36,0.75,0.85,1.09,1.19,0.59
2114215,8,Pk_Stk,0.62,0.61,0.99,0.57,0.36,0.75,0.85,1.09,1.19,0.59
2114215,9,Hse_Stk,0.62,0.61,0.99,0.45,0.34,0.75,0.85,1.09,1.19,0.59
2114215,10,Pk_Stk,0.25,0.61,0.99,0.45,0.33,0.75,0.85,1.09,1.19,0.59
2114215,11,Hse_Tub,0.58,0.58,0.99,0.25,0.25,0.72,0.85,1.07,1.19,0.59
2114215,12,Hse_Tub,0.58,0.58,0.99,0.33,0.25,0.72,0.85,1.07,1.19,0.59
2114215,13,Gen_Stk,0.58,0.58,0.99,0.29,0.33,0.69,0.79,1.07,1.19,0.56
2114215,14,Pk_Stk,0.19,0.58,0.99,0.29,0.33,0.69,0.79,1.12,1.19,0.56
2114215,15,SS_Tub,0.19,0.46,0.99,0.29,0.33,0.69,0.63,1.07,1.19,0.56
2114231,1,Fl_Tub,0.63,0.68,1.08,0.57,0.49,0.79,0.85,0.98,1.17,0.59
2114231,2,Fl_Tub,0.63,0.59,1.08,0.57,0.45,0.93,0.85,0.98,1.17,0.59
2114231,3,Fl_Tub,0.66,0.59,1.08,0.57,0.33,1.01,0.85,1.14,1.19,0.59
2114231,4,Fl_Tub,0.63,0.59,1.08,0.57,0.36,0.93,0.85,1.09,1.19,0.47
2114231,5,Fl_Tub,0.63,0.59,0.99,0.57,0.36,0.88,0.85,1.09,1.19,0.59
2114231,6,Fl_Tub,0.62,0.29,1.09,0.58,0.36,1.38,0.85,1.09,1.19,0.7
2114231,7,Fl_Tub,0.62,0.61,0.99,0.57,0.36,0.75,0.85,1.09,1.19,0.59
2114231,8,Fl_Tub,0.5,0.58,0.99,0.19,0.34,0.72,0.65,1.07,1.19,0.59
2114231,9,Fl_Tub,0.5,0.58,0.99,0.45,0.33,0.72,0.65,1.07,1.19,0.59
2114231,10,Fl_Tub,0.39,0.58,0.99,0.29,0.33,0.69,0.79,1.09,1.19,0.56
2114231,11,Fl_Tub,0.19,0.58,0.99,0.29,0.33,0.69,0.79,1.09,1.19,0.56
2114462,1,Pk_Stk,0.29,0.5,0.99,0.57,0.36,0.69,0.79,1.09,1.19,0.59
2114462,2,Pk_Stk,0.62,0.5,0.99,0.57,0.33,0.75,0.85,1.09,1.19,0.59
2114462,3,BB_Stk,0.62,0.61,0.99,0.49,0.33,0.75,0.85,1.09,1.19,0.59
2114462,4,Pk_Stk,0.62,0.61,0.99,0.49,0.33,0.75,0.85,1.09,1.19,0.59
2114462,5,Fl_Stk,0.62,0.61,0.99,0.49,0.33,0.75,0.65,1.09,1.19,0.59
2114462,6,Pk_Stk,0.62,0.61,0.99,0.45,0.33,0.75,0.85,1.09,1.19,0.59
2114462,7,Hse_Stk,0.62,0.61,0.99,0.45,0.33,0.75,0.85,1.09,1.19,0.59
2114462,8,Fl_Stk,0.58,0.61,0.99,0.45,0.34,0.75,0.65,1.09,1.19,0.59
2114462,9,Pk_Stk,0.5,0.58,0.99,0.45,0.33,0.72,0.85,1.07,1.19,0.59
2114462,10,Pk_Stk,0.19,0.58,0.99,0.29,0.34,0.69,0.79,1.11,1.19,0.56
2114462,11,Pk_Stk,0.39,0.58,0.99,0.29,0.33,0.69,0.79,1.1,1.19,0.56
2114462,12,Pk_Stk,0.29,0.5,0.99,0.29,0.33,0.69,0.79,1.09,1.19,0.56
2114512,1,BB_Stk,0.66,0.5,1.09,0.57,0.33,0.93,0.85,1.09,1.19,0.59
2114512,2,Hse_Tub,0.66,0.67,1.09,0.57,0.36,0.93,0.85,1.09,1.19,0.33
2114694,1,Pk_Stk,0.29,0.51,0.99,0.33,0.33,0.72,0.85,1.07,1.21,0.59
2114744,1,Pk_Stk,0.29,0.5,0.99,0.29,0.33,0.69,0.79,1.09,1.19,0.56
2114744,2,Hse_Stk,0.29,0.5,0.99,0.29,0.33,0.69,0.79,1.09,1.19,0.56
2114819,1,Fl_Tub,0.5,0.58,0.99,0.45,0.34,0.72,0.66,1.07,1.19,0.59
2114819,2,Fl_Tub,0.58,0.5,0.99,0.45,0.33,0.72,0.85,1.07,1.19,0.59
2114819,3,SS_Tub,0.58,0.25,0.99,0.45,0.34,0.72,0.85,1.07,1.19,0.59
2114819,4,SS_Tub,0.58,0.58,0.99,0.45,0.34,0.72,0.85,1.07,1.19,0.59
2114819,5,SS_Tub,0.58,0.25,0.99,0.29,0.34,0.72,0.85,1.07,1.19,0.59
2114819,6,SS_Tub,0.58,0.58,0.99,0.29,0.33,0.69,0.5,1.07,1.19,0.54
2114819,7,Pk_Stk,0.19,0.58,0.99,0.29,0.33,0.69,0.79,1.09,1.19,0.56
2114892,1,SS_Tub,0.63,0.67,1.09,0.57,0.45,0.93,0.7,0.98,1.17,0.5
2114892,2,SS_Tub,0.58,0.58,0.99,0.45,0.25,0.72,0.85,1.07,1.19,0.59
2114942,1,Pk_Stk,0.19,0.59,1.08,0.57,0.42,1.03,0.85,1.09,1.19,0.6
2114942,2,Pk_Stk,0.66,0.67,1.09,0.57,0.36,0.93,0.85,1.09,1.19,0.33
2114942,3,Pk_Stk,0.63,0.67,1.09,0.57,0.36,0.93,0.85,1.09,1.18,0.62
2114942,4,Pk_Stk,0.62,0.29,1.09,0.57,0.36,0.93,0.79,1.09,1.19,0.59
2114942,5,Pk_Stk,0.62,0.5,1.09,0.29,0.36,0.87,0.85,1.09,1.19,0.59
2114942,6,Pk_Stk,0.62,0.5,0.99,0.57,0.35,0.75,0.85,1.09,1.19,0.66
2114942,7,Pk_Stk,0.29,0.45,0.99,0.29,0.33,0.69,0.79,1.09,1.19,0.56
2115014,1,Pk_Stk,0.5,0.58,0.99,0.45,0.33,0.72,0.85,1.07,1.19,0.59
2115014,2,Pk_Stk,0.58,0.58,0.99,0.29,0.34,0.72,0.85,1.07,1.19,0.59
2115014,3,Pk_Stk,0.39,0.58,0.99,0.29,0.33,0.69,0.79,1.09,1.19,0.56
2115279,1,Gen_Stk,0.67,0.67,1.11,0.57,0.49,0.83,0.85,1.0,1.17,0.5
2115279,2,Gen_Stk,0.63,0.59,0.99,0.57,0.49,0.79,0.85,1.01,1.32,0.5
2115279,3,Gen_Stk,0.63,0.67,1.09,0.57,0.45,0.93,0.85,0.98,1.17,0.5
2115279,4,Pk_Stk,0.19,0.67,1.09,0.57,0.36,0.93,0.85,1.09,1.19,0.58
2115279,5,Pk_Stk,0.29,0.28,0.95,0.58,0.36,0.63,0.79,1.09,1.19,0.59
2115279,6,Pk_Stk,0.62,0.61,0.99,0.57,0.36,0.75,0.85,1.09,1.19,0.59
2115279,7,BB_Stk,0.62,0.61,0.99,0.49,0.33,0.75,0.85,1.09,1.19,0.59
2115279,8,Hse_Stk,0.5,0.58,0.99,0.19,0.33,0.72,0.85,1.07,1.19,0.59
2115279,9,BB_Stk,0.58,0.25,0.99,0.45,0.25,0.72,0.85,1.07,1.19,0.59
2115279,10,Pk_Stk,0.19,0.58,0.99,0.29,0.33,0.69,0.79,1.12,1.19,0.56
2115279,11,Pk_Stk,0.29,0.5,0.99,0.29,0.33,0.69,0.79,1.09,1.19,0.56
2115279,12,Pk_Stk,0.19,0.46,0.99,0.29,0.33,0.69,0.79,1.07,1.19,0.56
2115345,1,Pk_Tub,0.63,0.67,1.09,0.57,0.39,0.93,0.85,0.98,1.17,0.59
2115345,2,Pk_Tub,0.63,0.67,1.09,0.57,0.45,0.93,0.85,0.98,1.17,0.59
2115345,3,Pk_Tub,0.66,0.67,1.09,0.57,0.36,0.93,0.85,1.09,1.19,0.33
2115345,4,Pk_Stk,0.29,0.67,1.09,0.57,0.36,0.93,0.85,1.09,1.19,0.33
2115345,5,Pk_Stk,0.29,0.5,1.01,0.57,0.36,0.69,0.79,1.09,1.19,0.59
2115345,6,Pk_Tub,0.62,0.61,0.99,0.33,0.36,0.75,0.85,1.09,1.2,0.58
2115345,7,Pk_Tub,0.62,0.61,0.99,0.45,0.33,0.75,0.85,1.09,1.19,0.59
2115345,8,Pk_Stk,0.29,0.5,0.99,0.3,0.33,0.72,0.85,1.07,1.19,0.59
2115345,9,Pk_Tub,0.58,0.58,0.99,0.29,0.33,0.7,0.5,1.07,1.19,0.57
2115345,10,Pk_Stk,0.39,0.51,0.99,0.29,0.33,0.69,0.79,1.09,1.19,0.56
2115345,11,Pk_Tub,0.58,0.5,0.99,0.29,0.33,0.69,0.79,1.07,1.19,0.56
2115360,1,Pk_Stk,0.62,0.61,0.99,0.57,0.36,0.75,0.85,1.09,1.19,0.59
2115360,2,Pk_Stk,0.62,0.61,0.99,0.57,0.36,0.75,0.85,1.09,1.19,0.59
2115360,3,BB_Stk,0.62,0.61,0.99,0.45,0.33,0.75,0.85,1.09,1.19,0.59
2115360,4,Pk_Stk,0.58,0.61,0.99,0.45,0.34,0.75,0.85,1.09,1.19,0.59
2115360,5,BB_Stk,0.58,0.44,0.99,0.45,0.33,0.72,0.85,1.07,1.19,0.59
2115360,6,BB_Stk,0.58,0.25,0.99,0.29,0.33,0.72,0.85,1.07,1.19,0.59
2115360,7,Pk_Stk,0.29,0.51,0.99,0.29,0.33,0.72,0.85,1.07,1.19,0.59
2115360,8,Pk_Stk,0.19,0.58,0.99,0.29,0.33,0.69,0.79,1.1,1.19,0.56
2115469,1,Hse_Stk,0.62,0.61,0.99,0.57,0.36,0.75,0.85,1.09,1.19,0.61
2115469,2,Hse_Stk,0.62,0.39,0.99,0.45,0.33,0.75,0.85,1.09,1.19,0.59
2115469,3,Gen_Stk,0.58,0.39,0.99,0.45,0.33,0.75,0.85,1.09,1.19,0.59
2115469,4,Pk_Stk,0.29,0.5,0.99,0.33,0.33,0.72,0.85,1.07,1.19,0.59
2115469,5,Pk_Stk,0.29,0.55,0.99,0.29,0.33,0.69,0.79,1.09,1.19,0.56
2115469,6,Hse_Stk,0.19,0.58,0.99,0.29,0.34,0.69,0.79,1.09,1.19,0.56
2115469,7,Hse_Stk,0.19,0.47,0.99,0.29,0.34,0.69,0.79,1.07,1.19,0.56
2115485,1,Pk_Stk,0.19,0.67,1.09,0.57,0.36,0.93,0.85,1.09,1.19,0.58
2115485,2,Gen_Stk,0.29,0.67,1.09,0.57,0.33,0.93,0.85,1.09,1.19,0.33
2115485,3,Hse_Stk,0.62,0.61,0.99,0.45,0.34,0.75,0.85,1.09,1.19,0.59
2115485,4,Gen_Stk,0.58,0.58,0.99,0.29,0.33,0.69,0.8,1.07,1.19,0.56
2115535,1,Hse_Tub,0.66,0.67,1.09,0.57,0.36,0.93,0.85,1.09,1.19,0.33
2115535,2,Hse_Stk,0.63,0.67,1.09,0.57,0.36,0.93,0.85,1.09,1.19,0.33
2115535,3,Gen_Stk,0.62,0.67,1.09,0.57,0.36,0.93,0.85,1.09,1.19,0.59
2115535,4,Hse_Stk,0.62,0.5,1.09,0.57,0.34,0.93,0.85,1.09,1.19,0.59
2115535,5,Hse_Stk,0.62,0.5,0.99,0.57,0.36,0.76,0.85,1.09,1.19,0.61
2115535,6,Gen_Stk,0.62,0.61,0.99,0.49,0.33,0.75,0.85,1.09,1.19,0.59
2115535,7,Gen_Stk,0.5,0.58,0.99,0.45,0.33,0.72,0.85,1.07,1.19,0.59
2115535,8,Hse_Stk,0.58,0.45,0.99,0.45,0.33,0.72,0.85,1.07,1.19,0.59
2115535,9,Hse_Stk,0.58,0.45,0.99,0.25,0.29,0.72,0.9,1.11,1.19,0.77
2115535,10,Gen_Stk,0.58,0.58,0.99,0.45,0.33,0.72,0.85,1.07,1.19,0.59
2115535,11,Hse_Stk,0.29,0.51,0.99,0.29,0.33,0.72,0.85,1.07,1.21,0.59
2115535,12,Hse_Stk,0.58,0.5,0.99,0.29,0.34,0.69,0.79,1.07,1.19,0.56
2115568,1,Pk_Stk,0.19,0.67,1.09,0.57,0.36,0.93,0.85,1.09,1.19,0.33
2115568,2,Pk_Stk,0.66,0.67,1.09,0.57,0.36,0.93,0.85,1.09,1.19,0.33
2115568,3,Imp_Stk,0.63,0.67,1.09,0.57,0.33,0.93,0.85,1.09,1.19,0.33
2115568,4,Pk_Stk,0.29,0.67,1.09,0.57,0.35,0.93,0.85,1.09,1.19,0.33
2115568,5,Pk_Stk,0.63,0.67,0.99,0.57,0.36,0.87,0.85,1.09,1.15,0.59
2115568,6,Pk_Stk,0.29,0.5,0.95,0.57,0.36,0.69,0.79,1.09,1.19,0.59
2115568,7,Gen_Stk,0.62,0.5,0.99,0.3,0.36,0.75,0.85,1.09,1.19,0.59
2115568,8,Pk_Stk,0.62,0.5,0.99,0.57,0.33,0.75,0.85,1.09,1.19,0.59
2115568,9,Pk_Stk,0.62,0.61,0.99,0.45,0.33,0.75,0.85,1.09,1.19,0.59
2115568,10,Imp_Stk,0.58,0.58,0.99,0.25,0.33,0.72,0.85,1.07,1.19,0.59
2115782,1,BB_Stk,0.62,0.61,0.99,0.45,0.33,0.75,0.85,1.09,1.19,0.59
2115782,2,Pk_Stk,0.5,0.58,0.99,0.45,0.33,0.72,0.85,1.07,1.19,0.59
2115782,3,BB_Stk,0.58,0.25,0.99,0.45,0.33,0.72,0.85,1.07,1.19,0.59
2115782,4,BB_Stk,0.58,0.25,0.99,0.29,0.33,0.72,0.85,1.07,1.19,0.59
2115782,5,Fl_Stk,0.58,0.25,0.99,0.29,0.33,0.72,0.85,1.07,1.19,0.59
2115782,6,Hse_Stk,0.19,0.58,0.99,0.29,0.33,0.69,0.79,1.09,1.19,0.56
2115782,7,Pk_Stk,0.19,0.58,0.99,0.29,0.34,0.69,0.79,1.09,1.19,0.56
2115899,1,Pk_Stk,0.5,0.61,0.99,0.45,0.33,0.74,0.85,1.07,1.19,0.59
2115899,2,Pk_Stk,0.5,0.58,0.99,0.45,0.33,0.72,0.85,1.07,1.19,0.59
2115899,3,BB_Stk,0.58,0.45,0.99,0.45,0.33,0.72,0.85,1.07,1.19,0.59
2115899,4,SS_Tub,0.58,0.58,0.99,0.33,0.33,0.72,0.85,1.07,1.19,0.59
2115964,1,Hse_Stk,0.62,0.5,1.09,0.29,0.38,0.75,0.85,1.09,1.19,0.59
2115964,2,Pk_Stk,0.62,0.5,0.99,0.57,0.33,0.75,0.85,1.09,1.19,0.59
2115964,3,BB_Stk,0.62,0.61,0.99,0.49,0.34,0.75,0.85,1.09,1.19,0.59
2115964,4,Hse_Stk,0.62,0.61,0.99,0.45,0.34,0.75,0.85,1.09,1.19,0.59
2115964,5,Hse_Stk,0.62,0.61,0.99,0.45,0.33,0.75,0.85,1.09,1.19,0.59
2115964,6,Pk_Stk,0.5,0.58,0.99,0.45,0.33,0.72,0.85,1.07,1.19,0.59
2115964,7,Hse_Stk,0.58,0.58,0.99,0.29,0.34,0.72,0.85,1.07,1.2,0.59
2115964,8,BB_Stk,0.58,0.25,0.99,0.29,0.34,0.72,0.85,1.07,1.19,0.59
2115964,9,Pk_Stk,0.29,0.5,0.99,0.29,0.34,0.69,0.79,1.09,1.19,0.56
2115964,10,Pk_Stk,0.19,0.58,0.99,0.29,0.33,0.69,0.79,1.09,1.19,0.56
2116004,1,Pk_Stk,0.63,0.67,1.08,0.57,0.53,0.77,0.73,0.98,1.17,0.55
2116004,2,Pk_Stk,0.63,0.67,1.05,0.57,0.53,0.77,0.88,1.04,1.17,0.59
2116004,3,Pk_Stk,0.25,0.58,0.99,0.45,0.33,0.75,0.85,1.08,1.19,0.59
2116004,4,Pk_Stk,0.5,0.58,0.99,0.19,0.33,0.72,0.85,1.07,1.19,0.59
2116194,1,Hse_Tub,0.66,0.67,1.09,0.57,0.36,0.93,0.85,1.09,1.19,0.33
2116194,2,Pk_Stk,0.29,0.67,1.09,0.57,0.36,0.93,0.85,1.09,1.19,0.51
2116194,3,SS_Tub,0.63,0.67,0.99,0.57,0.36,0.87,0.85,1.09,1.15,0.59
2116194,4,BB_Stk,0.62,0.29,1.09,0.57,0.36,0.93,0.85,1.09,1.19,0.59
2116194,5,SS_Tub,0.62,0.5,1.09,0.57,0.36,0.93,0.79,1.09,1.19,0.59
2116194,6,SS_Tub,0.62,0.5,0.99,0.3,0.36,0.75,0.85,1.09,1.19,0.59
2116194,7,SS_Tub,0.58,0.45,0.99,0.45,0.34,0.72,0.85,1.07,1.19,0.59
2116194,8,Hse_Stk,0.58,0.45,1.08,0.25,0.33,0.72,0.85,1.07,1.19,0.59
2116194,9,Hse_Stk,0.58,0.58,0.99,0.25,0.33,0.72,0.85,1.07,1.19,0.59
2116194,10,Pk_Stk,0.29,0.45,0.99,0.29,0.33,0.69,0.79,1.09,1.19,0.56
2116251,1,Pk_Stk,0.58,0.63,0.99,0.35,0.33,0.72,0.85,1.07,1.19,0.59
2116277,1,Pk_Stk,0.62,0.61,0.99,0.49,0.33,0.75,0.85,1.09,1.19,0.59
2116277,2,Pk_Stk,0.5,0.39,0.99,0.45,0.33,0.72,0.85,1.07,1.19,0.59
2116277,3,Pk_Stk,0.58,0.58,0.99,0.29,0.33,0.69,0.5,1.12,1.19,0.56
2116509,1,Fl_Stk,0.5,0.39,0.99,0.45,0.33,0.72,0.65,1.07,1.19,0.59
2116509,2,Fl_Stk,0.5,0.39,0.99,0.45,0.33,0.72,0.65,1.07,1.19,0.59
2116509,3,Fl_Tub,0.58,0.25,0.99,0.45,0.33,0.72,0.85,1.07,1.19,0.59
2116509,4,Fl_Stk,0.29,0.5,0.99,0.29,0.33,0.72,0.85,1.07,1.19,0.59
2116509,5,Fl_Tub,0.58,0.58,0.99,0.34,0.33,0.72,0.85,1.07,1.19,0.59
2116582,1,Pk_Stk,0.29,0.5,0.99,0.57,0.36,0.69,0.79,1.09,1.19,0.59
2116582,2,Pk_Stk,0.62,0.61,0.99,0.49,0.33,0.75,0.85,1.09,1.19,0.59
2116582,3,BB_Stk,0.62,0.61,0.99,0.49,0.33,0.75,0.85,1.09,1.19,0.59
2116582,4,BB_Stk,0.62,0.61,0.99,0.45,0.34,0.75,0.85,1.09,1.19,0.59
2116582,5,Hse_Stk,0.62,0.61,0.99,0.45,0.34,0.75,0.85,1.09,1.19,0.59
2116582,6,Pk_Stk,0.19,0.58,0.99,0.29,0.33,0.69,0.79,1.09,1.19,0.56
2116582,7,BB_Stk,0.58,0.19,0.99,0.29,0.34,0.69,0.79,1.07,1.19,0.56
2116657,1,Fl_Tub,0.67,0.67,1.08,0.57,0.53,0.83,0.85,0.98,1.17,0.59
2116657,2,Fl_Tub,0.63,0.67,1.09,0.57,0.33,0.8,0.84,0.98,1.17,0.63
2116657,3,Fl_Tub,0.66,0.67,1.09,0.57,0.36,0.93,0.85,1.09,1.19,0.33
2116657,4,Fl_Tub,0.63,0.67,1.09,0.57,0.33,0.93,0.85,1.09,1.19,0.33
2116657,5,Fl_Tub,0.63,0.67,1.09,0.57,0.36,0.93,0.85,1.09,1.19,0.34
2116657,6,Fl_Tub,0.62,0.57,1.09,0.57,0.33,0.78,0.85,1.09,1.19,0.59
2116657,7,Fl_Tub,0.62,0.61,0.99,0.57,0.36,0.75,0.85,1.09,1.19,0.59
2116657,8,Fl_Tub,0.58,0.58,0.99,0.25,0.33,0.72,0.85,1.07,1.19,0.59
2116780,1,Pk_Stk,0.66,0.67,1.09,0.57,0.33,0.93,0.85,1.09,1.19,0.59
2116780,2,Pk_Stk,0.29,0.67,1.09,0.57,0.34,0.93,0.85,1.09,1.19,0.33
2116780,3,SS_Tub,0.63,0.66,0.99,0.57,0.36,0.93,0.85,1.09,1.19,0.69
2116780,4,SS_Tub,0.62,0.61,1.09,0.29,0.36,0.75,0.85,1.09,1.19,0.59
2116780,5,Pk_Stk,0.62,0.61,0.99,0.49,0.33,0.75,0.85,1.09,1.19,0.59
2116780,6,Pk_Stk,0.58,0.45,0.99,0.45,0.33,0.72,0.85,1.07,1.19,0.59
2116780,7,Pk_Stk,0.58,0.58,0.99,0.29,0.34,0.72,0.85,1.07,1.19,0.59
2116780,8,SS_Tub,0.29,0.51,0.99,0.29,0.33,0.72,0.85,1.07,1.19,0.59
2116780,9,SS_Tub,0.19,0.58,0.99,0.29,0.34,0.69,0.79,1.11,1.19,0.56
2116780,10,SS_Tub,0.58,0.58,0.99,0.29,0.33,0.69,0.79,1.07,1.19,0.56
2116871,1,Fl_Stk,0.63,0.67,1.08,0.57,0.45,0.93,0.7,0.98,1.17,0.59
2116871,2,Fl_Stk,0.66,0.67,1.08,0.57,0.33,0.93,0.85,1.09,1.19,0.59
2116871,3,Fl_Stk,0.19,0.67,1.08,0.57,0.36,0.93,0.85,1.09,1.19,0.59
2116871,4,Fl_Stk,0.66,0.67,1.08,0.57,0.36,0.93,0.85,1.09,1.19,0.33
2116871,5,Fl_Stk,0.66,0.67,1.08,0.57,0.36,0.93,0.85,1.09,1.19,0.33
2116871,6,Fl_Stk,0.66,0.67,1.08,0.57,0.36,0.93,0.85,1.09,1.19,0.33
2116871,7,Fl_Stk,0.63,0.67,1.08,0.57,0.35,0.93,0.85,1.09,1.19,0.33
2116871,8,Fl_Stk,0.63,0.67,1.09,0.57,0.36,0.93,0.85,1.09,1.19,0.59
2116871,9,Fl_Stk,0.63,0.67,0.99,0.57,0.36,0.93,0.85,1.09,1.19,0.59
2116871,10,Fl_Stk,0.62,0.67,1.09,0.57,0.36,0.93,0.85,1.09,1.19,0.59
2116871,11,Fl_Stk,0.62,0.29,1.09,0.57,0.36,0.93,0.85,1.09,1.19,0.59
2116871,12,Fl_Stk,0.62,0.5,0.99,0.57,0.36,0.76,0.85,1.09,1.19,0.61
2116871,13,Fl_Stk,0.62,0.61,0.99,0.45,0.33,0.75,0.65,1.09,1.19,0.59
2116871,14,Fl_Stk,0.62,0.61,0.99,0.45,0.33,0.75,0.85,1.09,1.19,0.59
2116871,15,Fl_Stk,0.62,0.39,0.99,0.45,0.33,0.75,0.85,1.09,1.19,0.59
2116871,16,Fl_Stk,0.25,0.61,0.99,0.45,0.33,0.75,0.65,1.09,1.19,0.59
2116871,17,Fl_Stk,0.5,0.5,0.99,0.19,0.34,0.72,0.65,1.08,1.19,0.74
2116871,18,Fl_Stk,0.5,0.5,0.99,0.45,0.33,0.72,0.85,1.07,1.19,0.59
2116871,19,Fl_Stk,0.5,0.5,0.99,0.45,0.33,0.72,0.85,1.07,1.19,0.59
2116871,20,Fl_Stk,0.58,0.58,0.99,0.29,0.33,0.72,0.65,1.07,1.19,0.59
2116871,21,Fl_Stk,0.29,0.51,0.99,0.29,0.33,0.72,0.65,1.07,1.19,0.59
2116871,22,Fl_Stk,0.58,0.63,0.99,0.35,0.33,0.72,0.85,1.07,1.19,0.59
2116871,23,Fl_Stk,0.58,0.58,0.99,0.29,0.33,0.69,0.85,1.07,1.19,0.59
2116871,24,Fl_Stk,0.58,0.58,0.99,0.29,0.33,0.69,0.5,1.07,1.19,0.54
2116871,25,Fl_Stk,0.39,0.55,0.99,0.29,0.34,0.69,0.79,1.09,1.19,0.56
2116871,26,Fl_Stk,0.19,0.58,0.99,0.29,0.33,0.69,0.79,1.09,1.19,0.56
2116871,27,Fl_Stk,0.39,0.58,0.99,0.29,0.33,0.69,0.56,1.07,1.19,0.56
2116871,28,Fl_Stk,0.58,0.5,0.99,0.29,0.34,0.69,0.79,1.07,1.19,0.56
2116871,29,Fl_Stk,0.58,0.5,0.99,0.29,0.34,0.69,0.79,1.07,1.19,0.56
2116871,30,Fl_Stk,0.58,0.5,0.99,0.29,0.34,0.69,0.79,1.07,1.19,0.56
2117200,1,Pk_Stk,0.63,0.67,1.09,0.57,0.33,0.75,0.85,0.98,1.17,0.51
2117200,2,Hse_Stk,0.66,0.5,1.09,0.57,0.33,0.93,0.85,1.09,1.19,0.59
2117200,3,Hse_Stk,0.5,0.59,1.09,0.57,0.36,0.93,0.85,1.09,1.19,0.33
2117200,4,Hse_Stk,0.62,0.61,0.99,0.49,0.33,0.75,0.85,1.09,1.19,0.59
2117200,5,BB_Stk,0.58,0.39,0.99,0.45,0.33,0.72,0.85,1.07,1.19,0.59
2117200,6,BB_Stk,0.58,0.39,0.99,0.45,0.33,0.72,0.85,1.07,1.19,0.59
2117200,7,BB_Stk,0.29,0.5,0.99,0.33,0.33,0.72,0.85,1.07,1.19,0.59
2117200,8,Pk_Stk,0.19,0.58,0.99,0.29,0.33,0.69,0.79,1.12,1.19,0.56
2117200,9,Pk_Stk,0.29,0.5,0.99,0.29,0.33,0.69,0.79,1.09,1.19,0.56
2117226,1,Fl_Stk,0.63,0.67,0.99,0.57,0.49,0.93,0.85,0.98,1.17,0.59
2117226,2,Fl_Stk,0.63,0.67,1.08,0.57,0.33,0.93,0.85,0.98,1.17,0.59
2117226,3,Fl_Stk,0.63,0.67,1.08,0.57,0.45,0.93,0.85,0.98,1.17,0.59
2117226,4,Fl_Stk,0.66,0.67,1.08,0.57,0.33,0.93,0.85,1.09,1.19,0.59
2117226,5,Fl_Stk,0.29,0.5,0.99,0.57,0.35,0.69,0.79,1.09,1.19,0.67
2117226,6,Pk_Stk,0.29,0.5,0.99,0.57,0.36,0.69,0.79,1.09,1.19,0.59
2117226,7,Fl_Stk,0.62,0.5,0.99,0.31,0.36,0.75,0.64,1.1,1.19,0.59
2117226,8,Fl_Stk,0.62,0.5,0.99,0.57,0.36,0.75,0.85,1.09,1.19,0.56
2117226,9,Fl_Stk,0.62,0.61,0.99,0.49,0.34,0.75,0.65,1.09,1.19,0.59
2117226,10,Fl_Stk,0.58,0.61,0.99,0.45,0.34,0.75,0.65,1.07,1.19,0.59
2117226,11,Fl_Stk,0.5,0.58,0.99,0.45,0.33,0.72,0.65,1.07,1.19,0.59
2117226,12,Fl_Stk,0.58,0.58,0.99,0.45,0.33,0.72,0.65,1.07,1.19,0.59
2117226,13,Fl_Stk,0.29,0.5,0.99,0.29,0.34,0.69,0.56,1.09,1.19,0.56
2117242,1,BB_Stk,0.62,0.61,0.99,0.45,0.33,0.75,0.85,1.09,1.19,0.59
2117242,2,BB_Stk,0.62,0.61,0.99,0.45,0.33,0.75,0.85,1.09,1.19,0.59
2117242,3,Pk_Stk,0.25,0.61,0.99,0.45,0.33,0.75,0.85,1.09,1.19,0.59
2117242,4,BB_Stk,0.58,0.61,0.99,0.45,0.34,0.75,0.85,1.07,1.19,0.59
2117242,5,BB_Stk,0.5,0.58,0.99,0.45,0.33,0.72,0.85,1.07,1.19,0.59
2117242,6,BB_Stk,0.5,0.58,0.99,0.45,0.34,0.72,0.86,1.07,1.19,0.59
2117242,7,Hse_Stk,0.5,0.5,0.99,0.19,0.34,0.72,0.85,1.08,1.19,0.74
2117242,8,BB_Stk,0.5,0.5,0.99,0.45,0.33,0.78,0.91,1.07,1.19,0.78
2117242,9,BB_Stk,0.58,0.45,0.99,0.45,0.33,0.72,0.85,1.07,1.19,0.59
2117242,10,BB_Stk,0.58,0.25,0.99,0.45,0.34,0.72,0.85,1.07,1.19,0.59
2117242,11,BB_Stk,0.58,0.58,0.99,0.45,0.34,0.72,0.85,1.07,1.19,0.59
2117242,12,Pk_Stk,0.19,0.58,0.99,0.29,0.33,0.69,0.79,1.09,1.19,0.56
2117242,13,BB_Stk,0.58,0.5,0.99,0.29,0.34,0.69,0.79,1.07,1.19,0.56
2117242,14,BB_Stk,0.58,0.5,0.99,0.29,0.34,0.69,0.79,1.07,1.19,0.56
2117408,1,Pk_Stk,0.29,0.67,1.09,0.57,0.35,0.93,0.85,1.09,1.19,0.33
2117408,2,Pk_Stk,0.63,0.67,1.04,0.57,0.36,0.93,0.85,1.09,1.19,0.59
2117408,3,Pk_Stk,0.63,0.67,1.04,0.57,0.36,0.93,0.85,1.09,1.19,0.59
2117408,4,Hse_Stk,0.62,0.5,0.99,0.29,0.36,0.75,0.85,1.09,1.19,0.59
2117408,5,Gen_Stk,0.62,0.5,0.99,0.28,0.36,0.75,0.85,1.1,1.19,0.59
2117408,6,BB_Stk,0.62,0.61,0.99,0.49,0.33,0.75,0.85,1.09,1.19,0.59
2117408,7,BB_Stk,0.62,0.61,0.99,0.45,0.33,0.75,0.85,1.09,1.19,0.59
2117408,8,BB_Stk,0.62,0.61,0.99,0.45,0.33,0.75,0.85,1.09,1.19,0.59
2117408,9,Fl_Stk,0.62,0.61,0.99,0.45,0.33,0.75,0.65,1.09,1.19,0.59
2117408,10,Hse_Stk,0.5,0.58,0.99,0.19,0.33,0.72,0.85,1.07,1.19,0.59
2117408,11,Pk_Stk,0.19,0.58,0.99,0.29,0.33,0.69,0.79,1.12,1.19,0.56
2117408,12,Hse_Stk,0.39,0.5,0.99,0.29,0.33,0.69,0.79,1.08,1.19,0.56
2117424,1,Pk_Stk,0.5,0.61,0.99,0.45,0.33,0.75,0.85,1.09,1.19,0.59
2117424,2,Hse_Stk,0.58,0.45,1.02,0.25,0.34,0.92,0.85,1.07,1.19,0.59
2117499,1,Hse_Stk,0.58,0.58,0.99,0.45,0.33,0.72,0.85,1.07,1.19,0.59
2117499,2,Pk_Stk,0.58,0.63,0.99,0.35,0.33,0.72,0.85,1.07,1.19,0.59
2117523,1,SS_Tub,0.62,0.61,0.99,0.49,0.33,0.75,0.85,1.09,1.19,0.59
2117523,2,SS_Tub,0.5,0.58,0.99,0.45,0.33,0.75,0.85,1.07,1.19,0.59
2117523,3,Hse_Stk,0.58,0.58,0.99,0.45,0.25,0.72,0.85,1.07,1.19,0.59
2117531,1,Pk_Stk,0.58,0.45,0.99,0.45,0.33,0.72,0.85,1.07,1.19,0.59
2117531,2,Pk_Stk,0.58,0.45,0.99,0.45,0.33,0.72,0.85,1.07,1.19,0.59
2117531,3,Pk_Stk,0.29,0.51,0.99,0.33,0.33,0.72,0.85,1.07,1.21,0.59
2117549,1,Gen_Stk,0.66,0.59,1.08,0.57,0.36,0.93,0.85,1.09,1.19,0.33
2117549,2,Gen_Stk,0.62,0.89,1.09,0.57,0.36,0.93,0.85,1.09,1.19,0.59
2117549,3,Hse_Stk,0.62,0.61,0.99,0.49,0.33,0.75,0.85,1.09,1.19,0.59
2117549,4,Hse_Stk,0.62,0.61,0.99,0.45,0.33,0.75,0.85,1.09,1.19,0.59
2117549,5,Gen_Stk,0.58,0.58,0.99,0.19,0.33,0.72,0.85,1.07,1.19,0.59
2117549,6,Hse_Stk,0.58,0.45,0.99,0.45,0.33,0.72,0.85,1.07,1.19,0.59
2117549,7,Hse_Stk,0.58,0.57,0.99,0.29,0.33,0.69,0.79,1.07,1.19,0.56
2117549,8,Hse_Stk,0.58,0.58,0.99,0.29,0.33,0.69,0.79,1.07,1.19,0.56
2117697,1,Pk_Stk,0.29,0.67,1.09,0.57,0.34,0.93,0.85,1.09,1.19,0.33
2117697,2,BB_Stk,0.62,0.29,1.09,0.57,0.36,0.94,0.85,1.09,1.19,0.59
2117697,3,BB_Stk,0.62,0.29,1.09,0.57,0.36,0.94,0.85,1.09,1.19,0.59
2117697,4,Pk_Stk,0.62,0.61,0.99,0.57,0.36,0.75,0.85,1.09,1.19,0.59
2117697,5,Pk_Stk,0.62,0.61,0.99,0.49,0.33,0.75,0.85,1.09,1.19,0.59
2117697,6,Pk_Stk,0.62,0.61,0.99,0.45,0.33,0.75,0.85,1.09,1.19,0.59
2117697,7,Pk_Stk,0.61,0.61,0.99,0.45,0.33,0.75,0.85,1.09,1.19,0.59
2117697,8,Hse_Stk,0.62,0.61,0.99,0.45,0.33,0.75,0.85,1.09,1.19,0.59
2117697,9,Hse_Stk,0.62,0.61,0.99,0.45,0.33,0.75,0.85,1.09,1.19,0.59
2117697,10,Pk_Stk,0.25,0.61,0.99,0.45,0.33,0.75,0.85,1.09,1.19,0.59
2117697,11,Pk_Stk,0.5,0.58,0.99,0.45,0.33,0.72,0.85,1.07,1.19,0.59
2117697,12,Pk_Stk,0.29,0.51,0.99,0.29,0.33,0.72,0.85,1.07,1.19,0.59
2117697,13,BB_Stk,0.58,0.25,0.99,0.29,0.34,0.72,0.85,1.07,1.19,0.59
2117697,14,Pk_Stk,0.19,0.58,0.99,0.29,0.34,0.69,0.79,1.11,1.19,0.56
2117804,1,Pk_Stk,0.29,0.67,1.09,0.57,0.33,0.93,0.85,1.09,1.19,0.33
2117804,2,Gen_Stk,0.62,0.61,0.99,0.57,0.36,0.76,0.85,1.09,1.19,0.59
2117804,3,BB_Stk,0.62,0.61,0.99,0.45,0.33,0.75,0.85,1.09,1.19,0.59
2117804,4,BB_Stk,0.62,0.61,0.99,0.45,0.33,0.75,0.85,1.09,1.19,0.59
2117804,5,BB_Stk,0.62,0.61,0.99,0.45,0.33,0.75,0.85,1.09,1.19,0.59
2117804,6,Pk_Stk,0.19,0.58,0.99,0.29,0.34,0.69,0.79,1.09,1.19,0.56
2117911,1,Pk_Stk,0.5,0.59,1.09,0.57,0.36,0.93,0.85,1.09,1.19,0.33
2117911,2,BB_Stk,0.62,0.39,0.99,0.45,0.33,0.75,0.85,1.09,1.19,0.59
2117911,3,BB_Stk,0.58,0.39,0.99,0.45,0.33,0.72,0.85,1.07,1.19,0.59
2117911,4,BB_Stk,0.58,0.39,0.99,0.45,0.33,0.72,0.85,1.07,1.19,0.59
2117911,5,BB_Stk,0.58,0.44,0.99,0.45,0.33,0.72,0.85,1.07,1.19,0.59
2117911,6,Pk_Stk,0.29,0.5,0.99,0.33,0.33,0.72,0.85,1.07,1.19,0.59
2117911,7,BB_Stk,0.39,0.58,0.99,0.29,0.33,0.69,0.79,1.09,1.19,0.56
2118174,1,Pk_Stk,0.63,0.59,1.09,0.57,0.45,0.94,0.85,0.98,1.17,0.59
2118174,2,SS_Tub,0.66,0.59,1.08,0.57,0.45,0.93,0.7,0.98,1.17,0.59
2118174,3,SS_Tub,0.66,0.59,1.08,0.57,0.36,0.93,0.75,1.09,1.19,0.33
2118174,4,Pk_Stk,0.66,0.59,1.08,0.57,0.36,0.93,0.85,1.09,1.19,0.33
2118174,5,Pk_Stk,0.62,0.61,0.99,0.49,0.33,0.75,0.85,1.09,1.19,0.59
2118174,6,BB_Stk,0.58,0.39,0.99,0.45,0.33,0.75,0.85,1.09,1.19,0.59
2118174,7,Pk_Stk,0.58,0.45,0.99,0.45,0.33,0.72,0.85,1.07,1.19,0.59
2118174,8,Pk_Stk,0.58,0.58,0.99,0.45,0.33,0.72,0.85,1.07,1.19,0.59
2118174,9,Pk_Stk,0.58,0.25,0.99,0.29,0.33,0.72,0.85,1.07,1.19,0.59
2118174,10,Pk_Stk,0.19,0.58,0.99,0.29,0.34,0.69,0.79,1.11,1.19,0.56
2118174,11,Pk_Stk,0.29,0.5,0.99,0.29,0.33,0.69,0.79,1.09,1.19,0.56
2118182,1,Fl_Stk,0.63,0.67,1.09,0.57,0.36,0.91,0.85,1.09,1.19,0.55
2118182,2,Pk_Stk,0.63,0.67,1.09,0.57,0.36,0.91,0.85,1.09,1.19,0.55
2118182,3,BB_Stk,0.58,0.25,0.99,0.29,0.34,0.72,0.85,1.07,1.19,0.59
2118216,1,Pk_Stk,0.5,0.61,0.99,0.45,0.33,0.75,0.85,1.09,1.19,0.59
2118216,2,SS_Tub,0.5,0.61,0.99,0.45,0.33,0.74,0.85,1.09,1.19,0.59
2118216,3,Fl_Stk,0.58,0.45,0.99,0.45,0.33,0.72,0.85,1.07,1.19,0.59
2118216,4,Pk_Stk,0.29,0.51,0.99,0.29,0.33,0.72,0.85,1.07,1.19,0.59
2118257,1,Pk_Stk,0.29,0.5,0.99,0.29,0.34,0.69,0.79,1.09,1.19,0.56
2118257,2,Pk_Stk,0.19,0.58,0.99,0.29,0.33,0.69,0.79,1.09,1.19,0.56
2118257,3,Pk_Stk,0.19,0.47,0.99,0.29,0.34,0.69,0.79,1.07,1.19,0.56
2118281,1,Pk_Stk,0.29,0.67,1.09,0.57,0.33,0.93,0.85,1.09,1.19,0.33
2118281,2,Pk_Stk,0.25,0.61,0.99,0.45,0.33,0.75,0.85,1.09,1.19,0.59
2118281,3,Pk_Stk,0.29,0.5,0.99,0.33,0.25,0.72,0.85,1.07,1.19,0.59
2118281,4,SS_Tub,0.58,0.58,0.99,0.29,0.33,0.69,0.5,1.07,1.19,0.56
2118281,5,Pk_Stk,0.19,0.58,0.99,0.29,0.34,0.69,0.79,1.09,1.19,0.56
2118299,1,Hse_Stk,0.63,0.59,1.08,0.57,0.49,0.79,0.85,0.98,1.17,0.59
2118299,2,Hse_Stk,0.63,0.67,1.09,0.57,0.45,0.93,0.85,0.98,1.17,0.59
2118299,3,Hse_Stk,0.66,0.59,1.11,0.57,0.33,0.96,0.85,1.09,1.19,0.59
2118299,4,Hse_Stk,0.66,0.59,1.08,0.57,0.33,1.01,0.85,1.14,1.19,0.59
2118299,5,Hse_Stk,0.19,0.59,1.08,0.57,0.42,1.03,0.85,1.09,1.19,0.6
2118299,6,Hse_Stk,0.66,0.59,1.08,0.57,0.36,0.93,0.85,1.09,1.34,0.33
2118299,7,Hse_Stk,0.29,0.59,1.08,0.57,0.34,0.93,0.85,1.09,1.19,0.33
2118299,8,Hse_Stk,0.29,0.59,1.08,0.57,0.36,0.93,0.85,1.09,1.19,0.47
2118299,9,Pk_Stk,0.5,0.58,0.99,0.45,0.33,0.72,0.65,1.07,1.19,0.59
2118299,10,Hse_Stk,0.58,0.65,0.99,0.25,0.34,0.72,0.65,1.07,1.19,0.59
2118299,11,Hse_Stk,0.58,0.56,0.99,0.33,0.33,0.72,0.65,1.07,1.19,0.59
2118299,12,BB_Stk,0.58,0.19,0.99,0.29,0.34,0.69,0.79,1.07,1.19,0.56
2118307,1,Pk_Stk,0.5,0.58,0.99,0.45,0.33,0.75,0.85,1.07,1.19,0.59
2118307,2,Pk_Stk,0.58,0.58,0.99,0.45,0.33,0.72,0.85,1.07,1.19,0.59
2118307,3,BB_Stk,0.58,0.45,0.99,0.45,0.33,0.72,0.85,1.07,1.19,0.59
2118307,4,Hse_Stk,0.58,0.58,0.99,0.25,0.25,0.72,0.85,1.07,1.19,0.59
2118307,5,Hse_Stk,0.58,0.58,0.99,0.29,0.25,0.72,0.85,1.07,1.19,0.59
2118307,6,Pk_Stk,0.29,0.5,0.99,0.33,0.25,0.72,0.85,1.07,1.19,0.59
2118307,7,Pk_Stk,0.58,0.58,0.99,0.29,0.33,0.69,0.79,1.07,1.19,0.56
2118307,8,SS_Tub,0.58,0.58,0.99,0.38,0.33,0.69,0.5,1.12,1.19,0.56
2118307,9,Pk_Stk,0.19,0.58,0.99,0.29,0.33,0.69,0.79,1.12,1.19,0.56
2118307,10,Pk_Stk,0.19,0.58,0.99,0.29,0.34,0.69,0.79,1.09,1.19,0.56
2118307,11,BB_Stk,0.58,0.19,0.99,0.29,0.33,0.69,0.79,1.07,1.19,0.56
2118414,1,Pk_Stk,0.63,0.67,0.99,0.57,0.39,0.99,0.85,0.98,1.17,0.67
2118414,2,Pk_Stk,0.66,0.59,1.11,0.57,0.33,0.96,0.85,1.09,1.19,0.59
2118414,3,Pk_Stk,0.66,0.68,1.09,0.57,0.36,1.02,0.85,1.1,1.19,0.33
2118414,4,Pk_Stk,0.62,0.5,1.13,0.57,0.36,0.93,0.85,1.16,1.19,0.59
2118414,5,Pk_Stk,0.5,0.58,0.99,0.45,0.34,0.72,0.85,1.07,1.19,0.59
2118414,6,Pk_Stk,0.58,0.58,0.99,0.29,0.33,0.69,0.79,1.1,1.19,0.56
2118448,1,Pk_Stk,0.29,0.59,1.08,0.57,0.34,0.93,0.85,1.09,1.19,0.33
2118448,2,Pk_Stk,0.29,0.59,1.08,0.57,0.34,0.93,0.85,1.09,1.19,0.33
2118448,3,Pk_Stk,0.63,0.59,1.08,0.57,0.36,0.93,0.85,1.09,1.19,0.59
2118448,4,Pk_Stk,0.63,0.59,1.08,0.57,0.36,0.93,0.85,1.09,1.19,0.59
2118448,5,Pk_Stk,0.63,0.59,0.99,0.57,0.36,0.88,0.85,1.09,1.19,0.59
2118448,6,Gen_Stk,0.62,0.59,1.09,0.57,0.36,0.93,0.87,1.09,1.24,0.65
2118448,7,BB_Stk,0.62,0.29,1.09,0.58,0.36,1.38,0.85,1.09,1.19,0.7
2118448,8,Pk_Stk,0.29,0.5,0.99,0.57,0.36,0.69,0.79,1.09,1.19,0.59
2118448,9,Hse_Stk,0.62,0.61,0.99,0.57,0.36,0.75,0.85,1.09,1.19,0.58
2118448,10,Pk_Stk,0.62,0.61,0.99,0.57,0.36,0.75,0.85,1.09,1.19,0.59
2118448,11,BB_Stk,0.62,0.61,0.99,0.49,0.33,0.75,0.85,1.09,1.19,0.59
2118448,12,Hse_Stk,0.62,0.61,0.99,0.49,0.33,0.75,0.85,1.09,1.19,0.59
2118448,13,BB_Stk,0.62,0.61,0.99,0.45,0.33,0.75,0.85,1.09,1.19,0.59
2118448,14,BB_Stk,0.62,0.61,0.99,0.45,0.33,0.75,0.85,1.09,1.19,0.59
2118448,15,Pk_Stk,0.5,0.58,0.99,0.45,0.33,0.72,0.85,1.07,1.19,0.59
2118448,16,Pk_Stk,0.5,0.58,0.99,0.45,0.33,0.72,0.85,1.07,1.19,0.59
2118448,17,Hse_Stk,0.58,0.58,0.99,0.45,0.33,0.72,0.85,1.07,1.19,0.59
2118448,18,Pk_Stk,0.58,0.45,0.99,0.45,0.33,0.72,0.85,1.07,1.19,0.59
2118448,19,BB_Stk,0.58,0.25,0.99,0.45,0.33,0.72,0.85,1.07,1.19,0.59
2118448,20,Pk_Stk,0.58,0.58,0.99,0.45,0.33,0.72,0.85,1.07,1.19,0.59
2118448,21,Hse_Stk,0.58,0.58,0.99,0.29,0.34,0.72,0.85,1.07,1.19,0.59
2118448,22,BB_Stk,0.29,0.5,0.99,0.33,0.33,0.72,0.85,1.07,1.19,0.59
2118448,23,BB_Stk,0.58,0.25,0.99,0.29,0.33,0.72,0.85,1.07,1.19,0.59
2118448,24,Hse_Stk,0.58,0.58,0.99,0.29,0.33,0.69,0.79,1.08,1.19,0.56
2118448,25,Pk_Stk,0.19,0.58,0.99,0.29,0.34,0.69,0.79,1.11,1.19,0.56
2118448,26,Pk_Stk,0.29,0.5,0.99,0.29,0.33,0.69,0.79,1.09,1.19,0.56
2118448,27,Hse_Stk,0.19,0.58,0.99,0.29,0.33,0.69,0.79,1.09,1.19,0.56
2118448,28,Pk_Stk,0.19,0.58,0.99,0.29,0.33,0.69,0.79,1.09,1.19,0.56
2118448,29,BB_Stk,0.58,0.19,0.99,0.29,0.34,0.69,0.79,1.07,1.19,0.56
2118448,30,BB_Stk,0.58,0.19,0.99,0.29,0.34,0.69,0.79,1.07,1.19,0.56
2118679,1,Hse_Stk,0.67,0.67,1.08,0.57,0.49,0.86,0.88,0.98,1.17,0.59
2118679,2,Hse_Stk,0.67,0.67,1.08,0.57,0.49,0.83,0.85,0.98,1.17,0.5
2118679,3,Pk_Stk,0.5,0.5,0.99,0.45,0.33,0.78,0.91,1.07,1.19,0.78
2118679,4,Hse_Stk,0.19,0.58,0.99,0.29,0.33,0.69,0.79,1.09,1.19,0.56
2118810,1,Pk_Tub,0.62,0.59,1.09,0.57,0.36,0.93,0.87,1.09,1.24,0.65
2118810,2,SS_Tub,0.29,0.5,0.99,0.57,0.36,0.69,0.79,1.09,1.19,0.59
2118810,3,Pk_Stk,0.29,0.5,0.99,0.57,0.36,0.69,0.79,1.09,1.19,0.59
2118810,4,Pk_Stk,0.25,0.61,0.99,0.45,0.33,0.75,0.85,1.09,1.19,0.59
2118810,5,Pk_Tub,0.25,0.61,0.99,0.45,0.33,0.75,0.85,1.09,1.19,0.59
2118810,6,Pk_Stk,0.29,0.5,0.99,0.33,0.33,0.72,0.85,1.07,1.19,0.59
2118810,7,Pk_Stk,0.19,0.58,0.99,0.29,0.34,0.69,0.79,1.11,1.19,0.56
2119024,1,Pk_Stk,0.29,0.61,1.09,0.57,0.33,0.82,0.85,1.09,1.19,0.59
2119024,2,Pk_Stk,0.62,0.61,1.09,0.57,0.34,1.07,0.85,1.09,1.19,0.59
2119024,3,BB_Stk,0.62,0.61,0.99,0.45,0.34,0.75,0.85,1.09,1.19,0.59
2119024,4,BB_Stk,0.58,0.25,0.99,0.29,0.33,0.72,0.85,1.07,1.19,0.59
2119149,1,SS_Tub,0.66,0.67,1.09,0.57,0.36,0.93,0.85,1.09,1.19,0.33
2119149,2,SS_Tub,0.63,0.67,1.09,0.57,0.36,0.93,0.85,1.09,1.19,0.33
2119149,3,Pk_Stk,0.29,0.67,1.09,0.57,0.35,0.93,0.85,1.09,1.19,0.33
2119149,4,SS_Tub,0.63,0.67,1.09,0.57,0.36,0.93,0.75,1.09,1.19,0.42
2119149,5,SS_Tub,0.62,0.61,0.99,0.49,0.33,0.75,0.5,1.09,1.19,0.59
2119149,6,BB_Stk,0.62,0.61,0.99,0.45,0.33,0.75,0.85,1.09,1.19,0.59
2119149,7,SS_Tub,0.62,0.61,0.99,0.45,0.33,0.75,0.85,1.09,1.19,0.59
2119149,8,Hse_Stk,0.62,0.61,0.99,0.45,0.33,0.75,0.85,1.09,1.19,0.59
2119149,9,SS_Tub,0.5,0.58,0.99,0.45,0.33,0.72,0.85,1.07,1.19,0.59
2119164,1,SS_Tub,0.58,0.39,0.99,0.45,0.33,0.72,0.85,1.07,1.19,0.59
2119164,2,BB_Stk,0.58,0.39,0.99,0.45,0.33,0.72,0.85,1.07,1.19,0.59
2119164,3,BB_Stk,0.58,0.44,0.99,0.45,0.33,0.72,0.65,1.07,1.19,0.59
2119164,4,Hse_Stk,0.58,0.45,0.99,0.25,0.33,0.72,0.85,1.07,1.19,0.59
2119164,5,Hse_Stk,0.58,0.58,0.99,0.33,0.34,0.72,0.85,1.07,1.19,0.59
2119164,6,SS_Tub,0.19,0.58,0.99,0.29,0.34,0.69,0.79,1.11,1.19,0.56
2119164,7,Pk_Stk,0.19,0.58,0.99,0.29,0.34,0.69,0.79,1.11,1.19,0.56
2119164,8,Pk_Stk,0.29,0.5,0.99,0.29,0.33,0.69,0.79,1.09,1.19,0.56
2119255,1,Pk_Stk,0.58,0.45,0.99,0.45,0.34,0.72,0.85,1.07,1.19,0.59
2119255,2,Pk_Tub,0.58,0.55,0.99,0.37,0.34,0.72,0.85,1.07,1.19,0.59
2119255,3,Pk_Stk,0.39,0.58,0.99,0.29,0.33,0.69,0.79,1.1,1.19,0.56
2119347,1,Gen_Stk,0.63,0.59,1.08,0.57,0.45,0.93,0.85,0.98,1.17,0.59
2119347,2,Gen_Stk,0.63,0.59,1.09,0.57,0.45,0.94,0.85,0.98,1.17,0.59
2119347,3,Gen_Stk,0.66,0.59,1.08,0.57,0.33,1.01,0.85,1.14,1.19,0.59
2119347,4,Gen_Stk,0.63,0.59,1.08,0.57,0.33,0.93,0.85,1.09,1.19,0.33
2119347,5,Gen_Stk,0.63,0.59,0.99,0.57,0.36,0.88,0.85,1.09,1.19,0.59
2119347,6,Gen_Stk,0.63,0.59,1.02,0.57,0.36,0.93,0.85,1.09,1.23,0.65
2119347,7,Gen_Stk,0.62,0.59,1.09,0.57,0.36,0.93,0.87,1.09,1.24,0.65
2119347,8,BB_Stk,0.62,0.29,1.09,0.58,0.36,1.38,0.85,1.09,1.19,0.7
2119347,9,Pk_Stk,0.29,0.5,0.99,0.57,0.36,0.69,0.79,1.09,1.19,0.59
2119347,10,Hse_Stk,0.62,0.61,0.99,0.29,0.37,0.75,0.85,1.09,1.19,0.59
2119347,11,Gen_Stk,0.62,0.61,0.99,0.49,0.33,0.75,0.85,1.09,1.19,0.59
2119347,12,BB_Stk,0.62,0.61,0.99,0.45,0.33,0.75,0.85,1.09,1.19,0.59
2119347,13,Gen_Stk,0.25,0.61,0.99,0.45,0.33,0.75,0.85,1.09,1.19,0.59
2119347,14,Gen_Stk,0.58,0.58,0.99,0.45,0.33,0.72,0.85,1.07,1.19,0.59
2119347,15,Gen_Stk,0.58,0.45,0.99,0.45,0.33,0.72,0.85,1.07,1.19,0.59
2119347,16,Gen_Stk,0.58,0.25,0.99,0.45,0.33,0.72,0.85,1.07,1.19,0.59
2119347,17,Gen_Stk,0.58,0.58,0.99,0.45,0.33,0.72,0.85,1.07,1.19,0.59
2119347,18,Hse_Stk,0.58,0.58,0.99,0.29,0.33,0.69,0.79,1.1,1.19,0.56
2119347,19,Pk_Stk,0.29,0.5,0.99,0.29,0.33,0.69,0.79,1.09,1.19,0.56
2119347,20,Gen_Stk,0.29,0.5,0.99,0.29,0.33,0.69,0.79,1.09,1.19,0.56
2119347,21,Hse_Stk,0.58,0.63,0.99,0.29,0.34,0.69,0.79,1.07,1.19,0.56
2119362,1,Imp_Stk,0.63,0.59,1.08,0.57,0.33,0.93,0.85,1.09,1.19,0.33
2119362,2,Pk_Stk,0.29,0.67,1.09,0.57,0.34,0.93,0.85,1.09,1.19,0.33
2119362,3,BB_Stk,0.62,0.29,1.09,0.58,0.36,1.38,0.85,1.09,1.19,0.7
2119362,4,Pk_Stk,0.29,0.5,0.99,0.57,0.36,0.69,0.79,1.09,1.19,0.59
2119362,5,BB_Stk,0.62,0.61,0.99,0.45,0.33,0.75,0.85,1.09,1.19,0.59
2119362,6,BB_Stk,0.62,0.61,0.99,0.45,0.33,0.75,0.85,1.09,1.19,0.59
2119362,7,Pk_Stk,0.58,0.45,0.99,0.45,0.33,0.72,0.85,1.07,1.19,0.59
2119362,8,Hse_Stk,0.58,0.45,0.99,0.45,0.33,0.72,0.85,1.07,1.19,0.59
2119362,9,Pk_Stk,0.29,0.5,0.99,0.33,0.33,0.72,0.85,1.07,1.19,0.59
2119404,1,Fl_Tub,0.67,0.69,1.08,0.39,0.49,0.75,0.75,0.98,1.17,0.5
2119404,2,Fl_Tub,0.67,0.67,1.08,0.57,0.49,0.83,0.75,0.98,1.17,0.5
2119404,3,Fl_Stk,0.67,0.58,1.08,0.57,0.49,1.02,0.85,0.98,1.17,0.59
2119404,4,Hse_Stk,0.63,0.67,1.09,0.57,0.36,0.91,0.85,1.09,1.19,0.55
2119404,5,BB_Stk,0.5,0.39,0.99,0.45,0.33,0.72,0.85,1.07,1.19,0.59
2119404,6,Pk_Stk,0.58,0.58,0.99,0.29,0.33,0.7,0.79,1.07,1.19,0.57
2119479,1,Gen_Stk,0.62,0.61,1.09,0.29,0.33,0.93,0.85,1.09,1.19,0.59
2119479,2,Hse_Stk,0.62,0.61,1.04,0.29,0.36,0.74,0.85,1.09,1.19,0.59
2119479,3,Pk_Stk,0.62,0.61,0.99,0.49,0.33,0.75,0.85,1.09,1.19,0.59
2119479,4,BB_Stk,0.62,0.61,0.99,0.49,0.33,0.75,0.85,1.09,1.19,0.59
2119479,5,BB_Stk,0.62,0.61,0.99,0.45,0.33,0.75,0.85,1.09,1.19,0.59
2119479,6,Gen_Stk,0.58,0.58,0.99,0.25,0.25,0.72,0.85,1.07,1.19,0.59
2119479,7,BB_Stk,0.58,0.25,0.99,0.45,0.25,0.72,0.85,1.07,1.19,0.59
2119479,8,Gen_Stk,0.58,0.25,0.99,0.29,0.33,0.72,0.85,1.07,1.19,0.59
2119479,9,Pk_Stk,0.39,0.5,0.99,0.29,0.33,0.69,0.79,1.09,1.19,0.56
2119479,10,Pk_Stk,0.19,0.58,0.99,0.29,0.34,0.69,0.79,1.09,1.19,0.56
2119479,11,BB_Stk,0.58,0.19,0.99,0.29,0.34,0.69,0.79,1.07,1.19,0.56
2119578,1,Pk_Stk,0.29,0.67,1.08,0.57,0.35,0.93,0.85,1.09,1.19,0.33
2119578,2,Pk_Stk,0.29,0.67,1.08,0.57,0.35,0.93,0.85,1.09,1.19,0.33
2119578,3,BB_Stk,0.62,0.29,1.09,0.57,0.36,0.93,0.85,1.09,1.19,0.59
2119578,4,BB_Stk,0.62,0.5,1.09,0.57,0.34,0.93,0.85,1.09,1.19,0.59
2119578,5,Pk_Stk,0.62,0.5,0.99,0.49,0.33,0.75,0.85,1.09,1.19,0.59
2119578,6,Pk_Stk,0.29,0.51,0.99,0.33,0.33,0.72,0.85,1.07,1.21,0.59
2119628,1,Pk_Stk,0.19,0.5,1.09,0.57,0.36,0.93,0.85,1.09,1.19,0.59
2119628,2,SS_Tub,0.19,0.58,0.99,0.29,0.33,0.69,0.79,1.1,1.19,0.56
2119628,3,SS_Tub,0.19,0.47,0.99,0.29,0.34,0.69,0.63,1.07,1.19,0.56
2119735,1,Hse_Stk,0.66,0.67,1.09,0.57,0.33,0.93,0.85,1.09,1.19,0.5
2119735,2,Hse_Stk,0.66,0.67,1.09,0.57,0.33,0.93,0.85,1.09,1.19,0.5
2119735,3,Pk_Stk,0.19,0.67,1.09,0.57,0.36,0.93,0.85,1.09,1.19,0.58
2119735,4,Hse_Stk,0.19,0.67,1.09,0.57,0.36,0.93,0.85,1.09,1.19,0.58
2119735,5,Hse_Stk,0.66,0.67,1.09,0.57,0.33,0.93,0.85,1.09,1.19,0.33
2119735,6,Hse_Stk,0.63,0.66,1.09,0.57,0.36,0.93,0.85,1.09,1.19,0.59
2119735,7,Hse_Stk,0.63,0.67,1.0,0.57,0.36,0.93,0.85,1.09,1.19,0.59
2119735,8,Pk_Stk,0.62,0.67,1.09,0.57,0.36,0.93,0.85,1.09,1.19,0.59
2119735,9,BB_Stk,0.62,0.29,1.09,0.57,0.36,0.93,0.85,1.09,1.19,0.59
2119735,10,BB_Stk,0.62,0.29,1.09,0.57,0.36,0.93,0.85,1.09,1.19,0.59
2119735,11,BB_Stk,0.62,0.5,1.09,0.57,0.33,0.93,0.85,1.09,1.19,0.59
2119735,12,Hse_Stk,0.62,0.61,1.09,0.29,0.36,0.93,0.85,1.09,1.19,0.59
2119735,13,Hse_Stk,0.62,0.61,1.04,0.29,0.36,0.74,0.85,1.09,1.19,0.59
2119735,14,Pk_Stk,0.62,0.61,0.99,0.57,0.36,0.71,0.85,1.09,1.19,0.59
2119735,15,Hse_Stk,0.62,0.61,0.99,0.49,0.33,0.75,0.85,1.09,1.19,0.59
2119735,16,Hse_Stk,0.62,0.61,0.99,0.49,0.33,0.75,0.85,1.09,1.19,0.59
2119735,17,Hse_Stk,0.62,0.61,0.99,0.45,0.33,0.75,0.85,1.09,1.19,0.59
2119735,18,Hse_Stk,0.62,0.61,0.99,0.45,0.33,0.75,0.85,1.09,1.19,0.59
2119735,19,Pk_Stk,0.25,0.61,0.99,0.45,0.33,0.75,0.85,1.09,1.19,0.59
2119735,20,Hse_Stk,0.25,0.61,0.99,0.45,0.33,0.75,0.85,1.09,1.19,0.59
2119735,21,Pk_Stk,0.5,0.58,0.99,0.45,0.33,0.75,0.85,1.07,1.19,0.59
2119735,22,Pk_Stk,0.5,0.58,0.99,0.45,0.33,0.72,0.65,1.07,1.19,0.59
2119735,23,Pk_Stk,0.5,0.58,0.99,0.19,0.33,0.72,0.85,1.07,1.19,0.59
2119735,24,Pk_Stk,0.5,0.58,0.99,0.19,0.33,0.72,0.65,1.07,1.19,0.59
2119735,25,Pk_Stk,0.58,0.58,0.99,0.45,0.33,0.72,0.85,1.07,1.19,0.59
2119735,26,Pk_Stk,0.58,0.45,0.99,0.45,0.33,0.72,0.85,1.07,1.19,0.59
2119735,27,Hse_Stk,0.58,0.45,0.99,0.45,0.33,0.72,0.85,1.07,1.19,0.59
2119735,28,Hse_Stk,0.58,0.45,0.99,0.45,0.33,0.72,0.85,1.07,1.19,0.59
2119735,29,Pk_Stk,0.58,0.58,0.99,0.25,0.25,0.72,0.85,1.07,1.19,0.59
2119735,30,Hse_Stk,0.58,0.58,0.99,0.45,0.25,0.72,0.85,1.07,1.19,0.59
2119735,31,Hse_Stk,0.58,0.58,0.99,0.29,0.25,0.72,0.85,1.07,1.19,0.59
2119735,32,Pk_Stk,0.29,0.5,0.99,0.33,0.25,0.72,0.85,1.07,1.19,0.59
2119735,33,Pk_Stk,0.58,0.58,0.99,0.45,0.33,0.72,0.85,1.07,1.19,0.59
2119735,34,BB_Stk,0.58,0.25,0.99,0.29,0.33,0.72,0.85,1.07,1.19,0.59
2119735,35,Hse_Stk,0.58,0.25,0.99,0.29,0.33,0.72,0.85,1.07,1.19,0.59
2119735,36,Pk_Stk,0.19,0.5,0.99,0.29,0.33,0.69,0.79,1.09,1.19,0.56
2119735,37,Pk_Stk,0.29,0.5,0.99,0.29,0.33,0.69,0.79,1.09,1.19,0.56
2119735,38,Pk_Stk,0.19,0.58,0.99,0.29,0.34,0.69,0.79,1.09,1.19,0.56
2119735,39,Hse_Stk,0.58,0.58,0.99,0.29,0.34,0.69,0.79,1.07,1.19,0.56
2119735,40,Hse_Stk,0.19,0.46,0.99,0.29,0.33,0.69,0.79,1.07,1.19,0.56
2119735,41,Pk_Stk,0.19,0.46,0.99,0.29,0.33,0.69,0.79,1.07,1.19,0.56
2119735,42,BB_Stk,0.58,0.19,0.99,0.29,0.33,0.69,0.79,1.07,1.19,0.56
2119735,43,Hse_Stk,0.58,0.5,0.99,0.45,0.33,0.69,0.79,1.07,1.19,0.56
2119875,1,Pk_Tub,0.67,0.67,1.08,0.57,0.53,0.83,0.85,0.98,1.17,0.59
2119875,2,Pk_Stk,0.63,0.67,1.09,0.57,0.45,0.93,0.85,0.98,1.17,0.59
2119875,3,Pk_Tub,0.63,0.67,1.09,0.57,0.45,0.93,0.85,0.98,1.17,0.59
2119875,4,Pk_Tub,0.66,0.67,1.09,0.57,0.36,0.93,0.85,1.09,1.19,0.33
2119875,5,Pk_Tub,0.62,0.57,1.09,0.57,0.33,0.78,0.85,1.09,1.19,0.59
2119875,6,Pk_Stk,0.5,0.58,0.99,0.19,0.33,0.72,0.65,1.07,1.19,0.59
2119875,7,Pk_Tub,0.5,0.58,0.99,0.45,0.33,0.72,0.85,1.07,1.19,0.59
2119875,8,Pk_Stk,0.58,0.45,0.99,0.45,0.33,0.72,0.85,1.07,1.19,0.59
2119875,9,Pk_Tub,0.58,0.45,0.99,0.45,0.33,0.72,0.85,1.07,1.19,0.59
2119875,10,Pk_Tub,0.58,0.58,0.99,0.29,0.33,0.72,0.85,1.07,1.19,0.59
2119875,11,Pk_Stk,0.19,0.58,0.99,0.29,0.34,0.69,0.79,1.11,1.19,0.56
2119917,1,BB_Stk,0.62,0.61,0.99,0.49,0.33,0.75,0.85,1.09,1.19,0.59
2119917,2,SS_Tub,0.39,0.58,0.99,0.29,0.33,0.69,0.5,1.1,1.19,0.56
2120196,1,Pk_Stk,0.19,0.58,0.99,0.29,0.33,0.69,0.79,1.12,1.19,0.56
2120238,1,BB_Stk,0.62,0.61,0.99,0.29,0.37,0.75,0.85,1.09,1.19,0.59
2120238,2,BB_Stk,0.25,0.61,0.99,0.45,0.33,0.75,0.85,1.09,1.19,0.59
2120238,3,BB_Stk,0.58,0.39,0.99,0.45,0.33,0.72,0.85,1.07,1.19,0.59
2120238,4,BB_Stk,0.58,0.25,0.99,0.29,0.33,0.72,0.85,1.07,1.19,0.59
2120238,5,BB_Stk,0.19,0.58,0.99,0.29,0.33,0.69,0.79,1.12,1.19,0.56
2120238,6,BB_Stk,0.29,0.5,0.99,0.29,0.33,0.69,0.79,1.09,1.19,0.56
2120238,7,BB_Stk,0.39,0.58,0.99,0.29,0.34,0.69,0.79,1.09,1.19,0.56
2120238,8,BB_Stk,0.58,0.58,0.99,0.29,0.33,0.69,0.79,1.07,1.19,0.56
2120261,1,Pk_Stk,0.19,0.5,1.09,0.57,0.36,0.93,0.85,1.09,1.19,0.59
2120261,2,Pk_Stk,0.19,0.5,1.09,0.57,0.36,0.93,0.85,1.09,1.19,0.59
2120261,3,Pk_Stk,0.29,0.67,1.09,0.57,0.36,0.93,0.85,1.09,1.19,0.33
2120261,4,Pk_Stk,0.25,0.39,0.99,0.45,0.33,0.75,0.85,1.09,1.19,0.59
2120261,5,Fl_Tub,0.58,0.25,0.99,0.45,0.33,0.72,0.85,1.07,1.19,0.59
2120279,1,Hse_Stk,0.62,0.29,1.09,0.58,0.36,1.38,0.85,1.09,1.19,0.7
2120279,2,Hse_Stk,0.62,0.61,0.99,0.45,0.34,0.75,0.85,1.09,1.19,0.59
2120279,3,Pk_Stk,0.5,0.58,0.99,0.45,0.33,0.72,0.85,1.07,1.19,0.59
2120279,4,Pk_Stk,0.5,0.58,0.99,0.45,0.33,0.72,0.85,1.07,1.19,0.59
2120279,5,Hse_Stk,0.58,0.58,0.99,0.29,0.34,0.72,0.85,1.07,1.19,0.59
2120279,6,SS_Tub,0.58,0.58,0.99,0.29,0.34,0.72,0.85,1.07,1.19,0.59
2120279,7,Pk_Stk,0.29,0.5,0.99,0.33,0.33,0.72,0.85,1.07,1.19,0.59
2120279,8,SS_Tub,0.58,0.58,0.99,0.29,0.34,0.69,0.5,1.07,1.19,0.57
2120279,9,Pk_Stk,0.19,0.58,0.99,0.29,0.34,0.69,0.79,1.11,1.19,0.56
2120279,10,Pk_Stk,0.19,0.58,0.99,0.29,0.33,0.69,0.79,1.09,1.19,0.56
2120279,11,SS_Tub,0.29,0.5,0.99,0.29,0.33,0.69,0.56,1.09,1.19,0.56
2120279,12,Hse_Stk,0.58,0.63,0.99,0.29,0.34,0.69,0.79,1.07,1.19,0.56
2120279,13,SS_Tub,0.58,0.63,0.99,0.29,0.34,0.69,0.63,1.07,1.19,0.56
2120329,1,Fl_Stk,0.5,0.58,0.99,0.45,0.33,0.72,0.65,1.07,1.19,0.59
2120329,2,SS_Tub,0.5,0.58,0.99,0.45,0.33,0.71,0.85,1.07,1.19,0.59
2120329,3,Fl_Stk,0.58,0.45,0.99,0.29,0.33,0.78,0.85,1.07,1.19,0.58
2120329,4,Fl_Stk,0.58,0.58,0.99,0.29,0.33,0.7,0.79,1.07,1.19,0.57
2120329,5,SS_Tub,0.19,0.58,0.99,0.29,0.33,0.69,0.79,1.12,1.19,0.56
2120329,6,Fl_Stk,0.19,0.58,0.99,0.29,0.33,0.69,0.79,1.12,1.19,0.56
2120352,1,Hse_Stk,0.62,0.61,1.04,0.28,0.36,0.74,0.85,1.09,1.19,0.59
2120352,2,Hse_Stk,0.5,0.58,0.99,0.45,0.33,0.72,0.85,1.07,1.19,0.59
2120352,3,Hse_Stk,0.58,0.25,0.99,0.45,0.25,0.72,0.85,1.07,1.19,0.59
2120352,4,Hse_Stk,0.58,0.58,0.99,0.29,0.25,0.72,0.85,1.07,1.19,0.59
2120352,5,Hse_Stk,0.58,0.19,0.99,0.29,0.33,0.69,0.79,1.07,1.19,0.56
2120360,1,Pk_Stk,0.63,0.67,1.09,0.57,0.45,0.93,0.85,0.98,1.17,0.59
2120360,2,Pk_Stk,0.63,0.67,1.09,0.57,0.45,0.93,0.85,0.98,1.17,0.59
2120360,3,Pk_Stk,0.66,0.67,1.09,0.57,0.33,0.93,0.85,0.98,1.17,0.59
2120360,4,Pk_Stk,0.19,0.67,1.09,0.57,0.33,0.93,0.85,1.09,1.19,0.52
2120360,5,Pk_Stk,0.66,0.67,1.09,0.57,0.36,0.93,0.85,1.09,1.19,0.33
2120360,6,Pk_Stk,0.66,0.67,1.09,0.57,0.36,0.93,0.85,1.09,1.19,0.33
2120360,7,Pk_Stk,0.63,0.7,0.99,0.57,0.36,0.93,0.85,1.09,1.19,0.89
2120360,8,BB_Stk,0.62,0.29,1.09,0.57,0.36,0.93,0.85,1.09,1.19,0.59
2120360,9,Pk_Stk,0.29,0.5,0.99,0.57,0.36,0.69,0.79,1.09,1.19,0.59
2120360,10,Pk_Stk,0.62,0.5,1.09,0.57,0.33,0.93,0.85,1.09,1.19,0.59
2120360,11,Pk_Stk,0.62,0.61,1.09,0.57,0.36,0.69,0.85,1.09,1.19,0.59
2120360,12,Hse_Stk,0.62,0.61,1.09,0.29,0.36,0.75,0.85,1.09,1.19,0.59
2120360,13,Gen_Stk,0.62,0.61,0.99,0.57,0.36,0.75,0.85,1.09,1.19,0.59
2120360,14,Pk_Stk,0.62,0.61,0.99,0.49,0.33,0.75,0.85,1.09,1.19,0.59
2120360,15,BB_Stk,0.62,0.61,0.99,0.45,0.33,0.75,0.85,1.09,1.19,0.59
2120360,16,Hse_Stk,0.62,0.61,0.99,0.45,0.33,0.75,0.85,1.09,1.19,0.59
2120360,17,Pk_Stk,0.5,0.58,0.99,0.45,0.33,0.72,0.85,1.07,1.19,0.59
2120360,18,Pk_Stk,0.5,0.58,0.99,0.45,0.33,0.72,0.65,1.07,1.19,0.59
2120360,19,Pk_Stk,0.58,0.45,0.99,0.45,0.33,0.72,0.85,1.07,1.19,0.59
2120360,20,Hse_Stk,0.58,0.58,0.99,0.29,0.33,0.72,0.85,1.07,1.19,0.59
2120360,21,Pk_Stk,0.29,0.51,0.99,0.29,0.33,0.72,0.85,1.07,1.19,0.59
2120360,22,Pk_Stk,0.29,0.5,0.99,0.29,0.33,0.69,0.79,1.09,1.19,0.56
2120360,23,Pk_Stk,0.39,0.55,0.99,0.29,0.33,0.69,0.79,1.09,1.19,0.56
2120360,24,Pk_Stk,0.39,0.58,0.99,0.29,0.34,0.69,0.79,1.09,1.19,0.56
2120360,25,BB_Stk,0.58,0.19,0.99,0.29,0.34,0.69,0.79,1.07,1.19,0.56
2120378,1,Pk_Stk,0.62,0.61,0.99,0.49,0.33,0.75,0.85,1.09,1.19,0.59
2120378,2,Gen_Stk,0.62,0.61,0.99,0.49,0.33,0.75,0.85,1.09,1.19,0.59
2120378,3,BB_Stk,0.62,0.61,0.99,0.45,0.33,0.75,0.85,1.09,1.19,0.59
2120378,4,Hse_Stk,0.62,0.61,0.99,0.45,0.33,0.75,0.85,1.09,1.19,0.59
2120378,5,Hse_Stk,0.5,0.58,0.99,0.19,0.34,0.72,0.85,1.07,1.19,0.59
2120378,6,BB_Stk,0.58,0.25,0.99,0.45,0.33,0.72,0.85,1.07,1.19,0.59
2120378,7,BB_Stk,0.58,0.25,0.99,0.25,0.33,0.72,0.85,1.07,1.19,0.59
2120378,8,Hse_Stk,0.58,0.58,0.99,0.29,0.33,0.69,0.79,1.08,1.19,0.56
2120378,9,Pk_Stk,0.39,0.55,0.99,0.29,0.33,0.69,0.79,1.09,1.19,0.56
2120378,10,Hse_Stk,0.39,0.55,0.99,0.29,0.33,0.69,0.79,1.09,1.19,0.56
2120378,11,Pk_Stk,0.19,0.58,0.99,0.29,0.34,0.69,0.79,1.09,1.19,0.56
2120378,12,Pk_Stk,0.19,0.58,0.99,0.29,0.34,0.69,0.79,1.09,1.19,0.56
2120378,13,Hse_Stk,0.39,0.58,0.99,0.29,0.34,0.69,0.79,1.09,1.19,0.56
2120378,14,Hse_Stk,0.58,0.63,0.99,0.29,0.34,0.69,0.79,1.07,1.19,0.56
2120386,1,Hse_Tub,0.63,0.67,1.09,0.57,0.33,0.93,0.85,1.09,1.19,0.33
2120386,2,BB_Stk,0.62,0.29,1.09,0.58,0.36,1.38,0.85,1.09,1.19,0.7
2120386,3,BB_Stk,0.62,0.29,1.1,0.58,0.33,0.95,0.85,1.09,1.19,0.6
2120386,4,Gen_Stk,0.62,0.5,1.09,0.57,0.33,0.93,0.85,1.09,1.19,0.59
2120386,5,Gen_Stk,0.62,0.61,0.99,0.57,0.36,0.76,0.85,1.09,1.19,0.59
2120386,6,Gen_Stk,0.62,0.61,0.99,0.45,0.33,0.75,0.85,1.09,1.19,0.59
2120386,7,Hse_Stk,0.62,0.61,0.99,0.45,0.34,0.75,0.85,1.09,1.19,0.59
2120386,8,Gen_Stk,0.58,0.61,0.99,0.45,0.33,0.75,0.85,1.09,1.19,0.59
2120386,9,Gen_Stk,0.58,0.45,0.99,0.45,0.33,0.72,0.65,1.07,1.19,0.59
2120386,10,BB_Stk,0.58,0.19,0.99,0.29,0.34,0.69,0.79,1.07,1.19,0.56
2120436,1,Pk_Stk,0.63,0.67,1.08,0.57,0.49,0.79,0.85,0.98,1.17,0.59
2120436,2,Pk_Stk,0.63,0.67,0.99,0.57,0.39,0.99,0.85,0.98,1.17,0.67
2120436,3,Pk_Stk,0.63,0.59,1.08,0.57,0.33,0.75,0.85,0.98,1.17,0.59
2120436,4,Pk_Stk,0.19,0.59,1.08,0.57,0.42,1.03,0.85,1.09,1.19,0.6
2120436,5,Fl_Tub,0.19,0.59,1.08,0.57,0.42,1.03,0.85,1.09,1.19,0.6
2120436,6,Pk_Stk,0.19,0.58,0.99,0.29,0.34,0.69,0.79,1.11,1.19,0.56
2120535,1,Imp_Stk,0.62,0.61,0.99,0.45,0.33,0.75,0.85,1.09,1.19,0.59
2120535,2,BB_Stk,0.62,0.61,0.99,0.45,0.33,0.75,0.85,1.09,1.19,0.59
2120535,3,Pk_Stk,0.29,0.56,0.99,0.33,0.33,0.72,0.85,1.07,1.19,0.59
2120535,4,Pk_Stk,0.19,0.58,0.99,0.29,0.34,0.69,0.79,1.11,1.19,0.56
2120535,5,Pk_Stk,0.58,0.19,0.99,0.29,0.34,0.69,0.79,1.07,1.19,0.56
2120535,6,BB_Stk,0.58,0.19,0.99,0.29,0.34,0.69,0.79,1.07,1.19,0.56
2120816,1,Pk_Stk,0.63,0.67,0.99,0.57,0.39,0.93,0.85,0.98,1.17,0.59
2120816,2,Pk_Stk,0.63,0.67,1.08,0.57,0.39,0.93,0.85,0.98,1.17,0.59
2120816,3,SS_Tub,0.63,0.67,1.08,0.57,0.45,0.93,0.7,0.98,1.17,0.59
2120816,4,BB_Stk,0.62,0.5,0.99,0.31,0.36,0.75,0.85,1.1,1.19,0.59
2120816,5,Pk_Stk,0.62,0.5,0.99,0.49,0.33,0.75,0.85,1.09,1.19,0.59
2120816,6,Pk_Stk,0.58,0.58,0.99,0.29,0.34,0.72,0.85,1.07,1.2,0.59
2120816,7,Pk_Stk,0.19,0.58,0.99,0.29,0.33,0.69,0.79,1.09,1.19,0.56
2120857,1,Pk_Stk,0.62,0.61,0.99,0.49,0.33,0.75,0.85,1.09,1.19,0.59
2120857,2,Pk_Stk,0.5,0.6,0.99,0.45,0.33,0.75,0.85,1.08,1.19,0.59
2120857,3,Pk_Stk,0.5,0.58,0.99,0.45,0.33,0.71,0.85,1.07,1.19,0.59
2120857,4,Pk_Stk,0.5,0.58,0.99,0.19,0.33,0.69,0.85,1.07,1.19,0.59
2120857,5,Pk_Stk,0.58,0.58,0.99,0.29,0.34,0.72,0.85,1.07,1.19,0.59
2120857,6,Pk_Stk,0.29,0.5,0.99,0.33,0.34,0.72,0.85,1.07,1.19,0.59
2120857,7,Pk_Stk,0.58,0.58,0.99,0.34,0.33,0.76,0.81,1.07,1.16,0.59
2120857,8,Pk_Stk,0.58,0.58,0.99,0.29,0.33,0.7,0.79,1.07,1.19,0.57
2120857,9,Pk_Stk,0.19,0.58,0.99,0.29,0.33,0.69,0.79,1.12,1.19,0.56
2120857,10,Pk_Stk,0.19,0.51,0.99,0.29,0.33,0.69,0.79,1.09,1.19,0.56
2120857,11,Pk_Stk,0.29,0.5,0.99,0.29,0.33,0.69,0.79,1.09,1.19,0.56
2120857,12,Pk_Stk,0.58,0.19,0.99,0.29,0.34,0.69,0.79,1.07,1.19,0.56
2120956,1,Pk_Stk,0.19,0.58,0.99,0.29,0.34,0.69,0.79,1.11,1.19,0.56
2120956,2,Pk_Stk,0.19,0.58,0.99,0.29,0.33,0.69,0.79,1.09,1.19,0.56
2120956,3,Pk_Stk,0.19,0.58,0.99,0.29,0.33,0.69,0.79,1.09,1.19,0.56
2120964,1,Hse_Stk,0.5,0.5,0.99,0.19,0.34,0.72,0.85,1.08,1.19,0.74
2120964,2,Pk_Stk,0.58,0.58,0.99,0.45,0.33,0.72,0.85,1.07,1.19,0.59
2120964,3,Hse_Stk,0.58,0.58,0.99,0.29,0.34,0.72,0.85,1.07,1.2,0.59
2120964,4,Pk_Stk,0.29,0.51,0.99,0.33,0.33,0.72,0.85,1.07,1.21,0.59
2121095,1,Pk_Stk,0.29,0.5,0.99,0.33,0.34,0.72,0.85,1.07,1.19,0.59
2121277,1,Pk_Tub,0.63,0.59,1.08,0.57,0.39,0.93,0.85,0.98,1.17,0.59
2121277,2,Pk_Tub,0.66,0.67,1.09,0.57,0.33,0.93,0.85,0.98,1.17,0.5
2121277,3,Pk_Tub,0.66,0.67,1.09,0.57,0.36,0.93,0.85,1.09,1.19,0.33
2121277,4,Pk_Tub,0.62,0.61,0.99,0.57,0.36,0.76,0.85,1.09,1.19,0.59
2121277,5,Pk_Tub,0.62,0.61,0.99,0.45,0.34,0.75,0.65,1.09,1.19,0.59
2121277,6,Pk_Tub,0.58,0.25,0.99,0.45,0.25,0.72,0.85,1.07,1.19,0.59
2121277,7,Pk_Stk,0.58,0.58,0.99,0.29,0.25,0.72,0.85,1.07,1.19,0.59
2121327,1,Pk_Stk,0.63,0.67,1.09,0.57,0.36,0.93,0.85,1.09,1.19,0.59
2121327,2,SS_Tub,0.63,0.67,0.99,0.57,0.36,0.94,0.85,1.09,1.18,0.59
2121327,3,Pk_Stk,0.62,0.67,1.09,0.57,0.36,0.93,0.85,1.09,1.19,0.59
2121327,4,Pk_Stk,0.29,0.5,1.01,0.57,0.36,0.69,0.79,1.09,1.19,0.59
2121327,5,Pk_Stk,0.62,0.61,0.99,0.53,0.36,0.71,0.85,1.09,1.19,0.59
2121327,6,Pk_Stk,0.62,0.61,0.99,0.49,0.33,0.75,0.85,1.09,1.19,0.59
2121327,7,Pk_Stk,0.62,0.61,0.99,0.45,0.33,0.75,0.85,1.09,1.19,0.59
2121327,8,Pk_Stk,0.5,0.61,0.99,0.45,0.33,0.74,0.85,1.09,1.19,0.59
2121327,9,Pk_Stk,0.5,0.58,0.99,0.19,0.33,0.69,0.85,1.07,1.19,0.59
2121327,10,Pk_Stk,0.58,0.45,1.02,0.25,0.34,0.92,0.85,1.07,1.19,0.59
2121327,11,Pk_Stk,0.29,0.5,0.99,0.3,0.33,0.72,0.85,1.07,1.19,0.59
2121327,12,Pk_Stk,0.19,0.58,0.99,0.29,0.33,0.69,0.79,1.12,1.19,0.56
2121327,13,Pk_Stk,0.29,0.5,0.99,0.29,0.33,0.69,0.79,1.09,1.19,0.56
2121327,14,Pk_Stk,0.58,0.5,0.99,0.29,0.33,0.69,0.79,1.07,1.19,0.56
2121376,1,Fl_Tub,0.63,0.67,0.99,0.57,0.49,0.93,0.85,0.98,1.17,0.58
2121376,2,Fl_Stk,0.63,0.67,0.99,0.57,0.49,0.93,0.85,0.98,1.17,0.58
2121376,3,BB_Stk,0.66,0.5,1.09,0.57,0.33,0.93,0.85,1.09,1.19,0.59
2121376,4,BB_Stk,0.62,0.61,0.99,0.45,0.33,0.75,0.85,1.18,1.19,0.59
2121376,5,BB_Stk,0.58,0.39,0.99,0.45,0.33,0.72,0.85,1.07,1.19,0.59
2121384,1,Fl_Stk,0.19,0.67,1.08,0.57,0.36,0.93,0.85,1.09,1.19,0.59
2121384,2,Fl_Tub,0.66,0.67,1.09,0.57,0.36,0.93,0.85,1.09,1.19,0.33
2121384,3,Fl_Stk,0.63,0.66,0.99,0.57,0.36,0.93,0.85,1.09,1.18,0.59
2121384,4,Fl_Tub,0.62,0.5,1.09,0.57,0.34,0.93,0.85,1.09,1.19,0.59
2121384,5,Fl_Stk,0.62,0.61,0.99,0.49,0.33,0.75,0.85,1.09,1.19,0.59
2121384,6,Fl_Tub,0.62,0.61,0.99,0.49,0.33,0.75,0.85,1.09,1.19,0.59
2121384,7,Fl_Stk,0.5,0.58,0.99,0.45,0.34,0.72,0.86,1.07,1.19,0.59
2121384,8,Fl_Tub,0.19,0.58,0.99,0.29,0.33,0.69,0.79,1.09,1.19,0.56
2121384,9,Fl_Tub,0.58,0.19,0.99,0.29,0.33,0.69,0.79,1.07,1.19,0.56
2121400,1,Pk_Stk,0.62,0.67,1.09,0.57,0.36,0.93,0.85,1.09,1.19,0.59
2121400,2,Pk_Tub,0.62,0.67,1.09,0.57,0.36,0.93,0.85,1.09,1.19,0.59
2121400,3,Pk_Stk,0.29,0.5,0.99,0.57,0.33,0.84,0.84,1.09,1.2,0.59
2121400,4,Pk_Tub,0.62,0.5,0.99,0.57,0.36,0.75,0.85,1.09,1.19,0.56
2121400,5,Pk_Stk,0.62,0.5,0.99,0.57,0.36,0.75,0.85,1.09,1.19,0.56
2121400,6,Pk_Stk,0.62,0.61,0.99,0.49,0.33,0.75,0.85,1.09,1.19,0.59
2121400,7,Pk_Tub,0.62,0.61,0.99,0.49,0.34,0.75,0.85,1.09,1.19,0.59
2121400,8,Pk_Stk,0.5,0.5,0.99,0.45,0.33,0.72,0.85,1.07,1.19,0.59
2121400,9,Pk_Tub,0.5,0.5,0.99,0.45,0.33,0.72,0.85,1.07,1.19,0.59
2121400,10,Pk_Tub,0.58,0.58,0.99,0.45,0.33,0.72,0.85,1.07,1.19,0.59
2121400,11,Pk_Stk,0.29,0.51,0.99,0.33,0.33,0.72,0.85,1.07,1.21,0.59
2121400,12,Pk_Stk,0.58,0.25,0.99,0.29,0.34,0.72,0.85,1.07,1.19,0.59
2121400,13,Pk_Tub,0.58,0.25,0.99,0.29,0.34,0.72,0.85,1.07,1.19,0.59
2121400,14,Pk_Tub,0.58,0.58,0.99,0.29,0.33,0.69,0.79,1.07,1.19,0.54
2121400,15,Pk_Tub,0.58,0.5,0.99,0.29,0.46,0.83,0.79,1.07,1.19,0.56
2121590,1,Pk_Stk,0.63,0.67,1.09,0.57,0.36,0.93,0.85,1.09,1.19,0.51
2121590,2,Pk_Stk,0.58,0.63,0.99,0.35,0.33,0.72,0.85,1.07,1.19,0.59
2121822,1,Pk_Stk,0.62,0.39,0.99,0.45,0.33,0.75,0.85,1.09,1.19,0.59
2121822,2,Pk_Stk,0.5,0.39,0.99,0.45,0.33,0.72,0.85,1.07,1.19,0.59
2121822,3,Pk_Tub,0.5,0.39,0.99,0.45,0.33,0.72,0.85,1.07,1.19,0.59
2121822,4,Fl_Tub,0.5,0.39,0.99,0.45,0.33,0.72,0.65,1.07,1.19,0.59
2121822,5,Pk_Stk,0.58,0.39,0.99,0.45,0.33,0.72,0.85,1.07,1.19,0.59
2121822,6,Fl_Tub,0.58,0.39,0.99,0.45,0.33,0.72,0.85,1.07,1.19,0.59
2121822,7,Fl_Tub,0.58,0.39,0.99,0.45,0.33,0.72,0.85,1.07,1.19,0.59
2121822,8,BB_Stk,0.58,0.45,0.99,0.45,0.33,0.72,0.85,1.07,1.19,0.59
2121822,9,Fl_Tub,0.58,0.58,0.99,0.25,0.33,0.72,0.65,1.07,1.19,0.59
2121822,10,Fl_Tub,0.58,0.58,0.99,0.45,0.33,0.72,0.65,1.07,1.19,0.59
2121822,11,Pk_Stk,0.58,0.58,0.99,0.29,0.33,0.72,0.85,1.07,1.19,0.59
2121822,12,Fl_Tub,0.58,0.58,0.99,0.29,0.33,0.72,0.65,1.07,1.19,0.59
2121822,13,Fl_Tub,0.58,0.25,0.99,0.29,0.34,0.72,0.5,1.07,1.19,0.59
2121822,14,Fl_Tub,0.58,0.58,0.99,0.29,0.33,0.69,0.5,1.07,1.19,0.56
2121822,15,Pk_Stk,0.19,0.58,0.99,0.29,0.33,0.69,0.79,1.12,1.19,0.56
2121848,1,Gen_Stk,0.63,0.67,1.09,0.57,0.33,0.93,0.85,1.09,1.19,0.33
2121848,2,Hse_Stk,0.62,0.29,1.09,0.57,0.36,0.93,0.85,1.09,1.19,0.59
2121848,3,BB_Stk,0.62,0.5,1.09,0.57,0.33,1.02,0.85,1.09,1.19,0.59
2121848,4,Gen_Stk,0.62,0.61,0.99,0.57,0.36,0.75,0.85,1.09,1.19,0.59
2121848,5,Hse_Stk,0.62,0.61,0.99,0.49,0.33,0.75,0.85,1.09,1.19,0.59
2121848,6,Hse_Stk,0.62,0.61,0.99,0.45,0.33,0.75,0.85,1.09,1.19,0.59
2121848,7,Hse_Stk,0.62,0.61,0.99,0.45,0.33,0.75,0.85,1.09,1.19,0.59
2121848,8,Pk_Stk,0.5,0.58,0.99,0.45,0.33,0.72,0.85,1.07,1.19,0.59
2121848,9,Hse_Stk,0.5,0.58,0.99,0.19,0.33,0.72,0.85,1.07,1.19,0.59
2121848,10,Hse_Stk,0.58,0.45,0.99,0.25,0.33,0.72,0.85,1.07,1.19,0.59
2121848,11,Hse_Stk,0.58,0.63,0.99,0.35,0.33,0.72,0.85,1.07,1.19,0.59
2121848,12,Hse_Stk,0.58,0.58,0.99,0.29,0.33,0.69,0.79,1.07,1.19,0.56
2121939,1,Pk_Stk,0.67,0.59,1.08,0.57,0.49,0.98,0.87,0.98,1.35,0.53
2121939,2,Pk_Stk,0.67,0.59,1.08,0.57,0.49,0.98,0.87,0.98,1.35,0.53
2121939,3,Pk_Stk,0.63,0.6,1.08,0.57,0.49,0.83,0.87,0.98,1.17,0.5
2121939,4,Pk_Stk,0.63,0.67,0.99,0.57,0.49,1.14,0.85,1.0,1.47,0.5
2121939,5,Pk_Stk,0.63,0.67,0.99,0.57,0.39,0.93,0.85,0.98,1.17,0.5
2121939,6,Pk_Stk,0.63,0.67,1.09,0.57,0.33,0.9,0.85,0.98,1.17,0.5
2121939,7,Pk_Stk,0.63,0.67,1.09,0.57,0.39,0.93,0.85,0.98,1.17,0.5
2121939,8,Pk_Stk,0.66,0.67,1.09,0.57,0.33,0.93,0.85,1.09,1.19,0.5
2121939,9,Pk_Stk,0.66,0.67,1.09,0.57,0.33,0.93,0.85,1.09,1.19,0.5
2121939,10,Pk_Stk,0.66,0.67,1.09,0.57,0.33,0.93,0.85,1.09,1.19,0.59
2121939,11,Pk_Stk,0.19,0.67,1.09,0.57,0.36,0.93,0.85,1.09,1.19,0.58
2121939,12,Pk_Stk,0.66,0.67,1.09,0.57,0.36,0.93,0.85,1.09,1.19,0.33
2121939,13,Pk_Stk,0.66,0.67,1.09,0.57,0.36,0.93,0.85,1.09,1.19,0.33
2121939,14,Pk_Stk,0.63,0.67,1.09,0.57,0.33,0.93,0.85,1.09,1.19,0.33
2121939,15,Pk_Stk,0.29,0.67,1.09,0.57,0.33,0.93,0.85,1.09,1.19,0.33
2121939,16,Pk_Stk,0.63,0.66,1.09,0.57,0.36,0.93,0.85,1.09,1.19,0.59
2121939,17,Pk_Stk,0.62,0.67,1.09,0.57,0.36,0.93,0.85,1.09,1.19,0.59
2121939,18,Pk_Stk,0.62,0.5,1.09,0.57,0.33,0.93,0.85,1.09,1.19,0.59
2121939,19,Pk_Stk,0.5,0.58,0.99,0.19,0.33,0.72,0.85,1.07,1.19,0.59
2121939,20,Pk_Stk,0.58,0.45,0.99,0.45,0.33,0.72,0.85,1.07,1.19,0.59
2121939,21,Pk_Stk,0.58,0.58,0.99,0.45,0.25,0.72,0.85,1.07,1.19,0.59
2121939,22,Pk_Stk,0.58,0.58,0.99,0.29,0.25,0.72,0.85,1.07,1.19,0.59
2121939,23,Pk_Stk,0.19,0.58,0.99,0.29,0.33,0.69,0.79,1.12,1.19,0.56
2122010,1,Hse_Stk,0.63,0.67,0.99,0.57,0.39,0.93,0.85,0.98,1.19,0.5
2122010,2,BB_Stk,0.66,0.5,1.09,0.57,0.33,0.93,0.85,1.09,1.19,0.59
2122010,3,Pk_Stk,0.19,0.5,1.09,0.57,0.36,0.93,0.85,1.09,1.19,0.59
2122010,4,SS_Tub,0.5,0.59,1.09,0.57,0.36,0.93,0.85,1.09,1.19,0.33
2122010,5,Pk_Stk,0.5,0.39,0.99,0.45,0.33,0.72,0.85,1.07,1.19,0.59
2122010,6,Pk_Stk,0.58,0.44,0.99,0.45,0.33,0.72,0.85,1.07,1.19,0.59
2122010,7,SS_Tub,0.39,0.51,0.99,0.29,0.34,0.69,0.79,1.09,1.19,0.56
2122150,1,SS_Tub,0.63,0.67,1.08,0.57,0.49,0.77,0.69,0.98,1.17,0.59
2122150,2,SS_Tub,0.39,0.58,0.99,0.29,0.33,0.69,0.79,1.09,1.19,0.56
2122564,1,Pk_Stk,0.29,0.67,1.09,0.57,0.33,0.93,0.85,1.09,1.19,0.33
2122564,2,Pk_Stk,0.62,0.61,0.99,0.57,0.36,0.75,0.85,1.09,1.19,0.59
2122564,3,Hse_Stk,0.62,0.61,0.99,0.45,0.34,0.75,0.85,1.09,1.19,0.59
2122564,4,Pk_Stk,0.19,0.58,0.99,0.29,0.33,0.69,0.79,1.12,1.19,0.56
2122838,1,Hse_Stk,0.47,0.54,0.99,0.29,0.33,0.69,0.79,1.09,1.19,0.56
2123000,1,Pk_Stk,0.19,0.67,1.09,0.57,0.33,0.93,0.85,1.09,1.19,0.52
2123000,2,Pk_Stk,0.29,0.67,1.09,0.57,0.36,0.93,0.85,1.09,1.19,0.33
2123000,3,BB_Stk,0.62,0.61,0.99,0.49,0.33,0.75,0.85,1.09,1.19,0.59
2123000,4,BB_Stk,0.62,0.61,0.99,0.45,0.33,0.75,0.85,1.09,1.19,0.59
2123000,5,Pk_Stk,0.5,0.58,0.99,0.45,0.33,0.72,0.85,1.07,1.19,0.59
2123000,6,BB_Stk,0.58,0.45,0.99,0.45,0.33,0.72,0.85,1.07,1.19,0.59
2123000,7,SS_Tub,0.19,0.58,0.99,0.29,0.34,0.69,0.79,1.09,1.19,0.56
2123075,1,SS_Tub,0.63,0.67,0.99,0.57,0.39,0.99,0.85,0.98,1.17,0.67
2123075,2,Pk_Tub,0.66,0.59,1.08,0.57,0.45,0.93,0.85,0.98,1.17,0.59
2123075,3,SS_Tub,0.63,0.59,1.08,0.57,0.33,0.93,0.85,1.09,1.19,0.33
2123075,4,SS_Tub,0.63,0.59,1.08,0.57,0.36,0.93,0.85,1.09,1.19,0.59
2123075,5,Hse_Stk,0.63,0.6,1.08,0.57,0.36,0.96,0.85,1.09,1.19,0.59
2123075,6,SS_Tub,0.62,0.61,0.99,0.57,0.36,0.75,0.85,1.09,1.19,0.58
2123075,7,BB_Stk,0.62,0.61,0.99,0.45,0.33,0.75,0.85,1.09,1.19,0.59
2123075,8,Gen_Stk,0.58,0.61,0.99,0.45,0.33,0.75,0.85,1.09,1.19,0.59
2123075,9,Pk_Stk,0.58,0.58,0.99,0.45,0.33,0.72,0.85,1.07,1.19,0.59
2123075,10,Pk_Stk,0.58,0.45,0.99,0.45,0.33,0.72,0.85,1.07,1.19,0.59
2123075,11,SS_Tub,0.58,0.58,0.99,0.29,0.33,0.69,0.79,1.1,1.19,0.56
2123083,1,Pk_Stk,0.63,0.66,0.99,0.57,0.36,0.93,0.85,1.09,1.18,0.59
2123083,2,Pk_Stk,0.62,0.67,1.09,0.57,0.36,0.93,0.85,1.09,1.19,0.59
2123083,3,Gen_Stk,0.62,0.67,1.09,0.57,0.36,0.93,0.85,1.09,1.19,0.59
2123083,4,Pk_Stk,0.29,0.5,0.99,0.57,0.35,0.69,0.79,1.09,1.19,0.67
2123083,5,Pk_Stk,0.29,0.5,0.95,0.57,0.36,0.69,0.79,1.09,1.19,0.59
2123083,6,Pk_Stk,0.62,0.61,0.99,0.49,0.33,0.75,0.85,1.09,1.19,0.59
2123083,7,Pk_Stk,0.62,0.61,0.99,0.49,0.33,0.75,0.85,1.09,1.19,0.59
2123083,8,Pk_Stk,0.5,0.58,0.99,0.45,0.33,0.72,0.85,1.07,1.19,0.59
2123083,9,Pk_Stk,0.5,0.5,0.99,0.45,0.34,0.72,0.85,1.08,1.19,0.74
2123083,10,Pk_Stk,0.5,0.5,0.99,0.45,0.33,0.72,0.85,1.07,1.19,0.59
2123083,11,Hse_Stk,0.58,0.45,0.99,0.45,0.34,0.72,0.85,1.07,1.19,0.59
2123083,12,Hse_Stk,0.58,0.58,0.99,0.29,0.33,0.69,0.79,1.07,1.19,0.54
2123091,1,SS_Tub,0.63,0.68,1.08,0.57,0.49,0.79,0.85,0.98,1.17,0.59
2123091,2,Imp_Stk,0.63,0.59,1.08,0.57,0.33,0.75,0.85,0.98,1.17,0.59
2123091,3,SS_Tub,0.63,0.59,1.08,0.57,0.45,0.93,0.85,0.98,1.17,0.59
2123091,4,SS_Tub,0.19,0.59,1.08,0.57,0.42,1.03,0.85,1.09,1.19,0.6
2123091,5,Hse_Stk,0.62,0.5,1.13,0.57,0.36,0.93,0.85,1.16,1.19,0.59
2123091,6,Hse_Stk,0.62,0.61,0.99,0.49,0.33,0.75,0.85,1.09,1.19,0.59
2123091,7,Gen_Stk,0.62,0.61,0.99,0.45,0.33,0.75,0.85,1.09,1.19,0.59
2123091,8,Gen_Stk,0.58,0.45,0.99,0.45,0.33,0.72,0.85,1.07,1.19,0.59
2123091,9,Gen_Stk,0.29,0.5,0.99,0.29,0.33,0.69,0.79,1.09,1.19,0.56
2123133,1,BB_Stk,0.62,0.29,1.09,0.57,0.36,0.93,0.85,1.09,1.19,0.59
2123133,2,Pk_Stk,0.29,0.5,0.99,0.57,0.35,0.69,0.79,1.09,1.19,0.67
2123133,3,BB_Stk,0.62,0.5,0.99,0.31,0.36,0.75,0.85,1.1,1.19,0.59
2123133,4,SS_Tub,0.62,0.5,0.99,0.31,0.36,0.75,0.85,1.1,1.19,0.59
2123133,5,Pk_Stk,0.62,0.5,0.99,0.49,0.33,0.75,0.85,1.09,1.19,0.59
2123133,6,BB_Stk,0.62,0.61,0.99,0.45,0.33,0.75,0.85,1.09,1.19,0.59
2123133,7,BB_Stk,0.58,0.45,0.99,0.45,0.33,0.72,0.85,1.07,1.19,0.59
2123133,8,Pk_Stk,0.29,0.51,0.99,0.33,0.33,0.72,0.85,1.07,1.21,0.59
2123133,9,Pk_Stk,0.29,0.5,0.99,0.29,0.34,0.69,0.79,1.09,1.19,0.56
2123133,10,Pk_Stk,0.29,0.5,0.99,0.29,0.34,0.69,0.79,1.09,1.19,0.56
2123158,1,BB_Stk,0.58,0.45,0.99,0.45,0.33,0.72,0.85,1.07,1.19,0.59
2123158,2,Pk_Tub,0.58,0.45,0.99,0.45,0.33,0.72,0.85,1.07,1.19,0.59
2123158,3,BB_Stk,0.58,0.45,0.99,0.45,0.33,0.72,0.85,1.07,1.19,0.59
2123158,4,Hse_Stk,0.58,0.65,0.99,0.25,0.34,0.72,0.85,1.07,1.19,0.59
2123190,1,BB_Stk,0.62,0.29,1.09,0.57,0.36,0.93,0.85,1.1,1.19,0.59
2123190,2,Pk_Stk,0.29,0.5,0.99,0.57,0.33,0.84,0.84,1.09,1.2,0.59
2123190,3,Gen_Stk,0.62,0.5,0.99,0.57,0.36,0.76,0.85,1.09,1.19,0.61
2123190,4,Pk_Stk,0.62,0.61,0.99,0.49,0.34,0.75,0.85,1.09,1.19,0.59
2123190,5,BB_Stk,0.62,0.61,0.99,0.49,0.33,0.75,0.85,1.09,1.19,0.59
2123190,6,BB_Stk,0.62,0.61,0.99,0.45,0.34,0.75,0.85,1.09,1.19,0.59
2123190,7,Hse_Stk,0.58,0.45,0.99,0.45,0.33,0.72,0.85,1.07,1.19,0.59
2123190,8,Hse_Stk,0.58,0.45,0.99,0.45,0.33,0.79,0.89,1.09,1.19,0.68
2123190,9,Fl_Tub,0.58,0.25,0.99,0.29,0.34,0.72,0.65,1.07,1.19,0.59
2123208,1,Pk_Stk,0.63,0.67,1.09,0.57,0.33,0.75,0.85,0.98,1.17,0.51
2123208,2,Pk_Tub,0.63,0.67,1.09,0.57,0.45,0.92,0.85,0.98,1.17,0.59
2123208,3,Pk_Stk,0.66,0.5,1.09,0.57,0.33,0.93,0.85,1.09,1.19,0.59
2123208,4,Pk_Tub,0.58,0.25,0.99,0.29,0.34,0.72,0.85,1.07,1.19,0.59
2123208,5,Pk_Tub,0.39,0.58,0.99,0.29,0.33,0.69,0.79,1.09,1.19,0.56
2123216,1,Gen_Stk,0.67,0.68,1.12,0.57,0.49,0.93,0.85,0.98,1.24,1.04
2123216,2,Gen_Stk,0.63,0.59,0.99,0.57,0.49,0.79,0.85,0.98,1.26,1.05
2123216,3,Gen_Stk,0.63,0.67,1.09,0.57,0.33,0.88,0.85,0.98,1.17,0.59
2123216,4,Hse_Stk,0.62,0.61,1.09,0.28,0.36,0.75,0.85,1.09,1.19,0.59
2123216,5,Pk_Stk,0.29,0.5,0.99,0.3,0.33,0.72,0.85,1.07,1.19,0.59
2123257,1,Fl_Stk,0.62,0.67,1.09,0.57,0.36,0.93,0.85,1.09,1.19,0.59
2123257,2,Fl_Stk,0.62,0.61,1.09,0.29,0.33,0.93,0.85,1.09,1.19,0.59
2123257,3,Fl_Stk,0.62,0.61,0.99,0.57,0.36,0.77,0.85,1.09,1.19,0.59
2123257,4,Fl_Stk,0.62,0.61,0.99,0.49,0.33,0.75,0.85,1.09,1.19,0.59
2123257,5,Fl_Stk,0.58,0.58,0.99,0.45,0.33,0.72,0.65,1.07,1.19,0.59
2123257,6,Fl_Stk,0.58,0.45,0.99,0.45,0.33,0.72,0.65,1.07,1.19,0.59
2123257,7,Pk_Stk,0.19,0.58,0.99,0.29,0.33,0.69,0.79,1.12,1.19,0.56
2123257,8,Pk_Stk,0.19,0.58,0.99,0.29,0.34,0.69,0.79,1.09,1.19,0.56
2123356,1,SS_Tub,0.66,0.67,1.09,0.57,0.33,0.93,0.75,1.09,1.19,0.5
2123356,2,Pk_Stk,0.66,0.67,1.09,0.57,0.33,0.93,0.85,1.09,1.19,0.5
2123356,3,BB_Stk,0.66,0.5,1.09,0.57,0.33,0.93,0.85,1.09,1.19,0.59
2123356,4,Pk_Stk,0.19,0.5,1.09,0.57,0.36,0.93,0.85,1.09,1.19,0.59
2123356,5,Pk_Stk,0.19,0.67,1.09,0.57,0.36,0.93,0.85,1.09,1.19,0.33
2123356,6,Pk_Stk,0.5,0.5,1.09,0.57,0.36,0.93,0.85,1.09,1.19,0.33
2123356,7,Pk_Stk,0.29,0.67,1.09,0.57,0.33,0.93,0.85,1.09,1.19,0.33
2123356,8,Pk_Stk,0.63,0.67,1.09,0.57,0.36,0.93,0.85,1.09,1.19,0.59
2123356,9,Pk_Stk,0.63,0.67,1.09,0.57,0.36,0.93,0.85,1.09,1.19,0.59
2123356,10,Pk_Stk,0.62,0.29,1.09,0.57,0.36,0.93,0.85,1.09,1.19,0.59
2123356,11,Pk_Stk,0.29,0.28,0.95,0.58,0.36,0.63,0.79,1.09,1.19,0.59
2123356,12,Pk_Stk,0.58,0.58,0.99,0.29,0.33,0.69,0.8,1.07,1.19,0.56
2123356,13,Pk_Stk,0.29,0.5,0.99,0.29,0.33,0.69,0.79,1.09,1.19,0.56
2123398,1,Pk_Stk,0.67,0.71,1.08,0.39,0.49,0.82,0.88,1.08,1.17,0.5
2123398,2,SS_Tub,0.66,0.67,0.99,0.57,0.49,0.83,0.85,0.98,1.17,0.5
2123398,3,Pk_Stk,0.58,0.58,0.99,0.29,0.25,0.72,0.85,1.07,1.19,0.59
2123422,1,Gen_Stk,0.66,0.67,1.09,0.57,0.36,0.93,0.85,1.09,1.19,0.33
2123422,2,Gen_Stk,0.66,0.67,1.09,0.57,0.36,0.93,0.85,1.09,1.19,0.33
2123422,3,Pk_Stk,0.63,0.67,1.09,0.57,0.33,0.93,0.85,1.09,1.19,0.33
2123422,4,Pk_Stk,0.29,0.67,1.09,0.57,0.34,0.93,0.85,1.09,1.19,0.33
2123422,5,Pk_Stk,0.63,0.7,0.99,0.57,0.36,0.93,0.85,1.09,1.19,0.89
2123422,6,Pk_Stk,0.63,0.7,0.99,0.57,0.36,0.93,0.85,1.09,1.19,0.89
2123422,7,Pk_Stk,0.63,0.67,0.99,0.57,0.36,1.03,0.85,1.09,1.19,0.37
2123422,8,Pk_Stk,0.62,0.5,1.09,0.57,0.36,0.93,0.85,1.09,1.19,0.59
2123422,9,BB_Stk,0.62,0.29,1.09,0.57,0.36,0.93,0.85,1.09,1.19,0.59
2123422,10,Pk_Stk,0.62,0.5,1.09,0.57,0.33,1.02,0.85,1.09,1.19,0.59
2123422,11,Pk_Stk,0.62,0.61,1.09,0.57,0.36,0.69,0.85,1.09,1.19,0.59
2123422,12,Hse_Stk,0.62,0.61,1.09,0.29,0.36,0.75,0.85,1.09,1.19,0.59
2123422,13,Pk_Stk,0.62,0.61,0.99,0.57,0.36,0.75,0.85,1.09,1.19,0.59
2123422,14,Pk_Tub,0.62,0.61,0.99,0.45,0.33,0.75,0.85,1.09,1.19,0.59
2123422,15,Pk_Stk,0.62,0.61,0.99,0.45,0.33,0.75,0.85,1.09,1.19,0.59
2123422,16,Pk_Stk,0.25,0.61,0.99,0.45,0.33,0.75,0.85,1.09,1.19,0.59
2123422,17,Fl_Tub,0.25,0.61,0.99,0.45,0.33,0.75,0.85,1.09,1.19,0.59
2123422,18,Pk_Stk,0.5,0.58,0.99,0.45,0.33,0.72,0.85,1.07,1.19,0.59
2123422,19,Pk_Stk,0.5,0.58,0.99,0.19,0.33,0.72,0.85,1.07,1.19,0.59
2123422,20,Hse_Stk,0.58,0.58,0.99,0.45,0.33,0.72,0.85,1.07,1.19,0.59
2123422,21,Hse_Stk,0.58,0.45,0.99,0.25,0.33,0.72,0.85,1.07,1.19,0.59
2123422,22,Pk_Stk,0.29,0.51,0.99,0.29,0.33,0.72,0.85,1.07,1.19,0.59
2123422,23,Hse_Stk,0.19,0.47,0.99,0.29,0.34,0.69,0.79,1.07,1.19,0.56
2123422,24,Imp_Stk,0.19,0.47,0.99,0.29,0.34,0.69,0.79,1.07,1.19,0.56
2123422,25,BB_Stk,0.39,0.19,0.99,0.29,0.34,0.69,0.79,1.07,1.19,0.56
2123430,1,Pk_Stk,0.29,0.5,0.99,0.33,0.33,0.72,0.85,1.07,1.19,0.59
2123554,1,Fl_Stk,0.63,0.67,0.99,0.57,0.39,0.78,0.88,1.08,1.17,0.5
2123554,2,Fl_Stk,0.63,0.67,0.99,0.39,0.39,0.78,0.88,1.08,1.17,0.5
2123554,3,BB_Stk,0.67,0.67,1.08,0.57,0.39,0.75,0.79,0.98,1.17,0.53
2123554,4,BB_Stk,0.67,0.67,1.08,0.57,0.39,0.83,0.85,0.99,1.17,0.5
2123554,5,Imp_Stk,0.66,0.67,0.99,0.57,0.49,0.83,0.85,0.98,1.17,0.5
2123554,6,Fl_Stk,0.67,0.58,1.08,0.57,0.49,1.12,0.85,0.98,1.27,0.88
2123554,7,Fl_Stk,0.63,0.59,0.99,0.57,0.49,0.79,0.6,0.98,1.17,0.59
2123554,8,BB_Stk,0.66,0.5,1.09,0.57,0.33,0.93,0.85,1.09,1.19,0.59
2123554,9,Fl_Stk,0.62,0.61,1.09,0.57,0.33,0.84,0.84,1.09,1.2,0.59
2123554,10,Fl_Stk,0.29,0.51,0.99,0.33,0.33,0.72,0.85,1.07,1.21,0.59
2123554,11,Fl_Stk,0.58,0.58,0.99,0.33,0.33,0.72,0.85,1.07,1.19,0.55
2123661,1,Pk_Stk,0.29,0.32,0.99,0.64,0.34,0.58,0.79,1.09,1.19,0.64
2123661,2,Pk_Stk,0.62,0.5,0.99,0.55,0.36,0.75,0.85,1.09,1.19,0.59
2123661,3,BB_Stk,0.62,0.61,0.99,0.45,0.33,0.75,0.85,1.09,1.19,0.59
2123661,4,BB_Stk,0.58,0.45,0.99,0.45,0.33,0.72,0.85,1.07,1.19,0.59
2123661,5,Pk_Stk,0.19,0.58,0.99,0.29,0.33,0.69,0.79,1.12,1.19,0.56
2123661,6,Pk_Stk,0.19,0.46,0.99,0.29,0.33,0.69,0.79,1.07,1.19,0.56
2123661,7,BB_Stk,0.58,0.19,0.99,0.29,0.34,0.69,0.79,1.07,1.19,0.56
2123844,1,Pk_Stk,0.19,0.58,0.99,0.29,0.33,0.69,0.79,1.08,1.19,0.56
2123968,1,Hse_Stk,0.63,0.67,1.08,0.57,0.33,0.93,0.85,1.09,1.19,0.33
2123968,2,BB_Stk,0.5,0.5,0.99,0.45,0.33,0.78,0.91,1.07,1.19,0.78
2123968,3,Pk_Stk,0.58,0.58,0.99,0.33,0.33,0.72,0.85,1.07,1.19,0.55
2124057,1,Pk_Stk,0.63,0.67,0.99,0.57,0.36,1.03,0.85,1.09,1.19,0.37
2124057,2,SS_Tub,0.62,0.61,0.99,0.49,0.33,0.75,0.85,1.09,1.19,0.59
2124057,3,Pk_Stk,0.25,0.61,0.99,0.45,0.33,0.75,0.85,1.09,1.19,0.59
2124057,4,SS_Tub,0.5,0.58,0.99,0.45,0.33,0.72,0.85,1.07,1.19,0.59
2124099,1,Pk_Stk,0.62,0.5,0.99,0.55,0.36,0.75,0.85,1.09,1.19,0.59
2124099,2,Pk_Stk,0.62,0.61,0.99,0.49,0.33,0.75,0.85,1.09,1.19,0.59
2124099,3,BB_Stk,0.62,0.61,0.99,0.45,0.33,0.75,0.85,1.09,1.19,0.59
2124099,4,BB_Stk,0.62,0.61,0.99,0.45,0.33,0.75,0.85,1.09,1.19,0.59
2124099,5,Hse_Stk,0.62,0.61,0.99,0.45,0.33,0.75,0.85,1.09,1.19,0.59
2124099,6,BB_Stk,0.58,0.45,0.99,0.45,0.33,0.72,0.85,1.07,1.19,0.59
2124099,7,Hse_Stk,0.58,0.65,0.99,0.25,0.34,0.72,0.85,1.07,1.19,0.59
2124115,1,Pk_Stk,0.29,0.67,1.09,0.57,0.33,0.93,0.85,1.09,1.19,0.33
2124115,2,Hse_Stk,0.62,0.61,0.99,0.45,0.34,0.75,0.85,1.09,1.19,0.59
2124115,3,Pk_Stk,0.25,0.61,0.99,0.45,0.33,0.75,0.85,1.09,1.19,0.59
2124115,4,Pk_Stk,0.5,0.61,0.99,0.45,0.33,0.75,0.85,1.09,1.19,0.59
2124115,5,Pk_Stk,0.29,0.51,0.99,0.29,0.33,0.72,0.85,1.07,1.19,0.59
2124115,6,Pk_Stk,0.58,0.58,0.99,0.29,0.33,0.69,0.8,1.07,1.19,0.56
2124115,7,Hse_Stk,0.39,0.58,0.99,0.29,0.34,0.69,0.79,1.07,1.19,0.56
2124164,1,Pk_Stk,0.63,0.59,1.08,0.57,0.39,0.93,0.85,0.98,1.17,0.59
2124164,2,Pk_Stk,0.63,0.59,1.08,0.57,0.45,0.93,0.85,0.98,1.17,0.59
2124164,3,BB_Stk,0.63,0.59,1.08,0.57,0.33,0.93,0.85,1.09,1.19,0.33
2124164,4,Pk_Stk,0.62,0.59,1.09,0.57,0.36,0.93,0.87,1.09,1.24,0.65
2124164,5,BB_Stk,0.62,0.5,1.09,0.58,0.34,1.07,0.85,1.1,1.19,0.63
2124164,6,Pk_Stk,0.62,0.61,0.99,0.57,0.36,0.75,0.85,1.09,1.19,0.59
2124164,7,BB_Stk,0.62,0.61,0.99,0.45,0.33,0.75,0.85,1.09,1.19,0.59
2124164,8,Pk_Stk,0.25,0.61,0.99,0.45,0.33,0.75,0.85,1.09,1.19,0.59
2124164,9,BB_Stk,0.5,0.58,0.99,0.45,0.33,0.72,0.85,1.07,1.19,0.59
2124164,10,BB_Stk,0.58,0.45,0.99,0.45,0.33,0.72,0.85,1.07,1.19,0.59
2124164,11,Pk_Stk,0.58,0.58,0.99,0.29,0.34,0.72,0.85,1.07,1.19,0.59
2124164,12,BB_Stk,0.58,0.58,0.99,0.29,0.33,0.69,0.79,1.08,1.19,0.56
2124164,13,BB_Stk,0.58,0.58,0.99,0.29,0.33,0.69,0.79,1.1,1.19,0.56
2124164,14,Pk_Stk,0.19,0.58,0.99,0.29,0.34,0.69,0.79,1.11,1.19,0.56
2124164,15,Pk_Stk,0.29,0.5,0.99,0.29,0.33,0.69,0.79,1.09,1.19,0.56
2124164,16,BB_Stk,0.58,0.19,0.99,0.29,0.34,0.69,0.79,1.07,1.19,0.56
2124164,17,BB_Stk,0.58,0.58,0.99,0.29,0.34,0.69,0.79,1.07,1.19,0.56
2124248,1,Pk_Tub,0.63,0.59,0.99,0.57,0.49,0.79,0.85,0.98,1.17,0.59
2124248,2,Gen_Stk,0.63,0.59,0.99,0.57,0.49,0.79,0.85,0.98,1.17,0.59
2124248,3,Gen_Stk,0.63,0.59,1.08,0.57,0.33,0.93,0.85,0.98,1.17,0.59
2124248,4,Gen_Stk,0.66,0.59,1.11,0.57,0.33,0.96,0.85,1.09,1.19,0.59
2124248,5,SS_Tub,0.66,0.59,1.08,0.57,0.33,1.01,0.85,1.14,1.19,0.59
2124248,6,Pk_Stk,0.29,0.59,1.08,0.57,0.34,0.93,0.85,1.09,1.19,0.33
2124248,7,Hse_Stk,0.58,0.25,0.99,0.45,0.33,0.72,0.85,1.07,1.19,0.59
2124248,8,Hse_Stk,0.58,0.25,0.99,0.29,0.33,0.72,0.85,1.07,1.19,0.59
2124248,9,Hse_Stk,0.39,0.58,0.99,0.29,0.33,0.69,0.79,1.09,1.19,0.56
2124248,10,Hse_Stk,0.39,0.55,0.99,0.29,0.33,0.69,0.79,1.09,1.19,0.56
2124420,1,Pk_Tub,0.62,0.61,1.09,0.57,0.34,1.07,0.85,1.09,1.19,0.59
2124420,2,Pk_Tub,0.62,0.61,0.99,0.57,0.36,0.75,0.85,1.09,1.19,0.58
2124420,3,SS_Tub,0.62,0.61,0.99,0.57,0.36,0.76,0.85,1.09,1.19,0.59
2124420,4,BB_Stk,0.62,0.61,0.99,0.45,0.33,0.75,0.85,1.09,1.19,0.59
2124420,5,BB_Stk,0.62,0.61,0.99,0.45,0.33,0.75,0.85,1.09,1.19,0.59
2124420,6,Fl_Tub,0.58,0.58,0.99,0.45,0.33,0.72,0.65,1.07,1.19,0.59
2124420,7,BB_Stk,0.58,0.25,0.99,0.45,0.33,0.72,0.85,1.07,1.19,0.59
2124420,8,Fl_Tub,0.58,0.19,0.99,0.29,0.34,0.69,0.79,1.07,1.19,0.56
2124420,9,BB_Stk,0.58,0.19,0.99,0.29,0.34,0.69,0.79,1.07,1.19,0.56
2124420,10,SS_Tub,0.58,0.19,0.99,0.29,0.34,0.69,0.79,1.07,1.19,0.56
2124594,1,Pk_Stk,0.33,0.71,1.08,0.39,0.39,0.76,0.85,0.98,1.17,0.59
2124594,2,Pk_Stk,0.66,0.59,0.99,0.57,0.33,0.93,0.85,1.09,1.19,0.59
2124594,3,Pk_Stk,0.66,0.59,0.99,0.57,0.36,0.93,0.85,1.09,1.19,0.33
2124594,4,Pk_Stk,0.62,0.61,0.99,0.47,0.33,0.75,0.85,1.09,1.19,0.59
2124594,5,Pk_Stk,0.62,0.61,0.99,0.45,0.33,0.75,0.85,1.09,1.19,0.59
2124594,6,Pk_Stk,0.5,0.58,0.99,0.45,0.33,0.72,0.85,1.07,1.19,0.59
2124594,7,Pk_Stk,0.19,0.58,0.99,0.29,0.33,0.69,0.79,1.12,1.19,0.56
2124750,1,Gen_Stk,0.63,0.67,0.99,0.57,0.36,0.93,0.85,1.09,1.19,0.58
2124750,2,Pk_Stk,0.29,0.5,0.99,0.57,0.36,0.69,0.79,1.09,1.19,0.59
2124750,3,Hse_Stk,0.62,0.61,1.09,0.29,0.36,0.75,0.85,1.09,1.19,0.58
2124750,4,Gen_Stk,0.25,0.39,0.99,0.45,0.33,0.75,0.85,1.09,1.19,0.59
2124750,5,Gen_Stk,0.58,0.39,0.99,0.45,0.33,0.72,0.85,1.07,1.19,0.59
2124750,6,Hse_Stk,0.58,0.58,0.99,0.33,0.34,0.72,0.85,1.07,1.19,0.59
2124750,7,Pk_Stk,0.19,0.58,0.99,0.29,0.33,0.69,0.79,1.12,1.19,0.56
2124750,8,Hse_Stk,0.39,0.58,0.99,0.29,0.34,0.69,0.79,1.07,1.19,0.56
2124891,1,Hse_Stk,0.62,0.61,0.99,0.45,0.34,0.75,0.85,1.09,1.19,0.59
2124891,2,BB_Stk,0.58,0.39,0.99,0.45,0.33,0.75,0.85,1.09,1.19,0.59
2124891,3,Gen_Stk,0.25,0.61,0.99,0.45,0.33,0.75,0.85,1.09,1.19,0.59
2124891,4,BB_Stk,0.5,0.39,0.99,0.45,0.33,0.72,0.85,1.07,1.19,0.59
2124891,5,BB_Stk,0.58,0.39,0.99,0.45,0.33,0.72,0.85,1.07,1.19,0.59
2124891,6,Hse_Stk,0.58,0.58,0.99,0.29,0.25,0.72,0.85,1.07,1.19,0.59
2125005,1,SS_Tub,0.67,0.67,1.08,0.57,0.49,0.83,0.85,0.98,1.17,0.59
2125005,2,Pk_Stk,0.63,0.67,1.09,0.57,0.33,0.9,0.85,0.98,1.17,0.5
2125005,3,Pk_Tub,0.63,0.67,1.09,0.57,0.39,0.93,0.85,0.98,1.17,0.59
2125005,4,Pk_Tub,0.58,0.25,0.99,0.29,0.33,0.7,0.85,1.07,1.19,0.57
2125005,5,Pk_Stk,0.58,0.25,0.99,0.29,0.33,0.7,0.85,1.07,1.19,0.57
2125005,6,BB_Stk,0.58,0.58,0.99,0.29,0.33,0.69,0.79,1.07,1.19,0.56
2125047,1,Hse_Stk,0.67,0.67,1.08,0.39,0.39,0.78,0.88,1.08,1.17,0.5
2125047,2,Hse_Stk,0.67,0.67,1.08,0.39,0.39,0.78,0.88,1.08,1.17,0.5
2125047,3,Pk_Stk,0.34,0.72,1.08,0.39,0.39,0.78,0.84,1.0,1.17,0.59
2125047,4,Hse_Stk,0.67,0.67,1.08,0.57,0.49,0.83,0.85,0.98,1.17,0.5
2125047,5,Pk_Stk,0.66,0.67,0.99,0.57,0.49,0.83,0.85,0.98,1.17,0.5
2125047,6,Hse_Stk,0.63,0.67,0.99,0.57,0.53,0.93,0.85,0.98,1.17,0.5
2125047,7,Hse_Stk,0.63,0.67,0.99,0.57,0.49,0.93,0.85,0.98,1.17,0.59
2125047,8,Hse_Stk,0.63,0.67,0.99,0.57,0.49,0.93,0.85,0.98,1.17,0.59
2125047,9,Pk_Stk,0.63,0.67,1.08,0.57,0.33,0.93,0.85,0.98,1.17,0.59
2125047,10,Pk_Stk,0.29,0.5,0.99,0.57,0.35,0.69,0.79,1.09,1.19,0.67
2125047,11,Hse_Stk,0.62,0.5,1.09,0.57,0.34,0.93,0.85,1.09,1.19,0.59
2125047,12,Hse_Stk,0.62,0.61,0.99,0.49,0.33,0.75,0.85,1.09,1.19,0.59
2125047,13,Pk_Stk,0.5,0.58,0.99,0.45,0.33,0.72,0.85,1.07,1.19,0.59
2125047,14,Hse_Stk,0.58,0.58,0.99,0.45,0.34,0.72,0.85,1.07,1.19,0.59
2125047,15,Hse_Stk,0.58,0.5,0.99,0.29,0.46,0.83,0.79,1.07,1.19,0.56
2125302,1,Pk_Stk,0.29,0.32,0.99,0.64,0.34,0.58,0.79,1.09,1.19,0.64
2125302,2,Hse_Stk,0.62,0.5,0.99,0.28,0.36,0.75,0.85,1.09,1.19,0.59
2125302,3,Pk_Stk,0.46,0.61,0.99,0.45,0.33,0.75,0.85,1.09,1.19,0.59
2125302,4,Gen_Stk,0.58,0.58,0.99,0.45,0.33,0.72,0.85,1.07,1.19,0.59
2125302,5,Hse_Stk,0.58,0.53,0.99,0.33,0.33,0.72,0.85,1.07,1.18,0.59
2125302,6,BB_Stk,0.58,0.25,0.99,0.29,0.33,0.7,0.89,1.07,1.2,0.62
2125302,7,Pk_Stk,0.19,0.58,0.99,0.29,0.33,0.69,0.79,1.12,1.19,0.56
2125302,8,Pk_Stk,0.19,0.58,0.99,0.29,0.34,0.69,0.79,1.09,1.19,0.56
2125310,1,Pk_Stk,0.33,0.71,1.08,0.39,0.39,0.76,0.85,0.98,1.17,0.59
2125310,2,Fl_Stk,0.63,0.59,0.99,0.57,0.45,0.93,0.85,0.98,1.18,0.59
2125310,3,Pk_Stk,0.46,0.61,0.99,0.45,0.33,0.75,0.85,1.09,1.19,0.59
2125310,4,BB_Stk,0.58,0.45,0.99,0.45,0.33,0.72,0.85,1.07,1.19,0.59
2125310,5,BB_Stk,0.58,0.19,0.99,0.29,0.34,0.69,0.79,1.07,1.19,0.56
2125385,1,Pk_Tub,0.63,0.67,1.08,0.57,0.49,0.79,0.85,0.98,1.17,0.5
2125385,2,Pk_Tub,0.63,0.67,0.99,0.57,0.39,0.93,0.85,0.98,1.17,0.5
2125385,3,Pk_Tub,0.63,0.67,1.09,0.57,0.39,0.93,0.85,0.98,1.17,0.5
2125385,4,Pk_Tub,0.66,0.67,1.09,0.57,0.33,0.93,0.85,1.09,1.19,0.5
2125385,5,Pk_Tub,0.66,0.67,1.09,0.57,0.36,0.93,0.85,1.09,1.19,0.33
2125385,6,Pk_Tub,0.62,0.29,1.09,0.57,0.36,0.93,0.85,1.09,1.19,0.59
2125385,7,Pk_Tub,0.29,0.28,0.95,0.58,0.36,0.63,0.79,1.09,1.19,0.59
2125385,8,Pk_Tub,0.62,0.76,1.09,0.57,0.33,0.89,0.85,1.09,1.18,0.59
2125385,9,Pk_Tub,0.62,0.61,0.99,0.36,0.36,0.76,0.85,1.09,1.19,0.59
2125385,10,Imp_Stk,0.5,0.58,0.99,0.45,0.33,0.72,0.85,1.07,1.19,0.59
2125385,11,Fl_Stk,0.58,0.58,0.99,0.45,0.33,0.72,0.85,1.07,1.19,0.59
2125385,12,Fl_Stk,0.58,0.44,0.99,0.45,0.33,0.72,0.85,1.07,1.19,0.59
2125401,1,Pk_Tub,0.29,0.67,1.09,0.57,0.36,0.93,0.85,1.09,1.19,0.33
2125401,2,Pk_Stk,0.29,0.5,0.99,0.57,0.36,0.69,0.79,1.09,1.19,0.59
2125401,3,Pk_Stk,0.62,0.5,1.09,0.58,0.34,1.07,0.85,1.1,1.19,0.63
2125401,4,Pk_Stk,0.62,0.61,0.99,0.45,0.33,0.75,0.85,1.09,1.19,0.59
2125401,5,BB_Stk,0.62,0.61,0.99,0.45,0.33,0.75,0.85,1.09,1.19,0.59
2125401,6,Pk_Stk,0.25,0.61,0.99,0.45,0.33,0.75,0.85,1.09,1.19,0.59
2125401,7,Pk_Stk,0.5,0.58,0.99,0.45,0.33,0.72,0.85,1.07,1.19,0.59
2125401,8,Pk_Stk,0.29,0.5,0.99,0.29,0.33,0.69,0.79,1.09,1.19,0.56
2125518,1,Pk_Stk,0.66,0.67,1.09,0.57,0.36,0.93,0.85,1.09,1.19,0.33
2125518,2,Pk_Tub,0.66,0.67,1.09,0.57,0.36,0.93,0.85,1.09,1.19,0.33
2125518,3,SS_Tub,0.63,0.67,1.08,0.57,0.36,0.93,0.85,1.09,1.19,0.59
2125518,4,Pk_Stk,0.62,0.5,1.09,0.57,0.36,0.93,0.85,1.09,1.19,0.59
2125518,5,Pk_Tub,0.62,0.5,1.09,0.57,0.33,0.93,0.85,1.09,1.19,0.59
2125518,6,BB_Stk,0.19,0.5,0.99,0.29,0.33,0.69,0.79,1.07,1.19,0.56
2125518,7,BB_Stk,0.58,0.19,0.99,0.29,0.34,0.69,0.79,1.07,1.19,0.56
2125658,1,Pk_Stk,0.66,0.67,1.09,0.57,0.33,0.93,0.85,1.09,1.19,0.59
2125658,2,Pk_Stk,0.66,0.67,1.09,0.57,0.33,0.93,0.85,1.09,1.19,0.59
2125658,3,Pk_Stk,0.19,0.67,1.09,0.57,0.36,0.93,0.85,1.09,1.19,0.59
2125658,4,Pk_Stk,0.29,0.67,1.09,0.57,0.35,0.93,0.85,1.09,1.19,0.33
2125682,1,BB_Stk,0.66,0.67,1.09,0.57,0.33,0.93,0.85,1.09,1.19,0.5
2125682,2,BB_Stk,0.66,0.67,1.09,0.57,0.36,0.93,0.85,1.09,1.19,0.33
2125682,3,BB_Stk,0.66,0.67,1.09,0.57,0.36,0.93,0.85,1.09,1.19,0.33
2125682,4,SS_Tub,0.66,0.67,1.09,0.57,0.33,0.93,0.85,1.09,1.19,0.33
2125682,5,Pk_Stk,0.29,0.67,1.09,0.57,0.33,0.93,0.85,1.09,1.19,0.49
2125682,6,Pk_Stk,0.63,0.66,1.09,0.57,0.36,0.93,0.85,1.09,1.19,0.59
2125682,7,SS_Tub,0.63,0.67,1.09,0.57,0.36,0.93,0.85,1.09,1.19,0.59
2125682,8,Pk_Stk,0.62,0.67,1.09,0.57,0.36,0.93,0.85,1.09,1.19,0.59
2125682,9,BB_Stk,0.62,0.29,1.09,0.57,0.36,0.93,0.85,1.09,1.19,0.59
2125682,10,SS_Tub,0.62,0.61,0.99,0.49,0.33,0.75,0.5,1.09,1.19,0.59
2125682,11,Pk_Stk,0.25,0.61,0.99,0.45,0.33,0.75,0.85,1.09,1.19,0.59
2125682,12,Pk_Stk,0.5,0.58,0.99,0.45,0.33,0.72,0.85,1.07,1.19,0.59
2125682,13,Pk_Stk,0.5,0.58,0.99,0.19,0.33,0.72,0.85,1.07,1.19,0.59
2125682,14,BB_Stk,0.58,0.25,0.99,0.45,0.25,0.72,0.85,1.07,1.19,0.59
2125682,15,Pk_Stk,0.29,0.5,0.99,0.33,0.25,0.72,0.85,1.07,1.19,0.59
2125682,16,BB_Stk,0.58,0.25,0.99,0.29,0.33,0.72,0.85,1.07,1.19,0.59
2125682,17,Pk_Stk,0.19,0.58,0.99,0.29,0.33,0.69,0.79,1.12,1.19,0.56
2125682,18,Pk_Stk,0.19,0.46,0.99,0.29,0.33,0.69,0.79,1.07,1.19,0.56
2125682,19,BB_Stk,0.58,0.19,0.99,0.29,0.33,0.69,0.79,1.07,1.19,0.56
2125708,1,Gen_Stk,0.63,0.67,0.99,0.57,0.39,0.99,0.85,0.98,1.17,0.67
2125708,2,Hse_Stk,0.58,0.56,0.99,0.33,0.33,0.72,0.85,1.07,1.19,0.59
2125765,1,Pk_Stk,0.62,0.5,0.99,0.55,0.36,0.75,0.85,1.09,1.19,0.59
2125765,2,SS_Tub,0.62,0.61,0.99,0.49,0.33,0.75,0.5,1.09,1.19,0.59
2125765,3,SS_Tub,0.62,0.61,0.99,0.45,0.33,0.75,0.85,1.09,1.19,0.59
2125765,4,SS_Tub,0.19,0.58,0.99,0.29,0.33,0.69,0.5,1.12,1.19,0.56
2125963,1,BB_Stk,0.62,0.61,0.99,0.49,0.33,0.75,0.85,1.09,1.19,0.59
2125963,2,Hse_Stk,0.62,0.61,0.99,0.45,0.33,0.75,0.85,1.09,1.19,0.59
2125963,3,Gen_Stk,0.58,0.45,0.99,0.25,0.33,0.72,0.85,1.07,1.19,0.59
2125963,4,Hse_Stk,0.58,0.58,0.99,0.33,0.33,0.72,0.85,1.07,1.19,0.59
2125963,5,Hse_Stk,0.58,0.58,0.99,0.29,0.33,0.69,0.79,1.07,1.19,0.56
2126078,1,Gen_Stk,0.63,0.67,1.09,0.57,0.45,0.93,0.85,0.98,1.17,0.5
2126078,2,Gen_Stk,0.63,0.67,1.09,0.57,0.45,0.93,0.85,0.98,1.17,0.5
2126078,3,Gen_Stk,0.62,0.5,1.09,0.57,0.36,0.93,0.85,1.09,1.19,0.59
2126078,4,Hse_Stk,0.58,0.45,0.99,0.45,0.33,0.72,0.85,1.07,1.19,0.59
2126078,5,Pk_Stk,0.29,0.5,0.99,0.33,0.25,0.72,0.85,1.07,1.19,0.59
2126078,6,Pk_Stk,0.19,0.58,0.99,0.29,0.34,0.69,0.79,1.09,1.19,0.56
2126078,7,Pk_Stk,0.19,0.46,0.99,0.29,0.33,0.69,0.79,1.07,1.19,0.56
2126086,1,Pk_Stk,0.67,0.58,1.08,0.57,0.49,2.3,0.85,0.98,1.17,0.59
2126086,2,Hse_Tub,0.63,0.67,1.0,0.57,0.36,0.93,0.85,1.09,1.19,0.59
2126086,3,Hse_Stk,0.58,0.65,0.99,0.25,0.34,0.72,0.85,1.07,1.19,0.59
2126110,1,SS_Tub,0.63,0.67,1.09,0.57,0.36,0.93,0.85,1.09,1.19,0.34
2126110,2,Pk_Stk,0.63,0.67,1.09,0.57,0.36,0.93,0.85,1.09,1.19,0.59
2126110,3,SS_Tub,0.62,0.61,0.99,0.49,0.33,0.75,0.85,1.09,1.19,0.59
2126110,4,Pk_Stk,0.62,0.61,0.99,0.49,0.33,0.75,0.85,1.09,1.19,0.59
2126110,5,SS_Tub,0.62,0.61,0.99,0.49,0.33,0.75,0.85,1.09,1.19,0.59
2126110,6,Pk_Stk,0.61,0.61,0.99,0.45,0.33,0.75,0.85,1.09,1.19,0.59
2126110,7,Pk_Stk,0.29,0.51,0.99,0.29,0.33,0.72,0.85,1.07,1.19,0.59
2126110,8,Pk_Stk,0.58,0.58,0.99,0.45,0.33,0.72,0.85,1.07,1.19,0.59
2126110,9,Pk_Stk,0.39,0.58,0.99,0.29,0.34,0.69,0.79,1.09,1.19,0.56
2126136,1,Pk_Stk,0.58,0.45,0.99,0.45,0.33,0.72,0.85,1.07,1.19,0.59
2126136,2,Pk_Tub,0.29,0.5,0.99,0.33,0.33,0.72,0.85,1.07,1.19,0.59
2126177,1,Pk_Stk,0.63,0.67,0.99,0.57,0.49,0.93,0.85,0.98,1.17,0.59
2126177,2,Pk_Stk,0.63,0.67,1.08,0.57,0.39,0.93,0.85,0.98,1.17,0.59
2126177,3,Pk_Stk,0.58,0.58,0.99,0.45,0.33,0.72,0.85,1.07,1.19,0.59
2126342,1,BB_Stk,0.62,0.61,0.99,0.45,0.33,0.75,0.85,1.18,1.19,0.59
2126342,2,Pk_Stk,0.5,0.39,0.99,0.45,0.33,0.72,0.85,1.07,1.19,0.59
2126342,3,Pk_Tub,0.58,0.58,0.99,0.45,0.33,0.72,0.85,1.07,1.19,0.59
2126342,4,Pk_Stk,0.58,0.5,0.99,0.33,0.33,0.72,0.85,1.07,1.19,0.59
2126342,5,Pk_Stk,0.29,0.5,0.99,0.33,0.33,0.72,0.85,1.07,1.19,0.59
2126342,6,Pk_Tub,0.58,0.25,0.99,0.29,0.34,0.72,0.85,1.07,1.19,0.59
2126342,7,Pk_Stk,0.19,0.58,0.99,0.29,0.33,0.69,0.79,1.12,1.19,0.56
2126342,8,Pk_Tub,0.39,0.5,0.99,0.29,0.33,0.69,0.79,1.07,1.19,0.56
2126391,1,Pk_Stk,0.63,0.67,1.08,0.57,0.36,0.93,0.85,1.09,1.19,0.59
2126391,2,Pk_Stk,0.62,0.5,0.99,0.57,0.33,0.75,0.85,1.09,1.19,0.59
2126391,3,BB_Stk,0.62,0.61,0.99,0.49,0.33,0.75,0.85,1.09,1.19,0.59
2126391,4,Pk_Stk,0.5,0.5,0.99,0.45,0.33,0.78,0.91,1.07,1.19,0.78
2126391,5,Hse_Stk,0.5,0.5,0.99,0.45,0.33,0.78,0.91,1.07,1.19,0.78
2126391,6,Pk_Stk,0.29,0.5,0.99,0.29,0.34,0.69,0.79,1.09,1.19,0.56
2126458,1,Pk_Stk,0.29,0.67,1.09,0.57,0.36,0.93,0.85,1.09,1.19,0.33
2126458,2,BB_Stk,0.62,0.29,1.09,0.57,0.36,0.94,0.85,1.09,1.19,0.59
2126458,3,Hse_Stk,0.58,0.58,0.99,0.29,0.33,0.72,0.85,1.07,1.19,0.59
2126458,4,Pk_Stk,0.29,0.5,0.99,0.33,0.33,0.72,0.85,1.07,1.19,0.59
2126458,5,BB_Stk,0.58,0.25,0.99,0.29,0.34,0.72,0.85,1.07,1.19,0.59
2126458,6,BB_Stk,0.39,0.19,0.99,0.29,0.34,0.69,0.79,1.07,1.19,0.56
2126490,1,Gen_Stk,0.63,0.67,0.99,0.57,0.49,0.77,0.88,1.08,1.17,0.5
2126490,2,Pk_Stk,0.29,0.59,1.08,0.57,0.36,0.93,0.85,1.09,1.19,0.47
2126490,3,Pk_Stk,0.29,0.5,0.99,0.29,0.33,0.69,0.79,1.09,1.19,0.56
2126508,1,Pk_Stk,0.5,0.58,0.99,0.45,0.33,0.72,0.85,1.07,1.19,0.59
2126508,2,Pk_Stk,0.58,0.45,0.99,0.45,0.33,0.72,0.85,1.07,1.19,0.59
2126508,3,Fl_Tub,0.58,0.45,0.99,0.45,0.33,0.72,0.85,1.07,1.19,0.59
2126508,4,Pk_Stk,0.58,0.45,0.99,0.45,0.33,0.72,0.85,1.07,1.19,0.59
2126722,1,Pk_Stk,0.66,0.45,1.08,0.57,0.36,0.93,0.85,1.09,1.19,0.33
2126722,2,Pk_Stk,0.63,0.59,1.08,0.57,0.33,0.93,0.85,1.09,1.19,0.33
2126722,3,Pk_Stk,0.63,0.59,1.08,0.57,0.36,0.93,0.85,1.09,1.19,0.47
2126722,4,Pk_Stk,0.63,0.6,1.08,0.57,0.36,0.96,0.85,1.09,1.19,0.59
2126722,5,Imp_Stk,0.62,0.5,1.13,0.57,0.36,0.93,0.85,1.16,1.19,0.59
2126722,6,BB_Stk,0.62,0.29,1.09,0.58,0.36,1.38,0.85,1.09,1.19,0.7
2126722,7,BB_Stk,0.62,0.5,1.09,0.58,0.34,1.07,0.85,1.1,1.19,0.63
2126722,8,Pk_Stk,0.62,0.61,0.99,0.57,0.36,0.76,0.85,1.09,1.19,0.59
2126722,9,SS_Tub,0.62,0.61,0.99,0.57,0.36,0.75,0.85,1.09,1.19,0.59
2126722,10,Pk_Stk,0.62,0.61,0.99,0.49,0.33,0.75,0.85,1.09,1.19,0.59
2126722,11,Fl_Stk,0.62,0.61,0.99,0.49,0.33,0.75,0.5,1.09,1.19,0.59
2126722,12,Fl_Stk,0.62,0.61,0.99,0.49,0.33,0.75,0.65,1.09,1.19,0.59
2126722,13,Fl_Stk,0.25,0.61,0.99,0.45,0.33,0.75,0.65,1.09,1.19,0.59
2126722,14,Pk_Stk,0.5,0.58,0.99,0.45,0.33,0.72,0.85,1.07,1.19,0.59
2126722,15,Fl_Stk,0.58,0.58,0.99,0.45,0.33,0.72,0.65,1.07,1.19,0.59
2126722,16,Fl_Stk,0.58,0.25,0.99,0.45,0.33,0.72,0.65,1.07,1.19,0.59
2126722,17,Pk_Stk,0.58,0.56,0.99,0.33,0.33,0.72,0.85,1.07,1.19,0.59
2126722,18,Fl_Stk,0.58,0.58,0.99,0.45,0.33,0.72,0.85,1.07,1.19,0.59
2126722,19,Imp_Stk,0.39,0.58,0.99,0.29,0.33,0.69,0.79,1.1,1.19,0.56
2126722,20,Fl_Stk,0.39,0.58,0.99,0.29,0.33,0.69,0.63,1.09,1.19,0.56
2126722,21,BB_Stk,0.58,0.19,0.99,0.29,0.34,0.69,0.79,1.07,1.19,0.56
2126789,1,Hse_Tub,0.67,0.67,1.08,0.39,0.39,0.78,0.88,1.08,1.17,0.5
2126789,2,Hse_Stk,0.63,0.67,0.99,0.57,0.49,0.93,0.85,0.98,1.17,0.59
2126789,3,SS_Tub,0.63,0.67,1.08,0.57,0.39,0.93,0.6,0.98,1.17,0.59
2126789,4,SS_Tub,0.66,0.5,1.09,0.57,0.33,0.93,0.85,1.09,1.19,0.59
2126789,5,Hse_Stk,0.62,0.61,0.99,0.49,0.34,0.75,0.85,1.09,1.19,0.59
2126789,6,Hse_Stk,0.62,0.61,0.99,0.45,0.33,0.75,0.85,1.09,1.19,0.59
2126789,7,Hse_Stk,0.5,0.5,0.99,0.45,0.33,0.72,0.85,1.07,1.19,0.59
2126789,8,Hse_Stk,0.58,0.58,0.99,0.29,0.33,0.69,0.82,1.07,1.19,0.59
2126888,1,Pk_Stk,0.63,0.67,1.09,0.57,0.36,0.93,0.85,1.09,1.19,0.59
2126888,2,Pk_Stk,0.62,0.5,1.09,0.57,0.36,0.93,0.85,1.09,1.19,0.59
2126888,3,Pk_Stk,0.62,0.61,0.99,0.57,0.36,0.71,0.85,1.09,1.19,0.59
2126888,4,Pk_Stk,0.62,0.61,0.99,0.45,0.33,0.75,0.85,1.09,1.19,0.59
2126888,5,Pk_Stk,0.62,0.61,0.99,0.45,0.33,0.75,0.85,1.09,1.19,0.59
2126888,6,Hse_Stk,0.62,0.61,0.99,0.45,0.34,0.75,0.85,1.09,1.19,0.59
2126888,7,Pk_Stk,0.62,0.61,0.99,0.45,0.34,0.75,0.85,1.09,1.19,0.59
2126888,8,Pk_Stk,0.25,0.61,0.99,0.45,0.33,0.75,0.85,1.09,1.19,0.59
2126888,9,Pk_Stk,0.5,0.58,0.99,0.45,0.33,0.72,0.85,1.07,1.19,0.59
2126888,10,Pk_Stk,0.5,0.58,0.99,0.19,0.33,0.72,0.85,1.07,1.19,0.59
2126888,11,Pk_Stk,0.58,0.58,0.99,0.29,0.33,0.69,0.79,1.1,1.19,0.56
2126888,12,Pk_Stk,0.19,0.58,0.99,0.29,0.33,0.69,0.79,1.12,1.19,0.56
2126888,13,Pk_Stk,0.29,0.5,0.99,0.29,0.33,0.69,0.79,1.09,1.19,0.56
2126888,14,Pk_Stk,0.19,0.46,0.99,0.29,0.33,0.69,0.79,1.07,1.19,0.56
2127019,1,Pk_Tub,0.5,0.67,1.09,0.57,0.36,0.93,0.85,1.09,1.19,0.33
2127019,2,Pk_Stk,0.63,0.67,0.99,0.57,0.36,0.93,0.85,1.09,1.19,0.58
2127019,3,Pk_Stk,0.63,0.67,1.09,0.57,0.36,0.93,0.85,1.09,1.19,0.59
2127019,4,Pk_Stk,0.25,0.39,0.99,0.45,0.33,0.75,0.85,1.09,1.19,0.59
2127019,5,Fl_Stk,0.58,0.39,0.99,0.45,0.33,0.72,0.65,1.07,1.19,0.59
2127019,6,Pk_Stk,0.29,0.5,0.99,0.33,0.33,0.72,0.85,1.07,1.19,0.59
2127019,7,Pk_Tub,0.29,0.5,0.99,0.33,0.33,0.72,0.85,1.07,1.19,0.59
2127019,8,Hse_Stk,0.58,0.58,0.99,0.33,0.34,0.72,0.85,1.07,1.19,0.59
2127019,9,BB_Stk,0.58,0.25,0.99,0.29,0.33,0.7,0.85,1.07,1.19,0.57
2127076,1,SS_Tub,0.62,0.61,0.99,0.49,0.33,0.75,0.5,1.09,1.19,0.59
2127076,2,SS_Tub,0.62,0.61,0.99,0.45,0.33,0.75,0.85,1.09,1.19,0.59
2127076,3,BB_Stk,0.62,0.61,0.99,0.45,0.33,0.75,0.85,1.09,1.19,0.59
2127076,4,BB_Stk,0.58,0.25,0.99,0.29,0.33,0.69,0.82,1.07,1.19,0.59
2127167,1,Pk_Stk,0.19,0.59,1.08,0.57,0.42,1.03,0.85,1.09,1.19,0.6
2127167,2,Gen_Stk,0.63,0.59,1.02,0.57,0.36,0.93,0.85,1.09,1.23,0.65
2127167,3,BB_Stk,0.62,0.29,1.09,0.58,0.36,1.38,0.85,1.09,1.19,0.7
2127167,4,SS_Tub,0.62,0.61,0.99,0.49,0.33,0.75,0.5,1.09,1.19,0.59
2127167,5,Hse_Stk,0.62,0.61,0.99,0.45,0.34,0.75,0.85,1.09,1.19,0.59
2127167,6,Pk_Stk,0.5,0.58,0.99,0.45,0.34,0.72,0.85,1.07,1.19,0.59
2127167,7,BB_Stk,0.39,0.19,0.99,0.29,0.34,0.69,0.79,1.07,1.19,0.56
2127175,1,BB_Stk,0.62,0.29,1.09,0.58,0.36,1.38,0.85,1.09,1.19,0.7
2127175,2,Pk_Stk,0.29,0.5,0.99,0.57,0.36,0.69,0.79,1.09,1.19,0.59
2127175,3,Hse_Stk,0.62,0.61,0.99,0.29,0.37,0.75,0.85,1.09,1.19,0.59
2127175,4,Hse_Stk,0.62,0.61,0.99,0.45,0.34,0.75,0.85,1.09,1.19,0.59
2127175,5,Pk_Stk,0.5,0.58,0.99,0.45,0.33,0.72,0.85,1.07,1.19,0.59
2127175,6,Hse_Stk,0.5,0.58,0.99,0.19,0.34,0.72,0.85,1.07,1.19,0.59
2127175,7,Pk_Stk,0.29,0.5,0.99,0.33,0.33,0.72,0.85,1.07,1.19,0.59
2127175,8,Pk_Stk,0.19,0.58,0.99,0.29,0.34,0.69,0.79,1.11,1.19,0.56
2127175,9,Hse_Stk,0.39,0.55,0.99,0.29,0.33,0.69,0.79,1.09,1.19,0.56
2127258,1,Gen_Stk,0.63,0.59,0.99,0.57,0.49,0.79,0.85,0.99,1.17,0.59
2127258,2,Hse_Stk,0.63,0.67,0.99,0.57,0.39,0.93,0.85,0.98,1.19,0.5
2127258,3,Gen_Stk,0.63,0.67,1.09,0.57,0.33,0.75,0.85,0.98,1.17,0.59
2127258,4,Hse_Stk,0.58,0.58,0.99,0.29,0.33,0.72,0.85,1.07,1.19,0.59
2127456,1,Gen_Stk,0.62,0.5,0.99,0.28,0.36,0.75,0.85,1.1,1.19,0.59
2127456,2,Pk_Stk,0.62,0.5,0.99,0.55,0.36,0.75,0.85,1.09,1.19,0.59
2127456,3,BB_Stk,0.62,0.61,0.99,0.49,0.33,0.75,0.85,1.09,1.19,0.59
2127456,4,BB_Stk,0.62,0.61,0.99,0.45,0.33,0.75,0.85,1.09,1.19,0.59
2127456,5,Hse_Stk,0.62,0.61,0.99,0.45,0.33,0.75,0.85,1.09,1.19,0.59
2127456,6,Pk_Stk,0.46,0.61,0.99,0.45,0.33,0.75,0.85,1.09,1.19,0.59
2127456,7,Hse_Stk,0.5,0.58,0.99,0.19,0.33,0.72,0.85,1.07,1.19,0.59
2127456,8,Hse_Stk,0.58,0.65,0.99,0.25,0.34,0.72,0.85,1.07,1.19,0.59
2127456,9,BB_Stk,0.58,0.25,0.99,0.45,0.34,0.72,0.85,1.07,1.19,0.59
2127456,10,Hse_Stk,0.58,0.58,0.99,0.29,0.34,0.72,0.85,1.07,1.19,0.59
2127456,11,Pk_Stk,0.29,0.5,0.99,0.33,0.34,0.72,0.85,1.07,1.19,0.59
2127456,12,BB_Stk,0.58,0.25,0.99,0.29,0.33,0.7,0.89,1.07,1.2,0.62
2127456,13,Pk_Stk,0.19,0.58,0.99,0.29,0.33,0.69,0.79,1.12,1.19,0.56
2127456,14,Pk_Stk,0.19,0.58,0.99,0.29,0.34,0.69,0.79,1.09,1.19,0.56
2127456,15,Pk_Stk,0.19,0.46,0.99,0.29,0.33,0.69,0.79,1.07,1.19,0.56
2127456,16,BB_Stk,0.58,0.19,0.99,0.29,0.34,0.69,0.79,1.07,1.19,0.56
2127498,1,Pk_Stk,0.29,0.5,1.01,0.57,0.36,0.69,0.79,1.09,1.19,0.59
2127498,2,BB_Stk,0.62,0.61,0.99,0.45,0.33,0.75,0.85,1.09,1.19,0.59
2127498,3,Hse_Stk,0.62,0.61,0.99,0.45,0.33,0.75,0.85,1.09,1.19,0.59
2127498,4,Pk_Stk,0.5,0.61,0.99,0.45,0.33,0.74,0.85,1.07,1.19,0.59
2127498,5,BB_Stk,0.58,0.45,1.02,0.25,0.34,0.92,0.85,1.07,1.19,0.59
2127498,6,BB_Stk,0.58,0.25,0.99,0.27,0.33,0.92,0.85,1.07,1.19,0.59
2127498,7,BB_Stk,0.58,0.25,0.99,0.29,0.33,0.72,0.85,1.07,1.19,0.59
2127571,1,Pk_Stk,0.62,0.5,0.99,0.49,0.33,0.75,0.85,1.09,1.19,0.59
2127571,2,Fl_Tub,0.62,0.61,0.99,0.49,0.33,0.75,0.85,1.09,1.19,0.59
2127571,3,Pk_Stk,0.5,0.58,0.99,0.45,0.34,0.72,0.86,1.07,1.19,0.59
2127571,4,Pk_Stk,0.5,0.5,0.99,0.45,0.33,0.78,0.91,1.07,1.19,0.78
2127571,5,Fl_Tub,0.58,0.58,0.99,0.33,0.33,0.72,0.69,1.07,1.19,0.55
2127571,6,Fl_Tub,0.58,0.58,0.99,0.29,0.33,0.69,0.79,1.07,1.19,0.54
2127571,7,Pk_Stk,0.19,0.58,0.99,0.29,0.33,0.69,0.79,1.09,1.19,0.56
2127571,8,Imp_Stk,0.19,0.58,0.99,0.29,0.33,0.69,0.79,1.09,1.19,0.56
2127571,9,Imp_Stk,0.58,0.5,0.99,0.29,0.34,0.69,0.79,1.07,1.19,0.56
2127761,1,Pk_Stk,0.63,0.67,1.09,0.57,0.45,0.93,0.85,0.98,1.17,0.59
2127761,2,Pk_Tub,0.62,0.67,1.09,0.57,0.36,0.93,0.85,1.09,1.19,0.59
2127761,3,Pk_Tub,0.62,0.61,1.09,0.29,0.36,0.75,0.85,1.09,1.19,0.59
2127761,4,Pk_Stk,0.62,0.61,1.09,0.29,0.36,0.75,0.85,1.09,1.19,0.59
2127761,5,Pk_Tub,0.62,0.61,0.99,0.49,0.33,0.75,0.85,1.09,1.19,0.59
2127761,6,Pk_Stk,0.62,0.61,0.99,0.45,0.33,0.75,0.85,1.09,1.19,0.59
2127761,7,Pk_Tub,0.58,0.63,0.99,0.35,0.33,0.72,0.85,1.07,1.19,0.59
2127761,8,Pk_Tub,0.39,0.55,0.99,0.29,0.33,0.69,0.79,1.09,1.19,0.56
2127761,9,Pk_Tub,0.39,0.58,0.99,0.29,0.34,0.69,0.79,1.09,1.19,0.56
2127886,1,BB_Stk,0.62,0.29,1.09,0.57,0.36,0.93,0.85,1.09,1.19,0.59
2127886,2,Pk_Stk,0.29,0.5,0.99,0.57,0.35,0.69,0.79,1.09,1.19,0.67
2127886,3,BB_Stk,0.62,0.5,0.99,0.57,0.33,0.84,0.84,1.09,1.2,0.59
2127886,4,BB_Stk,0.62,0.5,0.99,0.31,0.36,0.75,0.85,1.1,1.19,0.59
2127886,5,Pk_Stk,0.62,0.5,0.99,0.49,0.33,0.75,0.85,1.09,1.19,0.59
2127886,6,BB_Stk,0.62,0.61,0.99,0.45,0.33,0.75,0.85,1.09,1.19,0.59
2127886,7,Hse_Stk,0.62,0.61,0.99,0.45,0.34,0.75,0.85,1.09,1.19,0.59
2127886,8,Pk_Stk,0.5,0.58,0.99,0.45,0.34,0.72,0.86,1.07,1.19,0.59
2127886,9,Pk_Stk,0.58,0.45,0.99,0.45,0.33,0.72,0.85,1.07,1.19,0.59
2127886,10,Pk_Stk,0.58,0.25,0.99,0.45,0.34,0.72,0.85,1.07,1.19,0.59
2127886,11,Pk_Stk,0.29,0.51,0.99,0.33,0.33,0.72,0.85,1.07,1.21,0.59
2127886,12,BB_Stk,0.58,0.58,0.99,0.45,0.34,0.72,0.85,1.07,1.19,0.59
2127886,13,BB_Stk,0.58,0.58,0.99,0.29,0.33,0.69,0.79,1.07,1.19,0.54
2127886,14,Pk_Stk,0.29,0.5,0.99,0.29,0.34,0.69,0.79,1.09,1.19,0.56
2127886,15,Pk_Stk,0.39,0.55,0.99,0.29,0.34,0.69,0.79,1.09,1.19,0.56
2127886,16,BB_Stk,0.58,0.19,0.99,0.29,0.33,0.69,0.79,1.07,1.19,0.56
2127886,17,BB_Stk,0.58,0.5,0.99,0.29,0.46,0.69,0.79,1.07,1.19,0.56
2127936,1,Pk_Stk,0.29,0.53,0.99,0.57,0.33,0.93,0.85,1.09,1.19,0.59
2127936,2,Hse_Stk,0.62,0.39,0.99,0.45,0.33,0.75,0.85,1.09,1.19,0.59
2127936,3,Pk_Stk,0.5,0.39,0.99,0.45,0.33,0.72,0.85,1.07,1.19,0.59
2127936,4,Pk_Stk,0.29,0.5,0.99,0.33,0.33,0.72,0.85,1.07,1.19,0.59
2127936,5,Pk_Stk,0.19,0.58,0.99,0.29,0.33,0.69,0.79,1.09,1.19,0.56
2127936,6,Fl_Tub,0.19,0.58,0.99,0.29,0.34,0.69,0.79,1.09,1.19,0.56
2128066,1,Pk_Stk,0.58,0.59,1.1,0.57,0.45,0.93,0.85,0.98,1.18,0.56
2128066,2,Pk_Stk,0.66,0.59,0.99,0.57,0.33,0.93,0.85,1.09,1.19,0.59
2128066,3,Pk_Stk,0.19,0.59,0.99,0.57,0.35,0.93,0.85,1.09,1.19,0.59
2128066,4,Pk_Stk,0.62,0.5,0.99,0.55,0.36,0.75,0.85,1.09,1.19,0.59
2128066,5,BB_Stk,0.62,0.5,0.99,0.49,0.33,0.75,0.85,1.09,1.19,0.59
2128066,6,Pk_Stk,0.29,0.5,0.99,0.33,0.34,0.72,0.85,1.07,1.19,0.59
2128066,7,Pk_Stk,0.19,0.58,0.99,0.29,0.34,0.69,0.79,1.09,1.19,0.56
2128074,1,Pk_Stk,0.29,0.67,1.09,0.57,0.36,0.93,0.85,1.09,1.19,0.33
2128074,2,Pk_Stk,0.63,0.67,1.02,0.57,0.36,0.93,0.85,1.09,1.19,0.59
2128074,3,Pk_Stk,0.62,0.61,0.99,0.49,0.33,0.75,0.85,1.09,1.19,0.59
2128074,4,BB_Stk,0.58,0.25,0.99,0.27,0.33,0.92,0.85,1.07,1.19,0.59
2128074,5,BB_Stk,0.58,0.25,0.99,0.29,0.33,0.72,0.85,1.07,1.19,0.59
2128074,6,Pk_Stk,0.19,0.6,0.99,0.29,0.33,0.69,0.79,1.09,1.19,0.56
2128074,7,Pk_Stk,0.19,0.5,0.99,0.29,0.33,0.69,0.79,1.07,1.19,0.56
2128082,1,Pk_Stk,0.39,0.5,0.99,0.29,0.33,0.69,0.79,1.07,1.19,0.56
2128231,1,SS_Tub,0.58,0.45,0.99,0.45,0.33,0.72,0.85,1.07,1.19,0.59
2128231,2,SS_Tub,0.58,0.58,0.99,0.29,0.33,0.69,0.79,1.08,1.19,0.56
2128231,3,Pk_Stk,0.19,0.58,0.99,0.29,0.33,0.69,0.79,1.09,1.19,0.56
2128231,4,SS_Tub,0.58,0.19,0.99,0.29,0.34,0.69,0.79,1.07,1.19,0.56
2128280,1,BB_Stk,0.66,0.5,1.09,0.57,0.33,0.93,0.85,1.09,1.19,0.59
2128280,2,Imp_Stk,0.29,0.5,0.95,0.57,0.36,0.69,0.79,1.09,1.19,0.59
2128280,3,Pk_Stk,0.62,0.5,0.99,0.57,0.33,0.75,0.85,1.09,1.19,0.59
2128280,4,BB_Stk,0.58,0.25,0.99,0.29,0.34,0.72,0.85,1.07,1.19,0.59
2128389,1,Fl_Tub,0.63,0.67,1.08,0.57,0.49,0.77,0.73,0.98,1.17,0.59
2128389,2,Fl_Tub,0.63,0.67,0.99,0.57,0.49,0.77,0.88,1.08,1.17,0.5
2128389,3,Hse_Stk,0.67,0.67,1.08,0.39,0.49,0.79,0.85,0.99,1.17,0.5
2128389,4,Pk_Stk,0.29,0.76,1.09,0.57,0.33,0.89,0.85,1.09,1.18,0.59
2128389,5,Hse_Stk,0.62,0.61,0.99,0.45,0.34,0.75,0.85,1.09,1.19,0.59
2128389,6,Pk_Stk,0.19,0.46,0.99,0.29,0.33,0.69,0.79,1.07,1.19,0.56
2128397,1,Gen_Stk,0.63,0.66,1.09,0.57,0.36,0.93,0.85,1.09,1.19,0.59
2128397,2,Gen_Stk,0.62,0.5,1.09,0.57,0.36,0.93,0.85,1.09,1.19,0.59
2128397,3,BB_Stk,0.62,0.29,1.09,0.57,0.36,0.93,0.85,1.09,1.19,0.59
2128397,4,Pk_Stk,0.29,0.28,0.95,0.58,0.36,0.63,0.79,1.09,1.19,0.59
2128397,5,Hse_Tub,0.62,0.61,1.04,0.28,0.36,0.74,0.85,1.09,1.19,0.59
2128397,6,Pk_Stk,0.62,0.61,0.99,0.57,0.36,0.75,0.85,1.09,1.19,0.59
2128397,7,Hse_Stk,0.62,0.61,0.99,0.49,0.33,0.75,0.85,1.09,1.19,0.59
2128397,8,Hse_Stk,0.62,0.61,0.99,0.45,0.33,0.75,0.85,1.09,1.19,0.59
2128397,9,BB_Stk,0.62,0.61,0.99,0.45,0.33,0.75,0.85,1.09,1.19,0.59
2128397,10,SS_Tub,0.62,0.61,0.99,0.45,0.33,0.75,0.85,1.09,1.19,0.59
2128397,11,Pk_Stk,0.25,0.61,0.99,0.45,0.33,0.75,0.85,1.09,1.19,0.59
2128397,12,Gen_Stk,0.5,0.58,0.99,0.19,0.33,0.72,0.85,1.07,1.19,0.59
2128397,13,Gen_Stk,0.58,0.45,0.99,0.45,0.33,0.72,0.85,1.07,1.19,0.59
2128397,14,Hse_Stk,0.58,0.45,0.99,0.45,0.33,0.72,0.85,1.07,1.19,0.59
2128397,15,Gen_Stk,0.58,0.25,0.99,0.45,0.25,0.72,0.85,1.07,1.19,0.59
2128397,16,Hse_Stk,0.58,0.58,0.99,0.29,0.25,0.72,0.85,1.07,1.19,0.59
2128397,17,Pk_Stk,0.29,0.5,0.99,0.33,0.25,0.72,0.85,1.07,1.19,0.59
2128397,18,BB_Stk,0.58,0.25,0.99,0.29,0.33,0.72,0.85,1.07,1.19,0.59
2128397,19,Pk_Stk,0.19,0.58,0.99,0.29,0.33,0.69,0.79,1.12,1.19,0.56
2128397,20,Pk_Stk,0.39,0.5,0.99,0.29,0.33,0.69,0.79,1.09,1.19,0.56
2128397,21,Hse_Stk,0.39,0.58,0.99,0.29,0.34,0.69,0.79,1.09,1.19,0.56
2128397,22,Pk_Stk,0.19,0.58,0.99,0.29,0.34,0.69,0.79,1.09,1.19,0.56
2128397,23,Hse_Stk,0.58,0.58,0.99,0.29,0.34,0.69,0.79,1.07,1.19,0.56
2128397,24,Pk_Stk,0.58,0.19,0.99,0.45,0.33,0.69,0.79,1.07,1.19,0.56
2128421,1,Pk_Stk,0.62,0.61,1.04,0.29,0.36,0.74,0.85,1.09,1.19,0.59
2128421,2,Hse_Stk,0.62,0.61,0.99,0.57,0.36,0.76,0.85,1.09,1.19,0.59
2128421,3,Hse_Stk,0.62,0.61,0.99,0.49,0.33,0.75,0.85,1.09,1.19,0.59
2128421,4,Hse_Stk,0.62,0.61,0.99,0.45,0.33,0.75,0.85,1.09,1.19,0.59
2128421,5,Hse_Stk,0.58,0.61,0.99,0.45,0.33,0.75,0.85,1.09,1.19,0.59
2128421,6,Pk_Stk,0.25,0.61,0.99,0.45,0.33,0.75,0.85,1.09,1.19,0.59
2128421,7,Pk_Stk,0.5,0.58,0.99,0.45,0.33,0.72,0.85,1.07,1.19,0.59
2128421,8,Pk_Stk,0.5,0.58,0.99,0.19,0.33,0.72,0.85,1.07,1.19,0.59
2128421,9,Pk_Stk,0.58,0.45,0.99,0.45,0.33,0.72,0.85,1.07,1.19,0.59
2128421,10,Pk_Stk,0.58,0.58,0.99,0.45,0.33,0.72,0.85,1.07,1.19,0.59
2128421,11,Hse_Stk,0.58,0.58,0.99,0.29,0.25,0.72,0.85,1.07,1.19,0.59
2128421,12,Pk_Stk,0.29,0.5,0.99,0.33,0.25,0.72,0.85,1.07,1.19,0.59
2128421,13,Hse_Stk,0.58,0.58,0.99,0.29,0.33,0.69,0.79,1.07,1.19,0.56
2128421,14,Pk_Stk,0.19,0.58,0.99,0.29,0.33,0.69,0.79,1.12,1.19,0.56
2128421,15,Pk_Stk,0.19,0.46,0.99,0.29,0.33,0.69,0.79,1.07,1.19,0.56
2128421,16,Pk_Stk,0.58,0.58,0.99,0.29,0.33,0.69,0.79,1.07,1.19,0.56
2128520,1,Gen_Stk,0.29,0.5,0.99,0.33,0.33,0.72,0.85,1.07,1.19,0.59
2128520,2,Pk_Stk,0.19,0.58,0.99,0.29,0.33,0.69,0.79,1.12,1.19,0.56
2128520,3,BB_Stk,0.39,0.19,0.99,0.29,0.34,0.69,0.79,1.07,1.19,0.56
2128546,1,Pk_Tub,0.62,0.5,1.09,0.57,0.33,0.93,0.85,1.09,1.19,0.59
2128546,2,Hse_Stk,0.62,0.61,1.04,0.29,0.36,0.74,0.85,1.09,1.19,0.59
2128546,3,Hse_Stk,0.62,0.61,0.99,0.57,0.36,0.76,0.85,1.09,1.19,0.59
2128546,4,Pk_Stk,0.62,0.61,0.99,0.57,0.36,0.75,0.85,1.09,1.19,0.59
2128546,5,BB_Stk,0.62,0.61,0.99,0.45,0.33,0.75,0.85,1.09,1.19,0.59
2128546,6,Pk_Tub,0.62,0.61,0.99,0.45,0.33,0.75,0.65,1.09,1.19,0.59
2128546,7,Hse_Stk,0.62,0.61,0.99,0.45,0.34,0.75,0.85,1.09,1.19,0.59
2128546,8,Pk_Stk,0.25,0.61,0.99,0.45,0.33,0.75,0.85,1.09,1.19,0.59
2128546,9,Pk_Stk,0.5,0.58,0.99,0.19,0.33,0.72,0.85,1.07,1.19,0.59
2128546,10,Hse_Stk,0.5,0.58,0.99,0.19,0.33,0.72,0.85,1.07,1.19,0.59
2128546,11,BB_Stk,0.58,0.45,0.99,0.45,0.33,0.72,0.85,1.07,1.19,0.59
2128546,12,Hse_Stk,0.58,0.25,0.99,0.25,0.25,0.72,0.85,1.07,1.19,0.59
2128546,13,BB_Stk,0.58,0.25,0.99,0.45,0.25,0.72,0.85,1.07,1.19,0.59
2128546,14,Pk_Stk,0.29,0.5,0.99,0.33,0.25,0.72,0.85,1.07,1.19,0.59
2128546,15,Fl_Tub,0.58,0.25,0.99,0.29,0.33,0.69,0.8,1.07,1.19,0.56
2128546,16,BB_Stk,0.58,0.25,0.99,0.29,0.33,0.69,0.8,1.07,1.19,0.56
2128546,17,Pk_Stk,0.19,0.58,0.99,0.29,0.33,0.69,0.79,1.12,1.19,0.56
2128546,18,Pk_Stk,0.29,0.58,0.99,0.29,0.34,0.69,0.79,1.09,1.19,0.56
2128546,19,Pk_Stk,0.19,0.58,0.99,0.29,0.34,0.69,0.79,1.09,1.19,0.56
2128629,1,SS_Tub,0.46,0.59,1.08,0.57,0.34,0.93,0.75,1.09,1.19,0.33
2128629,2,SS_Tub,0.29,0.5,0.99,0.57,0.36,0.69,0.79,1.09,1.19,0.59
2128629,3,Pk_Stk,0.62,0.61,0.99,0.57,0.36,0.75,0.85,1.09,1.19,0.58
2128629,4,Pk_Stk,0.58,0.58,0.99,0.45,0.33,0.72,0.85,1.07,1.19,0.59
2128744,1,Gen_Stk,0.67,0.67,1.08,0.57,0.39,0.83,0.85,0.98,1.17,0.59
2128744,2,SS_Tub,0.67,0.67,1.08,0.57,0.39,0.83,0.71,0.98,1.17,0.59
2128744,3,SS_Tub,0.63,0.59,0.99,0.57,0.39,0.79,0.85,0.98,1.17,0.59
2128744,4,SS_Tub,0.63,0.59,1.08,0.57,0.45,0.93,0.7,0.98,1.17,0.59
2128744,5,Pk_Stk,0.58,0.61,0.99,0.57,0.45,1.0,0.85,0.99,1.21,0.66
2128744,6,Pk_Stk,0.66,0.59,0.99,0.57,0.33,0.93,0.85,1.08,1.19,0.59
2128744,7,Gen_Stk,0.66,0.59,0.99,0.57,0.33,0.93,0.85,1.09,1.19,0.59
2128744,8,Pk_Stk,0.19,0.59,0.99,0.57,0.35,0.93,0.85,1.09,1.19,0.59
2128744,9,Pk_Stk,0.29,0.67,1.09,0.57,0.35,0.93,0.85,1.09,1.19,0.33
2128744,10,Pk_Stk,0.5,0.58,0.99,0.45,0.33,0.72,0.85,1.07,1.19,0.59
2128801,1,Gen_Stk,0.63,0.67,1.09,0.57,0.45,0.93,0.85,0.98,1.17,0.59
2128801,2,Gen_Stk,0.66,0.59,1.11,0.57,0.33,0.96,0.85,1.09,1.19,0.59
2128801,3,Gen_Stk,0.66,0.5,1.09,0.57,0.33,0.93,0.85,1.09,1.19,0.59
2128801,4,Pk_Stk,0.19,0.5,1.09,0.57,0.36,0.93,0.85,1.09,1.19,0.33
2128801,5,Pk_Stk,0.29,0.67,1.09,0.57,0.36,0.93,0.85,1.09,1.19,0.33
2128801,6,Hse_Stk,0.62,0.61,1.09,0.29,0.36,0.75,0.85,1.09,1.19,0.58
2128801,7,Hse_Stk,0.62,0.39,0.99,0.45,0.33,0.75,0.85,1.09,1.19,0.59
2128801,8,Gen_Stk,0.58,0.45,0.99,0.45,0.33,0.72,0.85,1.07,1.19,0.59
2128801,9,Hse_Stk,0.58,0.58,0.99,0.25,0.33,0.72,0.85,1.07,1.19,0.59
2128801,10,Pk_Stk,0.58,0.25,0.99,0.45,0.34,0.72,0.85,1.07,1.19,0.59
2128801,11,BB_Stk,0.39,0.5,0.99,0.29,0.33,0.69,0.79,1.07,1.19,0.56
2128850,1,BB_Stk,0.62,0.5,1.09,0.57,0.34,0.93,0.85,1.09,1.19,0.59
2128850,2,BB_Stk,0.62,0.61,0.99,0.49,0.34,0.75,0.85,1.09,1.19,0.59
2128850,3,SS_Tub,0.58,0.58,0.99,0.29,0.34,0.72,0.85,1.07,1.2,0.59
2128926,1,BB_Stk,0.62,0.29,1.09,0.57,0.36,0.94,0.85,1.09,1.19,0.59
2128926,2,Pk_Tub,0.62,0.29,1.09,0.57,0.36,0.93,0.85,1.09,1.19,0.59
2128926,3,BB_Stk,0.62,0.61,0.99,0.45,0.33,0.75,0.85,1.18,1.19,0.59
2128926,4,Pk_Stk,0.62,0.39,0.99,0.45,0.33,0.75,0.85,1.09,1.19,0.59
2128926,5,BB_Stk,0.58,0.39,0.99,0.45,0.33,0.75,0.85,1.09,1.19,0.59
2128926,6,Pk_Stk,0.5,0.39,0.99,0.45,0.33,0.72,0.85,1.07,1.19,0.59
2128926,7,Pk_Tub,0.5,0.39,0.99,0.45,0.33,0.72,0.85,1.07,1.19,0.59
2128926,8,Pk_Stk,0.58,0.45,0.99,0.45,0.33,0.72,0.85,1.07,1.19,0.59
2128926,9,Pk_Stk,0.58,0.45,0.99,0.45,0.33,0.72,0.85,1.07,1.19,0.59
2128926,10,Pk_Stk,0.58,0.58,0.99,0.25,0.33,0.72,0.85,1.07,1.19,0.59
2128926,11,Pk_Stk,0.58,0.58,0.99,0.45,0.33,0.72,0.85,1.07,1.19,0.59
2128926,12,Pk_Stk,0.29,0.5,0.99,0.33,0.33,0.72,0.85,1.07,1.19,0.59
2128926,13,Pk_Tub,0.58,0.58,0.99,0.29,0.33,0.69,0.79,1.07,1.19,0.56
2128926,14,Pk_Stk,0.19,0.58,0.99,0.29,0.33,0.69,0.79,1.12,1.19,0.56
2128926,15,Pk_Stk,0.29,0.5,0.99,0.29,0.33,0.69,0.79,1.09,1.19,0.56
2128926,16,Pk_Stk,0.19,0.58,0.99,0.29,0.34,0.69,0.79,1.09,1.19,0.56
2128926,17,Pk_Tub,0.39,0.5,0.99,0.29,0.33,0.69,0.79,1.07,1.19,0.56
2129015,1,Pk_Stk,0.62,0.61,0.99,0.57,0.36,0.75,0.85,1.09,1.19,0.59
2129015,2,Pk_Stk,0.62,0.61,0.99,0.49,0.33,0.75,0.85,1.09,1.19,0.59
2129015,3,BB_Stk,0.62,0.61,0.99,0.45,0.33,0.75,0.85,1.09,1.19,0.59
2129015,4,BB_Stk,0.62,0.61,0.99,0.45,0.33,0.75,0.85,1.09,1.19,0.59
2129015,5,Pk_Stk,0.25,0.61,0.99,0.45,0.33,0.75,0.85,1.09,1.19,0.59
2129015,6,Pk_Stk,0.25,0.61,0.99,0.45,0.33,0.72,0.85,1.07,1.19,0.59
2129015,7,BB_Stk,0.58,0.19,0.99,0.29,0.33,0.69,0.79,1.07,1.19,0.56
2129056,1,BB_Stk,0.5,0.5,1.09,0.57,0.36,0.93,0.85,1.09,1.19,0.33
2129056,2,Pk_Stk,0.29,0.5,0.99,0.33,0.33,0.72,0.85,1.07,1.19,0.59
2129155,1,Pk_Stk,0.63,0.67,1.09,0.57,0.45,0.93,0.85,0.98,1.17,0.5
2129155,2,Pk_Stk,0.62,0.76,1.09,0.57,0.33,0.89,0.85,1.09,1.18,0.59
2129155,3,Pk_Stk,0.62,0.61,1.04,0.28,0.36,0.74,0.65,1.09,1.19,0.59
2129155,4,Pk_Stk,0.62,0.61,0.99,0.57,0.36,0.75,0.85,1.09,1.19,0.59
2129155,5,Pk_Stk,0.5,0.58,0.99,0.45,0.33,0.75,0.85,1.07,1.19,0.59
2129155,6,Pk_Stk,0.58,0.44,0.99,0.45,0.33,0.72,0.65,1.07,1.19,0.59
2129155,7,Pk_Stk,0.58,0.58,0.99,0.29,0.33,0.69,0.5,1.07,1.19,0.56
2129155,8,Pk_Stk,0.19,0.58,0.99,0.29,0.33,0.69,0.79,1.12,1.19,0.56
2129155,9,Pk_Stk,0.39,0.5,0.99,0.29,0.33,0.69,0.79,1.09,1.19,0.56
2129239,1,Pk_Stk,0.29,0.5,0.99,0.33,0.34,0.72,0.85,1.07,1.19,0.59
2129239,2,Hse_Stk,0.19,0.58,0.99,0.29,0.33,0.69,0.79,1.07,1.19,0.56
2129239,3,Gen_Stk,0.58,0.5,0.99,0.29,0.33,0.69,0.79,1.07,1.19,0.56
2129346,1,Pk_Stk,0.62,0.61,0.99,0.57,0.36,0.75,0.85,1.09,1.19,0.59
2129346,2,Pk_Stk,0.5,0.58,0.99,0.45,0.33,0.72,0.85,1.07,1.19,0.59
2129346,3,Pk_Stk,0.5,0.58,0.99,0.45,0.33,0.72,0.85,1.07,1.19,0.59
2129346,4,BB_Stk,0.58,0.45,0.99,0.45,0.33,0.72,0.85,1.07,1.19,0.59
2129346,5,Pk_Stk,0.29,0.51,0.99,0.29,0.33,0.72,0.85,1.07,1.19,0.59
2129346,6,Pk_Stk,0.29,0.55,0.99,0.29,0.33,0.69,0.79,1.09,1.19,0.56
2129346,7,BB_Stk,0.58,0.5,0.99,0.29,0.33,0.69,0.79,1.07,1.19,0.56
2129379,1,Pk_Stk,0.62,0.61,0.99,0.49,0.33,0.75,0.85,1.09,1.19,0.59
2129379,2,BB_Stk,0.62,0.61,0.99,0.45,0.33,0.75,0.85,1.09,1.19,0.59
2129379,3,Pk_Stk,0.62,0.61,0.99,0.45,0.33,0.75,0.85,1.09,1.19,0.59
2129379,4,Pk_Stk,0.25,0.61,0.99,0.45,0.33,0.75,0.85,1.09,1.19,0.59
2129379,5,Hse_Stk,0.5,0.5,0.99,0.19,0.34,0.72,0.85,1.08,1.19,0.74
2129379,6,Pk_Stk,0.58,0.58,0.99,0.45,0.33,0.79,0.89,1.09,1.19,0.68
2129379,7,Pk_Stk,0.29,0.5,0.99,0.29,0.34,0.69,0.79,1.09,1.19,0.56
2129379,8,BB_Stk,0.58,0.19,0.99,0.29,0.33,0.69,0.79,1.07,1.19,0.56
2129551,1,Pk_Stk,0.63,0.67,0.99,0.57,0.36,0.87,0.85,1.09,1.15,0.59
2129551,2,Pk_Stk,0.62,0.61,1.09,0.57,0.33,0.93,0.85,1.09,1.19,0.59
2129551,3,BB_Stk,0.62,0.61,0.99,0.45,0.33,0.75,0.85,1.09,1.19,0.59
2129551,4,Pk_Stk,0.58,0.58,0.99,0.33,0.34,0.72,0.85,1.07,1.19,0.59
2129551,5,Hse_Stk,0.58,0.58,0.99,0.29,0.33,0.69,0.79,1.07,1.19,0.56
2129551,6,BB_Stk,0.39,0.58,0.99,0.29,0.33,0.69,0.79,1.1,1.19,0.56
2129551,7,Pk_Stk,0.29,0.45,0.99,0.29,0.33,0.69,0.79,1.09,1.19,0.56
2129551,8,BB_Stk,0.39,0.58,0.99,0.29,0.33,0.69,0.79,1.09,1.19,0.56
2129569,1,Gen_Stk,0.63,0.66,0.99,0.57,0.36,0.89,0.85,1.09,1.19,0.59
2129569,2,Gen_Stk,0.63,0.66,0.99,0.57,0.36,0.89,0.85,1.09,1.19,0.59
2129569,3,Pk_Stk,0.63,0.67,1.0,0.57,0.36,0.93,0.85,1.09,1.19,0.59
2129569,4,Pk_Stk,0.62,0.67,1.09,0.57,0.36,0.93,0.85,1.09,1.19,0.59
2129569,5,Pk_Stk,0.62,0.67,1.09,0.57,0.36,0.93,0.85,1.09,1.19,0.59
2129569,6,Pk_Stk,0.62,0.5,1.09,0.57,0.36,0.93,0.85,1.09,1.19,0.59
2129569,7,BB_Stk,0.62,0.29,1.09,0.57,0.36,0.93,0.85,1.09,1.19,0.59
2129569,8,Pk_Stk,0.29,0.28,0.95,0.58,0.36,0.63,0.79,1.09,1.19,0.59
2129569,9,Pk_Stk,0.62,0.76,1.09,0.57,0.33,0.89,0.85,1.09,1.18,0.59
2129569,10,BB_Stk,0.62,0.5,1.09,0.57,0.33,0.93,0.85,1.09,1.19,0.59
2129569,11,BB_Stk,0.62,0.61,1.04,0.29,0.36,0.74,0.85,1.09,1.19,0.59
2129569,12,BB_Stk,0.62,0.61,0.99,0.57,0.36,0.77,0.85,1.09,1.19,0.59
2129569,13,BB_Stk,0.62,0.61,0.99,0.57,0.36,0.71,0.85,1.09,1.19,0.59
2129569,14,Pk_Stk,0.62,0.61,0.99,0.57,0.36,0.75,0.85,1.09,1.19,0.59
2129569,15,BB_Stk,0.62,0.61,0.99,0.57,0.36,0.75,0.85,1.09,1.19,0.59
2129569,16,BB_Stk,0.62,0.61,0.99,0.49,0.33,0.75,0.85,1.09,1.19,0.59
2129569,17,BB_Stk,0.62,0.61,0.99,0.49,0.33,0.75,0.85,1.09,1.19,0.59
2129569,18,BB_Stk,0.62,0.61,0.99,0.49,0.33,0.75,0.85,1.09,1.19,0.59
2129569,19,BB_Stk,0.62,0.61,0.99,0.49,0.33,0.75,0.85,1.09,1.19,0.59
2129569,20,BB_Stk,0.62,0.61,0.99,0.45,0.33,0.75,0.85,1.09,1.19,0.59
2129569,21,BB_Stk,0.62,0.61,0.99,0.45,0.33,0.75,0.85,1.09,1.19,0.59
2129569,22,BB_Stk,0.62,0.61,0.99,0.45,0.33,0.75,0.85,1.09,1.19,0.59
2129569,23,Hse_Stk,0.62,0.61,0.99,0.45,0.34,0.75,0.85,1.09,1.19,0.59
2129569,24,BB_Stk,0.58,0.61,0.99,0.45,0.33,0.75,0.85,1.09,1.19,0.59
2129569,25,Pk_Stk,0.25,0.61,0.99,0.45,0.33,0.75,0.85,1.09,1.19,0.59
2129569,26,BB_Stk,0.25,0.61,0.99,0.45,0.33,0.75,0.85,1.09,1.19,0.59
2129569,27,BB_Stk,0.5,0.58,0.99,0.45,0.33,0.72,0.85,1.07,1.19,0.59
2129569,28,BB_Stk,0.5,0.58,0.99,0.45,0.33,0.72,0.85,1.07,1.19,0.59
2129569,29,Pk_Stk,0.5,0.58,0.99,0.45,0.33,0.72,0.85,1.07,1.19,0.59
2129569,30,Pk_Stk,0.5,0.58,0.99,0.19,0.33,0.72,0.85,1.07,1.19,0.59
2129569,31,Pk_Stk,0.58,0.45,0.99,0.45,0.33,0.72,0.85,1.07,1.19,0.59
2129569,32,BB_Stk,0.58,0.58,0.99,0.25,0.25,0.72,0.85,1.07,1.19,0.59
2129569,33,Pk_Stk,0.58,0.58,0.99,0.45,0.25,0.72,0.85,1.07,1.19,0.59
2129569,34,Pk_Stk,0.58,0.58,0.99,0.29,0.25,0.72,0.85,1.07,1.19,0.59
2129569,35,BB_Stk,0.58,0.58,0.99,0.33,0.25,0.72,0.85,1.07,1.19,0.59
2129569,36,BB_Stk,0.58,0.25,0.99,0.29,0.33,0.72,0.85,1.07,1.19,0.59
2129569,37,Hse_Stk,0.39,0.58,0.99,0.29,0.34,0.69,0.79,1.09,1.19,0.56
2129569,38,BB_Stk,0.58,0.5,0.99,0.45,0.33,0.69,0.79,1.07,1.19,0.56
2129767,1,Pk_Stk,0.5,0.67,1.09,0.57,0.36,0.93,0.85,1.09,1.19,0.33
2129767,2,Gen_Stk,0.5,0.67,1.09,0.57,0.33,0.93,0.85,1.09,1.19,0.33
2129767,3,Pk_Stk,0.5,0.67,1.09,0.57,0.33,0.93,0.85,1.09,1.19,0.33
2129767,4,Gen_Stk,0.63,0.67,1.09,0.57,0.36,0.93,0.85,1.09,1.19,0.33
2129767,5,Hse_Stk,0.62,0.5,1.13,0.57,0.36,0.93,0.85,1.16,1.19,0.59
2129767,6,Hse_Stk,0.62,0.5,1.09,0.57,0.36,0.69,0.79,1.09,1.19,0.59
2129767,7,Gen_Stk,0.62,0.53,1.09,0.57,0.33,0.93,0.85,1.09,1.19,0.59
2129767,8,Pk_Stk,0.62,0.61,0.99,0.57,0.36,0.75,0.85,1.09,1.19,0.59
2129767,9,Gen_Stk,0.62,0.61,0.99,0.57,0.36,0.75,0.85,1.09,1.19,0.59
2129767,10,Gen_Stk,0.62,0.61,0.99,0.49,0.33,0.75,0.85,1.09,1.19,0.59
2129767,11,BB_Stk,0.62,0.61,0.99,0.45,0.33,0.75,0.85,1.18,1.19,0.59
2129767,12,BB_Stk,0.58,0.39,0.99,0.45,0.33,0.75,0.85,1.09,1.19,0.59
2129767,13,BB_Stk,0.5,0.39,0.99,0.45,0.33,0.72,0.85,1.07,1.19,0.59
2129767,14,BB_Stk,0.58,0.39,0.99,0.45,0.33,0.72,0.85,1.07,1.19,0.59
2129767,15,Gen_Stk,0.58,0.45,0.99,0.45,0.33,0.72,0.85,1.07,1.19,0.59
2129767,16,Pk_Stk,0.58,0.25,0.99,0.45,0.33,0.72,0.85,1.07,1.19,0.59
2129767,17,Pk_Stk,0.29,0.5,0.99,0.33,0.33,0.72,0.85,1.07,1.19,0.59
2129767,18,Hse_Stk,0.58,0.58,0.99,0.45,0.33,0.72,0.85,1.07,1.19,0.59
2129767,19,BB_Stk,0.58,0.25,0.99,0.29,0.33,0.72,0.85,1.07,1.19,0.59
2129767,20,Hse_Stk,0.58,0.58,0.99,0.29,0.33,0.7,0.79,1.07,1.19,0.57
2129767,21,Pk_Stk,0.39,0.51,0.99,0.29,0.34,0.69,0.79,1.09,1.19,0.56
2129767,22,Hse_Stk,0.39,0.5,0.99,0.29,0.33,0.69,0.79,1.07,1.19,0.56
2129833,1,Pk_Stk,0.29,0.59,1.08,0.57,0.36,0.93,0.85,1.09,1.19,0.47
2129833,2,BB_Stk,0.62,0.29,1.09,0.57,0.36,0.93,0.85,1.09,1.19,0.59
2129833,3,Pk_Stk,0.29,0.5,0.99,0.57,0.36,0.69,0.79,1.09,1.19,0.59
2129833,4,Hse_Stk,0.62,0.61,0.99,0.29,0.37,0.75,0.85,1.09,1.19,0.59
2129833,5,Gen_Stk,0.62,0.61,0.99,0.57,0.36,0.76,0.85,1.09,1.19,0.59
2129833,6,Pk_Stk,0.62,0.61,0.99,0.57,0.36,0.75,0.85,1.09,1.19,0.59
2129833,7,Pk_Stk,0.62,0.61,0.99,0.49,0.33,0.75,0.85,1.09,1.19,0.59
2129833,8,BB_Stk,0.62,0.61,0.99,0.45,0.33,0.75,0.85,1.09,1.19,0.59
2129833,9,Hse_Stk,0.62,0.61,0.99,0.45,0.34,0.75,0.85,1.09,1.19,0.59
2129833,10,Pk_Stk,0.25,0.61,0.99,0.45,0.33,0.75,0.85,1.09,1.19,0.59
2129833,11,Gen_Stk,0.58,0.45,0.99,0.45,0.33,0.72,0.85,1.07,1.19,0.59
2129833,12,Gen_Stk,0.58,0.65,0.99,0.25,0.34,0.72,0.85,1.07,1.19,0.59
2129833,13,Hse_Stk,0.58,0.25,0.99,0.25,0.33,0.72,0.85,1.07,1.19,0.59
2129833,14,BB_Stk,0.58,0.25,0.99,0.45,0.33,0.72,0.85,1.07,1.19,0.59
2129833,15,Hse_Stk,0.58,0.58,0.99,0.29,0.34,0.72,0.85,1.07,1.19,0.59
2129833,16,BB_Stk,0.58,0.25,0.99,0.29,0.33,0.72,0.85,1.07,1.19,0.59
2129833,17,BB_Stk,0.58,0.25,0.99,0.29,0.33,0.69,0.82,1.07,1.19,0.59
2129833,18,Pk_Stk,0.19,0.58,0.99,0.29,0.34,0.69,0.79,1.11,1.19,0.56
2129833,19,Pk_Stk,0.19,0.58,0.99,0.29,0.33,0.69,0.79,1.09,1.19,0.56
2129833,20,BB_Stk,0.58,0.19,0.99,0.29,0.34,0.69,0.79,1.07,1.19,0.56
2130088,1,Fl_Stk,0.62,0.61,1.09,0.57,0.34,0.83,0.85,1.09,1.19,0.59
2130088,2,Fl_Stk,0.62,0.61,0.99,0.49,0.33,0.75,0.5,1.09,1.19,0.59
2130088,3,Fl_Stk,0.58,0.61,0.99,0.45,0.34,0.75,0.85,1.09,1.19,0.59
2130088,4,Fl_Stk,0.58,0.25,0.99,0.25,0.33,0.72,0.85,1.07,1.19,0.59
2130112,1,Fl_Tub,0.58,0.58,0.99,0.25,0.25,0.72,0.85,1.07,1.19,0.59
2130229,1,Hse_Stk,0.63,0.59,1.13,0.57,0.45,0.94,0.85,0.99,1.14,0.65
2130229,2,Hse_Stk,0.58,0.59,1.1,0.57,0.45,0.93,0.85,0.98,1.18,0.56
2130229,3,Gen_Stk,0.66,0.59,0.99,0.57,0.33,0.93,0.85,1.09,1.19,0.59
2130229,4,Pk_Stk,0.19,0.59,0.99,0.57,0.35,0.93,0.85,1.09,1.19,0.59
2130229,5,Pk_Stk,0.19,0.59,0.99,0.57,0.35,0.93,0.85,1.09,1.19,0.59
2130229,6,Hse_Stk,0.62,0.5,0.99,0.28,0.36,0.75,0.85,1.1,1.19,0.59
2130229,7,Hse_Stk,0.62,0.61,0.99,0.45,0.33,0.75,0.85,1.09,1.19,0.59
2130229,8,Pk_Stk,0.46,0.61,0.99,0.45,0.33,0.75,0.85,1.09,1.19,0.59
2130229,9,Hse_Stk,0.5,0.58,0.99,0.45,0.33,0.72,0.85,1.07,1.19,0.59
2130229,10,Pk_Stk,0.5,0.58,0.99,0.45,0.33,0.72,0.85,1.07,1.19,0.59
2130229,11,Pk_Stk,0.5,0.58,0.99,0.45,0.33,0.72,0.85,1.07,1.19,0.59
2130229,12,Hse_Stk,0.58,0.58,0.99,0.45,0.33,0.72,0.85,1.07,1.19,0.59
2130229,13,Hse_Stk,0.58,0.65,0.99,0.25,0.34,0.72,0.85,1.07,1.19,0.59
2130229,14,Hse_Stk,0.29,0.5,0.99,0.33,0.34,0.72,0.85,1.07,1.19,0.59
2130229,15,Hse_Stk,0.58,0.58,0.99,0.29,0.33,0.69,0.79,1.07,1.19,0.55
2130229,16,Pk_Stk,0.39,0.58,1.0,0.29,0.33,0.69,0.79,1.09,1.2,0.56
2130229,17,Pk_Stk,0.19,0.46,0.99,0.29,0.33,0.69,0.79,1.07,1.19,0.56
2130302,1,Gen_Stk,0.63,0.67,0.99,0.57,0.49,0.78,0.98,1.16,1.17,0.5
2130302,2,Fl_Stk,0.62,0.61,0.99,0.45,0.33,0.75,0.65,1.18,1.19,0.59
2130302,3,BB_Stk,0.39,0.19,0.99,0.29,0.34,0.69,0.79,1.07,1.19,0.56
2130419,1,SS_Tub,0.63,0.59,0.99,0.57,0.36,0.88,0.85,1.09,1.19,0.59
2130419,2,SS_Tub,0.29,0.5,0.99,0.57,0.36,0.69,0.79,1.09,1.19,0.59
2130419,3,SS_Tub,0.62,0.61,0.99,0.49,0.33,0.75,0.5,1.09,1.19,0.59
2130419,4,SS_Tub,0.58,0.45,0.99,0.45,0.33,0.72,0.85,1.07,1.19,0.59
2130419,5,SS_Tub,0.58,0.58,0.99,0.29,0.34,0.72,0.85,1.07,1.19,0.59
2130674,1,Pk_Tub,0.5,0.67,1.09,0.57,0.36,0.93,0.85,1.09,1.19,0.33
2130674,2,Pk_Tub,0.63,0.67,1.09,0.57,0.36,0.93,0.85,1.09,1.19,0.71
2130674,3,Pk_Tub,0.62,0.61,0.99,0.57,0.36,0.75,0.85,1.09,1.19,0.59
2130674,4,Pk_Tub,0.5,0.39,0.99,0.45,0.33,0.75,0.85,1.07,1.19,0.59
2130674,5,Pk_Tub,0.5,0.39,0.99,0.45,0.33,0.72,0.85,1.07,1.19,0.59
2130674,6,Pk_Tub,0.58,0.44,0.99,0.45,0.33,0.72,0.85,1.07,1.19,0.59
2130674,7,Pk_Stk,0.29,0.5,0.99,0.33,0.33,0.72,0.85,1.07,1.19,0.59
2130674,8,Pk_Stk,0.58,0.58,0.99,0.29,0.33,0.7,0.85,1.07,1.19,0.57
2130674,9,Pk_Stk,0.19,0.58,0.99,0.29,0.33,0.69,0.79,1.12,1.19,0.56
2130674,10,Pk_Stk,0.29,0.51,0.99,0.29,0.34,0.69,0.79,1.09,1.19,0.56
2130849,1,Hse_Tub,0.66,0.67,1.09,0.57,0.36,0.93,0.85,1.09,1.19,0.33
2130849,2,Hse_Tub,0.29,0.67,1.09,0.57,0.36,0.93,0.85,1.09,1.19,0.33
2130849,3,Hse_Tub,0.29,0.67,1.09,0.57,0.36,0.93,0.85,1.09,1.19,0.33
2130849,4,SS_Tub,0.29,0.5,0.99,0.33,0.33,0.72,0.85,1.07,1.19,0.59
2130849,5,SS_Tub,0.58,0.25,0.99,0.29,0.34,0.72,0.5,1.07,1.19,0.59
2130849,6,SS_Tub,0.58,0.58,0.99,0.29,0.33,0.69,0.5,1.07,1.19,0.56
2130849,7,SS_Tub,0.29,0.5,0.99,0.29,0.33,0.69,0.56,1.09,1.19,0.56
2130849,8,SS_Tub,0.39,0.5,0.99,0.29,0.34,0.69,0.56,1.07,1.19,0.56
2131136,1,BB_Stk,0.58,0.58,0.99,0.29,0.33,0.7,0.5,1.07,1.19,0.57
2131201,1,BB_Stk,0.62,0.61,0.99,0.45,0.33,0.75,0.85,1.18,1.19,0.59
2131201,2,Hse_Stk,0.62,0.39,0.99,0.45,0.33,0.75,0.85,1.09,1.19,0.59
2131201,3,Hse_Stk,0.62,0.39,0.99,0.45,0.33,0.75,0.85,1.09,1.19,0.59
2131201,4,Pk_Stk,0.25,0.39,0.99,0.45,0.33,0.75,0.85,1.09,1.19,0.59
2131201,5,Pk_Stk,0.5,0.39,0.99,0.45,0.33,0.72,0.85,1.07,1.19,0.59
2131201,6,Pk_Stk,0.19,0.58,0.99,0.29,0.33,0.69,0.79,1.12,1.19,0.56
2131201,7,Pk_Stk,0.29,0.5,0.99,0.29,0.33,0.69,0.79,1.09,1.19,0.56
2131250,1,SS_Tub,0.63,0.59,1.09,0.57,0.45,0.94,0.85,0.98,1.17,0.59
2131250,2,SS_Tub,0.66,0.5,1.09,0.57,0.33,0.93,0.85,1.09,1.19,0.59
2131250,3,SS_Tub,0.66,0.59,1.08,0.57,0.36,0.93,0.85,1.09,1.34,0.33
2131250,4,SS_Tub,0.63,0.59,0.99,0.57,0.36,0.88,0.85,1.09,1.19,0.59
2131250,5,SS_Tub,0.62,0.61,1.09,0.57,0.34,1.07,0.85,1.09,1.19,0.59
2131250,6,Hse_Stk,0.62,0.61,0.99,0.49,0.33,0.75,0.85,1.09,1.19,0.59
2131250,7,SS_Tub,0.62,0.61,0.99,0.49,0.33,0.75,0.85,1.09,1.19,0.59
2131250,8,Hse_Stk,0.62,0.61,0.99,0.45,0.33,0.75,0.85,1.09,1.19,0.59
2131250,9,SS_Tub,0.25,0.6,0.99,0.45,0.33,0.75,0.85,1.07,1.19,0.59
2131250,10,Hse_Stk,0.5,0.58,0.99,0.45,0.33,0.72,0.85,1.07,1.19,0.59
2131250,11,SS_Tub,0.5,0.58,0.99,0.19,0.34,0.72,0.85,1.07,1.19,0.59
2131250,12,SS_Tub,0.58,0.45,0.99,0.45,0.33,0.72,0.85,1.07,1.19,0.59
2131250,13,SS_Tub,0.58,0.55,0.99,0.37,0.34,0.72,0.85,1.07,1.19,0.59
2131250,14,Hse_Stk,0.58,0.58,0.99,0.33,0.33,0.72,0.85,1.07,1.19,0.59
2131250,15,SS_Tub,0.58,0.25,0.99,0.29,0.33,0.72,0.85,1.07,1.19,0.59
2131250,16,SS_Tub,0.39,0.55,0.99,0.29,0.33,0.69,0.79,1.09,1.19,0.56
2131250,17,SS_Tub,0.58,0.58,0.99,0.29,0.34,0.69,0.79,1.07,1.19,0.56
2131292,1,Gen_Stk,0.63,0.67,1.08,0.57,0.53,0.77,0.73,0.98,1.17,0.5
2131292,2,Hse_Stk,0.62,0.61,0.99,0.29,0.37,0.75,0.85,1.09,1.19,0.59
2131292,3,Pk_Stk,0.5,0.58,0.99,0.45,0.33,0.72,0.85,1.07,1.19,0.59
2131318,1,Pk_Tub,0.63,0.67,1.09,0.57,0.36,0.91,0.85,1.09,1.19,0.55
2131318,2,Pk_Tub,0.62,0.61,1.09,0.57,0.33,0.84,0.84,1.09,1.2,0.59
2131318,3,Pk_Stk,0.58,0.45,0.99,0.45,0.33,0.72,0.85,1.07,1.19,0.59
2131318,4,Pk_Tub,0.39,0.58,0.99,0.29,0.33,0.69,0.79,1.09,1.19,0.56
2131318,5,Pk_Tub,0.39,0.5,0.99,0.29,0.33,0.69,0.79,1.07,1.19,0.56
2131318,6,Pk_Tub,0.39,0.5,0.99,0.29,0.33,0.69,0.79,1.07,1.19,0.56
2131466,1,SS_Tub,0.62,0.29,1.09,0.57,0.36,0.93,0.85,1.09,1.19,0.59
2131466,2,Gen_Stk,0.62,0.61,0.99,0.49,0.33,0.75,0.85,1.09,1.19,0.59
2131466,3,SS_Tub,0.5,0.58,0.99,0.45,0.33,0.71,0.85,1.07,1.19,0.59
2131466,4,BB_Stk,0.5,0.58,0.99,0.19,0.34,0.72,0.85,1.07,1.19,0.59
2131466,5,Pk_Stk,0.5,0.58,0.99,0.45,0.33,0.72,0.85,1.07,1.19,0.59
2131466,6,Hse_Stk,0.58,0.5,0.99,0.3,0.33,0.72,0.85,1.07,1.19,0.59
2131466,7,SS_Tub,0.58,0.58,0.99,0.29,0.34,0.69,0.5,1.12,1.19,0.56
2131557,1,Pk_Stk,0.29,0.67,1.09,0.57,0.35,0.93,0.85,1.09,1.19,0.33
2131557,2,BB_Stk,0.62,0.61,0.99,0.45,0.34,0.75,0.85,1.09,1.19,0.59
2131557,3,BB_Stk,0.62,0.61,0.99,0.45,0.34,0.75,0.85,1.09,1.19,0.59
2131623,1,Hse_Tub,0.63,0.58,0.95,0.57,0.53,0.77,0.65,0.98,1.17,0.59
2131623,2,SS_Tub,0.62,0.61,0.99,0.49,0.33,0.75,0.85,1.09,1.19,0.59
2131623,3,Hse_Stk,0.62,0.61,0.99,0.45,0.33,0.75,0.85,1.18,1.19,0.59
2131623,4,SS_Tub,0.62,0.39,0.99,0.45,0.33,0.75,0.85,1.09,1.19,0.59
2131623,5,SS_Tub,0.5,0.39,0.99,0.45,0.33,0.72,0.85,1.07,1.19,0.59
2131623,6,SS_Tub,0.5,0.39,0.99,0.19,0.33,0.72,0.85,1.07,1.19,0.59
2131631,1,Pk_Tub,0.62,0.5,1.09,0.57,0.33,0.78,0.85,1.09,1.19,0.59
2131631,2,Pk_Tub,0.62,0.5,0.99,0.29,0.36,0.75,0.85,1.09,1.19,0.59
2131631,3,Pk_Tub,0.62,0.61,0.99,0.49,0.33,0.75,0.85,1.09,1.19,0.59
2131631,4,Pk_Stk,0.5,0.58,0.99,0.19,0.33,0.69,0.85,1.07,1.19,0.59
2131631,5,Pk_Tub,0.58,0.58,0.99,0.29,0.34,0.69,0.79,1.07,1.19,0.56
2131631,6,Pk_Tub,0.58,0.5,0.99,0.29,0.33,0.69,0.79,1.07,1.19,0.56
2131664,1,Pk_Stk,0.25,0.61,0.99,0.45,0.33,0.75,0.85,1.09,1.19,0.59
2131664,2,SS_Tub,0.58,0.45,0.99,0.45,0.33,0.72,0.85,1.07,1.19,0.59
2131664,3,Hse_Stk,0.39,0.55,0.99,0.29,0.33,0.69,0.79,1.09,1.19,0.56
2131664,4,Pk_Stk,0.19,0.58,0.99,0.29,0.33,0.69,0.79,1.09,1.19,0.56
2131813,1,SS_Tub,0.63,0.67,1.09,0.57,0.36,0.92,0.85,1.09,1.2,0.53
2131813,2,SS_Tub,0.63,0.67,0.99,0.57,0.36,0.94,0.85,1.09,1.18,0.59
2131813,3,SS_Tub,0.63,0.67,1.02,0.57,0.36,0.93,0.85,1.09,1.19,0.59
2131813,4,SS_Tub,0.62,0.67,1.09,0.57,0.36,0.93,0.85,1.09,1.19,0.59
2131813,5,SS_Tub,0.62,0.29,1.09,0.57,0.36,0.93,0.85,1.09,1.19,0.59
2131813,6,SS_Tub,0.62,0.54,1.03,0.57,0.33,0.79,0.85,1.09,1.19,0.59
2131813,7,SS_Tub,0.62,0.5,1.09,0.57,0.33,0.93,0.85,1.09,1.19,0.59
2131813,8,SS_Tub,0.62,0.61,1.09,0.29,0.36,0.75,0.85,1.09,1.19,0.59
2131813,9,SS_Tub,0.62,0.61,0.99,0.57,0.36,0.73,0.85,1.09,1.19,0.58
2131813,10,SS_Tub,0.62,0.61,0.99,0.53,0.36,0.71,0.85,1.09,1.19,0.59
2131813,11,SS_Tub,0.62,0.61,0.99,0.49,0.33,0.75,0.85,1.09,1.19,0.59
2131813,12,SS_Tub,0.62,0.61,0.99,0.49,0.33,0.75,0.85,1.09,1.19,0.59
2131813,13,Hse_Stk,0.62,0.61,0.99,0.45,0.33,0.75,0.85,1.09,1.19,0.59
2131813,14,SS_Tub,0.62,0.61,0.99,0.45,0.33,0.75,0.85,1.09,1.19,0.59
2131813,15,SS_Tub,0.62,0.61,0.99,0.45,0.33,0.75,0.85,1.09,1.19,0.59
2131813,16,SS_Tub,0.5,0.61,0.99,0.45,0.33,0.75,0.85,1.09,1.19,0.59
2131813,17,Pk_Stk,0.5,0.61,0.99,0.45,0.33,0.74,0.85,1.07,1.19,0.59
2131813,18,SS_Tub,0.5,0.61,0.99,0.45,0.33,0.74,0.85,1.07,1.19,0.59
2131813,19,SS_Tub,0.58,0.25,0.99,0.27,0.33,0.92,0.85,1.07,1.19,0.59
2131813,20,SS_Tub,0.58,0.5,0.99,0.3,0.33,0.72,0.85,1.07,1.19,0.59
2131813,21,Hse_Stk,0.58,0.5,0.99,0.3,0.33,0.72,0.85,1.07,1.19,0.59
2131813,22,SS_Tub,0.58,0.58,0.99,0.33,0.33,0.72,0.85,1.07,1.19,0.59
2131813,23,SS_Tub,0.58,0.25,0.99,0.29,0.33,0.72,0.85,1.07,1.19,0.59
2131813,24,SS_Tub,0.58,0.58,0.99,0.29,0.34,0.69,0.79,1.07,1.19,0.56
2131813,25,SS_Tub,0.19,0.58,0.99,0.29,0.33,0.69,0.79,1.12,1.19,0.56
2131813,26,SS_Tub,0.29,0.5,0.99,0.29,0.33,0.69,0.79,1.09,1.19,0.56
2131813,27,SS_Tub,0.47,0.54,0.99,0.29,0.33,0.69,0.79,1.09,1.19,0.56
2131813,28,SS_Tub,0.58,0.5,0.99,0.29,0.33,0.69,0.79,1.07,1.19,0.56
2131961,1,Pk_Stk,0.67,0.67,1.08,0.57,0.49,0.9,0.85,0.98,1.17,0.6
2131961,2,Pk_Stk,0.63,0.67,0.99,0.57,0.49,0.93,0.85,0.98,1.17,0.58
2131961,3,Pk_Stk,0.63,0.67,1.09,0.57,0.45,0.93,0.85,0.98,1.17,0.59
2131961,4,Pk_Stk,0.66,0.67,1.09,0.57,0.33,0.93,0.85,1.09,1.19,0.59
2131961,5,Pk_Stk,0.29,0.67,1.09,0.57,0.34,0.93,0.85,1.09,1.19,0.33
2131961,6,Pk_Stk,0.62,0.67,1.09,0.57,0.36,0.93,0.85,1.09,1.19,0.59
2131961,7,Pk_Stk,0.62,0.5,1.09,0.57,0.36,0.93,0.85,1.09,1.19,0.59
2131961,8,Pk_Stk,0.62,0.61,0.99,0.57,0.36,0.75,0.85,1.09,1.19,0.59
2131961,9,Pk_Stk,0.62,0.61,0.99,0.45,0.33,0.75,0.85,1.18,1.19,0.59
2131961,10,Pk_Stk,0.58,0.39,0.99,0.45,0.33,0.75,0.85,1.09,1.19,0.59
2131961,11,Pk_Stk,0.5,0.39,0.99,0.19,0.33,0.72,0.85,1.07,1.19,0.59
2131961,12,Pk_Stk,0.58,0.45,0.99,0.45,0.33,0.72,0.85,1.07,1.19,0.59
2131961,13,Pk_Stk,0.29,0.5,0.99,0.33,0.33,0.72,0.85,1.07,1.19,0.59
2132035,1,Pk_Stk,0.63,0.67,0.99,0.57,0.39,0.93,0.85,0.98,1.17,0.59
2132035,2,BB_Stk,0.58,0.39,0.99,0.45,0.33,0.72,0.85,1.07,1.19,0.59
2132035,3,Pk_Tub,0.39,0.58,0.99,0.29,0.34,0.69,0.79,1.11,1.19,0.56
2132035,4,Pk_Stk,0.39,0.58,0.99,0.29,0.34,0.69,0.79,1.11,1.19,0.56
2132035,5,Pk_Stk,0.29,0.5,0.99,0.29,0.33,0.69,0.79,1.09,1.19,0.56
2132035,6,Pk_Stk,0.29,0.51,0.99,0.29,0.34,0.69,0.79,1.09,1.19,0.56
2132035,7,Pk_Stk,0.19,0.58,0.99,0.29,0.34,0.69,0.79,1.09,1.19,0.56
2132068,1,SS_Tub,0.67,0.67,1.08,0.57,0.53,0.83,0.85,0.98,1.17,0.59
2132068,2,Hse_Stk,0.63,0.67,0.99,0.57,0.53,0.93,0.85,0.98,1.17,0.5
2132068,3,SS_Tub,0.63,0.67,0.99,0.57,0.53,0.93,0.85,0.98,1.17,0.5
2132068,4,Hse_Stk,0.63,0.67,0.99,0.57,0.39,0.92,0.85,0.99,1.17,0.5
2132068,5,SS_Tub,0.63,0.67,1.04,0.57,0.39,0.94,0.85,0.98,1.17,0.5
2132068,6,SS_Tub,0.58,0.58,0.99,0.45,0.33,0.75,0.85,1.08,1.19,0.59
2132068,7,BB_Stk,0.58,0.45,0.99,0.45,0.33,0.72,0.85,1.07,1.19,0.59
2132068,8,Hse_Stk,0.58,0.58,0.99,0.29,0.34,0.72,0.85,1.07,1.19,0.59
2132134,1,Pk_Stk,0.5,0.67,1.09,0.57,0.36,0.93,0.85,1.09,1.19,0.33
2132134,2,SS_Tub,0.63,0.67,0.99,0.57,0.36,0.93,0.85,1.09,1.19,0.58
2132134,3,Pk_Stk,0.5,0.39,0.99,0.45,0.33,0.72,0.85,1.07,1.19,0.59
2132134,4,BB_Stk,0.39,0.5,0.99,0.29,0.33,0.69,0.79,1.07,1.19,0.56
2132241,1,Pk_Stk,0.5,0.58,0.99,0.45,0.34,0.72,0.86,1.07,1.19,0.59
2132241,2,Pk_Stk,0.58,0.58,0.99,0.45,0.34,0.72,0.85,1.07,1.19,0.59
2132241,3,Pk_Stk,0.19,0.58,0.99,0.29,0.34,0.69,0.79,1.09,1.19,0.56
2132340,1,BB_Stk,0.58,0.25,0.99,0.29,0.33,0.72,0.85,1.07,1.19,0.59
2132340,2,Pk_Stk,0.19,0.58,0.99,0.29,0.34,0.69,0.79,1.09,1.19,0.56
2132340,3,Pk_Stk,0.19,0.46,0.99,0.29,0.33,0.69,0.79,1.07,1.19,0.56
2132472,1,Pk_Stk,0.29,0.28,0.95,0.58,0.36,0.63,0.79,1.09,1.19,0.59
2132472,2,Hse_Stk,0.62,0.61,1.04,0.29,0.36,0.74,0.85,1.09,1.19,0.59
2132472,3,Pk_Stk,0.62,0.61,0.99,0.57,0.36,0.75,0.85,1.09,1.19,0.59
2132472,4,Pk_Stk,0.62,0.61,0.99,0.45,0.33,0.75,0.85,1.09,1.19,0.59
2132472,5,Pk_Stk,0.25,0.61,0.99,0.45,0.33,0.75,0.85,1.09,1.19,0.59
2132472,6,Pk_Stk,0.29,0.5,0.99,0.33,0.25,0.72,0.85,1.07,1.19,0.59
2132738,1,Pk_Stk,0.66,0.67,1.09,0.57,0.36,0.93,0.85,1.09,1.19,0.33
2132738,2,Pk_Stk,0.66,0.67,1.09,0.57,0.36,0.93,0.85,1.09,1.19,0.33
2132738,3,Pk_Stk,0.63,0.67,1.09,0.57,0.33,0.93,0.85,1.09,1.19,0.33
2132738,4,Pk_Stk,0.29,0.67,1.09,0.57,0.34,0.93,0.85,1.09,1.19,0.33
2132738,5,BB_Stk,0.62,0.5,1.09,0.57,0.36,0.93,0.85,1.09,1.19,0.59
2132738,6,Pk_Stk,0.29,0.5,0.99,0.57,0.36,0.69,0.79,1.09,1.19,0.59
2132738,7,BB_Stk,0.62,0.61,0.99,0.49,0.33,0.75,0.85,1.09,1.19,0.59
2132738,8,Pk_Stk,0.25,0.61,0.99,0.45,0.34,0.75,0.85,1.09,1.19,0.59
2132738,9,Pk_Stk,0.5,0.58,0.99,0.45,0.33,0.72,0.85,1.07,1.19,0.59
2132738,10,BB_Stk,0.58,0.25,0.99,0.29,0.33,0.72,0.85,1.07,1.19,0.59
2132738,11,Pk_Stk,0.39,0.55,0.99,0.29,0.33,0.69,0.79,1.09,1.19,0.56
2132738,12,Pk_Stk,0.19,0.19,0.99,0.29,0.34,0.69,0.79,1.07,1.19,0.56
2132738,13,BB_Stk,0.58,0.19,0.99,0.29,0.34,0.69,0.79,1.07,1.19,0.56
2132795,1,Pk_Stk,0.5,0.5,1.09,0.57,0.36,0.93,0.85,1.09,1.19,0.33
2132795,2,Pk_Stk,0.62,0.61,0.99,0.45,0.33,0.75,0.85,1.09,1.19,0.59
2132795,3,Pk_Stk,0.5,0.58,0.99,0.45,0.34,0.72,0.85,1.07,1.19,0.59
2132795,4,Pk_Stk,0.58,0.45,0.99,0.45,0.33,0.72,0.85,1.07,1.19,0.59
2132795,5,Pk_Stk,0.58,0.45,0.99,0.25,0.29,0.72,0.9,1.11,1.19,0.77
2132795,6,Pk_Stk,0.29,0.51,0.99,0.33,0.33,0.72,0.85,1.07,1.21,0.59
2133058,1,Fl_Stk,0.63,0.59,1.08,0.57,0.39,0.93,0.85,0.98,1.17,0.59
2133058,2,Fl_Tub,0.63,0.59,1.09,0.57,0.45,0.94,0.85,0.98,1.17,0.59
2133058,3,Fl_Tub,0.66,0.45,1.08,0.57,0.36,0.93,0.85,1.09,1.19,0.33
2133058,4,Fl_Tub,0.63,0.59,1.08,0.57,0.36,0.93,0.85,1.09,1.19,0.47
2133058,5,Fl_Tub,0.63,0.59,0.99,0.57,0.36,0.88,0.85,1.09,1.19,0.59
2133058,6,Fl_Tub,0.62,0.5,1.13,0.57,0.36,0.93,0.85,1.16,1.19,0.59
2133058,7,BB_Stk,0.62,0.29,1.09,0.58,0.36,1.38,0.85,1.09,1.19,0.7
2133058,8,Fl_Tub,0.62,0.29,1.09,0.58,0.36,1.38,0.85,1.09,1.19,0.7
2133058,9,Fl_Tub,0.62,0.5,1.09,0.58,0.34,1.07,0.85,1.1,1.19,0.63
2133058,10,Fl_Tub,0.62,0.61,0.99,0.57,0.36,0.73,0.85,1.09,1.19,0.58
2133058,11,Fl_Tub,0.62,0.61,0.99,0.57,0.36,0.76,0.85,1.09,1.19,0.59
2133058,12,Pk_Stk,0.62,0.61,0.99,0.57,0.36,0.75,0.85,1.09,1.19,0.59
2133058,13,Pk_Stk,0.62,0.61,0.99,0.49,0.33,0.75,0.85,1.09,1.19,0.59
2133058,14,Fl_Tub,0.62,0.61,0.99,0.49,0.33,0.75,0.5,1.09,1.19,0.59
2133058,15,Fl_Tub,0.62,0.61,0.99,0.45,0.33,0.75,0.65,1.09,1.19,0.59
2133058,16,Pk_Stk,0.25,0.61,0.99,0.45,0.33,0.75,0.85,1.09,1.19,0.59
2133058,17,Fl_Tub,0.5,0.58,0.99,0.45,0.33,0.72,0.85,1.07,1.19,0.59
2133058,18,Fl_Tub,0.5,0.58,0.99,0.45,0.33,0.72,0.65,1.07,1.19,0.59
2133058,19,Fl_Tub,0.58,0.65,0.99,0.25,0.34,0.72,0.65,1.07,1.19,0.59
2133058,20,Fl_Tub,0.29,0.5,0.99,0.33,0.33,0.72,0.65,1.07,1.19,0.59
2133058,21,Fl_Tub,0.58,0.58,0.99,0.29,0.33,0.69,0.5,1.1,1.19,0.56
2133058,22,Pk_Stk,0.19,0.58,0.99,0.29,0.33,0.69,0.79,1.09,1.19,0.56
2133058,23,Fl_Tub,0.19,0.5,0.99,0.29,0.34,0.69,0.63,1.07,1.19,0.56
2133058,24,Fl_Stk,0.58,0.19,0.99,0.29,0.34,0.69,0.79,1.07,1.19,0.56
2133132,1,Imp_Stk,0.63,0.67,1.09,0.57,0.36,0.93,0.85,1.09,1.19,0.42
2133231,1,Pk_Stk,0.58,0.25,0.99,0.25,0.25,0.72,0.85,1.07,1.19,0.59
2133231,2,Pk_Stk,0.29,0.58,0.99,0.33,0.25,0.72,0.85,1.07,1.19,0.59
2133231,3,Pk_Stk,0.58,0.58,0.99,0.38,0.33,0.69,0.79,1.12,1.19,0.56
2133231,4,Pk_Stk,0.19,0.58,0.99,0.29,0.33,0.69,0.79,1.12,1.19,0.56
2133272,1,Imp_Stk,0.67,0.71,1.08,0.57,0.49,0.83,0.85,0.98,1.17,0.63
2133272,2,Pk_Stk,0.63,0.67,1.09,0.57,0.36,0.93,0.85,1.09,1.19,0.33
2133272,3,Pk_Stk,0.62,0.61,0.99,0.45,0.33,0.75,0.85,1.09,1.19,0.59
2133272,4,Pk_Stk,0.58,0.25,0.99,0.29,0.34,0.72,0.85,1.07,1.19,0.59
2133298,1,Gen_Stk,0.63,0.66,1.09,0.57,0.36,0.93,0.85,1.09,1.19,0.59
2133298,2,Gen_Stk,0.63,0.66,0.99,0.57,0.36,0.89,0.85,1.09,1.19,0.59
2133298,3,Pk_Stk,0.29,0.28,0.95,0.58,0.36,0.63,0.79,1.09,1.19,0.59
2133298,4,Hse_Stk,0.62,0.61,1.04,0.28,0.36,0.74,0.85,1.09,1.19,0.59
2133298,5,Gen_Stk,0.5,0.58,0.99,0.45,0.33,0.72,0.85,1.07,1.19,0.59
2133298,6,BB_Stk,0.58,0.58,0.99,0.45,0.25,0.72,0.85,1.07,1.19,0.59
2133298,7,Hse_Stk,0.39,0.58,0.99,0.29,0.34,0.69,0.79,1.09,1.19,0.56
2133298,8,Hse_Stk,0.19,0.58,0.99,0.29,0.34,0.69,0.79,1.09,1.19,0.56
2133330,1,Hse_Tub,0.66,0.67,1.09,0.57,0.36,0.93,0.85,1.09,1.19,0.33
2133330,2,Gen_Stk,0.29,0.67,1.09,0.57,0.36,0.93,0.85,1.09,1.19,0.33
2133330,3,Gen_Stk,0.63,0.67,1.09,0.57,0.36,0.93,0.85,1.09,1.19,0.59
2133330,4,Gen_Stk,0.63,0.67,1.09,0.57,0.36,0.92,0.85,1.09,1.2,0.53
2133330,5,Gen_Stk,0.63,0.67,0.99,0.57,0.36,0.94,0.85,1.09,1.18,0.59
2133330,6,Hse_Tub,0.62,0.67,1.09,0.57,0.36,0.93,0.85,1.09,1.19,0.59
2133330,7,Gen_Stk,0.62,0.67,1.09,0.57,0.36,0.93,0.85,1.09,1.19,0.59
2133330,8,BB_Stk,0.62,0.29,1.09,0.57,0.36,0.93,0.85,1.09,1.19,0.59
2133330,9,BB_Stk,0.62,0.29,1.09,0.57,0.36,0.93,0.85,1.09,1.19,0.59
2133330,10,Hse_Stk,0.62,0.5,0.99,0.28,0.36,0.75,0.85,1.09,1.19,0.59
2133330,11,Gen_Stk,0.62,0.61,0.99,0.49,0.33,0.75,0.85,1.09,1.19,0.59
2133330,12,Gen_Stk,0.62,0.61,0.99,0.49,0.33,0.75,0.85,1.09,1.19,0.59
2133330,13,Pk_Stk,0.5,0.61,0.99,0.45,0.33,0.74,0.85,1.07,1.19,0.59
2133330,14,Pk_Stk,0.5,0.58,0.99,0.45,0.33,0.71,0.85,1.07,1.19,0.59
2133330,15,BB_Stk,0.58,0.45,1.02,0.25,0.34,0.92,0.85,1.07,1.19,0.59
2133330,16,SS_Tub,0.58,0.25,0.99,0.29,0.33,0.7,0.5,1.07,1.19,0.57
2133330,17,Pk_Stk,0.19,0.58,0.99,0.29,0.33,0.69,0.79,1.12,1.19,0.56
2133496,1,BB_Stk,0.62,0.29,1.09,0.57,0.36,0.93,0.85,1.09,1.19,0.59
2133496,2,Imp_Stk,0.29,0.5,0.99,0.57,0.35,0.69,0.79,1.09,1.19,0.67
2133496,3,Imp_Stk,0.62,0.5,1.09,0.29,0.38,0.75,0.85,1.09,1.19,0.59
2133496,4,Imp_Stk,0.62,0.5,0.99,0.31,0.36,0.75,0.85,1.1,1.19,0.59
2133496,5,Imp_Stk,0.62,0.61,0.99,0.49,0.33,0.75,0.85,1.09,1.19,0.59
2133496,6,Imp_Stk,0.62,0.61,0.99,0.49,0.34,0.75,0.85,1.09,1.19,0.59
2133496,7,Imp_Stk,0.25,0.61,0.99,0.45,0.33,0.75,0.85,1.09,1.19,0.59
2133496,8,Imp_Stk,0.5,0.58,0.99,0.45,0.34,0.72,0.86,1.07,1.19,0.59
2133496,9,Imp_Stk,0.5,0.5,0.99,0.45,0.34,0.72,0.85,1.08,1.19,0.74
2133496,10,Imp_Stk,0.5,0.5,0.99,0.19,0.34,0.72,0.85,1.08,1.19,0.74
2133496,11,Imp_Stk,0.58,0.25,0.99,0.45,0.34,0.72,0.85,1.07,1.19,0.59
2133496,12,Imp_Stk,0.58,0.58,0.99,0.45,0.33,0.72,0.85,1.07,1.19,0.59
2133496,13,Imp_Stk,0.58,0.58,0.99,0.29,0.34,0.72,0.85,1.07,1.2,0.59
2133496,14,Imp_Stk,0.58,0.58,0.99,0.29,0.33,0.69,0.79,1.07,1.19,0.54
2133496,15,Imp_Stk,0.58,0.19,0.99,0.29,0.34,0.69,0.79,1.07,1.19,0.56
2133496,16,Imp_Stk,0.58,0.5,0.99,0.29,0.34,0.69,0.79,1.07,1.19,0.56
2133496,17,Imp_Stk,0.58,0.5,0.99,0.29,0.34,0.69,0.79,1.07,1.19,0.56
2133645,1,SS_Tub,0.62,0.76,1.09,0.57,0.33,0.89,0.85,1.09,1.18,0.59
2133645,2,Gen_Stk,0.62,0.61,0.99,0.57,0.36,0.76,0.85,1.09,1.19,0.59
2133645,3,BB_Stk,0.62,0.61,0.99,0.49,0.33,0.75,0.85,1.09,1.19,0.59
2133645,4,BB_Stk,0.58,0.25,0.99,0.29,0.33,0.72,0.85,1.07,1.19,0.59
2133702,1,Pk_Stk,0.58,0.53,0.99,0.33,0.33,0.72,0.85,1.07,1.18,0.59
2133702,2,BB_Stk,0.58,0.25,0.99,0.29,0.33,0.7,0.89,1.07,1.2,0.62
2133702,3,Pk_Tub,0.58,0.58,0.99,0.29,0.34,0.69,0.79,1.07,1.19,0.57
2133702,4,Pk_Tub,0.29,0.5,0.99,0.29,0.33,0.69,0.79,1.09,1.19,0.56
2133793,1,BB_Stk,0.58,0.25,0.99,0.29,0.34,0.72,0.85,1.07,1.19,0.59
2133793,2,Pk_Stk,0.39,0.51,0.99,0.29,0.34,0.69,0.79,1.09,1.19,0.56
2133843,1,BB_Stk,0.66,0.5,1.09,0.57,0.33,0.93,0.85,1.09,1.19,0.59
2133843,2,Pk_Stk,0.19,0.59,1.08,0.57,0.42,1.03,0.85,1.09,1.19,0.6
2133843,3,BB_Stk,0.58,0.39,0.99,0.45,0.33,0.72,0.85,1.07,1.19,0.59
2133843,4,BB_Stk,0.58,0.58,0.99,0.29,0.33,0.69,0.79,1.12,1.19,0.56
2133843,5,BB_Stk,0.39,0.19,0.99,0.29,0.33,0.69,0.79,1.07,1.19,0.56
2133868,1,Pk_Stk,0.29,0.5,0.99,0.57,0.36,0.69,0.79,1.09,1.19,0.59
2133868,2,Pk_Stk,0.29,0.5,0.99,0.29,0.33,0.69,0.79,1.09,1.19,0.56
2133983,1,Gen_Stk,0.62,0.67,1.09,0.57,0.36,0.93,0.85,1.09,1.19,0.59
2133983,2,BB_Stk,0.62,0.29,1.09,0.58,0.36,1.38,0.85,1.09,1.19,0.7
2133983,3,Pk_Stk,0.29,0.5,0.99,0.57,0.36,0.69,0.79,1.09,1.19,0.59
2133983,4,BB_Stk,0.62,0.5,1.09,0.58,0.34,1.07,0.85,1.1,1.19,0.63
2133983,5,Hse_Stk,0.62,0.61,1.09,0.28,0.36,0.75,0.85,1.09,1.19,0.59
2133983,6,Pk_Stk,0.62,0.61,0.99,0.57,0.36,0.75,0.85,1.09,1.19,0.59
2133983,7,BB_Stk,0.62,0.61,0.99,0.49,0.33,0.75,0.85,1.09,1.19,0.59
2133983,8,BB_Stk,0.62,0.61,0.99,0.45,0.33,0.75,0.85,1.09,1.19,0.59
2133983,9,BB_Stk,0.58,0.45,0.99,0.45,0.33,0.72,0.85,1.07,1.19,0.59
2133983,10,BB_Stk,0.58,0.45,0.99,0.45,0.33,0.72,0.85,1.07,1.19,0.59
2133983,11,Hse_Stk,0.58,0.65,0.99,0.25,0.34,0.72,0.85,1.07,1.19,0.59
2133983,12,Pk_Stk,0.29,0.51,0.99,0.29,0.33,0.72,0.85,1.07,1.19,0.59
2133983,13,Pk_Stk,0.19,0.58,0.99,0.29,0.34,0.69,0.79,1.11,1.19,0.56
2133983,14,Pk_Stk,0.19,0.58,0.99,0.29,0.34,0.69,0.79,1.09,1.19,0.56
2134015,1,Fl_Stk,0.39,0.19,0.99,0.29,0.34,0.69,0.79,1.07,1.19,0.56
2134015,2,Fl_Tub,0.39,0.19,0.99,0.29,0.34,0.69,0.79,1.07,1.19,0.56
2134114,1,Hse_Stk,0.62,0.61,0.99,0.49,0.33,0.75,0.85,1.09,1.19,0.59
2134114,2,Hse_Stk,0.62,0.61,0.99,0.45,0.33,0.75,0.85,1.09,1.19,0.59
2134114,3,Gen_Stk,0.62,0.61,0.99,0.45,0.33,0.75,0.85,1.09,1.19,0.59
2134114,4,Pk_Stk,0.5,0.58,0.99,0.45,0.33,0.72,0.85,1.07,1.19,0.59
2134114,5,BB_Stk,0.58,0.39,0.99,0.45,0.33,0.72,0.85,1.07,1.19,0.59
2134114,6,Hse_Stk,0.58,0.58,0.99,0.25,0.33,0.72,0.85,1.07,1.19,0.59
2134114,7,Hse_Stk,0.58,0.58,0.99,0.25,0.33,0.72,0.65,1.07,1.19,0.59
2134114,8,Pk_Stk,0.19,0.58,0.99,0.29,0.33,0.69,0.79,1.12,1.19,0.56
2134114,9,Pk_Stk,0.29,0.5,0.99,0.29,0.33,0.69,0.79,1.09,1.19,0.56
2134130,1,BB_Stk,0.66,0.5,1.09,0.57,0.33,0.93,0.85,1.09,1.19,0.59
2134130,2,Pk_Stk,0.19,0.5,1.09,0.57,0.36,0.93,0.85,1.09,1.19,0.59
2134130,3,Pk_Stk,0.62,0.61,0.99,0.57,0.36,0.75,0.85,1.09,1.19,0.59
2134130,4,Pk_Stk,0.29,0.5,0.99,0.33,0.34,0.72,0.85,1.07,1.19,0.59
2134254,1,Pk_Stk,0.29,0.5,0.99,0.57,0.36,0.69,0.79,1.09,1.19,0.59
2134254,2,Hse_Stk,0.62,0.61,0.99,0.45,0.34,0.75,0.85,1.09,1.19,0.59
2134254,3,Pk_Stk,0.25,0.61,0.99,0.45,0.33,0.75,0.85,1.09,1.19,0.59
2134254,4,BB_Stk,0.58,0.25,0.99,0.25,0.33,0.72,0.85,1.07,1.19,0.59
2134304,1,SS_Tub,0.62,0.67,1.09,0.57,0.36,0.93,0.75,1.09,1.19,0.59
2134304,2,BB_Stk,0.62,0.61,0.99,0.45,0.33,0.75,0.85,1.09,1.19,0.59
2134304,3,BB_Stk,0.58,0.45,0.99,0.45,0.33,0.72,0.85,1.07,1.19,0.59
2134304,4,Pk_Stk,0.19,0.58,0.99,0.29,0.33,0.69,0.79,1.12,1.19,0.56
2134346,1,Pk_Stk,0.62,0.5,1.09,0.57,0.36,0.93,0.85,1.1,1.19,0.59
2134346,2,Pk_Stk,0.62,0.61,1.09,0.57,0.34,1.07,0.85,1.09,1.19,0.59
2134346,3,SS_Tub,0.62,0.61,1.09,0.29,0.36,0.75,0.85,1.09,1.19,0.59
2134346,4,Pk_Stk,0.62,0.61,1.09,0.29,0.36,0.75,0.85,1.09,1.19,0.59
2134346,5,BB_Stk,0.62,0.61,0.99,0.49,0.33,0.75,0.85,1.09,1.19,0.59
2134346,6,BB_Stk,0.62,0.61,0.99,0.45,0.33,0.75,0.85,1.09,1.19,0.59
2134346,7,Hse_Stk,0.62,0.61,0.99,0.45,0.33,0.75,0.85,1.09,1.19,0.59
2134346,8,BB_Stk,0.58,0.25,0.99,0.29,0.34,0.72,0.85,1.07,1.19,0.59
2134346,9,Pk_Stk,0.29,0.45,0.99,0.29,0.33,0.69,0.79,1.09,1.19,0.56
2134577,1,Fl_Tub,0.63,0.67,1.09,0.57,0.33,0.93,0.85,1.09,1.19,0.33
2134577,2,Fl_Stk,0.62,0.61,0.99,0.49,0.33,0.75,0.65,1.09,1.19,0.59
2134577,3,SS_Tub,0.62,0.61,0.99,0.49,0.33,0.75,0.85,1.09,1.19,0.59
2134577,4,Fl_Tub,0.62,0.61,0.99,0.45,0.33,0.75,0.85,1.09,1.19,0.59
2134577,5,SS_Tub,0.5,0.58,0.99,0.45,0.33,0.72,0.85,1.07,1.19,0.59
2134577,6,Fl_Tub,0.5,0.58,0.99,0.45,0.33,0.72,0.85,1.07,1.19,0.59
2134577,7,Fl_Stk,0.58,0.44,0.99,0.45,0.33,0.72,0.65,1.07,1.19,0.59
2134577,8,BB_Stk,0.29,0.5,0.99,0.29,0.33,0.69,0.79,1.09,1.19,0.56
2134577,9,Pk_Stk,0.39,0.55,0.99,0.29,0.33,0.69,0.79,1.09,1.19,0.56
2134577,10,Imp_Stk,0.19,0.19,0.99,0.29,0.34,0.69,0.79,1.07,1.19,0.56
2134577,11,Fl_Tub,0.19,0.19,0.99,0.29,0.34,0.69,0.79,1.07,1.19,0.56
2134676,1,SS_Tub,0.63,0.67,1.08,0.57,0.33,0.93,0.7,0.98,1.17,0.59
2134676,2,SS_Tub,0.63,0.67,1.08,0.57,0.45,0.93,0.7,0.98,1.17,0.59
2134676,3,SS_Tub,0.58,0.61,0.99,0.45,0.34,0.75,0.85,1.09,1.19,0.59
2134742,1,Fl_Stk,0.58,0.25,0.99,0.25,0.33,0.72,0.85,1.07,1.19,0.59
2134742,2,Pk_Stk,0.29,0.51,0.99,0.29,0.33,0.72,0.85,1.07,1.19,0.59
2134742,3,SS_Tub,0.58,0.63,0.99,0.35,0.33,0.72,0.5,1.07,1.19,0.59
2134742,4,Pk_Stk,0.39,0.58,0.99,0.29,0.33,0.69,0.79,1.1,1.19,0.56
2134742,5,Pk_Stk,0.29,0.5,0.99,0.29,0.33,0.69,0.79,1.09,1.19,0.56
2134742,6,Fl_Tub,0.29,0.5,0.99,0.29,0.33,0.69,0.79,1.09,1.19,0.56
2134742,7,Pk_Stk,0.39,0.55,0.99,0.29,0.33,0.69,0.79,1.09,1.19,0.56
2134742,8,Pk_Stk,0.19,0.58,0.99,0.29,0.34,0.69,0.79,1.09,1.19,0.56
2134742,9,Pk_Stk,0.19,0.47,0.99,0.29,0.34,0.69,0.79,1.07,1.19,0.56
2134874,1,BB_Stk,0.63,0.59,0.99,0.57,0.49,0.79,0.85,0.98,1.17,0.59
2134874,2,BB_Stk,0.63,0.59,0.99,0.57,0.49,0.79,0.85,0.98,1.17,0.59
2134874,3,Fl_Stk,0.63,0.59,0.99,0.57,0.49,0.79,0.85,0.98,1.17,0.59
2134874,4,Pk_Stk,0.66,0.59,1.08,0.57,0.33,1.01,0.85,1.14,1.19,0.59
2134874,5,Pk_Stk,0.19,0.59,1.08,0.57,0.42,1.03,0.85,1.09,1.19,0.6
2134874,6,Pk_Stk,0.19,0.45,1.08,0.57,0.36,0.93,0.85,1.09,1.19,0.33
2134874,7,Pk_Stk,0.63,0.59,0.99,0.57,0.36,0.88,0.85,1.09,1.19,0.59
2134874,8,Pk_Tub,0.62,0.59,1.09,0.57,0.36,0.93,0.87,1.09,1.24,0.65
2134874,9,Pk_Stk,0.62,0.59,1.09,0.57,0.36,0.93,0.87,1.09,1.24,0.65
2134874,10,BB_Stk,0.62,0.29,1.09,0.58,0.36,1.38,0.85,1.09,1.19,0.7
2134874,11,BB_Stk,0.62,0.61,0.99,0.49,0.33,0.75,0.85,1.09,1.19,0.59
2134874,12,Pk_Stk,0.5,0.58,0.99,0.45,0.33,0.72,0.85,1.07,1.19,0.59
2134874,13,BB_Stk,0.29,0.5,0.99,0.33,0.33,0.72,0.85,1.07,1.19,0.59
2134890,1,Hse_Stk,0.66,0.68,1.09,0.57,0.36,1.02,0.85,1.1,1.19,0.33
2134890,2,Gen_Stk,0.62,0.67,1.09,0.57,0.36,0.93,0.85,1.09,1.19,0.59
2134890,3,Gen_Stk,0.62,0.67,1.09,0.57,0.36,0.93,0.85,1.09,1.19,0.59
2134890,4,Gen_Stk,0.29,0.5,0.99,0.57,0.36,0.69,0.79,1.09,1.19,0.59
2134890,5,Hse_Stk,0.62,0.61,0.99,0.45,0.34,0.75,0.85,1.09,1.19,0.59
2134890,6,Gen_Stk,0.5,0.58,0.99,0.45,0.33,0.72,0.85,1.07,1.19,0.59
2134890,7,Hse_Stk,0.58,0.58,0.99,0.29,0.33,0.69,0.82,1.07,1.19,0.59
2134890,8,Hse_Stk,0.39,0.58,0.99,0.29,0.33,0.69,0.79,1.07,1.19,0.56
2135186,1,Fl_Tub,0.63,0.59,0.99,0.57,0.39,0.79,0.85,0.98,1.17,0.59
2135186,2,Fl_Tub,0.63,0.67,1.09,0.57,0.39,0.93,0.85,0.98,1.17,0.59
2135186,3,Fl_Tub,0.66,0.59,0.99,0.57,0.33,0.93,0.85,1.09,1.19,0.59
2135186,4,BB_Stk,0.58,0.45,0.99,0.45,0.33,0.72,0.85,1.07,1.19,0.59
2135186,5,Fl_Tub,0.58,0.58,0.99,0.29,0.33,0.7,0.79,1.07,1.19,0.57
2135251,1,Gen_Stk,0.63,0.59,1.08,0.57,0.45,0.93,0.85,0.98,1.17,0.59
2135251,2,Gen_Stk,0.66,0.59,1.11,0.57,0.45,0.96,0.85,1.09,1.19,0.59
2135251,3,Pk_Stk,0.19,0.59,1.08,0.57,0.42,1.03,0.85,1.09,1.19,0.6
2135251,4,Hse_Tub,0.66,0.45,1.08,0.57,0.36,0.93,0.85,1.09,1.19,0.33
2135251,5,Gen_Stk,0.66,0.59,1.08,0.57,0.36,0.93,0.85,1.09,1.19,0.33
2135251,6,Gen_Stk,0.63,0.59,1.08,0.57,0.33,0.93,0.85,1.09,1.19,0.33
2135251,7,Pk_Stk,0.29,0.59,1.08,0.57,0.34,0.93,0.85,1.09,1.19,0.33
2135251,8,Pk_Stk,0.63,0.6,1.08,0.57,0.36,0.96,0.85,1.09,1.19,0.59
2135251,9,Gen_Stk,0.63,0.6,1.08,0.57,0.36,0.96,0.85,1.09,1.19,0.59
2135251,10,Gen_Stk,0.62,0.5,1.13,0.57,0.36,0.93,0.85,1.16,1.19,0.59
2135251,11,Pk_Stk,0.62,0.61,0.99,0.57,0.36,0.75,0.85,1.09,1.19,0.59
2135251,12,Gen_Stk,0.62,0.61,0.99,0.49,0.33,0.75,0.85,1.09,1.19,0.59
2135251,13,Hse_Stk,0.62,0.61,0.99,0.45,0.34,0.75,0.85,1.09,1.19,0.59
2135251,14,Gen_Stk,0.58,0.6,0.99,0.45,0.33,0.75,0.85,1.07,1.19,0.59
2135251,15,Pk_Stk,0.5,0.58,0.99,0.45,0.33,0.72,0.85,1.07,1.19,0.59
2135251,16,SS_Tub,0.5,0.58,0.99,0.45,0.34,0.72,0.85,1.07,1.19,0.59
2135251,17,Gen_Stk,0.58,0.58,0.99,0.45,0.33,0.72,0.85,1.07,1.19,0.59
2135251,18,Gen_Stk,0.58,0.45,0.99,0.45,0.33,0.72,0.85,1.07,1.19,0.59
2135251,19,Gen_Stk,0.58,0.45,0.99,0.45,0.33,0.72,0.85,1.07,1.19,0.59
2135251,20,Gen_Stk,0.58,0.45,0.99,0.45,0.33,0.72,0.85,1.07,1.19,0.59
2135251,21,Hse_Stk,0.58,0.25,0.99,0.25,0.33,0.72,0.85,1.07,1.19,0.59
2135251,22,Pk_Stk,0.29,0.56,0.99,0.33,0.33,0.72,0.85,1.07,1.19,0.59
2135251,23,Hse_Stk,0.29,0.56,0.99,0.33,0.33,0.72,0.85,1.07,1.19,0.59
2135251,24,Hse_Stk,0.58,0.58,0.99,0.29,0.34,0.69,0.79,1.07,1.19,0.57
2135251,25,Hse_Stk,0.58,0.58,0.99,0.29,0.33,0.69,0.79,1.1,1.19,0.56
2135251,26,Pk_Stk,0.19,0.58,0.99,0.29,0.33,0.69,0.79,1.09,1.19,0.56
2135251,27,Pk_Stk,0.39,0.5,0.99,0.29,0.33,0.69,0.79,1.09,1.19,0.56
2135251,28,Hse_Stk,0.19,0.58,0.99,0.29,0.33,0.69,0.79,1.09,1.19,0.56
2135251,29,Hse_Stk,0.58,0.55,0.99,0.29,0.34,0.69,0.79,1.09,1.19,0.56
2135251,30,Hse_Stk,0.58,0.63,0.99,0.29,0.34,0.69,0.79,1.07,1.19,0.56
2135442,1,Pk_Stk,0.63,0.59,0.99,0.57,0.39,0.79,0.85,0.98,1.17,0.59
2135442,2,Hse_Tub,0.19,0.67,1.09,0.57,0.34,0.93,0.85,1.09,1.19,0.33
2135442,3,SS_Tub,0.63,0.6,1.08,0.57,0.36,0.96,0.85,1.09,1.19,0.59
2135442,4,Gen_Stk,0.62,0.5,1.09,0.57,0.36,0.93,0.85,1.09,1.19,0.59
2135442,5,SS_Tub,0.29,0.5,1.01,0.57,0.36,0.69,0.79,1.09,1.19,0.59
2135442,6,Hse_Stk,0.58,0.67,1.08,0.25,0.33,0.72,0.85,1.07,1.19,0.59
2135442,7,Hse_Stk,0.47,0.54,0.99,0.29,0.33,0.69,0.79,1.09,1.19,0.56
2135525,1,BB_Stk,0.62,0.61,0.99,0.45,0.33,0.75,0.85,1.18,1.19,0.59
2135525,2,BB_Stk,0.62,0.39,0.99,0.45,0.33,0.75,0.85,1.09,1.19,0.59
2135525,3,BB_Stk,0.58,0.39,0.99,0.45,0.33,0.72,0.85,1.07,1.19,0.59
2135525,4,Hse_Stk,0.58,0.58,0.99,0.25,0.33,0.72,0.85,1.07,1.19,0.59
2135525,5,Pk_Stk,0.29,0.5,0.99,0.33,0.33,0.72,0.85,1.07,1.19,0.59
2135566,1,Pk_Stk,0.19,0.67,1.09,0.57,0.33,0.93,0.85,1.09,1.19,0.52
2135566,2,Pk_Stk,0.19,0.67,1.09,0.57,0.33,0.93,0.85,1.09,1.19,0.52
2135566,3,Pk_Stk,0.66,0.67,1.09,0.57,0.36,0.93,0.85,1.09,1.19,0.33
2135566,4,Pk_Stk,0.63,0.67,1.09,0.57,0.36,0.93,0.85,1.09,1.19,0.59
2135566,5,Fl_Stk,0.62,0.67,1.09,0.57,0.36,0.93,0.85,1.09,1.19,0.59
2135566,6,Pk_Stk,0.62,0.61,1.09,0.29,0.36,0.75,0.85,1.09,1.19,0.59
2135566,7,Pk_Stk,0.62,0.61,0.99,0.57,0.36,0.75,0.85,1.09,1.19,0.59
2135566,8,Fl_Stk,0.62,0.61,0.99,0.45,0.33,0.75,0.85,1.09,1.19,0.59
2135566,9,BB_Stk,0.58,0.58,0.99,0.45,0.33,0.72,0.85,1.07,1.19,0.59
2135566,10,Fl_Tub,0.58,0.44,0.99,0.45,0.33,0.72,0.85,1.07,1.19,0.59
2135566,11,BB_Stk,0.58,0.45,0.99,0.45,0.33,0.72,0.85,1.07,1.19,0.59
2135608,1,Pk_Stk,0.62,0.61,0.99,0.49,0.33,0.75,0.85,1.09,1.19,0.59
2135608,2,Pk_Stk,0.29,0.51,0.99,0.33,0.33,0.72,0.85,1.07,1.21,0.59
2135749,1,Fl_Stk,0.62,0.61,0.99,0.49,0.34,0.75,0.85,1.09,1.19,0.59
2135749,2,Imp_Stk,0.5,0.58,0.99,0.19,0.33,0.72,0.85,1.07,1.19,0.59
2135863,1,Gen_Stk,0.66,0.67,1.09,0.57,0.36,0.93,0.85,1.09,1.19,0.33
2135863,2,Gen_Stk,0.66,0.67,1.09,0.57,0.36,0.93,0.85,1.09,1.19,0.33
2135863,3,Gen_Stk,0.66,0.67,1.09,0.57,0.36,0.93,0.85,1.09,1.19,0.33
2135863,4,Gen_Stk,0.66,0.67,1.09,0.57,0.33,0.93,0.85,1.09,1.19,0.33
2135863,5,Gen_Stk,0.63,0.67,1.09,0.57,0.33,0.93,0.85,1.09,1.19,0.33
2135863,6,Gen_Stk,0.63,0.67,1.09,0.57,0.36,0.93,0.85,1.09,1.19,0.34
2135863,7,Gen_Stk,0.63,0.7,0.99,0.57,0.36,0.93,0.85,1.09,1.19,0.89
2135863,8,Gen_Stk,0.63,0.67,0.99,0.57,0.36,1.03,0.85,1.09,1.19,0.37
2135863,9,Gen_Stk,0.63,0.66,0.99,0.57,0.36,0.93,0.85,1.09,1.19,0.69
2135863,10,BB_Stk,0.62,0.29,1.09,0.57,0.36,0.93,0.85,1.09,1.19,0.59
2135863,11,Gen_Stk,0.62,0.5,1.09,0.57,0.36,0.93,0.85,1.09,1.19,0.59
2135863,12,Pk_Stk,0.29,0.5,0.99,0.57,0.36,0.69,0.79,1.09,1.19,0.59
2135863,13,Gen_Stk,0.62,0.5,1.09,0.57,0.33,1.02,0.85,1.09,1.19,0.59
2135863,14,Gen_Stk,0.62,0.61,1.09,0.57,0.36,0.69,0.85,1.09,1.19,0.59
2135863,15,Gen_Stk,0.62,0.61,1.09,0.57,0.36,0.69,0.85,1.09,1.19,0.59
2135863,16,Gen_Stk,0.62,0.61,0.99,0.57,0.36,0.75,0.85,1.09,1.19,0.56
2135863,17,Pk_Stk,0.62,0.61,0.99,0.57,0.36,0.75,0.85,1.09,1.19,0.59
2135863,18,Gen_Stk,0.62,0.61,0.99,0.57,0.36,0.75,0.85,1.09,1.19,0.59
2135863,19,Gen_Stk,0.62,0.61,0.99,0.49,0.33,0.75,0.85,1.09,1.19,0.59
2135863,20,Gen_Stk,0.62,0.61,0.99,0.45,0.33,0.75,0.85,1.09,1.19,0.59
2135863,21,BB_Stk,0.62,0.61,0.99,0.45,0.33,0.75,0.85,1.09,1.19,0.59
2135863,22,Hse_Stk,0.62,0.61,0.99,0.45,0.33,0.75,0.85,1.09,1.19,0.59
2135863,23,Pk_Stk,0.25,0.61,0.99,0.45,0.33,0.72,0.85,1.07,1.19,0.59
2135863,24,Gen_Stk,0.5,0.58,0.99,0.45,0.33,0.72,0.85,1.07,1.19,0.59
2135863,25,Gen_Stk,0.5,0.58,0.99,0.45,0.33,0.72,0.85,1.07,1.19,0.59
2135863,26,Gen_Stk,0.5,0.58,0.99,0.19,0.33,0.72,0.85,1.07,1.19,0.59
2135863,27,Gen_Stk,0.58,0.45,0.99,0.45,0.33,0.72,0.85,1.07,1.19,0.59
2135863,28,Gen_Stk,0.58,0.25,0.99,0.25,0.33,0.72,0.85,1.07,1.19,0.59
2135863,29,Gen_Stk,0.58,0.58,0.99,0.29,0.33,0.72,0.85,1.07,1.19,0.59
2135863,30,Hse_Stk,0.58,0.5,0.99,0.33,0.34,0.72,0.85,1.07,1.19,0.59
2135863,31,Gen_Stk,0.58,0.63,0.99,0.35,0.33,0.72,0.85,1.07,1.19,0.59
2135863,32,Pk_Stk,0.19,0.58,0.99,0.29,0.33,0.69,0.79,1.1,1.19,0.56
2135863,33,Gen_Stk,0.39,0.58,0.99,0.29,0.33,0.69,0.79,1.1,1.19,0.56
2135863,34,Hse_Stk,0.39,0.55,0.99,0.29,0.33,0.69,0.79,1.09,1.19,0.56
2135863,35,Pk_Stk,0.19,0.58,0.99,0.29,0.34,0.69,0.79,1.09,1.19,0.56
2135863,36,Hse_Stk,0.19,0.47,0.99,0.29,0.34,0.69,0.79,1.07,1.19,0.56
2135863,37,Hse_Stk,0.58,0.19,0.99,0.29,0.34,0.69,0.79,1.07,1.19,0.56
2135863,38,Hse_Stk,0.58,0.5,0.99,0.29,0.33,0.69,0.79,1.07,1.19,0.56
2135863,39,Hse_Stk,0.58,0.5,0.99,0.29,0.33,0.69,0.79,1.07,1.19,0.56
2135863,40,Hse_Stk,0.58,0.58,0.99,0.29,0.33,0.69,0.79,1.07,1.19,0.56
2135962,1,Pk_Stk,0.66,0.67,1.09,0.57,0.45,0.93,0.85,0.98,1.17,0.59
2135962,2,Gen_Stk,0.66,0.5,1.09,0.57,0.33,0.93,0.85,1.09,1.19,0.59
2135962,3,Fl_Tub,0.19,0.5,1.09,0.57,0.36,0.93,0.85,1.09,1.19,0.59
2135962,4,Fl_Tub,0.5,0.67,1.09,0.57,0.36,0.93,0.85,1.09,1.19,0.33
2135962,5,Pk_Tub,0.5,0.67,1.09,0.57,0.33,0.93,0.85,1.09,1.19,0.33
2135962,6,Fl_Tub,0.62,0.67,1.09,0.57,0.36,0.93,0.85,1.09,1.19,0.59
2135962,7,Fl_Tub,0.29,0.5,0.99,0.57,0.35,0.69,0.79,1.09,1.19,0.67
2135962,8,Fl_Tub,0.62,0.61,0.99,0.49,0.33,0.75,0.85,1.09,1.19,0.59
2135962,9,Fl_Tub,0.58,0.25,0.99,0.45,0.34,0.72,0.85,1.07,1.19,0.59
2135988,1,Hse_Stk,0.66,0.67,1.09,0.57,0.36,0.93,0.85,1.09,1.19,0.33
2135988,2,Gen_Stk,0.63,0.67,1.09,0.57,0.33,0.93,0.85,1.09,1.19,0.33
2135988,3,Hse_Stk,0.63,0.67,1.08,0.57,0.36,0.93,0.85,1.09,1.19,0.59
2135988,4,Gen_Stk,0.62,0.5,1.09,0.57,0.36,0.93,0.79,1.09,1.19,0.59
2135988,5,Pk_Stk,0.62,0.61,0.99,0.49,0.33,0.75,0.85,1.09,1.19,0.59
2135988,6,BB_Stk,0.62,0.61,0.99,0.45,0.33,0.75,0.85,1.09,1.19,0.59
2135988,7,Hse_Stk,0.62,0.61,0.99,0.45,0.33,0.75,0.85,1.09,1.19,0.59
2135988,8,Hse_Stk,0.62,0.61,0.99,0.45,0.33,0.75,0.85,1.09,1.19,0.59
2135988,9,Pk_Stk,0.29,0.45,0.99,0.29,0.33,0.69,0.79,1.09,1.19,0.56
2135988,10,Hse_Stk,0.19,0.58,0.99,0.29,0.33,0.69,0.79,1.09,1.19,0.56
2135988,11,Hse_Stk,0.58,0.58,0.99,0.29,0.34,0.69,0.79,1.07,1.19,0.56
2136051,1,SS_Tub,0.63,0.67,1.09,0.57,0.36,0.93,0.85,1.09,1.2,0.33
2136051,2,Pk_Stk,0.29,0.5,1.01,0.57,0.36,0.69,0.79,1.09,1.19,0.59
2136051,3,SS_Tub,0.29,0.5,1.01,0.57,0.36,0.69,0.79,1.09,1.19,0.59
2136051,4,SS_Tub,0.62,0.61,1.09,0.29,0.36,0.75,0.85,1.09,1.19,0.59
2136051,5,SS_Tub,0.62,0.61,0.99,0.49,0.33,0.75,0.85,1.09,1.19,0.59
2136051,6,SS_Tub,0.62,0.61,0.99,0.45,0.33,0.75,0.85,1.09,1.19,0.59
2136051,7,SS_Tub,0.5,0.61,0.99,0.45,0.33,0.74,0.85,1.07,1.19,0.59
2136051,8,SS_Tub,0.58,0.45,0.99,0.29,0.33,0.72,0.85,1.07,1.19,0.59
2136051,9,Hse_Stk,0.58,0.45,0.99,0.29,0.33,0.72,0.85,1.07,1.19,0.59
2136051,10,Pk_Stk,0.29,0.5,0.99,0.3,0.33,0.72,0.85,1.07,1.19,0.59
2136051,11,SS_Tub,0.58,0.58,0.99,0.33,0.33,0.72,0.85,1.07,1.19,0.59
2136051,12,SS_Tub,0.58,0.58,0.99,0.29,0.33,0.7,0.5,1.07,1.19,0.57
2136143,1,Pk_Stk,0.29,0.5,0.99,0.57,0.36,0.69,0.79,1.09,1.19,0.59
2136143,2,BB_Stk,0.62,0.61,0.99,0.57,0.36,0.76,0.85,1.09,1.19,0.59
2136143,3,Pk_Stk,0.62,0.61,0.99,0.57,0.36,0.75,0.85,1.09,1.19,0.59
2136143,4,Pk_Stk,0.5,0.58,0.99,0.45,0.33,0.72,0.85,1.07,1.19,0.59
2136143,5,BB_Stk,0.58,0.45,0.99,0.45,0.33,0.72,0.85,1.07,1.19,0.59
2136143,6,Pk_Stk,0.58,0.58,0.99,0.33,0.33,0.72,0.85,1.07,1.19,0.59
2136143,7,BB_Stk,0.58,0.25,0.99,0.29,0.33,0.72,0.85,1.07,1.19,0.59
2136143,8,BB_Stk,0.58,0.58,0.99,0.29,0.34,0.69,0.79,1.07,1.19,0.57
2136143,9,Pk_Stk,0.19,0.58,0.99,0.29,0.33,0.69,0.79,1.09,1.19,0.56
2136176,1,Hse_Stk,0.62,0.61,0.99,0.45,0.34,0.75,0.85,1.09,1.19,0.59
2136176,2,Pk_Stk,0.25,0.61,0.99,0.45,0.33,0.75,0.85,1.09,1.19,0.59
2136176,3,Hse_Stk,0.58,0.58,0.99,0.29,0.34,0.72,0.85,1.07,1.19,0.59
2136176,4,BB_Stk,0.58,0.25,0.99,0.29,0.33,0.72,0.85,1.07,1.19,0.59
2136176,5,Pk_Stk,0.19,0.58,0.99,0.29,0.34,0.69,0.79,1.11,1.19,0.56
2136176,6,Pk_Stk,0.19,0.58,0.99,0.29,0.33,0.69,0.79,1.09,1.19,0.56
2136267,1,Pk_Stk,0.66,0.67,1.08,0.57,0.33,0.93,0.85,1.09,1.19,0.59
2136267,2,BB_Stk,0.62,0.29,1.09,0.57,0.36,0.93,0.85,1.09,1.19,0.59
2136267,3,Hse_Stk,0.62,0.5,1.09,0.29,0.38,0.75,0.85,1.09,1.19,0.59
2136267,4,Pk_Stk,0.5,0.5,0.99,0.19,0.34,0.72,0.85,1.08,1.19,0.74
2136267,5,Pk_Stk,0.58,0.45,0.99,0.45,0.33,0.79,0.89,1.09,1.19,0.68
2136267,6,Pk_Tub,0.58,0.58,0.99,0.45,0.33,0.72,0.85,1.07,1.19,0.59
2136267,7,Pk_Stk,0.29,0.51,0.99,0.33,0.33,0.72,0.85,1.07,1.21,0.59
2136275,1,BB_Stk,0.62,0.29,1.09,0.57,0.36,0.94,0.85,1.09,1.19,0.59
2136275,2,Pk_Stk,0.29,0.5,0.99,0.57,0.36,0.69,0.79,1.09,1.19,0.59
2136275,3,Pk_Stk,0.25,0.39,0.99,0.45,0.33,0.75,0.85,1.09,1.19,0.59
2136275,4,Pk_Stk,0.5,0.39,0.99,0.45,0.33,0.72,0.85,1.07,1.19,0.59
2136275,5,Fl_Tub,0.58,0.58,0.99,0.45,0.33,0.72,0.85,1.07,1.19,0.59
2136275,6,Pk_Tub,0.58,0.58,0.99,0.29,0.33,0.69,0.79,1.12,1.19,0.56
2136275,7,Pk_Stk,0.29,0.51,0.99,0.29,0.34,0.69,0.79,1.09,1.19,0.56
2136275,8,BB_Stk,0.39,0.19,0.99,0.29,0.34,0.69,0.79,1.07,1.19,0.56
2136275,9,Fl_Tub,0.39,0.19,0.99,0.29,0.34,0.69,0.79,1.07,1.19,0.56
2136283,1,Pk_Stk,0.63,0.67,0.99,0.57,0.36,0.94,0.85,1.09,1.18,0.59
2136283,2,Pk_Tub,0.63,0.67,0.99,0.57,0.36,0.94,0.85,1.09,1.18,0.59
2136283,3,Pk_Stk,0.63,0.67,1.02,0.57,0.36,0.93,0.85,1.09,1.19,0.59
2136283,4,Pk_Stk,0.62,0.67,1.02,0.57,0.36,0.93,0.85,1.09,1.19,0.59
2136283,5,Pk_Stk,0.62,0.67,1.09,0.57,0.36,0.93,0.85,1.09,1.19,0.59
2136283,6,Pk_Stk,0.62,0.67,1.09,0.57,0.36,0.93,0.85,1.09,1.19,0.59
2136283,7,Pk_Stk,0.29,0.5,1.01,0.57,0.36,0.69,0.79,1.09,1.19,0.59
2136283,8,SS_Tub,0.62,0.6,0.99,0.33,0.36,0.79,0.85,1.09,1.19,0.57
2136283,9,Pk_Stk,0.62,0.61,0.99,0.49,0.33,0.75,0.85,1.09,1.19,0.59
2136283,10,BB_Stk,0.62,0.61,0.99,0.49,0.33,0.75,0.85,1.09,1.19,0.59
2136283,11,Hse_Stk,0.58,0.45,1.02,0.25,0.34,0.92,0.85,1.07,1.19,0.59
2136283,12,BB_Stk,0.58,0.25,0.99,0.27,0.33,0.92,0.85,1.07,1.19,0.59
2136283,13,Pk_Stk,0.19,0.51,0.99,0.29,0.33,0.69,0.79,1.09,1.19,0.56
2136283,14,Pk_Stk,0.19,0.51,0.99,0.29,0.33,0.69,0.79,1.09,1.19,0.56
2136341,1,SS_Tub,0.63,0.67,0.99,0.57,0.49,0.77,0.88,1.08,1.17,0.5
2136341,2,Hse_Stk,0.67,0.67,1.08,0.39,0.49,0.79,0.85,0.99,1.17,0.5
2136341,3,SS_Tub,0.67,0.71,1.08,0.39,0.49,0.82,0.88,1.08,1.17,0.5
2136341,4,Hse_Stk,0.66,0.59,1.08,0.57,0.36,0.93,0.85,1.09,1.19,0.33
2136341,5,Hse_Stk,0.63,0.66,1.09,0.57,0.36,0.93,0.85,1.09,1.19,0.59
2136341,6,BB_Stk,0.58,0.45,0.99,0.45,0.33,0.72,0.85,1.07,1.19,0.59
2136390,1,Pk_Stk,0.5,0.58,0.99,0.45,0.33,0.72,0.85,1.07,1.19,0.59
2136390,2,Hse_Stk,0.58,0.45,0.99,0.45,0.33,0.72,0.85,1.07,1.19,0.59
2136390,3,Hse_Stk,0.58,0.65,0.99,0.25,0.34,0.72,0.85,1.07,1.19,0.59
2136390,4,BB_Stk,0.58,0.25,0.99,0.45,0.33,0.72,0.85,1.07,1.19,0.59
2136390,5,Pk_Stk,0.29,0.5,0.99,0.33,0.33,0.72,0.85,1.07,1.19,0.59
2136390,6,Pk_Stk,0.58,0.58,0.99,0.29,0.33,0.69,0.79,1.1,1.19,0.56
2136390,7,Pk_Stk,0.19,0.58,0.99,0.29,0.33,0.69,0.79,1.09,1.19,0.56
2136390,8,Hse_Stk,0.19,0.58,0.99,0.29,0.33,0.69,0.79,1.09,1.19,0.56
2136390,9,Pk_Stk,0.19,0.58,0.99,0.29,0.33,0.69,0.79,1.09,1.19,0.56
2136390,10,Pk_Stk,0.58,0.58,0.99,0.29,0.33,0.69,0.79,1.07,1.19,0.56
2136473,1,Pk_Stk,0.63,0.67,1.09,0.57,0.33,0.88,0.85,0.98,1.17,0.59
2136473,2,Pk_Stk,0.63,0.67,1.09,0.57,0.39,0.93,0.85,0.98,1.17,0.59
2136473,3,Pk_Stk,0.63,0.67,1.09,0.57,0.39,0.93,0.85,0.98,1.17,0.59
2136473,4,Pk_Stk,0.63,0.67,1.09,0.57,0.39,0.93,0.85,0.98,1.17,0.59
2136473,5,Pk_Stk,0.66,0.67,1.09,0.57,0.33,0.93,0.85,1.07,1.19,0.59
2136473,6,Pk_Stk,0.66,0.67,1.09,0.57,0.33,0.93,0.85,1.09,1.19,0.59
2136473,7,Pk_Stk,0.66,0.67,1.09,0.57,0.33,0.93,0.85,1.09,1.19,0.59
2136473,8,Pk_Stk,0.66,0.67,1.09,0.57,0.36,0.93,0.85,1.09,1.19,0.33
2136473,9,Pk_Stk,0.66,0.67,1.09,0.57,0.36,0.93,0.85,1.09,1.19,0.33
2136473,10,Pk_Stk,0.63,0.67,1.09,0.57,0.33,0.93,0.85,1.09,1.19,0.33
2136473,11,Pk_Stk,0.29,0.67,1.09,0.57,0.36,0.93,0.85,1.09,1.19,0.33
2136473,12,Pk_Stk,0.63,0.67,1.09,0.57,0.36,0.93,0.85,1.09,1.19,0.59
2136473,13,Pk_Stk,0.63,0.67,1.09,0.57,0.36,0.93,0.85,1.09,1.2,0.33
2136473,14,Pk_Stk,0.63,0.67,1.09,0.57,0.36,0.92,0.85,1.09,1.2,0.53
2136473,15,Pk_Stk,0.63,0.67,0.99,0.57,0.36,0.94,0.85,1.09,1.18,0.59
2136473,16,Pk_Stk,0.63,0.67,1.02,0.57,0.36,0.93,0.85,1.09,1.19,0.59
2136473,17,Pk_Stk,0.62,0.67,1.09,0.57,0.36,0.93,0.85,1.09,1.19,0.59
2136473,18,BB_Stk,0.62,0.29,1.09,0.57,0.36,0.93,0.85,1.09,1.19,0.59
2136473,19,Pk_Stk,0.62,0.61,0.99,0.33,0.36,0.75,0.85,1.09,1.2,0.58
2136473,20,Pk_Stk,0.62,0.61,0.99,0.33,0.36,0.75,0.85,1.09,1.2,0.58
2136473,21,Pk_Stk,0.62,0.61,0.99,0.53,0.36,0.71,0.85,1.09,1.19,0.59
2136473,22,Pk_Stk,0.62,0.61,0.99,0.49,0.33,0.75,0.85,1.09,1.19,0.59
2136473,23,Pk_Stk,0.62,0.61,0.99,0.48,0.33,0.75,0.85,1.09,1.19,0.59
2136473,24,Pk_Stk,0.5,0.61,0.99,0.45,0.33,0.75,0.85,1.09,1.19,0.59
2136473,25,Pk_Stk,0.5,0.58,0.99,0.19,0.33,0.69,0.85,1.07,1.19,0.59
2136473,26,Pk_Stk,0.58,0.45,1.02,0.25,0.34,0.92,0.85,1.07,1.19,0.59
2136531,1,BB_Stk,0.62,0.29,1.09,0.57,0.36,0.93,0.85,1.09,1.19,0.59
2136531,2,Hse_Tub,0.29,0.5,1.01,0.57,0.36,0.69,0.79,1.09,1.19,0.59
2136531,3,Hse_Stk,0.62,0.61,1.09,0.29,0.36,0.75,0.85,1.09,1.19,0.59
2136531,4,Gen_Stk,0.62,0.61,0.99,0.49,0.33,0.75,0.85,1.09,1.19,0.59
2136531,5,SS_Tub,0.62,0.61,0.99,0.49,0.33,0.75,0.5,1.09,1.19,0.59
2136531,6,Gen_Stk,0.62,0.61,0.99,0.48,0.33,0.75,0.85,1.09,1.19,0.59
2136531,7,Gen_Stk,0.62,0.61,0.99,0.45,0.33,0.75,0.85,1.09,1.19,0.59
2136531,8,Gen_Stk,0.5,0.58,0.99,0.45,0.33,0.71,0.85,1.07,1.19,0.59
2136531,9,Hse_Tub,0.58,0.67,1.02,0.25,0.34,0.92,0.85,1.07,1.19,0.59
2136531,10,Hse_Stk,0.58,0.45,1.02,0.25,0.34,0.92,0.85,1.07,1.19,0.59
2136531,11,Hse_Stk,0.58,0.58,0.99,0.33,0.33,0.72,0.85,1.07,1.19,0.59
2136531,12,SS_Tub,0.58,0.58,0.99,0.29,0.33,0.7,0.5,1.07,1.19,0.57
2136531,13,SS_Tub,0.19,0.58,0.99,0.29,0.33,0.69,0.5,1.12,1.19,0.56
2136531,14,Hse_Tub,0.58,0.58,0.99,0.29,0.33,0.69,0.79,1.07,1.19,0.56
2136689,1,SS_Tub,0.67,0.67,1.08,0.57,0.49,0.83,0.85,0.98,1.17,0.59
2136689,2,SS_Tub,0.67,0.67,1.08,0.57,0.49,0.83,0.85,0.98,1.17,0.59
2136689,3,SS_Tub,0.63,0.67,1.09,0.57,0.45,0.93,0.85,0.98,1.17,0.59
2136689,4,BB_Stk,0.62,0.5,1.09,0.57,0.33,1.02,0.85,1.09,1.19,0.59
2136689,5,Pk_Stk,0.62,0.61,0.99,0.49,0.33,0.75,0.85,1.09,1.19,0.59
2136689,6,Hse_Stk,0.58,0.58,0.99,0.45,0.33,0.72,0.85,1.07,1.19,0.59
2136689,7,SS_Tub,0.39,0.58,0.99,0.29,0.33,0.69,0.79,1.1,1.19,0.56
2136739,1,Pk_Tub,0.66,0.67,1.08,0.57,0.33,0.93,0.85,1.09,1.19,0.59
2136739,2,Pk_Stk,0.19,0.67,1.08,0.57,0.36,0.93,0.85,1.09,1.19,0.59
2136739,3,Pk_Tub,0.66,0.67,1.08,0.57,0.36,0.93,0.85,1.09,1.19,0.33
2136739,4,Pk_Tub,0.66,0.67,1.09,0.57,0.36,0.93,0.85,1.09,1.19,0.33
2136739,5,Pk_Tub,0.63,0.66,0.99,0.57,0.36,0.93,0.85,1.09,1.18,0.59
2136739,6,Pk_Stk,0.29,0.5,0.99,0.57,0.35,0.69,0.79,1.09,1.19,0.67
2136739,7,Pk_Tub,0.62,0.5,1.09,0.29,0.38,0.75,0.85,1.09,1.19,0.59
2136739,8,Pk_Stk,0.62,0.5,0.99,0.49,0.33,0.75,0.85,1.09,1.19,0.59
2136739,9,Pk_Tub,0.62,0.5,0.99,0.49,0.33,0.75,0.85,1.09,1.19,0.59
2136739,10,Pk_Tub,0.25,0.61,0.99,0.45,0.33,0.75,0.85,1.09,1.19,0.59
2136739,11,Pk_Stk,0.25,0.61,0.99,0.45,0.33,0.75,0.85,1.09,1.19,0.59
2136739,12,Pk_Tub,0.58,0.58,0.99,0.45,0.33,0.72,0.85,1.07,1.19,0.59
2136739,13,Pk_Tub,0.58,0.58,0.99,0.29,0.34,0.72,0.85,1.07,1.2,0.59
2136770,1,Pk_Stk,0.62,0.53,0.99,0.57,0.33,0.93,0.85,1.09,1.19,0.59
2136770,2,Pk_Tub,0.62,0.61,1.09,0.57,0.34,0.83,0.85,1.09,1.19,0.59
2136770,3,Pk_Tub,0.62,0.61,1.09,0.57,0.34,0.83,0.85,1.09,1.19,0.59
2136770,4,Pk_Stk,0.62,0.61,0.99,0.45,0.33,0.75,0.85,1.18,1.19,0.59
2136770,5,Pk_Stk,0.62,0.39,0.99,0.45,0.33,0.75,0.85,1.09,1.19,0.59
2136770,6,Pk_Stk,0.25,0.61,0.99,0.45,0.33,0.75,0.85,1.09,1.19,0.59
2136770,7,Pk_Stk,0.5,0.39,0.99,0.45,0.33,0.72,0.85,1.07,1.19,0.59
2136770,8,Pk_Stk,0.58,0.45,0.99,0.45,0.33,0.72,0.85,1.07,1.19,0.59
2136770,9,BB_Stk,0.58,0.58,0.99,0.45,0.33,0.72,0.85,1.07,1.19,0.59
2136770,10,Pk_Stk,0.29,0.5,0.99,0.33,0.33,0.72,0.85,1.07,1.19,0.59
2136770,11,Pk_Stk,0.58,0.25,0.99,0.45,0.34,0.72,0.85,1.07,1.19,0.59
2136770,12,Pk_Stk,0.39,0.58,0.99,0.29,0.33,0.69,0.79,1.09,1.19,0.56
2136937,1,Pk_Stk,0.66,0.59,1.08,0.57,0.33,1.01,0.85,1.14,1.19,0.59
2136937,2,Pk_Stk,0.66,0.45,1.08,0.57,0.36,0.93,0.85,1.09,1.19,0.33
2136937,3,Pk_Stk,0.62,0.61,0.99,0.49,0.33,0.75,0.85,1.09,1.19,0.59
2136937,4,Pk_Stk,0.62,0.61,0.99,0.49,0.33,0.75,0.85,1.09,1.19,0.59
2136937,5,Pk_Stk,0.62,0.61,0.99,0.45,0.33,0.75,0.85,1.09,1.19,0.59
2136937,6,Pk_Stk,0.62,0.61,0.99,0.45,0.33,0.75,0.85,1.09,1.19,0.59
2136937,7,Pk_Stk,0.58,0.6,0.99,0.45,0.33,0.75,0.85,1.07,1.19,0.59
2136937,8,Pk_Stk,0.58,0.58,0.99,0.45,0.33,0.72,0.85,1.07,1.19,0.59
2136937,9,Pk_Stk,0.58,0.45,0.99,0.45,0.33,0.72,0.85,1.07,1.19,0.59
2136937,10,Pk_Stk,0.58,0.65,0.99,0.25,0.34,0.72,0.85,1.07,1.19,0.59
2136937,11,Pk_Stk,0.58,0.58,0.99,0.45,0.33,0.72,0.85,1.07,1.19,0.59
2136937,12,Pk_Stk,0.29,0.5,0.99,0.33,0.33,0.72,0.85,1.07,1.19,0.59
2136937,13,Pk_Stk,0.29,0.5,0.99,0.29,0.33,0.69,0.79,1.09,1.19,0.56
2136937,14,Pk_Stk,0.58,0.58,0.99,0.29,0.34,0.69,0.79,1.07,1.19,0.56
2136960,1,Gen_Stk,0.66,0.67,1.09,0.57,0.33,0.93,0.85,1.09,1.19,0.59
2136960,2,Gen_Stk,0.19,0.67,1.09,0.57,0.33,0.93,0.85,1.09,1.19,0.52
2136960,3,Pk_Stk,0.19,0.67,1.09,0.57,0.33,0.93,0.85,1.09,1.19,0.52
2136960,4,Pk_Stk,0.19,0.67,1.09,0.57,0.33,0.93,0.85,1.09,1.19,0.52
2136960,5,Gen_Stk,0.66,0.67,1.09,0.57,0.36,0.93,0.85,1.09,1.19,0.33
2136960,6,Gen_Stk,0.66,0.67,1.09,0.57,0.36,0.93,0.85,1.09,1.19,0.33
2136960,7,Pk_Stk,0.29,0.67,1.09,0.57,0.34,0.93,0.85,1.09,1.19,0.33
2136960,8,Pk_Stk,0.29,0.67,1.09,0.57,0.34,0.93,0.85,1.09,1.19,0.33
2136960,9,Gen_Stk,0.63,0.67,1.09,0.57,0.36,0.93,0.85,1.09,1.19,0.34
2136960,10,Gen_Stk,0.63,0.67,1.09,0.57,0.36,0.93,0.85,1.09,1.19,0.59
2136960,11,Gen_Stk,0.62,0.67,1.09,0.57,0.36,0.93,0.85,1.09,1.19,0.59
2136960,12,Hse_Stk,0.62,0.67,1.09,0.57,0.36,0.93,0.85,1.09,1.19,0.59
2136960,13,BB_Stk,0.62,0.29,1.09,0.57,0.36,0.93,0.85,1.09,1.19,0.59
2136960,14,Gen_Stk,0.62,0.5,0.99,0.57,0.36,0.93,0.85,1.09,1.19,0.59
2136960,15,Pk_Stk,0.29,0.5,0.99,0.57,0.36,0.69,0.79,1.09,1.19,0.59
2136960,16,Pk_Stk,0.29,0.5,0.99,0.57,0.36,0.69,0.79,1.09,1.19,0.59
2136960,17,Pk_Stk,0.62,0.61,0.99,0.57,0.36,0.75,0.85,1.09,1.19,0.59
2136960,18,Gen_Stk,0.62,0.61,0.99,0.57,0.36,0.75,0.85,1.09,1.19,0.59
2136960,19,BB_Stk,0.62,0.61,0.99,0.49,0.33,0.75,0.85,1.09,1.19,0.59
2136960,20,Gen_Stk,0.62,0.61,0.99,0.49,0.33,0.75,0.85,1.09,1.19,0.59
2136960,21,BB_Stk,0.62,0.61,0.99,0.45,0.33,0.75,0.85,1.09,1.19,0.59
2136960,22,BB_Stk,0.62,0.61,0.99,0.45,0.33,0.75,0.85,1.09,1.19,0.59
2136960,23,Hse_Stk,0.62,0.61,0.99,0.45,0.33,0.75,0.85,1.09,1.19,0.59
2136960,24,Pk_Stk,0.25,0.61,0.99,0.45,0.33,0.72,0.85,1.07,1.19,0.59
2136960,25,Gen_Stk,0.5,0.61,0.99,0.45,0.33,0.72,0.85,1.07,1.19,0.59
2136960,26,Gen_Stk,0.5,0.58,0.99,0.45,0.33,0.72,0.85,1.07,1.19,0.59
2136960,27,Gen_Stk,0.58,0.45,0.99,0.45,0.33,0.72,0.85,1.07,1.19,0.59
2136960,28,Hse_Stk,0.58,0.45,0.99,0.25,0.33,0.72,0.85,1.07,1.19,0.59
2136960,29,BB_Stk,0.58,0.25,0.99,0.25,0.33,0.72,0.85,1.07,1.19,0.59
2136960,30,Pk_Stk,0.29,0.51,0.99,0.29,0.33,0.72,0.85,1.07,1.19,0.59
2136960,31,Pk_Stk,0.29,0.51,0.99,0.29,0.33,0.72,0.85,1.07,1.19,0.59
2136960,32,Hse_Stk,0.58,0.63,0.99,0.35,0.33,0.72,0.85,1.07,1.19,0.59
2136960,33,Pk_Stk,0.19,0.58,0.99,0.29,0.34,0.69,0.79,1.11,1.19,0.56
2136960,34,Pk_Stk,0.19,0.58,0.99,0.29,0.33,0.69,0.79,1.1,1.19,0.56
2136960,35,Pk_Stk,0.19,0.58,0.99,0.29,0.34,0.69,0.79,1.09,1.19,0.56
2136960,36,Hse_Stk,0.19,0.58,0.99,0.29,0.34,0.69,0.79,1.09,1.19,0.56
2136960,37,Pk_Stk,0.19,0.47,0.99,0.29,0.34,0.69,0.79,1.07,1.19,0.56
2136960,38,Hse_Stk,0.58,0.19,0.99,0.29,0.34,0.69,0.79,1.07,1.19,0.56
2136960,39,BB_Stk,0.58,0.19,0.99,0.29,0.34,0.69,0.79,1.07,1.19,0.56
2137059,1,Gen_Stk,0.62,0.47,1.09,0.57,0.36,0.93,0.85,1.09,1.19,0.59
2137059,2,Gen_Stk,0.62,0.29,1.09,0.57,0.36,0.93,0.85,1.09,1.19,0.59
2137059,3,Gen_Stk,0.62,0.5,1.09,0.57,0.36,0.93,0.79,1.09,1.19,0.59
2137059,4,Gen_Stk,0.62,0.5,0.99,0.3,0.36,0.75,0.85,1.09,1.19,0.59
2137059,5,Gen_Stk,0.62,0.5,0.99,0.57,0.36,0.6,0.85,1.09,1.24,0.47
2137059,6,Gen_Stk,0.62,0.5,0.99,0.57,0.36,0.75,0.85,1.09,1.19,0.59
2137059,7,Gen_Stk,0.62,0.61,0.99,0.49,0.33,0.75,0.85,1.09,1.19,0.59
2137059,8,Gen_Stk,0.62,0.61,0.99,0.45,0.33,0.75,0.85,1.09,1.19,0.59
2137059,9,Gen_Stk,0.41,0.61,0.99,0.45,0.33,0.74,0.85,1.09,1.19,0.59
2137059,10,Gen_Stk,0.5,0.58,0.99,0.45,0.34,0.72,0.85,1.07,1.19,0.59
2137059,11,Hse_Stk,0.5,0.58,0.99,0.32,0.33,0.72,0.85,1.07,1.19,0.59
2137059,12,Gen_Stk,0.58,0.58,0.99,0.45,0.33,0.72,0.85,1.07,1.19,0.59
2137059,13,Gen_Stk,0.58,0.58,0.99,0.45,0.33,0.72,0.85,1.07,1.19,0.59
2137059,14,Gen_Stk,0.58,0.58,0.99,0.25,0.33,0.72,0.85,1.07,1.19,0.59
2137059,15,Gen_Stk,0.58,0.25,0.99,0.45,0.33,0.72,0.85,1.07,1.19,0.59
2137059,16,Gen_Stk,0.58,0.73,0.99,0.45,0.33,0.72,0.85,1.07,1.19,0.59
2137059,17,Gen_Stk,0.29,0.5,0.99,0.3,0.33,0.72,0.85,1.07,1.19,0.59
2137059,18,Hse_Stk,0.58,0.25,0.99,0.29,0.34,0.72,0.85,1.07,1.19,0.59
2137059,19,Hse_Stk,0.19,0.58,0.99,0.29,0.33,0.69,0.79,1.12,1.19,0.56
2137059,20,Hse_Stk,0.29,0.45,0.99,0.29,0.33,0.69,0.79,1.09,1.19,0.56
2137059,21,Hse_Stk,0.19,0.58,0.99,0.29,0.33,0.69,0.79,1.09,1.19,0.56
2137059,22,Hse_Stk,0.58,0.58,0.99,0.29,0.33,0.69,0.79,1.08,1.19,0.56
2137059,23,Gen_Stk,0.58,0.58,0.99,0.29,0.34,0.69,0.79,1.07,1.19,0.56
2137059,24,Hse_Stk,0.58,0.58,0.99,0.29,0.33,0.69,0.79,1.07,1.19,0.56
2137349,1,Pk_Stk,0.29,0.67,1.09,0.57,0.36,0.93,0.85,1.09,1.19,0.33
2137349,2,Fl_Tub,0.58,0.45,0.99,0.45,0.33,0.72,0.85,1.07,1.19,0.59
2137349,3,Fl_Tub,0.29,0.5,0.99,0.3,0.33,0.72,0.85,1.07,1.19,0.59
2137349,4,Pk_Stk,0.29,0.5,0.99,0.3,0.33,0.72,0.85,1.07,1.19,0.59
2137539,1,BB_Stk,0.62,0.61,0.99,0.45,0.33,0.75,0.85,1.09,1.19,0.59
2137539,2,Hse_Stk,0.62,0.61,0.99,0.45,0.34,0.75,0.85,1.09,1.19,0.59
2137539,3,Pk_Stk,0.25,0.61,0.99,0.45,0.33,0.75,0.85,1.09,1.19,0.59
2137539,4,BB_Stk,0.58,0.25,0.99,0.45,0.34,0.72,0.85,1.07,1.19,0.59
2137539,5,Hse_Stk,0.58,0.58,0.99,0.29,0.34,0.72,0.85,1.07,1.2,0.59
2137539,6,Pk_Stk,0.29,0.51,0.99,0.33,0.33,0.72,0.85,1.07,1.21,0.59
2137539,7,BB_Stk,0.58,0.25,0.99,0.29,0.34,0.72,0.85,1.07,1.19,0.59
2137539,8,Pk_Stk,0.19,0.58,0.99,0.29,0.33,0.69,0.79,1.09,1.19,0.56
2137539,9,BB_Stk,0.58,0.19,0.99,0.29,0.33,0.69,0.79,1.07,1.19,0.56
2137604,1,BB_Stk,0.62,0.61,0.99,0.45,0.33,0.75,0.85,1.18,1.19,0.59
2137604,2,BB_Stk,0.62,0.39,0.99,0.45,0.33,0.75,0.85,1.09,1.19,0.59
2137604,3,BB_Stk,0.58,0.39,0.99,0.45,0.33,0.75,0.85,1.09,1.19,0.59
2137604,4,BB_Stk,0.5,0.39,0.99,0.45,0.33,0.72,0.85,1.07,1.19,0.59
2137604,5,BB_Stk,0.5,0.39,0.99,0.45,0.33,0.72,0.85,1.07,1.19,0.59
2137604,6,BB_Stk,0.58,0.25,0.99,0.45,0.33,0.72,0.85,1.07,1.19,0.59
2137604,7,Pk_Stk,0.29,0.5,0.99,0.33,0.33,0.72,0.85,1.07,1.19,0.59
2137604,8,BB_Stk,0.58,0.25,0.99,0.29,0.34,0.72,0.85,1.07,1.19,0.59
2137604,9,Pk_Stk,0.19,0.58,0.99,0.29,0.33,0.69,0.79,1.12,1.19,0.56
2137620,1,Pk_Stk,0.63,0.67,1.09,0.57,0.45,0.93,0.85,0.98,1.17,0.5
2137620,2,Pk_Stk,0.19,0.67,1.09,0.57,0.36,0.93,0.85,1.09,1.19,0.58
2137620,3,Pk_Stk,0.66,0.67,1.09,0.57,0.33,0.93,0.85,1.09,1.19,0.33
2137620,4,Pk_Stk,0.63,0.67,1.09,0.57,0.33,0.93,0.85,1.09,1.19,0.49
2137620,5,Pk_Stk,0.63,0.67,1.09,0.57,0.36,0.93,0.85,1.09,1.19,0.49
2137620,6,Pk_Stk,0.63,0.66,0.99,0.57,0.36,0.89,0.85,1.09,1.19,0.59
2137620,7,Pk_Stk,0.62,0.61,0.99,0.57,0.36,0.77,0.85,1.09,1.19,0.59
2137620,8,Pk_Stk,0.62,0.61,0.99,0.45,0.33,0.75,0.85,1.09,1.19,0.59
2137620,9,Pk_Stk,0.58,0.61,0.99,0.45,0.33,0.75,0.85,1.09,1.19,0.59
2137620,10,Pk_Stk,0.5,0.58,0.99,0.45,0.33,0.75,0.85,1.07,1.19,0.59
2137620,11,Pk_Stk,0.5,0.58,0.99,0.45,0.33,0.72,0.85,1.07,1.19,0.59
2137620,12,Pk_Stk,0.5,0.58,0.99,0.19,0.33,0.72,0.85,1.07,1.19,0.59
2137620,13,Pk_Stk,0.58,0.58,0.99,0.29,0.25,0.72,0.85,1.07,1.19,0.59
2137620,14,Pk_Stk,0.39,0.58,0.99,0.29,0.33,0.69,0.79,1.12,1.19,0.56
2137620,15,Pk_Stk,0.19,0.5,0.99,0.29,0.33,0.69,0.79,1.09,1.19,0.56
2137620,16,Pk_Stk,0.39,0.5,0.99,0.29,0.33,0.69,0.79,1.09,1.19,0.56
2137661,1,Pk_Tub,0.63,0.67,1.08,0.57,0.49,0.79,0.85,0.98,1.17,0.59
2137661,2,Pk_Stk,0.63,0.67,1.08,0.57,0.49,0.79,0.85,0.98,1.17,0.59
2137661,3,Pk_Tub,0.63,0.67,0.99,0.57,0.39,0.99,0.85,0.98,1.17,0.67
2137661,4,Pk_Stk,0.29,0.59,1.08,0.57,0.34,0.93,0.85,1.09,1.19,0.33
2137661,5,Pk_Stk,0.62,0.61,0.99,0.57,0.36,0.75,0.85,1.09,1.19,0.59
2137661,6,Hse_Stk,0.58,0.58,0.99,0.29,0.33,0.69,0.79,1.1,1.19,0.56
2137661,7,Pk_Stk,0.19,0.58,0.99,0.29,0.34,0.69,0.79,1.11,1.19,0.56
2137760,1,Hse_Stk,0.62,0.61,0.99,0.49,0.33,0.75,0.85,1.09,1.19,0.59
2137760,2,Pk_Stk,0.5,0.39,0.99,0.19,0.33,0.72,0.85,1.07,1.19,0.59
2137760,3,BB_Stk,0.58,0.44,0.99,0.45,0.33,0.72,0.85,1.07,1.19,0.59
2137760,4,SS_Tub,0.58,0.58,0.99,0.25,0.33,0.72,0.85,1.07,1.19,0.59
2137760,5,Pk_Stk,0.19,0.58,0.99,0.29,0.33,0.69,0.79,1.12,1.19,0.56
2137760,6,BB_Stk,0.39,0.19,0.99,0.29,0.34,0.69,0.79,1.07,1.19,0.56
2137935,1,Hse_Stk,0.58,0.58,0.99,0.29,0.33,0.69,0.79,1.07,1.19,0.56
2138065,1,BB_Stk,0.62,0.61,0.99,0.49,0.33,0.75,0.85,1.09,1.19,0.59
2138065,2,Pk_Stk,0.62,0.61,0.99,0.49,0.33,0.75,0.85,1.09,1.19,0.59
2138065,3,BB_Stk,0.62,0.61,0.99,0.47,0.33,0.75,0.85,1.09,1.19,0.59
2138065,4,BB_Stk,0.62,0.61,0.99,0.45,0.33,0.75,0.85,1.09,1.19,0.59
2138065,5,BB_Stk,0.62,0.61,0.99,0.45,0.33,0.75,0.85,1.09,1.19,0.59
2138065,6,Hse_Stk,0.62,0.61,0.99,0.45,0.34,0.75,0.85,1.09,1.19,0.59
2138065,7,Hse_Stk,0.62,0.61,0.99,0.45,0.34,0.75,0.85,1.09,1.19,0.59
2138065,8,Pk_Stk,0.25,0.61,0.99,0.45,0.33,0.75,0.85,1.09,1.19,0.59
2138065,9,Pk_Stk,0.46,0.6,0.99,0.45,0.33,0.75,0.85,1.08,1.19,0.59
2138065,10,Pk_Stk,0.5,0.6,0.99,0.45,0.33,0.75,0.85,1.08,1.19,0.59
2138065,11,Pk_Stk,0.5,0.58,0.99,0.45,0.33,0.72,0.85,1.07,1.19,0.59
2138065,12,Pk_Stk,0.5,0.58,0.99,0.45,0.33,0.72,0.85,1.07,1.19,0.59
2138065,13,Pk_Stk,0.58,0.58,0.99,0.45,0.33,0.72,0.85,1.07,1.19,0.59
2138065,14,Pk_Stk,0.58,0.45,0.99,0.45,0.33,0.72,0.85,1.07,1.19,0.59
2138065,15,Hse_Stk,0.58,0.65,0.99,0.25,0.34,0.72,0.85,1.07,1.19,0.59
2138065,16,BB_Stk,0.58,0.25,0.99,0.45,0.34,0.72,0.85,1.07,1.19,0.59
2138065,17,Hse_Stk,0.58,0.58,0.99,0.29,0.34,0.72,0.85,1.07,1.19,0.59
2138065,18,Pk_Stk,0.29,0.5,0.99,0.33,0.34,0.72,0.85,1.07,1.19,0.59
2138065,19,BB_Stk,0.58,0.25,0.99,0.29,0.33,0.7,0.89,1.07,1.2,0.62
2138065,20,BB_Stk,0.58,0.25,0.99,0.29,0.33,0.7,0.89,1.07,1.2,0.62
2138065,21,Pk_Stk,0.19,0.58,0.99,0.29,0.33,0.69,0.79,1.12,1.19,0.56
2138065,22,Pk_Stk,0.19,0.58,0.99,0.29,0.34,0.69,0.79,1.09,1.19,0.56
2138065,23,BB_Stk,0.58,0.19,0.99,0.29,0.34,0.69,0.79,1.07,1.19,0.56
2138149,1,Gen_Stk,0.58,0.58,0.99,0.45,0.33,0.75,0.85,1.08,1.19,0.59
2138149,2,Gen_Stk,0.58,0.45,0.99,0.45,0.33,0.72,0.85,1.07,1.19,0.59
2138149,3,Fl_Stk,0.58,0.58,0.99,0.35,0.34,0.72,0.85,1.07,1.19,0.59
2138198,1,Fl_Tub,0.62,0.61,0.99,0.45,0.33,0.75,0.85,1.09,1.19,0.59
2138198,2,Hse_Stk,0.58,0.45,0.99,0.45,0.33,0.72,0.85,1.07,1.19,0.59
2138198,3,Pk_Stk,0.29,0.5,0.99,0.29,0.33,0.69,0.79,1.09,1.19,0.56
2138420,1,Gen_Stk,0.66,0.59,0.99,0.57,0.33,0.93,0.85,1.08,1.19,0.59
2138420,2,Gen_Stk,0.66,0.59,0.99,0.57,0.33,0.93,0.85,1.09,1.19,0.59
2138420,3,Pk_Stk,0.19,0.59,0.99,0.57,0.35,0.93,0.85,1.09,1.19,0.59
2138420,4,Pk_Stk,0.29,0.67,1.09,0.57,0.35,0.93,0.85,1.09,1.19,0.33
2138420,5,Gen_Stk,0.63,0.72,0.99,0.57,0.36,0.42,0.85,1.09,1.19,0.52
2138420,6,BB_Stk,0.62,0.5,1.09,0.57,0.33,0.93,0.85,1.09,1.19,0.59
2138420,7,BB_Stk,0.62,0.61,0.99,0.49,0.33,0.75,0.85,1.09,1.19,0.59
2138420,8,Gen_Stk,0.46,0.61,0.99,0.45,0.33,0.75,0.85,1.09,1.19,0.59
2138420,9,Gen_Stk,0.5,0.58,0.99,0.45,0.33,0.72,0.85,1.07,1.19,0.59
2138420,10,Gen_Stk,0.58,0.45,0.99,0.45,0.33,0.72,0.85,1.07,1.19,0.59
2138420,11,Hse_Stk,0.58,0.53,0.99,0.33,0.33,0.72,0.85,1.07,1.18,0.59
2138487,1,Pk_Stk,0.5,0.59,1.09,0.57,0.36,0.93,0.85,1.09,1.19,0.33
2138487,2,Pk_Stk,0.29,0.59,1.08,0.57,0.34,0.93,0.85,1.09,1.19,0.33
2138487,3,Pk_Tub,0.63,0.59,0.99,0.57,0.36,0.88,0.85,1.09,1.19,0.59
2138487,4,Hse_Stk,0.62,0.89,1.09,0.57,0.36,0.93,0.85,1.09,1.19,0.59
2138487,5,BB_Stk,0.62,0.5,1.09,0.58,0.34,1.07,0.85,1.1,1.19,0.63
2138487,6,Pk_Stk,0.62,0.61,0.99,0.57,0.36,0.76,0.85,1.09,1.19,0.59
2138487,7,Pk_Stk,0.25,0.61,0.99,0.45,0.33,0.75,0.85,1.09,1.19,0.59
2138487,8,Pk_Tub,0.58,0.58,0.99,0.45,0.33,0.72,0.85,1.07,1.19,0.59
2138487,9,Hse_Stk,0.58,0.65,0.99,0.25,0.34,0.72,0.85,1.07,1.19,0.59
2138487,10,Pk_Stk,0.29,0.5,0.99,0.33,0.33,0.72,0.85,1.07,1.19,0.59
2138487,11,Pk_Stk,0.58,0.19,0.99,0.29,0.34,0.69,0.79,1.07,1.19,0.56
2138594,1,Fl_Stk,0.63,0.67,1.08,0.57,0.36,0.93,0.85,1.09,1.19,0.36
2138594,2,BB_Stk,0.62,0.29,1.09,0.57,0.36,0.93,0.85,1.09,1.19,0.59
2138594,3,BB_Stk,0.62,0.61,0.99,0.45,0.33,0.75,0.85,1.09,1.19,0.59
2138594,4,Pk_Stk,0.29,0.51,0.99,0.33,0.33,0.72,0.85,1.07,1.21,0.59
2138636,1,Pk_Tub,0.66,0.67,1.09,0.57,0.33,0.93,0.85,0.98,1.17,0.59
2138636,2,Pk_Stk,0.66,0.67,1.09,0.57,0.33,0.93,0.85,1.09,1.19,0.59
2138636,3,Pk_Stk,0.19,0.67,1.09,0.57,0.33,0.93,0.85,1.09,1.19,0.52
2138636,4,Pk_Tub,0.63,0.7,0.99,0.57,0.36,0.93,0.85,1.09,1.19,0.89
2138636,5,Pk_Tub,0.63,0.66,1.09,0.57,0.36,0.93,0.85,1.09,1.19,0.69
2138636,6,Pk_Tub,0.62,0.61,0.99,0.49,0.33,0.75,0.85,1.09,1.19,0.59
2138636,7,Pk_Stk,0.5,0.58,0.99,0.45,0.33,0.72,0.85,1.07,1.19,0.59
2138636,8,Pk_Stk,0.5,0.58,0.99,0.19,0.33,0.72,0.85,1.07,1.19,0.59
2138636,9,Pk_Tub,0.58,0.45,0.99,0.25,0.33,0.72,0.85,1.07,1.19,0.59
2138636,10,Pk_Stk,0.29,0.51,0.99,0.29,0.33,0.72,0.85,1.07,1.19,0.59
2138800,1,Gen_Stk,0.63,0.59,0.99,0.57,0.49,0.79,0.85,1.01,1.32,0.5
2138800,2,Gen_Stk,0.63,0.67,1.09,0.57,0.33,0.9,0.85,0.98,1.17,0.5
2138800,3,Gen_Stk,0.63,0.67,1.09,0.57,0.45,0.93,0.85,0.98,1.17,0.5
2138800,4,Gen_Stk,0.63,0.67,1.09,0.57,0.45,0.93,0.85,0.98,1.17,0.5
2138800,5,Gen_Stk,0.63,0.67,1.09,0.57,0.45,0.93,0.85,0.98,1.17,0.5
2138800,6,Gen_Stk,0.66,0.67,1.09,0.57,0.33,0.93,0.85,1.09,1.19,0.5
2138800,7,Pk_Stk,0.62,0.5,1.09,0.57,0.36,0.93,0.85,1.09,1.19,0.59
2138800,8,BB_Stk,0.58,0.25,0.99,0.45,0.25,0.72,0.85,1.07,1.19,0.59
2138800,9,BB_Stk,0.58,0.25,0.99,0.29,0.33,0.72,0.85,1.07,1.19,0.59
2138800,10,Pk_Stk,0.19,0.58,0.99,0.29,0.34,0.69,0.79,1.09,1.19,0.56
2138800,11,Pk_Stk,0.19,0.19,0.99,0.29,0.33,0.69,0.79,1.07,1.19,0.56
2138826,1,Fl_Tub,0.62,0.89,1.09,0.57,0.36,0.93,0.85,1.09,1.19,0.59
2138826,2,Fl_Tub,0.62,0.61,1.04,0.29,0.36,0.74,0.85,1.09,1.19,0.59
2138826,3,Hse_Stk,0.62,0.61,1.04,0.29,0.36,0.74,0.85,1.09,1.19,0.59
2138826,4,Gen_Stk,0.62,0.61,0.99,0.49,0.33,0.75,0.85,1.09,1.19,0.59
2138826,5,Fl_Tub,0.62,0.61,0.99,0.49,0.33,0.75,0.5,1.09,1.19,0.59
2138826,6,SS_Tub,0.58,0.61,0.99,0.45,0.33,0.75,0.85,1.09,1.19,0.59
2138826,7,Fl_Tub,0.58,0.61,0.99,0.45,0.33,0.75,0.65,1.09,1.19,0.59
2138826,8,Gen_Stk,0.58,0.61,0.99,0.45,0.33,0.75,0.85,1.09,1.19,0.59
2138826,9,Gen_Stk,0.58,0.45,0.99,0.45,0.33,0.72,0.85,1.07,1.19,0.59
2138826,10,Fl_Tub,0.58,0.25,0.99,0.45,0.25,0.72,0.85,1.07,1.19,0.59
2138826,11,Fl_Tub,0.58,0.25,0.99,0.45,0.25,0.72,0.85,1.07,1.19,0.59
2138826,12,Pk_Stk,0.58,0.25,0.99,0.45,0.25,0.72,0.65,1.07,1.19,0.59
2138826,13,SS_Tub,0.58,0.25,0.99,0.45,0.25,0.72,0.85,1.07,1.19,0.59
2138826,14,SS_Tub,0.58,0.58,0.99,0.45,0.25,0.72,0.85,1.07,1.19,0.59
2138826,15,Pk_Stk,0.58,0.58,0.99,0.45,0.25,0.72,0.85,1.07,1.19,0.59
2138826,16,Pk_Stk,0.39,0.5,0.99,0.29,0.33,0.69,0.79,1.09,1.19,0.56
2138826,17,Pk_Stk,0.39,0.5,0.99,0.29,0.33,0.69,0.79,1.09,1.19,0.56
2138826,18,Fl_Tub,0.39,0.5,0.99,0.29,0.33,0.69,0.63,1.09,1.19,0.56
2138826,19,Pk_Stk,0.19,0.58,0.99,0.29,0.34,0.69,0.79,1.09,1.19,0.56
2138826,20,Pk_Stk,0.58,0.19,0.99,0.29,0.33,0.69,0.79,1.07,1.19,0.56
2138917,1,Pk_Stk,0.5,0.58,0.99,0.45,0.33,0.72,0.85,1.07,1.19,0.59
2138917,2,Pk_Stk,0.5,0.58,0.99,0.45,0.34,0.72,0.85,1.07,1.19,0.59
2138917,3,BB_Stk,0.58,0.45,0.99,0.45,0.33,0.72,0.85,1.07,1.19,0.59
2139188,1,Gen_Stk,0.66,0.67,1.09,0.57,0.36,0.93,0.85,1.09,1.19,0.33
2139188,2,Gen_Stk,0.62,0.61,0.99,0.53,0.36,0.71,0.85,1.09,1.19,0.59
2139188,3,Gen_Stk,0.58,0.45,0.99,0.25,0.33,0.72,0.85,1.07,1.19,0.59
2139188,4,Hse_Stk,0.58,0.45,0.99,0.29,0.33,0.72,0.85,1.07,1.19,0.59
2139188,5,Hse_Stk,0.58,0.58,0.99,0.29,0.34,0.69,0.79,1.07,1.19,0.56
2139188,6,Pk_Stk,0.19,0.58,0.99,0.29,0.33,0.69,0.79,1.12,1.19,0.56
2139220,1,Pk_Stk,0.62,0.61,0.99,0.57,0.36,0.75,0.85,1.09,1.19,0.59
2139220,2,Pk_Stk,0.62,0.61,0.99,0.49,0.33,0.75,0.85,1.09,1.19,0.59
2139220,3,BB_Stk,0.58,0.25,0.99,0.25,0.33,0.72,0.85,1.07,1.19,0.59
2139220,4,Fl_Tub,0.58,0.63,0.99,0.35,0.33,0.72,0.5,1.07,1.19,0.59
2139220,5,Pk_Stk,0.39,0.58,0.99,0.29,0.34,0.69,0.79,1.09,1.19,0.56
2139220,6,Pk_Stk,0.19,0.47,0.99,0.29,0.34,0.69,0.79,1.07,1.19,0.56
2139220,7,Fl_Tub,0.19,0.19,0.99,0.29,0.34,0.69,0.79,1.07,1.19,0.56
2139477,1,Fl_Tub,0.58,0.45,0.99,0.45,0.33,0.72,0.85,1.07,1.19,0.59
2139477,2,Pk_Stk,0.58,0.19,0.99,0.29,0.34,0.69,0.79,1.07,1.19,0.56
2139626,1,SS_Tub,0.63,0.59,1.08,0.57,0.49,0.79,0.71,0.98,1.17,0.59
2139626,2,Pk_Stk,0.63,0.67,0.99,0.57,0.39,0.93,0.85,0.98,1.17,0.59
2139626,3,Fl_Stk,0.63,0.67,0.99,0.57,0.39,0.93,0.85,0.98,1.17,0.59
2139626,4,Pk_Stk,0.19,0.67,1.09,0.57,0.33,0.93,0.85,1.09,1.19,0.52
2139626,5,Pk_Stk,0.19,0.67,1.09,0.57,0.36,0.93,0.85,1.09,1.19,0.33
2139626,6,Pk_Stk,0.29,0.67,1.09,0.57,0.34,0.93,0.85,1.09,1.19,0.33
2139626,7,Gen_Stk,0.63,0.67,0.99,0.57,0.36,1.03,0.85,1.09,1.19,0.37
2139626,8,Gen_Stk,0.62,0.57,1.09,0.57,0.33,0.78,0.85,1.09,1.19,0.59
2139626,9,BB_Stk,0.62,0.5,1.09,0.57,0.33,1.02,0.85,1.09,1.19,0.59
2139626,10,Gen_Stk,0.25,0.61,0.99,0.45,0.33,0.75,0.85,1.09,1.19,0.59
2139626,11,Fl_Stk,0.58,0.45,0.99,0.45,0.33,0.72,0.65,1.07,1.19,0.59
2139626,12,BB_Stk,0.58,0.5,0.99,0.29,0.33,0.69,0.63,1.07,1.19,0.56
2139626,13,Hse_Stk,0.58,0.5,0.99,0.29,0.33,0.69,0.79,1.07,1.19,0.56
2139766,1,BB_Stk,0.62,0.61,0.99,0.45,0.34,0.75,0.85,1.09,1.19,0.59
2139766,2,Hse_Stk,0.62,0.61,0.99,0.45,0.33,0.75,0.85,1.09,1.19,0.59
2139766,3,Pk_Stk,0.25,0.61,0.99,0.45,0.34,0.75,0.85,1.09,1.19,0.59
2139766,4,Hse_Stk,0.5,0.5,0.99,0.19,0.34,0.72,0.85,1.08,1.19,0.74
2139766,5,BB_Stk,0.58,0.25,0.99,0.29,0.34,0.72,0.85,1.07,1.19,0.59
2139766,6,Pk_Stk,0.29,0.5,0.99,0.29,0.34,0.69,0.79,1.09,1.19,0.56
2139766,7,Pk_Stk,0.19,0.58,0.99,0.29,0.33,0.69,0.79,1.09,1.19,0.56
2139865,1,Fl_Stk,0.58,0.58,0.99,0.45,0.33,0.72,0.65,1.07,1.19,0.59
2139865,2,Fl_Stk,0.58,0.25,0.99,0.45,0.33,0.72,0.65,1.07,1.19,0.59
2139865,3,Fl_Stk,0.58,0.73,0.99,0.45,0.33,0.72,0.65,1.07,1.19,0.59
2139865,4,Fl_Stk,0.58,0.55,0.99,0.37,0.34,0.72,0.65,1.07,1.19,0.59
2139865,5,Fl_Stk,0.58,0.58,0.99,0.33,0.34,0.72,0.65,1.07,1.19,0.59
2139865,6,Fl_Stk,0.58,0.25,0.99,0.29,0.34,0.72,0.5,1.07,1.19,0.59
2139865,7,Fl_Stk,0.39,0.58,0.99,0.29,0.33,0.69,0.79,1.1,1.19,0.56
2139865,8,Fl_Stk,0.29,0.45,0.99,0.29,0.33,0.69,0.56,1.09,1.19,0.56
2139865,9,Fl_Stk,0.19,0.58,0.99,0.29,0.33,0.69,0.79,1.09,1.19,0.56
2139865,10,Fl_Stk,0.58,0.58,0.99,0.29,0.33,0.69,0.79,1.08,1.19,0.56
2139865,11,Fl_Stk,0.58,0.19,0.99,0.29,0.33,0.69,0.79,1.07,1.19,0.56
2139865,12,Fl_Stk,0.58,0.58,0.99,0.29,0.34,0.69,0.79,1.07,1.19,0.56
2139865,13,Fl_Stk,0.58,0.58,0.99,0.29,0.33,0.69,0.79,1.07,1.19,0.56
2140046,1,Hse_Stk,0.63,0.67,1.09,0.57,0.45,0.93,0.85,0.98,1.17,0.5
2140046,2,Hse_Stk,0.63,0.59,1.08,0.57,0.45,0.93,0.85,0.98,1.17,0.59
2140046,3,Hse_Stk,0.63,0.59,1.09,0.57,0.45,0.94,0.85,0.98,1.17,0.59
2140046,4,Hse_Stk,0.66,0.67,1.09,0.57,0.33,0.93,0.85,1.09,1.19,0.5
2140046,5,Pk_Stk,0.19,0.67,1.09,0.57,0.36,0.93,0.85,1.09,1.19,0.58
2140046,6,Pk_Stk,0.66,0.67,1.09,0.57,0.36,0.93,0.85,1.09,1.19,0.33
2140046,7,Pk_Stk,0.66,0.67,1.09,0.57,0.33,0.93,0.85,1.09,1.19,0.33
2140046,8,Pk_Stk,0.63,0.67,1.09,0.57,0.33,0.93,0.85,1.09,1.19,0.33
2140046,9,Pk_Stk,0.29,0.67,1.09,0.57,0.33,0.93,0.85,1.09,1.19,0.33
2140046,10,Hse_Stk,0.63,0.59,1.08,0.57,0.36,0.93,0.85,1.09,1.19,0.47
2140046,11,Hse_Stk,0.63,0.67,1.0,0.57,0.36,0.93,0.85,1.09,1.19,0.59
2140046,12,Hse_Stk,0.62,0.5,1.09,0.57,0.36,0.93,0.85,1.09,1.19,0.59
2140046,13,BB_Stk,0.62,0.29,1.09,0.57,0.36,0.93,0.85,1.09,1.19,0.59
2140046,14,Pk_Stk,0.29,0.28,0.95,0.58,0.36,0.63,0.79,1.09,1.19,0.59
2140046,15,Hse_Stk,0.62,0.61,1.09,0.57,0.34,1.07,0.85,1.09,1.19,0.59
2140046,16,Hse_Stk,0.62,0.61,0.99,0.29,0.37,0.75,0.85,1.09,1.19,0.59
2140046,17,Hse_Stk,0.62,0.61,0.99,0.57,0.36,0.76,0.85,1.09,1.19,0.59
2140046,18,Hse_Stk,0.62,0.61,0.99,0.57,0.36,0.75,0.85,1.09,1.19,0.59
2140046,19,BB_Stk,0.62,0.61,0.99,0.49,0.33,0.75,0.85,1.09,1.19,0.59
2140046,20,Hse_Stk,0.62,0.61,0.99,0.49,0.33,0.75,0.85,1.09,1.19,0.59
2140046,21,Hse_Stk,0.62,0.61,0.99,0.49,0.33,0.75,0.85,1.09,1.19,0.59
2140046,22,Hse_Stk,0.62,0.61,0.99,0.45,0.33,0.75,0.85,1.09,1.19,0.59
2140046,23,BB_Stk,0.62,0.61,0.99,0.45,0.33,0.75,0.85,1.09,1.19,0.59
2140046,24,Hse_Stk,0.62,0.61,0.99,0.45,0.34,0.75,0.85,1.09,1.19,0.59
2140046,25,Pk_Stk,0.5,0.58,0.99,0.45,0.33,0.72,0.85,1.07,1.19,0.59
2140046,26,Hse_Stk,0.5,0.58,0.99,0.19,0.34,0.72,0.85,1.07,1.19,0.59
2140046,27,Hse_Stk,0.58,0.58,0.99,0.45,0.33,0.72,0.85,1.07,1.19,0.59
2140046,28,Hse_Stk,0.58,0.58,0.99,0.45,0.33,0.72,0.85,1.07,1.19,0.59
2140046,29,Fl_Stk,0.58,0.45,0.99,0.45,0.33,0.72,0.65,1.07,1.19,0.59
2140046,30,Pk_Stk,0.29,0.5,0.99,0.33,0.33,0.72,0.85,1.07,1.19,0.59
2140046,31,Pk_Stk,0.19,0.58,0.99,0.29,0.33,0.69,0.79,1.09,1.19,0.56
2140285,1,Hse_Stk,0.66,0.67,1.09,0.57,0.33,0.93,0.85,1.09,1.19,0.59
2140285,2,Hse_Stk,0.66,0.67,1.09,0.57,0.33,0.93,0.85,1.09,1.19,0.59
2140285,3,Hse_Tub,0.66,0.67,1.09,0.57,0.36,0.93,0.85,1.09,1.19,0.33
2140285,4,Hse_Stk,0.63,0.67,1.09,0.57,0.33,0.93,0.85,1.09,1.19,0.33
2140285,5,Pk_Stk,0.29,0.67,1.09,0.57,0.36,0.93,0.85,1.09,1.19,0.59
2140285,6,BB_Stk,0.62,0.29,1.09,0.57,0.36,0.93,0.85,1.09,1.19,0.59
2140285,7,Pk_Stk,0.29,0.5,1.01,0.57,0.36,0.69,0.79,1.09,1.19,0.59
2140285,8,Gen_Stk,0.62,0.61,0.99,0.45,0.33,0.75,0.85,1.09,1.19,0.59
2140285,9,Hse_Stk,0.62,0.61,0.99,0.45,0.33,0.75,0.85,1.09,1.19,0.59
2140285,10,Hse_Stk,0.58,0.45,1.02,0.25,0.34,0.92,0.85,1.07,1.19,0.59
2140285,11,BB_Stk,0.58,0.25,0.99,0.29,0.33,0.78,0.85,1.07,1.19,0.58
2140285,12,Pk_Stk,0.29,0.5,0.99,0.3,0.33,0.72,0.85,1.07,1.19,0.59
2140285,13,Hse_Stk,0.39,0.5,0.99,0.29,0.33,0.69,0.79,1.08,1.19,0.56
2140442,1,Fl_Stk,0.63,0.67,0.99,0.57,0.49,0.78,0.66,1.16,1.17,0.5
2140442,2,Fl_Stk,0.67,1.01,0.99,0.39,0.55,0.78,0.88,1.08,1.17,0.5
2140442,3,Fl_Tub,0.67,0.67,1.08,0.57,0.49,0.83,0.75,0.98,1.17,0.5
2140442,4,Fl_Tub,0.67,0.67,1.08,0.57,0.49,0.83,0.85,0.98,1.17,0.5
2140442,5,Fl_Stk,0.67,0.67,1.08,0.57,0.49,0.83,0.71,0.98,1.17,0.5
2140442,6,Fl_Stk,0.67,0.67,1.08,0.57,0.49,0.83,0.85,0.98,1.17,0.47
2140442,7,Fl_Stk,0.63,0.6,0.99,0.57,0.39,0.79,0.85,0.98,1.17,0.5
2140442,8,Fl_Stk,0.63,0.67,1.09,0.57,0.39,0.93,0.7,0.98,1.17,0.59
2140442,9,Fl_Tub,0.63,0.67,1.09,0.57,0.45,0.93,0.85,0.98,1.17,0.59
2140442,10,Fl_Tub,0.63,0.67,1.09,0.57,0.45,0.92,0.85,0.98,1.17,0.59
2140442,11,Fl_Stk,0.66,0.5,1.09,0.57,0.33,0.93,0.85,1.09,1.19,0.59
2140442,12,Fl_Tub,0.66,0.5,1.09,0.57,0.33,0.93,0.85,1.09,1.19,0.59
2140442,13,Fl_Stk,0.19,0.5,1.09,0.57,0.36,0.93,0.85,1.09,1.19,0.59
2140442,14,Fl_Tub,0.5,0.59,1.09,0.57,0.36,0.93,0.85,1.09,1.19,0.33
2140442,15,Fl_Stk,0.63,0.67,1.09,0.57,0.36,0.93,0.85,1.09,1.19,0.71
2140442,16,Fl_Tub,0.58,0.39,0.99,0.45,0.33,0.72,0.85,1.07,1.19,0.59
2140483,1,Pk_Stk,0.62,0.39,0.99,0.45,0.33,0.75,0.85,1.18,1.19,0.59
2140483,2,Pk_Stk,0.25,0.39,0.99,0.45,0.33,0.75,0.85,1.09,1.19,0.59
2140483,3,BB_Stk,0.58,0.39,0.99,0.45,0.33,0.72,0.85,1.07,1.19,0.59
2140483,4,BB_Stk,0.58,0.45,0.99,0.45,0.33,0.72,0.85,1.07,1.19,0.59
2140483,5,Pk_Stk,0.58,0.58,0.99,0.45,0.33,0.72,0.85,1.07,1.19,0.59
2140483,6,BB_Stk,0.58,0.25,0.99,0.25,0.33,0.72,0.85,1.07,1.19,0.59
2140483,7,Pk_Stk,0.29,0.5,0.99,0.33,0.33,0.72,0.85,1.07,1.19,0.59
2140483,8,Pk_Stk,0.19,0.58,0.99,0.29,0.33,0.69,0.79,1.09,1.19,0.56
2140483,9,Pk_Stk,0.29,0.5,0.99,0.29,0.33,0.69,0.79,1.09,1.19,0.56
2140533,1,Pk_Stk,0.58,0.25,0.99,0.45,0.25,0.72,0.85,1.07,1.19,0.59
2140533,2,Pk_Stk,0.58,0.25,0.99,0.29,0.33,0.72,0.85,1.07,1.19,0.59
2140533,3,Pk_Stk,0.19,0.58,0.99,0.29,0.34,0.69,0.79,1.09,1.19,0.56
2140988,1,Pk_Tub,0.63,0.67,0.99,0.57,0.39,0.93,0.85,0.98,1.19,0.5
2140988,2,Hse_Stk,0.63,0.67,1.09,0.57,0.45,0.93,0.85,0.98,1.17,0.59
2140988,3,Pk_Stk,0.19,0.5,1.09,0.57,0.36,0.93,0.85,1.09,1.19,0.59
2140988,4,Gen_Stk,0.62,0.5,1.09,0.57,0.36,0.93,0.85,1.09,1.19,0.59
2140988,5,Pk_Stk,0.29,0.5,0.99,0.57,0.36,0.69,0.79,1.09,1.19,0.59
2140988,6,Hse_Stk,0.62,0.61,1.09,0.29,0.36,0.75,0.85,1.09,1.19,0.58
2140988,7,Pk_Stk,0.29,0.5,0.99,0.33,0.33,0.72,0.85,1.07,1.19,0.59
2140988,8,Pk_Stk,0.19,0.58,0.99,0.29,0.33,0.69,0.79,1.12,1.19,0.56
2140988,9,Pk_Stk,0.29,0.5,0.99,0.29,0.33,0.69,0.79,1.09,1.19,0.56
2141044,1,Pk_Stk,0.19,0.67,1.09,0.57,0.34,0.93,0.85,1.09,1.19,0.33
2141044,2,Pk_Stk,0.58,0.58,0.99,0.33,0.33,0.72,0.85,1.07,1.19,0.59
2141051,1,Hse_Stk,0.62,0.39,0.99,0.45,0.33,0.75,0.85,1.09,1.19,0.59
2141051,2,BB_Stk,0.58,0.39,0.99,0.45,0.33,0.72,0.85,1.07,1.19,0.59
2141051,3,Hse_Stk,0.58,0.58,0.99,0.25,0.33,0.72,0.85,1.07,1.19,0.59
2141051,4,SS_Tub,0.58,0.58,0.99,0.29,0.33,0.69,0.5,1.12,1.19,0.56
2141051,5,Pk_Stk,0.39,0.5,0.99,0.29,0.33,0.69,0.79,1.07,1.19,0.56
2141101,1,BB_Stk,0.66,0.5,1.09,0.57,0.33,0.93,0.85,1.09,1.19,0.59
2141101,2,Pk_Stk,0.19,0.5,1.09,0.57,0.36,0.93,0.85,1.09,1.19,0.59
2141101,3,Pk_Stk,0.39,0.5,0.99,0.29,0.34,0.69,0.79,1.07,1.19,0.56
2141317,1,Pk_Stk,0.5,0.67,1.09,0.57,0.36,0.93,0.85,1.09,1.19,0.33
2141317,2,BB_Stk,0.62,0.29,1.09,0.57,0.36,0.93,0.85,1.09,1.19,0.59
2141317,3,Pk_Stk,0.29,0.5,0.99,0.57,0.35,0.69,0.79,1.09,1.19,0.67
2141317,4,BB_Stk,0.62,0.5,1.09,0.57,0.34,0.93,0.85,1.09,1.19,0.59
2141317,5,BB_Stk,0.58,0.45,0.99,0.45,0.33,0.72,0.85,1.07,1.19,0.59
2141317,6,BB_Stk,0.58,0.19,0.99,0.29,0.33,0.69,0.79,1.07,1.19,0.56
2141457,1,Imp_Stk,0.63,0.59,0.99,0.57,0.49,0.79,0.85,0.98,1.17,0.59
2141457,2,SS_Tub,0.63,0.59,1.08,0.57,0.33,0.75,0.85,0.98,1.17,0.59
2141457,3,Pk_Stk,0.19,0.59,1.08,0.57,0.42,1.03,0.85,1.09,1.19,0.6
2141457,4,SS_Tub,0.63,0.59,1.02,0.57,0.36,0.93,0.85,1.09,1.23,0.65
2141457,5,Pk_Stk,0.29,0.5,0.99,0.57,0.36,0.69,0.79,1.09,1.19,0.59
2141457,6,BB_Stk,0.62,0.61,0.99,0.49,0.33,0.75,0.85,1.09,1.19,0.59
2141457,7,Fl_Stk,0.58,0.65,0.99,0.25,0.34,0.72,0.85,1.07,1.19,0.59
2141457,8,Pk_Stk,0.29,0.5,0.99,0.33,0.33,0.72,0.85,1.07,1.19,0.59
2141457,9,Pk_Stk,0.19,0.58,0.99,0.29,0.34,0.69,0.79,1.11,1.19,0.56
2141457,10,Pk_Stk,0.29,0.5,0.99,0.29,0.33,0.69,0.79,1.09,1.19,0.56
2141523,1,Hse_Stk,0.62,0.61,1.09,0.29,0.36,0.75,0.85,1.09,1.19,0.58
2141523,2,Pk_Stk,0.62,0.61,0.99,0.57,0.36,0.75,0.85,1.09,1.19,0.59
2141523,3,Hse_Stk,0.62,0.61,0.99,0.45,0.34,0.75,0.85,1.09,1.19,0.59
2141523,4,Pk_Stk,0.58,0.58,0.99,0.25,0.25,0.72,0.85,1.07,1.19,0.59
2141523,5,Gen_Stk,0.58,0.25,0.99,0.45,0.33,0.72,0.85,1.07,1.19,0.59
2141523,6,Hse_Stk,0.58,0.58,0.99,0.29,0.34,0.69,0.79,1.07,1.19,0.56
2141523,7,Pk_Stk,0.58,0.58,0.99,0.29,0.33,0.69,0.79,1.07,1.19,0.56
2141572,1,Pk_Stk,0.63,0.59,1.08,0.57,0.49,0.79,0.85,0.98,1.17,0.59
2141572,2,Pk_Stk,0.63,0.67,1.09,0.57,0.39,0.93,0.85,0.98,1.17,0.59
2141572,3,Pk_Stk,0.63,0.67,1.09,0.57,0.45,0.93,0.85,0.98,1.17,0.59
2141572,4,Pk_Stk,0.63,0.67,1.09,0.57,0.45,0.93,0.85,0.98,1.17,0.59
2141572,5,Gen_Stk,0.66,0.67,1.09,0.57,0.33,0.93,0.85,1.09,1.19,0.59
2141572,6,Pk_Stk,0.66,0.67,1.09,0.57,0.33,0.93,0.85,1.09,1.19,0.59
2141572,7,Pk_Stk,0.66,0.67,1.09,0.57,0.36,0.93,0.85,1.09,1.19,0.33
2141572,8,Pk_Stk,0.66,0.67,1.09,0.57,0.36,0.93,0.85,1.09,1.19,0.33
2141572,9,Pk_Stk,0.63,0.67,1.09,0.57,0.33,0.93,0.85,1.09,1.19,0.33
2141572,10,Pk_Stk,0.29,0.67,1.09,0.57,0.34,0.93,0.85,1.09,1.19,0.33
2141572,11,Pk_Stk,0.63,0.67,1.09,0.57,0.36,0.93,0.85,1.09,1.19,0.59
2141572,12,Pk_Stk,0.62,0.67,1.09,0.57,0.36,0.93,0.85,1.09,1.19,0.59
2141572,13,Pk_Stk,0.62,0.29,1.09,0.57,0.36,0.93,0.85,1.09,1.19,0.59
2141572,14,Pk_Stk,0.29,0.57,1.09,0.57,0.33,0.78,0.85,1.09,1.19,0.59
2141572,15,Pk_Stk,0.62,0.61,1.09,0.29,0.36,0.75,0.85,1.09,1.19,0.59
2141572,16,Pk_Stk,0.62,0.61,0.99,0.49,0.33,0.75,0.85,1.09,1.19,0.59
2141572,17,Pk_Stk,0.62,0.61,0.99,0.45,0.33,0.75,0.85,1.09,1.19,0.59
2141572,18,Pk_Stk,0.5,0.61,0.99,0.45,0.33,0.72,0.85,1.07,1.19,0.59
2141572,19,Pk_Stk,0.5,0.58,0.99,0.45,0.33,0.72,0.85,1.07,1.19,0.59
2141572,20,Pk_Stk,0.58,0.45,0.99,0.45,0.33,0.72,0.85,1.07,1.19,0.59
2141572,21,Pk_Stk,0.58,0.58,0.99,0.29,0.33,0.72,0.85,1.07,1.19,0.59
2141572,22,Pk_Stk,0.29,0.51,0.99,0.29,0.33,0.72,0.85,1.07,1.19,0.59
2141572,23,Pk_Stk,0.58,0.63,0.99,0.35,0.33,0.72,0.85,1.07,1.19,0.59
2141572,24,Pk_Stk,0.39,0.58,0.99,0.29,0.33,0.69,0.79,1.1,1.19,0.56
2141572,25,Pk_Stk,0.39,0.55,0.99,0.29,0.33,0.69,0.79,1.09,1.19,0.56
2141572,26,Pk_Stk,0.58,0.5,0.99,0.29,0.45,0.69,0.79,1.07,1.19,0.56
2141713,1,SS_Tub,0.62,0.61,0.99,0.49,0.33,0.75,0.5,1.09,1.19,0.59
2141713,2,BB_Stk,0.62,0.61,0.99,0.45,0.33,0.75,0.85,1.09,1.19,0.59
2141713,3,BB_Stk,0.62,0.61,0.99,0.45,0.33,0.75,0.85,1.09,1.19,0.59
2141713,4,SS_Tub,0.5,0.58,0.99,0.19,0.34,0.72,0.85,1.07,1.19,0.59
2141713,5,SS_Tub,0.58,0.58,0.99,0.29,0.33,0.69,0.5,1.08,1.19,0.56
2141721,1,Fl_Tub,0.63,0.67,0.99,0.57,0.39,0.93,0.85,0.98,1.17,0.59
2141721,2,Imp_Stk,0.66,0.67,1.09,0.57,0.36,0.93,0.85,1.09,1.19,0.33
2141721,3,Fl_Tub,0.29,0.67,1.09,0.57,0.34,0.93,0.85,1.09,1.19,0.33
2141721,4,Fl_Tub,0.62,0.61,0.99,0.57,0.36,0.75,0.65,1.09,1.19,0.59
2141721,5,BB_Stk,0.61,0.61,0.99,0.45,0.33,0.75,0.85,1.09,1.19,0.59
2141721,6,BB_Stk,0.58,0.39,0.99,0.45,0.33,0.72,0.85,1.07,1.19,0.59
2141721,7,BB_Stk,0.58,0.25,0.99,0.25,0.33,0.72,0.85,1.07,1.19,0.59
2141721,8,Fl_Tub,0.58,0.58,0.99,0.29,0.33,0.72,0.65,1.07,1.19,0.59
2141960,1,BB_Stk,0.62,0.61,0.99,0.45,0.33,0.75,0.85,1.18,1.19,0.59
2141960,2,Gen_Stk,0.62,0.39,0.99,0.45,0.33,0.75,0.85,1.09,1.19,0.59
2141960,3,Pk_Stk,0.25,0.39,0.99,0.45,0.33,0.75,0.85,1.09,1.19,0.59
2141960,4,Pk_Stk,0.25,0.39,0.99,0.45,0.33,0.75,0.85,1.09,1.19,0.59
2141960,5,BB_Stk,0.58,0.45,0.99,0.45,0.33,0.72,0.85,1.07,1.19,0.59
2141960,6,Pk_Stk,0.29,0.5,0.99,0.33,0.33,0.72,0.85,1.07,1.19,0.59
2141986,1,BB_Stk,0.62,0.29,1.09,0.57,0.36,0.93,0.85,1.09,1.19,0.59
2141986,2,Pk_Stk,0.62,0.5,0.99,0.57,0.33,0.75,0.85,1.09,1.19,0.59
2141986,3,BB_Stk,0.62,0.61,0.99,0.45,0.33,0.75,0.85,1.09,1.19,0.59
2141986,4,BB_Stk,0.58,0.25,0.99,0.45,0.33,0.72,0.85,1.07,1.19,0.59
2142158,1,Fl_Tub,0.5,0.6,0.99,0.45,0.33,0.75,0.85,1.07,1.19,0.59
2142158,2,Fl_Tub,0.58,0.58,0.99,0.25,0.33,0.72,0.85,1.07,1.19,0.59
2142158,3,Fl_Tub,0.58,0.25,0.99,0.29,0.34,0.72,0.85,1.07,1.19,0.59
2142158,4,Fl_Tub,0.29,0.45,0.99,0.29,0.33,0.69,0.56,1.09,1.19,0.56
2142158,5,Pk_Tub,0.58,0.58,0.99,0.29,0.34,0.69,0.79,1.07,1.19,0.56
2142364,1,BB_Stk,0.62,0.61,0.99,0.45,0.34,0.75,0.85,1.09,1.19,0.59
2142364,2,Pk_Stk,0.5,0.5,0.99,0.45,0.33,0.78,0.91,1.07,1.19,0.78
2142364,3,BB_Stk,0.19,0.58,0.99,0.29,0.33,0.69,0.79,1.09,1.19,0.56
2142364,4,BB_Stk,0.58,0.19,0.99,0.29,0.33,0.69,0.79,1.07,1.19,0.56
2142430,1,Pk_Stk,0.19,0.67,1.09,0.57,0.34,0.93,0.85,1.09,1.19,0.33
2142430,2,BB_Stk,0.61,0.61,0.99,0.49,0.33,0.75,0.85,1.09,1.19,0.59
2142430,3,SS_Tub,0.5,0.58,0.99,0.19,0.33,0.72,0.85,1.07,1.19,0.59
2142430,4,BB_Stk,0.58,0.25,0.99,0.29,0.33,0.7,0.89,1.07,1.2,0.62
2142489,1,Pk_Stk,0.39,0.58,0.99,0.29,0.34,0.69,0.79,1.09,1.19,0.56
2142497,1,Pk_Stk,0.63,0.67,1.08,0.57,0.49,0.77,0.73,0.98,1.17,0.59
2142497,2,Pk_Stk,0.5,0.5,1.09,0.57,0.36,0.93,0.85,1.09,1.19,0.33
2142497,3,Pk_Stk,0.29,0.5,0.99,0.33,0.34,0.72,0.85,1.07,1.19,0.59
2142661,1,Hse_Stk,0.63,0.59,1.08,0.57,0.45,0.93,0.85,0.98,1.17,0.59
2142661,2,Hse_Stk,0.66,0.59,1.08,0.57,0.45,0.93,0.85,0.98,1.17,0.59
2142661,3,Pk_Stk,0.29,0.59,1.08,0.57,0.34,0.93,0.85,1.09,1.19,0.33
2142661,4,Hse_Stk,0.5,0.58,0.99,0.45,0.34,0.72,0.85,1.07,1.19,0.59
2142661,5,Hse_Stk,0.58,0.58,0.99,0.45,0.33,0.72,0.85,1.07,1.19,0.59
2142661,6,Hse_Stk,0.58,0.45,0.99,0.45,0.33,0.72,0.85,1.07,1.19,0.59
2142661,7,Hse_Stk,0.58,0.25,0.99,0.45,0.33,0.72,0.85,1.07,1.19,0.59
2142661,8,Hse_Stk,0.58,0.58,0.99,0.45,0.33,0.72,0.85,1.07,1.19,0.59
2142661,9,Hse_Stk,0.39,0.58,0.99,0.29,0.33,0.69,0.79,1.09,1.19,0.56
2142661,10,Hse_Stk,0.58,0.19,0.99,0.29,0.33,0.69,0.79,1.07,1.19,0.56
2142992,1,SS_Tub,0.67,0.67,1.08,0.57,0.49,0.83,0.71,0.98,1.17,0.5
2142992,2,SS_Tub,0.5,0.58,0.99,0.45,0.33,0.72,0.85,1.07,1.19,0.59
2142992,3,SS_Tub,0.29,0.5,0.99,0.29,0.33,0.69,0.56,1.09,1.19,0.56
2143099,1,BB_Stk,0.62,0.67,1.09,0.57,0.36,0.93,0.85,1.09,1.19,0.59
2143099,2,BB_Stk,0.62,0.29,1.09,0.57,0.36,0.93,0.85,1.09,1.19,0.59
2143099,3,Pk_Stk,0.29,0.5,0.99,0.57,0.35,0.69,0.79,1.09,1.19,0.67
2143099,4,Imp_Stk,0.29,0.5,0.99,0.57,0.35,0.69,0.79,1.09,1.19,0.67
2143099,5,BB_Stk,0.62,0.5,0.99,0.49,0.33,0.75,0.85,1.09,1.19,0.59
2143099,6,BB_Stk,0.62,0.61,0.99,0.45,0.33,0.75,0.85,1.09,1.19,0.59
2143099,7,BB_Stk,0.62,0.61,0.99,0.45,0.33,0.75,0.85,1.09,1.19,0.59
2143099,8,BB_Stk,0.58,0.25,0.99,0.25,0.33,0.72,0.85,1.07,1.19,0.59
2143099,9,Pk_Stk,0.29,0.51,0.99,0.29,0.33,0.72,0.85,1.07,1.19,0.59
2143099,10,Fl_Stk,0.58,0.58,0.99,0.45,0.34,0.72,0.85,1.07,1.19,0.59
2143099,11,Pk_Stk,0.39,0.58,0.99,0.29,0.33,0.69,0.79,1.1,1.19,0.56
2143099,12,Pk_Stk,0.19,0.58,0.99,0.29,0.34,0.69,0.79,1.09,1.19,0.56
2143180,1,Gen_Stk,0.66,0.59,1.11,0.57,0.33,0.96,0.85,1.09,1.19,0.59
2143180,2,Pk_Stk,0.19,0.59,1.08,0.57,0.42,1.03,0.85,1.09,1.19,0.6
2143180,3,Hse_Stk,0.62,0.61,0.99,0.57,0.36,0.75,0.85,1.09,1.19,0.59
2143180,4,BB_Stk,0.58,0.25,0.99,0.45,0.33,0.72,0.85,1.07,1.19,0.59
2143180,5,Pk_Stk,0.19,0.58,0.99,0.29,0.33,0.69,0.79,1.12,1.19,0.56
2143180,6,BB_Stk,0.39,0.19,0.99,0.29,0.34,0.69,0.79,1.07,1.19,0.56
2143198,1,BB_Stk,0.62,0.29,1.09,0.57,0.36,1.23,0.85,1.24,1.34,0.71
2143198,2,BB_Stk,0.62,0.61,0.99,0.49,0.33,0.75,0.85,1.09,1.19,0.59
2143198,3,SS_Tub,0.62,0.61,0.99,0.49,0.33,0.75,0.5,1.09,1.19,0.59
2143198,4,Pk_Stk,0.62,0.61,0.99,0.49,0.33,0.75,0.85,1.09,1.19,0.59
2143198,5,Pk_Stk,0.62,0.61,0.99,0.45,0.33,0.75,0.85,1.09,1.19,0.59
2143198,6,BB_Stk,0.62,0.61,0.99,0.45,0.33,0.75,0.85,1.09,1.19,0.59
2143198,7,Hse_Stk,0.62,0.61,0.99,0.45,0.33,0.75,0.85,1.09,1.19,0.59
2143198,8,BB_Stk,0.62,0.39,0.99,0.45,0.33,0.75,0.85,1.09,1.19,0.59
2143214,1,Pk_Stk,0.19,0.67,1.09,0.57,0.36,0.93,0.85,1.09,1.19,0.59
2143214,2,Gen_Stk,0.63,0.67,1.09,0.57,0.36,0.93,0.85,1.09,1.19,0.51
2143214,3,Gen_Stk,0.63,0.67,1.08,0.57,0.36,0.93,0.85,1.09,1.19,0.59
2143214,4,BB_Stk,0.62,0.5,1.09,0.57,0.34,0.93,0.85,1.09,1.19,0.59
2143214,5,Pk_Stk,0.62,0.5,0.99,0.57,0.33,0.75,0.85,1.09,1.19,0.59
2143214,6,Pk_Stk,0.62,0.5,0.99,0.57,0.33,0.75,0.85,1.09,1.19,0.59
2143214,7,Gen_Stk,0.62,0.61,0.99,0.49,0.33,0.75,0.85,1.09,1.19,0.59
2143214,8,Gen_Stk,0.62,0.61,0.99,0.45,0.33,0.75,0.65,1.09,1.19,0.59
2143214,9,Gen_Stk,0.5,0.58,0.99,0.32,0.33,0.72,0.85,1.07,1.19,0.59
2143214,10,BB_Stk,0.58,0.19,0.99,0.29,0.33,0.69,0.79,1.07,1.19,0.56
2143305,1,Fl_Stk,0.5,0.58,0.99,0.19,0.33,0.69,0.64,1.07,1.19,0.59
2143305,2,Fl_Stk,0.29,0.5,0.99,0.3,0.33,0.72,0.65,1.07,1.19,0.59
2143305,3,Fl_Stk,0.29,0.5,0.99,0.29,0.33,0.69,0.56,1.09,1.19,0.56
2143446,1,Hse_Stk,0.62,0.61,0.99,0.45,0.34,0.75,0.85,1.09,1.19,0.59
2143446,2,Pk_Stk,0.25,0.61,0.99,0.45,0.33,0.75,0.85,1.09,1.19,0.59
2143446,3,Pk_Stk,0.5,0.58,0.99,0.19,0.33,0.72,0.85,1.07,1.19,0.59
2143446,4,Hse_Stk,0.5,0.58,0.99,0.19,0.33,0.72,0.85,1.07,1.19,0.59
2143446,5,Hse_Stk,0.58,0.58,0.99,0.33,0.25,0.72,0.85,1.07,1.19,0.59
2143446,6,BB_Stk,0.58,0.25,0.99,0.29,0.33,0.72,0.85,1.07,1.19,0.59
2143446,7,Pk_Stk,0.19,0.58,0.99,0.29,0.33,0.69,0.79,1.12,1.19,0.56
2143446,8,Pk_Stk,0.19,0.58,0.99,0.29,0.34,0.69,0.79,1.09,1.19,0.56
2143446,9,Pk_Stk,0.19,0.46,0.99,0.29,0.33,0.69,0.79,1.07,1.19,0.56
2143446,10,Pk_Stk,0.58,0.58,0.99,0.29,0.33,0.69,0.79,1.07,1.19,0.56
2143503,1,Pk_Stk,0.63,0.67,1.09,0.57,0.45,0.93,0.85,0.98,1.17,0.59
2143503,2,Pk_Stk,0.63,0.67,1.09,0.57,0.45,0.93,0.85,0.98,1.17,0.59
2143503,3,Pk_Stk,0.66,0.5,1.09,0.57,0.33,0.93,0.85,1.09,1.19,0.59
2143503,4,Pk_Stk,0.19,0.5,1.09,0.57,0.36,0.93,0.85,1.09,1.19,0.59
2143503,5,Pk_Stk,0.5,0.5,1.09,0.57,0.36,0.93,0.85,1.09,1.19,0.33
2143503,6,Pk_Stk,0.5,0.5,1.09,0.57,0.36,0.93,0.85,1.09,1.19,0.33
2143503,7,Pk_Stk,0.5,0.67,1.09,0.57,0.36,0.93,0.85,1.09,1.19,0.33
2143503,8,Pk_Stk,0.63,0.67,1.09,0.57,0.36,0.93,0.85,1.09,1.19,0.59
2143503,9,BB_Stk,0.62,0.29,1.09,0.57,0.36,0.94,0.85,1.09,1.19,0.59
2143503,10,BB_Stk,0.29,0.5,0.99,0.57,0.36,0.69,0.79,1.09,1.19,0.59
2143503,11,Pk_Stk,0.29,0.53,0.99,0.57,0.33,0.93,0.85,1.09,1.19,0.59
2143503,12,BB_Stk,0.62,0.5,1.09,0.57,0.33,0.93,0.85,1.09,1.19,0.59
2143503,13,Pk_Stk,0.62,0.61,0.99,0.57,0.36,0.75,0.85,1.09,1.19,0.59
2143503,14,Pk_Stk,0.62,0.61,0.99,0.45,0.33,0.75,0.85,1.09,1.19,0.59
2143503,15,BB_Stk,0.62,0.61,0.99,0.45,0.33,0.75,0.85,1.18,1.19,0.59
2143503,16,Pk_Stk,0.5,0.39,0.99,0.45,0.33,0.72,0.85,1.07,1.19,0.59
2143503,17,Pk_Stk,0.5,0.39,0.99,0.19,0.33,0.72,0.85,1.07,1.19,0.59
2143503,18,BB_Stk,0.58,0.39,0.99,0.45,0.33,0.72,0.85,1.07,1.19,0.59
2143503,19,Pk_Stk,0.29,0.5,0.99,0.33,0.33,0.72,0.85,1.07,1.19,0.59
2143503,20,Pk_Stk,0.58,0.25,0.99,0.29,0.33,0.7,0.85,1.07,1.19,0.57
2143503,21,Pk_Stk,0.19,0.58,0.99,0.29,0.33,0.69,0.79,1.12,1.19,0.56
2143800,1,Hse_Stk,0.47,0.54,0.99,0.29,0.33,0.69,0.79,1.09,1.19,0.56
2143925,1,Fl_Tub,0.19,0.66,1.09,0.57,0.36,0.93,0.85,1.07,1.19,0.33
2143925,2,Fl_Tub,0.62,0.5,1.09,0.57,0.33,0.93,0.85,1.09,1.19,0.59
2143925,3,Fl_Tub,0.62,0.61,0.99,0.45,0.34,0.75,0.85,1.09,1.19,0.59
2143925,4,Hse_Stk,0.62,0.61,0.99,0.45,0.33,0.75,0.85,1.09,1.19,0.59
2143925,5,Fl_Tub,0.25,0.61,0.99,0.45,0.33,0.74,0.65,1.09,1.19,0.59
2143925,6,Fl_Tub,0.39,0.58,0.99,0.29,0.33,0.69,0.63,1.09,1.19,0.56
2144048,1,BB_Stk,0.25,0.61,0.99,0.45,0.33,0.74,0.85,1.09,1.19,0.59
2144048,2,BB_Stk,0.58,0.45,0.99,0.45,0.34,0.72,0.85,1.07,1.19,0.59
2144048,3,BB_Stk,0.58,0.45,0.99,0.45,0.34,0.72,0.85,1.07,1.19,0.59
2144048,4,Pk_Stk,0.58,0.25,0.99,0.29,0.34,0.72,0.85,1.07,1.19,0.59
2144220,1,Pk_Stk,0.62,0.61,0.99,0.49,0.33,0.75,0.85,1.09,1.19,0.59
2144220,2,Pk_Stk,0.62,0.61,0.99,0.45,0.33,0.75,0.85,1.09,1.19,0.59
2144220,3,Pk_Stk,0.58,0.61,0.99,0.45,0.33,0.75,0.85,1.09,1.19,0.59
2144220,4,Pk_Stk,0.5,0.58,0.99,0.45,0.33,0.72,0.85,1.07,1.19,0.59
2144220,5,Pk_Stk,0.5,0.58,0.99,0.45,0.33,0.72,0.85,1.07,1.19,0.59
2144220,6,Pk_Stk,0.58,0.45,0.99,0.45,0.33,0.72,0.85,1.07,1.19,0.59
2144220,7,Pk_Stk,0.58,0.25,0.99,0.45,0.34,0.72,0.85,1.07,1.19,0.59
2144220,8,Pk_Stk,0.58,0.58,0.99,0.34,0.33,0.76,0.81,1.07,1.16,0.59
2144220,9,Pk_Stk,0.58,0.29,0.99,0.29,0.33,0.7,0.89,1.07,1.2,0.62
2144220,10,Pk_Stk,0.58,0.25,0.99,0.29,0.33,0.69,0.79,1.07,1.19,0.55
2144220,11,Pk_Stk,0.58,0.58,0.99,0.29,0.33,0.69,0.79,1.07,1.19,0.55
2144220,12,Pk_Stk,0.58,0.58,0.99,0.29,0.34,0.69,0.79,1.07,1.19,0.56
2144220,13,Pk_Stk,0.39,0.58,0.99,0.29,0.33,0.69,0.79,1.12,1.19,0.56
2144220,14,Pk_Stk,0.19,0.58,0.99,0.29,0.33,0.69,0.79,1.12,1.19,0.56
2144253,1,Gen_Stk,0.62,0.5,1.09,0.57,0.34,0.83,0.85,1.09,1.19,0.59
2144253,2,BB_Stk,0.5,0.39,0.99,0.45,0.33,0.72,0.85,1.07,1.19,0.59
2144253,3,BB_Stk,0.5,0.39,0.99,0.45,0.33,0.72,0.85,1.07,1.19,0.59
2144253,4,Pk_Stk,0.58,0.58,0.99,0.29,0.33,0.72,0.85,1.07,1.19,0.59
2144253,5,Pk_Stk,0.29,0.5,0.99,0.33,0.33,0.72,0.85,1.07,1.19,0.59
2144253,6,Pk_Stk,0.19,0.58,0.99,0.29,0.33,0.69,0.79,1.12,1.19,0.56
2144253,7,BB_Stk,0.29,0.5,0.99,0.29,0.33,0.69,0.79,1.09,1.19,0.56
2144253,8,Pk_Stk,0.39,0.58,0.99,0.29,0.34,0.69,0.79,1.09,1.19,0.56
2144253,9,SS_Tub,0.39,0.19,0.99,0.29,0.34,0.69,0.56,1.07,1.19,0.56
2144428,1,Pk_Tub,0.62,0.61,0.99,0.49,0.33,0.75,0.85,1.09,1.19,0.59
2144428,2,Pk_Tub,0.62,0.61,0.99,0.45,0.33,0.75,0.85,1.09,1.19,0.59
2144428,3,Pk_Tub,0.25,0.61,0.99,0.45,0.33,0.75,0.85,1.09,1.19,0.59
2144428,4,Pk_Tub,0.5,0.58,0.99,0.45,0.33,0.72,0.85,1.07,1.19,0.59
2144428,5,Pk_Tub,0.58,0.58,0.99,0.45,0.33,0.72,0.85,1.07,1.19,0.59
2144428,6,Pk_Tub,0.58,0.58,0.99,0.33,0.33,0.72,0.85,1.07,1.19,0.55
2144428,7,Pk_Tub,0.29,0.5,0.99,0.29,0.34,0.69,0.79,1.09,1.19,0.56
2144428,8,Pk_Tub,0.58,0.5,0.99,0.29,0.34,0.69,0.79,1.07,1.19,0.56
2144444,1,Pk_Stk,0.5,0.58,0.99,0.45,0.33,0.72,0.85,1.07,1.19,0.59
2144444,2,Pk_Stk,0.58,0.65,0.99,0.25,0.34,0.72,0.85,1.07,1.19,0.59
2144444,3,BB_Stk,0.58,0.25,0.99,0.45,0.33,0.72,0.85,1.07,1.19,0.59
2144444,4,Pk_Stk,0.29,0.5,0.99,0.33,0.33,0.72,0.85,1.07,1.19,0.59
2144444,5,BB_Stk,0.58,0.25,0.99,0.29,0.33,0.72,0.85,1.07,1.19,0.59
2144444,6,BB_Stk,0.58,0.19,0.99,0.29,0.34,0.69,0.79,1.07,1.19,0.56
2144451,1,Pk_Stk,0.62,0.67,1.09,0.57,0.36,0.93,0.85,1.09,1.19,0.59
2144451,2,BB_Stk,0.62,0.29,1.09,0.57,0.36,0.93,0.85,1.09,1.19,0.59
2144451,3,BB_Stk,0.62,0.61,0.99,0.45,0.33,0.75,0.85,1.09,1.19,0.59
2144451,4,Hse_Stk,0.62,0.61,0.99,0.45,0.33,0.75,0.85,1.09,1.19,0.59
2144451,5,BB_Stk,0.58,0.25,0.99,0.29,0.33,0.78,0.85,1.07,1.19,0.58
2144451,6,Hse_Stk,0.29,0.5,0.99,0.3,0.33,0.72,0.85,1.07,1.19,0.59
2144451,7,Pk_Stk,0.29,0.58,0.99,0.33,0.33,0.72,0.85,1.07,1.19,0.59
2144451,8,BB_Stk,0.58,0.25,0.99,0.29,0.33,0.72,0.85,1.07,1.19,0.59
2144451,9,SS_Tub,0.58,0.58,0.99,0.29,0.34,0.69,0.5,1.07,1.19,0.56
2144451,10,Pk_Stk,0.19,0.51,0.99,0.29,0.33,0.69,0.79,1.09,1.19,0.56
2144451,11,Pk_Stk,0.29,0.54,0.99,0.29,0.33,0.69,0.79,1.09,1.19,0.56
2144451,12,Pk_Stk,0.19,0.5,0.99,0.29,0.34,0.69,0.79,1.07,1.19,0.56
2144576,1,Fl_Stk,0.63,0.67,1.09,0.57,0.36,0.93,0.85,1.09,1.19,0.33
2144576,2,Fl_Tub,0.63,0.67,1.09,0.57,0.33,0.93,0.85,1.09,1.19,0.33
2144576,3,Fl_Tub,0.63,0.67,1.09,0.57,0.36,0.93,0.85,1.09,1.19,0.71
2144576,4,Fl_Stk,0.63,0.67,1.09,0.57,0.36,0.93,0.85,1.09,1.19,0.42
2144576,5,Fl_Stk,0.62,0.67,1.09,0.57,0.36,0.93,0.85,1.09,1.19,0.59
2144576,6,Fl_Tub,0.62,0.5,1.09,0.57,0.33,0.93,0.85,1.09,1.19,0.59
2144576,7,Fl_Tub,0.62,0.61,0.99,0.49,0.33,0.75,0.85,1.09,1.19,0.59
2144576,8,Fl_Tub,0.62,0.61,0.99,0.49,0.33,0.75,0.85,1.09,1.19,0.59
2144576,9,BB_Stk,0.62,0.61,0.99,0.45,0.33,0.75,0.85,1.09,1.19,0.59
2144576,10,Fl_Stk,0.62,0.61,0.99,0.45,0.33,0.75,0.85,1.09,1.19,0.59
2144576,11,Fl_Stk,0.62,0.61,0.99,0.45,0.34,0.75,0.85,1.09,1.19,0.59
2144576,12,Fl_Tub,0.25,0.61,0.99,0.45,0.34,0.75,0.65,1.09,1.19,0.59
2144576,13,Fl_Stk,0.25,0.61,0.99,0.45,0.34,0.75,0.65,1.09,1.19,0.59
2144576,14,Fl_Tub,0.58,0.45,0.99,0.45,0.33,0.72,0.65,1.07,1.19,0.59
2144584,1,Pk_Stk,0.19,0.67,1.09,0.57,0.36,0.93,0.85,1.09,1.19,0.59
2144584,2,SS_Tub,0.62,0.61,0.99,0.49,0.33,0.75,0.85,1.09,1.19,0.59
2144584,3,BB_Stk,0.62,0.61,0.99,0.49,0.33,0.75,0.85,1.09,1.19,0.59
2144584,4,Pk_Stk,0.39,0.58,0.99,0.29,0.33,0.69,0.79,1.08,1.19,0.56
2144741,1,Hse_Stk,0.62,0.67,1.09,0.57,0.36,0.93,0.85,1.09,1.19,0.59
2144741,2,Hse_Stk,0.62,0.5,1.09,0.57,0.36,0.93,0.85,1.09,1.19,0.59
2144741,3,Hse_Stk,0.62,0.5,1.09,0.57,0.33,0.93,0.85,1.09,1.19,0.59
2144741,4,Gen_Stk,0.62,0.5,1.09,0.57,0.33,0.93,0.85,1.09,1.19,0.59
2144741,5,Gen_Stk,0.62,0.61,1.09,0.29,0.36,0.75,0.85,1.09,1.19,0.59
2144741,6,Hse_Stk,0.62,0.61,1.09,0.29,0.36,0.75,0.85,1.09,1.19,0.59
2144741,7,Gen_Stk,0.62,0.61,0.99,0.49,0.33,0.75,0.85,1.09,1.19,0.59
2144741,8,Hse_Stk,0.62,0.61,0.99,0.49,0.33,0.75,0.85,1.09,1.19,0.59
2144741,9,Hse_Stk,0.62,0.61,0.99,0.49,0.33,0.75,0.85,1.09,1.19,0.59
2144741,10,Gen_Stk,0.62,0.61,0.99,0.49,0.33,0.75,0.85,1.09,1.19,0.59
2144741,11,Hse_Stk,0.62,0.61,0.99,0.45,0.33,0.75,0.85,1.09,1.19,0.59
2144741,12,Hse_Stk,0.62,0.61,0.99,0.45,0.33,0.75,0.85,1.09,1.19,0.59
2144741,13,Gen_Stk,0.5,0.61,0.99,0.45,0.33,0.75,0.85,1.09,1.19,0.59
2144741,14,Gen_Stk,0.5,0.61,0.99,0.45,0.33,0.75,0.65,1.09,1.19,0.59
2144741,15,Gen_Stk,0.5,0.61,0.99,0.45,0.33,0.74,0.85,1.07,1.19,0.59
2144741,16,Gen_Stk,0.58,0.45,0.99,0.25,0.33,0.72,0.85,1.07,1.19,0.59
2144741,17,Gen_Stk,0.58,0.45,0.99,0.29,0.33,0.78,0.65,1.07,1.19,0.58
2144766,1,Pk_Tub,0.63,0.67,1.09,0.57,0.45,0.93,0.85,0.98,1.17,0.59
2144766,2,Pk_Tub,0.66,0.67,1.08,0.57,0.33,0.93,0.85,1.09,1.19,0.59
2144766,3,Pk_Stk,0.19,0.67,1.08,0.57,0.36,0.93,0.85,1.09,1.19,0.59
2144766,4,Pk_Stk,0.19,0.67,1.08,0.57,0.36,0.93,0.85,1.09,1.19,0.59
2144766,5,Pk_Tub,0.63,0.66,0.99,0.57,0.36,0.93,0.85,1.09,1.18,0.59
2144766,6,Pk_Tub,0.62,0.5,1.09,0.57,0.36,0.93,0.85,1.09,1.19,0.59
2144766,7,Pk_Stk,0.62,0.5,0.99,0.49,0.33,0.75,0.85,1.09,1.19,0.59
2144766,8,BB_Stk,0.62,0.61,0.99,0.49,0.34,0.75,0.85,1.09,1.19,0.59
2144766,9,Pk_Tub,0.62,0.61,0.99,0.49,0.33,0.75,0.85,1.09,1.19,0.59
2144766,10,Pk_Tub,0.62,0.61,0.99,0.49,0.34,0.75,0.85,1.09,1.19,0.59
2144766,11,BB_Stk,0.62,0.61,0.99,0.45,0.33,0.75,0.85,1.09,1.19,0.59
2144766,12,Pk_Tub,0.62,0.61,0.99,0.45,0.33,0.75,0.85,1.09,1.19,0.59
2144766,13,Fl_Stk,0.25,0.61,0.99,0.45,0.33,0.75,0.65,1.09,1.19,0.59
2144766,14,Pk_Tub,0.5,0.58,0.99,0.45,0.34,0.72,0.86,1.07,1.19,0.59
2144766,15,Pk_Tub,0.5,0.5,0.99,0.45,0.33,0.78,0.91,1.07,1.19,0.78
2144766,16,Pk_Stk,0.29,0.51,0.99,0.33,0.33,0.72,0.85,1.07,1.21,0.59
2144766,17,Pk_Tub,0.58,0.58,0.99,0.29,0.33,0.69,0.5,1.07,1.19,0.59
2145078,1,Pk_Tub,0.67,0.69,1.08,0.54,0.49,0.75,0.75,0.98,1.17,0.59
2145078,2,Pk_Tub,0.63,0.67,1.09,0.57,0.45,0.93,0.85,0.98,1.17,0.59
2145243,1,Pk_Stk,0.29,0.5,0.99,0.57,0.36,0.69,0.79,1.09,1.19,0.59
2145243,2,BB_Stk,0.62,0.61,0.99,0.45,0.33,0.75,0.85,1.09,1.19,0.59
2145243,3,Hse_Stk,0.62,0.61,0.99,0.45,0.34,0.75,0.85,1.09,1.19,0.59
2145243,4,Pk_Stk,0.25,0.61,0.99,0.45,0.33,0.75,0.85,1.09,1.19,0.59
2145243,5,Pk_Stk,0.5,0.58,0.99,0.45,0.33,0.72,0.85,1.07,1.19,0.59
2145243,6,Pk_Stk,0.58,0.45,0.99,0.45,0.33,0.72,0.85,1.07,1.19,0.59
2145243,7,BB_Stk,0.58,0.25,0.99,0.45,0.33,0.72,0.85,1.07,1.19,0.59
2145243,8,Hse_Stk,0.29,0.5,0.99,0.29,0.33,0.72,0.85,1.07,1.19,0.59
2145243,9,Pk_Stk,0.29,0.5,0.99,0.33,0.33,0.72,0.85,1.07,1.19,0.59
2145243,10,Pk_Stk,0.19,0.58,0.99,0.29,0.34,0.69,0.79,1.11,1.19,0.56
2145292,1,Pk_Stk,0.62,0.61,1.09,0.57,0.34,0.83,0.85,1.09,1.19,0.59
2145292,2,Pk_Tub,0.58,0.39,0.99,0.45,0.33,0.75,0.85,1.09,1.19,0.59
2145292,3,Pk_Stk,0.5,0.39,0.99,0.45,0.33,0.72,0.85,1.07,1.19,0.59
2145292,4,Pk_Stk,0.5,0.39,0.99,0.45,0.33,0.72,0.85,1.07,1.19,0.59
2145292,5,Pk_Stk,0.58,0.45,0.99,0.45,0.33,0.72,0.85,1.07,1.19,0.59
2145292,6,Pk_Stk,0.29,0.5,0.99,0.33,0.33,0.72,0.85,1.07,1.19,0.59
2145292,7,Pk_Stk,0.29,0.5,0.99,0.33,0.33,0.72,0.85,1.07,1.19,0.59
2145292,8,Pk_Stk,0.29,0.5,0.99,0.33,0.33,0.72,0.85,1.07,1.19,0.59
2145292,9,Pk_Stk,0.29,0.5,0.99,0.29,0.33,0.69,0.79,1.09,1.19,0.56
2145292,10,Pk_Stk,0.39,0.58,0.99,0.29,0.34,0.69,0.79,1.09,1.19,0.56
2145458,1,Pk_Stk,0.66,0.67,1.09,0.57,0.33,0.93,0.85,0.98,1.17,0.5
2145458,2,Pk_Stk,0.19,0.67,1.09,0.57,0.36,0.93,0.85,1.09,1.19,0.58
2145458,3,Pk_Stk,0.66,0.67,1.09,0.57,0.36,0.93,0.85,1.09,1.19,0.33
2145458,4,Pk_Stk,0.29,0.67,1.09,0.57,0.33,0.93,0.85,1.09,1.19,0.33
2145458,5,Pk_Stk,0.63,0.66,0.99,0.57,0.36,0.89,0.85,1.09,1.19,0.59
2145458,6,Pk_Stk,0.29,0.28,0.95,0.58,0.36,0.63,0.79,1.09,1.19,0.59
2145458,7,Pk_Tub,0.62,0.61,0.99,0.57,0.36,0.71,0.85,1.09,1.19,0.59
2145458,8,BB_Stk,0.5,0.58,0.99,0.45,0.33,0.72,0.85,1.07,1.19,0.59
2145458,9,Pk_Stk,0.39,0.58,0.99,0.29,0.33,0.69,0.79,1.12,1.19,0.56
2145458,10,Pk_Stk,0.19,0.58,0.99,0.29,0.33,0.69,0.79,1.12,1.19,0.56
2145458,11,Pk_Stk,0.29,0.5,0.99,0.29,0.33,0.69,0.79,1.09,1.19,0.56
2145649,1,Pk_Stk,0.63,0.67,1.09,0.57,0.39,0.93,0.85,0.98,1.17,0.5
2145649,2,Pk_Stk,0.66,0.67,1.09,0.57,0.33,0.93,0.85,1.09,1.19,0.5
2145649,3,Pk_Stk,0.66,0.67,1.09,0.57,0.33,0.93,0.85,1.09,1.19,0.5
2145649,4,Pk_Stk,0.66,0.67,1.09,0.57,0.36,0.93,0.85,1.09,1.19,0.33
2145649,5,Pk_Stk,0.63,0.66,1.09,0.57,0.36,0.93,0.85,1.09,1.19,0.59
2145649,6,BB_Stk,0.62,0.5,1.09,0.57,0.33,0.93,0.85,1.09,1.19,0.59
2145649,7,Hse_Stk,0.62,0.61,1.04,0.29,0.36,0.74,0.85,1.09,1.19,0.59
2145649,8,Pk_Stk,0.62,0.61,0.99,0.57,0.36,0.75,0.85,1.09,1.19,0.59
2145649,9,Fl_Stk,0.62,0.61,0.99,0.49,0.33,0.75,0.5,1.09,1.19,0.59
2145649,10,BB_Stk,0.62,0.61,0.99,0.45,0.33,0.75,0.85,1.09,1.19,0.59
2145649,11,Pk_Stk,0.25,0.61,0.99,0.45,0.33,0.75,0.85,1.09,1.19,0.59
2145649,12,Fl_Stk,0.58,0.45,0.99,0.45,0.33,0.72,0.65,1.07,1.19,0.59
2145649,13,BB_Stk,0.58,0.45,0.99,0.45,0.33,0.72,0.85,1.07,1.19,0.59
2145649,14,Pk_Stk,0.58,0.25,0.99,0.45,0.25,0.72,0.85,1.07,1.19,0.59
2145649,15,BB_Stk,0.58,0.25,0.99,0.45,0.25,0.72,0.85,1.07,1.19,0.59
2145649,16,Pk_Stk,0.29,0.5,0.99,0.33,0.25,0.72,0.85,1.07,1.19,0.59
2145649,17,Pk_Stk,0.39,0.58,0.99,0.29,0.34,0.69,0.79,1.09,1.19,0.56
2145649,18,BB_Stk,0.58,0.19,0.99,0.29,0.33,0.69,0.79,1.07,1.19,0.56
2145672,1,SS_Tub,0.66,0.59,1.08,0.57,0.36,0.93,0.75,1.09,1.19,0.33
2145672,2,Pk_Tub,0.63,0.59,1.08,0.57,0.33,0.93,0.85,1.09,1.19,0.33
2145672,3,SS_Tub,0.62,0.5,1.13,0.57,0.36,0.93,0.85,1.16,1.19,0.59
2145672,4,SS_Tub,0.62,0.5,1.09,0.57,0.36,1.23,0.85,1.24,1.34,0.71
2145672,5,SS_Tub,0.29,0.5,0.99,0.57,0.36,0.69,0.79,1.09,1.19,0.59
2145672,6,Pk_Stk,0.29,0.5,0.99,0.57,0.36,0.69,0.79,1.09,1.19,0.59
2145672,7,SS_Tub,0.62,0.61,0.99,0.57,0.36,0.75,0.85,1.09,1.19,0.59
2145672,8,Pk_Stk,0.62,0.61,0.99,0.57,0.36,0.75,0.85,1.09,1.19,0.59
2145672,9,Pk_Stk,0.62,0.61,0.99,0.49,0.33,0.75,0.85,1.09,1.19,0.59
2145672,10,SS_Tub,0.62,0.61,0.99,0.49,0.33,0.75,0.5,1.09,1.19,0.59
2145672,11,BB_Stk,0.62,0.61,0.99,0.45,0.33,0.75,0.85,1.09,1.19,0.59
2145672,12,BB_Stk,0.62,0.61,0.99,0.45,0.34,0.75,0.85,1.09,1.19,0.59
2145672,13,SS_Tub,0.5,0.58,0.99,0.45,0.33,0.72,0.85,1.07,1.19,0.59
2145672,14,SS_Tub,0.58,0.58,0.99,0.45,0.33,0.72,0.85,1.07,1.19,0.59
2145672,15,Hse_Stk,0.58,0.65,0.99,0.25,0.34,0.72,0.85,1.07,1.19,0.59
2145672,16,Pk_Stk,0.19,0.58,0.99,0.29,0.34,0.69,0.79,1.11,1.19,0.56
2145672,17,Pk_Stk,0.29,0.5,0.99,0.29,0.33,0.69,0.79,1.09,1.19,0.56
2145672,18,Fl_Stk,0.58,0.19,0.99,0.29,0.34,0.69,0.63,1.07,1.19,0.56
2145748,1,Hse_Stk,0.62,0.61,0.99,0.45,0.33,0.75,0.85,1.09,1.19,0.59
2145748,2,Hse_Stk,0.5,0.58,0.99,0.19,0.33,0.69,0.85,1.07,1.19,0.59
2145748,3,Hse_Stk,0.58,0.45,0.99,0.29,0.33,0.72,0.85,1.07,1.19,0.59
2145748,4,SS_Tub,0.58,0.25,0.99,0.29,0.33,0.72,0.5,1.07,1.19,0.59
2145748,5,BB_Stk,0.58,0.25,0.99,0.29,0.33,0.72,0.85,1.07,1.19,0.59
2145748,6,BB_Stk,0.58,0.19,0.99,0.29,0.33,0.69,0.79,1.07,1.19,0.56
2145771,1,BB_Stk,0.62,0.61,0.99,0.49,0.33,0.75,0.85,1.09,1.19,0.59
2145771,2,BB_Stk,0.62,0.61,0.99,0.45,0.33,0.75,0.85,1.09,1.19,0.59
2145771,3,Pk_Stk,0.29,0.5,0.99,0.29,0.33,0.69,0.79,1.09,1.19,0.56
2145771,4,Pk_Stk,0.19,0.58,0.99,0.29,0.33,0.69,0.79,1.09,1.19,0.56
2145979,1,BB_Stk,0.58,0.25,0.99,0.29,0.33,0.72,0.85,1.07,1.19,0.59
2145979,2,Hse_Stk,0.58,0.58,0.99,0.29,0.33,0.69,0.79,1.1,1.19,0.56
2145979,3,Pk_Stk,0.29,0.5,0.99,0.29,0.33,0.69,0.79,1.09,1.19,0.56
2145979,4,Hse_Stk,0.19,0.58,0.99,0.29,0.33,0.69,0.79,1.09,1.19,0.56
2145979,5,Pk_Stk,0.19,0.58,0.99,0.29,0.33,0.69,0.79,1.09,1.19,0.56
2145987,1,Pk_Stk,0.29,0.28,0.95,0.58,0.36,0.63,0.79,1.09,1.19,0.59
2145987,2,Hse_Stk,0.62,0.61,1.04,0.29,0.36,0.74,0.85,1.09,1.19,0.59
2145987,3,Gen_Stk,0.62,0.61,0.99,0.57,0.36,0.76,0.85,1.09,1.19,0.59
2145987,4,Hse_Stk,0.62,0.61,0.99,0.45,0.34,0.75,0.85,1.09,1.19,0.59
2145987,5,Pk_Stk,0.19,0.58,0.99,0.29,0.33,0.69,0.79,1.12,1.19,0.56
2145987,6,Pk_Stk,0.19,0.46,0.99,0.29,0.33,0.69,0.79,1.07,1.19,0.56
2146035,1,Hse_Stk,0.63,0.67,0.99,0.57,0.49,0.93,0.85,0.98,1.17,0.58
2146035,2,Gen_Stk,0.63,0.67,0.99,0.57,0.49,0.93,0.85,0.98,1.17,0.58
2146035,3,Gen_Stk,0.63,0.67,0.99,0.57,0.39,0.93,0.85,0.98,1.17,0.59
2146035,4,Hse_Stk,0.63,0.67,1.09,0.57,0.39,0.93,0.85,0.98,1.17,0.59
2146035,5,Gen_Stk,0.63,0.67,1.09,0.57,0.33,0.75,0.85,0.98,1.17,0.59
2146035,6,BB_Stk,0.62,0.29,1.09,0.57,0.36,0.93,0.85,1.09,1.19,0.59
2146035,7,Gen_Stk,0.62,0.61,0.99,0.57,0.36,0.75,0.85,1.09,1.19,0.61
2146035,8,Pk_Stk,0.62,0.5,0.99,0.57,0.33,0.75,0.85,1.09,1.19,0.59
2146035,9,Pk_Stk,0.62,0.61,0.99,0.49,0.33,0.75,0.85,1.09,1.19,0.59
2146035,10,Hse_Stk,0.62,0.61,0.99,0.49,0.33,0.75,0.85,1.09,1.19,0.59
2146035,11,Pk_Stk,0.5,0.58,0.99,0.45,0.33,0.72,0.85,1.07,1.19,0.59
2146035,12,Hse_Stk,0.5,0.5,0.99,0.19,0.34,0.72,0.85,1.08,1.19,0.74
2146035,13,BB_Stk,0.58,0.25,0.99,0.45,0.34,0.72,0.85,1.07,1.19,0.59
2146035,14,Pk_Stk,0.29,0.51,0.99,0.33,0.33,0.72,0.85,1.07,1.21,0.59
2146035,15,Hse_Stk,0.19,0.58,0.99,0.29,0.34,0.69,0.79,1.09,1.19,0.56
2146035,16,Pk_Stk,0.19,0.47,0.99,0.29,0.34,0.69,0.79,1.07,1.19,0.56
2146050,1,Fl_Stk,0.63,0.59,0.99,0.57,0.49,0.79,0.85,0.98,1.26,1.05
2146050,2,Fl_Tub,0.63,0.67,1.09,0.57,0.33,0.88,0.85,0.98,1.17,0.59
2146050,3,Fl_Tub,0.62,0.61,0.99,0.49,0.33,0.75,0.85,1.09,1.19,0.59
2146050,4,Fl_Tub,0.58,0.45,1.02,0.25,0.34,0.92,0.85,1.07,1.19,0.59
2146050,5,Fl_Tub,0.19,0.5,0.99,0.29,0.33,0.69,0.79,1.07,1.19,0.56
2146118,1,Pk_Stk,0.63,0.67,1.09,0.57,0.36,0.91,0.85,1.09,1.19,0.55
2146118,2,Pk_Stk,0.63,0.67,0.99,0.57,0.36,1.03,0.85,1.09,1.19,0.37
2146118,3,BB_Stk,0.62,0.29,1.09,0.57,0.36,0.94,0.85,1.09,1.19,0.59
2146118,4,BB_Stk,0.62,0.29,1.09,0.57,0.36,0.93,0.85,1.09,1.19,0.59
2146118,5,Pk_Stk,0.29,0.5,0.99,0.57,0.36,0.69,0.79,1.09,1.19,0.59
2146118,6,BB_Stk,0.62,0.5,1.09,0.57,0.33,0.93,0.85,1.09,1.19,0.59
2146118,7,Pk_Stk,0.62,0.61,0.99,0.57,0.36,0.75,0.85,1.09,1.19,0.59
2146118,8,BB_Stk,0.62,0.61,0.99,0.45,0.33,0.75,0.85,1.18,1.19,0.59
2146118,9,BB_Stk,0.62,0.39,0.99,0.45,0.33,0.75,0.85,1.09,1.19,0.59
2146118,10,BB_Stk,0.58,0.39,0.99,0.45,0.33,0.72,0.85,1.07,1.19,0.59
2146118,11,BB_Stk,0.58,0.45,0.99,0.45,0.33,0.72,0.85,1.07,1.19,0.59
2146118,12,Pk_Stk,0.29,0.5,0.99,0.33,0.34,0.72,0.85,1.07,1.19,0.59
2146118,13,BB_Stk,0.58,0.25,0.99,0.29,0.34,0.72,0.85,1.07,1.19,0.59
2146118,14,Pk_Stk,0.39,0.58,0.99,0.29,0.33,0.69,0.79,1.1,1.19,0.56
2146118,15,Pk_Stk,0.29,0.51,0.99,0.29,0.34,0.69,0.79,1.09,1.19,0.56
2146118,16,Pk_Stk,0.19,0.58,0.99,0.29,0.34,0.69,0.79,1.09,1.19,0.56
2146118,17,Imp_Stk,0.19,0.58,0.99,0.29,0.34,0.69,0.79,1.09,1.19,0.56
2146118,18,Pk_Stk,0.19,0.5,0.99,0.29,0.33,0.69,0.79,1.07,1.19,0.56
2146225,1,SS_Tub,0.62,0.61,1.09,0.29,0.36,0.75,0.85,1.09,1.19,0.59
2146225,2,SS_Tub,0.62,0.61,0.99,0.45,0.33,0.75,0.85,1.09,1.19,0.59
2146225,3,SS_Tub,0.58,0.58,0.99,0.45,0.33,0.72,0.85,1.07,1.19,0.59
2146225,4,SS_Tub,0.58,0.58,0.99,0.45,0.33,0.72,0.85,1.07,1.19,0.59
2146225,5,SS_Tub,0.58,0.45,0.99,0.45,0.33,0.72,0.85,1.07,1.19,0.59
2146381,1,Pk_Stk,0.63,0.67,1.09,0.57,0.33,0.93,0.85,0.98,1.17,0.59
2146381,2,Pk_Stk,0.63,0.67,1.09,0.57,0.45,0.93,0.85,0.98,1.17,0.59
2146381,3,Pk_Stk,0.19,0.67,1.09,0.57,0.36,0.93,0.85,1.09,1.19,0.59
2146381,4,Pk_Stk,0.66,0.67,1.09,0.57,0.36,0.93,0.85,1.09,1.19,0.33
2146381,5,Pk_Stk,0.63,0.65,1.09,0.56,0.36,0.93,0.85,1.09,1.19,0.6
2146381,6,Pk_Stk,0.63,0.67,0.99,0.57,0.36,0.87,0.85,1.09,1.15,0.59
2146381,7,BB_Stk,0.62,0.29,1.09,0.57,0.36,0.93,0.85,1.09,1.19,0.59
2146381,8,Pk_Stk,0.62,0.5,0.99,0.57,0.36,0.6,0.85,1.09,1.24,0.47
2146381,9,Pk_Stk,0.62,0.5,0.99,0.57,0.35,0.75,0.85,1.09,1.19,0.66
2146381,10,Fl_Tub,0.62,0.5,0.99,0.57,0.33,0.75,0.85,1.09,1.19,0.59
2146381,11,Fl_Stk,0.62,0.61,0.99,0.49,0.33,0.75,0.85,1.09,1.19,0.59
2146381,12,Pk_Stk,0.5,0.6,0.99,0.45,0.33,0.75,0.85,1.07,1.19,0.59
2146381,13,Pk_Stk,0.5,0.58,0.99,0.19,0.33,0.72,0.85,1.07,1.19,0.59
2146381,14,Pk_Stk,0.29,0.5,0.99,0.3,0.33,0.72,0.85,1.07,1.19,0.59
2146381,15,Pk_Stk,0.58,0.58,0.99,0.33,0.34,0.72,0.85,1.07,1.19,0.59
2146381,16,Hse_Stk,0.58,0.58,0.99,0.29,0.33,0.69,0.79,1.07,1.19,0.56
2146621,1,BB_Stk,0.5,0.5,1.09,0.57,0.36,0.93,0.85,1.09,1.19,0.33
2146621,2,BB_Stk,0.62,0.29,1.09,0.57,0.36,0.94,0.85,1.09,1.19,0.59
2146621,3,Pk_Stk,0.29,0.5,0.99,0.57,0.36,0.69,0.79,1.09,1.19,0.59
2146621,4,BB_Stk,0.62,0.39,0.99,0.45,0.33,0.75,0.85,1.18,1.19,0.59
2146621,5,Hse_Stk,0.5,0.39,0.99,0.19,0.33,0.72,0.85,1.07,1.19,0.59
2146621,6,BB_Stk,0.58,0.58,0.99,0.45,0.33,0.72,0.85,1.07,1.19,0.59
2146621,7,Pk_Stk,0.29,0.5,0.99,0.33,0.33,0.72,0.85,1.07,1.19,0.59
2146621,8,Pk_Stk,0.19,0.5,0.99,0.29,0.33,0.69,0.79,1.07,1.19,0.56
2146688,1,Pk_Stk,0.63,0.59,1.09,0.57,0.39,0.94,0.85,0.99,1.42,0.59
2146688,2,Pk_Stk,0.58,0.59,1.1,0.57,0.45,0.93,0.85,0.98,1.18,0.56
2146688,3,Pk_Stk,0.63,0.61,0.99,0.57,0.45,1.0,0.85,0.99,1.21,0.66
2146688,4,Pk_Stk,0.66,0.59,0.99,0.57,0.33,0.93,0.85,1.08,1.19,0.59
2146688,5,Pk_Stk,0.66,0.59,0.99,0.57,0.33,0.93,0.85,1.09,1.19,0.59
2146688,6,Pk_Stk,0.66,0.59,0.99,0.57,0.36,0.93,0.85,1.09,1.19,0.33
2146688,7,Pk_Stk,0.63,0.67,1.1,0.57,0.36,0.93,0.85,1.08,1.18,0.33
2146688,8,Pk_Stk,0.63,0.72,0.99,0.57,0.36,0.42,0.85,1.09,1.19,0.52
2146688,9,Pk_Stk,0.62,0.29,1.1,0.58,0.33,0.95,0.85,1.09,1.19,0.6
2146688,10,Pk_Stk,0.62,0.81,1.16,0.57,0.33,0.95,0.85,1.09,1.32,0.61
2146688,11,Pk_Stk,0.62,0.61,0.99,0.49,0.33,0.75,0.85,1.09,1.19,0.59
2146688,12,Pk_Stk,0.62,0.61,0.99,0.47,0.33,0.75,0.85,1.09,1.19,0.59
2146688,13,Pk_Stk,0.62,0.61,0.99,0.45,0.33,0.75,0.85,1.09,1.19,0.59
2146688,14,Pk_Stk,0.5,0.58,0.99,0.19,0.33,0.72,0.85,1.07,1.19,0.59
2146688,15,Pk_Stk,0.5,0.58,0.99,0.45,0.33,0.72,0.85,1.07,1.19,0.59
2146688,16,Pk_Stk,0.58,0.45,0.99,0.45,0.33,0.72,0.85,1.07,1.19,0.59
2146688,17,Pk_Stk,0.58,0.25,0.99,0.45,0.34,0.72,0.85,1.07,1.19,0.59
2146688,18,Pk_Stk,0.39,0.58,0.99,0.29,0.33,0.69,0.79,1.12,1.19,0.56
2146688,19,Pk_Stk,0.39,0.58,1.0,0.29,0.33,0.69,0.79,1.09,1.2,0.56
2147066,1,SS_Tub,0.63,0.67,1.08,0.57,0.45,0.93,0.85,0.98,1.17,0.59
2147066,2,Hse_Tub,0.66,0.67,1.08,0.57,0.36,0.93,0.85,1.09,1.19,0.33
2147066,3,Pk_Stk,0.63,0.67,1.08,0.57,0.33,0.93,0.85,1.09,1.19,0.33
2147066,4,Hse_Tub,0.29,0.67,1.09,0.57,0.35,0.93,0.85,1.09,1.19,0.33
2147066,5,Hse_Tub,0.63,0.67,1.09,0.57,0.36,0.93,0.85,1.09,1.19,0.59
2147066,6,Pk_Stk,0.29,0.5,0.99,0.57,0.35,0.69,0.79,1.09,1.19,0.67
2147066,7,Hse_Stk,0.62,0.5,0.99,0.49,0.33,0.75,0.85,1.09,1.19,0.59
2147066,8,Fl_Stk,0.62,0.61,0.99,0.49,0.33,0.75,0.5,1.09,1.19,0.59
2147066,9,Hse_Stk,0.62,0.61,0.99,0.45,0.33,0.75,0.85,1.09,1.19,0.59
2147066,10,Pk_Stk,0.58,0.58,0.99,0.45,0.33,0.75,0.85,1.08,1.19,0.59
2147066,11,Pk_Stk,0.5,0.58,0.99,0.45,0.33,0.72,0.85,1.07,1.19,0.59
2147066,12,Pk_Stk,0.5,0.58,0.99,0.45,0.34,0.72,0.86,1.07,1.19,0.59
2147066,13,Hse_Stk,0.58,0.25,0.99,0.25,0.33,0.72,0.85,1.07,1.19,0.59
2147538,1,SS_Tub,0.62,0.61,0.99,0.49,0.33,0.75,0.5,1.09,1.19,0.59
2147538,2,Hse_Stk,0.58,0.58,0.99,0.29,0.34,0.69,0.79,1.07,1.19,0.56
2147538,3,Hse_Stk,0.58,0.58,0.99,0.29,0.33,0.69,0.79,1.07,1.19,0.56
2147744,1,Pk_Stk,0.5,0.61,0.99,0.45,0.33,0.75,0.85,1.09,1.19,0.59
2147744,2,BB_Stk,0.58,0.25,0.99,0.29,0.33,0.69,0.79,1.07,1.19,0.57
2147744,3,Pk_Stk,0.39,0.58,0.99,0.29,0.33,0.69,0.79,1.1,1.19,0.56
2147744,4,BB_Stk,0.58,0.19,0.99,0.29,0.33,0.69,0.79,1.07,1.19,0.56
2147959,1,BB_Stk,0.62,0.61,0.99,0.49,0.34,0.75,0.85,1.09,1.19,0.59
2147959,2,BB_Stk,0.62,0.61,0.99,0.45,0.34,0.75,0.85,1.09,1.19,0.59
2147959,3,Pk_Stk,0.25,0.61,0.99,0.45,0.34,0.75,0.85,1.09,1.19,0.59
2147983,1,Fl_Stk,0.62,0.61,0.99,0.49,0.33,0.75,0.85,1.09,1.19,0.59
2147983,2,Fl_Tub,0.62,0.61,0.99,0.45,0.33,0.75,0.85,1.09,1.19,0.59
2147983,3,Fl_Tub,0.58,0.58,0.99,0.29,0.33,0.72,0.85,1.07,1.19,0.59
2147983,4,Fl_Tub,0.39,0.58,0.99,0.29,0.34,0.69,0.79,1.09,1.19,0.56
2147983,5,Fl_Stk,0.58,0.19,0.99,0.29,0.34,0.69,0.79,1.07,1.19,0.56
2148031,1,Hse_Stk,0.5,0.39,0.99,0.45,0.33,0.72,0.85,1.07,1.19,0.59
2148031,2,Hse_Stk,0.5,0.39,0.99,0.45,0.33,0.72,0.85,1.07,1.19,0.59
2148031,3,Hse_Stk,0.58,0.45,0.99,0.45,0.33,0.72,0.85,1.07,1.19,0.59
2148031,4,Hse_Stk,0.58,0.45,0.99,0.45,0.33,0.72,0.85,1.07,1.19,0.59
2148031,5,Hse_Stk,0.58,0.58,0.99,0.25,0.33,0.72,0.85,1.07,1.19,0.59
2148031,6,Pk_Stk,0.29,0.5,0.99,0.33,0.33,0.72,0.85,1.07,1.19,0.59
2148031,7,Pk_Stk,0.19,0.58,0.99,0.29,0.33,0.69,0.79,1.09,1.19,0.56
2148031,8,Hse_Stk,0.29,0.5,0.99,0.29,0.33,0.69,0.79,1.09,1.19,0.56
2148031,9,Hse_Stk,0.39,0.58,0.99,0.29,0.34,0.69,0.79,1.09,1.19,0.56
2148031,10,Hse_Stk,0.39,0.5,0.99,0.29,0.33,0.69,0.79,1.07,1.19,0.56
2148064,1,BB_Stk,0.62,0.61,0.99,0.49,0.33,0.75,0.85,1.09,1.19,0.59
2148064,2,BB_Stk,0.62,0.61,0.99,0.45,0.33,0.75,0.85,1.09,1.19,0.59
2148064,3,BB_Stk,0.62,0.61,0.99,0.45,0.33,0.75,0.85,1.09,1.19,0.59
2148064,4,BB_Stk,0.62,0.61,0.99,0.45,0.33,0.75,0.85,1.09,1.19,0.59
2148064,5,Fl_Tub,0.39,0.58,0.99,0.29,0.33,0.69,0.79,1.1,1.19,0.56
2148064,6,BB_Stk,0.58,0.19,0.99,0.29,0.34,0.69,0.79,1.07,1.19,0.56
2148320,1,BB_Stk,0.63,0.59,0.99,0.57,0.36,0.88,0.85,1.09,1.19,0.59
2148320,2,BB_Stk,0.62,0.5,1.13,0.57,0.36,0.93,0.85,1.16,1.19,0.59
2148320,3,BB_Stk,0.62,0.29,1.09,0.58,0.36,1.38,0.85,1.09,1.19,0.7
2148320,4,BB_Stk,0.62,0.29,1.09,0.58,0.36,1.38,0.85,1.09,1.19,0.7
2148320,5,Fl_Stk,0.58,0.58,0.99,0.29,0.34,0.69,0.5,1.07,1.19,0.57
2148494,1,BB_Stk,0.58,0.58,0.99,0.25,0.33,0.72,0.85,1.07,1.19,0.59
2148494,2,BB_Stk,0.58,0.25,0.99,0.29,0.33,0.72,0.85,1.07,1.19,0.59
2148627,1,Pk_Stk,0.29,0.32,0.99,0.64,0.34,0.58,0.79,1.09,1.19,0.64
2148627,2,Pk_Stk,0.62,0.5,0.99,0.55,0.36,0.75,0.85,1.09,1.19,0.59
2148627,3,Hse_Stk,0.5,0.58,0.99,0.19,0.33,0.69,0.85,1.07,1.19,0.59
2148627,4,Pk_Stk,0.58,0.45,0.99,0.45,0.33,0.72,0.85,1.07,1.19,0.59
2148627,5,Hse_Stk,0.58,0.25,0.99,0.27,0.33,0.92,0.85,1.07,1.19,0.59
2148627,6,Pk_Stk,0.29,0.5,0.99,0.33,0.34,0.72,0.85,1.07,1.19,0.59
2148627,7,BB_Stk,0.58,0.25,0.99,0.29,0.33,0.72,0.85,1.07,1.19,0.59
2148627,8,Pk_Stk,0.19,0.58,0.99,0.29,0.34,0.69,0.79,1.09,1.19,0.56
2148700,1,Hse_Stk,0.58,0.45,0.99,0.45,0.33,0.72,0.85,1.07,1.19,0.59
2148700,2,Pk_Stk,0.29,0.58,0.99,0.33,0.33,0.72,0.85,1.07,1.19,0.55
2148700,3,Hse_Stk,0.39,0.58,0.99,0.29,0.33,0.69,0.79,1.1,1.19,0.56
2148700,4,Hse_Stk,0.19,0.58,0.99,0.29,0.33,0.69,0.79,1.09,1.19,0.56
2148700,5,Hse_Stk,0.58,0.5,0.99,0.29,0.34,0.69,0.79,1.07,1.19,0.56
2148700,6,BB_Stk,0.58,0.5,0.99,0.29,0.34,0.69,0.79,1.07,1.19,0.56
2148700,7,Hse_Stk,0.58,0.5,0.99,0.29,0.46,0.83,0.79,1.07,1.19,0.56
2148726,1,Pk_Stk,0.25,0.61,0.99,0.45,0.33,0.75,0.85,1.09,1.19,0.59
2148726,2,BB_Stk,0.58,0.19,0.99,0.29,0.33,0.69,0.79,1.07,1.19,0.56
2148924,1,Fl_Tub,0.63,0.67,1.09,0.57,0.36,0.93,0.85,1.09,1.19,0.42
2148924,2,Pk_Stk,0.62,0.67,1.09,0.57,0.36,0.93,0.85,1.09,1.19,0.59
2148924,3,Fl_Tub,0.62,0.67,1.09,0.57,0.36,0.93,0.85,1.09,1.19,0.59
2148924,4,Pk_Tub,0.62,0.5,1.09,0.57,0.33,0.93,0.85,1.09,1.19,0.59
2148924,5,Fl_Tub,0.62,0.61,0.99,0.49,0.33,0.75,0.85,1.09,1.19,0.59
2148924,6,Pk_Stk,0.62,0.61,0.99,0.49,0.34,0.75,0.85,1.09,1.19,0.59
2148924,7,Pk_Tub,0.62,0.61,0.99,0.45,0.34,0.75,0.85,1.09,1.19,0.59
2148924,8,BB_Stk,0.62,0.61,0.99,0.45,0.34,0.75,0.85,1.09,1.19,0.59
2148924,9,Fl_Tub,0.62,0.61,0.99,0.45,0.33,0.75,0.65,1.09,1.19,0.59
2148924,10,Pk_Stk,0.25,0.61,0.99,0.45,0.34,0.75,0.85,1.09,1.19,0.59
2148924,11,Fl_Tub,0.25,0.61,0.99,0.45,0.34,0.75,0.65,1.09,1.19,0.59
2148924,12,Pk_Stk,0.58,0.45,0.99,0.45,0.33,0.72,0.85,1.07,1.19,0.59
2148924,13,Fl_Tub,0.58,0.45,0.99,0.45,0.33,0.72,0.85,1.07,1.19,0.59
2148924,14,Pk_Stk,0.58,0.58,0.99,0.29,0.34,0.72,0.85,1.07,1.19,0.59
2148924,15,Fl_Tub,0.58,0.58,0.99,0.29,0.34,0.72,0.85,1.07,1.19,0.59
2148924,16,Fl_Tub,0.29,0.51,0.99,0.31,0.34,0.72,0.85,1.07,1.19,0.59
2148924,17,Pk_Stk,0.58,0.58,0.99,0.35,0.34,0.72,0.85,1.07,1.19,0.59
2148924,18,Fl_Tub,0.58,0.58,0.99,0.35,0.34,0.72,0.85,1.07,1.19,0.59
2149054,1,Gen_Stk,0.62,0.5,1.09,0.57,0.33,1.02,0.85,1.09,1.19,0.59
2149054,2,Hse_Stk,0.62,0.61,1.09,0.29,0.36,0.75,0.85,1.09,1.19,0.59
2149054,3,Gen_Stk,0.62,0.61,0.99,0.57,0.36,0.75,0.85,1.09,1.19,0.61
2149054,4,Gen_Stk,0.62,0.61,0.99,0.49,0.33,0.75,0.85,1.09,1.19,0.59
2149054,5,BB_Stk,0.62,0.61,0.99,0.45,0.33,0.75,0.85,1.09,1.19,0.59
2149054,6,Hse_Stk,0.58,0.45,0.99,0.25,0.33,0.72,0.85,1.07,1.19,0.59
2149054,7,Gen_Stk,0.58,0.58,0.99,0.29,0.33,0.72,0.85,1.07,1.19,0.59
2149054,8,Pk_Stk,0.19,0.58,0.99,0.29,0.34,0.69,0.79,1.11,1.19,0.56
2149054,9,Hse_Stk,0.19,0.58,0.99,0.29,0.33,0.69,0.79,1.09,1.19,0.56
2149054,10,Pk_Stk,0.19,0.58,0.99,0.29,0.33,0.69,0.79,1.09,1.19,0.56
2149054,11,BB_Stk,0.58,0.19,0.99,0.29,0.34,0.69,0.79,1.07,1.19,0.56
2149062,1,Pk_Stk,0.63,0.67,1.09,0.57,0.36,0.93,0.85,1.09,1.19,0.33
2149062,2,Pk_Stk,0.29,0.5,0.99,0.57,0.36,0.69,0.79,1.09,1.19,0.59
2149062,3,BB_Stk,0.58,0.39,0.99,0.45,0.33,0.75,0.85,1.09,1.19,0.59
2149062,4,BB_Stk,0.5,0.39,0.99,0.45,0.33,0.72,0.85,1.07,1.19,0.59
2149062,5,SS_Tub,0.58,0.5,0.99,0.33,0.34,0.72,0.85,1.07,1.19,0.59
2149062,6,Pk_Stk,0.58,0.58,0.99,0.29,0.33,0.69,0.79,1.07,1.19,0.56
2149062,7,SS_Tub,0.19,0.5,0.99,0.29,0.33,0.69,0.56,1.07,1.19,0.56
2149278,1,SS_Tub,0.63,0.67,1.09,0.57,0.33,0.93,0.7,0.98,1.17,0.58
2149278,2,SS_Tub,0.58,0.58,0.99,0.29,0.33,0.69,0.79,1.1,1.19,0.56
2149278,3,SS_Tub,0.39,0.5,0.99,0.29,0.33,0.69,0.79,1.09,1.19,0.56
2149617,1,Pk_Stk,0.63,0.67,1.09,0.57,0.33,0.93,0.85,1.09,1.19,0.33
2149617,2,Pk_Stk,0.63,0.67,1.09,0.57,0.33,0.93,0.85,1.09,1.19,0.33
2149617,3,Pk_Stk,0.29,0.67,1.09,0.57,0.36,0.93,0.85,1.09,1.19,0.51
2149617,4,Pk_Tub,0.63,0.67,1.08,0.57,0.36,0.93,0.85,1.09,1.19,0.59
2149617,5,Gen_Stk,0.63,0.67,1.08,0.57,0.36,0.93,0.85,1.09,1.19,0.59
2149617,6,Gen_Stk,0.62,0.67,1.09,0.57,0.36,0.93,0.85,1.09,1.19,0.59
2149617,7,SS_Tub,0.62,0.5,0.99,0.57,0.36,0.6,0.85,1.09,1.24,0.47
2149617,8,SS_Tub,0.62,0.61,0.99,0.49,0.33,0.75,0.85,1.09,1.19,0.59
2149617,9,Gen_Stk,0.62,0.61,0.99,0.45,0.33,0.75,0.85,1.09,1.19,0.59
2149617,10,SS_Tub,0.58,0.61,0.99,0.45,0.33,0.75,0.85,1.09,1.19,0.59
2149617,11,Pk_Stk,0.25,0.61,0.99,0.45,0.33,0.74,0.85,1.09,1.19,0.59
2149617,12,SS_Tub,0.58,0.45,0.99,0.45,0.34,0.72,0.85,1.07,1.19,0.59
2149617,13,Pk_Stk,0.58,0.45,0.99,0.45,0.34,0.72,0.85,1.07,1.19,0.59
2149617,14,Hse_Stk,0.58,0.58,0.99,0.25,0.33,0.72,0.85,1.07,1.19,0.59
2149617,15,SS_Tub,0.19,0.58,0.99,0.29,0.33,0.69,0.79,1.09,1.19,0.56
2149617,16,BB_Stk,0.58,0.58,0.99,0.29,0.33,0.69,0.79,1.07,1.19,0.56
2149674,1,Hse_Stk,0.63,0.67,1.09,0.57,0.33,0.93,0.85,1.09,1.19,0.33
2149674,2,Gen_Stk,0.29,0.67,1.09,0.57,0.33,0.93,0.85,1.09,1.19,0.33
2149674,3,Pk_Stk,0.29,0.67,1.09,0.57,0.33,0.93,0.85,1.09,1.19,0.49
2149674,4,Gen_Stk,0.63,0.66,1.09,0.57,0.36,0.93,0.85,1.09,1.19,0.59
2149674,5,Gen_Stk,0.62,0.67,1.09,0.57,0.36,0.93,0.85,1.09,1.19,0.59
2149674,6,Gen_Stk,0.62,0.29,1.09,0.57,0.36,0.93,0.85,1.09,1.19,0.59
2149674,7,BB_Stk,0.62,0.29,1.09,0.57,0.36,0.93,0.85,1.09,1.19,0.59
2149674,8,Pk_Stk,0.29,0.76,1.09,0.57,0.33,0.89,0.85,1.09,1.18,0.59
2149674,9,Pk_Stk,0.62,0.61,0.99,0.57,0.36,0.75,0.85,1.09,1.19,0.59
2149674,10,BB_Stk,0.62,0.61,0.99,0.49,0.33,0.75,0.85,1.09,1.19,0.59
2149674,11,BB_Stk,0.62,0.61,0.99,0.49,0.33,0.75,0.85,1.09,1.19,0.59
2149674,12,Pk_Stk,0.62,0.61,0.99,0.49,0.33,0.75,0.85,1.09,1.19,0.59
2149674,13,BB_Stk,0.58,0.25,0.99,0.45,0.25,0.72,0.85,1.07,1.19,0.59
2149674,14,Gen_Stk,0.58,0.58,0.99,0.45,0.25,0.72,0.85,1.07,1.19,0.59
2149674,15,BB_Stk,0.58,0.25,0.99,0.29,0.33,0.69,0.8,1.07,1.19,0.56
2149674,16,Pk_Stk,0.19,0.5,0.99,0.29,0.33,0.69,0.79,1.09,1.19,0.56
2149674,17,Pk_Stk,0.19,0.58,0.99,0.29,0.34,0.69,0.79,1.09,1.19,0.56
2150029,1,Gen_Stk,0.67,0.68,1.08,0.57,0.49,0.75,0.75,0.98,1.17,0.5
2150029,2,Hse_Tub,0.67,0.67,1.08,0.57,0.49,0.83,0.85,0.98,1.17,0.59
2150029,3,Hse_Stk,0.67,0.67,1.08,0.57,0.49,0.9,0.85,0.98,1.17,0.6
2150029,4,Hse_Tub,0.66,0.5,1.09,0.57,0.33,0.93,0.85,1.09,1.19,0.59
2150029,5,Gen_Stk,0.66,0.5,1.09,0.57,0.33,0.93,0.85,1.09,1.19,0.59
2150029,6,Hse_Tub,0.25,0.39,0.99,0.45,0.33,0.75,0.85,1.09,1.19,0.59
2150029,7,BB_Stk,0.58,0.44,0.99,0.45,0.33,0.72,0.85,1.07,1.19,0.59
2150029,8,SS_Tub,0.58,0.58,0.99,0.29,0.33,0.69,0.5,1.07,1.19,0.56
2150094,1,Pk_Stk,0.5,0.58,0.99,0.19,0.33,0.69,0.85,1.07,1.19,0.59
2150094,2,SS_Tub,0.58,0.45,0.99,0.25,0.33,0.72,0.85,1.07,1.19,0.59
2150094,3,SS_Tub,0.58,0.45,0.99,0.29,0.33,0.78,0.85,1.07,1.19,0.58
2150094,4,Pk_Stk,0.58,0.45,0.99,0.29,0.33,0.72,0.85,1.07,1.19,0.59
2150094,5,Pk_Stk,0.29,0.5,0.99,0.33,0.34,0.72,0.85,1.07,1.19,0.59
2150094,6,Pk_Stk,0.39,0.58,0.99,0.29,0.34,0.69,0.79,1.09,1.19,0.56
2150094,7,BB_Stk,0.58,0.19,0.99,0.29,0.34,0.69,0.79,1.07,1.19,0.56
2150094,8,BB_Stk,0.58,0.19,0.99,0.29,0.34,0.69,0.79,1.07,1.19,0.56
2150151,1,BB_Stk,0.62,0.29,1.09,0.57,0.36,0.93,0.85,1.09,1.19,0.59
2150151,2,SS_Tub,0.62,0.61,0.99,0.49,0.33,0.75,0.5,1.09,1.19,0.59
2150151,3,Imp_Stk,0.62,0.61,0.99,0.45,0.33,0.75,0.85,1.18,1.19,0.59
2150151,4,BB_Stk,0.62,0.39,0.99,0.45,0.33,0.75,0.85,1.09,1.19,0.59
2150151,5,Pk_Stk,0.5,0.58,0.99,0.45,0.33,0.72,0.65,1.07,1.19,0.59
2150151,6,Pk_Stk,0.5,0.58,0.99,0.19,0.33,0.72,0.85,1.07,1.19,0.59
2150151,7,Pk_Stk,0.29,0.5,0.99,0.33,0.33,0.72,0.85,1.07,1.19,0.59
2150151,8,BB_Stk,0.29,0.5,0.99,0.33,0.33,0.72,0.65,1.07,1.19,0.59
2150151,9,Pk_Stk,0.19,0.58,0.99,0.29,0.33,0.69,0.79,1.09,1.19,0.56
2150151,10,BB_Stk,0.39,0.19,0.99,0.29,0.33,0.69,0.79,1.07,1.19,0.56
2150169,1,Imp_Stk,0.5,0.39,0.99,0.45,0.33,0.72,0.85,1.07,1.19,0.59
2150169,2,BB_Stk,0.58,0.39,0.99,0.45,0.33,0.72,0.85,1.07,1.19,0.59
2150169,3,Pk_Stk,0.29,0.5,0.99,0.33,0.34,0.72,0.85,1.07,1.19,0.59
2150169,4,SS_Tub,0.58,0.58,0.99,0.45,0.33,0.72,0.85,1.07,1.19,0.59
2150169,5,Pk_Stk,0.29,0.5,0.99,0.29,0.33,0.69,0.79,1.09,1.19,0.56
2150193,1,Gen_Stk,0.66,0.67,1.09,0.57,0.33,0.93,0.85,1.09,1.19,0.59
2150193,2,Fl_Tub,0.66,0.67,1.09,0.57,0.33,0.93,0.85,1.09,1.19,0.59
2150193,3,SS_Tub,0.19,0.67,1.09,0.57,0.33,0.93,0.85,1.09,1.19,0.52
2150193,4,Pk_Stk,0.19,0.67,1.09,0.57,0.33,0.93,0.85,1.09,1.19,0.52
2150193,5,SS_Tub,0.66,0.67,1.09,0.57,0.36,0.93,0.85,1.09,1.19,0.33
2150193,6,Gen_Stk,0.66,0.67,1.09,0.57,0.36,0.93,0.85,1.09,1.19,0.33
2150193,7,Pk_Stk,0.29,0.67,1.09,0.57,0.34,0.93,0.85,1.09,1.19,0.33
2150193,8,Pk_Stk,0.29,0.5,0.99,0.57,0.36,0.69,0.79,1.09,1.19,0.59
2150193,9,Hse_Stk,0.62,0.61,1.09,0.29,0.36,0.75,0.85,1.09,1.19,0.59
2150193,10,BB_Stk,0.62,0.61,0.99,0.45,0.33,0.75,0.85,1.09,1.19,0.59
2150193,11,Pk_Stk,0.25,0.61,0.99,0.45,0.33,0.75,0.85,1.09,1.19,0.59
2150193,12,Hse_Stk,0.5,0.58,0.99,0.19,0.33,0.72,0.85,1.07,1.19,0.59
2150193,13,SS_Tub,0.5,0.58,0.99,0.19,0.33,0.72,0.85,1.07,1.19,0.59
2150193,14,Gen_Stk,0.58,0.45,0.99,0.45,0.33,0.72,0.85,1.07,1.19,0.59
2150193,15,BB_Stk,0.58,0.25,0.99,0.25,0.33,0.72,0.85,1.07,1.19,0.59
2150193,16,Fl_Tub,0.58,0.58,0.99,0.29,0.33,0.72,0.85,1.07,1.19,0.59
2150193,17,Fl_Tub,0.29,0.51,0.99,0.29,0.33,0.72,0.85,1.07,1.19,0.59
2150193,18,Pk_Stk,0.29,0.51,0.99,0.29,0.33,0.72,0.85,1.07,1.19,0.59
2150193,19,SS_Tub,0.58,0.5,0.99,0.33,0.34,0.72,0.85,1.07,1.19,0.59
2150193,20,Pk_Stk,0.19,0.58,0.99,0.29,0.34,0.69,0.79,1.11,1.19,0.56
2150193,21,Fl_Tub,0.39,0.58,0.99,0.29,0.33,0.69,0.79,1.1,1.19,0.56
2150193,22,Fl_Tub,0.39,0.55,0.99,0.29,0.33,0.69,0.79,1.09,1.19,0.56
2150193,23,Pk_Stk,0.19,0.58,0.99,0.29,0.34,0.69,0.79,1.09,1.19,0.56
2150193,24,Fl_Tub,0.19,0.47,0.99,0.29,0.34,0.69,0.79,1.07,1.19,0.56
2150193,25,BB_Stk,0.58,0.19,0.99,0.29,0.34,0.69,0.79,1.07,1.19,0.56
2150235,1,BB_Stk,0.66,0.5,1.09,0.57,0.33,0.93,0.85,1.09,1.19,0.59
2150235,2,Pk_Stk,0.62,0.67,1.09,0.57,0.36,0.93,0.85,1.09,1.19,0.59
2150235,3,BB_Stk,0.58,0.45,0.99,0.45,0.33,0.72,0.85,1.07,1.19,0.59
2150235,4,Pk_Stk,0.19,0.58,0.99,0.29,0.34,0.69,0.79,1.11,1.19,0.56
2150680,1,Hse_Stk,0.62,0.29,1.09,0.57,0.36,0.93,0.85,1.09,1.19,0.59
2150680,2,Pk_Stk,0.29,0.28,0.95,0.58,0.36,0.63,0.79,1.09,1.19,0.59
2150680,3,Hse_Stk,0.62,0.61,1.04,0.28,0.36,0.74,0.85,1.09,1.19,0.59
2150680,4,BB_Stk,0.62,0.61,0.99,0.45,0.33,0.75,0.85,1.09,1.19,0.59
2150680,5,Pk_Stk,0.25,0.61,0.99,0.45,0.33,0.75,0.85,1.09,1.19,0.59
2150680,6,Pk_Stk,0.5,0.58,0.99,0.45,0.33,0.72,0.85,1.07,1.19,0.59
2150680,7,Pk_Stk,0.29,0.5,0.99,0.33,0.25,0.72,0.85,1.07,1.19,0.59
2150680,8,Pk_Stk,0.29,0.5,0.99,0.29,0.33,0.69,0.79,1.09,1.19,0.56
2150680,9,Pk_Stk,0.19,0.58,0.99,0.29,0.34,0.69,0.79,1.09,1.19,0.56
2150680,10,BB_Stk,0.58,0.19,0.99,0.29,0.33,0.69,0.79,1.07,1.19,0.56
2150706,1,BB_Stk,0.58,0.58,0.99,0.29,0.33,0.69,0.79,1.07,1.19,0.56
2150706,2,Pk_Stk,0.39,0.51,0.99,0.29,0.34,0.69,0.79,1.09,1.19,0.56
2150805,1,Pk_Stk,0.63,0.67,0.99,0.57,0.36,0.93,0.85,1.09,1.19,0.58
2150805,2,Pk_Stk,0.62,0.5,1.09,0.57,0.36,0.93,0.85,1.09,1.19,0.59
2150805,3,BB_Stk,0.62,0.39,0.99,0.45,0.33,0.75,0.85,1.09,1.19,0.59
2150805,4,Pk_Stk,0.19,0.58,0.99,0.29,0.33,0.69,0.79,1.09,1.19,0.56
2150938,1,BB_Stk,0.62,0.29,1.09,0.57,0.36,0.93,0.85,1.09,1.19,0.59
2150938,2,BB_Stk,0.62,0.29,1.09,0.57,0.36,0.93,0.85,1.09,1.19,0.59
2150938,3,Pk_Stk,0.29,0.5,0.99,0.57,0.36,0.69,0.79,1.09,1.19,0.59
2150938,4,Pk_Stk,0.62,0.61,0.99,0.49,0.33,0.75,0.85,1.09,1.19,0.59
2150938,5,Pk_Stk,0.29,0.51,0.99,0.29,0.33,0.72,0.85,1.07,1.19,0.59
2151027,1,Pk_Stk,0.19,0.59,1.08,0.57,0.42,1.03,0.85,1.09,1.19,0.6
2151027,2,Gen_Stk,0.66,0.45,1.08,0.57,0.36,0.93,0.85,1.09,1.19,0.33
2151027,3,Gen_Stk,0.63,0.59,0.99,0.57,0.36,0.88,0.85,1.09,1.19,0.59
2151027,4,Gen_Stk,0.62,0.61,0.99,0.57,0.36,0.76,0.85,1.09,1.19,0.59
2151027,5,Hse_Stk,0.62,0.61,0.99,0.57,0.36,0.75,0.85,1.09,1.19,0.59
2151027,6,Gen_Stk,0.62,0.61,0.99,0.49,0.33,0.75,0.85,1.09,1.19,0.59
2151027,7,Gen_Stk,0.62,0.61,0.99,0.45,0.33,0.75,0.85,1.09,1.19,0.59
2151027,8,Hse_Stk,0.58,0.58,0.99,0.45,0.33,0.72,0.85,1.07,1.19,0.59
2151027,9,Gen_Stk,0.58,0.58,0.99,0.45,0.33,0.72,0.85,1.07,1.19,0.59
2151027,10,Gen_Stk,0.58,0.45,0.99,0.45,0.33,0.72,0.85,1.07,1.19,0.59
2151027,11,Pk_Stk,0.29,0.5,0.99,0.33,0.33,0.72,0.85,1.07,1.19,0.59
2151027,12,Hse_Stk,0.58,0.56,0.99,0.33,0.33,0.72,0.85,1.07,1.19,0.59
2151423,1,Pk_Stk,0.62,0.61,0.99,0.49,0.33,0.75,0.85,1.09,1.19,0.59
2151423,2,SS_Tub,0.58,0.45,0.99,0.45,0.33,0.72,0.85,1.07,1.19,0.59
2151423,3,Pk_Stk,0.39,0.55,0.99,0.29,0.33,0.69,0.79,1.09,1.19,0.56
2151522,1,Hse_Stk,0.63,0.59,1.08,0.57,0.39,0.79,0.85,0.98,1.17,0.59
2151522,2,Hse_Stk,0.63,0.67,1.09,0.57,0.33,0.75,0.85,0.98,1.17,0.59
2151522,3,Hse_Stk,0.63,0.67,1.09,0.57,0.45,0.93,0.85,0.98,1.17,0.59
2151522,4,Hse_Stk,0.58,0.45,0.99,0.45,0.33,0.72,0.85,1.07,1.19,0.59
2151522,5,Hse_Stk,0.19,0.58,0.99,0.29,0.33,0.69,0.79,1.1,1.19,0.56
2151555,1,SS_Tub,0.62,0.61,0.99,0.45,0.33,0.75,0.85,1.09,1.19,0.59
2151555,2,BB_Stk,0.62,0.61,0.99,0.45,0.33,0.75,0.85,1.18,1.19,0.59
2151555,3,Hse_Stk,0.62,0.39,0.99,0.45,0.33,0.75,0.85,1.09,1.19,0.59
2151555,4,Pk_Stk,0.58,0.45,0.99,0.45,0.33,0.72,0.85,1.07,1.19,0.59
2151555,5,Fl_Stk,0.58,0.45,0.99,0.45,0.33,0.72,0.85,1.07,1.19,0.59
2151555,6,Fl_Tub,0.58,0.45,0.99,0.45,0.33,0.72,0.65,1.07,1.19,0.59
2151555,7,Hse_Stk,0.58,0.58,0.99,0.25,0.33,0.72,0.85,1.07,1.19,0.59
2151555,8,BB_Stk,0.58,0.25,0.99,0.45,0.33,0.72,0.85,1.07,1.19,0.59
2151555,9,SS_Tub,0.58,0.25,0.99,0.45,0.33,0.72,0.85,1.07,1.19,0.59
2151555,10,Hse_Stk,0.58,0.25,0.99,0.29,0.33,0.7,0.85,1.07,1.19,0.57
2151555,11,Pk_Stk,0.19,0.58,0.99,0.29,0.33,0.69,0.79,1.12,1.19,0.56
2151555,12,Hse_Stk,0.39,0.58,0.99,0.29,0.34,0.69,0.79,1.07,1.19,0.56
2151852,1,Pk_Stk,0.5,0.61,0.99,0.45,0.33,0.74,0.85,1.07,1.19,0.59
2151852,2,Pk_Stk,0.5,0.58,0.99,0.45,0.33,0.71,0.85,1.07,1.19,0.59
2151852,3,BB_Stk,0.19,0.58,0.99,0.29,0.33,0.69,0.79,1.12,1.19,0.56
2153536,1,SS_Tub,0.29,0.5,0.99,0.29,0.34,0.72,0.85,1.07,1.19,0.59
2153536,2,SS_Tub,0.58,0.58,0.99,0.29,0.33,0.69,0.79,1.07,1.19,0.55
2153536,3,SS_Tub,0.39,0.58,1.0,0.29,0.33,0.69,0.79,1.09,1.2,0.56
2153536,4,Hse_Stk,0.58,0.19,0.99,0.29,0.34,0.69,0.79,1.07,1.19,0.56
2153791,1,Pk_Stk,0.63,0.67,1.02,0.57,0.36,0.93,0.85,1.09,1.19,0.59
2153791,2,Pk_Stk,0.62,0.67,1.09,0.57,0.36,0.93,0.85,1.09,1.19,0.59
2153791,3,Pk_Stk,0.62,0.67,1.09,0.57,0.36,0.93,0.85,1.09,1.19,0.59
2153791,4,Pk_Stk,0.62,0.67,1.09,0.57,0.36,0.93,0.85,1.09,1.19,0.59
2153791,5,Pk_Stk,0.62,0.5,1.09,0.57,0.36,0.93,0.85,1.09,1.19,0.59
2153791,6,BB_Stk,0.62,0.5,1.09,0.57,0.36,0.93,0.85,1.09,1.19,0.59
2153791,7,BB_Stk,0.62,0.5,1.09,0.57,0.33,0.93,0.85,1.09,1.19,0.59
2153791,8,Pk_Stk,0.62,0.61,0.99,0.33,0.36,0.75,0.85,1.09,1.2,0.58
2153791,9,Pk_Stk,0.62,0.61,0.99,0.33,0.36,0.75,0.85,1.09,1.2,0.58
2153791,10,Pk_Stk,0.62,0.6,0.99,0.33,0.36,0.79,0.85,1.09,1.19,0.57
2153791,11,Pk_Stk,0.62,0.61,0.99,0.49,0.33,0.75,0.85,1.09,1.19,0.59
2153791,12,Pk_Stk,0.62,0.61,0.99,0.49,0.33,0.75,0.85,1.09,1.19,0.59
2153791,13,Pk_Stk,0.62,0.61,0.99,0.49,0.33,0.75,0.85,1.09,1.19,0.59
2153791,14,Pk_Stk,0.62,0.61,0.99,0.45,0.33,0.75,0.85,1.09,1.19,0.59
2153791,15,BB_Stk,0.62,0.61,0.99,0.45,0.33,0.75,0.85,1.09,1.19,0.59
2153791,16,Pk_Stk,0.62,0.61,0.99,0.45,0.33,0.75,0.85,1.09,1.19,0.59
2153791,17,Pk_Stk,0.62,0.61,0.99,0.45,0.33,0.75,0.85,1.09,1.19,0.59
2153791,18,Pk_Stk,0.5,0.61,0.99,0.45,0.33,0.75,0.85,1.09,1.19,0.59
2153791,19,Pk_Stk,0.5,0.61,0.99,0.45,0.33,0.74,0.85,1.07,1.19,0.59
2153791,20,Pk_Stk,0.58,0.44,0.99,0.45,0.33,0.72,0.85,1.07,1.19,0.59
2153791,21,BB_Stk,0.58,0.45,0.99,0.45,0.33,0.72,0.85,1.07,1.19,0.59
2153791,22,Pk_Stk,0.58,0.45,0.99,0.25,0.29,0.72,0.9,1.11,1.19,0.77
2153791,23,Pk_Stk,0.58,0.45,0.99,0.29,0.33,0.72,0.85,1.07,1.19,0.59
2153791,24,Pk_Stk,0.58,0.58,0.99,0.33,0.33,0.72,0.85,1.07,1.19,0.59
2153791,25,Pk_Stk,0.58,0.58,0.99,0.35,0.34,0.72,0.85,1.07,1.19,0.59
2153791,26,Pk_Stk,0.58,0.25,0.99,0.29,0.33,0.7,0.79,1.07,1.19,0.57
2153791,27,Pk_Stk,0.58,0.58,0.99,0.29,0.34,0.69,0.79,1.07,1.19,0.56
2153791,28,Pk_Stk,0.58,0.58,0.99,0.29,0.34,0.69,0.79,1.07,1.19,0.56
2153791,29,Pk_Stk,0.19,0.58,0.99,0.29,0.33,0.69,0.79,1.12,1.19,0.56
2153791,30,BB_Stk,0.29,0.5,0.99,0.29,0.33,0.69,0.79,1.09,1.19,0.56
2153791,31,Pk_Stk,0.39,0.5,0.99,0.29,0.33,0.69,0.79,1.08,1.19,0.56
2153791,32,BB_Stk,0.19,0.5,0.99,0.29,0.33,0.69,0.79,1.07,1.19,0.56
2153791,33,BB_Stk,0.58,0.19,0.99,0.29,0.34,0.69,0.79,1.07,1.19,0.56
2153791,34,BB_Stk,0.58,0.5,0.99,0.29,0.33,0.69,0.79,1.07,1.19,0.56
2153791,35,Pk_Stk,0.58,0.57,0.99,0.29,0.33,0.69,0.79,1.07,1.19,0.56
2155010,1,Fl_Stk,0.62,0.61,0.99,0.33,0.36,0.75,0.85,1.09,1.2,0.58
2155010,2,Fl_Stk,0.5,0.61,0.99,0.45,0.33,0.75,0.85,1.09,1.19,0.59
2155010,3,Fl_Stk,0.58,0.45,0.99,0.25,0.33,0.72,0.85,1.07,1.19,0.59
2155010,4,Fl_Stk,0.29,0.5,0.99,0.29,0.33,0.69,0.79,1.09,1.19,0.56
2157248,1,Pk_Stk,0.62,0.61,0.99,0.57,0.36,0.75,0.85,1.09,1.19,0.59
2157248,2,Hse_Stk,0.62,0.61,0.99,0.45,0.34,0.75,0.85,1.09,1.19,0.59
2157248,3,BB_Stk,0.58,0.45,0.99,0.45,0.33,0.72,0.85,1.07,1.19,0.59
2157248,4,BB_Stk,0.58,0.19,0.99,0.29,0.33,0.69,0.79,1.07,1.19,0.56
