chip,hue,hue_family,value,chroma,r380,r390,r400,r410,r420,r430,r440,r450,r460,r470,r480,r490,r500,r510,r520,r530,r540,r550,r560,r570,r580,r590,r600,r610,r620,r630,r640,r650,r660,r670,r680,r690,r700,r710,r720,r730,r740,r750,r760,r770,r780
2.5R 9/2,2.5R,R,9,2,0.14634,0.22772,0.42626,0.63207,0.6956,0.70001,0.70054,0.69557,0.69436,0.69544,0.68828,0.67233,0.66969,0.67199,0.66121,0.64823,0.65641,0.69501,0.73484,0.75736,0.76471,0.76813,0.76668,0.76584,0.76464,0.7642,0.76286,0.76042,0.76029,0.76052,0.75846,0.75733,0.75724,0.7585,0.75674,0.75646,0.75743,0.7556,0.75546,0.75413,0.75463
2.5R 8/2,2.5R,R,8,2,0.15096,0.23051,0.3984,0.51499,0.52992,0.52274,0.51973,0.51266,0.51063,0.51298,0.50646,0.49164,0.48834,0.49149,0.48147,0.46649,0.47442,0.51761,0.5567,0.57474,0.57873,0.57884,0.57727,0.57614,0.57392,0.57269,0.57049,0.56788,0.56644,0.56634,0.56479,0.56241,0.56122,0.5606,0.5585,0.55769,0.55674,0.55447,0.55517,0.55148,0.54866
2.5R 7/2,2.5R,R,7,2,0.1436,0.21598,0.33368,0.38889,0.38649,0.37986,0.37719,0.37233,0.36959,0.36997,0.36267,0.34891,0.34912,0.35336,0.3449,0.33347,0.33967,0.37529,0.40879,0.4273,0.43189,0.43308,0.43227,0.43208,0.43062,0.42877,0.42521,0.42349,0.42254,0.42188,0.42122,0.41701,0.41707,0.41613,0.41494,0.41591,0.41457,0.41239,0.4118,0.40997,0.4089
2.5R 6/2,2.5R,R,6,2,0.13636,0.18953,0.25813,0.27598,0.26983,0.26332,0.2612,0.25532,0.25152,0.25191,0.2476,0.23702,0.23439,0.23603,0.22711,0.21834,0.22554,0.25709,0.28881,0.30463,0.30588,0.30604,0.30547,0.30486,0.30237,0.29882,0.2967,0.29604,0.29554,0.2923,0.29117,0.28738,0.28904,0.28746,0.28676,0.28602,0.28569,0.28473,0.28353,0.2823,0.28292
2.5R 5/2,2.5R,R,5,2,0.11552,0.14794,0.18026,0.18454,0.1784,0.17304,0.17142,0.16564,0.1632,0.16541,0.16112,0.15381,0.15091,0.15058,0.1461,0.14269,0.14777,0.16674,0.18509,0.1986,0.20432,0.20607,0.2048,0.20516,0.20416,0.20217,0.20091,0.19776,0.19734,0.19596,0.19603,0.19317,0.19372,0.19232,0.19389,0.19552,0.19508,0.19307,0.19091,0.19162,0.19267
2.5R 4/2,2.5R,R,4,2,0.09368,0.1086,0.11667,0.11466,0.11132,0.10822,0.10804,0.10514,0.10413,0.10294,0.099633,0.095189,0.095056,0.093911,0.090933,0.089156,0.092889,0.10443,0.10959,0.11667,0.13111,0.1429,0.14489,0.14429,0.14293,0.14247,0.14213,0.14101,0.13876,0.1366,0.13778,0.13517,0.1375,0.13698,0.13669,0.13884,0.13772,0.1388,0.13892,0.13827,0.13712
2.5R 3/2,2.5R,R,3,2,0.06558,0.066833,0.067156,0.068444,0.0657,0.064211,0.064267,0.061833,0.061933,0.060822,0.059356,0.057544,0.056833,0.054633,0.053956,0.056056,0.058556,0.059978,0.057089,0.066011,0.075033,0.085644,0.091544,0.093178,0.092956,0.090822,0.0875,0.0865,0.086467,0.086733,0.086411,0.082944,0.085889,0.086644,0.087111,0.089144,0.089411,0.089322,0.088278,0.090378,0.092011
2.5R 2.5/2,2.5R,R,2.5,2,0.04902,0.050478,0.049389,0.046689,0.047056,0.047811,0.048722,0.0452,0.042467,0.041767,0.041467,0.040833,0.0403,0.039322,0.038933,0.0392,0.0416,0.042589,0.0405,0.0492,0.050378,0.050167,0.053333,0.059789,0.069067,0.079167,0.089111,0.097667,0.10338,0.10707,0.1107,0.10896,0.11482,0.11938,0.12501,0.12987,0.13294,0.13438,0.13744,0.14057,0.14483
2.5R 8/4,2.5R,R,8,4,0.14778,0.22646,0.38878,0.49644,0.5048,0.49498,0.48801,0.47862,0.47581,0.47942,0.46894,0.4469,0.44164,0.44531,0.43111,0.41392,0.42362,0.48282,0.55191,0.59713,0.64087,0.66593,0.67262,0.67451,0.67381,0.67386,0.67231,0.6703,0.66989,0.66783,0.66796,0.66413,0.666,0.66549,0.66537,0.6631,0.66251,0.6612,0.66239,0.6641,0.66179
2.5R 7/4,2.5R,R,7,4,0.14364,0.21586,0.32936,0.37661,0.37124,0.36057,0.35503,0.34644,0.34426,0.34759,0.33801,0.31911,0.31337,0.31813,0.30609,0.29296,0.30129,0.35258,0.4154,0.4554,0.48476,0.49897,0.50298,0.50372,0.50041,0.49756,0.49621,0.49464,0.49254,0.49023,0.48817,0.48509,0.48493,0.48348,0.48281,0.48328,0.48089,0.47867,0.47821,0.47707,0.47621
2.5R 6/4,2.5R,R,6,4,0.14166,0.1951,0.25758,0.27144,0.26246,0.25446,0.24862,0.23953,0.23816,0.24116,0.23431,0.21746,0.21327,0.21422,0.20569,0.19607,0.20214,0.23819,0.2815,0.31223,0.34997,0.37437,0.38173,0.38153,0.37847,0.37722,0.37554,0.37422,0.37041,0.36677,0.36559,0.36294,0.36247,0.36067,0.36036,0.35917,0.35836,0.35617,0.35606,0.35414,0.35107
2.5R 5/4,2.5R,R,5,4,0.1092,0.14489,0.17356,0.1748,0.16678,0.16177,0.16027,0.15612,0.15399,0.15463,0.14884,0.13832,0.13591,0.13632,0.12953,0.12432,0.12742,0.14746,0.16588,0.18473,0.22063,0.24891,0.25829,0.26161,0.26056,0.25943,0.25824,0.25652,0.25461,0.25376,0.25316,0.24951,0.25079,0.25086,0.25128,0.25218,0.25097,0.24947,0.24933,0.24883,0.2499
2.5R 4/4,2.5R,R,4,4,0.09248,0.10614,0.1116,0.10896,0.10487,0.10191,0.1015,0.097089,0.096033,0.095589,0.092511,0.087344,0.084267,0.083167,0.080644,0.082178,0.085156,0.090744,0.093733,0.1015,0.12851,0.16532,0.18349,0.18858,0.18829,0.18749,0.18617,0.18451,0.18289,0.18104,0.17998,0.17897,0.17849,0.17774,0.17796,0.17951,0.17967,0.1773,0.17671,0.17732,0.17702
2.5R 3/4,2.5R,R,3,4,0.05694,0.057989,0.058867,0.057578,0.056733,0.056178,0.054944,0.053822,0.053556,0.051611,0.050178,0.045611,0.044922,0.046,0.046344,0.046911,0.045544,0.045967,0.046222,0.055733,0.066978,0.083478,0.10007,0.11727,0.13106,0.13901,0.14356,0.14548,0.14471,0.14322,0.14574,0.14443,0.1476,0.14944,0.1511,0.15343,0.15334,0.15428,0.15596,0.15839,0.1606
2.5R 7/6,2.5R,R,7,6,0.14586,0.21493,0.31989,0.35722,0.34771,0.33663,0.33149,0.32306,0.32038,0.32109,0.31182,0.29093,0.28461,0.28624,0.2728,0.25871,0.26621,0.31256,0.36577,0.40469,0.48032,0.54777,0.57591,0.58449,0.5851,0.58593,0.5839,0.58341,0.58147,0.57959,0.57917,0.57567,0.57588,0.5752,0.5736,0.57304,0.57217,0.5718,0.57008,0.56862,0.56657
2.5R 6/6,2.5R,R,6,6,0.13408,0.18402,0.24203,0.25229,0.24127,0.23176,0.22754,0.22227,0.21947,0.21921,0.21069,0.19526,0.19122,0.19058,0.17983,0.17178,0.17698,0.20701,0.23856,0.26493,0.32937,0.40054,0.43084,0.43999,0.43973,0.43983,0.43886,0.43702,0.43513,0.4331,0.43232,0.42864,0.42929,0.428,0.42654,0.42506,0.42526,0.42263,0.42203,0.41934,0.41879
2.5R 5/6,2.5R,R,5,6,0.11416,0.14638,0.1704,0.17001,0.16113,0.155,0.15276,0.14894,0.14692,0.14643,0.14082,0.13022,0.12687,0.12562,0.11957,0.11569,0.12003,0.13797,0.1536,0.1726,0.22896,0.28857,0.3159,0.32318,0.32281,0.32233,0.32158,0.32009,0.31808,0.31572,0.31582,0.3134,0.31218,0.3127,0.31199,0.31058,0.30926,0.3103,0.30844,0.30716,0.30636
2.5R 4/6,2.5R,R,4,6,0.09358,0.10508,0.11161,0.10997,0.10488,0.10036,0.099856,0.098444,0.097244,0.094911,0.091033,0.0867,0.084889,0.082789,0.079644,0.0806,0.085078,0.090889,0.092844,0.099689,0.12727,0.16423,0.1836,0.18814,0.18791,0.18639,0.18514,0.18342,0.18122,0.18022,0.17949,0.17822,0.17782,0.1771,0.17817,0.17843,0.17752,0.1765,0.17621,0.17711,0.17502
2.5R 3/6,2.5R,R,3,6,0.05488,0.055333,0.054656,0.0552,0.054544,0.052489,0.052922,0.053222,0.051144,0.046967,0.0443,0.043011,0.042844,0.040633,0.040167,0.041256,0.041722,0.041544,0.0411,0.050389,0.061411,0.0766,0.095722,0.12471,0.15514,0.17753,0.19084,0.19942,0.2059,0.20826,0.21118,0.21241,0.21571,0.21827,0.22149,0.22561,0.22759,0.22808,0.22884,0.23314,0.23461
2.5R 7/8,2.5R,R,7,8,0.14866,0.21843,0.31597,0.34848,0.33687,0.32543,0.31862,0.30906,0.30782,0.30934,0.29643,0.27614,0.27018,0.27202,0.25732,0.24198,0.25113,0.29783,0.35069,0.40097,0.5076,0.62199,0.68644,0.7151,0.72463,0.72861,0.72737,0.72827,0.72922,0.72752,0.72692,0.72611,0.72718,0.72769,0.7268,0.72872,0.73048,0.72953,0.7293,0.72596,0.72934
2.5R 6/8,2.5R,R,6,8,0.11898,0.17084,0.22256,0.22944,0.21809,0.20843,0.20592,0.19981,0.1988,0.2001,0.18942,0.17178,0.16686,0.16683,0.15496,0.14583,0.15391,0.18184,0.20273,0.23728,0.33291,0.43271,0.48229,0.49997,0.50557,0.50586,0.50391,0.50348,0.50369,0.50293,0.49968,0.49872,0.49868,0.49693,0.4974,0.49811,0.49766,0.49483,0.49447,0.49336,0.49261
2.5R 5/8,2.5R,R,5,8,0.12012,0.14573,0.16111,0.15964,0.15267,0.14686,0.14208,0.13818,0.13816,0.13733,0.12806,0.11868,0.11682,0.11526,0.10646,0.10452,0.11098,0.12284,0.12477,0.13814,0.19679,0.29329,0.36874,0.40463,0.41719,0.41999,0.41893,0.42,0.41681,0.41478,0.411,0.40857,0.41012,0.40816,0.40679,0.40663,0.40656,0.40558,0.40464,0.40372,0.4038
2.5R 4/8,2.5R,R,4,8,0.08654,0.095556,0.097689,0.0942,0.091022,0.089511,0.088878,0.086067,0.083789,0.080533,0.076478,0.071022,0.068844,0.0676,0.066011,0.066356,0.067411,0.070489,0.071278,0.077789,0.0979,0.1503,0.22691,0.28706,0.31834,0.33177,0.33564,0.33701,0.3371,0.33678,0.33612,0.33602,0.33746,0.33619,0.33577,0.33776,0.33959,0.33882,0.33734,0.33931,0.34013
2.5R 7/10,2.5R,R,7,10,0.1313,0.19691,0.28864,0.31236,0.29961,0.28909,0.28501,0.27759,0.27522,0.27773,0.26418,0.24147,0.23459,0.23493,0.2199,0.20722,0.2165,0.25522,0.28703,0.33304,0.45531,0.59821,0.69939,0.75537,0.77833,0.78977,0.79343,0.79566,0.79833,0.7992,0.80299,0.8024,0.80741,0.80844,0.81072,0.81164,0.814,0.81196,0.81391,0.81672,0.81456
2.5R 6/10,2.5R,R,6,10,0.1346,0.18126,0.22358,0.22568,0.2138,0.20541,0.20173,0.19581,0.19282,0.19228,0.18368,0.16862,0.16401,0.1611,0.15363,0.14767,0.15209,0.17122,0.18901,0.21323,0.30104,0.44349,0.56179,0.62674,0.64761,0.65869,0.66174,0.66349,0.66393,0.6634,0.66372,0.66234,0.66442,0.66368,0.66163,0.66511,0.66604,0.66262,0.66652,0.66471,0.66616
2.5R 5/10,2.5R,R,5,10,0.10978,0.13353,0.14683,0.14352,0.13597,0.13204,0.13138,0.12773,0.1243,0.12219,0.1167,0.10714,0.10356,0.099611,0.095711,0.093333,0.096578,0.10158,0.10247,0.11001,0.15468,0.25977,0.37661,0.45977,0.50207,0.52352,0.5295,0.53203,0.53186,0.53246,0.53411,0.5331,0.53414,0.53386,0.53329,0.53477,0.53692,0.53428,0.53232,0.53484,0.53282
2.5R 4/10,2.5R,R,4,10,0.08424,0.090922,0.091311,0.087478,0.086211,0.085378,0.084444,0.081322,0.079944,0.075178,0.068444,0.063511,0.061233,0.060889,0.059122,0.058811,0.059322,0.063189,0.062122,0.072356,0.088544,0.13507,0.22266,0.32538,0.40824,0.46222,0.48707,0.50054,0.51016,0.51456,0.5211,0.52192,0.52883,0.5347,0.53966,0.54153,0.54708,0.54867,0.55432,0.55684,0.56198
2.5R 6/12,2.5R,R,6,12,0.1256,0.16876,0.20654,0.20799,0.19696,0.18912,0.18778,0.1816,0.17828,0.17788,0.16978,0.15678,0.15001,0.14639,0.13842,0.13292,0.13677,0.15133,0.15992,0.18276,0.26743,0.41354,0.55649,0.65734,0.7153,0.74361,0.75547,0.76336,0.76718,0.7646,0.76862,0.77082,0.77482,0.77723,0.77791,0.78278,0.78479,0.78459,0.7877,0.79119,0.79059
2.5R 5/12,2.5R,R,5,12,0.10732,0.1251,0.13533,0.13096,0.12513,0.12109,0.11864,0.11632,0.11454,0.11142,0.10266,0.094278,0.090478,0.087011,0.0807,0.078611,0.083256,0.086433,0.083289,0.094144,0.14901,0.2663,0.40931,0.53244,0.61511,0.66003,0.67979,0.68949,0.69421,0.69793,0.70114,0.70298,0.71181,0.71427,0.71797,0.72106,0.72582,0.72782,0.73066,0.7311,0.73226
2.5R 4/12,2.5R,R,4,12,0.07154,0.080544,0.080322,0.076933,0.074433,0.075411,0.076,0.073067,0.069033,0.064167,0.059422,0.052811,0.048989,0.047067,0.0473,0.047233,0.045511,0.045144,0.045622,0.054567,0.070844,0.11567,0.20301,0.31359,0.41987,0.50168,0.55376,0.5844,0.60377,0.61436,0.62431,0.63544,0.65136,0.66453,0.67568,0.6866,0.69739,0.70689,0.71432,0.72087,0.72832
5R 9/1,5R,R,9,1,0.15158,0.23908,0.43733,0.6197,0.67212,0.67738,0.67718,0.67407,0.6747,0.67543,0.67083,0.66263,0.66231,0.66203,0.65678,0.64962,0.65124,0.67223,0.69667,0.70868,0.71166,0.71236,0.71308,0.71312,0.71264,0.71384,0.7155,0.71547,0.71479,0.71581,0.71664,0.71614,0.71813,0.71848,0.72032,0.72202,0.72469,0.7228,0.72388,0.7218,0.7225
5R 8/1,5R,R,8,1,0.13686,0.21033,0.36403,0.47766,0.49257,0.4877,0.48576,0.48123,0.48123,0.48298,0.47771,0.46682,0.4669,0.47213,0.46579,0.4562,0.46307,0.49176,0.51479,0.52053,0.52138,0.52082,0.51999,0.51843,0.5166,0.51396,0.51178,0.51007,0.5085,0.50881,0.50787,0.50497,0.50489,0.50287,0.5019,0.5034,0.50386,0.49771,0.49894,0.49658,0.49444
5R 7/1,5R,R,7,1,0.13466,0.20069,0.31294,0.36597,0.36818,0.3634,0.35962,0.35544,0.35464,0.35656,0.35272,0.34363,0.34313,0.34754,0.34084,0.33116,0.3364,0.36159,0.38534,0.39233,0.3917,0.39134,0.38991,0.39031,0.3877,0.3869,0.38484,0.38327,0.38084,0.37919,0.3792,0.37652,0.37654,0.37562,0.3744,0.37501,0.37499,0.37476,0.37472,0.3722,0.37094
5R 6/1,5R,R,6,1,0.1291,0.1779,0.24184,0.26203,0.25783,0.25298,0.25079,0.24687,0.24563,0.2463,0.24249,0.2341,0.23302,0.23708,0.2329,0.22729,0.2314,0.25224,0.27106,0.2778,0.27756,0.27627,0.27494,0.27378,0.27234,0.27084,0.26896,0.26646,0.26404,0.26238,0.26197,0.26032,0.26138,0.26076,0.25898,0.25881,0.25806,0.25746,0.25712,0.25667,0.25712
5R 5/1,5R,R,5,1,0.10234,0.13339,0.16432,0.17177,0.16838,0.1658,0.16473,0.16187,0.1608,0.16141,0.1571,0.15044,0.1502,0.15337,0.14891,0.14326,0.14834,0.16674,0.18038,0.18633,0.18521,0.18463,0.18222,0.18051,0.17989,0.17957,0.17823,0.17846,0.1771,0.1745,0.1746,0.17404,0.1731,0.17322,0.17423,0.17476,0.17634,0.1756,0.17528,0.17507,0.17459
5R 4/1,5R,R,4,1,0.09258,0.10662,0.11556,0.11484,0.11077,0.10751,0.10663,0.10424,0.10433,0.1046,0.10172,0.097811,0.096322,0.096178,0.094233,0.092978,0.097644,0.10883,0.11733,0.12166,0.12327,0.12372,0.12328,0.12302,0.12291,0.12151,0.12016,0.11852,0.11611,0.11483,0.11592,0.1147,0.11536,0.11606,0.1165,0.11773,0.11914,0.11848,0.11861,0.11698,0.11707
5R 3/1,5R,R,3,1,0.05592,0.056,0.058567,0.059311,0.059067,0.059156,0.059322,0.058344,0.056456,0.055611,0.054933,0.054322,0.054511,0.053767,0.053822,0.053367,0.052711,0.053278,0.055256,0.061389,0.067911,0.072056,0.0715,0.070578,0.0703,0.069611,0.069144,0.069144,0.069056,0.0674,0.067933,0.067667,0.068322,0.069444,0.070667,0.071522,0.073389,0.073533,0.0742,0.073878,0.072911
5R 2.5/1,5R,R,2.5,1,0.0492,0.048844,0.047856,0.047111,0.047344,0.046389,0.046856,0.046111,0.045467,0.045078,0.043378,0.041433,0.042156,0.042644,0.043056,0.043589,0.042789,0.0438,0.045189,0.050533,0.054233,0.057044,0.058011,0.0587,0.058933,0.058722,0.058133,0.057211,0.056978,0.056111,0.058489,0.058767,0.060056,0.060933,0.062889,0.0646,0.066811,0.068089,0.069878,0.070011,0.070778
5R 9/2,5R,R,9,2,0.14964,0.22917,0.41936,0.60917,0.66338,0.66108,0.65817,0.65358,0.65168,0.65389,0.64818,0.63239,0.63058,0.63466,0.62491,0.61112,0.61923,0.67042,0.7246,0.74824,0.75422,0.75621,0.75676,0.7552,0.75559,0.75522,0.75359,0.75398,0.7532,0.75023,0.74968,0.75118,0.75313,0.75383,0.7525,0.75314,0.75598,0.75363,0.75274,0.75389,0.75056
5R 8/2,5R,R,8,2,0.1398,0.21252,0.36786,0.47709,0.48917,0.48439,0.47919,0.47458,0.47217,0.47387,0.4676,0.45236,0.45016,0.45658,0.44673,0.4317,0.43797,0.48402,0.53103,0.55037,0.55237,0.55276,0.55206,0.55,0.54748,0.54644,0.54371,0.54319,0.54222,0.54056,0.54099,0.53896,0.53808,0.53551,0.53542,0.53513,0.53372,0.53231,0.53194,0.52977,0.52832
5R 7/2,5R,R,7,2,0.14244,0.2057,0.30974,0.35552,0.35347,0.3467,0.34219,0.3368,0.3357,0.33752,0.33167,0.31741,0.31598,0.32143,0.3153,0.30374,0.30908,0.34734,0.3906,0.4076,0.40974,0.40937,0.407,0.40677,0.4044,0.40433,0.40108,0.39731,0.39404,0.39086,0.38998,0.39107,0.38844,0.38607,0.38666,0.3864,0.38601,0.38377,0.38318,0.38239,0.37946
5R 6/2,5R,R,6,2,0.12634,0.17854,0.24523,0.26432,0.25936,0.25233,0.24781,0.2452,0.24403,0.24489,0.24021,0.22886,0.22631,0.22842,0.22063,0.21269,0.2181,0.24973,0.28368,0.29704,0.29966,0.29971,0.29858,0.29792,0.29598,0.29392,0.29127,0.28988,0.28836,0.28617,0.28722,0.28311,0.28421,0.28404,0.28303,0.28368,0.28298,0.28209,0.28024,0.27964,0.27757
5R 5/2,5R,R,5,2,0.10964,0.13958,0.16866,0.17523,0.16873,0.16456,0.1618,0.15733,0.15599,0.15733,0.15357,0.14562,0.14486,0.14616,0.14093,0.13536,0.13976,0.16113,0.1854,0.19741,0.20064,0.20093,0.20083,0.19846,0.19706,0.19602,0.1949,0.19362,0.19211,0.19106,0.19019,0.1898,0.18928,0.18767,0.18749,0.18864,0.1891,0.18879,0.18809,0.18674,0.18598
5R 4/2,5R,R,4,2,0.09102,0.1043,0.11269,0.11092,0.10751,0.10493,0.10354,0.10201,0.10059,0.1001,0.097044,0.092278,0.091744,0.091556,0.088878,0.088044,0.092133,0.10348,0.11198,0.1189,0.13247,0.14167,0.14468,0.14463,0.14347,0.14267,0.1408,0.13967,0.13788,0.13796,0.13868,0.13777,0.1379,0.13772,0.13829,0.13894,0.14036,0.14021,0.14063,0.14017,0.13844
5R 3/2,5R,R,3,2,0.05734,0.058278,0.060078,0.058667,0.058056,0.0569,0.057033,0.0563,0.056222,0.055456,0.054733,0.052733,0.051833,0.050711,0.050078,0.0505,0.052056,0.0533,0.056367,0.062433,0.075789,0.0877,0.089822,0.089189,0.087944,0.087044,0.086656,0.0859,0.085367,0.084267,0.084233,0.083478,0.083856,0.083856,0.085133,0.085967,0.0869,0.087389,0.088144,0.087989,0.086867
5R 2.5/2,5R,R,2.5,2,0.04566,0.045311,0.046267,0.047056,0.0469,0.045578,0.0442,0.043122,0.041733,0.040711,0.041789,0.040278,0.040411,0.039578,0.039089,0.038822,0.038733,0.04,0.042978,0.046989,0.052067,0.055689,0.059211,0.063933,0.069056,0.072322,0.072556,0.073911,0.073589,0.0749,0.077956,0.0793,0.081933,0.083467,0.084889,0.086178,0.0889,0.091267,0.093678,0.095444,0.097833
5R 8/4,5R,R,8,4,0.14864,0.22462,0.37568,0.46859,0.47098,0.46004,0.45467,0.44561,0.44322,0.44698,0.43801,0.41647,0.41189,0.41818,0.40359,0.3861,0.3964,0.46311,0.56036,0.6174,0.64073,0.65071,0.65498,0.654,0.65401,0.65109,0.6499,0.64886,0.64878,0.64704,0.64578,0.64409,0.64509,0.64384,0.64332,0.64251,0.6446,0.64116,0.64099,0.64113,0.64037
5R 7/4,5R,R,7,4,0.12784,0.19102,0.29744,0.34417,0.3376,0.32743,0.32364,0.31748,0.31539,0.3197,0.31142,0.29052,0.28692,0.29172,0.27828,0.26378,0.27498,0.33146,0.39667,0.43564,0.46321,0.47654,0.47912,0.47891,0.47632,0.47554,0.47401,0.47221,0.47099,0.46893,0.46766,0.46544,0.46383,0.46342,0.46278,0.4628,0.46277,0.46058,0.45854,0.45856,0.4556
5R 6/4,5R,R,6,4,0.13682,0.18307,0.23779,0.24824,0.23776,0.22857,0.2242,0.21818,0.21599,0.21809,0.21201,0.19729,0.19408,0.19561,0.18653,0.17746,0.1851,0.22294,0.27542,0.3063,0.33072,0.34593,0.34912,0.34759,0.34658,0.34432,0.34251,0.33999,0.33856,0.33563,0.33367,0.33196,0.33107,0.32957,0.32911,0.3286,0.32791,0.32677,0.32446,0.32418,0.3218
5R 5/4,5R,R,5,4,0.11274,0.13827,0.15731,0.15606,0.14926,0.1436,0.14173,0.13896,0.13677,0.137,0.13188,0.12301,0.12141,0.12254,0.11762,0.11358,0.11961,0.14152,0.16744,0.18312,0.21163,0.23577,0.244,0.24486,0.24327,0.24171,0.24024,0.23873,0.23742,0.23686,0.23629,0.23464,0.2342,0.23361,0.23278,0.23331,0.23371,0.23271,0.23322,0.23129,0.2306
5R 4/4,5R,R,4,4,0.08494,0.0948,0.099844,0.098389,0.094067,0.090444,0.088844,0.086389,0.086011,0.085467,0.082978,0.079544,0.0792,0.078144,0.073944,0.0739,0.079378,0.089789,0.097033,0.10262,0.12788,0.16059,0.17621,0.17964,0.17907,0.17791,0.17747,0.1758,0.17584,0.17491,0.17413,0.17312,0.17198,0.17208,0.17291,0.17372,0.17423,0.17306,0.17321,0.17264,0.17163
5R 3/4,5R,R,3,4,0.05464,0.054833,0.055311,0.054189,0.0529,0.051344,0.050367,0.050322,0.049844,0.049067,0.048344,0.046889,0.045622,0.044433,0.044544,0.045378,0.045922,0.047767,0.050533,0.056833,0.069067,0.090056,0.1115,0.1213,0.12248,0.12087,0.11766,0.1156,0.1138,0.1123,0.11287,0.11229,0.11248,0.1111,0.11271,0.1133,0.11528,0.11571,0.11696,0.1167,0.11761
5R 7/6,5R,R,7,6,0.13928,0.19983,0.29177,0.32317,0.31253,0.30162,0.29604,0.28844,0.28596,0.28823,0.27972,0.25928,0.25493,0.25929,0.24629,0.2334,0.24189,0.29562,0.37307,0.42652,0.48559,0.53292,0.55243,0.55766,0.55784,0.55619,0.55406,0.55334,0.55166,0.55086,0.55061,0.54806,0.54808,0.54633,0.54647,0.5463,0.5441,0.54264,0.5446,0.54297,0.54017
5R 6/6,5R,R,6,6,0.12774,0.17122,0.21898,0.22567,0.21506,0.20633,0.20162,0.19456,0.19191,0.19409,0.1874,0.17417,0.17127,0.17303,0.16358,0.15561,0.16281,0.19849,0.25069,0.28878,0.344,0.38587,0.40338,0.40768,0.40724,0.40569,0.40369,0.40051,0.39851,0.39692,0.39619,0.39429,0.3932,0.39236,0.39139,0.39182,0.39091,0.38822,0.38649,0.38756,0.388
5R 5/6,5R,R,5,6,0.10288,0.12473,0.14113,0.14001,0.13276,0.1275,0.12582,0.12168,0.11987,0.11986,0.11599,0.10791,0.10648,0.1073,0.10272,0.098756,0.10336,0.12173,0.14616,0.16932,0.21856,0.26894,0.29279,0.29856,0.29898,0.2998,0.29943,0.29799,0.29686,0.29469,0.29407,0.29204,0.29301,0.29151,0.29183,0.2935,0.29343,0.2944,0.29201,0.29097,0.29138
5R 4/6,5R,R,4,6,0.07876,0.084789,0.087156,0.084944,0.0825,0.0809,0.079978,0.077456,0.076656,0.075022,0.072089,0.069278,0.070889,0.070122,0.067867,0.069911,0.075278,0.080122,0.083644,0.0886,0.1138,0.16464,0.2072,0.22662,0.23168,0.23279,0.23133,0.22958,0.22713,0.22434,0.22403,0.22309,0.22292,0.22262,0.2231,0.22273,0.22324,0.22114,0.22009,0.22188,0.22147
5R 3/6,5R,R,3,6,0.05134,0.049333,0.047322,0.046189,0.0445,0.044433,0.044856,0.044356,0.0438,0.042811,0.0423,0.039611,0.038644,0.039089,0.039256,0.039844,0.0405,0.0417,0.043789,0.047222,0.056667,0.074567,0.10442,0.14049,0.16844,0.18597,0.19372,0.19832,0.20183,0.20442,0.20997,0.21142,0.21496,0.21952,0.2237,0.22858,0.23198,0.2352,0.23906,0.24177,0.24449
5R 7/8,5R,R,7,8,0.14364,0.20484,0.28471,0.30618,0.29362,0.28094,0.27432,0.26607,0.26166,0.26443,0.25638,0.23867,0.2335,0.23781,0.22499,0.21199,0.21957,0.27067,0.34798,0.40784,0.49851,0.59261,0.64517,0.66536,0.67031,0.67144,0.67159,0.67177,0.67119,0.67038,0.66958,0.66817,0.6704,0.67051,0.67056,0.67416,0.67394,0.67248,0.67176,0.67137,0.66973
5R 6/8,5R,R,6,8,0.1241,0.16494,0.20587,0.20963,0.19846,0.18972,0.18574,0.17907,0.17714,0.17902,0.17161,0.15922,0.15673,0.15768,0.14899,0.14084,0.1479,0.18029,0.22284,0.25823,0.33919,0.43009,0.47904,0.49727,0.50229,0.50277,0.50118,0.50121,0.49967,0.49849,0.49818,0.49658,0.49626,0.49494,0.49408,0.49593,0.49554,0.49334,0.49167,0.48922,0.48853
5R 5/8,5R,R,5,8,0.10372,0.12249,0.13254,0.12952,0.12392,0.11839,0.11614,0.11302,0.11108,0.11152,0.1067,0.099767,0.099578,0.099633,0.095222,0.094033,0.099644,0.11606,0.13264,0.15293,0.21121,0.29782,0.35487,0.37501,0.37922,0.38117,0.37851,0.37841,0.37662,0.37648,0.37497,0.37326,0.37209,0.37063,0.37047,0.36866,0.37029,0.36801,0.36877,0.36687,0.36674
5R 4/8,5R,R,4,8,0.07166,0.074122,0.074611,0.073067,0.071722,0.071144,0.0706,0.068978,0.068111,0.066156,0.064522,0.0636,0.064856,0.062067,0.059678,0.063278,0.065967,0.070644,0.072178,0.075067,0.096089,0.14026,0.20882,0.26556,0.29662,0.31118,0.31672,0.31864,0.31868,0.31989,0.32012,0.32257,0.32501,0.32608,0.3274,0.33124,0.33287,0.33552,0.33919,0.33724,0.33656
5R 7/10,5R,R,7,10,0.12828,0.18291,0.25449,0.2698,0.25674,0.24653,0.24317,0.23591,0.23492,0.23791,0.22658,0.20668,0.20321,0.20564,0.19367,0.18241,0.1931,0.24044,0.29722,0.35219,0.46302,0.59447,0.68978,0.74206,0.76418,0.77453,0.7792,0.78302,0.78292,0.77854,0.78371,0.78763,0.79124,0.79232,0.79407,0.79756,0.80144,0.8006,0.80441,0.80322,0.80192
5R 6/10,5R,R,6,10,0.12622,0.15929,0.18527,0.18688,0.17982,0.17361,0.17078,0.16417,0.15726,0.15178,0.14207,0.13046,0.1248,0.12519,0.12082,0.1169,0.11808,0.13582,0.19027,0.28356,0.39347,0.48248,0.53049,0.55239,0.55917,0.56234,0.56198,0.56266,0.56366,0.56351,0.56476,0.56462,0.56492,0.5672,0.56641,0.56719,0.56791,0.56731,0.56639,0.56816,0.56877
5R 5/10,5R,R,5,10,0.09748,0.11059,0.11659,0.11283,0.10783,0.10378,0.10254,0.098322,0.097156,0.096522,0.093478,0.089489,0.088478,0.087744,0.083389,0.0841,0.089867,0.10161,0.10973,0.12053,0.17134,0.27257,0.37619,0.44051,0.47178,0.4842,0.48771,0.48976,0.49057,0.48983,0.49001,0.48878,0.49046,0.49088,0.49183,0.49479,0.49504,0.49397,0.49446,0.49363,0.49753
5R 4/10,5R,R,4,10,0.0655,0.064111,0.063522,0.0621,0.061622,0.061044,0.061844,0.060244,0.058622,0.056544,0.055189,0.0539,0.055933,0.055044,0.054844,0.0576,0.061589,0.064167,0.066189,0.070644,0.084667,0.12679,0.2055,0.30582,0.39426,0.45277,0.48406,0.50111,0.51282,0.5203,0.52758,0.53472,0.54122,0.54811,0.55496,0.56239,0.56886,0.57287,0.57971,0.58304,0.59263
5R 6/12,5R,R,6,12,0.1108,0.14202,0.16739,0.16814,0.16386,0.15906,0.15598,0.15034,0.1425,0.13479,0.12547,0.11309,0.1076,0.10646,0.10442,0.10014,0.10016,0.112,0.1564,0.24533,0.37113,0.49657,0.58394,0.63237,0.65159,0.66041,0.66512,0.66902,0.67061,0.67123,0.67371,0.67871,0.68148,0.68316,0.68649,0.69008,0.69128,0.69369,0.69439,0.69704,0.69474
5R 5/12,5R,R,5,12,0.08816,0.097878,0.10169,0.0992,0.095411,0.093,0.091656,0.089033,0.0878,0.087133,0.0839,0.0807,0.080878,0.079844,0.076889,0.078067,0.084033,0.091278,0.095367,0.1012,0.1366,0.23016,0.3591,0.48442,0.5852,0.6517,0.685,0.70246,0.71331,0.7154,0.71656,0.72232,0.73379,0.74279,0.7479,0.75144,0.7568,0.75893,0.7626,0.76596,0.76658
5R 4/12,5R,R,4,12,0.054,0.052267,0.051967,0.050889,0.050678,0.050878,0.052033,0.051444,0.049789,0.048233,0.0466,0.045667,0.045778,0.045867,0.047,0.048078,0.049978,0.050256,0.052044,0.058778,0.069933,0.098122,0.1648,0.29566,0.44397,0.54727,0.59796,0.62584,0.64256,0.6517,0.66103,0.67116,0.68038,0.68732,0.69458,0.70431,0.7114,0.71538,0.72259,0.7271,0.72992
5R 6/14,5R,R,6,14,0.11344,0.14256,0.16261,0.16206,0.15556,0.15048,0.14807,0.14187,0.13523,0.12809,0.11931,0.10828,0.1025,0.10056,0.097511,0.094111,0.094044,0.10572,0.14478,0.22202,0.34603,0.49108,0.60618,0.68122,0.7184,0.73547,0.74417,0.75028,0.75339,0.75188,0.7567,0.7604,0.76529,0.76822,0.76917,0.77219,0.77467,0.77671,0.77911,0.78043,0.7813
5R 5/14,5R,R,5,14,0.09172,0.098433,0.1018,0.099678,0.0981,0.096044,0.094922,0.091056,0.084844,0.079278,0.074878,0.069344,0.066533,0.065044,0.065522,0.065044,0.066556,0.071711,0.084589,0.11099,0.17372,0.28924,0.43018,0.54809,0.615,0.64617,0.66049,0.67143,0.67617,0.67916,0.68654,0.69156,0.69666,0.69797,0.70121,0.70551,0.71009,0.71007,0.71379,0.71928,0.71902
5R 4/14,5R,R,4,14,0.05124,0.050756,0.049867,0.049633,0.049856,0.049689,0.049011,0.046878,0.043633,0.041633,0.040456,0.0393,0.039167,0.0399,0.040156,0.039667,0.039278,0.040222,0.043,0.050156,0.062167,0.096244,0.17913,0.32339,0.47348,0.57621,0.63086,0.6622,0.6828,0.6936,0.70703,0.71693,0.72819,0.73436,0.74014,0.74757,0.75268,0.75872,0.76068,0.76517,0.76582
7.5R 9/2,7.5R,R,9,2,0.14662,0.22762,0.41738,0.60919,0.66481,0.66597,0.66424,0.65896,0.6603,0.66371,0.65759,0.64342,0.64368,0.65122,0.64303,0.6301,0.63979,0.68841,0.73804,0.75817,0.76323,0.76377,0.76531,0.76628,0.76622,0.76563,0.76538,0.76586,0.76308,0.76116,0.76206,0.76054,0.76164,0.75842,0.75936,0.76182,0.7608,0.76006,0.76071,0.76153,0.75778
7.5R 8/2,7.5R,R,8,2,0.15076,0.22673,0.38129,0.48266,0.49383,0.48821,0.48578,0.48054,0.4778,0.47951,0.47491,0.46338,0.46448,0.47492,0.47266,0.46168,0.46669,0.50583,0.54753,0.56303,0.56557,0.56559,0.56582,0.5646,0.56198,0.55969,0.55643,0.55483,0.55352,0.55106,0.54969,0.54727,0.5457,0.54547,0.54419,0.54459,0.54356,0.54091,0.54097,0.53906,0.53736
7.5R 7/2,7.5R,R,7,2,0.14166,0.20851,0.31557,0.36108,0.35778,0.35141,0.34819,0.34188,0.34119,0.34436,0.33806,0.32426,0.32246,0.33019,0.32203,0.30936,0.32024,0.36401,0.40514,0.41897,0.4205,0.41994,0.41752,0.4146,0.41346,0.41149,0.40851,0.40601,0.40448,0.40247,0.40083,0.39921,0.39763,0.39691,0.39528,0.39491,0.39489,0.39314,0.39416,0.39324,0.39147
7.5R 6/2,7.5R,R,6,2,0.12464,0.17396,0.23716,0.2542,0.24803,0.24248,0.23917,0.23497,0.23438,0.23608,0.23174,0.21952,0.21839,0.2238,0.2165,0.20711,0.21563,0.25239,0.28767,0.30077,0.30296,0.30188,0.30087,0.29917,0.29699,0.29576,0.29351,0.29193,0.29029,0.28942,0.28799,0.28611,0.28579,0.2857,0.28403,0.28378,0.28337,0.28312,0.28151,0.2808,0.28029
7.5R 5/2,7.5R,R,5,2,0.12026,0.14914,0.17413,0.17656,0.17073,0.16521,0.16209,0.15808,0.15677,0.15736,0.15434,0.14732,0.14556,0.14657,0.14076,0.13639,0.14189,0.16609,0.19467,0.20664,0.20929,0.20978,0.20801,0.20651,0.2032,0.20233,0.20061,0.19894,0.1973,0.19593,0.19561,0.19411,0.19371,0.19199,0.19151,0.19197,0.19179,0.19141,0.19241,0.19259,0.19046
7.5R 4/2,7.5R,R,4,2,0.08942,0.10164,0.10963,0.1076,0.10419,0.10183,0.10106,0.0992,0.098589,0.098478,0.0955,0.090122,0.089333,0.090378,0.087633,0.086778,0.0917,0.10559,0.11839,0.12444,0.13322,0.13966,0.14118,0.14093,0.13986,0.13866,0.13749,0.13676,0.1356,0.13384,0.13439,0.13424,0.13374,0.13393,0.13438,0.13496,0.13554,0.1362,0.13649,0.13577,0.13582
7.5R 3/2,7.5R,R,3,2,0.05528,0.056433,0.056567,0.056311,0.056133,0.055589,0.056133,0.055222,0.054522,0.053222,0.053089,0.051733,0.051444,0.051411,0.051056,0.051444,0.052411,0.053922,0.057311,0.064078,0.076156,0.086522,0.089367,0.088733,0.087756,0.086689,0.086022,0.084533,0.0837,0.083067,0.082322,0.081689,0.0826,0.082889,0.083544,0.084611,0.085267,0.084833,0.085344,0.085778,0.085656
7.5R 2.5/2,7.5R,R,2.5,2,0.05132,0.049244,0.048289,0.047367,0.0469,0.046256,0.045344,0.044533,0.043244,0.042311,0.042633,0.042222,0.041756,0.042222,0.0417,0.042156,0.042822,0.044278,0.046222,0.050644,0.055256,0.061689,0.066833,0.070778,0.073456,0.074889,0.075189,0.075744,0.075789,0.075644,0.076656,0.078089,0.079689,0.081789,0.085033,0.0865,0.088744,0.090056,0.091544,0.094267,0.0955
7.5R 8/4,7.5R,R,8,4,0.14904,0.22329,0.36076,0.4354,0.43524,0.42507,0.42023,0.41263,0.41143,0.41603,0.40916,0.39041,0.38899,0.39894,0.389,0.37076,0.38241,0.45217,0.55134,0.61451,0.63543,0.64332,0.64677,0.64784,0.6467,0.64809,0.64774,0.64917,0.64792,0.64738,0.64817,0.6478,0.64822,0.64968,0.6513,0.65307,0.65519,0.65477,0.65873,0.6584,0.65654
7.5R 7/4,7.5R,R,7,4,0.13986,0.20624,0.30468,0.33911,0.33036,0.31833,0.31358,0.3057,0.30478,0.30996,0.30202,0.28257,0.27938,0.28651,0.27127,0.25592,0.27022,0.33812,0.42463,0.46801,0.47956,0.48158,0.48098,0.47938,0.47682,0.47473,0.47223,0.47092,0.46913,0.46663,0.46584,0.46318,0.46257,0.46098,0.46094,0.46114,0.4608,0.45908,0.45787,0.45804,0.45754
7.5R 6/4,7.5R,R,6,4,0.13072,0.17616,0.22672,0.23642,0.22668,0.21743,0.21398,0.20817,0.20651,0.20923,0.20427,0.19096,0.18862,0.19146,0.1833,0.17427,0.18209,0.22721,0.29477,0.33517,0.34744,0.35072,0.35077,0.34977,0.34763,0.34641,0.34466,0.34264,0.34186,0.33899,0.33774,0.3361,0.3358,0.33506,0.33432,0.33374,0.33306,0.33026,0.33098,0.32982,0.3293
7.5R 5/4,7.5R,R,5,4,0.1098,0.13539,0.15628,0.15511,0.14744,0.14226,0.13924,0.1369,0.13514,0.13623,0.13196,0.12341,0.12154,0.12246,0.11719,0.11332,0.1201,0.14763,0.18341,0.20583,0.22566,0.23874,0.24246,0.24187,0.24047,0.2398,0.23809,0.23677,0.23522,0.23423,0.23244,0.23134,0.23051,0.23004,0.22949,0.2305,0.2308,0.23006,0.22899,0.23044,0.2269
7.5R 4/4,7.5R,R,4,4,0.08388,0.091233,0.094556,0.091711,0.088289,0.085678,0.084744,0.083511,0.082622,0.081611,0.078656,0.075467,0.075089,0.075933,0.0731,0.074,0.078778,0.090122,0.10101,0.11064,0.13709,0.1641,0.17486,0.17642,0.17542,0.17372,0.17319,0.17256,0.1712,0.16994,0.16924,0.16854,0.16844,0.16813,0.16811,0.16837,0.16789,0.16817,0.16908,0.16818,0.16757
7.5R 3/4,7.5R,R,3,4,0.05184,0.049844,0.049378,0.048589,0.047689,0.046556,0.045789,0.045278,0.045411,0.044456,0.044578,0.043633,0.043356,0.043411,0.044033,0.045422,0.046978,0.049089,0.053422,0.061078,0.069722,0.082844,0.10153,0.1192,0.12917,0.13406,0.13491,0.13477,0.1345,0.13471,0.13612,0.13793,0.14066,0.14257,0.14499,0.14736,0.15059,0.15226,0.15543,0.16026,0.16034
7.5R 7/6,7.5R,R,7,6,0.14578,0.205,0.28607,0.30763,0.29696,0.28622,0.28116,0.27359,0.27144,0.27473,0.26739,0.25032,0.24663,0.25252,0.24078,0.22813,0.23704,0.29492,0.40193,0.48679,0.52459,0.54129,0.54648,0.54856,0.54701,0.54626,0.54489,0.5436,0.54294,0.54277,0.54164,0.5397,0.53983,0.53936,0.53927,0.53993,0.53974,0.53987,0.54014,0.5434,0.54173
7.5R 6/6,7.5R,R,6,6,0.12878,0.16812,0.20731,0.209,0.19837,0.18954,0.18446,0.17907,0.17747,0.18074,0.17436,0.16248,0.15946,0.16153,0.15358,0.14653,0.15604,0.1971,0.26802,0.32104,0.36588,0.39269,0.40198,0.40474,0.40457,0.40353,0.40131,0.3993,0.39616,0.39466,0.39212,0.39068,0.38969,0.38843,0.38844,0.38834,0.38638,0.38512,0.38371,0.38347,0.38107
7.5R 5/6,7.5R,R,5,6,0.09852,0.11728,0.12972,0.12756,0.12081,0.11584,0.11388,0.11061,0.10968,0.11092,0.10647,0.098956,0.097922,0.098856,0.093789,0.090356,0.098122,0.12539,0.15916,0.18718,0.23389,0.26988,0.2834,0.28758,0.28679,0.28608,0.28547,0.28469,0.28403,0.28331,0.28236,0.28197,0.28242,0.28167,0.2817,0.28258,0.28319,0.28531,0.28626,0.28693,0.28544
7.5R 4/6,7.5R,R,4,6,0.06842,0.072633,0.0732,0.071356,0.068222,0.067122,0.066378,0.065844,0.065056,0.064844,0.063267,0.061578,0.061844,0.060822,0.059611,0.0617,0.067256,0.076278,0.081644,0.089589,0.12133,0.1669,0.19358,0.20374,0.20543,0.20509,0.20476,0.20388,0.20302,0.20292,0.20261,0.20222,0.202,0.20349,0.20368,0.20469,0.20519,0.2063,0.20728,0.20907,0.20662
7.5R 3/6,7.5R,R,3,6,0.04286,0.041022,0.040244,0.039689,0.039378,0.038844,0.038978,0.038578,0.038256,0.037856,0.038456,0.037944,0.037811,0.038422,0.039489,0.040589,0.041056,0.0433,0.047022,0.053778,0.061633,0.077256,0.10326,0.13123,0.14977,0.15897,0.16268,0.16452,0.16578,0.16748,0.16928,0.17151,0.1739,0.17721,0.18087,0.18393,0.18804,0.19111,0.19577,0.19723,0.20154
7.5R 7/8,7.5R,R,7,8,0.14136,0.19533,0.26199,0.27626,0.26311,0.2515,0.24608,0.23919,0.23661,0.24019,0.23254,0.21607,0.21327,0.21836,0.20761,0.1956,0.2049,0.26591,0.38802,0.49959,0.56923,0.61002,0.62953,0.63626,0.63856,0.63748,0.63686,0.63726,0.63673,0.63654,0.63528,0.634,0.63259,0.6328,0.63244,0.63361,0.63489,0.63174,0.63243,0.6331,0.63089
7.5R 6/8,7.5R,R,6,8,0.1121,0.1475,0.17978,0.17967,0.16919,0.16139,0.15774,0.15383,0.15254,0.15548,0.14962,0.13782,0.13578,0.13877,0.13057,0.12437,0.13449,0.17651,0.24353,0.30158,0.37304,0.42886,0.45134,0.45813,0.45913,0.45853,0.45766,0.45792,0.45906,0.45592,0.45528,0.45288,0.45242,0.45242,0.45094,0.45293,0.45209,0.45209,0.45243,0.45223,0.45153
7.5R 5/8,7.5R,R,5,8,0.08796,0.1031,0.10944,0.10686,0.10052,0.097011,0.095989,0.093322,0.0924,0.0934,0.0896,0.084144,0.084078,0.084644,0.081,0.080178,0.086944,0.10803,0.1358,0.16358,0.22569,0.29517,0.33109,0.34354,0.34699,0.34686,0.34633,0.34641,0.34667,0.3455,0.34531,0.34232,0.34138,0.34083,0.34186,0.34297,0.34303,0.34196,0.34264,0.34304,0.34147
7.5R 4/8,7.5R,R,4,8,0.06142,0.061844,0.0611,0.060856,0.060722,0.0604,0.060767,0.060544,0.060167,0.058489,0.058122,0.058833,0.061456,0.060333,0.060144,0.0649,0.071211,0.076756,0.078822,0.081178,0.097189,0.14051,0.20539,0.26811,0.30712,0.327,0.33461,0.33842,0.34148,0.34333,0.34581,0.34758,0.34952,0.35236,0.35513,0.35991,0.36246,0.36598,0.37004,0.37158,0.37286
7.5R 7/10,7.5R,R,7,10,0.13126,0.18036,0.23177,0.23859,0.227,0.21661,0.21181,0.20492,0.20427,0.20849,0.20172,0.18653,0.1836,0.18849,0.1786,0.16797,0.17911,0.2389,0.34869,0.44637,0.54597,0.63789,0.69756,0.72776,0.7407,0.74627,0.74971,0.75173,0.75274,0.75063,0.75183,0.75592,0.76009,0.76113,0.76273,0.76659,0.76514,0.76736,0.7702,0.76921,0.76778
7.5R 6/10,7.5R,R,6,10,0.10894,0.1386,0.15834,0.15642,0.14588,0.1393,0.13618,0.13151,0.13192,0.13493,0.12947,0.11884,0.11789,0.11999,0.11251,0.10666,0.11738,0.15814,0.21942,0.27783,0.37578,0.47747,0.53516,0.55804,0.56461,0.5676,0.56862,0.57123,0.57027,0.57161,0.57178,0.57186,0.57278,0.57421,0.57561,0.57688,0.57802,0.57777,0.57861,0.57802,0.57719
7.5R 5/10,7.5R,R,5,10,0.08922,0.095733,0.095878,0.093,0.088844,0.086867,0.0863,0.084533,0.084722,0.0851,0.082089,0.079744,0.081278,0.081622,0.0807,0.084211,0.093156,0.1091,0.12919,0.1476,0.20774,0.31046,0.40272,0.45589,0.47882,0.48811,0.49063,0.49278,0.49488,0.49527,0.49462,0.49584,0.49683,0.49887,0.49993,0.50307,0.50557,0.50619,0.50769,0.50966,0.5108
7.5R 4/10,7.5R,R,4,10,0.05104,0.049656,0.0498,0.050611,0.050867,0.050233,0.050378,0.048556,0.048122,0.047578,0.047611,0.048133,0.049078,0.051467,0.051044,0.051822,0.055644,0.0615,0.070144,0.082356,0.10586,0.15931,0.24213,0.31388,0.35117,0.36886,0.37806,0.38571,0.39282,0.39997,0.40751,0.4118,0.41767,0.42438,0.4294,0.43528,0.44073,0.44586,0.44992,0.45257,0.4553
7.5R 6/12,7.5R,R,6,12,0.10538,0.12508,0.13403,0.12883,0.12043,0.11446,0.11204,0.10951,0.10941,0.11102,0.10857,0.098267,0.097967,0.0979,0.095367,0.091233,0.1016,0.13717,0.1952,0.25324,0.35849,0.48607,0.58051,0.63022,0.64886,0.65686,0.66099,0.66444,0.66752,0.66694,0.67028,0.6731,0.67602,0.67711,0.67993,0.6872,0.68927,0.693,0.69739,0.69838,0.69836
7.5R 5/12,7.5R,R,5,12,0.07926,0.081122,0.081467,0.079967,0.0773,0.076356,0.076233,0.075933,0.076867,0.0767,0.076322,0.074867,0.076933,0.076067,0.0757,0.080356,0.089244,0.10252,0.11458,0.12648,0.17424,0.27701,0.40078,0.50863,0.57631,0.61138,0.62758,0.63551,0.63857,0.63936,0.63717,0.64064,0.64733,0.65326,0.65639,0.66027,0.664,0.66617,0.67131,0.66924,0.67081
7.5R 4/12,7.5R,R,4,12,0.04506,0.043978,0.043478,0.042311,0.042533,0.042978,0.043333,0.043144,0.043056,0.043278,0.0426,0.042822,0.043444,0.044144,0.044867,0.046444,0.0474,0.050544,0.056122,0.067911,0.0987,0.17171,0.26533,0.34393,0.38901,0.40893,0.41756,0.42086,0.42452,0.42592,0.4257,0.42581,0.42777,0.43019,0.43251,0.43699,0.43889,0.43998,0.44248,0.443,0.44441
10R 9/1,10R,R,9,1,0.13952,0.21939,0.40853,0.6008,0.65964,0.66444,0.66678,0.6653,0.6664,0.67013,0.66672,0.65501,0.65706,0.66578,0.66149,0.65086,0.66058,0.69291,0.71601,0.72611,0.73019,0.73072,0.72817,0.72703,0.72638,0.72581,0.72344,0.72462,0.72454,0.72311,0.72159,0.7215,0.72253,0.72216,0.72227,0.7245,0.72519,0.7214,0.72344,0.72491,0.72198
10R 8/1,10R,R,8,1,0.14028,0.22277,0.38069,0.48289,0.49718,0.49581,0.49547,0.49308,0.4918,0.49492,0.49081,0.48278,0.48344,0.49271,0.4897,0.4807,0.48484,0.51319,0.53642,0.54558,0.54524,0.54359,0.54322,0.54256,0.54078,0.53901,0.53921,0.53927,0.53897,0.53614,0.5358,0.53378,0.53393,0.53379,0.53269,0.53288,0.5318,0.52947,0.53001,0.52963,0.53019
10R 7/1,10R,R,7,1,0.147,0.21386,0.31502,0.35857,0.36092,0.3618,0.3587,0.35699,0.35717,0.35821,0.3594,0.35853,0.36008,0.35917,0.35859,0.35751,0.35903,0.36906,0.38613,0.40528,0.41384,0.41591,0.41481,0.41522,0.41246,0.40827,0.4057,0.40393,0.40223,0.3977,0.39571,0.39081,0.39343,0.39078,0.39017,0.38877,0.38774,0.38426,0.3825,0.38352,0.38157
10R 6/1,10R,R,6,1,0.12722,0.17909,0.24242,0.26176,0.25876,0.25381,0.25206,0.24977,0.24738,0.24823,0.24456,0.23697,0.238,0.24433,0.24131,0.23777,0.24019,0.26066,0.27616,0.28716,0.28839,0.28574,0.28484,0.28369,0.28164,0.28032,0.27831,0.27654,0.27498,0.27339,0.27209,0.26851,0.27023,0.27018,0.27054,0.26914,0.26828,0.26696,0.26748,0.26471,0.26413
10R 5/1,10R,R,5,1,0.11502,0.14729,0.17659,0.18146,0.17797,0.17531,0.17268,0.16919,0.16908,0.16978,0.16779,0.16057,0.16086,0.16644,0.1644,0.15862,0.16229,0.1797,0.19402,0.20098,0.19984,0.19924,0.19782,0.19682,0.19499,0.19376,0.19314,0.19146,0.19036,0.18803,0.18823,0.18577,0.18713,0.18807,0.18757,0.18709,0.18703,0.1877,0.18632,0.18648,0.18586
10R 4/1,10R,R,4,1,0.09324,0.10693,0.1156,0.11564,0.11222,0.11002,0.10868,0.10554,0.10474,0.10537,0.10384,0.0988,0.0992,0.099633,0.096322,0.0951,0.099022,0.11299,0.12382,0.13004,0.12918,0.12954,0.13004,0.1287,0.1257,0.12498,0.12534,0.12454,0.12322,0.12176,0.12243,0.1213,0.12204,0.12224,0.12242,0.12378,0.12366,0.12378,0.12338,0.12414,0.12343
10R 3/1,10R,R,3,1,0.06204,0.0644,0.066022,0.0646,0.062967,0.062944,0.062389,0.061267,0.061133,0.060033,0.059389,0.057811,0.058722,0.058056,0.057956,0.059433,0.063333,0.066178,0.065544,0.0703,0.075556,0.081622,0.082678,0.082289,0.078989,0.076989,0.076767,0.076967,0.075156,0.072822,0.074322,0.073378,0.074311,0.074622,0.0766,0.077867,0.077867,0.077089,0.078378,0.080111,0.079344
10R 2.5/1,10R,R,2.5,1,0.05032,0.048433,0.046978,0.0455,0.0468,0.046133,0.044067,0.042811,0.044,0.044267,0.043744,0.041267,0.0424,0.043967,0.043978,0.042533,0.042744,0.045744,0.042956,0.0485,0.054222,0.057167,0.0584,0.059644,0.061578,0.063356,0.063767,0.063322,0.064767,0.066144,0.067544,0.067767,0.070711,0.072089,0.075211,0.0787,0.081244,0.0809,0.082389,0.085244,0.087256
10R 9/2,10R,R,9,2,0.13782,0.21983,0.40872,0.58742,0.63564,0.63759,0.63751,0.6343,0.63586,0.64283,0.63711,0.62034,0.62424,0.63779,0.63013,0.61487,0.63153,0.68943,0.73774,0.75703,0.7624,0.76507,0.76276,0.76342,0.76182,0.76313,0.76223,0.75752,0.75677,0.75647,0.75796,0.75629,0.75753,0.75827,0.75842,0.76049,0.76078,0.75916,0.76053,0.75917,0.7573
10R 8/2,10R,R,8,2,0.14546,0.22931,0.38677,0.48392,0.4954,0.49218,0.48872,0.48483,0.48617,0.49037,0.48456,0.47108,0.47214,0.48262,0.47561,0.46171,0.47037,0.5176,0.56312,0.58178,0.58591,0.58663,0.58649,0.58398,0.58212,0.58248,0.58113,0.57873,0.57747,0.57684,0.57624,0.57218,0.57308,0.57046,0.57087,0.57119,0.57034,0.56649,0.56621,0.56693,0.56657
10R 7/2,10R,R,7,2,0.1485,0.21397,0.30682,0.34564,0.34939,0.34723,0.34493,0.34482,0.34814,0.34854,0.34866,0.34871,0.35041,0.35018,0.3466,0.34592,0.35172,0.3681,0.39366,0.42849,0.44782,0.45489,0.45496,0.45594,0.45318,0.45042,0.44722,0.44507,0.44292,0.44047,0.43718,0.43383,0.43363,0.43234,0.43148,0.42867,0.42841,0.42576,0.42444,0.42294,0.42198
10R 6/2,10R,R,6,2,0.1315,0.1798,0.24063,0.2559,0.25201,0.24586,0.24152,0.2391,0.23916,0.24091,0.23489,0.22469,0.22538,0.2333,0.2303,0.22179,0.22846,0.26261,0.29938,0.31562,0.31787,0.31756,0.3163,0.31506,0.31338,0.3114,0.30981,0.30737,0.30616,0.30489,0.30432,0.30134,0.30189,0.30017,0.29977,0.30153,0.30042,0.29691,0.29619,0.29641,0.29557
10R 5/2,10R,R,5,2,0.10486,0.13089,0.1559,0.16152,0.15912,0.1569,0.15907,0.15707,0.15437,0.15384,0.15453,0.15324,0.15196,0.1512,0.15079,0.15271,0.15407,0.16299,0.18046,0.20342,0.21522,0.21939,0.21932,0.21841,0.2173,0.21546,0.21366,0.21266,0.2121,0.2102,0.20857,0.20609,0.20662,0.20816,0.20863,0.20697,0.20608,0.20452,0.20489,0.20432,0.2024
10R 4/2,10R,R,4,2,0.09094,0.10101,0.10721,0.10742,0.10434,0.098522,0.096778,0.096489,0.0958,0.095356,0.091322,0.0885,0.090467,0.089389,0.0856,0.086956,0.094044,0.10798,0.1223,0.13151,0.13849,0.14304,0.14297,0.14116,0.13923,0.13787,0.13588,0.13384,0.13288,0.13294,0.13192,0.13053,0.13028,0.13119,0.1321,0.13253,0.13184,0.13149,0.1325,0.13263,0.13006
10R 3/2,10R,R,3,2,0.0596,0.059856,0.0583,0.058289,0.056689,0.057367,0.053211,0.054356,0.059356,0.053467,0.056278,0.059011,0.055267,0.054878,0.054633,0.058622,0.062356,0.065556,0.064278,0.069278,0.079311,0.094778,0.10198,0.099889,0.097289,0.095678,0.094611,0.091733,0.088033,0.088244,0.0892,0.086156,0.087411,0.088133,0.088267,0.090344,0.088556,0.091956,0.091744,0.0846,0.091589
10R 2.5/2,10R,R,2.5,2,0.04462,0.044567,0.042933,0.042178,0.0421,0.043489,0.043044,0.040711,0.041022,0.042744,0.041756,0.038167,0.040311,0.040244,0.040144,0.0393,0.041222,0.044078,0.042611,0.048111,0.058811,0.071133,0.0772,0.078544,0.078011,0.075244,0.073289,0.073611,0.072678,0.071722,0.072789,0.071933,0.073778,0.074767,0.075956,0.078489,0.078744,0.079289,0.081411,0.082178,0.082078
10R 8/4,10R,R,8,4,0.14808,0.22759,0.3637,0.42636,0.4251,0.41798,0.4173,0.41217,0.41367,0.4206,0.41571,0.397,0.39946,0.41847,0.41264,0.39303,0.40674,0.48848,0.59681,0.65606,0.67461,0.68278,0.6845,0.68613,0.6846,0.68528,0.68382,0.68511,0.68469,0.68534,0.68402,0.68133,0.68393,0.68343,0.68648,0.68723,0.68858,0.68608,0.68907,0.68783,0.6862
10R 7/4,10R,R,7,4,0.1291,0.18423,0.25921,0.28787,0.29101,0.2905,0.28929,0.29044,0.29349,0.29676,0.29634,0.29734,0.30024,0.30001,0.29746,0.29913,0.30728,0.32914,0.36979,0.42791,0.47798,0.48879,0.50068,0.50333,0.5018,0.50027,0.49907,0.49853,0.49708,0.49488,0.49378,0.49078,0.48882,0.4874,0.48648,0.48612,0.48543,0.48142,0.48313,0.48337,0.4805
10R 6/4,10R,R,6,4,0.12598,0.16757,0.21094,0.21838,0.21043,0.2031,0.20028,0.19697,0.19648,0.1988,0.19364,0.18447,0.18518,0.19511,0.1929,0.18574,0.1943,0.23979,0.30899,0.34919,0.36028,0.36439,0.36356,0.3613,0.36027,0.35944,0.35676,0.35457,0.35309,0.35264,0.35088,0.34718,0.34697,0.34448,0.34287,0.34326,0.34268,0.34094,0.3405,0.33846,0.33629
10R 5/4,10R,R,5,4,0.09664,0.11497,0.13063,0.13234,0.13013,0.12978,0.12963,0.12852,0.1266,0.12702,0.12878,0.12799,0.12606,0.12629,0.12702,0.12821,0.13116,0.14434,0.17319,0.21441,0.2444,0.25973,0.26343,0.26363,0.26264,0.26093,0.25863,0.25642,0.25527,0.25379,0.25266,0.2496,0.24984,0.24921,0.24884,0.24746,0.24639,0.24839,0.24489,0.2433,0.24281
10R 4/4,10R,R,4,4,0.07506,0.081544,0.085256,0.080144,0.077456,0.077322,0.0761,0.074356,0.073433,0.075011,0.072811,0.069244,0.069822,0.070867,0.069489,0.070944,0.077511,0.092467,0.10252,0.11449,0.14184,0.16812,0.17801,0.17837,0.17646,0.17653,0.17596,0.17286,0.17143,0.17071,0.17248,0.16883,0.17063,0.17101,0.16993,0.17137,0.17279,0.17292,0.17016,0.17119,0.17224
10R 3/4,10R,R,3,4,0.04606,0.044078,0.042356,0.042167,0.043356,0.042744,0.043256,0.040889,0.042911,0.043133,0.043422,0.041178,0.043533,0.044578,0.043589,0.0427,0.046189,0.049978,0.052078,0.062922,0.081533,0.10617,0.11936,0.12069,0.11818,0.11776,0.11496,0.1121,0.11014,0.10898,0.10901,0.10476,0.10717,0.10742,0.10742,0.10758,0.10851,0.10801,0.10842,0.10812,0.10787
10R 8/6,10R,R,8,6,0.13292,0.2002,0.30666,0.34761,0.34337,0.33567,0.33321,0.32652,0.3276,0.33437,0.32776,0.30814,0.31284,0.33319,0.32853,0.31064,0.32888,0.42018,0.55487,0.65768,0.70006,0.7182,0.72676,0.72839,0.72761,0.72891,0.72867,0.72876,0.72627,0.72399,0.72552,0.72537,0.72933,0.72981,0.72952,0.7341,0.73511,0.73566,0.73317,0.73429,0.73328
10R 7/6,10R,R,7,6,0.12648,0.1787,0.24629,0.26371,0.25376,0.24569,0.24044,0.2366,0.23754,0.24198,0.23406,0.21878,0.22108,0.23273,0.22384,0.21158,0.22688,0.30044,0.41692,0.50121,0.53241,0.54099,0.54376,0.54338,0.54403,0.54271,0.53849,0.53926,0.53887,0.53667,0.535,0.53147,0.53421,0.53278,0.5315,0.53289,0.53193,0.529,0.52919,0.52922,0.52689
10R 6/6,10R,R,6,6,0.1177,0.15348,0.18064,0.1807,0.17267,0.16561,0.16202,0.15741,0.15781,0.16018,0.15489,0.14533,0.14646,0.15246,0.14753,0.14166,0.15144,0.19738,0.2828,0.35552,0.38219,0.39199,0.39548,0.39609,0.39423,0.39114,0.38881,0.38669,0.38483,0.38131,0.38109,0.37508,0.3773,0.37599,0.37407,0.37266,0.37338,0.37037,0.36937,0.36793,0.3658
10R 5/6,10R,R,5,6,0.0846,0.095378,0.10376,0.10317,0.099778,0.098856,0.099089,0.096356,0.094322,0.0952,0.095111,0.0935,0.093889,0.096578,0.098744,0.10057,0.10418,0.12003,0.15122,0.20279,0.24927,0.27838,0.2904,0.29281,0.29099,0.28979,0.28988,0.28537,0.28154,0.28011,0.2799,0.27651,0.27604,0.27434,0.27313,0.27359,0.2726,0.271,0.27002,0.26804,0.26731
10R 4/6,10R,R,4,6,0.0611,0.061356,0.0637,0.062067,0.059833,0.0593,0.0604,0.060478,0.060278,0.0592,0.058989,0.059,0.061144,0.060233,0.061389,0.066489,0.073567,0.084578,0.092333,0.10039,0.12802,0.17614,0.20989,0.22201,0.22469,0.22447,0.22252,0.21964,0.21926,0.21926,0.21928,0.21614,0.21691,0.21851,0.21881,0.2172,0.21776,0.21864,0.21888,0.21708,0.21649
10R 8/8,10R,R,8,8,0.13986,0.20323,0.29179,0.31992,0.3119,0.30047,0.29613,0.29314,0.29374,0.2984,0.29053,0.2759,0.27986,0.30136,0.29927,0.28547,0.30522,0.40059,0.55332,0.67968,0.74517,0.7803,0.79523,0.80204,0.80374,0.80506,0.80694,0.80929,0.80781,0.80653,0.80964,0.80849,0.81108,0.81312,0.81366,0.8171,0.82741,0.83527,0.83694,0.83883,0.83926
10R 7/8,10R,R,7,8,0.12396,0.1658,0.21474,0.22246,0.21254,0.20387,0.20347,0.19951,0.19887,0.20186,0.19856,0.18678,0.18792,0.20081,0.19966,0.19143,0.20199,0.26562,0.39471,0.51066,0.56753,0.5976,0.61181,0.61659,0.61702,0.61606,0.61544,0.61547,0.6148,0.61612,0.6132,0.61099,0.61273,0.61369,0.61251,0.61359,0.61541,0.61461,0.61281,0.61324,0.61207
10R 6/8,10R,R,6,8,0.10902,0.13497,0.15314,0.15276,0.14478,0.13904,0.13891,0.13679,0.13421,0.13748,0.13458,0.12788,0.12806,0.13567,0.13294,0.12914,0.13768,0.18158,0.26906,0.35884,0.40962,0.43927,0.45624,0.46388,0.46764,0.47096,0.47291,0.47418,0.47574,0.47843,0.48019,0.47912,0.48299,0.487,0.48856,0.49164,0.49433,0.49569,0.4982,0.50041,0.5017
10R 5/8,10R,R,5,8,0.07728,0.0805,0.0826,0.082244,0.082956,0.080478,0.078756,0.079744,0.079022,0.078689,0.0779,0.078,0.080511,0.083733,0.085744,0.088789,0.094133,0.10816,0.14212,0.20663,0.27403,0.32423,0.35003,0.36122,0.36173,0.36004,0.35817,0.35644,0.35341,0.35002,0.34929,0.34551,0.34476,0.34342,0.34279,0.342,0.34137,0.33947,0.33864,0.33706,0.33619
10R 4/8,10R,R,4,8,0.04948,0.049611,0.049389,0.0502,0.048178,0.048733,0.049789,0.051011,0.048922,0.049289,0.051178,0.051911,0.051678,0.052622,0.053956,0.055367,0.058767,0.065544,0.082178,0.12076,0.1695,0.20844,0.23724,0.24414,0.25052,0.25123,0.25056,0.25204,0.2489,0.24951,0.24958,0.24781,0.24993,0.25098,0.25073,0.25287,0.25344,0.25481,0.25488,0.25683,0.25512
10R 7/10,10R,R,7,10,0.1157,0.14979,0.18352,0.1859,0.17687,0.16967,0.1675,0.16451,0.1657,0.16854,0.16393,0.15324,0.1554,0.16417,0.15928,0.15104,0.16542,0.23324,0.37229,0.5205,0.61033,0.66033,0.68479,0.69607,0.69966,0.7025,0.70399,0.7056,0.70679,0.70581,0.70652,0.70554,0.70928,0.71008,0.71069,0.71559,0.71449,0.71404,0.71617,0.71857,0.71648
10R 6/10,10R,R,6,10,0.09294,0.11284,0.12371,0.11998,0.11217,0.1075,0.10741,0.10489,0.10412,0.10627,0.10401,0.0977,0.097556,0.10059,0.097189,0.095833,0.10522,0.14691,0.24853,0.37214,0.44946,0.48931,0.50923,0.51709,0.51957,0.51979,0.52156,0.52166,0.52323,0.52302,0.52423,0.52213,0.52508,0.52577,0.52658,0.52893,0.53038,0.53074,0.53238,0.53401,0.53413
10R 5/10,10R,R,5,10,0.06554,0.066656,0.066756,0.063878,0.062722,0.064667,0.065922,0.064278,0.064367,0.0653,0.065044,0.0659,0.068022,0.069056,0.070056,0.075589,0.084222,0.10163,0.13584,0.1976,0.26721,0.33501,0.38677,0.41354,0.42612,0.43332,0.43743,0.43971,0.44377,0.44593,0.44981,0.44931,0.45714,0.46097,0.46566,0.47001,0.47607,0.47689,0.48031,0.48422,0.48822
10R 7/12,10R,R,7,12,0.10628,0.13737,0.15943,0.15791,0.14981,0.14522,0.14241,0.13906,0.13962,0.14593,0.14061,0.12934,0.13039,0.14438,0.13752,0.12957,0.14379,0.21833,0.36642,0.53087,0.64022,0.70508,0.74077,0.7554,0.7631,0.76666,0.77008,0.77491,0.77646,0.77447,0.77721,0.78064,0.78232,0.78348,0.7872,0.79214,0.79271,0.79137,0.79362,0.79829,0.79762
10R 6/12,10R,R,6,12,0.08232,0.086722,0.088311,0.085444,0.083233,0.081733,0.082333,0.0815,0.081878,0.081722,0.082144,0.080756,0.084967,0.090056,0.092089,0.094778,0.10513,0.13558,0.21252,0.3296,0.42549,0.50784,0.57021,0.60444,0.61826,0.62483,0.62982,0.63571,0.63934,0.64124,0.64336,0.64529,0.64992,0.65509,0.65848,0.66227,0.66763,0.66963,0.6718,0.67637,0.67704
10R 5/12,10R,R,5,12,0.04924,0.049011,0.048389,0.048978,0.050456,0.051411,0.051467,0.052656,0.053956,0.053756,0.053022,0.055333,0.058889,0.059189,0.059711,0.064511,0.073722,0.088567,0.1208,0.18243,0.26257,0.34832,0.41438,0.45001,0.46722,0.47859,0.48657,0.49197,0.49538,0.5,0.50268,0.50627,0.51212,0.51752,0.52131,0.52782,0.53287,0.53671,0.54246,0.54476,0.54977
2.5YR 9/2,2.5YR,YR,9,2,0.15708,0.24268,0.4229,0.56528,0.59393,0.59606,0.59492,0.59524,0.59689,0.60127,0.59873,0.58997,0.59574,0.61711,0.62088,0.6135,0.6234,0.6717,0.72133,0.74159,0.74877,0.75319,0.75377,0.75619,0.75744,0.75781,0.7587,0.76076,0.75984,0.75967,0.75938,0.75853,0.7618,0.76222,0.76489,0.76768,0.76889,0.77043,0.772,0.77106,0.7695
2.5YR 8/2,2.5YR,YR,8,2,0.15222,0.23052,0.37748,0.46251,0.47052,0.46544,0.46233,0.45979,0.45991,0.46039,0.45512,0.44598,0.45099,0.47213,0.47901,0.47109,0.47849,0.51968,0.56168,0.57807,0.58118,0.58104,0.57894,0.57854,0.57603,0.57329,0.57158,0.56957,0.56851,0.56661,0.56317,0.56156,0.56209,0.55929,0.55939,0.55893,0.55763,0.55529,0.55481,0.55258,0.55303
2.5YR 7/2,2.5YR,YR,7,2,0.13158,0.19494,0.29729,0.33641,0.3307,0.32193,0.31872,0.31391,0.31201,0.31409,0.3087,0.2959,0.29721,0.31336,0.31238,0.30039,0.31383,0.36583,0.4044,0.41679,0.41701,0.41288,0.40747,0.4044,0.39992,0.39558,0.39009,0.38829,0.38477,0.38012,0.37646,0.37297,0.37114,0.36854,0.36638,0.36557,0.36238,0.35922,0.35699,0.35787,0.35191
2.5YR 6/2,2.5YR,YR,6,2,0.1164,0.16314,0.21543,0.23022,0.22283,0.21729,0.21628,0.21401,0.21267,0.2149,0.21094,0.20326,0.20417,0.21442,0.21334,0.20489,0.21594,0.25379,0.28433,0.2957,0.2965,0.29552,0.29391,0.2927,0.29048,0.28924,0.28692,0.2859,0.28516,0.28172,0.28119,0.27969,0.28036,0.28,0.279,0.27988,0.27912,0.2777,0.27723,0.2772,0.27389
2.5YR 5/2,2.5YR,YR,5,2,0.1023,0.12387,0.14331,0.14567,0.14282,0.14426,0.14469,0.14368,0.14453,0.14738,0.14873,0.14666,0.14884,0.14937,0.1493,0.14774,0.15049,0.1626,0.1782,0.1981,0.21067,0.21431,0.21277,0.21162,0.21044,0.21023,0.2061,0.20458,0.20433,0.20216,0.20023,0.19778,0.19849,0.19861,0.1983,0.1978,0.19884,0.19677,0.19751,0.19552,0.19537
2.5YR 4/2,2.5YR,YR,4,2,0.07142,0.078767,0.084956,0.087156,0.086633,0.085522,0.086922,0.088011,0.088767,0.088222,0.088467,0.088622,0.089367,0.088889,0.088867,0.0909,0.094756,0.10251,0.11114,0.12193,0.13214,0.14014,0.14248,0.14494,0.14502,0.14438,0.14403,0.14518,0.14462,0.14437,0.14522,0.1432,0.14594,0.14699,0.14821,0.14809,0.14757,0.14923,0.14993,0.14966,0.14897
2.5YR 3/2,2.5YR,YR,3,2,0.04952,0.050133,0.050122,0.049467,0.050067,0.051122,0.051056,0.050244,0.051022,0.051878,0.051889,0.051056,0.051933,0.052933,0.053267,0.053289,0.055411,0.059067,0.064456,0.072922,0.0816,0.086333,0.087556,0.089033,0.089922,0.090711,0.089978,0.089822,0.0907,0.091711,0.091533,0.092644,0.094011,0.095,0.097056,0.098733,0.10073,0.10143,0.10213,0.10342,0.10447
2.5YR 2.5/2,2.5YR,YR,2.5,2,0.04116,0.041444,0.040056,0.039778,0.040633,0.040867,0.039389,0.039022,0.039867,0.040389,0.039311,0.0384,0.040011,0.040911,0.039989,0.040044,0.041244,0.043767,0.045889,0.052211,0.061233,0.069511,0.072233,0.070644,0.069033,0.067567,0.065789,0.064878,0.064244,0.0636,0.063022,0.063156,0.063922,0.065078,0.0662,0.067733,0.068156,0.068656,0.070356,0.070167,0.070722
2.5YR 8/4,2.5YR,YR,8,4,0.13226,0.19983,0.31689,0.3724,0.37248,0.3663,0.36531,0.36392,0.36394,0.36804,0.36457,0.35152,0.35671,0.38138,0.38472,0.37396,0.39442,0.47233,0.55857,0.60494,0.62332,0.63091,0.63588,0.63979,0.63814,0.63916,0.63777,0.63999,0.63969,0.63816,0.63929,0.63774,0.63856,0.64092,0.64166,0.64241,0.64259,0.64206,0.64471,0.6439,0.64211
2.5YR 7/4,2.5YR,YR,7,4,0.13626,0.19444,0.26937,0.29136,0.28557,0.28027,0.27671,0.27378,0.27391,0.27678,0.27258,0.26163,0.26661,0.28922,0.29352,0.2837,0.29407,0.35301,0.43637,0.48057,0.4927,0.49742,0.49674,0.49606,0.49218,0.49173,0.48932,0.48782,0.48656,0.48539,0.48249,0.47997,0.47944,0.47899,0.47843,0.47641,0.47539,0.47402,0.47283,0.47189,0.4695
2.5YR 6/4,2.5YR,YR,6,4,0.1191,0.15446,0.18832,0.19402,0.1885,0.18194,0.17978,0.17717,0.17719,0.17861,0.17473,0.16688,0.16943,0.18257,0.18306,0.17627,0.18404,0.22684,0.28937,0.32384,0.33256,0.33558,0.33478,0.33256,0.32986,0.32898,0.32677,0.32514,0.32316,0.3208,0.32001,0.31686,0.31737,0.31607,0.31543,0.31451,0.31413,0.31247,0.31079,0.31209,0.3129
2.5YR 5/4,2.5YR,YR,5,4,0.09838,0.11313,0.12128,0.12119,0.1168,0.11149,0.10994,0.10964,0.10982,0.10929,0.10693,0.10189,0.10419,0.10881,0.10649,0.10453,0.11391,0.14771,0.19976,0.23178,0.23752,0.23877,0.23896,0.23601,0.23262,0.23217,0.23116,0.22886,0.22621,0.22564,0.22542,0.22238,0.22266,0.22354,0.22293,0.22277,0.22228,0.2215,0.22174,0.22046,0.21839
2.5YR 4/4,2.5YR,YR,4,4,0.06806,0.071289,0.070833,0.070656,0.069489,0.068844,0.068667,0.069233,0.069278,0.0684,0.068889,0.068233,0.069544,0.0692,0.069156,0.074133,0.081133,0.095044,0.11384,0.13258,0.15006,0.16681,0.17471,0.17568,0.17364,0.17369,0.17219,0.16996,0.16886,0.16944,0.17001,0.16642,0.16918,0.17013,0.17042,0.16997,0.17248,0.17192,0.17078,0.1705,0.17291
2.5YR 8/6,2.5YR,YR,8,6,0.12824,0.19556,0.29313,0.32967,0.32387,0.31758,0.31524,0.31066,0.31207,0.31666,0.31136,0.29786,0.30549,0.33337,0.33833,0.32638,0.34984,0.44626,0.57507,0.65922,0.69488,0.71009,0.71531,0.71737,0.71899,0.72014,0.71954,0.71951,0.72258,0.72206,0.72227,0.72154,0.72381,0.72729,0.72649,0.72963,0.73128,0.73062,0.73541,0.7343,0.73431
2.5YR 7/6,2.5YR,YR,7,6,0.12544,0.169,0.21613,0.22507,0.21808,0.21236,0.21164,0.20906,0.2094,0.21148,0.20931,0.20011,0.20444,0.22839,0.2373,0.22858,0.23868,0.30337,0.41271,0.49071,0.52128,0.53173,0.53616,0.5359,0.53656,0.53212,0.53004,0.52937,0.52879,0.52767,0.52621,0.52266,0.52408,0.52307,0.52079,0.52109,0.52127,0.51921,0.51726,0.51664,0.51607
2.5YR 6/6,2.5YR,YR,6,6,0.10966,0.13218,0.14957,0.15153,0.14762,0.14259,0.142,0.14101,0.14159,0.14263,0.14022,0.1369,0.14089,0.15361,0.15779,0.1558,0.16498,0.20813,0.28223,0.3417,0.36964,0.38357,0.38987,0.39479,0.39404,0.3931,0.39296,0.39346,0.39187,0.38963,0.39092,0.38818,0.3893,0.38947,0.38968,0.38969,0.39004,0.38942,0.38751,0.38758,0.38719
2.5YR 5/6,2.5YR,YR,5,6,0.0877,0.096633,0.10106,0.099633,0.094133,0.091144,0.091589,0.090356,0.089222,0.090178,0.089311,0.0863,0.087889,0.093267,0.092256,0.093656,0.10177,0.13174,0.19037,0.24658,0.26981,0.27957,0.2813,0.28173,0.27892,0.27692,0.27528,0.27419,0.27208,0.26874,0.26977,0.26667,0.26723,0.26654,0.26777,0.26638,0.26677,0.2656,0.26469,0.26391,0.26243
2.5YR 4/6,2.5YR,YR,4,6,0.04698,0.044767,0.045167,0.046422,0.046022,0.045044,0.0463,0.045844,0.0461,0.047256,0.048356,0.048611,0.050422,0.053611,0.054633,0.055789,0.058711,0.070833,0.090789,0.12956,0.16518,0.18511,0.19309,0.19432,0.19269,0.18872,0.18554,0.18409,0.18077,0.17729,0.17684,0.17311,0.17362,0.17234,0.17131,0.17134,0.17102,0.16906,0.16922,0.17083,0.16711
2.5YR 8/8,2.5YR,YR,8,8,0.1252,0.18262,0.25527,0.27646,0.27054,0.26241,0.26142,0.25914,0.25931,0.26208,0.25992,0.25044,0.25564,0.28844,0.30237,0.29227,0.31553,0.41862,0.57153,0.69423,0.75406,0.78153,0.79238,0.7979,0.79879,0.7993,0.80166,0.80274,0.80253,0.8077,0.8115,0.80838,0.80959,0.81204,0.81048,0.81927,0.82221,0.81964,0.81969,0.82348,0.82093
2.5YR 7/8,2.5YR,YR,7,8,0.1173,0.14891,0.18037,0.18288,0.17682,0.17329,0.17347,0.17096,0.17113,0.17347,0.17181,0.16571,0.17172,0.19803,0.20977,0.20291,0.21598,0.27994,0.40137,0.50718,0.55742,0.5832,0.59332,0.59658,0.59798,0.59632,0.59518,0.59527,0.59457,0.59347,0.59187,0.59123,0.59264,0.5912,0.59126,0.59258,0.59087,0.59056,0.59198,0.59096,0.59138
2.5YR 6/8,2.5YR,YR,6,8,0.09602,0.11098,0.12058,0.12029,0.11683,0.11341,0.11233,0.11398,0.11416,0.11327,0.11308,0.11094,0.1144,0.12738,0.13252,0.13213,0.14103,0.18377,0.2749,0.36151,0.40592,0.42961,0.44177,0.4457,0.44512,0.44703,0.44617,0.44477,0.44379,0.4446,0.44481,0.44143,0.44373,0.44378,0.44304,0.44377,0.44498,0.44359,0.44274,0.44184,0.44221
2.5YR 5/8,2.5YR,YR,5,8,0.06708,0.0677,0.070122,0.069567,0.067178,0.066578,0.068522,0.0678,0.066756,0.0684,0.068456,0.067633,0.070878,0.076244,0.078989,0.081444,0.090033,0.11677,0.1731,0.24163,0.28138,0.2998,0.30653,0.30822,0.30788,0.30516,0.30326,0.30179,0.30108,0.29796,0.29819,0.29584,0.29622,0.2959,0.29766,0.29722,0.29713,0.2976,0.29721,0.29728,0.29557
2.5YR 4/8,2.5YR,YR,4,8,0.04608,0.045856,0.0436,0.043267,0.044289,0.0452,0.046078,0.046578,0.0469,0.046067,0.047078,0.048433,0.050144,0.050689,0.052033,0.056244,0.061822,0.077856,0.10997,0.15309,0.1823,0.20139,0.21503,0.22397,0.22716,0.23116,0.23553,0.23831,0.24203,0.24633,0.25082,0.25312,0.26092,0.26621,0.27098,0.2771,0.28271,0.28606,0.29097,0.29554,0.29696
2.5YR 7/10,2.5YR,YR,7,10,0.09958,0.12552,0.14319,0.14297,0.13906,0.13603,0.1342,0.13363,0.13476,0.13606,0.13427,0.13049,0.13608,0.15704,0.16698,0.16307,0.17762,0.25117,0.38537,0.51437,0.58738,0.62571,0.6439,0.65403,0.66004,0.66122,0.66387,0.6668,0.66979,0.67006,0.67214,0.6718,0.67634,0.67861,0.68108,0.68539,0.68669,0.6877,0.69256,0.6931,0.69591
2.5YR 6/10,2.5YR,YR,6,10,0.0782,0.084822,0.085878,0.085833,0.084911,0.082122,0.082489,0.083089,0.083878,0.082922,0.082944,0.083711,0.0894,0.10142,0.11013,0.11074,0.1195,0.15933,0.25059,0.3587,0.42712,0.46733,0.49073,0.4985,0.49919,0.50048,0.50217,0.50144,0.50176,0.50171,0.50356,0.50117,0.50416,0.50441,0.50514,0.50751,0.51013,0.5085,0.50894,0.5115,0.50932
2.5YR 5/10,2.5YR,YR,5,10,0.0532,0.053644,0.054367,0.053767,0.051456,0.050833,0.052,0.051244,0.051733,0.052378,0.0519,0.049644,0.053289,0.057822,0.057778,0.058378,0.068778,0.098767,0.165,0.24381,0.28917,0.31379,0.32612,0.33276,0.33674,0.34012,0.34158,0.34552,0.34758,0.34876,0.35306,0.35383,0.35918,0.36401,0.3668,0.37011,0.37571,0.37866,0.38254,0.38407,0.38667
2.5YR 7/12,2.5YR,YR,7,12,0.08394,0.099944,0.11154,0.1113,0.10617,0.10318,0.10342,0.1033,0.10289,0.10593,0.10608,0.10177,0.10634,0.12843,0.13843,0.13437,0.15329,0.23344,0.3886,0.5437,0.63971,0.69073,0.71481,0.72431,0.73019,0.73411,0.73774,0.74063,0.7428,0.74216,0.74429,0.74416,0.75047,0.75357,0.75489,0.75888,0.76129,0.76099,0.7628,0.76691,0.76607
2.5YR 6/12,2.5YR,YR,6,12,0.05276,0.054822,0.055467,0.056967,0.055522,0.056378,0.056422,0.056422,0.055722,0.057989,0.059511,0.059489,0.065878,0.086533,0.11059,0.12284,0.13334,0.15704,0.20331,0.29228,0.39503,0.48079,0.53779,0.56827,0.58432,0.59141,0.59318,0.59892,0.60228,0.6039,0.60594,0.60529,0.6106,0.61383,0.6161,0.62179,0.623,0.62461,0.62623,0.62852,0.62936
2.5YR 6/14,2.5YR,YR,6,14,0.04132,0.041478,0.041622,0.041344,0.041422,0.042733,0.043178,0.041311,0.043811,0.0453,0.045356,0.0456,0.053656,0.074156,0.1006,0.11798,0.12996,0.15079,0.19719,0.29,0.39547,0.49027,0.55589,0.59324,0.61169,0.6196,0.62539,0.6313,0.63706,0.63771,0.64417,0.64412,0.65072,0.6562,0.65722,0.66244,0.6658,0.66839,0.67147,0.67198,0.67448
5YR 9/1,5YR,YR,9,1,0.14168,0.22228,0.40718,0.57602,0.61934,0.62286,0.624,0.62168,0.62322,0.62676,0.62369,0.61606,0.62254,0.64167,0.64729,0.64158,0.65016,0.68033,0.7045,0.71459,0.7152,0.71553,0.71433,0.71491,0.71128,0.71276,0.71072,0.70928,0.70794,0.70694,0.70687,0.70602,0.70788,0.70753,0.70872,0.70951,0.71063,0.70838,0.70941,0.70927,0.7087
5YR 8/1,5YR,YR,8,1,0.15244,0.22873,0.38006,0.4776,0.48943,0.4839,0.484,0.48179,0.47856,0.48057,0.47826,0.47061,0.47561,0.49496,0.50317,0.49901,0.50301,0.52667,0.54648,0.554,0.55449,0.55309,0.55054,0.54872,0.54724,0.54401,0.54181,0.54037,0.53823,0.53417,0.53436,0.53004,0.53042,0.52919,0.52738,0.52784,0.52616,0.52334,0.52151,0.5216,0.52001
5YR 7/1,5YR,YR,7,1,0.14484,0.21032,0.3081,0.34804,0.34692,0.34219,0.33834,0.33479,0.33447,0.33409,0.33027,0.32403,0.32707,0.34263,0.34837,0.34308,0.3464,0.37071,0.39173,0.40004,0.40101,0.39962,0.39546,0.39388,0.39113,0.3891,0.38481,0.38412,0.38119,0.37719,0.37689,0.37249,0.37473,0.37198,0.36927,0.37008,0.3704,0.36652,0.36626,0.3648,0.36239
5YR 6/1,5YR,YR,6,1,0.1259,0.17397,0.22993,0.24623,0.24374,0.24001,0.23706,0.23576,0.23522,0.23434,0.23281,0.226,0.22794,0.23887,0.24211,0.23697,0.24002,0.26059,0.27846,0.28757,0.28769,0.28706,0.284,0.28374,0.28132,0.27961,0.27668,0.27589,0.27466,0.27154,0.27168,0.268,0.26869,0.26866,0.26842,0.26718,0.26647,0.26524,0.26544,0.26328,0.26234
5YR 5/1,5YR,YR,5,1,0.1104,0.13659,0.16428,0.16841,0.16403,0.1599,0.1592,0.15683,0.15474,0.15607,0.15393,0.14934,0.14946,0.15836,0.15839,0.155,0.15929,0.17442,0.18612,0.19331,0.19144,0.19108,0.1913,0.18892,0.18453,0.18477,0.18389,0.18157,0.17823,0.17763,0.17776,0.17488,0.1747,0.17544,0.17566,0.17457,0.174,0.17476,0.1753,0.1735,0.17276
5YR 4/1,5YR,YR,4,1,0.0792,0.089111,0.097856,0.099656,0.096489,0.095122,0.095711,0.093689,0.092211,0.092356,0.091944,0.090033,0.091189,0.095422,0.097556,0.096878,0.099111,0.1034,0.10776,0.11819,0.12049,0.11971,0.12073,0.11887,0.11744,0.11591,0.11581,0.11532,0.11184,0.11168,0.11359,0.11049,0.11233,0.11177,0.11321,0.11331,0.1134,0.11456,0.11447,0.11423,0.11237
5YR 3/1,5YR,YR,3,1,0.05268,0.054,0.056511,0.056011,0.053567,0.053978,0.0553,0.052256,0.051978,0.052733,0.053767,0.051878,0.052567,0.054244,0.0548,0.055278,0.0568,0.059611,0.062089,0.071,0.072356,0.072378,0.073333,0.071556,0.069333,0.069733,0.0701,0.068411,0.066789,0.067056,0.068667,0.065078,0.069456,0.069344,0.0687,0.070278,0.072678,0.072167,0.071733,0.073578,0.073444
5YR 2.5/1,5YR,YR,2.5,1,0.04796,0.044522,0.0433,0.0446,0.044333,0.042733,0.043844,0.043411,0.042789,0.042267,0.044122,0.041556,0.041978,0.043722,0.0436,0.042844,0.044078,0.046556,0.0466,0.052611,0.055833,0.057456,0.057956,0.056278,0.054656,0.054489,0.054189,0.054033,0.052311,0.052256,0.053044,0.051622,0.054233,0.054689,0.0564,0.057389,0.057378,0.057944,0.060156,0.060167,0.059267
5YR 9/2,5YR,YR,9,2,0.15356,0.24009,0.42141,0.56072,0.58763,0.58716,0.58772,0.58799,0.59047,0.59364,0.59172,0.58389,0.59188,0.62279,0.6369,0.63029,0.64163,0.69351,0.74357,0.76286,0.7687,0.7719,0.77198,0.77221,0.77173,0.77282,0.77391,0.77621,0.77688,0.77718,0.77736,0.77466,0.7778,0.77434,0.77744,0.78094,0.78241,0.78178,0.78254,0.78571,0.78262
5YR 8/2,5YR,YR,8,2,0.14026,0.21299,0.35229,0.43408,0.44102,0.43911,0.43762,0.43452,0.43563,0.4392,0.43539,0.42551,0.43446,0.45931,0.46784,0.46131,0.47081,0.51377,0.55101,0.5656,0.56873,0.56822,0.56633,0.56484,0.56397,0.56226,0.55978,0.56018,0.5588,0.55277,0.55154,0.54733,0.54716,0.54498,0.54629,0.54554,0.544,0.54129,0.54261,0.54054,0.53649
5YR 7/2,5YR,YR,7,2,0.13492,0.19956,0.29152,0.32567,0.32337,0.31869,0.31683,0.31309,0.31289,0.31482,0.31036,0.30028,0.30699,0.32718,0.33226,0.32621,0.33452,0.37172,0.4095,0.42719,0.42933,0.4285,0.4255,0.42417,0.42139,0.41932,0.41644,0.41677,0.41313,0.41042,0.41096,0.4055,0.4076,0.40772,0.40608,0.40477,0.40441,0.40298,0.402,0.3994,0.39967
5YR 6/2,5YR,YR,6,2,0.12522,0.16994,0.21484,0.22343,0.21732,0.21466,0.21123,0.20684,0.20731,0.20859,0.20462,0.19677,0.20259,0.21773,0.22094,0.21669,0.22416,0.25391,0.28524,0.3009,0.30023,0.30103,0.29817,0.29643,0.2935,0.29293,0.28943,0.28641,0.28427,0.28279,0.28101,0.27759,0.2784,0.27714,0.27712,0.2758,0.27454,0.27277,0.27349,0.27287,0.26836
5YR 5/2,5YR,YR,5,2,0.0978,0.12327,0.14407,0.14411,0.14088,0.13858,0.13604,0.13426,0.1346,0.13643,0.13311,0.12861,0.13128,0.14012,0.1404,0.13833,0.14348,0.16676,0.19089,0.20419,0.20423,0.20338,0.20259,0.20137,0.19949,0.19766,0.19644,0.19457,0.19288,0.19229,0.1934,0.18929,0.19066,0.1905,0.19049,0.18959,0.18928,0.18894,0.18924,0.18794,0.18693
5YR 4/2,5YR,YR,4,2,0.06954,0.080022,0.086411,0.085678,0.084867,0.084367,0.082878,0.081733,0.081967,0.082722,0.080878,0.081778,0.083611,0.086589,0.090244,0.093133,0.094656,0.10062,0.11052,0.12683,0.13472,0.13754,0.13579,0.13452,0.13458,0.13337,0.13168,0.13122,0.13034,0.12766,0.12927,0.12582,0.12922,0.12966,0.12828,0.1301,0.13172,0.13141,0.12923,0.13091,0.13127
5YR 3/2,5YR,YR,3,2,0.04372,0.046133,0.045322,0.044233,0.044522,0.045622,0.045311,0.044311,0.045911,0.046411,0.045844,0.044878,0.0473,0.047578,0.046089,0.048378,0.049456,0.054267,0.057778,0.072433,0.081356,0.084267,0.082689,0.081989,0.081167,0.078189,0.077089,0.077678,0.075333,0.0719,0.0746,0.072056,0.073378,0.074656,0.075922,0.075889,0.0762,0.078711,0.077811,0.076778,0.0781
5YR 9/4,5YR,YR,9,4,0.15622,0.23318,0.38784,0.48836,0.50102,0.49717,0.49662,0.49476,0.49543,0.49704,0.4949,0.4884,0.50024,0.54646,0.57982,0.58187,0.5943,0.65731,0.73986,0.78782,0.80388,0.81061,0.81203,0.81294,0.81253,0.81326,0.81206,0.8126,0.80992,0.8029,0.80857,0.81171,0.81583,0.81632,0.81522,0.81818,0.82061,0.81818,0.81844,0.81868,0.81994
5YR 8/4,5YR,YR,8,4,0.1395,0.20604,0.31121,0.35613,0.3562,0.35328,0.35079,0.34938,0.35039,0.352,0.34884,0.34127,0.35137,0.38952,0.41359,0.40961,0.41988,0.48453,0.57086,0.61714,0.63041,0.63586,0.63587,0.63678,0.63373,0.63462,0.63132,0.6301,0.63068,0.62973,0.62607,0.62448,0.62557,0.62343,0.62232,0.62384,0.62416,0.62022,0.61982,0.62084,0.62053
5YR 7/4,5YR,YR,7,4,0.1359,0.18539,0.24557,0.26264,0.25839,0.25491,0.25321,0.25073,0.25143,0.25344,0.24963,0.24261,0.25017,0.27926,0.29242,0.28656,0.29682,0.35054,0.42296,0.45881,0.46714,0.46927,0.4687,0.46857,0.46632,0.46434,0.46223,0.46034,0.45877,0.45668,0.45508,0.45402,0.45207,0.45183,0.45051,0.44987,0.4494,0.44731,0.44698,0.44459,0.44287
5YR 6/4,5YR,YR,6,4,0.10492,0.13264,0.15829,0.16276,0.16068,0.16037,0.16229,0.16281,0.16296,0.16624,0.16548,0.16261,0.16802,0.18771,0.19747,0.19732,0.20714,0.24131,0.27976,0.30823,0.3234,0.33217,0.3368,0.33849,0.33943,0.33982,0.33848,0.33854,0.33884,0.33717,0.33606,0.33567,0.33692,0.33852,0.33927,0.33903,0.33842,0.33723,0.33811,0.33703,0.33436
5YR 5/4,5YR,YR,5,4,0.08874,0.10306,0.11241,0.11087,0.10582,0.10462,0.1033,0.10174,0.10196,0.10331,0.10122,0.097278,0.10238,0.11346,0.11659,0.11457,0.12403,0.15378,0.19713,0.22566,0.23069,0.2321,0.23168,0.23027,0.22741,0.22516,0.22457,0.22352,0.21931,0.21908,0.21983,0.21572,0.21799,0.21718,0.21608,0.21617,0.21718,0.2156,0.21479,0.21573,0.21506
5YR 4/4,5YR,YR,4,4,0.06002,0.060578,0.060044,0.061433,0.0616,0.060211,0.06,0.060556,0.060167,0.059478,0.0613,0.061522,0.063544,0.070689,0.075156,0.077,0.079078,0.090722,0.10804,0.13664,0.15601,0.1635,0.16487,0.16493,0.1633,0.16,0.15926,0.15791,0.15579,0.15238,0.15336,0.1506,0.15198,0.15182,0.15173,0.15292,0.15251,0.15166,0.1521,0.15157,0.15113
5YR 8/6,5YR,YR,8,6,0.12316,0.17737,0.25337,0.27573,0.27407,0.27154,0.27076,0.26999,0.27133,0.27649,0.27464,0.26708,0.28058,0.32228,0.34979,0.34809,0.36982,0.45252,0.56214,0.63361,0.6627,0.67482,0.68026,0.68434,0.6834,0.68518,0.68662,0.68573,0.68612,0.68423,0.68589,0.68883,0.69022,0.69138,0.69266,0.69387,0.69726,0.6958,0.69621,0.69676,0.69716
5YR 7/6,5YR,YR,7,6,0.12096,0.1605,0.19681,0.20224,0.1991,0.19651,0.19494,0.19473,0.19486,0.19734,0.19441,0.18977,0.19966,0.23324,0.25528,0.25399,0.2656,0.32858,0.4255,0.49049,0.5099,0.51754,0.52043,0.51996,0.51878,0.51769,0.51538,0.51371,0.51169,0.51121,0.50946,0.50653,0.50786,0.50714,0.50681,0.50599,0.50491,0.50364,0.5037,0.50306,0.50213
5YR 6/6,5YR,YR,6,6,0.0959,0.11449,0.12763,0.12623,0.12413,0.12222,0.12139,0.11966,0.12187,0.12364,0.12021,0.11814,0.12539,0.14716,0.15753,0.15661,0.16736,0.21339,0.2905,0.34678,0.36306,0.36842,0.37166,0.36987,0.3673,0.36646,0.3649,0.36343,0.36126,0.35981,0.3596,0.35581,0.35773,0.35726,0.35604,0.35658,0.35686,0.35473,0.35246,0.35347,0.35143
5YR 5/6,5YR,YR,5,6,0.0669,0.073956,0.076,0.073244,0.072622,0.072289,0.070856,0.069867,0.072144,0.071889,0.070578,0.071378,0.076411,0.087244,0.092989,0.095711,0.10369,0.13306,0.18798,0.23517,0.25212,0.25817,0.25736,0.25731,0.25621,0.25304,0.25218,0.25113,0.24807,0.24546,0.24874,0.24471,0.24698,0.24578,0.24661,0.24666,0.24796,0.24549,0.24764,0.24661,0.24602
5YR 4/6,5YR,YR,4,6,0.04484,0.046389,0.046122,0.044544,0.045467,0.046444,0.045089,0.044411,0.046389,0.047556,0.046733,0.047544,0.052467,0.0598,0.064578,0.068533,0.0735,0.083778,0.10318,0.13884,0.16344,0.17658,0.18057,0.17947,0.17712,0.17613,0.17332,0.17186,0.17089,0.16849,0.16757,0.1647,0.16723,0.1667,0.16656,0.16749,0.16743,0.16613,0.16743,0.16793,0.16631
5YR 8/8,5YR,YR,8,8,0.13138,0.17371,0.21672,0.22443,0.21988,0.21708,0.2167,0.21706,0.21726,0.21863,0.21798,0.21636,0.2279,0.27916,0.33151,0.34278,0.36086,0.43722,0.56344,0.66354,0.71344,0.74202,0.75483,0.76001,0.76301,0.7661,0.76727,0.77019,0.77143,0.77096,0.77202,0.77266,0.7745,0.77571,0.77784,0.78133,0.78178,0.78153,0.78563,0.78868,0.78412
5YR 7/8,5YR,YR,7,8,0.10858,0.13158,0.15003,0.15116,0.14713,0.14563,0.14431,0.14344,0.14452,0.14774,0.1453,0.14282,0.15371,0.19066,0.22059,0.2255,0.24099,0.30711,0.42014,0.50577,0.54003,0.5543,0.55943,0.56186,0.56106,0.559,0.5576,0.55844,0.55574,0.55513,0.55512,0.55244,0.554,0.55243,0.55232,0.55329,0.55508,0.5514,0.55218,0.55012,0.55053
5YR 6/8,5YR,YR,6,8,0.0813,0.090633,0.0963,0.095944,0.093267,0.093322,0.091789,0.091378,0.093278,0.094122,0.0917,0.093344,0.10177,0.1226,0.13941,0.14178,0.15254,0.19994,0.29102,0.36311,0.39308,0.40333,0.40926,0.4089,0.40577,0.40526,0.40453,0.40094,0.39964,0.39947,0.39869,0.39572,0.39729,0.39597,0.39501,0.39796,0.39571,0.39421,0.39536,0.39658,0.39394
5YR 5/8,5YR,YR,5,8,0.0508,0.051578,0.051767,0.052878,0.054044,0.052933,0.054278,0.055756,0.055578,0.054511,0.056189,0.058267,0.063411,0.076856,0.0868,0.089711,0.097656,0.12651,0.18826,0.24837,0.27342,0.28562,0.28917,0.28826,0.28677,0.28673,0.28508,0.28327,0.28383,0.28372,0.28317,0.282,0.28423,0.28448,0.28488,0.28782,0.28933,0.28777,0.2892,0.29266,0.29083
5YR 7/10,5YR,YR,7,10,0.08154,0.096211,0.10926,0.10917,0.10707,0.10634,0.10604,0.1069,0.10908,0.10998,0.10947,0.11174,0.12138,0.1528,0.1867,0.19269,0.20984,0.28473,0.41007,0.51162,0.56263,0.58697,0.59954,0.60397,0.60708,0.6106,0.61076,0.61174,0.61414,0.61453,0.61506,0.61553,0.61862,0.62062,0.62083,0.62472,0.62786,0.62603,0.62656,0.62849,0.63084
5YR 6/10,5YR,YR,6,10,0.05816,0.062722,0.065311,0.062878,0.063367,0.062856,0.061956,0.062611,0.063411,0.063678,0.0651,0.064622,0.070144,0.091378,0.1101,0.1117,0.12503,0.18421,0.28988,0.37827,0.4187,0.43222,0.43593,0.43864,0.43909,0.43683,0.43929,0.43849,0.43827,0.43814,0.43917,0.43558,0.43833,0.44054,0.44138,0.44327,0.44464,0.44518,0.44596,0.44664,0.44483
5YR 7/12,5YR,YR,7,12,0.06878,0.072611,0.077544,0.077256,0.075478,0.075711,0.0767,0.075933,0.077278,0.078922,0.079022,0.081422,0.092144,0.12621,0.17136,0.18933,0.20576,0.26908,0.39458,0.51809,0.5912,0.63544,0.65776,0.66831,0.67457,0.67811,0.67987,0.68326,0.68614,0.68713,0.68727,0.68818,0.6922,0.69582,0.69953,0.70317,0.70479,0.70508,0.7078,0.70982,0.70873
5YR 6/12,5YR,YR,6,12,0.0531,0.051944,0.052267,0.052622,0.0532,0.051178,0.053289,0.054022,0.053878,0.054922,0.056922,0.056944,0.065111,0.084356,0.11151,0.12606,0.14196,0.1864,0.2789,0.36953,0.41911,0.44938,0.47139,0.47987,0.48668,0.49414,0.49853,0.50452,0.50971,0.51184,0.51814,0.52177,0.52821,0.5335,0.538,0.54367,0.54903,0.55299,0.55818,0.5606,0.56618
7.5YR 9/2,7.5YR,YR,9,2,0.15512,0.2372,0.40931,0.54009,0.56403,0.56109,0.55994,0.56084,0.56174,0.56327,0.55989,0.55523,0.56662,0.60938,0.6402,0.64213,0.65501,0.69852,0.74534,0.76747,0.77219,0.77423,0.77298,0.77431,0.77171,0.77129,0.77167,0.77094,0.7691,0.76661,0.77054,0.76872,0.77063,0.77104,0.77117,0.77273,0.77411,0.7719,0.77368,0.77363,0.77363
7.5YR 8/2,7.5YR,YR,8,2,0.14572,0.21611,0.33518,0.39947,0.40672,0.40863,0.41227,0.41366,0.41682,0.42127,0.41911,0.41886,0.42837,0.44696,0.46058,0.46762,0.47762,0.49689,0.51706,0.53611,0.54718,0.55359,0.55986,0.56229,0.5623,0.56457,0.56543,0.56692,0.56628,0.56786,0.56942,0.56839,0.56974,0.57211,0.57252,0.57383,0.57543,0.57657,0.5769,0.57734,0.57959
7.5YR 7/2,7.5YR,YR,7,2,0.13834,0.198,0.27829,0.30416,0.30247,0.2974,0.2944,0.2918,0.29207,0.29197,0.28922,0.28339,0.28933,0.31598,0.33043,0.32639,0.33413,0.3688,0.40171,0.41617,0.41874,0.41693,0.41479,0.41352,0.41087,0.40719,0.4051,0.40472,0.401,0.39734,0.3973,0.39263,0.39338,0.39299,0.39044,0.39038,0.3895,0.38711,0.3877,0.38464,0.38184
7.5YR 6/2,7.5YR,YR,6,2,0.11622,0.1587,0.19809,0.20624,0.20412,0.20119,0.19759,0.19689,0.19794,0.19821,0.19518,0.18977,0.19443,0.21332,0.22043,0.21553,0.22253,0.25118,0.27678,0.29107,0.29233,0.29011,0.29028,0.28874,0.28507,0.28266,0.28248,0.28057,0.27737,0.2754,0.27591,0.27083,0.27314,0.27263,0.27,0.27054,0.27072,0.26863,0.26893,0.26741,0.26542
7.5YR 5/2,7.5YR,YR,5,2,0.1003,0.1222,0.14288,0.14448,0.1409,0.13837,0.13719,0.13513,0.13691,0.13601,0.13271,0.13171,0.13498,0.14449,0.14947,0.148,0.15146,0.17438,0.19527,0.20578,0.20548,0.20674,0.20509,0.2007,0.20078,0.20013,0.19836,0.19631,0.19468,0.1936,0.19362,0.19067,0.19273,0.19324,0.19094,0.19203,0.19261,0.18894,0.19013,0.19009,0.19021
7.5YR 4/2,7.5YR,YR,4,2,0.07408,0.081767,0.084644,0.084044,0.081967,0.081067,0.0809,0.079233,0.079433,0.080356,0.078833,0.077189,0.079856,0.086411,0.087189,0.087078,0.093344,0.1098,0.12764,0.13548,0.13517,0.13339,0.13239,0.13186,0.12926,0.12811,0.12743,0.12652,0.12469,0.12473,0.12476,0.12338,0.12451,0.12441,0.1245,0.1251,0.12544,0.1264,0.12577,0.12581,0.12553
7.5YR 3/2,7.5YR,YR,3,2,0.04564,0.043033,0.043211,0.045933,0.045978,0.043233,0.0452,0.046933,0.044678,0.044967,0.045511,0.045211,0.0478,0.047089,0.046478,0.052144,0.0566,0.060978,0.058622,0.063456,0.073222,0.081111,0.081456,0.079711,0.077711,0.075822,0.074733,0.0736,0.071611,0.072233,0.071789,0.070911,0.072922,0.073433,0.075956,0.077289,0.077189,0.078822,0.079233,0.080389,0.080689
7.5YR 9/4,7.5YR,YR,9,4,0.13934,0.21128,0.34428,0.42077,0.42962,0.42828,0.42744,0.4288,0.43196,0.43438,0.43447,0.42981,0.44891,0.50773,0.56002,0.57337,0.59594,0.66602,0.74426,0.78733,0.79988,0.80352,0.80353,0.80458,0.80459,0.80517,0.80479,0.80623,0.80129,0.79622,0.80198,0.805,0.80654,0.80782,0.80881,0.81032,0.813,0.81027,0.81132,0.8116,0.81066
7.5YR 8/4,7.5YR,YR,8,4,0.13402,0.19238,0.28317,0.32109,0.32109,0.31802,0.31919,0.32033,0.3222,0.32418,0.32251,0.31808,0.33343,0.38088,0.41878,0.42857,0.44422,0.49356,0.55136,0.58644,0.59953,0.60871,0.612,0.61366,0.61424,0.61398,0.61282,0.61299,0.61263,0.61062,0.61393,0.60994,0.61194,0.61273,0.61102,0.6134,0.61502,0.61083,0.61293,0.61078,0.6087
7.5YR 7/4,7.5YR,YR,7,4,0.12621,0.16728,0.21551,0.2309,0.22609,0.22194,0.22023,0.21848,0.2182,0.22009,0.21734,0.21264,0.22392,0.25649,0.27888,0.27954,0.29138,0.33824,0.39593,0.42439,0.43039,0.4304,0.43144,0.42902,0.42579,0.4259,0.4233,0.42142,0.4182,0.41651,0.41669,0.41187,0.41287,0.41228,0.41112,0.40977,0.41184,0.40838,0.40699,0.40508,0.39932
7.5YR 6/4,7.5YR,YR,6,4,0.11546,0.14037,0.16201,0.16548,0.16208,0.15709,0.15651,0.15688,0.1561,0.1561,0.15658,0.15333,0.15977,0.18541,0.2025,0.20298,0.21101,0.248,0.29612,0.3223,0.32761,0.32882,0.32769,0.32563,0.32208,0.32309,0.32051,0.31646,0.31628,0.31533,0.31292,0.31104,0.31327,0.31208,0.309,0.31067,0.31013,0.30708,0.31022,0.30923,0.31088
7.5YR 5/4,7.5YR,YR,5,4,0.08534,0.092189,0.099856,0.10156,0.096778,0.095789,0.096522,0.095433,0.094356,0.096678,0.096,0.094356,0.099822,0.11399,0.12234,0.12287,0.12918,0.16039,0.20051,0.22274,0.22579,0.22621,0.22443,0.22268,0.22147,0.22034,0.21744,0.21631,0.21564,0.21511,0.21272,0.2113,0.2114,0.21192,0.2121,0.2113,0.21169,0.21001,0.21093,0.20997,0.20672
7.5YR 4/4,7.5YR,YR,4,4,0.0506,0.049611,0.050678,0.051778,0.049667,0.0514,0.053422,0.051489,0.051822,0.052656,0.052256,0.053356,0.0582,0.062444,0.0651,0.069789,0.076222,0.094533,0.12431,0.14811,0.15198,0.15099,0.14879,0.14562,0.14448,0.1427,0.13899,0.13799,0.13768,0.13452,0.13397,0.13168,0.13441,0.13409,0.13442,0.13433,0.13421,0.13432,0.13628,0.13376,0.13412
7.5YR 8/6,7.5YR,YR,8,6,0.13408,0.18356,0.24432,0.26308,0.26233,0.25803,0.25857,0.26153,0.26192,0.26464,0.26484,0.26156,0.27786,0.33203,0.38173,0.39488,0.41423,0.48451,0.57987,0.63422,0.65399,0.66234,0.66512,0.66708,0.66696,0.66631,0.66512,0.66534,0.66456,0.66488,0.66596,0.66338,0.66563,0.66628,0.66457,0.66716,0.66787,0.66464,0.66662,0.66736,0.66471
7.5YR 7/6,7.5YR,YR,7,6,0.11394,0.14393,0.1754,0.17843,0.17409,0.17109,0.17114,0.17061,0.17104,0.17243,0.17054,0.17008,0.18153,0.21987,0.25782,0.2655,0.27813,0.33828,0.42178,0.47057,0.48429,0.48848,0.48891,0.48839,0.48472,0.48397,0.48108,0.4798,0.47909,0.47704,0.4749,0.47173,0.47346,0.4708,0.46981,0.4712,0.4693,0.46618,0.46763,0.46499,0.46511
7.5YR 6/6,7.5YR,YR,6,6,0.09092,0.10646,0.11677,0.1149,0.11357,0.11338,0.11258,0.1118,0.11504,0.11541,0.11363,0.11318,0.12317,0.15183,0.17559,0.17944,0.19088,0.24021,0.31081,0.35604,0.3657,0.37053,0.37147,0.37071,0.3683,0.36768,0.36497,0.36434,0.36234,0.35942,0.36219,0.35734,0.35891,0.3598,0.35717,0.35829,0.35902,0.3579,0.3585,0.35649,0.35561
7.5YR 5/6,7.5YR,YR,5,6,0.061,0.066278,0.068989,0.068278,0.066511,0.067122,0.066467,0.067822,0.067578,0.067811,0.069211,0.070467,0.074767,0.092256,0.10724,0.10806,0.11709,0.15232,0.20672,0.24221,0.25116,0.25366,0.25343,0.25058,0.25012,0.24802,0.244,0.24364,0.24354,0.24042,0.23947,0.23656,0.2376,0.23871,0.23848,0.23831,0.23784,0.23783,0.2368,0.23398,0.23573
7.5YR 4/6,7.5YR,YR,4,6,0.04632,0.044233,0.041911,0.043889,0.043089,0.043411,0.044022,0.043878,0.044122,0.044822,0.045356,0.045,0.049967,0.058444,0.063589,0.0676,0.075067,0.095544,0.12363,0.14526,0.15622,0.1612,0.16401,0.16536,0.16429,0.16369,0.16427,0.16421,0.16338,0.16393,0.16587,0.16422,0.16754,0.16877,0.16941,0.17177,0.17237,0.1748,0.17468,0.17447,0.17646
7.5YR 8/8,7.5YR,YR,8,8,0.10758,0.14562,0.18887,0.19726,0.1933,0.1933,0.19437,0.19263,0.19589,0.19971,0.19998,0.19744,0.21274,0.26658,0.33549,0.36271,0.39407,0.49281,0.61262,0.68411,0.70938,0.71827,0.72324,0.72497,0.72598,0.7273,0.72721,0.72918,0.73123,0.73026,0.73069,0.7315,0.73492,0.7365,0.73907,0.74114,0.7435,0.74407,0.74612,0.74744,0.74439
7.5YR 7/8,7.5YR,YR,7,8,0.0989,0.11957,0.13469,0.1357,0.13417,0.13141,0.13337,0.13456,0.13427,0.13541,0.13599,0.13519,0.14784,0.19492,0.24596,0.26106,0.27923,0.34588,0.44738,0.51586,0.53881,0.5464,0.54982,0.54988,0.54883,0.54899,0.54711,0.54627,0.54681,0.54498,0.54386,0.54124,0.54336,0.5442,0.54324,0.54382,0.54616,0.5432,0.54578,0.54659,0.54419
7.5YR 6/8,7.5YR,YR,6,8,0.07316,0.078078,0.079311,0.079978,0.0784,0.0769,0.078367,0.079078,0.079267,0.080011,0.081222,0.080644,0.090978,0.12356,0.15696,0.16714,0.18364,0.23218,0.29427,0.34226,0.36411,0.37589,0.38234,0.38863,0.39027,0.39256,0.39508,0.39787,0.39743,0.39914,0.40242,0.40348,0.40806,0.41076,0.41403,0.41758,0.41937,0.41971,0.42393,0.425,0.42492
7.5YR 5/8,7.5YR,YR,5,8,0.04922,0.048989,0.047756,0.046889,0.048922,0.048,0.046244,0.047489,0.049567,0.048111,0.049656,0.051044,0.055911,0.071,0.086644,0.0898,0.10316,0.14449,0.20943,0.25813,0.27123,0.2734,0.27362,0.2753,0.27048,0.27,0.27122,0.2705,0.26801,0.2678,0.26943,0.26541,0.26918,0.27147,0.27054,0.27297,0.27274,0.2728,0.27468,0.27461,0.27466
7.5YR 8/10,7.5YR,YR,8,10,0.09354,0.1155,0.13577,0.14079,0.13833,0.13621,0.13884,0.13831,0.13944,0.14389,0.14492,0.14359,0.15683,0.21293,0.29003,0.33177,0.37189,0.47438,0.60977,0.69948,0.73266,0.74548,0.75056,0.75363,0.75527,0.75719,0.75813,0.76146,0.7617,0.75874,0.76091,0.76383,0.76711,0.76759,0.76928,0.77147,0.77458,0.7759,0.77599,0.77588,0.77983
7.5YR 7/10,7.5YR,YR,7,10,0.0703,0.079956,0.084611,0.087589,0.086056,0.085044,0.085867,0.087078,0.087611,0.089778,0.090811,0.090911,0.10288,0.14486,0.19822,0.2257,0.25303,0.32738,0.42944,0.50501,0.53733,0.55091,0.56004,0.5657,0.5664,0.56678,0.56778,0.57016,0.56913,0.57056,0.57228,0.56996,0.5761,0.57711,0.57832,0.58132,0.5853,0.58518,0.58767,0.58884,0.58237
7.5YR 6/10,7.5YR,YR,6,10,0.04652,0.047467,0.050178,0.048867,0.049244,0.050933,0.052211,0.049856,0.052567,0.053356,0.053856,0.056178,0.064778,0.090744,0.1275,0.14362,0.16129,0.21507,0.29688,0.35706,0.38747,0.40107,0.40689,0.41206,0.41513,0.41508,0.41666,0.41843,0.42004,0.4208,0.42229,0.42254,0.42598,0.4283,0.43218,0.43501,0.43652,0.43796,0.43913,0.44098,0.44232
7.5YR 7/12,7.5YR,YR,7,12,0.05678,0.057867,0.057667,0.0579,0.058067,0.056567,0.057156,0.057311,0.057689,0.059667,0.0602,0.061167,0.069822,0.10627,0.16823,0.21041,0.24546,0.32953,0.4417,0.52362,0.55913,0.57612,0.58621,0.592,0.59327,0.59626,0.60046,0.60344,0.60471,0.60661,0.61061,0.609,0.61451,0.61792,0.61913,0.62312,0.62803,0.62562,0.62987,0.63011,0.63279
10YR 9/1,10YR,YR,9,1,0.14308,0.22096,0.39953,0.55453,0.58842,0.59212,0.59464,0.5927,0.5984,0.59937,0.59771,0.5939,0.60229,0.62958,0.64836,0.64848,0.65382,0.67447,0.69218,0.69867,0.70067,0.6998,0.69929,0.69972,0.69792,0.69861,0.69758,0.69771,0.69712,0.6964,0.6959,0.69474,0.69422,0.6946,0.69511,0.696,0.69831,0.69433,0.69551,0.69481,0.69559
10YR 8/1,10YR,YR,8,1,0.14134,0.2171,0.36128,0.44906,0.4624,0.45954,0.45856,0.45638,0.45654,0.45682,0.45361,0.44944,0.45568,0.4826,0.49661,0.49386,0.49983,0.52039,0.53611,0.54232,0.54176,0.53954,0.53841,0.53767,0.53463,0.53259,0.53129,0.52953,0.52678,0.52562,0.52434,0.52032,0.52106,0.5226,0.52037,0.51761,0.52048,0.51824,0.51481,0.51672,0.51263
10YR 7/1,10YR,YR,7,1,0.13692,0.19737,0.29168,0.33297,0.3325,0.32891,0.32711,0.32439,0.32436,0.3261,0.32233,0.31671,0.3233,0.34313,0.35211,0.35053,0.35443,0.37222,0.38674,0.39207,0.39109,0.38999,0.38694,0.38562,0.38261,0.37933,0.37821,0.37667,0.37341,0.37151,0.37207,0.36744,0.36861,0.36747,0.3641,0.36594,0.36392,0.36181,0.3613,0.36003,0.35643
10YR 6/1,10YR,YR,6,1,0.12448,0.16864,0.22207,0.23339,0.2313,0.23019,0.22804,0.22416,0.22492,0.22563,0.22168,0.2193,0.22399,0.23858,0.24688,0.24582,0.24858,0.26384,0.27491,0.28027,0.27794,0.27604,0.27469,0.27349,0.27107,0.26924,0.2672,0.26453,0.26402,0.26026,0.25973,0.25707,0.25841,0.25806,0.25846,0.25652,0.2559,0.25584,0.25513,0.25244,0.25229
10YR 5/1,10YR,YR,5,1,0.1055,0.12698,0.14154,0.14588,0.14716,0.14646,0.14719,0.14986,0.15201,0.15607,0.15928,0.16001,0.16349,0.16479,0.16262,0.16201,0.16494,0.16936,0.17471,0.18661,0.19049,0.19041,0.18993,0.19008,0.1871,0.18506,0.18618,0.18293,0.17954,0.17907,0.17982,0.17594,0.17789,0.17868,0.1771,0.17751,0.18023,0.1781,0.17704,0.17808,0.1775
10YR 4/1,10YR,YR,4,1,0.08198,0.091444,0.096889,0.095456,0.096156,0.094544,0.092,0.092078,0.092367,0.091256,0.090044,0.089444,0.0916,0.097222,0.099711,0.099111,0.10332,0.1121,0.11853,0.12194,0.12141,0.12041,0.12038,0.11823,0.11733,0.11671,0.11564,0.1155,0.1145,0.11239,0.11503,0.11204,0.11441,0.11513,0.11418,0.11551,0.11756,0.11658,0.11634,0.11828,0.11738
10YR 3/1,10YR,YR,3,1,0.054,0.053322,0.053756,0.055033,0.056533,0.051944,0.053556,0.050978,0.051956,0.0526,0.052,0.053011,0.055978,0.057656,0.058922,0.059422,0.058644,0.061889,0.064933,0.069633,0.072889,0.072089,0.069711,0.0704,0.069589,0.068422,0.068389,0.068256,0.067233,0.066978,0.066922,0.066222,0.0681,0.068544,0.070722,0.071411,0.070978,0.073533,0.073856,0.073767,0.0738
10YR 2.5/1,10YR,YR,2.5,1,0.04026,0.039667,0.036967,0.038356,0.038522,0.037678,0.038189,0.038011,0.036889,0.038822,0.0379,0.036522,0.039311,0.040789,0.039733,0.041389,0.042511,0.044156,0.044433,0.049822,0.052011,0.051711,0.049944,0.051133,0.0497,0.048411,0.049278,0.050122,0.048489,0.047911,0.050256,0.0468,0.0506,0.0522,0.052222,0.053311,0.055544,0.0555,0.055911,0.057122,0.056856
10YR 9/2,10YR,YR,9,2,0.14752,0.23149,0.3913,0.4933,0.50954,0.50984,0.51293,0.51479,0.51809,0.51938,0.51919,0.51652,0.53046,0.58061,0.62429,0.63251,0.64281,0.68078,0.71363,0.72528,0.72822,0.73048,0.72869,0.73041,0.73128,0.73499,0.73463,0.73574,0.73609,0.73476,0.73766,0.73214,0.73261,0.73442,0.73578,0.73754,0.73819,0.73709,0.74013,0.74141,0.74029
10YR 8/2,10YR,YR,8,2,0.13008,0.20139,0.32474,0.38779,0.39471,0.39338,0.39213,0.39117,0.39241,0.39479,0.39109,0.38684,0.39917,0.43787,0.46746,0.47266,0.48088,0.51129,0.53476,0.54631,0.54902,0.54774,0.54574,0.5457,0.5426,0.54052,0.53908,0.53831,0.53587,0.53464,0.53337,0.53146,0.53281,0.53097,0.53052,0.53053,0.52882,0.5279,0.52829,0.52386,0.52343
10YR 7/2,10YR,YR,7,2,0.13264,0.18739,0.26213,0.28756,0.28671,0.28219,0.28182,0.28028,0.27987,0.28217,0.27894,0.27369,0.28397,0.31488,0.33699,0.34056,0.34802,0.37114,0.39244,0.40321,0.40368,0.40234,0.39928,0.39968,0.39603,0.39463,0.3932,0.39111,0.38856,0.38737,0.38686,0.38176,0.38424,0.38411,0.37921,0.38401,0.38496,0.38372,0.38378,0.38268,0.3795
10YR 6/2,10YR,YR,6,2,0.12314,0.15798,0.1973,0.20561,0.20208,0.19896,0.19873,0.19814,0.19612,0.19753,0.19769,0.19146,0.19896,0.22429,0.24139,0.24189,0.24861,0.27021,0.2878,0.29711,0.29873,0.29722,0.29381,0.2935,0.29156,0.28884,0.2871,0.28664,0.28432,0.28111,0.28184,0.27714,0.27928,0.27699,0.27674,0.2773,0.27644,0.27513,0.27561,0.27396,0.27371
10YR 5/2,10YR,YR,5,2,0.09926,0.11564,0.1305,0.13139,0.12767,0.12648,0.12653,0.12391,0.1233,0.12582,0.12422,0.12043,0.12654,0.14133,0.1517,0.15148,0.15623,0.17456,0.19106,0.19959,0.20012,0.1996,0.19602,0.19597,0.1954,0.19098,0.19069,0.19017,0.18773,0.1856,0.18659,0.18272,0.18416,0.18433,0.18628,0.18467,0.18412,0.18414,0.18454,0.18352,0.18284
10YR 4/2,10YR,YR,4,2,0.06992,0.077178,0.079622,0.077578,0.077089,0.077211,0.0753,0.075478,0.075256,0.075189,0.075611,0.073967,0.077644,0.087544,0.092167,0.091844,0.097433,0.11338,0.1248,0.13177,0.13213,0.13072,0.12848,0.12743,0.12786,0.12529,0.12268,0.12443,0.12281,0.12007,0.12227,0.11944,0.12219,0.12409,0.12378,0.124,0.12566,0.12438,0.12504,0.12612,0.12453
10YR 3/2,10YR,YR,3,2,0.04156,0.042022,0.042144,0.040833,0.042,0.0413,0.040489,0.041767,0.041522,0.041156,0.042167,0.042011,0.044133,0.048544,0.052844,0.052644,0.053578,0.058889,0.061544,0.071422,0.0748,0.076644,0.074767,0.074967,0.0734,0.071844,0.073089,0.070844,0.0696,0.070044,0.070978,0.067078,0.071789,0.071322,0.071278,0.074678,0.074756,0.074589,0.075689,0.076778,0.075667
10YR 9/4,10YR,YR,9,4,0.14788,0.21674,0.34351,0.4094,0.41252,0.4108,0.4108,0.41049,0.41223,0.41379,0.41238,0.4128,0.43238,0.50327,0.59323,0.63959,0.663,0.71369,0.76661,0.79239,0.8006,0.80477,0.80341,0.80304,0.80404,0.80511,0.80368,0.80513,0.80326,0.79821,0.80337,0.80481,0.80559,0.80646,0.8077,0.81068,0.81066,0.81032,0.81093,0.8125,0.81046
10YR 8/4,10YR,YR,8,4,0.12962,0.1887,0.275,0.30836,0.31002,0.30552,0.30421,0.30561,0.30756,0.30699,0.30622,0.30461,0.32042,0.37821,0.43708,0.45663,0.47366,0.51916,0.56737,0.5904,0.59347,0.5949,0.59507,0.59252,0.59048,0.59062,0.58886,0.58659,0.58594,0.58443,0.58316,0.58053,0.58281,0.57971,0.57736,0.57942,0.58052,0.57523,0.57632,0.57668,0.57569
10YR 7/4,10YR,YR,7,4,0.12476,0.16748,0.21131,0.2205,0.21847,0.21499,0.21461,0.21463,0.21467,0.21496,0.2158,0.21312,0.22443,0.27019,0.31853,0.3311,0.34463,0.3845,0.424,0.44177,0.44307,0.44378,0.44154,0.44039,0.43837,0.43657,0.43301,0.43169,0.43198,0.42741,0.42712,0.42369,0.42391,0.42263,0.4227,0.42142,0.41944,0.41808,0.41894,0.4173,0.41483
10YR 6/4,10YR,YR,6,4,0.10328,0.12443,0.14281,0.14614,0.14244,0.14093,0.14246,0.14162,0.14259,0.14361,0.14296,0.14034,0.15036,0.18153,0.20747,0.21254,0.22241,0.25307,0.28976,0.30806,0.31022,0.31018,0.30963,0.30834,0.30493,0.30461,0.3036,0.30021,0.29908,0.29867,0.29707,0.2927,0.29607,0.29513,0.29422,0.29622,0.29567,0.29257,0.29193,0.29198,0.28994
10YR 5/4,10YR,YR,5,4,0.07756,0.086389,0.090556,0.088222,0.088167,0.087933,0.085689,0.085633,0.087044,0.087811,0.086633,0.0877,0.094367,0.11552,0.13437,0.13803,0.14512,0.17176,0.19918,0.21574,0.21652,0.21491,0.21461,0.21397,0.2102,0.20964,0.20858,0.20627,0.20532,0.2041,0.20324,0.20118,0.2033,0.20331,0.20284,0.20361,0.20357,0.20521,0.2039,0.20201,0.20313
10YR 4/4,10YR,YR,4,4,0.04844,0.0497,0.051289,0.048778,0.049611,0.052267,0.050144,0.0502,0.052033,0.052322,0.050944,0.054422,0.059478,0.069467,0.079444,0.083089,0.088411,0.10977,0.13313,0.15003,0.14948,0.14826,0.14722,0.14482,0.14436,0.14233,0.14006,0.14012,0.13923,0.13654,0.13806,0.13554,0.14029,0.13943,0.1383,0.1403,0.14037,0.13827,0.14397,0.14186,0.14089
10YR 8/6,10YR,YR,8,6,0.12912,0.17116,0.22608,0.24164,0.23849,0.2367,0.23799,0.2376,0.24048,0.24208,0.2407,0.23968,0.25811,0.32227,0.4028,0.43972,0.46278,0.52126,0.59292,0.63074,0.63961,0.63907,0.64009,0.6403,0.63786,0.63803,0.63737,0.63482,0.63551,0.63476,0.63422,0.6299,0.63179,0.63196,0.63134,0.63151,0.63263,0.6329,0.63403,0.63218,0.63324
10YR 7/6,10YR,YR,7,6,0.1085,0.13638,0.15877,0.16099,0.15974,0.15846,0.15764,0.16011,0.16083,0.16101,0.16214,0.16138,0.17448,0.22601,0.28308,0.30347,0.32227,0.37583,0.43854,0.47121,0.47843,0.48183,0.4806,0.47839,0.4777,0.47582,0.4732,0.47437,0.47194,0.46834,0.46881,0.46634,0.46637,0.46718,0.46602,0.46536,0.46523,0.46518,0.46244,0.46183,0.4611
10YR 6/6,10YR,YR,6,6,0.08644,0.0956,0.10136,0.10178,0.10213,0.099856,0.099956,0.10217,0.10282,0.10188,0.10361,0.10353,0.1131,0.14999,0.1878,0.19871,0.213,0.25378,0.3047,0.3331,0.33882,0.3408,0.33984,0.33793,0.33704,0.33519,0.33404,0.33212,0.33009,0.32931,0.3302,0.32607,0.32714,0.32572,0.32689,0.32699,0.326,0.32517,0.32394,0.32276,0.32423
10YR 5/6,10YR,YR,5,6,0.05296,0.056189,0.057022,0.055644,0.056378,0.0568,0.055067,0.057667,0.0578,0.056644,0.059256,0.061278,0.067156,0.090089,0.11572,0.123,0.13248,0.16672,0.20922,0.2333,0.23828,0.23827,0.23708,0.23583,0.23297,0.23227,0.231,0.22766,0.22766,0.22679,0.22506,0.22393,0.22621,0.22464,0.22549,0.2261,0.22503,0.22484,0.22651,0.22554,0.22419
10YR 8/8,10YR,YR,8,8,0.11184,0.14264,0.16932,0.17451,0.17016,0.16806,0.1702,0.16963,0.16996,0.1721,0.17354,0.1728,0.18987,0.2544,0.35287,0.41583,0.45374,0.52121,0.6055,0.65653,0.67088,0.67808,0.681,0.68137,0.68234,0.68124,0.68123,0.68184,0.683,0.68031,0.68334,0.67959,0.68377,0.68348,0.68587,0.68723,0.68643,0.68653,0.69161,0.68997,0.69312
10YR 7/8,10YR,YR,7,8,0.08822,0.10083,0.1133,0.11317,0.10939,0.1108,0.11048,0.10974,0.11226,0.11233,0.11362,0.11493,0.12768,0.17453,0.24578,0.28272,0.30607,0.36484,0.43596,0.47417,0.48434,0.4885,0.48798,0.48714,0.48752,0.48532,0.48338,0.4844,0.48329,0.47929,0.48141,0.4784,0.48032,0.48104,0.48052,0.48146,0.48149,0.48201,0.48163,0.4821,0.4788
10YR 6/8,10YR,YR,6,8,0.0623,0.065633,0.066944,0.064578,0.066933,0.066689,0.064344,0.066611,0.066844,0.067411,0.069067,0.071078,0.080067,0.11583,0.16443,0.18646,0.2043,0.25198,0.31014,0.34722,0.35382,0.35882,0.35911,0.35586,0.35597,0.354,0.35088,0.35186,0.34998,0.34632,0.34841,0.34593,0.34673,0.34768,0.34774,0.3485,0.34931,0.34948,0.3482,0.34887,0.35041
10YR 5/8,10YR,YR,5,8,0.04444,0.044489,0.045678,0.044944,0.045111,0.046522,0.046944,0.046011,0.048222,0.0478,0.047633,0.051456,0.059356,0.083256,0.11832,0.13442,0.1448,0.17173,0.20289,0.22801,0.24216,0.25069,0.25477,0.25803,0.25892,0.25962,0.26093,0.26151,0.26101,0.26331,0.26563,0.26381,0.26897,0.2704,0.27093,0.27467,0.27763,0.27644,0.27808,0.28081,0.27993
10YR 8/10,10YR,YR,8,10,0.08516,0.10291,0.11836,0.11797,0.11692,0.11779,0.11954,0.11909,0.12186,0.12367,0.12423,0.1279,0.14233,0.19912,0.30254,0.3832,0.43757,0.52381,0.61047,0.66549,0.68787,0.69569,0.70141,0.7058,0.70473,0.70846,0.70957,0.7096,0.71068,0.7089,0.71241,0.71169,0.71713,0.71653,0.71926,0.72292,0.72332,0.72657,0.72564,0.72679,0.72671
10YR 7/10,10YR,YR,7,10,0.07024,0.074133,0.0775,0.076444,0.077067,0.076656,0.075078,0.076744,0.079022,0.077722,0.078678,0.082322,0.092844,0.13713,0.21834,0.27344,0.30912,0.37373,0.45652,0.50222,0.51638,0.52269,0.5228,0.52314,0.52251,0.52187,0.52202,0.52192,0.52078,0.52116,0.52159,0.51954,0.522,0.52373,0.52386,0.52453,0.52726,0.52786,0.52876,0.53049,0.53099
10YR 6/10,10YR,YR,6,10,0.04592,0.043978,0.044511,0.045289,0.0434,0.044789,0.045489,0.043978,0.0456,0.048367,0.046867,0.049133,0.058244,0.085422,0.14,0.18268,0.20973,0.25728,0.30673,0.34354,0.35716,0.36796,0.37412,0.37571,0.377,0.37872,0.37906,0.37978,0.38016,0.38076,0.3827,0.37981,0.38426,0.38784,0.38853,0.39004,0.39264,0.39382,0.39284,0.39378,0.39604
10YR 7/12,10YR,YR,7,12,0.04532,0.046267,0.047433,0.046633,0.047389,0.049989,0.047444,0.048167,0.050133,0.049733,0.051611,0.055022,0.063656,0.1006,0.18226,0.26346,0.32296,0.39496,0.46308,0.50656,0.5289,0.54208,0.54919,0.5544,0.55846,0.56023,0.56281,0.56711,0.56776,0.56869,0.57199,0.57096,0.57674,0.58023,0.58239,0.58757,0.58842,0.58997,0.59422,0.59741,0.59521
2.5Y 9/2,2.5Y,Y,9,2,0.14444,0.22193,0.38859,0.50567,0.52521,0.5253,0.52911,0.52936,0.53119,0.53308,0.53032,0.529,0.54773,0.60397,0.6639,0.68673,0.69692,0.71636,0.73242,0.73862,0.73831,0.73954,0.7384,0.7382,0.73551,0.73617,0.73502,0.73598,0.73413,0.73362,0.73383,0.73254,0.73459,0.73468,0.73507,0.73803,0.73863,0.73561,0.73848,0.73879,0.74057
2.5Y 8.5/2,2.5Y,Y,8.5,2,0.14098,0.21538,0.35169,0.43352,0.44393,0.44121,0.44156,0.4429,0.44572,0.44657,0.44522,0.44364,0.45941,0.50919,0.55473,0.57088,0.57923,0.5989,0.6123,0.61986,0.61862,0.61692,0.61724,0.61544,0.61263,0.61129,0.61108,0.60897,0.60781,0.60713,0.60501,0.60338,0.60427,0.60191,0.60012,0.60154,0.60158,0.60027,0.5988,0.59767,0.59662
2.5Y 8/2,2.5Y,Y,8,2,0.15208,0.22074,0.33748,0.39208,0.39513,0.39241,0.39091,0.39142,0.39156,0.39028,0.38906,0.38916,0.40177,0.45047,0.50064,0.51613,0.52324,0.53906,0.54964,0.5539,0.55333,0.55242,0.54869,0.54563,0.54429,0.54092,0.53876,0.53647,0.53362,0.53237,0.5298,0.52674,0.52687,0.52571,0.52257,0.52351,0.52333,0.51972,0.51873,0.5189,0.5154
2.5Y 7/2,2.5Y,Y,7,2,0.1311,0.18613,0.25279,0.27257,0.27277,0.26991,0.27163,0.27239,0.27517,0.27464,0.27514,0.27149,0.28266,0.32234,0.35434,0.35838,0.36484,0.38758,0.40098,0.4066,0.40473,0.40367,0.40116,0.39954,0.3976,0.39531,0.39254,0.39286,0.39019,0.38832,0.38703,0.38422,0.38523,0.3837,0.38312,0.38238,0.38171,0.37948,0.38079,0.37796,0.37562
2.5Y 6/2,2.5Y,Y,6,2,0.1198,0.15429,0.1874,0.19468,0.19264,0.1888,0.18774,0.18708,0.18842,0.18691,0.18591,0.1847,0.19194,0.21757,0.24048,0.24497,0.24994,0.26596,0.27857,0.28462,0.28168,0.28156,0.27963,0.2777,0.27648,0.27466,0.27218,0.27082,0.26858,0.26683,0.26638,0.26291,0.26277,0.26241,0.2617,0.26141,0.26236,0.26088,0.25842,0.25899,0.25817
2.5Y 5/2,2.5Y,Y,5,2,0.09786,0.11503,0.13112,0.13181,0.12889,0.12762,0.12661,0.12562,0.12592,0.12558,0.12387,0.12428,0.13017,0.14673,0.16096,0.16393,0.16716,0.18084,0.1921,0.19644,0.19476,0.1948,0.19336,0.1909,0.18957,0.18928,0.18647,0.18512,0.1849,0.18293,0.18223,0.17968,0.18169,0.18103,0.18152,0.18112,0.18188,0.18097,0.17982,0.1813,0.18088
2.5Y 4/2,2.5Y,Y,4,2,0.06778,0.070967,0.074456,0.073567,0.072867,0.073133,0.071622,0.071133,0.072078,0.0717,0.070722,0.072567,0.077744,0.087989,0.098878,0.10242,0.10354,0.10809,0.11139,0.1195,0.12306,0.12237,0.12236,0.12173,0.1192,0.11817,0.11937,0.11747,0.11518,0.11597,0.11676,0.1129,0.11618,0.11741,0.11572,0.11824,0.11956,0.11783,0.12003,0.11996,0.11917
2.5Y 3/2,2.5Y,Y,3,2,0.0415,0.043422,0.041533,0.040811,0.041722,0.042256,0.041444,0.041378,0.042289,0.042544,0.0428,0.042256,0.045733,0.053556,0.057789,0.059289,0.061611,0.064522,0.0677,0.075833,0.077578,0.077222,0.076344,0.076778,0.074211,0.073811,0.074522,0.073189,0.072522,0.072178,0.073656,0.072356,0.073433,0.0753,0.076044,0.076156,0.077456,0.079656,0.079256,0.080267,0.080756
2.5Y 9/4,2.5Y,Y,9,4,0.14832,0.22082,0.34368,0.40824,0.41408,0.40979,0.41124,0.41267,0.41358,0.4133,0.41299,0.4116,0.43254,0.5104,0.61871,0.69177,0.72507,0.75193,0.76938,0.77757,0.77951,0.78031,0.77764,0.7782,0.77646,0.77703,0.7773,0.77533,0.7748,0.77362,0.77531,0.77419,0.7755,0.77589,0.77754,0.77928,0.77949,0.77877,0.78022,0.78114,0.78274
2.5Y 8.5/4,2.5Y,Y,8.5,4,0.13722,0.19781,0.2945,0.33642,0.33879,0.33554,0.33752,0.33826,0.34,0.34189,0.34008,0.33978,0.36099,0.4328,0.52263,0.56969,0.58937,0.62046,0.64661,0.65594,0.65723,0.6575,0.65607,0.6545,0.6528,0.65263,0.64997,0.64959,0.64896,0.64782,0.64671,0.64378,0.64647,0.64613,0.64378,0.64598,0.646,0.64329,0.64506,0.64587,0.64228
2.5Y 8/4,2.5Y,Y,8,4,0.13,0.18656,0.26339,0.2903,0.29053,0.29051,0.28929,0.29056,0.29441,0.29359,0.29263,0.29222,0.30991,0.37638,0.45411,0.48799,0.50726,0.53688,0.56053,0.57017,0.57154,0.57086,0.56849,0.56726,0.56534,0.56316,0.56158,0.55979,0.55838,0.55821,0.55682,0.55382,0.55434,0.55237,0.55104,0.55132,0.55032,0.54773,0.54884,0.54674,0.54661
2.5Y 7/4,2.5Y,Y,7,4,0.12332,0.16171,0.1989,0.20634,0.20311,0.20111,0.201,0.20233,0.20123,0.2016,0.20236,0.20006,0.21296,0.26332,0.32149,0.34256,0.35674,0.38648,0.41153,0.4225,0.4228,0.42071,0.42026,0.41659,0.41462,0.4132,0.40893,0.40754,0.40709,0.40369,0.40213,0.39956,0.39877,0.39759,0.39726,0.39643,0.39496,0.39402,0.39371,0.39154,0.39198
2.5Y 6/4,2.5Y,Y,6,4,0.10102,0.12058,0.13519,0.1368,0.13576,0.13424,0.13258,0.13411,0.13512,0.13502,0.1348,0.13581,0.14547,0.18369,0.22624,0.24129,0.25258,0.27602,0.29638,0.30477,0.30758,0.3063,0.30407,0.30211,0.30092,0.29869,0.29702,0.2951,0.29194,0.29283,0.29099,0.28789,0.2893,0.28872,0.28791,0.28809,0.28887,0.28512,0.28596,0.28479,0.28383
2.5Y 5/4,2.5Y,Y,5,4,0.06854,0.076633,0.081589,0.081144,0.080756,0.080111,0.080511,0.081933,0.081322,0.081422,0.082344,0.083244,0.090133,0.11764,0.14608,0.15151,0.15917,0.17958,0.19796,0.20709,0.2074,0.20771,0.20626,0.20298,0.20338,0.20256,0.20009,0.19977,0.19899,0.19753,0.19788,0.19577,0.19651,0.19739,0.19784,0.19784,0.19831,0.19789,0.19763,0.1979,0.1976
2.5Y 4/4,2.5Y,Y,4,4,0.0413,0.041156,0.042267,0.042,0.0411,0.042156,0.041367,0.042267,0.044589,0.043089,0.044478,0.045567,0.050711,0.064533,0.088989,0.098967,0.10072,0.10861,0.11667,0.12897,0.13533,0.13666,0.13398,0.13437,0.13331,0.13221,0.13213,0.13192,0.1282,0.12881,0.12831,0.12597,0.12918,0.12791,0.12998,0.13199,0.13046,0.1312,0.13233,0.13193,0.13163
2.5Y 9/6,2.5Y,Y,9,6,0.12704,0.18363,0.26478,0.29496,0.29412,0.29212,0.2942,0.29872,0.30016,0.30201,0.30397,0.30537,0.327,0.40749,0.53399,0.63708,0.70063,0.74596,0.7731,0.78448,0.78964,0.79134,0.79024,0.79087,0.79107,0.79184,0.79156,0.79408,0.78831,0.78342,0.7886,0.79199,0.79384,0.79622,0.79643,0.79947,0.8011,0.80043,0.8023,0.80109,0.80381
2.5Y 8.5/6,2.5Y,Y,8.5,6,0.12976,0.17956,0.239,0.25934,0.25798,0.25452,0.25551,0.2577,0.25828,0.26,0.26019,0.25873,0.27929,0.35352,0.47307,0.5636,0.60937,0.64993,0.68007,0.69529,0.69569,0.69788,0.69864,0.69598,0.69656,0.696,0.69409,0.69648,0.69704,0.69596,0.69427,0.69421,0.69578,0.69477,0.69553,0.69886,0.69792,0.69738,0.69768,0.69886,0.69648
2.5Y 8/6,2.5Y,Y,8,6,0.11088,0.14786,0.18956,0.19877,0.19534,0.1958,0.19643,0.19729,0.19919,0.19917,0.20063,0.20191,0.21768,0.28504,0.39154,0.45964,0.49454,0.53261,0.55976,0.57279,0.57513,0.57307,0.57231,0.5728,0.56929,0.56912,0.56777,0.56533,0.56719,0.56549,0.56337,0.56052,0.56419,0.56264,0.56219,0.56348,0.56263,0.55999,0.56257,0.56019,0.56063
2.5Y 7/6,2.5Y,Y,7,6,0.105,0.12507,0.14484,0.14708,0.14336,0.14272,0.14232,0.14236,0.14501,0.14554,0.14493,0.1478,0.16093,0.21428,0.28979,0.3307,0.35091,0.38953,0.4251,0.43962,0.44068,0.44092,0.44169,0.43647,0.43548,0.4346,0.43137,0.42983,0.42751,0.42661,0.42561,0.42268,0.42414,0.42099,0.42064,0.4222,0.41942,0.4181,0.41829,0.41742,0.41449
2.5Y 6/6,2.5Y,Y,6,6,0.07802,0.088211,0.090356,0.090789,0.090167,0.089222,0.0892,0.089244,0.089622,0.092278,0.093444,0.092256,0.10507,0.14603,0.20184,0.23116,0.24798,0.27828,0.30717,0.32296,0.32439,0.32236,0.32214,0.32112,0.31697,0.31613,0.31594,0.31323,0.31162,0.31018,0.31103,0.30727,0.30927,0.30912,0.3087,0.30797,0.31019,0.30777,0.3068,0.30721,0.30708
2.5Y 5/6,2.5Y,Y,5,6,0.05298,0.0533,0.054556,0.053678,0.054367,0.0542,0.055,0.056044,0.055411,0.055422,0.057422,0.059733,0.065856,0.094967,0.13199,0.14686,0.15817,0.186,0.21284,0.22578,0.22656,0.22641,0.22446,0.22234,0.22266,0.22068,0.21773,0.21763,0.21857,0.21663,0.21552,0.21379,0.21523,0.21629,0.21647,0.21812,0.2178,0.21791,0.21924,0.21917,0.21734
2.5Y 8.5/8,2.5Y,Y,8.5,8,0.11892,0.1516,0.18393,0.19236,0.18782,0.18577,0.18813,0.18884,0.18914,0.19117,0.19177,0.19212,0.20943,0.28242,0.41578,0.54141,0.61714,0.6679,0.69506,0.70868,0.7118,0.71347,0.71658,0.71691,0.71818,0.71882,0.71747,0.72039,0.72064,0.71726,0.72006,0.72028,0.72416,0.72464,0.72687,0.73097,0.73423,0.73452,0.73528,0.73624,0.73553
2.5Y 8/8,2.5Y,Y,8,8,0.10538,0.13303,0.15731,0.16002,0.15821,0.15823,0.15748,0.15813,0.16062,0.16171,0.16081,0.16274,0.1809,0.24997,0.36931,0.46778,0.52228,0.57134,0.60736,0.62369,0.62496,0.62673,0.62621,0.62688,0.62529,0.6248,0.62396,0.62399,0.62237,0.62273,0.6237,0.62092,0.62167,0.62323,0.62231,0.62449,0.62484,0.62331,0.6253,0.62561,0.62409
2.5Y 7/8,2.5Y,Y,7,8,0.08044,0.089478,0.095633,0.096822,0.096811,0.095078,0.096633,0.098144,0.098744,0.099389,0.10032,0.10021,0.11626,0.16897,0.26051,0.32549,0.35759,0.39907,0.43899,0.45903,0.46009,0.46067,0.46099,0.45826,0.45644,0.45689,0.45506,0.45414,0.45377,0.45124,0.45241,0.44934,0.4515,0.45074,0.4508,0.45304,0.45273,0.45362,0.45073,0.45108,0.45263
2.5Y 6/8,2.5Y,Y,6,8,0.05364,0.0569,0.058922,0.059,0.060478,0.059444,0.058367,0.0611,0.062311,0.060867,0.063033,0.067033,0.075522,0.11273,0.17574,0.21504,0.24104,0.2847,0.32209,0.33667,0.34179,0.34147,0.33858,0.33723,0.33612,0.33364,0.33328,0.33169,0.33039,0.33032,0.32994,0.32809,0.32928,0.3281,0.32917,0.32992,0.32891,0.32897,0.32871,0.32849,0.32884
2.5Y 8.5/10,2.5Y,Y,8.5,10,0.09592,0.11943,0.13763,0.1405,0.14129,0.1406,0.14119,0.14506,0.14733,0.14779,0.15079,0.15227,0.17209,0.24534,0.38569,0.53709,0.65067,0.71047,0.73317,0.74583,0.7497,0.75102,0.75371,0.75418,0.75336,0.75784,0.75884,0.75951,0.75954,0.7581,0.76219,0.76206,0.7686,0.76967,0.76789,0.77239,0.77364,0.77544,0.77811,0.77742,0.77477
2.5Y 8/10,2.5Y,Y,8,10,0.07946,0.093967,0.10428,0.10528,0.10642,0.10431,0.10606,0.10953,0.11039,0.11049,0.11394,0.11694,0.13151,0.19498,0.32097,0.4569,0.55243,0.60207,0.62463,0.64212,0.65381,0.66132,0.66318,0.6669,0.66837,0.66909,0.6728,0.67311,0.67398,0.67392,0.67669,0.6766,0.68143,0.68241,0.6838,0.68741,0.68968,0.68838,0.69208,0.6925,0.69563
2.5Y 7/10,2.5Y,Y,7,10,0.06458,0.066444,0.068022,0.067889,0.067922,0.067378,0.069278,0.069444,0.069067,0.071856,0.072722,0.073033,0.086633,0.13796,0.23684,0.32921,0.38412,0.43067,0.46721,0.48344,0.48574,0.48528,0.48608,0.48414,0.48411,0.48301,0.48113,0.48178,0.48183,0.47933,0.4809,0.47926,0.48148,0.48208,0.48341,0.48462,0.48422,0.4848,0.48652,0.48651,0.48841
2.5Y 8/12,2.5Y,Y,8,12,0.06122,0.062578,0.061989,0.064167,0.064833,0.065367,0.067533,0.070467,0.075644,0.082633,0.088956,0.095956,0.11677,0.17631,0.29489,0.43334,0.53588,0.59233,0.62207,0.64408,0.65539,0.66507,0.67188,0.6752,0.67821,0.68446,0.68692,0.69211,0.69348,0.69453,0.69986,0.69934,0.70278,0.70726,0.71052,0.71322,0.71782,0.72094,0.72027,0.7237,0.7264
2.5Y 7/12,2.5Y,Y,7,12,0.0531,0.048011,0.047233,0.048389,0.048944,0.048789,0.049022,0.049022,0.049556,0.050356,0.0503,0.052933,0.063567,0.0998,0.1921,0.30971,0.3938,0.43691,0.46318,0.48561,0.49554,0.50151,0.5008,0.4987,0.49806,0.50114,0.50272,0.50461,0.51187,0.5168,0.52734,0.53046,0.53872,0.54391,0.54602,0.54988,0.55842,0.56641,0.57142,0.57562,0.57869
5Y 9/1,5Y,Y,9,1,0.14344,0.22376,0.39906,0.54459,0.5782,0.57903,0.58067,0.5825,0.58478,0.58518,0.58323,0.5824,0.59528,0.6321,0.66762,0.67991,0.6836,0.68886,0.692,0.69311,0.69308,0.69279,0.69119,0.68997,0.68924,0.68811,0.68702,0.6859,0.68429,0.68409,0.6833,0.68119,0.68297,0.68149,0.68196,0.68268,0.68388,0.6818,0.68104,0.68043,0.68004
5Y 8.5/1,5Y,Y,8.5,1,0.1465,0.22283,0.37802,0.48311,0.50233,0.50136,0.49937,0.49976,0.50063,0.50032,0.49888,0.49832,0.50988,0.54532,0.57739,0.58804,0.59158,0.5979,0.60166,0.60433,0.6011,0.60001,0.59972,0.59707,0.5944,0.59346,0.59051,0.58852,0.58756,0.58589,0.58526,0.58,0.58083,0.58011,0.57863,0.57741,0.57791,0.57476,0.5745,0.57421,0.57623
5Y 8/1,5Y,Y,8,1,0.14346,0.21801,0.35234,0.42762,0.43816,0.43857,0.43862,0.43692,0.43927,0.43978,0.43842,0.43687,0.4475,0.47889,0.50482,0.51049,0.51339,0.52189,0.52582,0.52809,0.52706,0.52614,0.52267,0.52306,0.5213,0.5186,0.51828,0.51651,0.51542,0.51341,0.51376,0.51048,0.51094,0.51204,0.51071,0.51182,0.51356,0.51097,0.5125,0.51178,0.51146
5Y 7/1,5Y,Y,7,1,0.13894,0.20021,0.28956,0.3242,0.32579,0.32298,0.32046,0.31931,0.31938,0.31884,0.31667,0.31469,0.32276,0.3471,0.36738,0.37146,0.37413,0.38307,0.38679,0.38946,0.38699,0.38559,0.38303,0.38062,0.37758,0.37529,0.37293,0.37058,0.36783,0.36528,0.36499,0.36086,0.36073,0.36022,0.35803,0.35633,0.35759,0.35543,0.35379,0.3522,0.3531
5Y 6/1,5Y,Y,6,1,0.12786,0.16946,0.2152,0.22599,0.22446,0.22174,0.21938,0.21891,0.21922,0.21764,0.21586,0.2156,0.221,0.239,0.25441,0.25732,0.25876,0.26571,0.27143,0.27217,0.27067,0.26792,0.26783,0.2647,0.262,0.26082,0.25882,0.25559,0.25376,0.25289,0.25173,0.24907,0.24873,0.24832,0.24711,0.24687,0.24778,0.24618,0.24418,0.24579,0.24523
5Y 5/1,5Y,Y,5,1,0.10568,0.12938,0.1474,0.15199,0.15108,0.1477,0.14691,0.14634,0.1463,0.14566,0.14528,0.14267,0.14794,0.16269,0.17178,0.17221,0.17543,0.18193,0.18358,0.18673,0.18586,0.1842,0.18194,0.18147,0.17998,0.17759,0.17661,0.17648,0.17309,0.17106,0.1727,0.16906,0.17011,0.17199,0.17118,0.17062,0.17162,0.17106,0.17052,0.17016,0.17144
5Y 4/1,5Y,Y,4,1,0.08048,0.089056,0.0946,0.094911,0.0941,0.092167,0.092367,0.091722,0.091489,0.091778,0.090722,0.090022,0.092944,0.10236,0.10701,0.10704,0.10943,0.11509,0.11623,0.11907,0.11879,0.11734,0.11563,0.11576,0.11497,0.11309,0.11222,0.11339,0.11122,0.11052,0.11188,0.1093,0.11209,0.11299,0.1131,0.11339,0.11449,0.11509,0.1138,0.11523,0.11516
5Y 3/1,5Y,Y,3,1,0.0544,0.054289,0.0558,0.055356,0.053556,0.054244,0.055522,0.0524,0.053,0.053689,0.054311,0.052056,0.056211,0.061533,0.064044,0.064722,0.0652,0.066044,0.066411,0.070644,0.070056,0.069422,0.069044,0.067978,0.068211,0.068467,0.0664,0.067022,0.067878,0.065267,0.066667,0.064989,0.068211,0.069722,0.0697,0.070922,0.072022,0.072422,0.073733,0.074867,0.073467
5Y 2.5/1,5Y,Y,2.5,1,0.04054,0.038567,0.0415,0.040822,0.0397,0.040956,0.041656,0.039711,0.0404,0.040989,0.040144,0.040422,0.042278,0.041722,0.0418,0.044311,0.047244,0.051411,0.052711,0.052844,0.052189,0.051,0.047978,0.047633,0.0482,0.047,0.045567,0.046956,0.045711,0.044256,0.046444,0.045422,0.048344,0.047867,0.049656,0.051778,0.051633,0.052767,0.053978,0.0548,0.054878
5Y 9/2,5Y,Y,9,2,0.14648,0.22687,0.3861,0.48822,0.50814,0.51088,0.51377,0.52113,0.52598,0.53057,0.53472,0.53803,0.55574,0.61446,0.68109,0.71528,0.7255,0.73002,0.72848,0.7291,0.72999,0.73054,0.72893,0.72953,0.7294,0.72877,0.72839,0.7284,0.72779,0.72808,0.72929,0.72659,0.72864,0.72963,0.72934,0.73244,0.73246,0.73041,0.73309,0.73428,0.73398
5Y 8.5/2,5Y,Y,8.5,2,0.15012,0.2226,0.35984,0.43609,0.44531,0.44222,0.44533,0.4437,0.44434,0.44606,0.4439,0.44184,0.46046,0.51753,0.58429,0.61887,0.62898,0.63096,0.62888,0.62863,0.62786,0.62657,0.62383,0.62298,0.62062,0.61734,0.61639,0.61441,0.61284,0.61008,0.609,0.60557,0.60611,0.60497,0.60489,0.60393,0.60168,0.60071,0.60081,0.59967,0.59728
5Y 8/2,5Y,Y,8,2,0.13974,0.2089,0.32692,0.3855,0.39179,0.39063,0.38881,0.39126,0.39288,0.39278,0.39274,0.38974,0.40547,0.45786,0.50939,0.52926,0.53752,0.54644,0.54864,0.5528,0.55051,0.54744,0.5461,0.54647,0.54296,0.54139,0.53937,0.53693,0.53496,0.53391,0.53297,0.52918,0.52979,0.5303,0.52672,0.52557,0.52519,0.52426,0.52307,0.52272,0.52159
5Y 7/2,5Y,Y,7,2,0.13104,0.18341,0.24829,0.26759,0.26736,0.26556,0.26806,0.2693,0.27188,0.27047,0.26756,0.26789,0.2822,0.32286,0.3635,0.37777,0.38382,0.3967,0.40204,0.4061,0.404,0.40127,0.401,0.39856,0.39572,0.3933,0.3919,0.39023,0.38676,0.3865,0.38548,0.3811,0.38084,0.37989,0.37943,0.37944,0.37831,0.3777,0.37639,0.37326,0.37203
5Y 6/2,5Y,Y,6,2,0.1099,0.143,0.17878,0.18694,0.18289,0.18251,0.18218,0.18244,0.18229,0.1842,0.18164,0.18142,0.19137,0.21997,0.24663,0.25561,0.25854,0.26789,0.27252,0.27624,0.27792,0.27539,0.27341,0.27196,0.27026,0.2673,0.26752,0.2653,0.26297,0.26152,0.26228,0.25674,0.2602,0.25794,0.25694,0.26012,0.25842,0.25581,0.25593,0.25781,0.25374
5Y 5/2,5Y,Y,5,2,0.0891,0.10579,0.12108,0.12493,0.12226,0.12138,0.1222,0.1212,0.12258,0.12362,0.12238,0.12044,0.1291,0.14982,0.16652,0.17247,0.1768,0.18132,0.18418,0.19028,0.18698,0.18597,0.18519,0.18509,0.18242,0.18242,0.18092,0.17958,0.17852,0.1771,0.17721,0.17448,0.17671,0.17893,0.17614,0.17782,0.17798,0.17918,0.17732,0.17794,0.17813
5Y 4/2,5Y,Y,4,2,0.06276,0.068689,0.072444,0.071989,0.070678,0.070267,0.069433,0.069811,0.070211,0.070144,0.070033,0.070367,0.075889,0.088011,0.10043,0.10367,0.10373,0.11206,0.1146,0.11738,0.11731,0.11558,0.11433,0.1139,0.11331,0.11207,0.11171,0.11134,0.10999,0.1096,0.11007,0.10797,0.11068,0.1106,0.1117,0.11391,0.11332,0.1131,0.11526,0.11524,0.11423
5Y 3/2,5Y,Y,3,2,0.04192,0.041567,0.041278,0.042856,0.041444,0.040589,0.041956,0.043189,0.040833,0.042678,0.043611,0.042056,0.045889,0.053,0.058922,0.060356,0.061878,0.062689,0.061567,0.069044,0.068633,0.068422,0.068244,0.066822,0.065611,0.067278,0.066144,0.063744,0.065078,0.064756,0.0652,0.062678,0.067344,0.067067,0.069644,0.071178,0.0704,0.071811,0.072833,0.072222,0.073844
5Y 9/4,5Y,Y,9,4,0.12458,0.18423,0.28089,0.3247,0.33164,0.33821,0.34813,0.35947,0.38403,0.41752,0.45613,0.50629,0.56281,0.60516,0.62709,0.63523,0.64061,0.65598,0.68108,0.71056,0.73042,0.73919,0.74162,0.74629,0.74859,0.74954,0.74994,0.75176,0.752,0.75291,0.75447,0.75462,0.76249,0.76567,0.76674,0.76864,0.77108,0.77154,0.77418,0.77428,0.77531
5Y 8.5/4,5Y,Y,8.5,4,0.12476,0.18372,0.26932,0.30277,0.30418,0.3067,0.31086,0.31419,0.32278,0.33208,0.33584,0.34222,0.3667,0.43723,0.53527,0.59946,0.62437,0.63156,0.63058,0.63408,0.63156,0.62968,0.63027,0.62834,0.62692,0.62538,0.62287,0.62396,0.62379,0.62011,0.61956,0.61599,0.61951,0.61914,0.61848,0.6186,0.61771,0.61872,0.61794,0.61628,0.61436
5Y 8/4,5Y,Y,8,4,0.1257,0.17484,0.24487,0.27041,0.26937,0.26994,0.27272,0.27709,0.2807,0.28646,0.28966,0.29193,0.31332,0.38047,0.46993,0.52577,0.54367,0.54654,0.54442,0.54647,0.54431,0.54387,0.54296,0.54098,0.5386,0.53757,0.53516,0.53444,0.53266,0.53131,0.5308,0.52664,0.52932,0.5279,0.5258,0.52761,0.52632,0.52392,0.52431,0.52337,0.5215
5Y 7/4,5Y,Y,7,4,0.11372,0.14829,0.18388,0.19476,0.19286,0.18922,0.19303,0.19531,0.19454,0.19676,0.19742,0.19799,0.21314,0.26696,0.33709,0.37419,0.38828,0.39791,0.40101,0.40562,0.40358,0.40351,0.40247,0.39879,0.39697,0.39564,0.39403,0.39022,0.39136,0.3892,0.38831,0.38371,0.38723,0.38518,0.38323,0.38502,0.38491,0.38187,0.38156,0.38056,0.37833
5Y 6/4,5Y,Y,6,4,0.0934,0.11087,0.1268,0.13074,0.12844,0.12841,0.12911,0.12834,0.13271,0.13466,0.1332,0.13462,0.14964,0.1888,0.23807,0.26363,0.27407,0.28387,0.28849,0.29203,0.29138,0.29189,0.28912,0.28762,0.2866,0.28457,0.28402,0.28321,0.28067,0.27759,0.27977,0.27491,0.27709,0.27813,0.27714,0.276,0.27807,0.27617,0.27493,0.27482,0.27424
5Y 5/4,5Y,Y,5,4,0.07132,0.077278,0.081378,0.080667,0.079211,0.0806,0.080344,0.078556,0.080444,0.082167,0.081444,0.081933,0.092367,0.12099,0.15712,0.17342,0.18109,0.19257,0.19864,0.20416,0.20254,0.20051,0.19996,0.19809,0.19674,0.19508,0.1936,0.19184,0.19232,0.18986,0.18968,0.18723,0.1895,0.19009,0.18861,0.18994,0.19123,0.18946,0.191,0.19069,0.1889
5Y 4/4,5Y,Y,4,4,0.04756,0.048233,0.046844,0.049333,0.048333,0.047322,0.0494,0.050356,0.049156,0.048322,0.051122,0.052422,0.058,0.077344,0.096622,0.10182,0.10562,0.11886,0.12623,0.12997,0.13074,0.13052,0.1278,0.12726,0.12687,0.12573,0.12491,0.12469,0.1231,0.12274,0.12466,0.12172,0.12447,0.12547,0.12533,0.12732,0.12837,0.12872,0.12793,0.12939,0.13007
5Y 9/6,5Y,Y,9,6,0.12568,0.17212,0.22881,0.24679,0.25063,0.25408,0.2614,0.27151,0.28827,0.30673,0.32574,0.34801,0.38356,0.46609,0.58578,0.67792,0.7218,0.73748,0.74107,0.74387,0.74521,0.74707,0.74619,0.74818,0.74763,0.74808,0.74849,0.75033,0.74842,0.74694,0.74868,0.74781,0.74792,0.75203,0.75129,0.75462,0.75509,0.75473,0.7562,0.75987,0.7669
5Y 8.5/6,5Y,Y,8.5,6,0.11394,0.15479,0.19856,0.21267,0.21362,0.21631,0.22184,0.22883,0.24036,0.25396,0.26796,0.28038,0.30909,0.38912,0.50633,0.59212,0.6329,0.64786,0.64969,0.65153,0.65162,0.65209,0.6503,0.64979,0.6491,0.64816,0.64652,0.6476,0.64627,0.64452,0.64407,0.6413,0.64408,0.64469,0.6441,0.64734,0.64623,0.64656,0.64466,0.64649,0.64429
5Y 8/6,5Y,Y,8,6,0.11276,0.14828,0.18534,0.19373,0.19352,0.19446,0.19829,0.20396,0.21136,0.21914,0.22603,0.2354,0.25864,0.32943,0.43916,0.51783,0.54847,0.55974,0.56031,0.56104,0.56136,0.55991,0.55764,0.55748,0.55517,0.5543,0.55233,0.55141,0.5491,0.54866,0.54831,0.54586,0.54669,0.54436,0.54347,0.54616,0.54579,0.54289,0.54192,0.54118,0.54059
5Y 7/6,5Y,Y,7,6,0.08842,0.11137,0.13341,0.13587,0.13294,0.13402,0.13657,0.13613,0.13822,0.13968,0.14069,0.14247,0.15783,0.21274,0.30611,0.38169,0.41369,0.42187,0.42267,0.42237,0.42057,0.4187,0.41347,0.40903,0.40622,0.40287,0.399,0.39798,0.39516,0.39352,0.39467,0.39262,0.39347,0.39362,0.39087,0.38929,0.39049,0.39156,0.39252,0.39473,0.39347
5Y 6/6,5Y,Y,6,6,0.07072,0.079833,0.084522,0.0839,0.084744,0.083733,0.083633,0.085422,0.086278,0.086111,0.087556,0.090189,0.10193,0.14247,0.21462,0.25887,0.27709,0.29256,0.29999,0.30406,0.30266,0.30089,0.30001,0.3003,0.29628,0.2963,0.2955,0.29331,0.29177,0.29142,0.29202,0.28716,0.29112,0.29017,0.28819,0.29016,0.29184,0.28934,0.28968,0.29132,0.28978
5Y 5/6,5Y,Y,5,6,0.05034,0.048033,0.047056,0.048911,0.051722,0.048389,0.049933,0.051222,0.050167,0.0503,0.052122,0.053922,0.063156,0.093433,0.14209,0.17012,0.18446,0.19909,0.20693,0.21164,0.2118,0.21127,0.20886,0.20624,0.20544,0.20277,0.20418,0.20318,0.20049,0.2004,0.20302,0.19892,0.20273,0.20384,0.20243,0.20461,0.20609,0.20669,0.20538,0.20632,0.20761
5Y 9/8,5Y,Y,9,8,0.10012,0.13349,0.16584,0.17459,0.17736,0.18051,0.18661,0.19779,0.21862,0.24263,0.27317,0.31108,0.36228,0.44826,0.57109,0.66781,0.71843,0.73933,0.74728,0.75432,0.75664,0.76069,0.762,0.76171,0.76181,0.76523,0.76606,0.76598,0.76839,0.76646,0.7687,0.76706,0.77133,0.77203,0.77396,0.77698,0.77976,0.77887,0.78056,0.78341,0.78046
5Y 8.5/8,5Y,Y,8.5,8,0.09114,0.11357,0.13483,0.14017,0.13933,0.14174,0.15057,0.15908,0.17034,0.1894,0.21123,0.22951,0.26634,0.34982,0.47696,0.58379,0.64023,0.66158,0.6669,0.67277,0.67201,0.67316,0.67268,0.67272,0.67379,0.67342,0.67328,0.67346,0.6764,0.67246,0.67213,0.67103,0.67432,0.67677,0.67648,0.68151,0.68103,0.68157,0.68409,0.68562,0.68393
5Y 8/8,5Y,Y,8,8,0.09274,0.10939,0.12238,0.12646,0.12671,0.12767,0.13137,0.14009,0.15008,0.16168,0.17723,0.1927,0.21983,0.29529,0.41479,0.51023,0.5591,0.57427,0.57509,0.58071,0.57922,0.58001,0.58048,0.57982,0.57704,0.57709,0.57663,0.57326,0.57492,0.57368,0.57269,0.56944,0.5722,0.57306,0.57233,0.5737,0.5732,0.57341,0.5751,0.5735,0.57293
5Y 7/8,5Y,Y,7,8,0.07068,0.081256,0.086678,0.088333,0.087033,0.0873,0.089022,0.087633,0.088478,0.092233,0.094333,0.093622,0.10879,0.16149,0.2614,0.36349,0.4215,0.44263,0.44142,0.44652,0.44417,0.43969,0.43346,0.42794,0.42082,0.41456,0.4126,0.41076,0.40658,0.40548,0.41087,0.40861,0.41406,0.41403,0.41246,0.41238,0.41544,0.41796,0.42544,0.42611,0.42701
5Y 6/8,5Y,Y,6,8,0.04736,0.047456,0.048356,0.050589,0.048811,0.048911,0.051644,0.050944,0.050156,0.051544,0.054167,0.054533,0.064878,0.10363,0.18213,0.25701,0.2948,0.31049,0.31693,0.31931,0.31874,0.31678,0.31033,0.30839,0.30618,0.30466,0.30226,0.30024,0.29952,0.29793,0.30039,0.29887,0.30087,0.30076,0.30166,0.30347,0.30278,0.30544,0.30884,0.31027,0.31238
5Y 8.5/10,5Y,Y,8.5,10,0.06592,0.075433,0.080633,0.0848,0.085144,0.087244,0.0932,0.10293,0.1141,0.13293,0.15847,0.18709,0.22868,0.31703,0.45,0.56296,0.62443,0.64987,0.65744,0.66644,0.66893,0.67078,0.67192,0.67308,0.67346,0.67467,0.67762,0.6783,0.6807,0.68037,0.68083,0.68138,0.68568,0.68807,0.68819,0.69453,0.69701,0.69806,0.69909,0.70186,0.70028
5Y 8/10,5Y,Y,8,10,0.06116,0.064344,0.068622,0.071622,0.070978,0.073811,0.078389,0.084756,0.095044,0.10989,0.12877,0.15159,0.19116,0.26792,0.38992,0.49867,0.55712,0.57802,0.58519,0.59001,0.59326,0.59477,0.5976,0.59564,0.5969,0.59958,0.59916,0.60137,0.59998,0.60083,0.60234,0.59928,0.60292,0.60561,0.60596,0.61091,0.61376,0.61477,0.61716,0.61806,0.6201
5Y 7/10,5Y,Y,7,10,0.04946,0.052356,0.053011,0.0556,0.054811,0.054378,0.054244,0.055411,0.054467,0.057744,0.058922,0.060533,0.072556,0.1163,0.21187,0.33189,0.42187,0.46213,0.46979,0.47522,0.4675,0.45737,0.4408,0.42284,0.40812,0.40056,0.39259,0.38632,0.38366,0.38484,0.39261,0.39881,0.40876,0.4106,0.40938,0.40783,0.41179,0.42354,0.43178,0.43701,0.44334
5Y 8.5/12,5Y,Y,8.5,12,0.05214,0.053278,0.053144,0.053056,0.055511,0.056544,0.061233,0.067778,0.078444,0.0956,0.12304,0.1625,0.2312,0.34648,0.4872,0.59481,0.6511,0.67579,0.68817,0.70119,0.70954,0.71574,0.71837,0.72241,0.72746,0.73219,0.73668,0.74039,0.74518,0.74332,0.74671,0.74856,0.75452,0.75844,0.76149,0.76562,0.77159,0.77302,0.77333,0.7777,0.77744
5Y 8/12,5Y,Y,8,12,0.04304,0.039067,0.043,0.044267,0.042856,0.045667,0.050278,0.055433,0.0642,0.081089,0.10767,0.148,0.22211,0.32521,0.41913,0.47509,0.50394,0.52413,0.54206,0.56439,0.5812,0.59556,0.6016,0.60737,0.61273,0.61767,0.62248,0.62709,0.63141,0.63341,0.63637,0.63649,0.6432,0.64706,0.6509,0.65932,0.66199,0.6627,0.66631,0.67004,0.6729
5Y 7/12,5Y,Y,7,12,0.04058,0.039633,0.038989,0.040611,0.040111,0.041067,0.041789,0.040344,0.041933,0.0439,0.044633,0.044633,0.057589,0.0984,0.19717,0.33128,0.44008,0.49999,0.51746,0.51936,0.5045,0.48098,0.45007,0.41687,0.39394,0.38047,0.37018,0.35947,0.35664,0.35918,0.37017,0.38267,0.40009,0.40853,0.40532,0.40222,0.41561,0.43478,0.45068,0.4628,0.48438
7.5Y 9/2,7.5Y,Y,9,2,0.14632,0.22364,0.36328,0.44956,0.46276,0.4663,0.47199,0.47564,0.50021,0.54904,0.60467,0.63994,0.66071,0.67091,0.66888,0.66072,0.66417,0.68774,0.70569,0.71791,0.71766,0.71737,0.71766,0.71984,0.71523,0.71358,0.7135,0.7137,0.70972,0.70757,0.70744,0.70038,0.70431,0.70323,0.7038,0.7047,0.70471,0.70268,0.70392,0.70546,0.70432
7.5Y 8.5/2,7.5Y,Y,8.5,2,0.1319,0.20083,0.3229,0.38623,0.39574,0.39666,0.40096,0.40496,0.4218,0.46299,0.513,0.54312,0.55702,0.56628,0.5618,0.55319,0.55661,0.58346,0.60268,0.61106,0.611,0.61116,0.60836,0.6061,0.60588,0.60588,0.6016,0.6003,0.59961,0.59713,0.5961,0.59149,0.59276,0.59273,0.59407,0.59254,0.59558,0.59129,0.59122,0.59244,0.5915
7.5Y 8/2,7.5Y,Y,8,2,0.13814,0.20223,0.31676,0.37266,0.37661,0.37518,0.37733,0.37843,0.38192,0.38284,0.38161,0.38272,0.40056,0.45093,0.50372,0.52959,0.53646,0.53636,0.53289,0.53323,0.53058,0.53019,0.52612,0.52071,0.51768,0.51584,0.51318,0.50999,0.50894,0.50558,0.50819,0.50489,0.5051,0.50501,0.50173,0.50004,0.50196,0.50329,0.50126,0.50337,0.50406
7.5Y 7/2,7.5Y,Y,7,2,0.1167,0.16859,0.23478,0.25627,0.25857,0.25928,0.25737,0.25922,0.26278,0.26273,0.26147,0.2626,0.27613,0.31366,0.35494,0.37096,0.37549,0.37542,0.37082,0.3738,0.36923,0.36946,0.36872,0.36623,0.36372,0.36258,0.36029,0.35838,0.35852,0.35536,0.3544,0.34942,0.35298,0.35262,0.34984,0.35038,0.35139,0.34919,0.34798,0.34592,0.34576
7.5Y 6/2,7.5Y,Y,6,2,0.10878,0.13432,0.16143,0.16638,0.16408,0.16542,0.16836,0.16926,0.17989,0.20377,0.22794,0.2409,0.24903,0.25068,0.24571,0.24153,0.24403,0.25864,0.26934,0.27972,0.27869,0.27652,0.27833,0.27476,0.27156,0.27134,0.27193,0.26807,0.26642,0.26497,0.26519,0.26003,0.26414,0.26248,0.26077,0.26222,0.2601,0.26063,0.26086,0.25851,0.25718
7.5Y 5/2,7.5Y,Y,5,2,0.09204,0.11163,0.1262,0.12434,0.12271,0.1246,0.12322,0.12171,0.12376,0.12537,0.12366,0.12378,0.1326,0.15409,0.1761,0.18182,0.18378,0.18859,0.18769,0.18856,0.18919,0.18717,0.18441,0.18434,0.18479,0.18219,0.18159,0.18252,0.18078,0.17693,0.17923,0.17536,0.17661,0.17856,0.17906,0.17784,0.17863,0.1794,0.17902,0.17919,0.17713
7.5Y 4/2,7.5Y,Y,4,2,0.06028,0.066433,0.068933,0.068844,0.071078,0.070111,0.067267,0.069822,0.071467,0.07,0.070867,0.072211,0.077078,0.092611,0.10702,0.11204,0.11394,0.11657,0.11473,0.1168,0.11518,0.11522,0.11324,0.11206,0.1133,0.1118,0.11102,0.11081,0.10991,0.10692,0.10996,0.10681,0.11033,0.10996,0.10991,0.1114,0.11153,0.11209,0.11261,0.11196,0.11209
7.5Y 3/2,7.5Y,Y,3,2,0.04084,0.038656,0.041156,0.038978,0.0385,0.039711,0.038944,0.039911,0.039944,0.040722,0.0395,0.0412,0.043678,0.050033,0.058644,0.060456,0.058922,0.063078,0.061678,0.064033,0.065644,0.061633,0.062389,0.062522,0.0609,0.061411,0.0622,0.0601,0.060144,0.060489,0.061878,0.060278,0.063711,0.062667,0.066444,0.068689,0.067667,0.069189,0.071444,0.071211,0.071633
7.5Y 9/4,7.5Y,Y,9,4,0.13516,0.19649,0.28867,0.3267,0.33023,0.33263,0.33914,0.34349,0.36549,0.4222,0.50829,0.58366,0.63099,0.65733,0.65953,0.65107,0.6581,0.69051,0.72146,0.73379,0.73723,0.73867,0.73949,0.73873,0.737,0.73613,0.73431,0.73478,0.73522,0.73014,0.73032,0.73016,0.73123,0.7311,0.73174,0.73408,0.73426,0.73498,0.73677,0.73234,0.73792
7.5Y 8.5/4,7.5Y,Y,8.5,4,0.12038,0.17339,0.24986,0.28048,0.28243,0.28334,0.2876,0.29396,0.31196,0.36077,0.43933,0.50967,0.55007,0.5715,0.5703,0.56066,0.5692,0.60206,0.62792,0.63819,0.63941,0.64221,0.63956,0.63818,0.63799,0.63718,0.63393,0.63342,0.63462,0.63206,0.62837,0.62533,0.6289,0.62776,0.62686,0.63186,0.6314,0.62708,0.62936,0.62712,0.62872
7.5Y 8/4,7.5Y,Y,8,4,0.1298,0.18122,0.25179,0.2756,0.27507,0.27428,0.27636,0.27754,0.28176,0.28388,0.28179,0.28542,0.3072,0.37387,0.46991,0.53074,0.55228,0.55568,0.55209,0.55157,0.54491,0.53642,0.52722,0.51554,0.50399,0.49818,0.4929,0.48563,0.48241,0.4832,0.4861,0.48509,0.49287,0.49343,0.4897,0.48699,0.49022,0.49416,0.49611,0.50077,0.50502
7.5Y 7/4,7.5Y,Y,7,4,0.10496,0.13992,0.17681,0.1842,0.18294,0.18328,0.18436,0.18539,0.18843,0.18939,0.19099,0.19301,0.20803,0.26156,0.33992,0.38393,0.39569,0.4,0.39673,0.39686,0.39211,0.38869,0.38211,0.37494,0.36852,0.36737,0.35966,0.35614,0.35536,0.35442,0.3541,0.35318,0.35584,0.35532,0.35304,0.35149,0.35266,0.35456,0.35563,0.36041,0.36162
7.5Y 6/4,7.5Y,Y,6,4,0.0853,0.096222,0.10159,0.10091,0.10347,0.10801,0.11106,0.11794,0.13319,0.14966,0.17121,0.19524,0.21967,0.23417,0.23981,0.24169,0.24437,0.25371,0.26247,0.27752,0.28212,0.2814,0.28382,0.28257,0.27912,0.27767,0.2772,0.27473,0.27366,0.27186,0.27147,0.26757,0.27109,0.27067,0.26949,0.26942,0.26974,0.26866,0.26916,0.26812,0.26683
7.5Y 5/4,7.5Y,Y,5,4,0.072,0.0731,0.077011,0.0784,0.076056,0.075144,0.0769,0.0764,0.077622,0.079444,0.0779,0.080978,0.0926,0.12154,0.16316,0.18796,0.19498,0.19317,0.19038,0.19062,0.18893,0.18829,0.1858,0.18409,0.18343,0.18058,0.18066,0.17912,0.17728,0.17598,0.17892,0.17492,0.17823,0.17724,0.1756,0.1773,0.17922,0.17847,0.17932,0.18078,0.17919
7.5Y 4/4,7.5Y,Y,4,4,0.04514,0.043767,0.044622,0.047822,0.045922,0.044622,0.046944,0.047778,0.045833,0.046844,0.050433,0.051233,0.058,0.079133,0.10424,0.11723,0.11827,0.1189,0.11592,0.12008,0.12053,0.12208,0.11989,0.11852,0.11826,0.11857,0.11598,0.11662,0.11511,0.1144,0.11632,0.11481,0.11637,0.11536,0.11734,0.11944,0.11804,0.11887,0.12008,0.12109,0.12086
7.5Y 9/6,7.5Y,Y,9,6,0.1178,0.15954,0.20978,0.22382,0.22554,0.22889,0.23291,0.23836,0.25897,0.31379,0.40354,0.50254,0.57696,0.61961,0.63189,0.63132,0.63844,0.66983,0.698,0.71349,0.71474,0.71594,0.71761,0.71842,0.71858,0.71906,0.71786,0.71989,0.7202,0.71612,0.71876,0.71729,0.7211,0.72273,0.72336,0.7244,0.72878,0.72877,0.73104,0.73053,0.7323
7.5Y 8.5/6,7.5Y,Y,8.5,6,0.10934,0.1445,0.18039,0.18872,0.18986,0.19256,0.1951,0.19988,0.21906,0.26548,0.35077,0.44349,0.51089,0.54547,0.55064,0.54264,0.55219,0.5935,0.62897,0.6443,0.64828,0.64874,0.64897,0.64962,0.64671,0.64748,0.64744,0.64756,0.64596,0.64534,0.64554,0.64206,0.64528,0.6468,0.64837,0.65217,0.65477,0.65309,0.65309,0.65439,0.65628
7.5Y 8/6,7.5Y,Y,8,6,0.12022,0.15733,0.19158,0.19953,0.19649,0.19431,0.19596,0.1972,0.19842,0.19929,0.20151,0.20218,0.21841,0.29053,0.41521,0.51991,0.57558,0.59332,0.58789,0.58354,0.57058,0.54939,0.52231,0.49767,0.47811,0.46709,0.45639,0.44688,0.44091,0.44203,0.44732,0.45358,0.46566,0.47022,0.4672,0.46804,0.4737,0.4842,0.49654,0.50776,0.51568
7.5Y 7/6,7.5Y,Y,7,6,0.09092,0.11019,0.12556,0.12761,0.12647,0.12582,0.12793,0.13003,0.13106,0.13278,0.13544,0.13653,0.15027,0.20882,0.30698,0.38521,0.4201,0.43069,0.42741,0.42283,0.4181,0.40523,0.39024,0.3758,0.36538,0.35621,0.34961,0.34438,0.34084,0.34004,0.34366,0.34656,0.35189,0.35363,0.34992,0.35027,0.35303,0.35777,0.36583,0.36898,0.37106
7.5Y 6/6,7.5Y,Y,6,6,0.0673,0.073278,0.0775,0.077,0.0779,0.077544,0.077444,0.079333,0.081578,0.080056,0.082267,0.085956,0.096956,0.1412,0.22318,0.28418,0.30629,0.31183,0.30791,0.30453,0.29789,0.2916,0.28001,0.26663,0.25861,0.2532,0.24757,0.24097,0.23936,0.23862,0.24172,0.24287,0.24896,0.2504,0.24604,0.24672,0.24973,0.25171,0.25682,0.26087,0.26367
7.5Y 5/6,7.5Y,Y,5,6,0.04276,0.040144,0.042889,0.042233,0.041311,0.0423,0.045144,0.042389,0.042056,0.046078,0.046778,0.046289,0.057089,0.090078,0.14373,0.18424,0.19769,0.20068,0.19448,0.19754,0.19313,0.1884,0.18632,0.18237,0.17827,0.17481,0.17229,0.16968,0.16984,0.16773,0.16896,0.16771,0.17091,0.17369,0.17157,0.17113,0.1732,0.17553,0.17796,0.17969,0.18087
7.5Y 9/8,7.5Y,Y,9,8,0.09852,0.12433,0.15034,0.1567,0.15803,0.16084,0.16433,0.16792,0.18491,0.22889,0.31032,0.42398,0.53609,0.61588,0.65798,0.67352,0.69082,0.72418,0.7495,0.76417,0.7691,0.7749,0.77763,0.78091,0.78236,0.78583,0.78927,0.79106,0.79242,0.79287,0.79474,0.79562,0.79829,0.80096,0.80196,0.8051,0.80996,0.81221,0.81762,0.8172,0.81584
7.5Y 8.5/8,7.5Y,Y,8.5,8,0.0875,0.10673,0.1203,0.12266,0.12512,0.12618,0.12623,0.1317,0.14579,0.18507,0.2639,0.37007,0.46847,0.53047,0.55196,0.55421,0.56796,0.6063,0.63532,0.65119,0.65643,0.65736,0.65967,0.6624,0.66184,0.66421,0.66581,0.66753,0.66776,0.66929,0.66971,0.66646,0.66989,0.67441,0.67524,0.67759,0.68086,0.68277,0.68078,0.68753,0.68591
7.5Y 8/8,7.5Y,Y,8,8,0.10336,0.12309,0.14114,0.14398,0.14047,0.14094,0.14257,0.14464,0.14627,0.14864,0.15048,0.15211,0.1715,0.23903,0.37257,0.51387,0.60849,0.64811,0.6476,0.6347,0.6106,0.58003,0.54382,0.50951,0.48843,0.4763,0.46461,0.45453,0.45027,0.45031,0.45664,0.4643,0.47651,0.48102,0.47702,0.47248,0.47779,0.49003,0.50306,0.51256,0.52619
7.5Y 7/8,7.5Y,Y,7,8,0.07036,0.078111,0.083367,0.082322,0.081844,0.082578,0.083144,0.083378,0.085644,0.086333,0.087644,0.0901,0.10321,0.1532,0.25587,0.3658,0.43219,0.45746,0.45643,0.45096,0.43849,0.4198,0.39671,0.37393,0.35842,0.34728,0.33696,0.32941,0.32551,0.32403,0.33118,0.33556,0.34537,0.34963,0.34508,0.34137,0.34607,0.35601,0.36602,0.37042,0.37706
7.5Y 6/8,7.5Y,Y,6,8,0.04242,0.0431,0.041478,0.042533,0.044822,0.044489,0.049167,0.051978,0.057167,0.068,0.079744,0.091278,0.11557,0.16734,0.23361,0.27363,0.28829,0.29139,0.28748,0.29106,0.28856,0.28787,0.28826,0.28696,0.28569,0.28602,0.2849,0.28553,0.2868,0.28561,0.2873,0.28476,0.2891,0.29132,0.29228,0.29411,0.29747,0.29764,0.29832,0.30096,0.30103
7.5Y 9/10,7.5Y,Y,9,10,0.0794,0.089622,0.098333,0.099667,0.10089,0.10467,0.1115,0.12327,0.14109,0.16917,0.21242,0.27776,0.38121,0.51067,0.6288,0.70231,0.7322,0.7451,0.74956,0.75513,0.75753,0.75957,0.76059,0.76159,0.76119,0.76504,0.76574,0.76759,0.76926,0.76777,0.76833,0.76927,0.77427,0.77334,0.77604,0.78057,0.78171,0.77866,0.78113,0.78761,0.78666
7.5Y 8.5/10,7.5Y,Y,8.5,10,0.07286,0.079922,0.082089,0.084189,0.084156,0.083511,0.088089,0.091667,0.097622,0.12626,0.19243,0.29691,0.41346,0.50843,0.55386,0.57239,0.59123,0.62806,0.65406,0.66852,0.67567,0.68031,0.68382,0.68569,0.68671,0.6929,0.69556,0.69753,0.70058,0.7011,0.701,0.6989,0.7051,0.70909,0.71071,0.71664,0.72153,0.72194,0.72654,0.72739,0.72698
7.5Y 8/10,7.5Y,Y,8,10,0.07104,0.076144,0.081422,0.084511,0.081656,0.082611,0.086911,0.090611,0.094744,0.10124,0.10839,0.11516,0.13408,0.20283,0.34016,0.49959,0.62006,0.67318,0.67754,0.66447,0.63601,0.60108,0.55619,0.51573,0.49027,0.47704,0.46381,0.45277,0.44863,0.45053,0.45929,0.47051,0.48867,0.49358,0.48929,0.48777,0.49422,0.51093,0.52668,0.54119,0.55832
7.5Y 7/10,7.5Y,Y,7,10,0.0373,0.035522,0.037422,0.038522,0.037456,0.039978,0.045422,0.049033,0.057544,0.073789,0.096456,0.12767,0.17822,0.25351,0.33363,0.37787,0.39372,0.39939,0.40044,0.40567,0.40871,0.41121,0.41279,0.41576,0.41689,0.41977,0.42286,0.4249,0.42682,0.42899,0.4307,0.43,0.43524,0.44049,0.44544,0.45033,0.45498,0.45722,0.46121,0.46506,0.46833
7.5Y 8.5/12,7.5Y,Y,8.5,12,0.0411,0.039678,0.038144,0.040122,0.042256,0.0424,0.046633,0.053756,0.065756,0.088078,0.12709,0.18613,0.2829,0.41279,0.52717,0.5896,0.6161,0.62814,0.63213,0.64009,0.64463,0.64887,0.65354,0.65632,0.65781,0.66194,0.66674,0.6697,0.67253,0.67481,0.67767,0.67727,0.68148,0.68641,0.68659,0.69002,0.69657,0.69859,0.69984,0.70273,0.70429
7.5Y 8/12,7.5Y,Y,8,12,0.04984,0.047644,0.047078,0.048722,0.050078,0.0512,0.053922,0.057778,0.064889,0.074444,0.086311,0.10012,0.12938,0.20232,0.34346,0.51426,0.6358,0.68067,0.68376,0.67274,0.65157,0.61936,0.57537,0.53604,0.51076,0.49634,0.48589,0.47557,0.46884,0.4751,0.48607,0.50133,0.51923,0.53009,0.52651,0.52419,0.53528,0.55571,0.57364,0.59268,0.6074
10Y 9/1,10Y,Y,9,1,0.143,0.22126,0.39452,0.53313,0.56422,0.56864,0.5725,0.57606,0.58817,0.61811,0.65021,0.66622,0.67511,0.67999,0.67678,0.67147,0.67487,0.68764,0.69514,0.69827,0.69871,0.69853,0.69777,0.69782,0.69578,0.6955,0.69319,0.69334,0.69268,0.69106,0.69047,0.6885,0.68954,0.68998,0.691,0.69084,0.6914,0.68859,0.6907,0.69078,0.68911
10Y 8.5/1,10Y,Y,8.5,1,0.14968,0.22709,0.37529,0.47149,0.49021,0.49472,0.50318,0.51194,0.52579,0.54426,0.56237,0.57512,0.58951,0.59924,0.59744,0.59179,0.59357,0.60724,0.61793,0.6207,0.61844,0.61821,0.61693,0.61674,0.61474,0.61359,0.61042,0.60967,0.60797,0.60638,0.60646,0.60407,0.60411,0.602,0.60056,0.60017,0.60226,0.59941,0.59989,0.59836,0.5962
10Y 8/1,10Y,Y,8,1,0.14106,0.21482,0.34992,0.4263,0.43567,0.43596,0.43857,0.43949,0.44014,0.44018,0.43861,0.43893,0.45062,0.48393,0.5136,0.52453,0.52632,0.52491,0.52296,0.52102,0.51949,0.517,0.51414,0.51196,0.5084,0.50641,0.50482,0.50223,0.50007,0.49894,0.49757,0.49543,0.4953,0.4942,0.4923,0.49204,0.49173,0.49082,0.49017,0.49019,0.48928
10Y 7/1,10Y,Y,7,1,0.13394,0.19253,0.27943,0.31538,0.31773,0.31392,0.31508,0.31557,0.317,0.31806,0.31379,0.31336,0.32462,0.35259,0.37482,0.38257,0.38236,0.38191,0.37968,0.37903,0.37643,0.37542,0.37308,0.37079,0.36757,0.36641,0.3653,0.36284,0.36073,0.35842,0.35796,0.35587,0.35629,0.35474,0.35331,0.35344,0.35253,0.35121,0.34937,0.34873,0.34787
10Y 6/1,10Y,Y,6,1,0.12384,0.16687,0.21128,0.2236,0.22228,0.22046,0.22,0.21854,0.21817,0.21662,0.21591,0.2159,0.22254,0.24347,0.26053,0.26521,0.26613,0.2684,0.26834,0.26771,0.26561,0.26459,0.26262,0.26137,0.2586,0.25613,0.25477,0.25281,0.25042,0.24962,0.24793,0.24496,0.24501,0.24391,0.24356,0.24366,0.24338,0.24224,0.24082,0.24006,0.23917
10Y 5/1,10Y,Y,5,1,0.10172,0.12382,0.1442,0.14661,0.14471,0.14289,0.1426,0.14248,0.14247,0.14114,0.14016,0.13956,0.14462,0.16004,0.17221,0.17388,0.17278,0.17503,0.17556,0.17724,0.17564,0.17389,0.17234,0.17139,0.16967,0.1687,0.16764,0.16601,0.16478,0.16388,0.16512,0.1628,0.16342,0.16327,0.16232,0.16391,0.16451,0.16426,0.16462,0.16322,0.16343
10Y 4/1,10Y,Y,4,1,0.073,0.080567,0.085767,0.085556,0.085344,0.085011,0.084744,0.084022,0.083267,0.083533,0.084967,0.085267,0.087322,0.098478,0.1061,0.10943,0.10972,0.11116,0.10974,0.10979,0.10909,0.10877,0.10826,0.10804,0.10701,0.10594,0.10424,0.10473,0.10442,0.10419,0.10433,0.10307,0.10527,0.10542,0.10564,0.10692,0.10727,0.10798,0.10888,0.10798,0.10902
10Y 3/1,10Y,Y,3,1,0.052,0.0526,0.053144,0.052256,0.051767,0.0514,0.052211,0.051978,0.051711,0.051022,0.050656,0.050956,0.054289,0.058656,0.061622,0.062311,0.063456,0.067056,0.066933,0.066911,0.066333,0.065744,0.064944,0.064278,0.062756,0.062756,0.063167,0.062689,0.062589,0.060811,0.062522,0.061511,0.063522,0.063822,0.065389,0.067244,0.069289,0.068478,0.068656,0.070456,0.070344
10Y 2.5/1,10Y,Y,2.5,1,0.0419,0.042156,0.042511,0.040144,0.039878,0.041222,0.041478,0.041044,0.040811,0.040144,0.040089,0.041922,0.042733,0.045344,0.046822,0.047,0.048067,0.049811,0.048022,0.049644,0.048833,0.047567,0.047056,0.046133,0.047189,0.047511,0.046956,0.046144,0.045567,0.045378,0.047778,0.046833,0.048611,0.049067,0.050833,0.052,0.0539,0.054633,0.054556,0.055656,0.055922
10Y 9/2,10Y,Y,9,2,0.14342,0.21951,0.36049,0.44294,0.46182,0.47059,0.48601,0.50456,0.53164,0.56541,0.59922,0.63093,0.66738,0.69109,0.69678,0.69484,0.69684,0.70942,0.71939,0.72253,0.72328,0.72153,0.72268,0.72206,0.72291,0.72156,0.72084,0.72094,0.72139,0.72239,0.72136,0.71897,0.72114,0.72176,0.72233,0.72279,0.7232,0.72441,0.72482,0.72542,0.72429
10Y 8.5/2,10Y,Y,8.5,2,0.14282,0.21131,0.32598,0.38576,0.39687,0.40336,0.41454,0.42774,0.44848,0.47824,0.50913,0.5381,0.56833,0.58777,0.59091,0.58741,0.58942,0.6019,0.61264,0.6176,0.61629,0.61491,0.6125,0.6121,0.6102,0.60824,0.60623,0.60458,0.60291,0.6023,0.60162,0.59812,0.60017,0.59899,0.59741,0.59723,0.59632,0.59716,0.59633,0.59581,0.59504
10Y 8/2,10Y,Y,8,2,0.1386,0.20759,0.31932,0.37278,0.37899,0.37744,0.37974,0.38082,0.38329,0.3846,0.3839,0.38437,0.40197,0.45591,0.51483,0.54036,0.54777,0.54858,0.54457,0.54264,0.5395,0.53322,0.52638,0.51794,0.50932,0.5055,0.50134,0.49892,0.49448,0.49366,0.49693,0.49476,0.49746,0.49727,0.49431,0.49271,0.49503,0.49483,0.49829,0.4979,0.49834
10Y 7/2,10Y,Y,7,2,0.12644,0.17906,0.24897,0.27197,0.27148,0.26961,0.27097,0.27341,0.27533,0.2758,0.27493,0.27504,0.28993,0.33136,0.373,0.38988,0.39337,0.39249,0.38947,0.38828,0.38453,0.38034,0.37707,0.37212,0.36659,0.36301,0.35798,0.35511,0.35268,0.35119,0.35112,0.34916,0.35043,0.34994,0.34737,0.34722,0.34738,0.34582,0.34754,0.34957,0.35159
10Y 6/2,10Y,Y,6,2,0.11434,0.14932,0.18137,0.1895,0.1864,0.1853,0.18526,0.18583,0.18661,0.18724,0.18601,0.18508,0.19666,0.22843,0.26006,0.27246,0.27377,0.27293,0.2703,0.27094,0.26841,0.26407,0.25992,0.25599,0.25379,0.25126,0.24767,0.24517,0.24238,0.2421,0.24234,0.24023,0.24099,0.24002,0.23776,0.2392,0.23944,0.24074,0.24046,0.24104,0.24056
10Y 5/2,10Y,Y,5,2,0.08718,0.10242,0.11563,0.11916,0.11871,0.11779,0.11602,0.11714,0.11708,0.11854,0.1195,0.11856,0.1256,0.14836,0.17402,0.18331,0.18476,0.18222,0.18012,0.18059,0.17823,0.17661,0.17452,0.17182,0.17161,0.17006,0.16796,0.16537,0.16361,0.16398,0.16436,0.16242,0.16366,0.16072,0.16114,0.16241,0.16278,0.16447,0.16612,0.16824,0.16891
10Y 4/2,10Y,Y,4,2,0.06604,0.069278,0.0716,0.071178,0.071522,0.071878,0.072444,0.071567,0.070711,0.071011,0.072656,0.073011,0.079367,0.095944,0.11138,0.11654,0.11709,0.11664,0.11324,0.11414,0.11099,0.11067,0.10921,0.10873,0.10816,0.10671,0.10609,0.10656,0.10623,0.10503,0.10567,0.10306,0.10619,0.10696,0.10758,0.10683,0.10732,0.10977,0.11022,0.11107,0.10997
10Y 3/2,10Y,Y,3,2,0.04316,0.040611,0.040456,0.042167,0.043022,0.042422,0.042422,0.038978,0.0407,0.042389,0.043056,0.042667,0.045844,0.054789,0.065411,0.068133,0.067933,0.066322,0.063978,0.064689,0.063244,0.0645,0.063733,0.062944,0.062256,0.061511,0.061944,0.062333,0.062,0.061289,0.062022,0.062289,0.063833,0.064611,0.065722,0.067822,0.068967,0.069522,0.0695,0.070611,0.072411
10Y 9/4,10Y,Y,9,4,0.1345,0.19489,0.27888,0.31539,0.32216,0.32878,0.34072,0.35954,0.38932,0.42808,0.47378,0.52881,0.59729,0.65199,0.67579,0.68094,0.68502,0.69596,0.7049,0.71011,0.71123,0.71023,0.70744,0.7084,0.7068,0.70627,0.70361,0.70276,0.70284,0.70338,0.70444,0.70529,0.70754,0.70652,0.70666,0.70952,0.71236,0.71151,0.71272,0.71202,0.71116
10Y 8.5/4,10Y,Y,8.5,4,0.13256,0.18169,0.24329,0.26439,0.26774,0.27487,0.28694,0.30244,0.32666,0.36271,0.40594,0.45766,0.52096,0.56894,0.58652,0.58948,0.59187,0.60556,0.61578,0.62036,0.62272,0.62396,0.62029,0.61968,0.61837,0.61774,0.6174,0.61723,0.61612,0.61629,0.6136,0.61029,0.61048,0.60973,0.60622,0.60679,0.60813,0.60804,0.60624,0.6064,0.60494
10Y 8/4,10Y,Y,8,4,0.12318,0.17671,0.24736,0.27172,0.27203,0.26873,0.27102,0.27446,0.2785,0.28133,0.2811,0.28122,0.30267,0.37239,0.47037,0.53481,0.55671,0.5596,0.55481,0.55011,0.53906,0.52531,0.50864,0.49162,0.47734,0.47029,0.46196,0.45421,0.45029,0.45023,0.45478,0.45757,0.46302,0.46389,0.46289,0.45822,0.4605,0.46573,0.47452,0.47827,0.48204
10Y 7/4,10Y,Y,7,4,0.11214,0.1467,0.18284,0.19098,0.18832,0.19021,0.1926,0.19333,0.19568,0.19899,0.20229,0.2048,0.22249,0.27998,0.35717,0.40509,0.42191,0.42441,0.41677,0.41513,0.4064,0.39787,0.38499,0.37241,0.3599,0.35004,0.34324,0.33893,0.33522,0.33513,0.33721,0.33998,0.34518,0.34726,0.34047,0.33872,0.34089,0.34589,0.34993,0.35407,0.35477
10Y 6/4,10Y,Y,6,4,0.09038,0.10712,0.12116,0.12403,0.12448,0.12454,0.12508,0.12561,0.12707,0.12977,0.13118,0.13308,0.14534,0.18733,0.24619,0.28242,0.29319,0.29311,0.29084,0.29006,0.28594,0.27896,0.2709,0.26073,0.25222,0.24692,0.24334,0.23981,0.23657,0.23444,0.23773,0.2374,0.24219,0.24294,0.2405,0.23762,0.2395,0.24452,0.24794,0.25002,0.2527
10Y 5/4,10Y,Y,5,4,0.06982,0.076189,0.079411,0.079956,0.078978,0.0784,0.076978,0.0784,0.079067,0.081633,0.081544,0.080278,0.090978,0.12439,0.16947,0.19403,0.19988,0.19833,0.19524,0.19348,0.19076,0.1869,0.17944,0.17318,0.16929,0.1665,0.16459,0.16101,0.1576,0.15596,0.15953,0.15939,0.16236,0.16271,0.16076,0.16,0.16328,0.16581,0.17036,0.17269,0.17303
10Y 4/4,10Y,Y,4,4,0.04812,0.049133,0.048222,0.047133,0.0476,0.049056,0.048822,0.048956,0.048344,0.048256,0.050122,0.052656,0.059444,0.080489,0.1069,0.12076,0.12367,0.1213,0.11648,0.11792,0.11547,0.11364,0.11,0.10698,0.10581,0.1058,0.10458,0.10271,0.10048,0.10069,0.10448,0.1022,0.10681,0.10834,0.10794,0.10894,0.1101,0.1126,0.11628,0.11677,0.11812
10Y 9/6,10Y,Y,9,6,0.1205,0.16196,0.20717,0.22193,0.22601,0.23147,0.24083,0.25632,0.28413,0.32359,0.37247,0.43907,0.52802,0.61689,0.67278,0.69779,0.70722,0.70986,0.70768,0.70783,0.70642,0.7062,0.70763,0.7083,0.70777,0.71083,0.71258,0.71321,0.71526,0.71422,0.7159,0.71222,0.71742,0.71354,0.71489,0.71889,0.72244,0.71924,0.72134,0.72259,0.72101
10Y 8.5/6,10Y,Y,8.5,6,0.11092,0.14164,0.17571,0.18466,0.18769,0.19303,0.20198,0.21698,0.24173,0.27694,0.31968,0.3788,0.46409,0.54663,0.59117,0.61163,0.61731,0.61719,0.62258,0.63023,0.62937,0.62786,0.62016,0.62026,0.61834,0.61993,0.62548,0.62729,0.62333,0.62118,0.61981,0.62259,0.62308,0.62323,0.62053,0.62222,0.62276,0.61922,0.62282,0.62406,0.62528
10Y 8/6,10Y,Y,8,6,0.11552,0.15204,0.19196,0.20133,0.19914,0.19728,0.19853,0.20284,0.20587,0.20802,0.20824,0.21059,0.23139,0.30461,0.42958,0.54163,0.60377,0.62059,0.61496,0.60182,0.58159,0.55209,0.51566,0.48414,0.46352,0.44874,0.43681,0.42579,0.41981,0.42183,0.42982,0.43989,0.45021,0.45313,0.44874,0.44487,0.45098,0.46494,0.47232,0.47974,0.49117
10Y 7/6,10Y,Y,7,6,0.09452,0.11607,0.13134,0.1347,0.13259,0.13037,0.13169,0.13352,0.1365,0.13803,0.13804,0.13912,0.15584,0.21337,0.31321,0.39589,0.42971,0.43899,0.43243,0.42441,0.41238,0.39397,0.37323,0.35302,0.33791,0.32958,0.31969,0.31127,0.30769,0.30748,0.31343,0.31762,0.3259,0.32681,0.32151,0.3188,0.32228,0.32921,0.33616,0.34029,0.34533
10Y 6/6,10Y,Y,6,6,0.06394,0.071933,0.076289,0.076756,0.076033,0.077378,0.077567,0.078122,0.077811,0.080311,0.081989,0.084722,0.096022,0.13548,0.21144,0.27642,0.3043,0.31051,0.30451,0.30082,0.2917,0.28019,0.26382,0.24621,0.23204,0.22391,0.21506,0.20958,0.20863,0.21293,0.21784,0.22196,0.23019,0.23229,0.23014,0.23106,0.23602,0.24548,0.25076,0.25576,0.25783
10Y 5/6,10Y,Y,5,6,0.04762,0.048489,0.048122,0.047422,0.046967,0.0465,0.048422,0.048389,0.048622,0.049733,0.049256,0.052422,0.060722,0.089967,0.14841,0.19496,0.21302,0.21574,0.21054,0.20597,0.19957,0.19026,0.17777,0.1639,0.15349,0.14768,0.14361,0.14042,0.13842,0.13808,0.14178,0.14653,0.15251,0.15421,0.15283,0.15401,0.1598,0.16766,0.17277,0.17472,0.17964
10Y 9/8,10Y,Y,9,8,0.08492,0.10726,0.12848,0.13246,0.13444,0.13734,0.14652,0.1637,0.1924,0.2403,0.30923,0.39794,0.50284,0.60137,0.66298,0.68971,0.6979,0.70288,0.70533,0.70721,0.70864,0.7106,0.71208,0.71281,0.71514,0.71728,0.71752,0.72024,0.71937,0.718,0.71874,0.71859,0.72342,0.72504,0.72731,0.7306,0.73077,0.73041,0.73246,0.73386,0.73299
10Y 8.5/8,10Y,Y,8.5,8,0.09184,0.10602,0.11818,0.11916,0.11998,0.1224,0.12782,0.1329,0.14764,0.18733,0.2629,0.35999,0.45761,0.53102,0.56931,0.58619,0.5906,0.59371,0.59332,0.59768,0.59824,0.59822,0.59751,0.59768,0.59724,0.59914,0.59969,0.60002,0.59968,0.60026,0.60003,0.59782,0.60086,0.60483,0.6034,0.60573,0.60933,0.6103,0.61404,0.61202,0.61007
10Y 8/8,10Y,Y,8,8,0.0809,0.089333,0.096822,0.099322,0.099478,0.10259,0.10916,0.12002,0.13847,0.16548,0.2044,0.26293,0.35226,0.44834,0.51327,0.5393,0.54847,0.55141,0.54874,0.54628,0.54252,0.53794,0.53099,0.52384,0.51561,0.50899,0.50577,0.50058,0.49852,0.4977,0.5005,0.50467,0.50937,0.50998,0.50637,0.5044,0.50929,0.518,0.52468,0.53052,0.531
10Y 7/8,10Y,Y,7,8,0.07714,0.083822,0.088,0.086722,0.085378,0.086444,0.087867,0.089344,0.089522,0.089244,0.091778,0.095133,0.10987,0.16021,0.26856,0.38741,0.46064,0.48472,0.47793,0.4625,0.4418,0.41121,0.37718,0.34548,0.3242,0.31229,0.30247,0.29322,0.28519,0.28698,0.29317,0.29734,0.30602,0.31163,0.30799,0.30582,0.30949,0.32023,0.33392,0.3412,0.35064
10Y 6/8,10Y,Y,6,8,0.0511,0.050856,0.052411,0.0526,0.053322,0.052333,0.052367,0.052722,0.053333,0.0564,0.057356,0.057267,0.067344,0.107,0.19259,0.28289,0.33346,0.34491,0.3373,0.32821,0.31304,0.2911,0.266,0.24494,0.22973,0.22257,0.21464,0.20767,0.20382,0.2038,0.20898,0.213,0.22117,0.22293,0.22,0.21938,0.22347,0.23088,0.23778,0.24193,0.25177
10Y 9/10,10Y,Y,9,10,0.06982,0.075456,0.080233,0.080422,0.082389,0.0853,0.092978,0.10369,0.12407,0.166,0.23181,0.32229,0.43969,0.56737,0.66713,0.71851,0.73754,0.74272,0.74319,0.74312,0.74159,0.73677,0.72706,0.71473,0.70726,0.70607,0.70322,0.69886,0.69366,0.69454,0.70216,0.71193,0.72522,0.73147,0.73312,0.73314,0.74042,0.74827,0.76072,0.76341,0.76881
10Y 8.5/10,10Y,Y,8.5,10,0.07924,0.083467,0.089233,0.090833,0.091811,0.093011,0.095167,0.096289,0.10953,0.1451,0.2195,0.3287,0.44671,0.54628,0.60651,0.63501,0.64621,0.64962,0.65211,0.65822,0.66128,0.65957,0.6545,0.64601,0.6406,0.63888,0.63684,0.63436,0.63222,0.63424,0.64148,0.64919,0.65891,0.66118,0.66041,0.66383,0.66981,0.67921,0.68428,0.68842,0.68987
10Y 8/10,10Y,Y,8,10,0.05554,0.058056,0.059878,0.059967,0.061211,0.0646,0.070178,0.076778,0.0891,0.11047,0.14568,0.19879,0.28721,0.40129,0.49556,0.54712,0.56612,0.57298,0.57289,0.57314,0.57014,0.5603,0.54444,0.52867,0.51662,0.50906,0.50414,0.4989,0.49838,0.50584,0.51804,0.52569,0.53689,0.54199,0.5394,0.54246,0.55408,0.56528,0.57638,0.58331,0.5863
10Y 7/10,10Y,Y,7,10,0.03606,0.035711,0.035033,0.035689,0.037456,0.039811,0.044044,0.047956,0.056867,0.073056,0.098956,0.14022,0.21012,0.29704,0.36502,0.39673,0.40843,0.41136,0.40741,0.40938,0.40751,0.40557,0.40069,0.39254,0.38458,0.3809,0.37958,0.37818,0.37732,0.37866,0.38363,0.39004,0.39697,0.39597,0.39217,0.39433,0.40047,0.4083,0.41503,0.42112,0.42511
10Y 8/12,10Y,Y,8,12,0.04802,0.048289,0.048378,0.048744,0.049678,0.0528,0.056167,0.060711,0.070267,0.085956,0.10649,0.1318,0.16902,0.24856,0.38539,0.5269,0.61004,0.63751,0.63627,0.62691,0.60626,0.57083,0.52233,0.4714,0.43673,0.41959,0.40719,0.39752,0.39496,0.40319,0.42182,0.44284,0.46401,0.47464,0.47359,0.47682,0.49448,0.52311,0.54828,0.56407,0.57408
2.5GY 9/2,2.5GY,GY,9,2,0.14024,0.21433,0.35828,0.4495,0.46383,0.4668,0.47259,0.47776,0.49823,0.54693,0.60851,0.6565,0.68437,0.69593,0.69624,0.693,0.69461,0.70264,0.70563,0.70787,0.70943,0.70891,0.7075,0.70798,0.70472,0.70484,0.70347,0.70203,0.70052,0.69872,0.69667,0.69376,0.69224,0.69443,0.6946,0.69602,0.69572,0.69487,0.69543,0.69797,0.69538
2.5GY 8.5/2,2.5GY,GY,8.5,2,0.13616,0.20281,0.31979,0.38032,0.38743,0.39048,0.39612,0.40083,0.41872,0.4611,0.51387,0.55053,0.5688,0.57753,0.57627,0.57214,0.57153,0.58068,0.58547,0.58766,0.58777,0.58604,0.58411,0.58212,0.58046,0.57784,0.57549,0.5738,0.57277,0.5719,0.57193,0.56953,0.57067,0.5687,0.56536,0.56409,0.56388,0.56198,0.56227,0.56081,0.55982
2.5GY 8/2,2.5GY,GY,8,2,0.1256,0.18586,0.27612,0.31593,0.32468,0.32881,0.33626,0.34609,0.36249,0.3871,0.41457,0.44063,0.46899,0.49187,0.50524,0.5102,0.5098,0.50901,0.5062,0.50401,0.50107,0.50128,0.50007,0.49888,0.49564,0.49282,0.49213,0.49201,0.49031,0.48597,0.48527,0.4828,0.4838,0.48301,0.48178,0.48143,0.48041,0.47883,0.4787,0.47712,0.47478
2.5GY 7/2,2.5GY,GY,7,2,0.13298,0.17928,0.23313,0.25208,0.25434,0.25617,0.26199,0.26969,0.28289,0.29803,0.3131,0.32578,0.34307,0.36631,0.3822,0.387,0.38717,0.38421,0.381,0.38134,0.3801,0.37822,0.37543,0.37289,0.37053,0.36922,0.36719,0.36437,0.361,0.35842,0.35726,0.35488,0.35542,0.35487,0.35303,0.35206,0.35156,0.34909,0.34789,0.34843,0.34663
2.5GY 6/2,2.5GY,GY,6,2,0.11128,0.13726,0.16156,0.16784,0.16753,0.16794,0.16929,0.17056,0.18269,0.20647,0.23533,0.24986,0.25588,0.25896,0.25791,0.25576,0.25543,0.25896,0.26036,0.26143,0.26088,0.25998,0.25741,0.25508,0.25323,0.25173,0.25029,0.24824,0.24497,0.24131,0.24279,0.2396,0.2405,0.24134,0.24119,0.23988,0.24036,0.23807,0.2385,0.23916,0.23903
2.5GY 5/2,2.5GY,GY,5,2,0.09516,0.112,0.12476,0.12576,0.1243,0.12344,0.12461,0.12481,0.12559,0.12568,0.12559,0.12604,0.13497,0.15754,0.17963,0.18626,0.18742,0.18751,0.1828,0.18159,0.17923,0.17739,0.17242,0.1663,0.16083,0.15878,0.15662,0.15519,0.15211,0.1496,0.15192,0.1516,0.15479,0.15454,0.15393,0.15294,0.15477,0.15771,0.16148,0.16319,0.16628
2.5GY 4/2,2.5GY,GY,4,2,0.06912,0.070322,0.072689,0.071356,0.070922,0.072022,0.0739,0.074344,0.078578,0.088378,0.10102,0.10916,0.11249,0.11284,0.10994,0.10798,0.10873,0.11231,0.11204,0.11382,0.11309,0.11162,0.11032,0.10867,0.10864,0.10927,0.10786,0.10661,0.10493,0.10411,0.10662,0.10314,0.10571,0.10698,0.10859,0.10872,0.10841,0.10978,0.10894,0.11051,0.11243
2.5GY 3/2,2.5GY,GY,3,2,0.03942,0.039022,0.041267,0.041222,0.040644,0.039633,0.040644,0.041422,0.041889,0.041444,0.041078,0.042611,0.046589,0.056844,0.066044,0.067522,0.065789,0.065233,0.062244,0.063267,0.061822,0.061667,0.060356,0.057689,0.055533,0.0543,0.0554,0.055767,0.054767,0.053367,0.055044,0.0559,0.057444,0.059444,0.061267,0.061956,0.063167,0.063667,0.0649,0.066989,0.068367
2.5GY 9/4,2.5GY,GY,9,4,0.1296,0.18687,0.27441,0.31176,0.31569,0.32028,0.32692,0.33352,0.35584,0.41419,0.50552,0.59323,0.65197,0.6783,0.68722,0.69144,0.69317,0.69324,0.69257,0.69393,0.69339,0.69372,0.69211,0.69216,0.68998,0.69116,0.68977,0.68861,0.68811,0.68647,0.68606,0.68578,0.68674,0.68753,0.68808,0.69064,0.69157,0.68904,0.69134,0.6922,0.69219
2.5GY 8.5/4,2.5GY,GY,8.5,4,0.11914,0.1718,0.24719,0.27856,0.28089,0.28207,0.28618,0.29166,0.31107,0.36164,0.43958,0.51397,0.56276,0.58341,0.59067,0.59137,0.59042,0.58994,0.58709,0.58501,0.58447,0.58384,0.58093,0.57927,0.57658,0.57552,0.57481,0.57501,0.57423,0.57326,0.57167,0.56883,0.56992,0.56979,0.56816,0.56934,0.56881,0.5693,0.56823,0.56929,0.56481
2.5GY 8/4,2.5GY,GY,8,4,0.11528,0.15681,0.2094,0.22674,0.23042,0.23681,0.2479,0.26447,0.2891,0.32224,0.36236,0.40937,0.4638,0.5039,0.5214,0.52208,0.5193,0.51758,0.51604,0.51541,0.51508,0.5123,0.51013,0.50599,0.49928,0.49719,0.49509,0.49327,0.49193,0.49004,0.49078,0.49138,0.4931,0.49388,0.48928,0.4896,0.49179,0.49197,0.4941,0.49494,0.495
2.5GY 7/4,2.5GY,GY,7,4,0.10398,0.1234,0.14363,0.14944,0.15187,0.15764,0.16566,0.17786,0.19798,0.22559,0.25904,0.29567,0.33719,0.36604,0.37699,0.37748,0.37529,0.36992,0.36804,0.36784,0.36447,0.36359,0.36329,0.36101,0.35831,0.35576,0.3547,0.35442,0.35321,0.3511,0.34944,0.34537,0.34686,0.34817,0.3463,0.34249,0.34224,0.34098,0.33948,0.33953,0.33759
2.5GY 6/4,2.5GY,GY,6,4,0.088,0.10038,0.10774,0.10844,0.1089,0.11097,0.11439,0.11643,0.12658,0.15489,0.19969,0.23781,0.25878,0.26606,0.26658,0.26623,0.26653,0.26673,0.26238,0.2644,0.26323,0.26102,0.25921,0.25752,0.25727,0.25711,0.255,0.25247,0.25022,0.25016,0.25103,0.24848,0.2486,0.24964,0.25216,0.25198,0.25122,0.24786,0.24852,0.24986,0.24883
2.5GY 5/4,2.5GY,GY,5,4,0.07334,0.078344,0.082922,0.082489,0.080822,0.079989,0.0808,0.082133,0.082967,0.083811,0.084122,0.085511,0.095911,0.12928,0.17384,0.19714,0.20229,0.2014,0.19602,0.19224,0.18642,0.17906,0.16909,0.15789,0.1493,0.14446,0.14081,0.13743,0.1351,0.13457,0.13786,0.14023,0.14554,0.14832,0.147,0.14696,0.14768,0.15411,0.15889,0.16392,0.16719
2.5GY 4/4,2.5GY,GY,4,4,0.04588,0.044056,0.045078,0.045556,0.046244,0.046644,0.0469,0.045989,0.0475,0.049289,0.051378,0.051789,0.059411,0.082111,0.11363,0.13047,0.13244,0.12936,0.12668,0.12307,0.11791,0.11216,0.10596,0.099678,0.094767,0.091322,0.088767,0.087289,0.086833,0.088022,0.091156,0.092767,0.097078,0.0968,0.096067,0.096689,0.099833,0.10397,0.10643,0.10771,0.10981
2.5GY 9/6,2.5GY,GY,9,6,0.11516,0.15852,0.21081,0.22836,0.22987,0.23239,0.23776,0.24268,0.2639,0.31994,0.41433,0.52299,0.60981,0.66074,0.68364,0.69521,0.69877,0.69988,0.70007,0.7018,0.69579,0.68832,0.6777,0.66359,0.65201,0.64406,0.63809,0.63337,0.63152,0.63362,0.64099,0.64586,0.65356,0.65657,0.65421,0.65506,0.66138,0.66928,0.67559,0.68,0.68734
2.5GY 8.5/6,2.5GY,GY,8.5,6,0.11178,0.14783,0.18666,0.1978,0.19796,0.20162,0.20607,0.21038,0.22869,0.27969,0.36806,0.46981,0.54606,0.58562,0.60138,0.60762,0.61059,0.61264,0.60832,0.60851,0.60521,0.60038,0.59377,0.58562,0.57889,0.57406,0.57194,0.56751,0.56616,0.56658,0.56701,0.56884,0.5724,0.57433,0.57177,0.56953,0.57411,0.57757,0.58342,0.58771,0.58923
2.5GY 8/6,2.5GY,GY,8,6,0.11088,0.13454,0.15609,0.16046,0.16067,0.16298,0.16681,0.17112,0.18799,0.23399,0.31477,0.40193,0.46441,0.49708,0.50978,0.51257,0.51224,0.51317,0.50974,0.50966,0.50646,0.50242,0.49743,0.49232,0.4846,0.48053,0.47779,0.47382,0.47222,0.47181,0.47253,0.47513,0.4781,0.47968,0.47803,0.47898,0.48229,0.48652,0.49048,0.49292,0.49466
2.5GY 7/6,2.5GY,GY,7,6,0.07948,0.094533,0.10662,0.10771,0.10788,0.11094,0.11401,0.11564,0.1268,0.15691,0.21753,0.2895,0.34479,0.37084,0.37987,0.38177,0.38167,0.38238,0.3797,0.38124,0.37894,0.3763,0.37261,0.36949,0.36483,0.36147,0.35842,0.35617,0.35517,0.35442,0.35622,0.35453,0.35783,0.35789,0.35663,0.35736,0.35898,0.36238,0.36487,0.36652,0.3692
2.5GY 6/6,2.5GY,GY,6,6,0.05862,0.059056,0.060267,0.061322,0.062767,0.0646,0.067556,0.072778,0.084011,0.10131,0.12512,0.16069,0.20566,0.24774,0.26992,0.27602,0.27669,0.27367,0.26793,0.26666,0.26311,0.25724,0.25031,0.24409,0.2407,0.23802,0.23438,0.23013,0.22727,0.22596,0.22846,0.2296,0.23256,0.23294,0.23048,0.23,0.23173,0.23443,0.23961,0.2426,0.24714
2.5GY 5/6,2.5GY,GY,5,6,0.05192,0.051133,0.050522,0.049678,0.049644,0.049956,0.051944,0.051967,0.051511,0.051789,0.053944,0.056356,0.065244,0.098189,0.15986,0.20717,0.22507,0.22558,0.21624,0.20751,0.19546,0.18,0.16046,0.14627,0.13638,0.12996,0.12557,0.1215,0.11813,0.11964,0.12461,0.12644,0.13384,0.13659,0.136,0.13604,0.13871,0.14493,0.15176,0.15759,0.16427
2.5GY 9/8,2.5GY,GY,9,8,0.10716,0.13144,0.15242,0.15746,0.15738,0.16026,0.16536,0.17042,0.18718,0.23531,0.32691,0.4421,0.54784,0.62501,0.66857,0.6886,0.6941,0.69718,0.69577,0.69624,0.68736,0.67041,0.6498,0.63039,0.61079,0.60099,0.59142,0.58509,0.58184,0.58992,0.59089,0.58404,0.5994,0.60734,0.60573,0.60517,0.61227,0.62656,0.64276,0.6483,0.65888
2.5GY 8.5/8,2.5GY,GY,8.5,8,0.0958,0.11231,0.1269,0.12859,0.12998,0.13241,0.13582,0.13542,0.14789,0.18869,0.2683,0.37646,0.4841,0.55921,0.59343,0.61261,0.62194,0.62113,0.6212,0.6197,0.61156,0.59767,0.57912,0.56173,0.54584,0.53621,0.53053,0.524,0.52014,0.52481,0.53067,0.54102,0.55194,0.55381,0.55097,0.55401,0.55931,0.57031,0.58334,0.5916,0.59857
2.5GY 8/8,2.5GY,GY,8,8,0.08702,0.0982,0.10716,0.11003,0.11047,0.11168,0.11411,0.11674,0.13191,0.16961,0.24514,0.34576,0.43796,0.49876,0.52819,0.53816,0.54102,0.54133,0.53707,0.53578,0.5295,0.51762,0.50056,0.47917,0.46397,0.45704,0.44839,0.44033,0.43529,0.43662,0.44223,0.44872,0.4585,0.46411,0.46234,0.46407,0.47331,0.48204,0.48961,0.49742,0.50643
2.5GY 7/8,2.5GY,GY,7,8,0.06322,0.064456,0.065011,0.064522,0.065722,0.069811,0.074244,0.080522,0.091578,0.11097,0.1413,0.18758,0.25916,0.3404,0.39492,0.41751,0.42464,0.42518,0.41974,0.41582,0.40586,0.39057,0.37162,0.35297,0.3393,0.32992,0.32136,0.31357,0.30869,0.30954,0.3163,0.32218,0.33108,0.33433,0.33192,0.33188,0.33849,0.35071,0.362,0.36881,0.379
2.5GY 6/8,2.5GY,GY,6,8,0.05466,0.054311,0.054333,0.054711,0.056611,0.0567,0.057889,0.056856,0.056889,0.058456,0.061689,0.063111,0.072489,0.11313,0.20459,0.30192,0.35513,0.36314,0.3498,0.33101,0.30292,0.27043,0.23308,0.20373,0.18643,0.17457,0.16636,0.15826,0.1555,0.15841,0.16616,0.17279,0.18187,0.18546,0.18184,0.18128,0.18789,0.19966,0.20904,0.21692,0.22929
2.5GY 8.5/10,2.5GY,GY,8.5,10,0.07144,0.078256,0.083467,0.083489,0.083767,0.082444,0.085433,0.087289,0.095922,0.12331,0.1844,0.28688,0.41386,0.52322,0.58609,0.61771,0.63111,0.63507,0.63258,0.62719,0.61746,0.59519,0.56522,0.53511,0.51237,0.50204,0.49426,0.48612,0.48044,0.48361,0.49691,0.51222,0.52567,0.53466,0.53322,0.53054,0.54019,0.5581,0.57552,0.58669,0.60109
2.5GY 8/10,2.5GY,GY,8,10,0.06504,0.068756,0.070111,0.073033,0.074756,0.076522,0.0793,0.085878,0.098289,0.11653,0.14042,0.17051,0.21961,0.3126,0.45313,0.58323,0.64458,0.65387,0.63676,0.6089,0.57484,0.53049,0.47801,0.4329,0.40606,0.39296,0.3809,0.36921,0.36299,0.36378,0.37481,0.38616,0.40032,0.40669,0.40264,0.39847,0.40821,0.42533,0.44441,0.45778,0.47552
2.5GY 7/10,2.5GY,GY,7,10,0.047,0.043222,0.042022,0.044911,0.046489,0.048322,0.0523,0.055633,0.065333,0.082878,0.10787,0.14841,0.21804,0.30994,0.38373,0.42013,0.43084,0.43033,0.42326,0.41809,0.40591,0.38681,0.35976,0.33198,0.31304,0.30159,0.29361,0.28488,0.28137,0.28516,0.29527,0.30734,0.32221,0.32929,0.32494,0.3245,0.3348,0.35071,0.36624,0.37951,0.39153
5GY 9/1,5GY,GY,9,1,0.15318,0.23358,0.40386,0.54038,0.57086,0.57561,0.58096,0.58603,0.59996,0.63221,0.66654,0.6865,0.69813,0.70043,0.70057,0.70103,0.69997,0.69902,0.69639,0.6961,0.6948,0.69318,0.69283,0.68966,0.68807,0.68669,0.68546,0.68357,0.68161,0.67983,0.68064,0.67907,0.67959,0.67827,0.67857,0.68174,0.68117,0.67689,0.68036,0.67958,0.68046
5GY 8.5/1,5GY,GY,8.5,1,0.13568,0.20913,0.35593,0.45533,0.47563,0.47761,0.48232,0.48088,0.49432,0.52457,0.55691,0.57424,0.58193,0.58453,0.58342,0.58363,0.58191,0.58241,0.58263,0.58281,0.58163,0.57991,0.57768,0.57718,0.57279,0.57268,0.56667,0.56644,0.56499,0.56603,0.56168,0.55962,0.56021,0.56024,0.55966,0.55902,0.55829,0.55464,0.55633,0.55672,0.55302
5GY 8/1,5GY,GY,8,1,0.13096,0.19834,0.32167,0.39377,0.40559,0.4091,0.4147,0.42362,0.43747,0.45356,0.46953,0.48346,0.4999,0.50814,0.5084,0.50683,0.5035,0.50586,0.5061,0.50676,0.50427,0.50239,0.50059,0.49968,0.4969,0.49458,0.49043,0.48953,0.48857,0.48599,0.48587,0.48249,0.48062,0.47994,0.47966,0.48189,0.48232,0.4837,0.47621,0.47563,0.47374
5GY 7/1,5GY,GY,7,1,0.12564,0.18207,0.26018,0.29018,0.2919,0.29568,0.29666,0.30131,0.30709,0.32783,0.34929,0.3601,0.36539,0.36687,0.36478,0.36057,0.36066,0.36141,0.36273,0.36312,0.36343,0.36069,0.35892,0.35689,0.35274,0.35173,0.3514,0.35036,0.3504,0.34734,0.34483,0.34328,0.34199,0.34139,0.34167,0.34218,0.34154,0.34149,0.33913,0.33773,0.33624
5GY 6/1,5GY,GY,6,1,0.12372,0.16507,0.20926,0.22141,0.22034,0.21904,0.21878,0.21846,0.21801,0.21748,0.21617,0.21542,0.22297,0.24213,0.25772,0.26239,0.26282,0.26139,0.25758,0.25809,0.25438,0.25136,0.2472,0.24334,0.2398,0.23677,0.23159,0.22809,0.22648,0.22512,0.22633,0.22437,0.22539,0.22261,0.22087,0.22063,0.22138,0.2234,0.22649,0.2243,0.22484
5GY 5/1,5GY,GY,5,1,0.10012,0.12387,0.14729,0.15179,0.1522,0.14893,0.14857,0.14922,0.1492,0.14929,0.14844,0.14734,0.1523,0.16626,0.17867,0.18164,0.18019,0.17844,0.17756,0.17592,0.1741,0.17262,0.17007,0.16747,0.1648,0.16206,0.16037,0.16012,0.15889,0.15702,0.15711,0.15587,0.15789,0.1586,0.15877,0.15702,0.15766,0.15821,0.16052,0.1624,0.16209
5GY 4/1,5GY,GY,4,1,0.08242,0.089433,0.096389,0.096989,0.096244,0.096444,0.096844,0.095411,0.094544,0.095089,0.095767,0.096344,0.099933,0.10858,0.11522,0.1177,0.11809,0.11751,0.11562,0.11599,0.11368,0.11106,0.10797,0.10694,0.10477,0.10351,0.1011,0.099333,0.098389,0.098356,0.10038,0.097978,0.10027,0.10164,0.10181,0.10264,0.10279,0.10379,0.10739,0.10783,0.11028
5GY 3/1,5GY,GY,3,1,0.05316,0.053233,0.053678,0.054056,0.053844,0.052289,0.052756,0.053367,0.053644,0.053589,0.052933,0.053822,0.055389,0.061144,0.066422,0.066822,0.066022,0.064967,0.0634,0.064744,0.0635,0.061722,0.060378,0.061189,0.060911,0.059722,0.058967,0.058178,0.057822,0.058711,0.060856,0.060411,0.062767,0.063056,0.063011,0.064411,0.0665,0.068011,0.069467,0.069844,0.069489
5GY 2.5/1,5GY,GY,2.5,1,0.04246,0.040056,0.039367,0.039956,0.040256,0.040567,0.0399,0.037711,0.039089,0.040033,0.041222,0.040144,0.0405,0.044744,0.047911,0.048978,0.0484,0.046178,0.044422,0.045656,0.044333,0.044178,0.044844,0.044789,0.043967,0.042856,0.042556,0.043222,0.0439,0.0433,0.044311,0.043567,0.046444,0.048189,0.048522,0.049578,0.050167,0.052611,0.054667,0.055644,0.055578
5GY 9/2,5GY,GY,9,2,0.13492,0.21101,0.35754,0.4535,0.47203,0.47688,0.48447,0.49211,0.51261,0.56439,0.62283,0.66617,0.69271,0.70239,0.70382,0.70359,0.70206,0.70193,0.70083,0.69946,0.69769,0.69529,0.6877,0.67899,0.67101,0.66587,0.66132,0.65871,0.65886,0.66034,0.66317,0.66262,0.66632,0.6695,0.66698,0.66537,0.66973,0.6722,0.66867,0.67067,0.67191
5GY 8.5/2,5GY,GY,8.5,2,0.14618,0.21632,0.34189,0.40999,0.41767,0.42097,0.4261,0.43093,0.45082,0.49504,0.54842,0.58544,0.60261,0.60714,0.60763,0.60849,0.60638,0.60469,0.60028,0.59831,0.59578,0.59182,0.58354,0.57577,0.56976,0.56387,0.56037,0.55472,0.5514,0.54909,0.55113,0.55259,0.55452,0.55428,0.55226,0.54929,0.55102,0.55248,0.55596,0.55658,0.55702
5GY 8/2,5GY,GY,8,2,0.13038,0.18952,0.28344,0.32662,0.33094,0.33721,0.34411,0.34969,0.36711,0.41007,0.45909,0.49713,0.5093,0.51439,0.51443,0.51684,0.51408,0.51386,0.50583,0.5059,0.50147,0.49833,0.49706,0.49418,0.49113,0.48813,0.48644,0.4846,0.48204,0.47968,0.48276,0.47927,0.48108,0.47768,0.47587,0.47566,0.47732,0.47534,0.47957,0.47849,0.47949
5GY 7/2,5GY,GY,7,2,0.11642,0.16233,0.22157,0.23986,0.24169,0.24403,0.24863,0.25372,0.26868,0.29824,0.33458,0.35676,0.36932,0.37418,0.37468,0.3719,0.36992,0.36976,0.36967,0.3693,0.36736,0.36507,0.36313,0.36111,0.36072,0.36073,0.35928,0.35676,0.35613,0.3562,0.35597,0.35439,0.355,0.35523,0.3552,0.35499,0.35497,0.35373,0.35289,0.35223,0.35176
5GY 6/2,5GY,GY,6,2,0.10864,0.14266,0.17859,0.18976,0.18791,0.18756,0.18777,0.18776,0.19176,0.19384,0.19569,0.19553,0.20511,0.2348,0.26474,0.27834,0.27943,0.27698,0.27414,0.27074,0.26538,0.25788,0.24982,0.24032,0.23314,0.22742,0.22143,0.21813,0.21677,0.21676,0.21978,0.22123,0.22562,0.22617,0.22332,0.22153,0.22473,0.23,0.23194,0.23392,0.23454
5GY 5/2,5GY,GY,5,2,0.09224,0.11024,0.12577,0.13009,0.13042,0.12988,0.12982,0.12933,0.13161,0.13292,0.13484,0.13431,0.14143,0.16391,0.18766,0.1956,0.19553,0.19391,0.19049,0.18984,0.1861,0.18124,0.17378,0.16611,0.16079,0.158,0.15428,0.15067,0.14833,0.1492,0.15158,0.15179,0.1536,0.15538,0.15464,0.15448,0.1567,0.15951,0.16178,0.16434,0.16734
5GY 4/2,5GY,GY,4,2,0.07102,0.075589,0.0783,0.078344,0.0769,0.077611,0.078422,0.078322,0.0777,0.077278,0.079033,0.080089,0.085667,0.10019,0.11438,0.11949,0.12046,0.11902,0.11422,0.11349,0.11063,0.1078,0.10417,0.098689,0.094322,0.093367,0.093,0.091367,0.088856,0.087844,0.090078,0.091989,0.093811,0.094444,0.093922,0.094467,0.097544,0.099356,0.1015,0.103,0.10403
5GY 3/2,5GY,GY,3,2,0.04932,0.047722,0.046922,0.045878,0.046633,0.047078,0.047522,0.047222,0.0455,0.046944,0.048556,0.048767,0.052822,0.062122,0.070833,0.0737,0.073233,0.0723,0.068067,0.068967,0.066956,0.063078,0.061667,0.0604,0.059622,0.058878,0.057378,0.056244,0.057411,0.057333,0.059644,0.058922,0.061356,0.062278,0.063489,0.066156,0.066889,0.067644,0.069489,0.071378,0.072656
5GY 9/4,5GY,GY,9,4,0.13038,0.19267,0.28959,0.33493,0.33951,0.34274,0.3484,0.35484,0.37741,0.43612,0.52593,0.61151,0.66973,0.70022,0.71054,0.71248,0.71113,0.70999,0.70693,0.70263,0.69497,0.68534,0.66803,0.65072,0.63701,0.62783,0.62056,0.61343,0.60964,0.61177,0.61883,0.62644,0.63474,0.63861,0.63639,0.63473,0.637,0.64452,0.65193,0.65736,0.66276
5GY 8.5/4,5GY,GY,8.5,4,0.13542,0.18978,0.26386,0.29004,0.2908,0.29434,0.30061,0.30817,0.32826,0.38324,0.46377,0.53622,0.57968,0.5983,0.60366,0.60359,0.60343,0.60232,0.59781,0.59361,0.58737,0.58069,0.56652,0.5523,0.5416,0.53386,0.527,0.52077,0.51607,0.5141,0.51732,0.51884,0.52493,0.52574,0.52353,0.52301,0.52611,0.5308,0.53747,0.54098,0.54553
5GY 8/4,5GY,GY,8,4,0.12416,0.17086,0.23227,0.25261,0.25446,0.25562,0.26079,0.26567,0.28596,0.33324,0.40642,0.4692,0.50589,0.52216,0.52613,0.52499,0.52322,0.52102,0.51812,0.51762,0.51237,0.50794,0.49971,0.48879,0.48006,0.47598,0.46977,0.46474,0.46201,0.46173,0.46409,0.46478,0.46991,0.46962,0.46666,0.4654,0.46792,0.47069,0.47493,0.47477,0.47752
5GY 7/4,5GY,GY,7,4,0.10616,0.1316,0.1569,0.16248,0.16357,0.1687,0.17821,0.19016,0.20717,0.23272,0.26607,0.30511,0.34548,0.37243,0.38001,0.3806,0.38004,0.3775,0.37214,0.36824,0.36047,0.35231,0.3436,0.3367,0.33141,0.3272,0.32324,0.32198,0.32211,0.32362,0.32576,0.32527,0.32818,0.32744,0.32509,0.32593,0.33016,0.33314,0.3343,0.33396,0.33174
5GY 6/4,5GY,GY,6,4,0.08882,0.11162,0.12964,0.13358,0.13101,0.12978,0.13167,0.13514,0.13658,0.13856,0.13996,0.1424,0.15603,0.19846,0.25402,0.2852,0.29384,0.2931,0.28541,0.27744,0.2669,0.25169,0.23198,0.21186,0.19846,0.19014,0.18427,0.17853,0.17603,0.17698,0.18217,0.18897,0.19704,0.19907,0.1957,0.19481,0.19937,0.20848,0.2134,0.21811,0.22559
5GY 5/4,5GY,GY,5,4,0.07436,0.080711,0.086056,0.087567,0.087222,0.086689,0.086144,0.086233,0.088222,0.0908,0.091889,0.092978,0.10199,0.13472,0.17826,0.19987,0.20426,0.19969,0.19254,0.18849,0.17926,0.16822,0.1535,0.14221,0.13396,0.12943,0.12533,0.12042,0.1178,0.11864,0.12246,0.12377,0.1294,0.13082,0.12807,0.12822,0.1315,0.13764,0.14166,0.14428,0.14817
5GY 4/4,5GY,GY,4,4,0.05456,0.053533,0.055622,0.054044,0.054289,0.055522,0.055978,0.055856,0.055711,0.055844,0.0591,0.061433,0.067622,0.092122,0.12568,0.14289,0.14598,0.145,0.13034,0.12579,0.12023,0.11211,0.10261,0.092967,0.086433,0.084033,0.082522,0.081389,0.077411,0.077233,0.080644,0.0825,0.086911,0.088267,0.0892,0.090489,0.093511,0.097344,0.099689,0.10328,0.10751
5GY 9/6,5GY,GY,9,6,0.11944,0.16296,0.22026,0.2384,0.23862,0.24148,0.24691,0.25261,0.27436,0.32926,0.4269,0.5402,0.63606,0.6947,0.72087,0.7296,0.72972,0.72632,0.71828,0.71128,0.69683,0.67766,0.65168,0.62431,0.60543,0.59457,0.58527,0.57656,0.57201,0.57219,0.57858,0.58808,0.60204,0.60689,0.60086,0.59848,0.60783,0.61521,0.62708,0.63504,0.64449
5GY 8.5/6,5GY,GY,8.5,6,0.12326,0.16271,0.19946,0.20897,0.20854,0.21002,0.21552,0.22148,0.24317,0.2982,0.3902,0.48897,0.56426,0.60432,0.62104,0.62544,0.62344,0.62058,0.61346,0.60578,0.59441,0.57486,0.5499,0.52694,0.51108,0.49999,0.48989,0.48096,0.47231,0.47677,0.48267,0.48718,0.49543,0.49979,0.49752,0.49656,0.50352,0.51351,0.52354,0.53023,0.53997
5GY 8/6,5GY,GY,8,6,0.10512,0.13144,0.1578,0.16516,0.16689,0.17258,0.18163,0.19586,0.21808,0.2508,0.2945,0.35443,0.42809,0.49389,0.52933,0.53974,0.53898,0.53378,0.52269,0.51098,0.49844,0.47833,0.45908,0.44424,0.43382,0.42817,0.42517,0.42428,0.42473,0.43138,0.43989,0.4458,0.45341,0.45188,0.44593,0.44801,0.45698,0.46567,0.47529,0.47862,0.47759
5GY 7/6,5GY,GY,7,6,0.08214,0.099344,0.11334,0.11547,0.11437,0.11621,0.12033,0.12389,0.1357,0.16987,0.23372,0.30618,0.358,0.38127,0.3888,0.39067,0.3901,0.38811,0.38217,0.38048,0.37267,0.36,0.34399,0.32769,0.31691,0.30943,0.30129,0.29537,0.29399,0.29329,0.29983,0.30276,0.3107,0.31378,0.31068,0.30872,0.31356,0.32248,0.32578,0.32839,0.33341
5GY 6/6,5GY,GY,6,6,0.07574,0.085167,0.092522,0.092911,0.092333,0.093633,0.095956,0.095833,0.096622,0.0987,0.10213,0.10626,0.1192,0.16364,0.24386,0.30609,0.33038,0.32999,0.3159,0.30096,0.2815,0.25586,0.22348,0.19524,0.17836,0.16958,0.16286,0.15532,0.1519,0.15374,0.16163,0.16733,0.17751,0.18249,0.17979,0.17799,0.18307,0.19311,0.20181,0.20943,0.21856
5GY 5/6,5GY,GY,5,6,0.04838,0.053767,0.056078,0.057033,0.056278,0.0552,0.056156,0.057189,0.058911,0.060411,0.061267,0.062622,0.073244,0.10912,0.17087,0.21583,0.22929,0.22613,0.21514,0.20252,0.18409,0.16563,0.14347,0.12507,0.11342,0.10632,0.10168,0.098867,0.097978,0.0983,0.10257,0.10606,0.11383,0.11642,0.11658,0.1151,0.11911,0.12538,0.13234,0.1369,0.14427
5GY 8.5/8,5GY,GY,8.5,8,0.10112,0.11877,0.13756,0.1423,0.14282,0.14438,0.14764,0.15027,0.16884,0.21588,0.30536,0.41686,0.52071,0.59078,0.62634,0.63818,0.63866,0.63572,0.6256,0.61397,0.59696,0.56954,0.53444,0.50306,0.4824,0.47038,0.45836,0.44537,0.44053,0.43703,0.44448,0.45252,0.46539,0.4737,0.47191,0.47033,0.4793,0.49477,0.50937,0.52037,0.53136
5GY 8/8,5GY,GY,8,8,0.09436,0.10698,0.11807,0.11954,0.12052,0.12426,0.13366,0.14529,0.1646,0.19399,0.23604,0.29777,0.39008,0.49253,0.55967,0.5849,0.58318,0.57319,0.55407,0.53284,0.50557,0.47408,0.44272,0.42154,0.40991,0.40266,0.39738,0.39327,0.39663,0.4063,0.42033,0.42989,0.43768,0.43863,0.43272,0.43341,0.44703,0.4666,0.47938,0.48859,0.48787
5GY 7/8,5GY,GY,7,8,0.07586,0.077978,0.079811,0.079278,0.081111,0.082156,0.084956,0.084667,0.093956,0.12054,0.17632,0.25311,0.3255,0.37438,0.39819,0.40692,0.40779,0.40404,0.39741,0.38954,0.37603,0.35583,0.32668,0.30014,0.28264,0.2713,0.26288,0.25416,0.25128,0.25351,0.25993,0.26863,0.28018,0.28583,0.28334,0.28146,0.28903,0.30311,0.31573,0.32984,0.34678
5GY 6/8,5GY,GY,6,8,0.05516,0.057889,0.059967,0.058956,0.058422,0.056811,0.058311,0.059933,0.061489,0.061811,0.0625,0.064644,0.075867,0.11913,0.21319,0.31597,0.37024,0.37262,0.3453,0.31304,0.27472,0.23376,0.1937,0.16528,0.14907,0.13928,0.13281,0.12502,0.12122,0.12324,0.12872,0.13343,0.14234,0.14757,0.14576,0.1446,0.15088,0.16106,0.17177,0.17846,0.1899
5GY 5/8,5GY,GY,5,8,0.04316,0.041522,0.043478,0.044433,0.044256,0.044378,0.0444,0.045056,0.046489,0.047467,0.048589,0.049367,0.059511,0.097311,0.16532,0.21826,0.23462,0.22912,0.21402,0.19836,0.17901,0.15607,0.13364,0.11607,0.10461,0.099322,0.095611,0.092967,0.091222,0.091611,0.095444,0.10042,0.10604,0.10664,0.10618,0.10799,0.11303,0.11959,0.12468,0.12991,0.13722
5GY 8.5/10,5GY,GY,8.5,10,0.07644,0.087322,0.096911,0.099633,0.10057,0.10322,0.10691,0.10993,0.12082,0.15932,0.2364,0.35038,0.47283,0.56852,0.62681,0.65297,0.66146,0.66108,0.65057,0.63279,0.6059,0.56794,0.51643,0.47066,0.44127,0.42269,0.41234,0.40151,0.39771,0.40348,0.41953,0.4361,0.45724,0.46688,0.46596,0.45658,0.46539,0.48848,0.50946,0.52829,0.55303
5GY 8/10,5GY,GY,8,10,0.07098,0.0767,0.079467,0.0809,0.081756,0.082867,0.083767,0.085522,0.095167,0.12632,0.19012,0.28706,0.3985,0.49258,0.5525,0.57711,0.58251,0.57822,0.56331,0.54742,0.52342,0.4879,0.44264,0.40098,0.37422,0.35962,0.34661,0.33573,0.33078,0.33337,0.34474,0.35859,0.3752,0.38486,0.38086,0.3788,0.38844,0.40754,0.42642,0.44293,0.46599
7.5GY 9/2,7.5GY,GY,9,2,0.14814,0.22093,0.3658,0.46333,0.47987,0.48407,0.4909,0.4963,0.51557,0.56119,0.61661,0.65647,0.67782,0.6855,0.68721,0.68548,0.68361,0.67997,0.67476,0.66843,0.65988,0.64474,0.62747,0.60972,0.59406,0.58407,0.5734,0.56558,0.56032,0.56289,0.56811,0.57406,0.58378,0.58954,0.58633,0.5846,0.59113,0.60697,0.61493,0.62262,0.62932
7.5GY 8.5/2,7.5GY,GY,8.5,2,0.14672,0.21722,0.34149,0.4102,0.42001,0.4227,0.4282,0.43311,0.45196,0.49567,0.54749,0.58144,0.59519,0.59688,0.60093,0.59931,0.59739,0.5944,0.58917,0.58456,0.57759,0.56627,0.55153,0.53444,0.52146,0.51294,0.5046,0.49782,0.49352,0.49517,0.50003,0.50394,0.50968,0.51161,0.50747,0.50446,0.51,0.51573,0.52178,0.52594,0.53321
7.5GY 8/2,7.5GY,GY,8,2,0.14054,0.20804,0.31896,0.37174,0.37907,0.38129,0.3877,0.39312,0.41016,0.44856,0.49147,0.51736,0.52893,0.53384,0.53288,0.53142,0.52918,0.52562,0.52266,0.5195,0.51114,0.50181,0.48702,0.47302,0.46214,0.45329,0.44591,0.4381,0.43457,0.43511,0.43891,0.44241,0.44786,0.44967,0.44494,0.44389,0.44739,0.45466,0.46111,0.46517,0.4722
7.5GY 7/2,7.5GY,GY,7,2,0.127,0.17942,0.24803,0.27359,0.27558,0.27754,0.28204,0.28552,0.29804,0.3235,0.35572,0.37724,0.38892,0.39186,0.39191,0.39029,0.38897,0.38707,0.38256,0.38037,0.37492,0.36837,0.35953,0.3486,0.34123,0.33599,0.33021,0.3258,0.32362,0.32268,0.32506,0.3276,0.33276,0.33373,0.33311,0.3336,0.33552,0.33717,0.33976,0.33931,0.34312
7.5GY 6/2,7.5GY,GY,6,2,0.11622,0.14931,0.18057,0.18716,0.18847,0.19,0.19322,0.19536,0.20529,0.22644,0.25217,0.26722,0.27388,0.27614,0.27539,0.27461,0.27191,0.2688,0.26493,0.26318,0.25823,0.25278,0.24561,0.23819,0.23172,0.22689,0.22217,0.21736,0.21443,0.21289,0.215,0.2158,0.21914,0.21806,0.21608,0.21483,0.21753,0.22267,0.22592,0.22743,0.22999
7.5GY 5/2,7.5GY,GY,5,2,0.09654,0.11632,0.13233,0.13638,0.13577,0.13592,0.13629,0.1369,0.13839,0.14008,0.14153,0.14272,0.15016,0.16996,0.18798,0.19403,0.19323,0.18992,0.18632,0.18291,0.17794,0.16954,0.1591,0.1498,0.14303,0.13887,0.13496,0.13196,0.12922,0.12921,0.13142,0.13343,0.13654,0.13737,0.13637,0.13646,0.13944,0.14308,0.14644,0.14967,0.15102
7.5GY 4/2,7.5GY,GY,4,2,0.07086,0.0787,0.084333,0.085067,0.0841,0.0841,0.084389,0.084656,0.085922,0.0871,0.088678,0.0898,0.094444,0.10716,0.11849,0.12246,0.12189,0.12019,0.11668,0.11512,0.11083,0.10653,0.1002,0.093733,0.090211,0.088067,0.086178,0.084667,0.083833,0.083511,0.085456,0.086733,0.088978,0.090378,0.090944,0.091867,0.093544,0.095933,0.098811,0.099611,0.10243
7.5GY 3/2,7.5GY,GY,3,2,0.0488,0.048378,0.048067,0.048233,0.048644,0.048467,0.049256,0.049356,0.049811,0.049856,0.049933,0.0503,0.053589,0.063222,0.070778,0.072644,0.071389,0.069211,0.066289,0.064589,0.061778,0.057956,0.055433,0.052756,0.052,0.051522,0.051278,0.050833,0.049833,0.049956,0.051911,0.053489,0.055422,0.056167,0.057056,0.059333,0.061433,0.064222,0.065578,0.067167,0.069333
7.5GY 9/4,7.5GY,GY,9,4,0.14402,0.21037,0.32481,0.38166,0.38942,0.39264,0.39996,0.40731,0.43077,0.49014,0.5742,0.64958,0.69891,0.7221,0.72899,0.7277,0.72341,0.71518,0.70277,0.68846,0.66828,0.64134,0.6067,0.57523,0.55271,0.53787,0.52689,0.51406,0.5089,0.50866,0.51583,0.52374,0.53496,0.54141,0.53831,0.53541,0.54307,0.55402,0.56684,0.57567,0.58631
7.5GY 8.5/4,7.5GY,GY,8.5,4,0.14524,0.20489,0.28928,0.32307,0.32568,0.32804,0.33444,0.34038,0.36307,0.41859,0.50004,0.57294,0.61942,0.63804,0.64436,0.64369,0.63989,0.63321,0.62361,0.61269,0.5965,0.5737,0.54239,0.51164,0.48818,0.47568,0.4637,0.45259,0.44798,0.44904,0.45706,0.46691,0.47844,0.48226,0.47643,0.47291,0.48011,0.491,0.50198,0.51181,0.52188
7.5GY 8/4,7.5GY,GY,8,4,0.13922,0.18911,0.25662,0.27904,0.28114,0.28342,0.28958,0.29517,0.31541,0.36593,0.4385,0.49777,0.53149,0.54424,0.54581,0.54439,0.5399,0.53413,0.52448,0.51504,0.50077,0.48011,0.45239,0.42481,0.40526,0.39303,0.382,0.37159,0.36616,0.36771,0.3743,0.38111,0.39134,0.39357,0.38941,0.38621,0.39089,0.40206,0.41278,0.421,0.42933
7.5GY 7/4,7.5GY,GY,7,4,0.12544,0.16172,0.20017,0.21139,0.21102,0.21248,0.21643,0.22042,0.23462,0.26881,0.32061,0.36633,0.39383,0.40341,0.40541,0.40558,0.40273,0.39891,0.39177,0.38508,0.37483,0.35973,0.33952,0.31871,0.30334,0.29319,0.28521,0.27727,0.27284,0.27274,0.27744,0.28267,0.28987,0.29333,0.29033,0.2889,0.29286,0.30106,0.30868,0.31467,0.31962
7.5GY 6/4,7.5GY,GY,6,4,0.09506,0.109,0.12179,0.12367,0.12357,0.12792,0.13529,0.14487,0.15949,0.18107,0.20606,0.23256,0.26113,0.278,0.2842,0.28392,0.28176,0.27816,0.27012,0.26438,0.25483,0.24322,0.22798,0.21184,0.20137,0.19356,0.18609,0.18007,0.17527,0.17492,0.17956,0.18202,0.18774,0.19022,0.18901,0.18822,0.19117,0.19684,0.20263,0.20747,0.21183
7.5GY 5/4,7.5GY,GY,5,4,0.08172,0.092433,0.1008,0.10262,0.10159,0.10158,0.10287,0.10336,0.10623,0.10982,0.11314,0.11612,0.12648,0.15811,0.1958,0.21259,0.21437,0.20974,0.20077,0.19173,0.17977,0.164,0.14567,0.13208,0.12328,0.11811,0.11432,0.10944,0.10712,0.10777,0.11081,0.11319,0.11769,0.12038,0.11969,0.11887,0.12201,0.1268,0.13222,0.13613,0.1395
7.5GY 4/4,7.5GY,GY,4,4,0.05416,0.058189,0.059778,0.0606,0.060811,0.0611,0.062433,0.063544,0.065089,0.066233,0.068122,0.068644,0.076078,0.097356,0.12402,0.13616,0.13758,0.13311,0.12647,0.12117,0.11224,0.10157,0.088256,0.078433,0.072189,0.0686,0.065067,0.063522,0.0629,0.063622,0.067822,0.070311,0.074444,0.076722,0.076589,0.078533,0.082189,0.087656,0.0925,0.0958,0.098111
7.5GY 8.5/6,7.5GY,GY,8.5,6,0.11768,0.16342,0.22332,0.24412,0.24462,0.24817,0.25477,0.26112,0.28174,0.33659,0.4287,0.52982,0.60672,0.64772,0.66259,0.66449,0.65956,0.64931,0.63079,0.6123,0.58614,0.55087,0.50698,0.46773,0.43861,0.42386,0.4109,0.39972,0.39611,0.40062,0.41274,0.42487,0.44031,0.44439,0.43922,0.43728,0.44631,0.46274,0.4768,0.48549,0.4958
7.5GY 8/6,7.5GY,GY,8,6,0.12618,0.16481,0.2058,0.21591,0.2154,0.21802,0.22344,0.23088,0.24982,0.30198,0.38656,0.48133,0.54127,0.5695,0.57877,0.57857,0.57256,0.56201,0.54548,0.5276,0.50343,0.4698,0.43066,0.3957,0.3705,0.35544,0.34244,0.33263,0.32694,0.32879,0.3385,0.34687,0.3601,0.36396,0.35854,0.35559,0.3622,0.37471,0.38874,0.39839,0.41347
7.5GY 7/6,7.5GY,GY,7,6,0.10542,0.12729,0.14543,0.14708,0.14779,0.14909,0.15207,0.1545,0.16961,0.21061,0.27859,0.34567,0.39156,0.41187,0.41761,0.4161,0.41266,0.40766,0.39743,0.38596,0.37003,0.34823,0.31941,0.29404,0.27534,0.26512,0.25534,0.24564,0.2405,0.24012,0.24558,0.25042,0.25902,0.26344,0.26,0.25813,0.26249,0.27253,0.28269,0.29179,0.29819
7.5GY 6/6,7.5GY,GY,6,6,0.07316,0.080811,0.086922,0.088944,0.089667,0.093078,0.097822,0.10664,0.12071,0.14237,0.173,0.21184,0.25919,0.2949,0.30919,0.30862,0.30208,0.2921,0.27704,0.26243,0.24307,0.22114,0.2002,0.18751,0.18093,0.17778,0.17394,0.17207,0.17426,0.17967,0.18621,0.19151,0.19611,0.19693,0.19334,0.1954,0.20367,0.2138,0.22124,0.22384,0.22378
7.5GY 5/6,7.5GY,GY,5,6,0.06018,0.064744,0.068689,0.070833,0.071189,0.071822,0.073933,0.074622,0.076556,0.079267,0.082422,0.085778,0.096989,0.13362,0.19622,0.2373,0.24584,0.23703,0.2197,0.20083,0.17919,0.15232,0.1251,0.10389,0.091689,0.085378,0.081556,0.079144,0.077922,0.080367,0.084656,0.089622,0.0965,0.099467,0.099044,0.10082,0.10684,0.11674,0.12513,0.13047,0.13638
7.5GY 8/8,7.5GY,GY,8,8,0.1079,0.13227,0.15172,0.15607,0.15598,0.15927,0.16458,0.16909,0.18651,0.23477,0.32339,0.43177,0.52609,0.58117,0.60382,0.60611,0.59844,0.58164,0.55603,0.52906,0.49436,0.45122,0.40224,0.36107,0.33398,0.31822,0.30599,0.29434,0.28859,0.29158,0.30107,0.31277,0.32706,0.33136,0.3261,0.32168,0.32954,0.34524,0.35871,0.37136,0.38979
7.5GY 7/8,7.5GY,GY,7,8,0.07596,0.089922,0.1018,0.10499,0.10612,0.10751,0.11029,0.11317,0.12473,0.1574,0.22507,0.3117,0.38659,0.42621,0.43981,0.43979,0.43467,0.42269,0.40613,0.38687,0.363,0.33188,0.29721,0.26558,0.2456,0.23277,0.22303,0.21472,0.21147,0.21282,0.22044,0.22796,0.2373,0.2429,0.24001,0.23534,0.24202,0.25296,0.26284,0.27013,0.28321
7.5GY 6/8,7.5GY,GY,6,8,0.05532,0.056111,0.057789,0.058389,0.060544,0.063489,0.068322,0.0736,0.084767,0.10314,0.13066,0.17371,0.23954,0.30379,0.33716,0.3422,0.33031,0.31183,0.28594,0.26286,0.2341,0.20559,0.18,0.16593,0.15727,0.1534,0.15042,0.15031,0.15217,0.1592,0.16733,0.17327,0.17968,0.17977,0.17589,0.17847,0.18756,0.20307,0.2141,0.21957,0.21924
7.5GY 5/8,7.5GY,GY,5,8,0.04992,0.050233,0.051989,0.051211,0.050433,0.050022,0.051867,0.052967,0.054067,0.056411,0.0589,0.060222,0.067811,0.10432,0.18611,0.26294,0.28613,0.26858,0.23411,0.19999,0.1654,0.1324,0.10306,0.084822,0.075378,0.070956,0.068867,0.066589,0.064978,0.065667,0.070967,0.074578,0.081278,0.083533,0.084367,0.085078,0.090289,0.0983,0.10682,0.11317,0.11839
7.5GY 7/10,7.5GY,GY,7,10,0.0642,0.067689,0.069922,0.070756,0.070144,0.070789,0.071678,0.0736,0.082756,0.10733,0.16149,0.24621,0.34466,0.4184,0.45346,0.46364,0.45933,0.44359,0.41692,0.38728,0.35129,0.30669,0.25992,0.22379,0.20369,0.19247,0.1843,0.17654,0.17186,0.17297,0.17932,0.18838,0.20142,0.20649,0.20382,0.2005,0.20718,0.22113,0.23743,0.24876,0.26607
7.5GY 6/10,7.5GY,GY,6,10,0.05216,0.051211,0.052267,0.051778,0.052422,0.0539,0.058056,0.063433,0.072289,0.087767,0.11288,0.15279,0.22016,0.29996,0.35209,0.36537,0.35509,0.33254,0.30183,0.27154,0.23793,0.20517,0.17742,0.16153,0.153,0.14849,0.14451,0.14281,0.14634,0.15509,0.16563,0.17351,0.18112,0.18141,0.17639,0.17834,0.19159,0.20776,0.2235,0.22851,0.23149
10GY 9/1,10GY,GY,9,1,0.15222,0.2346,0.41176,0.56587,0.60449,0.61081,0.61743,0.62098,0.63383,0.66089,0.68808,0.70294,0.71183,0.71412,0.71557,0.71376,0.71136,0.70881,0.70347,0.70053,0.69348,0.68236,0.66778,0.65309,0.64099,0.63258,0.62638,0.61926,0.61396,0.61219,0.61596,0.62041,0.62619,0.62872,0.62617,0.6252,0.6286,0.63522,0.64196,0.64438,0.64753
10GY 8.5/1,10GY,GY,8.5,1,0.13774,0.21399,0.37816,0.50634,0.53396,0.53807,0.54077,0.54321,0.55309,0.57767,0.60274,0.61663,0.62411,0.62554,0.62402,0.62099,0.61797,0.61516,0.61104,0.60769,0.60158,0.5948,0.58262,0.57157,0.56074,0.55538,0.54922,0.54474,0.54133,0.54052,0.54279,0.54458,0.54744,0.54948,0.54587,0.54487,0.54731,0.54922,0.55266,0.5564,0.55638
10GY 8/1,10GY,GY,8,1,0.13658,0.20646,0.33994,0.42112,0.43571,0.43753,0.44343,0.44684,0.45856,0.48112,0.50218,0.51186,0.51637,0.51759,0.51619,0.51446,0.51192,0.50958,0.50508,0.50312,0.49772,0.49249,0.48456,0.47391,0.46533,0.45998,0.4552,0.44993,0.44751,0.44794,0.45099,0.45199,0.45433,0.45442,0.45076,0.4503,0.45229,0.45372,0.45791,0.46076,0.46154
10GY 7/1,10GY,GY,7,1,0.12504,0.18198,0.2772,0.32027,0.32621,0.32782,0.32997,0.33099,0.33722,0.35292,0.36788,0.37439,0.3782,0.37791,0.37607,0.37452,0.37236,0.37023,0.36819,0.36632,0.36239,0.35872,0.35358,0.34699,0.34181,0.33752,0.33316,0.32907,0.32653,0.32734,0.32839,0.3292,0.33039,0.33058,0.33012,0.33028,0.33232,0.33373,0.33548,0.33478,0.33469
10GY 6/1,10GY,GY,6,1,0.10916,0.15107,0.19897,0.21607,0.21819,0.21887,0.22152,0.2227,0.22826,0.24132,0.25432,0.26126,0.26453,0.26466,0.26369,0.26208,0.25914,0.25718,0.25462,0.25354,0.2502,0.24597,0.24084,0.23559,0.23056,0.22692,0.22376,0.22093,0.21802,0.21786,0.21919,0.22084,0.22261,0.22356,0.22273,0.22211,0.224,0.22624,0.22814,0.22923,0.23083
10GY 5/1,10GY,GY,5,1,0.09594,0.11922,0.14099,0.14604,0.14624,0.1475,0.15053,0.15116,0.15538,0.16507,0.17378,0.17698,0.17929,0.18001,0.17936,0.17864,0.17712,0.1753,0.17193,0.17196,0.17027,0.16809,0.16537,0.16113,0.15762,0.15456,0.15203,0.15096,0.14973,0.14907,0.14996,0.15058,0.15237,0.15267,0.15173,0.1521,0.15292,0.15504,0.15669,0.15841,0.16007
10GY 4/1,10GY,GY,4,1,0.07738,0.086433,0.094011,0.094667,0.0932,0.092289,0.093933,0.0949,0.097656,0.10461,0.11039,0.11282,0.1123,0.11219,0.11161,0.11062,0.11021,0.10959,0.10756,0.10759,0.10522,0.1033,0.10179,0.099333,0.0981,0.097978,0.095111,0.0933,0.091656,0.090689,0.092756,0.0924,0.094333,0.094111,0.094078,0.095011,0.097144,0.098756,0.10096,0.10223,0.10207
10GY 3/1,10GY,GY,3,1,0.05808,0.059189,0.060922,0.060567,0.060056,0.058778,0.059522,0.059244,0.059833,0.060689,0.061067,0.0608,0.0613,0.066511,0.070089,0.070611,0.0704,0.069344,0.067278,0.066667,0.064689,0.0633,0.061756,0.059533,0.056922,0.055911,0.055,0.054722,0.054433,0.055289,0.056956,0.056989,0.058644,0.059978,0.060922,0.061522,0.062744,0.065033,0.067411,0.068322,0.0708
10GY 2.5/1,10GY,GY,2.5,1,0.04772,0.045856,0.0441,0.044633,0.044678,0.045189,0.045756,0.045433,0.045244,0.045078,0.045211,0.045356,0.047044,0.051222,0.0533,0.053378,0.051589,0.050222,0.048722,0.049589,0.048667,0.046833,0.045078,0.043722,0.043589,0.044667,0.045256,0.045833,0.0456,0.045467,0.046533,0.047744,0.0494,0.050233,0.051256,0.052167,0.054178,0.0559,0.057967,0.059667,0.061033
10GY 9/2,10GY,GY,9,2,0.15126,0.22997,0.39128,0.5106,0.5363,0.54193,0.54938,0.55463,0.57453,0.61821,0.66709,0.70251,0.7228,0.73016,0.73109,0.72801,0.72394,0.71852,0.70993,0.70072,0.68538,0.66464,0.63743,0.61091,0.59038,0.57882,0.56782,0.55794,0.55299,0.55259,0.55932,0.56819,0.57906,0.58296,0.58008,0.57714,0.58308,0.59502,0.6031,0.61102,0.62052
10GY 8.5/2,10GY,GY,8.5,2,0.13966,0.2126,0.36174,0.46174,0.47937,0.48277,0.48876,0.49384,0.5097,0.54688,0.59123,0.62133,0.63819,0.64333,0.64349,0.64066,0.63697,0.63111,0.62343,0.61573,0.60559,0.59042,0.56911,0.54961,0.53382,0.52428,0.51568,0.50878,0.50404,0.50513,0.50963,0.51481,0.52203,0.52464,0.51931,0.51804,0.52034,0.52808,0.53489,0.5384,0.54544
10GY 8/2,10GY,GY,8,2,0.1374,0.20533,0.32331,0.38697,0.39604,0.399,0.40273,0.40857,0.42274,0.45707,0.49672,0.52174,0.53509,0.53868,0.53812,0.53527,0.53061,0.52477,0.51722,0.51114,0.50139,0.48916,0.47149,0.45399,0.44012,0.43136,0.42214,0.41574,0.4121,0.41181,0.41516,0.41906,0.42619,0.42647,0.42169,0.41858,0.42117,0.42704,0.43422,0.43976,0.44402
10GY 7/2,10GY,GY,7,2,0.13514,0.18729,0.25708,0.2828,0.28721,0.29169,0.29862,0.30943,0.3257,0.34622,0.36663,0.38324,0.3998,0.40583,0.40623,0.40391,0.4008,0.39573,0.3874,0.37963,0.36766,0.35248,0.33627,0.32371,0.31728,0.31324,0.30859,0.30691,0.30717,0.31007,0.31384,0.31618,0.31977,0.32067,0.31802,0.31903,0.32261,0.33037,0.33244,0.33493,0.3342
10GY 6/2,10GY,GY,6,2,0.10466,0.1388,0.178,0.18993,0.19281,0.19529,0.19847,0.20208,0.21043,0.22969,0.25119,0.26469,0.27109,0.27387,0.27277,0.27117,0.26952,0.26507,0.26192,0.26063,0.2546,0.24687,0.23697,0.22616,0.21633,0.21043,0.20586,0.20061,0.19871,0.20064,0.20517,0.20754,0.21227,0.21307,0.21154,0.212,0.21597,0.22062,0.22513,0.22717,0.22852
10GY 5/2,10GY,GY,5,2,0.09918,0.1157,0.13248,0.13581,0.13667,0.1385,0.14047,0.14141,0.14774,0.16286,0.17976,0.18838,0.19322,0.1942,0.19342,0.19074,0.18839,0.18651,0.18199,0.18207,0.17776,0.17113,0.16248,0.1534,0.14869,0.14382,0.14101,0.13807,0.1354,0.13433,0.13627,0.13777,0.14252,0.14303,0.1408,0.13987,0.14269,0.1473,0.15051,0.15437,0.15709
10GY 4/2,10GY,GY,4,2,0.07104,0.074656,0.078967,0.080589,0.079844,0.081411,0.082144,0.083578,0.087511,0.096211,0.10767,0.11384,0.11674,0.11759,0.11646,0.11459,0.11264,0.11129,0.10812,0.10742,0.10477,0.10181,0.096633,0.092278,0.088078,0.085356,0.083011,0.081611,0.080556,0.080711,0.082467,0.083733,0.0857,0.087244,0.087111,0.086733,0.089078,0.091944,0.094533,0.097022,0.098533
10GY 3/2,10GY,GY,3,2,0.05286,0.054467,0.053711,0.053756,0.053867,0.053556,0.054944,0.055,0.054511,0.0548,0.055378,0.0567,0.0592,0.067856,0.074367,0.075456,0.073844,0.071044,0.067289,0.065989,0.062989,0.060278,0.057111,0.054744,0.053067,0.051256,0.050144,0.050544,0.050244,0.051456,0.052978,0.053078,0.056144,0.057278,0.058544,0.059222,0.060956,0.062889,0.065667,0.066122,0.069444
10GY 2.5/2,10GY,GY,2.5,2,0.04446,0.043844,0.042989,0.043111,0.043111,0.041744,0.0427,0.042622,0.043578,0.045233,0.045878,0.045267,0.046611,0.051867,0.056767,0.057711,0.056256,0.055211,0.051678,0.049622,0.048244,0.046611,0.044344,0.042733,0.041933,0.041233,0.041222,0.042056,0.0431,0.043333,0.045611,0.046489,0.048011,0.049122,0.049689,0.0507,0.052644,0.055111,0.056667,0.059578,0.0609
10GY 9/4,10GY,GY,9,4,0.13236,0.19907,0.32468,0.3951,0.40796,0.41299,0.42291,0.431,0.45683,0.5154,0.59733,0.67081,0.7203,0.74544,0.74868,0.74586,0.73623,0.72156,0.70356,0.68877,0.657,0.62511,0.58309,0.54553,0.51921,0.50426,0.4924,0.48094,0.47697,0.48009,0.49026,0.50346,0.51841,0.52432,0.51843,0.51472,0.52264,0.53898,0.5553,0.56407,0.57817
10GY 8.5/4,10GY,GY,8.5,4,0.13002,0.19271,0.30186,0.35882,0.36681,0.37052,0.37607,0.38383,0.40352,0.45394,0.52731,0.5919,0.6324,0.64856,0.65076,0.64857,0.64212,0.63119,0.61606,0.59901,0.57609,0.54762,0.51262,0.47959,0.45587,0.44311,0.43112,0.42131,0.41603,0.41781,0.42606,0.43559,0.44752,0.45072,0.44446,0.43996,0.44694,0.45854,0.46867,0.47566,0.48673
10GY 8/4,10GY,GY,8,4,0.14032,0.19814,0.27821,0.31131,0.3142,0.31806,0.32436,0.33023,0.34832,0.39,0.4523,0.50863,0.54631,0.56324,0.56697,0.5664,0.5613,0.5522,0.53853,0.52259,0.50104,0.47173,0.43561,0.40302,0.38056,0.36537,0.35319,0.34071,0.33523,0.33622,0.34227,0.35053,0.36267,0.36721,0.36397,0.36214,0.36821,0.38217,0.39459,0.40291,0.41433
10GY 7/4,10GY,GY,7,4,0.10776,0.14839,0.19388,0.20858,0.21166,0.21598,0.22467,0.23708,0.25701,0.2861,0.31988,0.35701,0.39413,0.41626,0.42112,0.41693,0.40936,0.39951,0.38556,0.37092,0.35111,0.32681,0.30438,0.28896,0.27961,0.27568,0.27122,0.26897,0.27138,0.27783,0.28617,0.29069,0.29428,0.29284,0.28833,0.28811,0.29466,0.30127,0.30641,0.30789,0.3042
10GY 6/4,10GY,GY,6,4,0.09692,0.12093,0.14309,0.1488,0.15002,0.15273,0.15618,0.16077,0.1722,0.20174,0.24162,0.27308,0.28966,0.29529,0.29458,0.29243,0.28858,0.28331,0.27562,0.269,0.25646,0.24108,0.21991,0.20057,0.18676,0.17786,0.17088,0.16481,0.16234,0.16471,0.17,0.17549,0.18298,0.18573,0.1837,0.18337,0.18751,0.19588,0.20189,0.20649,0.2125
10GY 5/4,10GY,GY,5,4,0.07944,0.0897,0.097233,0.098267,0.098344,0.099522,0.10161,0.10343,0.1116,0.1326,0.16222,0.18429,0.19487,0.19876,0.19842,0.19569,0.19148,0.18836,0.18119,0.17596,0.16814,0.15678,0.14317,0.12992,0.12043,0.11421,0.11083,0.10664,0.10549,0.10613,0.11006,0.11222,0.11747,0.11973,0.1175,0.11757,0.12027,0.12419,0.12946,0.13712,0.13939
10GY 4/4,10GY,GY,4,4,0.05718,0.057667,0.058233,0.058833,0.059222,0.059622,0.061044,0.061844,0.065756,0.077511,0.098178,0.1178,0.12902,0.1334,0.13224,0.12957,0.12541,0.12161,0.11572,0.11123,0.10471,0.096211,0.087111,0.0807,0.074678,0.072578,0.071378,0.070044,0.069422,0.069144,0.070622,0.0725,0.074644,0.077122,0.077422,0.078367,0.080833,0.083844,0.086244,0.089656,0.093533
10GY 8.5/6,10GY,GY,8.5,6,0.13066,0.18463,0.25577,0.28204,0.28594,0.28987,0.29791,0.30577,0.32896,0.38874,0.48251,0.57744,0.64764,0.68201,0.69081,0.68701,0.67332,0.654,0.62653,0.5957,0.55877,0.5151,0.46481,0.42196,0.39399,0.37777,0.36372,0.35263,0.34556,0.34859,0.36,0.37236,0.38653,0.39238,0.38603,0.38177,0.39094,0.40577,0.42021,0.43207,0.45067
10GY 8/6,10GY,GY,8,6,0.118,0.16529,0.22453,0.24642,0.24884,0.25134,0.25717,0.26349,0.28449,0.33639,0.4193,0.5043,0.56207,0.58631,0.59142,0.58727,0.57834,0.56277,0.53981,0.51453,0.48186,0.44154,0.39368,0.35174,0.3256,0.30931,0.29794,0.28604,0.28188,0.28614,0.29769,0.30973,0.32331,0.32892,0.32404,0.32094,0.32971,0.34446,0.35661,0.36592,0.38029
10GY 7/6,10GY,GY,7,6,0.0994,0.12734,0.1562,0.16517,0.16591,0.16836,0.17611,0.18187,0.20029,0.24626,0.31489,0.37521,0.4125,0.42867,0.42988,0.42639,0.42013,0.40957,0.39413,0.3746,0.35086,0.32041,0.28419,0.25154,0.22981,0.21681,0.20747,0.20031,0.19714,0.20081,0.20949,0.2175,0.22757,0.23223,0.23011,0.2299,0.23939,0.25286,0.26492,0.27217,0.27878
10GY 6/6,10GY,GY,6,6,0.07844,0.093878,0.10622,0.10914,0.11013,0.11187,0.11607,0.11846,0.12966,0.16106,0.21351,0.26467,0.29656,0.30834,0.3097,0.30654,0.30123,0.29418,0.28182,0.26931,0.25036,0.22537,0.19629,0.17142,0.15588,0.14746,0.13963,0.13433,0.13119,0.13279,0.13993,0.14689,0.15467,0.15842,0.15643,0.15582,0.16166,0.17092,0.17924,0.18531,0.19344
10GY 5/6,10GY,GY,5,6,0.06132,0.066922,0.071811,0.073656,0.073933,0.075078,0.076922,0.078978,0.086356,0.1082,0.14638,0.18398,0.20768,0.21567,0.21588,0.21229,0.20837,0.20237,0.19209,0.18154,0.16759,0.14938,0.12798,0.11021,0.099144,0.094311,0.090622,0.087033,0.085111,0.086533,0.090989,0.095433,0.10126,0.10452,0.10474,0.10444,0.10836,0.11529,0.12063,0.12484,0.13178
10GY 7/8,10GY,GY,7,8,0.08462,0.10222,0.11716,0.1206,0.12124,0.1245,0.12954,0.13509,0.1509,0.19153,0.26398,0.34607,0.41123,0.44397,0.45231,0.44952,0.44077,0.42427,0.40087,0.37466,0.34096,0.30034,0.25493,0.2175,0.19291,0.18068,0.17216,0.16423,0.16213,0.1665,0.17713,0.18774,0.19883,0.20448,0.20191,0.20227,0.21316,0.2291,0.24477,0.25282,0.26129
10GY 6/8,10GY,GY,6,8,0.06736,0.073656,0.078533,0.078378,0.079444,0.0817,0.0852,0.088811,0.098511,0.12709,0.18297,0.25154,0.30631,0.33339,0.33904,0.33508,0.32493,0.30933,0.28712,0.26429,0.2365,0.20408,0.17113,0.145,0.12998,0.12269,0.11594,0.1102,0.10809,0.11083,0.11686,0.12317,0.13214,0.13632,0.13467,0.13321,0.13792,0.14742,0.15651,0.16387,0.17499
10GY 5/8,10GY,GY,5,8,0.05176,0.053622,0.053333,0.0536,0.054511,0.054589,0.054778,0.055789,0.062489,0.077133,0.10827,0.15541,0.20128,0.22856,0.23597,0.23496,0.22612,0.2122,0.19067,0.1708,0.14789,0.12306,0.099633,0.084967,0.075378,0.071444,0.069467,0.067278,0.067,0.067389,0.0708,0.073511,0.078467,0.081711,0.081433,0.082011,0.085222,0.091933,0.098922,0.10699,0.11797
10GY 7/10,10GY,GY,7,10,0.08292,0.094678,0.1027,0.10399,0.10378,0.10492,0.10757,0.11197,0.12597,0.16441,0.23866,0.33712,0.43133,0.4927,0.51497,0.51171,0.49293,0.45999,0.41809,0.37564,0.33054,0.28164,0.23379,0.197,0.1758,0.16471,0.15477,0.14627,0.14278,0.14528,0.15361,0.16226,0.17306,0.17653,0.17284,0.17113,0.17731,0.19054,0.20204,0.21199,0.22821
10GY 6/10,10GY,GY,6,10,0.05406,0.055544,0.057622,0.058133,0.0586,0.060633,0.063933,0.070756,0.081767,0.10262,0.1337,0.18098,0.25382,0.32918,0.36906,0.37227,0.3558,0.3263,0.28922,0.25231,0.21349,0.17522,0.13966,0.11502,0.10156,0.0949,0.089922,0.085889,0.083867,0.084922,0.089911,0.095422,0.10203,0.10597,0.1055,0.10638,0.11263,0.12382,0.13328,0.13952,0.14708
2.5G 9/2,2.5G,G,9,2,0.13858,0.21554,0.3812,0.51548,0.54662,0.55321,0.56011,0.56729,0.58584,0.62462,0.67009,0.70136,0.7213,0.72777,0.72791,0.72404,0.71813,0.71102,0.69689,0.6835,0.66323,0.63868,0.60708,0.57633,0.55333,0.54174,0.53048,0.52099,0.51659,0.51942,0.52703,0.5358,0.54759,0.55163,0.54667,0.54306,0.54803,0.55844,0.56981,0.57844,0.58859
2.5G 8/2,2.5G,G,8,2,0.14592,0.21266,0.33378,0.39914,0.40876,0.41261,0.4191,0.42383,0.43918,0.4748,0.51227,0.53357,0.54434,0.54673,0.54664,0.54293,0.53872,0.53493,0.52668,0.51722,0.50476,0.48682,0.46364,0.43914,0.41988,0.40774,0.3963,0.38647,0.38231,0.38598,0.39406,0.40146,0.41081,0.41308,0.40868,0.40581,0.41098,0.42033,0.4297,0.43659,0.44564
2.5G 7/2,2.5G,G,7,2,0.14074,0.19676,0.27647,0.30591,0.31018,0.31217,0.31639,0.32019,0.33241,0.35679,0.3817,0.39391,0.40087,0.40198,0.40071,0.39763,0.39392,0.38968,0.38218,0.37512,0.36439,0.34897,0.32916,0.31028,0.29537,0.28708,0.27807,0.26894,0.2643,0.26269,0.26617,0.27047,0.27648,0.27858,0.27616,0.27417,0.27716,0.28406,0.29072,0.2969,0.30163
2.5G 6/2,2.5G,G,6,2,0.11998,0.15892,0.20337,0.2172,0.21619,0.21692,0.21934,0.2216,0.23066,0.25038,0.27029,0.28133,0.28568,0.2855,0.28413,0.281,0.27788,0.27508,0.26837,0.26359,0.25681,0.24806,0.23607,0.22431,0.21564,0.20888,0.2031,0.19793,0.19536,0.19416,0.19762,0.19967,0.20322,0.20422,0.20194,0.19951,0.20071,0.20592,0.20867,0.21206,0.21487
2.5G 5/2,2.5G,G,5,2,0.1025,0.12228,0.14219,0.14697,0.14712,0.14721,0.14917,0.15072,0.15641,0.1695,0.1853,0.19441,0.19818,0.19883,0.1969,0.19371,0.19182,0.18922,0.18499,0.18221,0.17702,0.17033,0.16049,0.15052,0.14348,0.13816,0.13394,0.13079,0.12909,0.1296,0.13292,0.13499,0.13827,0.14023,0.13964,0.14076,0.14236,0.14681,0.14991,0.15239,0.15507
2.5G 4/2,2.5G,G,4,2,0.0715,0.080044,0.085789,0.086878,0.086767,0.086789,0.087633,0.0884,0.092311,0.10123,0.1103,0.11618,0.11777,0.118,0.11667,0.1145,0.11302,0.11192,0.10841,0.10717,0.10378,0.0992,0.0935,0.087322,0.083433,0.082089,0.079856,0.078644,0.0778,0.077278,0.078922,0.080456,0.083744,0.084578,0.084956,0.0845,0.086456,0.089356,0.092411,0.0941,0.095522
2.5G 3/2,2.5G,G,3,2,0.05116,0.0533,0.054567,0.0535,0.053767,0.054178,0.055467,0.056411,0.058956,0.064511,0.071233,0.073922,0.074278,0.073956,0.073489,0.072078,0.071344,0.069944,0.067867,0.066833,0.0652,0.061433,0.057378,0.0539,0.053111,0.051178,0.051122,0.051867,0.049378,0.050567,0.052656,0.052833,0.055556,0.056644,0.056678,0.057422,0.059189,0.061667,0.0634,0.065278,0.0674
2.5G 2.5/2,2.5G,G,2.5,2,0.04122,0.040244,0.039722,0.040444,0.041222,0.041878,0.043478,0.044911,0.047267,0.050822,0.054544,0.057389,0.060044,0.060467,0.059511,0.058467,0.0564,0.054611,0.0522,0.051322,0.0496,0.0471,0.045067,0.043722,0.043056,0.042333,0.043422,0.043544,0.043856,0.044578,0.046333,0.046578,0.047822,0.049356,0.050544,0.052578,0.0542,0.056167,0.057822,0.058689,0.058844
2.5G 8/4,2.5G,G,8,4,0.14474,0.20848,0.31073,0.35723,0.36376,0.36908,0.37614,0.38374,0.40552,0.45302,0.51109,0.55403,0.57874,0.58788,0.5877,0.58067,0.57133,0.55758,0.53834,0.51689,0.48862,0.45182,0.40896,0.37306,0.34922,0.33441,0.3221,0.3098,0.30318,0.30272,0.30898,0.3167,0.32894,0.33427,0.33132,0.32932,0.33404,0.34771,0.36016,0.36794,0.37859
2.5G 7/4,2.5G,G,7,4,0.12904,0.1754,0.23012,0.24862,0.25087,0.25333,0.25781,0.26379,0.27977,0.31749,0.36302,0.39501,0.41196,0.4167,0.41523,0.41039,0.40278,0.39506,0.38232,0.36756,0.3477,0.32304,0.29242,0.26413,0.24476,0.23254,0.22312,0.21432,0.2093,0.21129,0.21756,0.22449,0.23277,0.23593,0.23194,0.22901,0.23352,0.24423,0.2521,0.26097,0.27226
2.5G 6/4,2.5G,G,6,4,0.10766,0.13614,0.16308,0.17006,0.17027,0.17461,0.17853,0.18444,0.19683,0.22607,0.26064,0.28609,0.29729,0.299,0.2982,0.29654,0.28992,0.28208,0.26866,0.2574,0.23999,0.21783,0.19257,0.1711,0.1571,0.15017,0.14336,0.13813,0.13298,0.1332,0.13626,0.1401,0.14728,0.15144,0.1496,0.14967,0.15418,0.16036,0.16806,0.17429,0.18066
2.5G 5/4,2.5G,G,5,4,0.08012,0.091733,0.1033,0.10718,0.10912,0.11204,0.11706,0.12532,0.13814,0.15406,0.17038,0.18596,0.19878,0.2045,0.20463,0.20142,0.19614,0.1889,0.17762,0.16772,0.15442,0.13872,0.1245,0.11649,0.11236,0.10958,0.10894,0.10734,0.10937,0.11156,0.11716,0.12066,0.12514,0.12551,0.12343,0.12316,0.12848,0.13612,0.14219,0.14391,0.14423
2.5G 4/4,2.5G,G,4,4,0.0644,0.0682,0.070322,0.071578,0.072178,0.072967,0.075622,0.076867,0.082278,0.095489,0.11543,0.13012,0.13809,0.14082,0.13939,0.13651,0.13122,0.12557,0.1169,0.11003,0.099522,0.088767,0.077189,0.069356,0.065433,0.063711,0.062122,0.060789,0.059956,0.0591,0.062256,0.063933,0.0677,0.069611,0.069889,0.071444,0.074133,0.077144,0.0798,0.082678,0.086933
2.5G 3/4,2.5G,G,3,4,0.042,0.042456,0.043422,0.043156,0.044278,0.045422,0.0469,0.049189,0.053511,0.061078,0.070233,0.078911,0.085867,0.088067,0.086233,0.081811,0.076211,0.071089,0.064511,0.061078,0.0557,0.049511,0.048156,0.045833,0.045989,0.045589,0.046989,0.047111,0.047422,0.050167,0.050533,0.051089,0.052756,0.053811,0.054778,0.057478,0.060711,0.062844,0.064489,0.065178,0.0663
2.5G 8/6,2.5G,G,8,6,0.13168,0.18543,0.26426,0.29521,0.30026,0.30308,0.30988,0.31766,0.34409,0.39633,0.47252,0.54731,0.60119,0.62413,0.62358,0.61148,0.59173,0.56389,0.5286,0.49303,0.45251,0.40856,0.36267,0.32383,0.29967,0.28632,0.27461,0.26487,0.25817,0.25963,0.26643,0.27483,0.28522,0.28984,0.28463,0.28024,0.28529,0.29681,0.30891,0.31678,0.33132
2.5G 7/6,2.5G,G,7,6,0.12224,0.15758,0.19719,0.20696,0.20837,0.20994,0.21722,0.22454,0.24328,0.2895,0.35326,0.4051,0.43728,0.44777,0.4471,0.44104,0.42911,0.4131,0.38911,0.36284,0.33334,0.29611,0.2562,0.22294,0.20219,0.19043,0.18008,0.17153,0.16666,0.16804,0.17499,0.18254,0.19237,0.19524,0.19136,0.18964,0.19583,0.20708,0.21663,0.22686,0.23933
2.5G 6/6,2.5G,G,6,6,0.10206,0.1237,0.13933,0.14411,0.14361,0.14658,0.15096,0.15684,0.17206,0.20531,0.25304,0.29353,0.31708,0.32618,0.32583,0.32053,0.31032,0.2957,0.27284,0.25147,0.22663,0.19669,0.16729,0.14509,0.13167,0.12387,0.11701,0.11198,0.10791,0.10757,0.1114,0.11547,0.12143,0.12468,0.12662,0.12601,0.13103,0.13821,0.14562,0.15127,0.15946
2.5G 5/6,2.5G,G,5,6,0.07998,0.0888,0.096033,0.0972,0.096489,0.097689,0.10069,0.10402,0.1145,0.13793,0.17309,0.20298,0.22204,0.22944,0.2279,0.2218,0.21388,0.20234,0.18417,0.16768,0.14846,0.1282,0.10771,0.092867,0.084222,0.079544,0.077378,0.074911,0.073789,0.073167,0.076356,0.078322,0.083256,0.0846,0.085622,0.085989,0.088133,0.093144,0.099856,0.10373,0.10886
2.5G 4/6,2.5G,G,4,6,0.0553,0.055944,0.056489,0.0568,0.057244,0.057289,0.058222,0.059211,0.064244,0.0775,0.10196,0.12776,0.14663,0.15402,0.15176,0.14423,0.13362,0.12016,0.10413,0.090667,0.079078,0.0679,0.059189,0.0546,0.0519,0.050311,0.049544,0.049733,0.0501,0.050711,0.053067,0.053833,0.055789,0.057089,0.057522,0.059822,0.0621,0.065411,0.068133,0.070811,0.074344
2.5G 7/8,2.5G,G,7,8,0.10434,0.13341,0.16548,0.1746,0.17592,0.18003,0.18612,0.19394,0.21354,0.26021,0.33543,0.41261,0.46876,0.49129,0.49051,0.47938,0.46173,0.43433,0.39761,0.36021,0.31872,0.27212,0.22504,0.18871,0.16876,0.1579,0.14916,0.1419,0.13852,0.14011,0.14853,0.15787,0.16909,0.17263,0.16979,0.16864,0.1753,0.18802,0.19907,0.20806,0.22111
2.5G 6/8,2.5G,G,6,8,0.0923,0.10512,0.11704,0.11973,0.11916,0.12152,0.12519,0.13104,0.14503,0.18014,0.23863,0.30214,0.35084,0.36984,0.36827,0.35717,0.33673,0.31018,0.27713,0.24518,0.21338,0.17988,0.14819,0.12611,0.11421,0.1078,0.10268,0.097611,0.0951,0.095478,0.099756,0.10466,0.11033,0.11221,0.11112,0.11114,0.1152,0.12248,0.12967,0.13536,0.14188
2.5G 5/8,2.5G,G,5,8,0.06588,0.071744,0.075833,0.077744,0.078011,0.079333,0.080644,0.083156,0.090878,0.11287,0.15469,0.20587,0.24843,0.26746,0.26318,0.25004,0.22884,0.20359,0.17497,0.15028,0.12633,0.10508,0.086978,0.075844,0.070567,0.067944,0.066222,0.064133,0.062611,0.062556,0.065533,0.068122,0.072,0.073344,0.073889,0.073489,0.076922,0.080033,0.085011,0.088533,0.0924
2.5G 7/10,2.5G,G,7,10,0.09386,0.1152,0.13504,0.14117,0.14331,0.14584,0.1526,0.15928,0.17614,0.22081,0.29923,0.39609,0.48501,0.53317,0.53631,0.5151,0.47888,0.43201,0.3795,0.33069,0.28143,0.23304,0.18593,0.15317,0.13348,0.12353,0.11647,0.11131,0.10896,0.11057,0.11647,0.12149,0.13117,0.13541,0.13537,0.1359,0.14387,0.15569,0.16712,0.17499,0.18492
2.5G 6/10,2.5G,G,6,10,0.07334,0.083311,0.092833,0.095833,0.098056,0.10049,0.10441,0.10849,0.121,0.15367,0.21342,0.2893,0.36642,0.40847,0.40876,0.38832,0.35617,0.31518,0.26961,0.22812,0.18842,0.15038,0.11829,0.096622,0.085956,0.080556,0.077822,0.0745,0.073467,0.074989,0.079233,0.0847,0.090511,0.093044,0.092311,0.093144,0.098911,0.10839,0.11753,0.12501,0.12932
2.5G 5/10,2.5G,G,5,10,0.05574,0.062122,0.063278,0.062844,0.0636,0.066189,0.0699,0.073856,0.082378,0.10573,0.14746,0.2007,0.25044,0.27651,0.27686,0.26419,0.24281,0.21393,0.1792,0.14972,0.12211,0.096033,0.075067,0.061444,0.054456,0.050667,0.048178,0.047511,0.048156,0.049411,0.054011,0.055256,0.060211,0.0617,0.061644,0.063144,0.069667,0.076133,0.082089,0.086056,0.089044
2.5G 6/12,2.5G,G,6,12,0.07312,0.079856,0.085767,0.085267,0.086633,0.088078,0.092089,0.097222,0.10883,0.13931,0.19857,0.28051,0.36784,0.41869,0.42067,0.39498,0.35566,0.30667,0.25514,0.21069,0.17148,0.13539,0.10614,0.087233,0.077389,0.072967,0.069767,0.067911,0.067767,0.068356,0.072389,0.073933,0.080189,0.082767,0.083344,0.084756,0.089267,0.096656,0.10371,0.10987,0.11601
5G 9/1,5G,G,9,1,0.14226,0.22142,0.40363,0.57676,0.62742,0.63529,0.64318,0.64712,0.65848,0.67907,0.69787,0.70833,0.71549,0.71713,0.71507,0.71293,0.70972,0.70547,0.69968,0.69276,0.68226,0.66779,0.64751,0.62747,0.61058,0.60103,0.59297,0.5838,0.58129,0.58396,0.5888,0.5946,0.60313,0.60673,0.6043,0.6035,0.60956,0.61834,0.62877,0.63201,0.63658
5G 8/1,5G,G,8,1,0.13486,0.20864,0.35674,0.46189,0.48167,0.48466,0.48691,0.4872,0.49558,0.51193,0.5265,0.53512,0.53967,0.5394,0.53693,0.53296,0.52903,0.52616,0.52148,0.51631,0.50883,0.49883,0.48601,0.4726,0.46152,0.45438,0.44797,0.44154,0.43696,0.43706,0.44008,0.44378,0.44716,0.44738,0.44426,0.44178,0.44406,0.44962,0.45543,0.45727,0.45977
5G 7/1,5G,G,7,1,0.13662,0.20002,0.29722,0.33947,0.34276,0.34282,0.3441,0.34447,0.35137,0.36747,0.38341,0.39061,0.39374,0.39207,0.38887,0.38597,0.38227,0.37882,0.37506,0.37122,0.36639,0.36083,0.35258,0.34422,0.33767,0.33174,0.32608,0.32172,0.3183,0.31736,0.31897,0.31984,0.32084,0.32048,0.31884,0.3171,0.31856,0.32106,0.32273,0.32492,0.32531
5G 6/1,5G,G,6,1,0.12552,0.17314,0.2263,0.24331,0.24356,0.24346,0.24477,0.24322,0.2488,0.2594,0.26878,0.27278,0.27506,0.2741,0.27209,0.26981,0.26706,0.2638,0.2608,0.25867,0.25581,0.25159,0.246,0.23979,0.23393,0.22983,0.22497,0.22128,0.21896,0.2187,0.21868,0.21841,0.2185,0.21793,0.21569,0.21579,0.21608,0.21859,0.22224,0.22384,0.22543
5G 5/1,5G,G,5,1,0.10592,0.13251,0.15639,0.16242,0.16277,0.16298,0.16404,0.16296,0.16687,0.17504,0.1818,0.18368,0.18608,0.18572,0.18424,0.18312,0.18152,0.17951,0.17658,0.17449,0.17212,0.16813,0.16366,0.15927,0.15543,0.15234,0.14981,0.14772,0.14543,0.14348,0.1445,0.14552,0.14647,0.14586,0.14484,0.145,0.14671,0.14967,0.15176,0.15344,0.15528
5G 4/1,5G,G,4,1,0.0804,0.091933,0.10017,0.10286,0.10308,0.10216,0.10286,0.10218,0.1045,0.10991,0.11461,0.11689,0.1176,0.11756,0.11683,0.11527,0.11301,0.11162,0.10954,0.10869,0.10707,0.10502,0.1022,0.099511,0.096633,0.094656,0.092378,0.090956,0.090011,0.089667,0.091678,0.093067,0.0943,0.095211,0.095733,0.096133,0.096456,0.098256,0.10012,0.10084,0.10236
5G 3/1,5G,G,3,1,0.0507,0.054422,0.055867,0.055722,0.055211,0.056178,0.057622,0.058867,0.060589,0.063778,0.065989,0.066556,0.067022,0.066133,0.0652,0.065211,0.064978,0.063989,0.061456,0.061622,0.060289,0.0583,0.057478,0.056222,0.055189,0.054211,0.052967,0.052811,0.0533,0.053544,0.055533,0.056533,0.057589,0.059,0.059267,0.060211,0.061822,0.063944,0.065211,0.066511,0.066344
5G 2.5/1,5G,G,2.5,1,0.04724,0.045933,0.0449,0.045289,0.046333,0.046622,0.047411,0.048722,0.050378,0.052644,0.054289,0.055433,0.055567,0.055256,0.054878,0.053344,0.053067,0.052244,0.049889,0.048311,0.048011,0.047278,0.046889,0.046556,0.046622,0.046589,0.046722,0.046633,0.046378,0.047456,0.048867,0.050189,0.050456,0.051444,0.053744,0.055211,0.057489,0.059489,0.0611,0.061633,0.061933
5G 9/2,5G,G,9,2,0.15686,0.23786,0.41586,0.57239,0.61489,0.6222,0.63053,0.63773,0.65442,0.68689,0.71988,0.74166,0.75719,0.76247,0.76174,0.75782,0.74937,0.73944,0.72426,0.70721,0.68601,0.6565,0.61928,0.58641,0.5628,0.54801,0.53453,0.52279,0.51633,0.51689,0.5228,0.53288,0.54453,0.55003,0.5462,0.54311,0.55223,0.56382,0.57698,0.58526,0.59724
5G 8/2,5G,G,8,2,0.1511,0.22438,0.36039,0.43894,0.45003,0.45376,0.45834,0.46316,0.47919,0.51168,0.54552,0.56369,0.57348,0.57527,0.57288,0.56884,0.56337,0.55647,0.54724,0.5369,0.52023,0.49946,0.47211,0.44464,0.42516,0.41227,0.40102,0.39067,0.38431,0.38437,0.39089,0.40111,0.40978,0.41032,0.4058,0.4027,0.40792,0.41616,0.42582,0.43288,0.44432
5G 7/2,5G,G,7,2,0.14312,0.20193,0.28981,0.32622,0.32903,0.32957,0.3342,0.33678,0.34728,0.36973,0.39238,0.40423,0.40967,0.4106,0.40754,0.40384,0.40087,0.39629,0.3897,0.38201,0.37227,0.35867,0.34069,0.32136,0.30751,0.29883,0.29024,0.28282,0.2782,0.27767,0.28168,0.28603,0.2902,0.29056,0.28699,0.28428,0.28686,0.29452,0.30133,0.30467,0.3112
5G 6/2,5G,G,6,2,0.1264,0.16821,0.21499,0.23099,0.2322,0.23444,0.23673,0.24027,0.2475,0.2644,0.27997,0.28797,0.29312,0.29339,0.29199,0.28919,0.28623,0.28253,0.27642,0.27023,0.26227,0.25041,0.2342,0.21722,0.20502,0.19796,0.19197,0.18587,0.18196,0.18311,0.18726,0.19053,0.1948,0.19678,0.19402,0.19242,0.19633,0.20282,0.20792,0.21209,0.21654
5G 5/2,5G,G,5,2,0.09704,0.12143,0.14396,0.1501,0.15001,0.15079,0.15314,0.15492,0.16027,0.17281,0.18456,0.19103,0.19359,0.19313,0.19023,0.18839,0.18656,0.18283,0.17902,0.17661,0.17129,0.16326,0.15257,0.14226,0.13549,0.13181,0.12719,0.12391,0.12163,0.12206,0.12547,0.12801,0.13221,0.13376,0.13161,0.13077,0.13401,0.13808,0.14322,0.14703,0.14942
5G 4/2,5G,G,4,2,0.07758,0.086689,0.093089,0.093722,0.092222,0.092311,0.093767,0.095289,0.0999,0.10822,0.1165,0.12037,0.12124,0.12024,0.11883,0.11776,0.11659,0.11484,0.11174,0.10842,0.10429,0.10017,0.093233,0.086233,0.082389,0.079567,0.077756,0.076078,0.075167,0.075767,0.0779,0.0795,0.081033,0.081722,0.0821,0.083844,0.085389,0.089189,0.091789,0.094789,0.096267
5G 3/2,5G,G,3,2,0.05174,0.051411,0.051578,0.0509,0.052611,0.053944,0.055922,0.057844,0.061322,0.065744,0.069567,0.071644,0.074444,0.074878,0.074389,0.072967,0.071389,0.068767,0.065244,0.062656,0.060244,0.057122,0.054,0.052111,0.052056,0.0512,0.0509,0.052267,0.052822,0.053567,0.056378,0.056667,0.058211,0.058933,0.059644,0.062278,0.065433,0.066878,0.068256,0.068467,0.068878
5G 2.5/2,5G,G,2.5,2,0.04402,0.042689,0.0431,0.043578,0.043733,0.043622,0.044289,0.0447,0.048078,0.051656,0.055744,0.056844,0.059611,0.059533,0.058189,0.056411,0.053578,0.051622,0.049678,0.047433,0.045744,0.0441,0.043622,0.042656,0.042533,0.042656,0.042467,0.042311,0.041933,0.043011,0.045433,0.046211,0.048489,0.049733,0.049833,0.050989,0.053144,0.055922,0.057556,0.058367,0.059689
5G 8/4,5G,G,8,4,0.13158,0.19663,0.30821,0.36779,0.37952,0.38433,0.39268,0.40083,0.42051,0.45988,0.50772,0.54529,0.56882,0.57594,0.5739,0.56738,0.55853,0.54421,0.5253,0.50259,0.47144,0.43628,0.39302,0.35406,0.32588,0.31041,0.29796,0.28671,0.28093,0.28309,0.29236,0.3032,0.31377,0.32079,0.31856,0.31797,0.3283,0.34478,0.36016,0.36639,0.37676
5G 7/4,5G,G,7,4,0.12404,0.17307,0.24002,0.26542,0.26926,0.27312,0.281,0.28796,0.30501,0.33957,0.37756,0.4024,0.4172,0.42094,0.41941,0.41633,0.40846,0.39727,0.38196,0.36339,0.34178,0.31296,0.27938,0.24977,0.23104,0.21819,0.20777,0.19887,0.19521,0.19514,0.20192,0.20832,0.21827,0.223,0.22073,0.21841,0.22336,0.23453,0.24339,0.24987,0.25987
5G 6/4,5G,G,6,4,0.10382,0.13287,0.16794,0.17828,0.18072,0.18388,0.18948,0.19497,0.20822,0.23482,0.26557,0.28611,0.29851,0.30028,0.29822,0.29556,0.28982,0.28093,0.26962,0.2558,0.23778,0.2149,0.18688,0.16309,0.1481,0.14057,0.13429,0.12868,0.1263,0.12743,0.13404,0.13996,0.14751,0.15144,0.14967,0.1487,0.15299,0.16164,0.1699,0.1742,0.18043
5G 5/4,5G,G,5,4,0.08928,0.10639,0.11889,0.12206,0.12469,0.12684,0.13017,0.13288,0.14142,0.16008,0.18099,0.19367,0.20304,0.20559,0.20424,0.20039,0.19532,0.1889,0.17866,0.16844,0.15547,0.13917,0.12068,0.10549,0.095256,0.090511,0.088367,0.085378,0.083767,0.084056,0.087911,0.091,0.095933,0.097644,0.0972,0.095889,0.099889,0.10531,0.1097,0.11587,0.12194
5G 4/4,5G,G,4,4,0.05688,0.064211,0.069778,0.071489,0.071189,0.072622,0.0744,0.075756,0.081689,0.095678,0.11247,0.12406,0.13118,0.13191,0.1297,0.12738,0.12258,0.11766,0.10963,0.1019,0.092389,0.082178,0.070644,0.061233,0.056522,0.054089,0.051944,0.049778,0.049478,0.0505,0.054433,0.056111,0.058611,0.061356,0.062422,0.063833,0.066856,0.071167,0.074356,0.077022,0.079744
5G 3/4,5G,G,3,4,0.04796,0.048089,0.047422,0.048622,0.049133,0.050411,0.050878,0.052822,0.058156,0.066689,0.074756,0.081989,0.088278,0.089633,0.087267,0.082922,0.077967,0.0714,0.066044,0.060711,0.055422,0.049744,0.046722,0.045756,0.046089,0.047611,0.046656,0.047633,0.047389,0.047711,0.050244,0.051322,0.0532,0.055,0.056233,0.0582,0.062,0.064956,0.065756,0.066533,0.066989
5G 8/6,5G,G,8,6,0.13654,0.19717,0.28784,0.33017,0.34251,0.35088,0.36298,0.37791,0.40167,0.45228,0.51873,0.5814,0.62939,0.65037,0.64922,0.63634,0.61463,0.58417,0.54423,0.50342,0.45811,0.40441,0.3472,0.30018,0.27162,0.25599,0.24164,0.22966,0.2255,0.22899,0.23983,0.25232,0.26734,0.27616,0.27292,0.27044,0.2806,0.29759,0.31264,0.32393,0.33983
5G 7/6,5G,G,7,6,0.1224,0.16696,0.2238,0.24384,0.24734,0.251,0.25813,0.26661,0.28459,0.32547,0.38024,0.4249,0.45738,0.46661,0.46221,0.45174,0.43696,0.41536,0.3862,0.35458,0.32066,0.28341,0.24404,0.21271,0.19462,0.18428,0.17592,0.16766,0.16242,0.16303,0.17027,0.17716,0.18561,0.18993,0.18504,0.18209,0.18679,0.19597,0.20506,0.21334,0.22318
5G 6/6,5G,G,6,6,0.10304,0.12886,0.156,0.16312,0.16614,0.16952,0.17402,0.18051,0.19511,0.22731,0.27167,0.31027,0.33539,0.34143,0.33717,0.32808,0.31409,0.29493,0.27227,0.24774,0.22061,0.19001,0.16056,0.13722,0.12356,0.11696,0.11314,0.10883,0.10641,0.1063,0.10957,0.11431,0.11943,0.12378,0.12246,0.12174,0.12551,0.13303,0.13812,0.14197,0.14972
5G 5/6,5G,G,5,6,0.0914,0.10214,0.11021,0.11224,0.11227,0.11333,0.11689,0.12378,0.13211,0.15003,0.17301,0.19179,0.20949,0.22397,0.23557,0.23999,0.23206,0.21349,0.19022,0.1656,0.143,0.12003,0.099222,0.085122,0.077844,0.073678,0.070222,0.068978,0.069133,0.068956,0.072956,0.075378,0.079578,0.081667,0.081544,0.081311,0.0847,0.090289,0.095456,0.099267,0.10562
5G 4/6,5G,G,4,6,0.06052,0.062222,0.064067,0.064189,0.064722,0.065411,0.067789,0.070311,0.077011,0.092478,0.11634,0.14152,0.16028,0.16631,0.161,0.15227,0.13998,0.12294,0.10508,0.089767,0.078044,0.066278,0.057578,0.052378,0.050667,0.048678,0.047267,0.046911,0.047944,0.048533,0.0518,0.052056,0.054022,0.057433,0.057667,0.058689,0.061622,0.064256,0.066856,0.068622,0.072389
5G 7/8,5G,G,7,8,0.11652,0.15071,0.19093,0.20412,0.20776,0.21168,0.21846,0.23081,0.25446,0.30583,0.37717,0.44236,0.49077,0.50677,0.49932,0.48257,0.45609,0.42196,0.37849,0.33651,0.2938,0.24921,0.20336,0.1704,0.14993,0.13913,0.13166,0.12528,0.12343,0.12432,0.13106,0.13838,0.14747,0.15079,0.14853,0.14621,0.15228,0.1639,0.17333,0.18336,0.19626
5G 6/8,5G,G,6,8,0.09052,0.11089,0.12689,0.13099,0.13284,0.13644,0.14253,0.15178,0.16907,0.20594,0.26134,0.31341,0.35158,0.36276,0.35666,0.34311,0.32152,0.28998,0.25448,0.22214,0.1887,0.15507,0.1237,0.10178,0.090622,0.086233,0.082711,0.080033,0.0775,0.077267,0.0811,0.086211,0.091589,0.094144,0.093356,0.0923,0.095533,0.10089,0.10684,0.11339,0.1215
5G 5/8,5G,G,5,8,0.0788,0.086089,0.090711,0.091778,0.092522,0.093011,0.095878,0.10103,0.1122,0.13773,0.17702,0.22204,0.26221,0.27839,0.27359,0.256,0.22962,0.19803,0.16581,0.13716,0.11244,0.090878,0.0753,0.067522,0.062778,0.061289,0.059678,0.058067,0.057144,0.056911,0.060311,0.062522,0.066711,0.069589,0.069289,0.070733,0.073411,0.0779,0.079644,0.083544,0.088311
5G 4/8,5G,G,4,8,0.0508,0.055211,0.058289,0.058444,0.059622,0.060444,0.061311,0.063833,0.070289,0.084089,0.10432,0.13372,0.16837,0.18384,0.17646,0.15887,0.1366,0.11266,0.091733,0.075556,0.063978,0.054689,0.046,0.041767,0.041089,0.0405,0.041222,0.042044,0.0428,0.042811,0.044844,0.045711,0.048022,0.048611,0.051211,0.053356,0.0568,0.059322,0.061,0.061344,0.062144
5G 7/10,5G,G,7,10,0.09558,0.12439,0.15742,0.17188,0.17846,0.18649,0.1983,0.21217,0.23519,0.28543,0.35757,0.43051,0.49406,0.51787,0.50762,0.48074,0.44473,0.3972,0.34739,0.30157,0.25553,0.21038,0.16967,0.14087,0.12617,0.11737,0.11147,0.10564,0.10317,0.10487,0.11121,0.1193,0.12932,0.13278,0.13103,0.12858,0.13381,0.14491,0.15371,0.1617,0.17246
5G 6/10,5G,G,6,10,0.09136,0.11019,0.12654,0.13071,0.1326,0.13466,0.13918,0.14681,0.16321,0.1989,0.25711,0.32683,0.39072,0.41533,0.40218,0.37254,0.33467,0.2906,0.24653,0.20583,0.17242,0.14148,0.11607,0.099644,0.090856,0.087444,0.084067,0.079956,0.0788,0.0773,0.080744,0.084044,0.088289,0.089044,0.088844,0.090067,0.093256,0.099622,0.10422,0.10687,0.11209
7.5G 9/2,7.5G,G,9,2,0.1396,0.21494,0.38929,0.55456,0.60349,0.61419,0.62403,0.63146,0.6473,0.67468,0.70351,0.72356,0.73949,0.74263,0.74143,0.73811,0.73202,0.72237,0.7085,0.69081,0.6673,0.63662,0.59736,0.55976,0.53194,0.516,0.50276,0.49341,0.4887,0.49326,0.50237,0.51567,0.52788,0.53344,0.53092,0.5304,0.54164,0.55679,0.57221,0.57983,0.58724
7.5G 8/2,7.5G,G,8,2,0.14936,0.22414,0.36061,0.44309,0.45781,0.45956,0.46486,0.47037,0.48281,0.51118,0.5381,0.55354,0.56113,0.56174,0.55956,0.55447,0.54963,0.5422,0.53249,0.52103,0.50468,0.48274,0.45428,0.42564,0.40496,0.39313,0.38144,0.37007,0.3652,0.36608,0.37216,0.38017,0.39039,0.39304,0.38794,0.38483,0.39013,0.40163,0.40966,0.41942,0.42631
7.5G 7/2,7.5G,G,7,2,0.12234,0.17963,0.26921,0.31039,0.31712,0.31871,0.3227,0.32568,0.33518,0.35444,0.37507,0.38643,0.39333,0.3945,0.39209,0.38762,0.38349,0.37949,0.37219,0.36342,0.35188,0.33766,0.31584,0.29253,0.27508,0.26514,0.25604,0.24864,0.24729,0.24964,0.2578,0.26354,0.2689,0.27248,0.27092,0.27124,0.27766,0.28593,0.29443,0.29637,0.30046
7.5G 6/2,7.5G,G,6,2,0.12232,0.16541,0.21367,0.22896,0.23071,0.23013,0.23224,0.23351,0.24233,0.25922,0.27451,0.2818,0.28642,0.28712,0.28397,0.28029,0.27793,0.27446,0.26824,0.2612,0.25243,0.24207,0.22688,0.21211,0.20149,0.19462,0.18779,0.18322,0.18021,0.17992,0.18338,0.1876,0.19061,0.19194,0.18829,0.18706,0.18959,0.19558,0.20138,0.20428,0.20783
7.5G 5/2,7.5G,G,5,2,0.0971,0.12278,0.1462,0.15261,0.15222,0.15411,0.15659,0.15767,0.16434,0.17577,0.18713,0.19091,0.19252,0.1913,0.18914,0.18687,0.18391,0.18136,0.17728,0.17192,0.1652,0.15582,0.14533,0.13903,0.13588,0.13371,0.13201,0.1309,0.1321,0.13421,0.13788,0.14016,0.1417,0.14254,0.14282,0.14459,0.14961,0.15341,0.1561,0.15611,0.15617
7.5G 4/2,7.5G,G,4,2,0.07918,0.089744,0.096956,0.097711,0.097478,0.097933,0.099667,0.10118,0.10464,0.11216,0.11837,0.12052,0.12177,0.12162,0.1207,0.11999,0.11853,0.11597,0.112,0.10792,0.10284,0.0976,0.090344,0.084311,0.080156,0.076311,0.073867,0.071478,0.069989,0.069878,0.073344,0.075156,0.077567,0.0793,0.079922,0.080756,0.082533,0.085956,0.088256,0.0907,0.094533
7.5G 3/2,7.5G,G,3,2,0.05358,0.054489,0.055011,0.054956,0.055211,0.055733,0.057811,0.058911,0.060889,0.066189,0.0721,0.074089,0.075056,0.074889,0.073589,0.071922,0.069844,0.066767,0.063511,0.061011,0.058522,0.054144,0.052167,0.051544,0.051467,0.051289,0.0515,0.050444,0.050544,0.050656,0.053033,0.054911,0.056622,0.056922,0.057489,0.058689,0.0615,0.064611,0.066511,0.066844,0.067878
7.5G 2.5/2,7.5G,G,2.5,2,0.04162,0.039344,0.039244,0.038856,0.038789,0.039222,0.041478,0.043656,0.046889,0.049633,0.053333,0.054789,0.055889,0.056233,0.056,0.054211,0.052522,0.049933,0.0472,0.045944,0.044178,0.040722,0.038333,0.038222,0.038578,0.039611,0.039978,0.039633,0.040756,0.0402,0.042222,0.042189,0.043278,0.045089,0.046322,0.0486,0.051522,0.0535,0.054478,0.054078,0.054356
7.5G 8/4,7.5G,G,8,4,0.12682,0.19268,0.31257,0.38271,0.39673,0.4031,0.4137,0.4233,0.44058,0.47692,0.5198,0.55259,0.57689,0.58408,0.58096,0.575,0.56478,0.5494,0.52876,0.5009,0.46853,0.42829,0.38128,0.33892,0.31142,0.29509,0.2851,0.27521,0.2699,0.276,0.28681,0.29863,0.31147,0.31616,0.3113,0.31198,0.3211,0.33907,0.35574,0.3653,0.37052
7.5G 7/4,7.5G,G,7,4,0.12418,0.17817,0.25138,0.28608,0.29432,0.29908,0.30713,0.31751,0.33422,0.36442,0.39772,0.4215,0.43439,0.43691,0.43319,0.42769,0.41878,0.4072,0.38976,0.36999,0.34708,0.3176,0.28068,0.24793,0.22733,0.21312,0.20303,0.19469,0.19138,0.19362,0.20183,0.21047,0.22247,0.22936,0.22778,0.22732,0.23273,0.24504,0.25389,0.26104,0.27211
7.5G 6/4,7.5G,G,6,4,0.11514,0.15056,0.18783,0.20019,0.20373,0.20684,0.21143,0.21771,0.22929,0.25291,0.27902,0.29471,0.30786,0.30874,0.30656,0.30133,0.29267,0.28231,0.26692,0.25144,0.23081,0.20728,0.18018,0.15738,0.14253,0.13363,0.12811,0.12256,0.11946,0.11942,0.12288,0.12691,0.13143,0.13548,0.13576,0.13606,0.13999,0.14758,0.15424,0.16013,0.16623
7.5G 5/4,7.5G,G,5,4,0.08442,0.10266,0.11713,0.12193,0.12308,0.1268,0.1309,0.13649,0.14691,0.16626,0.18577,0.19716,0.20311,0.202,0.19986,0.1956,0.18961,0.18052,0.16877,0.15713,0.14314,0.12808,0.11433,0.10588,0.1007,0.0978,0.0961,0.096211,0.097778,0.10297,0.10864,0.11168,0.1147,0.11486,0.11243,0.11517,0.12119,0.13001,0.13673,0.13846,0.138
7.5G 4/4,7.5G,G,4,4,0.06394,0.0727,0.080522,0.082478,0.082356,0.082456,0.084489,0.087344,0.094156,0.1081,0.12364,0.13301,0.13807,0.13734,0.13516,0.13188,0.12703,0.12192,0.11243,0.10338,0.094533,0.082989,0.071467,0.061889,0.056889,0.054533,0.053367,0.052367,0.053544,0.053511,0.056578,0.056722,0.059233,0.061911,0.0623,0.064122,0.067278,0.071111,0.073833,0.075722,0.078356
7.5G 3/4,7.5G,G,3,4,0.04666,0.045156,0.043944,0.044389,0.045911,0.047122,0.0485,0.050533,0.052267,0.0594,0.072756,0.087544,0.096089,0.095889,0.090511,0.082078,0.071878,0.060933,0.052356,0.048322,0.046311,0.044933,0.043433,0.042456,0.041622,0.041467,0.042256,0.0436,0.043856,0.044811,0.0471,0.047489,0.0485,0.049089,0.049822,0.051522,0.054133,0.057667,0.059911,0.060811,0.061
7.5G 8/6,7.5G,G,8,6,0.1267,0.19109,0.29304,0.34667,0.3599,0.36801,0.37841,0.39079,0.41354,0.45887,0.51941,0.57926,0.62958,0.64904,0.64439,0.62749,0.60041,0.56756,0.52447,0.48101,0.43448,0.38218,0.32557,0.27792,0.24862,0.23326,0.22177,0.2137,0.21014,0.21576,0.22713,0.23842,0.25062,0.25506,0.25166,0.25102,0.26263,0.28219,0.29927,0.30777,0.31683
7.5G 7/6,7.5G,G,7,6,0.11156,0.16144,0.22192,0.24773,0.25512,0.26227,0.27228,0.28354,0.30491,0.34331,0.38991,0.42753,0.45468,0.46207,0.45758,0.44763,0.4324,0.41209,0.38328,0.35149,0.31514,0.27292,0.22766,0.19091,0.16907,0.15806,0.14917,0.14193,0.13821,0.14047,0.14757,0.1567,0.16718,0.17174,0.1701,0.17003,0.1793,0.19444,0.20688,0.21614,0.22384
7.5G 6/6,7.5G,G,6,6,0.0993,0.1286,0.16006,0.17166,0.17642,0.18074,0.18822,0.19751,0.21384,0.24583,0.28722,0.31694,0.33579,0.33924,0.33519,0.32537,0.31063,0.29049,0.26566,0.2407,0.21012,0.1785,0.14654,0.12302,0.10991,0.10359,0.098256,0.095678,0.093444,0.095667,0.10106,0.1059,0.11293,0.11532,0.11298,0.11259,0.11852,0.12677,0.13438,0.13984,0.14768
7.5G 5/6,7.5G,G,5,6,0.08662,0.10189,0.11419,0.11838,0.12041,0.12242,0.12623,0.13121,0.14032,0.16161,0.19117,0.21719,0.23592,0.24072,0.23517,0.22643,0.21289,0.19424,0.17393,0.15522,0.13498,0.11441,0.095633,0.082644,0.076744,0.074111,0.072078,0.070278,0.069667,0.0693,0.071589,0.073222,0.0769,0.079933,0.0796,0.080122,0.082778,0.087644,0.090989,0.093478,0.097756
7.5G 4/6,7.5G,G,4,6,0.05614,0.0611,0.064456,0.066156,0.067189,0.068378,0.070222,0.072489,0.081222,0.10172,0.13518,0.16409,0.17677,0.17453,0.16359,0.14913,0.13146,0.11156,0.093689,0.080267,0.0687,0.060989,0.054822,0.052589,0.051867,0.050889,0.049811,0.050278,0.052156,0.054156,0.057178,0.058678,0.060756,0.062289,0.061144,0.062956,0.066644,0.0713,0.0754,0.0778,0.078167
7.5G 7/8,7.5G,G,7,8,0.10952,0.15146,0.2019,0.2241,0.23261,0.24083,0.25297,0.26787,0.29226,0.3387,0.40068,0.46061,0.51113,0.52917,0.52033,0.49891,0.4676,0.42872,0.38121,0.33437,0.2893,0.23987,0.19338,0.15859,0.13822,0.1271,0.11928,0.11193,0.10929,0.11216,0.11974,0.12743,0.13593,0.14161,0.13992,0.13996,0.1479,0.1622,0.17382,0.18358,0.19191
7.5G 6/8,7.5G,G,6,8,0.09748,0.12119,0.14379,0.15364,0.15859,0.16301,0.17226,0.18409,0.20363,0.23921,0.28628,0.33347,0.37361,0.38706,0.37939,0.36104,0.33477,0.2994,0.25897,0.222,0.18699,0.15244,0.1211,0.099489,0.086967,0.081344,0.077367,0.074911,0.074,0.075356,0.0798,0.082922,0.087411,0.090867,0.091767,0.092922,0.098422,0.10614,0.11288,0.11868,0.1245
7.5G 5/8,7.5G,G,5,8,0.07204,0.081244,0.089167,0.093511,0.095333,0.098678,0.1031,0.11032,0.12658,0.16342,0.22013,0.27458,0.29826,0.29569,0.27501,0.24767,0.21554,0.18228,0.14954,0.12429,0.10286,0.086367,0.074822,0.069522,0.065956,0.063656,0.063522,0.063144,0.065,0.068378,0.072644,0.075756,0.078978,0.080644,0.079511,0.081211,0.086622,0.093778,0.099778,0.10233,0.104
7.5G 4/8,7.5G,G,4,8,0.05668,0.057,0.057111,0.0579,0.058633,0.060578,0.062789,0.067233,0.076456,0.096967,0.13824,0.19143,0.21943,0.20938,0.18007,0.14782,0.11739,0.0924,0.073289,0.063967,0.055756,0.050444,0.0466,0.044844,0.046122,0.046511,0.046833,0.048911,0.049489,0.049778,0.052022,0.052722,0.053811,0.054733,0.054767,0.057522,0.061833,0.065778,0.069178,0.069122,0.069967
7.5G 7/10,7.5G,G,7,10,0.1168,0.14981,0.18303,0.19884,0.20996,0.22163,0.23639,0.2568,0.2892,0.3442,0.41732,0.48433,0.53662,0.55027,0.53471,0.50547,0.4638,0.41462,0.36302,0.31532,0.26851,0.22171,0.18284,0.15556,0.14212,0.13509,0.12959,0.12541,0.12448,0.12844,0.138,0.14919,0.15951,0.16387,0.16014,0.15949,0.16713,0.1821,0.1977,0.20552,0.21749
7.5G 6/10,7.5G,G,6,10,0.09174,0.10994,0.12713,0.13326,0.13623,0.14196,0.15149,0.1625,0.18839,0.24003,0.32262,0.40679,0.44928,0.44419,0.41327,0.3697,0.32151,0.27158,0.22504,0.18579,0.15341,0.12629,0.10753,0.097622,0.092122,0.088867,0.086589,0.0855,0.087656,0.093089,0.10059,0.10576,0.11061,0.1109,0.10838,0.10826,0.11642,0.1283,0.13729,0.14268,0.14308
10G 9/1,10G,G,9,1,0.14692,0.22271,0.39324,0.5587,0.60998,0.6146,0.62121,0.62793,0.63342,0.6484,0.662,0.67271,0.6766,0.67922,0.68034,0.67784,0.67489,0.67248,0.66526,0.6584,0.64502,0.62873,0.60977,0.58531,0.56747,0.55839,0.54967,0.54,0.536,0.53766,0.54106,0.54834,0.55657,0.56358,0.56152,0.55976,0.56687,0.57752,0.58644,0.59236,0.60093
10G 8/1,10G,G,8,1,0.13502,0.21064,0.36276,0.47216,0.49292,0.49522,0.49788,0.49914,0.50513,0.51733,0.52929,0.5336,0.53672,0.5364,0.53471,0.53206,0.5284,0.52458,0.51909,0.51468,0.50778,0.49762,0.48384,0.47004,0.45812,0.4507,0.44208,0.43574,0.43307,0.43357,0.43801,0.44063,0.44463,0.44432,0.44073,0.43819,0.44014,0.44546,0.45143,0.45434,0.45928
10G 7/1,10G,G,7,1,0.11994,0.18083,0.28671,0.34203,0.35149,0.35371,0.35738,0.35953,0.36247,0.36687,0.37103,0.37601,0.38446,0.38888,0.38906,0.38546,0.38089,0.37641,0.36896,0.36507,0.35706,0.34757,0.3366,0.32948,0.32262,0.31893,0.31566,0.31328,0.31356,0.31452,0.31709,0.3161,0.31804,0.31698,0.31394,0.31272,0.31302,0.31469,0.31621,0.31461,0.31389
10G 6/1,10G,G,6,1,0.1272,0.17291,0.23026,0.25018,0.25163,0.25239,0.25453,0.25487,0.25936,0.26911,0.27648,0.2787,0.27886,0.27882,0.2769,0.27503,0.27102,0.2683,0.2633,0.26108,0.25546,0.24767,0.2398,0.23541,0.23103,0.22774,0.22526,0.2235,0.22266,0.22246,0.22484,0.22414,0.22669,0.22639,0.22624,0.22689,0.22911,0.23053,0.23182,0.23452,0.23242
10G 5/1,10G,G,5,1,0.11226,0.13843,0.16463,0.17044,0.16967,0.16908,0.17034,0.17071,0.17501,0.18111,0.18687,0.18693,0.18687,0.18578,0.18459,0.18171,0.18138,0.17929,0.1749,0.17268,0.16903,0.16497,0.16004,0.15639,0.15303,0.14979,0.14813,0.14619,0.14612,0.14621,0.14887,0.14762,0.1488,0.14858,0.14829,0.14976,0.15293,0.15463,0.15607,0.15637,0.15491
10G 4/1,10G,G,4,1,0.0805,0.0933,0.10293,0.10511,0.10478,0.10511,0.10572,0.10507,0.10708,0.11212,0.11573,0.11637,0.11738,0.11646,0.11549,0.11363,0.11164,0.11009,0.10603,0.10644,0.10291,0.10057,0.096678,0.094522,0.0924,0.092111,0.088822,0.088878,0.087767,0.089056,0.091722,0.090822,0.092656,0.092556,0.0946,0.096267,0.098833,0.10081,0.10242,0.10202,0.10271
10G 3/1,10G,G,3,1,0.05662,0.059056,0.060889,0.059556,0.0598,0.058333,0.060367,0.0621,0.063378,0.065667,0.067544,0.066667,0.066233,0.066233,0.0652,0.065022,0.064156,0.063567,0.060511,0.060767,0.059311,0.058067,0.056011,0.053533,0.051722,0.051778,0.052422,0.053078,0.053478,0.053967,0.055589,0.054622,0.057244,0.058444,0.059467,0.061067,0.062222,0.063278,0.064367,0.064956,0.067144
10G 2.5/1,10G,G,2.5,1,0.0422,0.0402,0.040011,0.041389,0.041544,0.042733,0.0435,0.043222,0.044889,0.046489,0.049844,0.051733,0.052278,0.052278,0.051078,0.049378,0.047656,0.045411,0.042967,0.043422,0.042944,0.041544,0.040533,0.040044,0.039567,0.039433,0.0393,0.040289,0.041589,0.040967,0.044389,0.042567,0.044544,0.045211,0.047511,0.048856,0.051478,0.053689,0.054867,0.054456,0.054856
10G 9/2,10G,G,9,2,0.13584,0.21233,0.38766,0.5568,0.61194,0.62378,0.63327,0.64208,0.65737,0.68211,0.70734,0.72427,0.73743,0.74193,0.7407,0.73576,0.72819,0.71846,0.70273,0.68419,0.66204,0.63137,0.59259,0.55486,0.52801,0.51084,0.4983,0.4859,0.48229,0.48638,0.49702,0.50758,0.52142,0.52843,0.5256,0.5273,0.53759,0.55313,0.56783,0.57448,0.5838
10G 8/2,10G,G,8,2,0.14554,0.22333,0.36674,0.4549,0.47343,0.47996,0.48804,0.49574,0.50888,0.53058,0.54923,0.5603,0.56704,0.56979,0.56638,0.56353,0.55781,0.55101,0.53904,0.52678,0.50992,0.48511,0.45292,0.42276,0.40051,0.38696,0.37602,0.36472,0.35866,0.35972,0.36811,0.37874,0.39179,0.39757,0.39516,0.39304,0.39989,0.40982,0.42036,0.42726,0.43696
10G 7/2,10G,G,7,2,0.11266,0.17003,0.2633,0.31049,0.31992,0.32508,0.33042,0.33583,0.34529,0.35643,0.3665,0.37681,0.38887,0.39596,0.39573,0.3908,0.38428,0.37777,0.36511,0.35591,0.3391,0.31894,0.29924,0.28573,0.27643,0.27162,0.26814,0.2664,0.26838,0.27352,0.28076,0.28331,0.28842,0.28626,0.28051,0.28121,0.28772,0.29551,0.3007,0.30136,0.3004
10G 6/2,10G,G,6,2,0.11316,0.15556,0.21244,0.23254,0.2357,0.2383,0.24064,0.2436,0.25141,0.26542,0.27898,0.28573,0.28842,0.28829,0.28602,0.28247,0.27748,0.27274,0.2638,0.25744,0.24566,0.23226,0.21821,0.2085,0.20122,0.19743,0.19493,0.19329,0.19514,0.19763,0.2036,0.20371,0.20901,0.20793,0.20546,0.20741,0.21317,0.21792,0.22287,0.2235,0.2217
10G 5/2,10G,G,5,2,0.09624,0.11978,0.14331,0.14938,0.14962,0.15352,0.15474,0.1598,0.16611,0.17568,0.1837,0.18977,0.19443,0.19589,0.19259,0.18818,0.1823,0.17728,0.17049,0.16608,0.15702,0.148,0.13916,0.13342,0.12973,0.12779,0.12562,0.12386,0.12192,0.12143,0.12436,0.12578,0.12784,0.1265,0.12544,0.12504,0.12699,0.13058,0.13267,0.13126,0.13214
10G 4/2,10G,G,4,2,0.08244,0.091833,0.097711,0.098278,0.098278,0.099622,0.1002,0.1016,0.10568,0.11302,0.12096,0.12368,0.12507,0.12464,0.12362,0.12192,0.11924,0.11624,0.10943,0.10596,0.10178,0.095111,0.089022,0.084667,0.081533,0.079622,0.079556,0.078944,0.080633,0.081811,0.085267,0.085344,0.0868,0.087733,0.087867,0.090889,0.093689,0.096756,0.098211,0.098267,0.099433
10G 3/2,10G,G,3,2,0.05334,0.053311,0.054478,0.0557,0.055844,0.057567,0.057989,0.0581,0.061878,0.066833,0.072467,0.0741,0.077678,0.076778,0.074233,0.0718,0.068167,0.065811,0.060389,0.060722,0.055911,0.052633,0.049156,0.047889,0.048322,0.048856,0.049511,0.050522,0.050478,0.050522,0.052333,0.052189,0.054467,0.055456,0.056267,0.059167,0.061978,0.064089,0.066889,0.067033,0.066489
10G 2.5/2,10G,G,2.5,2,0.0433,0.039567,0.040811,0.041211,0.041889,0.043833,0.0446,0.045311,0.047978,0.051722,0.055978,0.058711,0.061567,0.061133,0.059,0.056111,0.052111,0.049033,0.044522,0.044367,0.041244,0.0398,0.038889,0.0397,0.040133,0.040067,0.039378,0.039356,0.040689,0.040544,0.0438,0.043333,0.045333,0.045622,0.046178,0.049044,0.052244,0.053811,0.055878,0.056678,0.056778
10G 8/4,10G,G,8,4,0.1348,0.20037,0.32468,0.40092,0.41841,0.4285,0.43863,0.4512,0.46972,0.50601,0.54434,0.5721,0.59046,0.59576,0.59297,0.58446,0.57171,0.55397,0.5282,0.50289,0.46786,0.42447,0.37506,0.33298,0.30547,0.29149,0.27942,0.26929,0.26424,0.26807,0.27841,0.29002,0.30633,0.31086,0.30606,0.30134,0.31013,0.32376,0.33748,0.34763,0.36081
10G 7/4,10G,G,7,4,0.13428,0.18653,0.26254,0.29413,0.30074,0.30743,0.31659,0.32524,0.34529,0.38143,0.4181,0.43801,0.44801,0.44743,0.44357,0.43414,0.42194,0.40403,0.38177,0.359,0.32998,0.29658,0.26661,0.24672,0.23554,0.22898,0.22436,0.22274,0.22599,0.23564,0.2467,0.25397,0.26051,0.25924,0.25419,0.25548,0.26609,0.28101,0.29298,0.29639,0.2963
10G 6/4,10G,G,6,4,0.10638,0.14158,0.18497,0.20028,0.20627,0.20973,0.21633,0.22297,0.24079,0.26871,0.29913,0.31564,0.32204,0.32128,0.3154,0.30659,0.29547,0.28134,0.26279,0.24218,0.21993,0.19461,0.17236,0.15799,0.15074,0.14772,0.14538,0.14387,0.14646,0.15174,0.15853,0.1629,0.16867,0.17003,0.16697,0.16807,0.1776,0.18662,0.19552,0.19758,0.19664
10G 5/4,10G,G,5,4,0.09426,0.11,0.1291,0.13553,0.13724,0.14178,0.14529,0.1512,0.16257,0.18187,0.20179,0.21256,0.21708,0.21688,0.21384,0.20772,0.19799,0.18582,0.1725,0.16029,0.1439,0.12679,0.11087,0.10259,0.098633,0.096667,0.095578,0.094633,0.096778,0.098789,0.10451,0.10643,0.11147,0.1117,0.11007,0.11216,0.11789,0.12511,0.13103,0.13196,0.13276
10G 4/4,10G,G,4,4,0.07496,0.079933,0.085233,0.086344,0.086378,0.087467,0.089144,0.092811,0.10251,0.11844,0.13768,0.15093,0.15573,0.15379,0.14789,0.14099,0.13044,0.11864,0.10433,0.094267,0.082844,0.073556,0.067522,0.063911,0.064044,0.063244,0.062433,0.062167,0.062044,0.062656,0.066922,0.068789,0.070422,0.071133,0.0725,0.075678,0.079778,0.084133,0.088244,0.089456,0.089622
10G 3/4,10G,G,3,4,0.04578,0.044033,0.043056,0.042344,0.043078,0.044956,0.047244,0.050722,0.057144,0.066789,0.080011,0.088867,0.096856,0.097278,0.091733,0.0815,0.071367,0.060189,0.049244,0.045578,0.0417,0.039167,0.0389,0.039067,0.038522,0.038689,0.039056,0.037689,0.039211,0.039578,0.042433,0.042822,0.0436,0.046189,0.047056,0.049722,0.052233,0.053778,0.055278,0.057,0.0583
10G 7/6,10G,G,7,6,0.1251,0.17122,0.23671,0.26494,0.27502,0.28231,0.29449,0.30731,0.32841,0.36336,0.40456,0.4377,0.46318,0.47123,0.46629,0.45391,0.43519,0.41012,0.37756,0.34461,0.30598,0.26371,0.21958,0.18632,0.16534,0.15364,0.14483,0.13654,0.13256,0.1331,0.14018,0.14784,0.15756,0.16268,0.16258,0.16223,0.16937,0.18208,0.19523,0.20366,0.21217
10G 6/6,10G,G,6,6,0.11188,0.13874,0.17069,0.18332,0.18811,0.19441,0.20293,0.21344,0.23608,0.27699,0.32236,0.35069,0.36074,0.35914,0.34903,0.33337,0.31071,0.28467,0.25259,0.22532,0.19542,0.16521,0.14176,0.12859,0.12076,0.11686,0.11458,0.11384,0.11653,0.12091,0.12944,0.13468,0.14106,0.14072,0.13676,0.1366,0.1458,0.15803,0.16936,0.17209,0.17326
10G 5/6,10G,G,5,6,0.089,0.10223,0.1154,0.12053,0.12162,0.12532,0.13111,0.13913,0.15669,0.18697,0.22027,0.23847,0.24641,0.24311,0.23439,0.22158,0.20567,0.1849,0.16053,0.14198,0.12144,0.10259,0.087222,0.079044,0.0759,0.074433,0.0751,0.074011,0.075644,0.077067,0.082967,0.0846,0.088956,0.090411,0.089878,0.092456,0.096522,0.10449,0.10977,0.11136,0.11264
10G 4/6,10G,G,4,6,0.06144,0.064522,0.068633,0.070278,0.072811,0.074578,0.077389,0.082778,0.094478,0.12003,0.15426,0.18139,0.19088,0.18452,0.16962,0.14938,0.12812,0.10774,0.086989,0.076144,0.066022,0.056678,0.051456,0.048511,0.048633,0.048778,0.0496,0.050589,0.051044,0.050578,0.053322,0.053778,0.0573,0.059222,0.058667,0.061933,0.065933,0.069511,0.072689,0.074211,0.074822
10G 7/8,10G,G,7,8,0.11782,0.15989,0.21403,0.23666,0.24476,0.25503,0.26786,0.2849,0.31772,0.37672,0.45781,0.52607,0.55602,0.55008,0.52477,0.48834,0.44251,0.39207,0.34041,0.29787,0.25349,0.21231,0.18307,0.1663,0.15872,0.15364,0.14948,0.14786,0.15046,0.15656,0.16797,0.1765,0.18501,0.18387,0.17784,0.17938,0.1913,0.20894,0.22258,0.22706,0.22717
10G 6/8,10G,G,6,8,0.09748,0.12011,0.14319,0.15362,0.15772,0.16568,0.17529,0.18968,0.21623,0.26681,0.33161,0.38112,0.40103,0.39599,0.37676,0.34842,0.31292,0.27259,0.23012,0.19792,0.16694,0.13853,0.11687,0.10571,0.098056,0.095556,0.093589,0.092967,0.095344,0.10017,0.10813,0.11011,0.11727,0.11719,0.11584,0.11682,0.12531,0.13606,0.14618,0.14826,0.14939
10G 5/8,10G,G,5,8,0.07734,0.088689,0.099144,0.1026,0.10542,0.10914,0.11654,0.12774,0.15017,0.18974,0.24669,0.28996,0.30574,0.29563,0.27361,0.24454,0.21142,0.17714,0.14317,0.12029,0.1001,0.082967,0.071111,0.065067,0.063122,0.0629,0.061967,0.062278,0.064344,0.065411,0.070222,0.071867,0.076378,0.077178,0.076378,0.078022,0.082789,0.089689,0.095722,0.099556,0.099533
10G 4/8,10G,G,4,8,0.0597,0.0614,0.065467,0.065489,0.066122,0.067822,0.072256,0.078233,0.092178,0.12121,0.17246,0.22334,0.24117,0.22337,0.19036,0.15731,0.12527,0.099378,0.077522,0.0664,0.057489,0.051744,0.049444,0.048467,0.047922,0.0475,0.046567,0.045767,0.047322,0.048944,0.051678,0.0524,0.055733,0.055889,0.056122,0.057967,0.0611,0.0662,0.069756,0.071711,0.072056
10G 6/10,10G,G,6,10,0.09844,0.12217,0.14192,0.14986,0.15283,0.16052,0.16937,0.1839,0.21422,0.27061,0.35049,0.42033,0.44798,0.43634,0.4037,0.36186,0.31512,0.26597,0.21907,0.18163,0.15013,0.12394,0.10476,0.095956,0.093133,0.090033,0.087667,0.084911,0.086433,0.0897,0.097367,0.1011,0.10607,0.10578,0.10241,0.10387,0.11226,0.1238,0.13303,0.13639,0.13672
2.5BG 9/2,2.5BG,BG,9,2,0.14632,0.22936,0.41163,0.57328,0.61924,0.63001,0.63998,0.65026,0.66899,0.69896,0.72978,0.74767,0.75509,0.75487,0.75118,0.74257,0.73079,0.71349,0.69133,0.66597,0.63736,0.60312,0.57096,0.55076,0.5389,0.53244,0.52653,0.52373,0.52982,0.54183,0.55513,0.56492,0.57212,0.57144,0.56346,0.56506,0.57903,0.59658,0.61059,0.61179,0.61274
2.5BG 8/2,2.5BG,BG,8,2,0.13894,0.21246,0.35656,0.4513,0.47019,0.47686,0.48437,0.49177,0.50604,0.52883,0.55151,0.56201,0.56426,0.5626,0.55928,0.55317,0.5465,0.5363,0.52197,0.50618,0.48512,0.45851,0.43347,0.41573,0.40638,0.39993,0.39436,0.3931,0.39561,0.40181,0.41181,0.41948,0.42501,0.4248,0.41857,0.4203,0.43063,0.4423,0.45174,0.45472,0.45187
2.5BG 7/2,2.5BG,BG,7,2,0.1251,0.18727,0.28816,0.33602,0.34362,0.34647,0.35014,0.35536,0.36603,0.38338,0.39992,0.40719,0.40838,0.40704,0.40432,0.39998,0.39427,0.38647,0.37576,0.36548,0.34964,0.33071,0.31147,0.29871,0.29046,0.28646,0.28113,0.27883,0.28038,0.28613,0.29244,0.29612,0.30131,0.30166,0.29738,0.29909,0.3056,0.31341,0.32044,0.32062,0.31909
2.5BG 6/2,2.5BG,BG,6,2,0.11908,0.16386,0.21874,0.23914,0.24358,0.24589,0.25006,0.25442,0.26138,0.27326,0.28334,0.28697,0.28738,0.28529,0.28329,0.2809,0.27671,0.27177,0.26347,0.25518,0.24398,0.22897,0.21328,0.20391,0.19858,0.1952,0.19219,0.19091,0.1932,0.19709,0.2022,0.20517,0.2081,0.20967,0.20738,0.20982,0.21543,0.22166,0.22583,0.22692,0.22783
2.5BG 5/2,2.5BG,BG,5,2,0.09912,0.12479,0.15233,0.16021,0.16106,0.1626,0.16512,0.16754,0.1729,0.18264,0.19026,0.19274,0.19376,0.19386,0.19307,0.19023,0.18648,0.18249,0.17558,0.16938,0.1599,0.1504,0.1409,0.1341,0.13086,0.12779,0.12583,0.12403,0.12509,0.12702,0.13103,0.13384,0.13763,0.13801,0.1369,0.13783,0.14247,0.14673,0.15033,0.15251,0.15143
2.5BG 4/2,2.5BG,BG,4,2,0.08426,0.094578,0.10283,0.10498,0.10546,0.1062,0.108,0.10993,0.11409,0.12057,0.12656,0.12798,0.12839,0.12697,0.12448,0.12249,0.11976,0.11702,0.11201,0.10701,0.10156,0.094811,0.088622,0.085722,0.0831,0.081922,0.0806,0.080833,0.079533,0.081789,0.084344,0.085156,0.088233,0.088956,0.088422,0.089911,0.093367,0.096678,0.10033,0.10172,0.10241
2.5BG 3/2,2.5BG,BG,3,2,0.05802,0.059322,0.060267,0.060978,0.061611,0.062678,0.0642,0.065333,0.068422,0.073722,0.079189,0.0798,0.079067,0.077256,0.0751,0.0728,0.069944,0.067289,0.0638,0.061111,0.0579,0.0538,0.051644,0.0495,0.049756,0.050122,0.0503,0.050611,0.051489,0.053111,0.055056,0.055033,0.0563,0.057678,0.058611,0.060733,0.063833,0.066278,0.067867,0.068589,0.069311
2.5BG 2.5/2,2.5BG,BG,2.5,2,0.0458,0.043878,0.044456,0.044733,0.044478,0.044867,0.045089,0.045756,0.048544,0.0527,0.057556,0.059844,0.061056,0.060633,0.057011,0.053156,0.049956,0.046144,0.042567,0.043267,0.041711,0.040556,0.0395,0.038422,0.038944,0.039378,0.039733,0.040567,0.041678,0.042789,0.045178,0.044967,0.046589,0.047422,0.048244,0.050844,0.052256,0.0545,0.056167,0.056556,0.057544
2.5BG 8/4,2.5BG,BG,8,4,0.14372,0.21654,0.34519,0.4236,0.44022,0.44816,0.45911,0.47229,0.49828,0.54088,0.58691,0.61548,0.62516,0.62282,0.61366,0.59904,0.57694,0.54963,0.51661,0.48184,0.44308,0.40068,0.36419,0.34121,0.33016,0.3232,0.3171,0.31411,0.31803,0.32899,0.34248,0.35322,0.36213,0.36157,0.35239,0.35217,0.36508,0.3854,0.39844,0.40609,0.404
2.5BG 7/4,2.5BG,BG,7,4,0.12092,0.17679,0.26479,0.30716,0.31501,0.32113,0.3289,0.33943,0.3588,0.38989,0.42178,0.44083,0.44743,0.44518,0.43879,0.42784,0.41403,0.39636,0.37274,0.34816,0.31838,0.28648,0.25722,0.23963,0.23067,0.22552,0.22027,0.2195,0.22233,0.23023,0.24096,0.24786,0.25356,0.25289,0.24736,0.24854,0.2583,0.27161,0.2825,0.28604,0.2849
2.5BG 6/4,2.5BG,BG,6,4,0.112,0.14898,0.19216,0.20944,0.21426,0.22033,0.22774,0.23812,0.25583,0.28102,0.3044,0.31431,0.3172,0.31461,0.30928,0.29964,0.28866,0.27373,0.25276,0.23358,0.20884,0.1829,0.16232,0.15082,0.14463,0.14073,0.13783,0.13674,0.13872,0.14369,0.15176,0.15649,0.16152,0.1619,0.15958,0.16103,0.17037,0.18177,0.19021,0.19158,0.19228
2.5BG 5/4,2.5BG,BG,5,4,0.0886,0.109,0.13039,0.13864,0.14252,0.14891,0.15636,0.16634,0.18187,0.19703,0.20962,0.21719,0.22188,0.22214,0.21809,0.21096,0.201,0.18866,0.17431,0.16054,0.14474,0.1272,0.11269,0.10317,0.097411,0.093733,0.091356,0.089067,0.0882,0.089467,0.093144,0.095244,0.099456,0.1008,0.10166,0.10337,0.10837,0.1151,0.11954,0.12064,0.12256
2.5BG 4/4,2.5BG,BG,4,4,0.06748,0.073522,0.081833,0.084678,0.086756,0.090378,0.093733,0.10117,0.11347,0.12682,0.13693,0.14318,0.14544,0.14449,0.13982,0.13257,0.12436,0.11312,0.10173,0.094211,0.082744,0.072278,0.064089,0.060356,0.058144,0.056878,0.056556,0.056211,0.055722,0.055589,0.058856,0.058289,0.061833,0.062622,0.063767,0.066544,0.071278,0.0748,0.078311,0.0798,0.080633
2.5BG 3/4,2.5BG,BG,3,4,0.04706,0.047356,0.049556,0.050067,0.051478,0.053267,0.054567,0.057733,0.063867,0.077533,0.096144,0.10891,0.11209,0.10612,0.096722,0.084844,0.072333,0.060333,0.0492,0.045811,0.0421,0.039267,0.039267,0.040567,0.041267,0.041267,0.041767,0.042633,0.042256,0.043678,0.046144,0.047178,0.048767,0.049589,0.0509,0.052433,0.054989,0.057322,0.059344,0.06,0.061656
2.5BG 7/6,2.5BG,BG,7,6,0.13174,0.18597,0.25834,0.29047,0.30021,0.30951,0.32206,0.33944,0.36913,0.41773,0.47152,0.50559,0.51579,0.51087,0.49852,0.47649,0.44784,0.41228,0.36942,0.3298,0.28948,0.25136,0.2206,0.20274,0.19379,0.18852,0.18348,0.18074,0.18341,0.19181,0.20089,0.20924,0.21754,0.21602,0.20956,0.20997,0.22123,0.23937,0.25241,0.2568,0.25633
2.5BG 6/6,2.5BG,BG,6,6,0.10866,0.14352,0.18181,0.19701,0.20331,0.21068,0.22186,0.23959,0.26721,0.30216,0.33652,0.36128,0.3747,0.37361,0.36026,0.34259,0.31799,0.28833,0.25596,0.22468,0.19414,0.16398,0.14078,0.1288,0.1209,0.11701,0.11356,0.11136,0.11286,0.11822,0.1259,0.13064,0.1347,0.13398,0.13033,0.13137,0.13752,0.14886,0.15707,0.15903,0.15863
2.5BG 5/6,2.5BG,BG,5,6,0.07832,0.094878,0.11051,0.1191,0.12553,0.1342,0.14583,0.16293,0.18863,0.21922,0.24107,0.2535,0.25739,0.25483,0.24732,0.23334,0.21492,0.19223,0.16681,0.14504,0.12273,0.10182,0.086478,0.078078,0.073111,0.070644,0.068511,0.066567,0.066356,0.067433,0.071222,0.074656,0.078878,0.080822,0.080844,0.083189,0.088022,0.095144,0.1021,0.10578,0.10844
2.5BG 4/6,2.5BG,BG,4,6,0.05914,0.067667,0.073811,0.0771,0.080289,0.083689,0.089,0.098522,0.11421,0.14211,0.17467,0.19712,0.20013,0.19018,0.17416,0.15381,0.13186,0.10948,0.087767,0.075678,0.065067,0.056144,0.051333,0.050456,0.049178,0.049289,0.050589,0.052489,0.053989,0.055211,0.057722,0.058244,0.060489,0.059767,0.060733,0.063622,0.067478,0.071544,0.074078,0.076078,0.077433
2.5BG 3/6,2.5BG,BG,3,6,0.04386,0.044911,0.046,0.047822,0.048967,0.050533,0.052044,0.055522,0.062756,0.078267,0.10798,0.13982,0.14562,0.12953,0.10507,0.081289,0.063633,0.051911,0.042733,0.0398,0.036733,0.035444,0.035556,0.036811,0.038833,0.040178,0.040533,0.0422,0.043111,0.043911,0.045644,0.044689,0.0465,0.0472,0.049444,0.051922,0.054011,0.0577,0.0592,0.059611,0.06
2.5BG 7/8,2.5BG,BG,7,8,0.12434,0.17357,0.23777,0.26354,0.27306,0.28513,0.30006,0.32127,0.3625,0.42653,0.50682,0.56842,0.58823,0.57328,0.5417,0.5008,0.45188,0.39751,0.34426,0.29899,0.25458,0.21383,0.18379,0.16693,0.15798,0.15379,0.14991,0.14833,0.1514,0.15764,0.16871,0.17627,0.18349,0.18328,0.17747,0.17742,0.1894,0.20611,0.22028,0.22389,0.22492
2.5BG 6/8,2.5BG,BG,6,8,0.09652,0.12458,0.1564,0.17152,0.18053,0.19138,0.20569,0.22679,0.26278,0.31552,0.37456,0.41404,0.42356,0.41316,0.39162,0.36164,0.32262,0.2803,0.23554,0.19808,0.16317,0.13173,0.11037,0.099356,0.094078,0.091411,0.088922,0.088533,0.090911,0.096867,0.10533,0.11094,0.11723,0.11758,0.11402,0.1152,0.12451,0.13753,0.14686,0.1507,0.14981
2.5BG 5/8,2.5BG,BG,5,8,0.08628,0.098556,0.11123,0.11704,0.12152,0.13007,0.13988,0.15588,0.18699,0.23633,0.29423,0.33386,0.3408,0.32461,0.29679,0.26173,0.22414,0.18662,0.14996,0.12526,0.10312,0.084833,0.073956,0.067778,0.0654,0.064589,0.064633,0.065733,0.067289,0.069656,0.073178,0.074789,0.078078,0.078756,0.078633,0.081233,0.085878,0.093022,0.097722,0.10007,0.0998
2.5BG 4/8,2.5BG,BG,4,8,0.06214,0.067378,0.070711,0.072811,0.075111,0.078867,0.082667,0.090733,0.11057,0.14722,0.19643,0.23538,0.23923,0.21699,0.18611,0.15318,0.12244,0.096889,0.077156,0.066333,0.057856,0.050689,0.047911,0.047133,0.047767,0.048656,0.048456,0.050267,0.051233,0.051533,0.053756,0.054889,0.057211,0.058178,0.058478,0.060933,0.064233,0.066722,0.069,0.070133,0.0708
2.5BG 6/10,2.5BG,BG,6,10,0.09134,0.1167,0.14374,0.15644,0.16492,0.17677,0.19086,0.21371,0.25491,0.31932,0.39799,0.45928,0.47452,0.45447,0.41649,0.37148,0.32116,0.26992,0.22126,0.17999,0.14569,0.11643,0.096433,0.087089,0.082922,0.081,0.079411,0.078867,0.080744,0.085456,0.093411,0.099689,0.10507,0.10504,0.10218,0.1034,0.11134,0.12317,0.13307,0.13757,0.13859
5BG 9/1,5BG,BG,9,1,0.13774,0.21411,0.39377,0.5785,0.64046,0.65498,0.66166,0.66782,0.67682,0.68767,0.69433,0.69754,0.70052,0.70027,0.69751,0.69369,0.68954,0.68291,0.67449,0.66581,0.64987,0.63133,0.6106,0.59668,0.58901,0.58422,0.5799,0.57908,0.5836,0.59216,0.59959,0.60509,0.6096,0.60838,0.60451,0.60453,0.6148,0.62326,0.62934,0.63028,0.62967
5BG 8/1,5BG,BG,8,1,0.13796,0.21123,0.36121,0.47274,0.49571,0.49976,0.5027,0.50446,0.51147,0.52339,0.53141,0.53427,0.53532,0.53542,0.53274,0.52874,0.52446,0.52098,0.51332,0.50511,0.49379,0.47911,0.46354,0.45218,0.44461,0.44066,0.43689,0.43444,0.4368,0.44123,0.44603,0.44883,0.45154,0.45111,0.44781,0.44861,0.45357,0.45961,0.46357,0.46367,0.46392
5BG 7/1,5BG,BG,7,1,0.13472,0.19949,0.30981,0.36214,0.36939,0.36971,0.37152,0.3723,0.37734,0.38572,0.39119,0.39316,0.39319,0.39209,0.38913,0.38646,0.38277,0.37892,0.37301,0.36867,0.35962,0.34986,0.33801,0.33101,0.3257,0.322,0.31928,0.31713,0.31739,0.31913,0.32177,0.32268,0.32496,0.32481,0.32352,0.32377,0.32703,0.33141,0.33399,0.33369,0.332
5BG 6/1,5BG,BG,6,1,0.13006,0.18068,0.24561,0.26752,0.26922,0.26948,0.26944,0.2704,0.27474,0.28086,0.28589,0.28669,0.28563,0.28461,0.28137,0.278,0.2761,0.2729,0.26839,0.26637,0.25944,0.25227,0.24428,0.2388,0.23526,0.23297,0.22992,0.22852,0.22836,0.22893,0.2306,0.23021,0.23171,0.23193,0.23062,0.23081,0.23316,0.23503,0.23672,0.2367,0.23628
5BG 5/1,5BG,BG,5,1,0.1074,0.13537,0.16526,0.17319,0.17396,0.17283,0.17392,0.17476,0.17702,0.18154,0.18538,0.18598,0.18493,0.18457,0.1824,0.17987,0.178,0.17607,0.17423,0.17251,0.16883,0.16352,0.15877,0.15368,0.15202,0.15036,0.14956,0.14867,0.14814,0.14896,0.15113,0.15053,0.15223,0.15242,0.15103,0.15217,0.15504,0.15592,0.15691,0.15789,0.15746
5BG 4/1,5BG,BG,4,1,0.0893,0.10189,0.11343,0.11486,0.11407,0.11334,0.11251,0.11292,0.11469,0.11839,0.12154,0.12138,0.12108,0.11982,0.11833,0.11623,0.11424,0.11242,0.10947,0.10891,0.10542,0.099978,0.0971,0.094578,0.092989,0.092456,0.0912,0.090633,0.090633,0.0906,0.092311,0.091011,0.0932,0.094178,0.095567,0.097011,0.10018,0.10194,0.10317,0.10276,0.1029
5BG 3/1,5BG,BG,3,1,0.06006,0.063378,0.064522,0.063511,0.063911,0.063311,0.065878,0.065844,0.066411,0.069511,0.071622,0.0714,0.070511,0.0695,0.067656,0.065833,0.065033,0.063967,0.061556,0.060456,0.057922,0.054978,0.053878,0.052922,0.052544,0.052667,0.053389,0.053544,0.053767,0.053833,0.055067,0.055056,0.056956,0.0575,0.058644,0.060622,0.062856,0.0652,0.067433,0.067211,0.068322
5BG 2.5/1,5BG,BG,2.5,1,0.04646,0.047311,0.048322,0.048689,0.048744,0.049189,0.048078,0.049356,0.051333,0.054689,0.057489,0.057756,0.058367,0.056822,0.055289,0.053422,0.051333,0.048556,0.044944,0.045189,0.043333,0.0424,0.042922,0.042022,0.0422,0.041556,0.041589,0.042178,0.042378,0.043256,0.045311,0.045244,0.047622,0.048933,0.050189,0.052878,0.054722,0.056711,0.057189,0.056933,0.058144
5BG 9/2,5BG,BG,9,2,0.1559,0.23953,0.4319,0.61491,0.67429,0.68788,0.69918,0.70954,0.72702,0.7497,0.76821,0.77618,0.78063,0.78069,0.77707,0.76962,0.76007,0.74542,0.72497,0.7032,0.6764,0.64379,0.61302,0.59224,0.58063,0.57361,0.56844,0.56612,0.57242,0.58403,0.59843,0.60733,0.61363,0.61192,0.60541,0.60758,0.62178,0.63802,0.65228,0.6575,0.65581
5BG 8/2,5BG,BG,8,2,0.15242,0.23187,0.3823,0.48379,0.50421,0.51124,0.51726,0.52459,0.53776,0.558,0.57402,0.58018,0.5827,0.58144,0.57751,0.5726,0.56463,0.55593,0.54141,0.52603,0.50451,0.47763,0.4497,0.42967,0.41858,0.41136,0.40536,0.40231,0.40658,0.41499,0.42506,0.43066,0.43659,0.43522,0.43008,0.43032,0.44073,0.4532,0.4636,0.46489,0.46169
5BG 7/2,5BG,BG,7,2,0.12916,0.19061,0.28964,0.3382,0.34639,0.34783,0.35403,0.35846,0.36934,0.38407,0.39637,0.40112,0.40338,0.40162,0.39979,0.39572,0.38966,0.3817,0.36822,0.35706,0.34142,0.32086,0.30103,0.28699,0.27952,0.27517,0.27077,0.26838,0.26968,0.27489,0.28124,0.28787,0.29263,0.29164,0.28879,0.28803,0.29556,0.30423,0.31086,0.31186,0.31043
5BG 6/2,5BG,BG,6,2,0.1147,0.16023,0.22192,0.24502,0.24967,0.25033,0.25354,0.25758,0.26483,0.2759,0.28538,0.28786,0.28888,0.2873,0.2844,0.27942,0.275,0.26864,0.26157,0.25192,0.24067,0.2258,0.21056,0.20022,0.19389,0.19022,0.18708,0.18424,0.18468,0.1886,0.19397,0.19619,0.19942,0.20031,0.19913,0.20031,0.20648,0.21209,0.21582,0.21669,0.21486
5BG 5/2,5BG,BG,5,2,0.1099,0.13804,0.16473,0.1716,0.17287,0.17343,0.17553,0.17719,0.18253,0.19017,0.19542,0.19618,0.1968,0.19619,0.19368,0.19106,0.18666,0.18307,0.17666,0.17199,0.16357,0.1522,0.14081,0.13376,0.12816,0.12549,0.12309,0.12187,0.12367,0.1265,0.1315,0.1325,0.13561,0.13686,0.13494,0.13567,0.13983,0.14571,0.14863,0.15129,0.15157
5BG 4/2,5BG,BG,4,2,0.08196,0.093878,0.10326,0.10579,0.10607,0.10704,0.10974,0.11111,0.11518,0.12092,0.12528,0.12606,0.12496,0.12421,0.12199,0.11926,0.117,0.11377,0.10764,0.10361,0.097133,0.091133,0.084344,0.080322,0.078744,0.077778,0.077367,0.076289,0.077211,0.077289,0.080656,0.081678,0.0852,0.085356,0.086111,0.088533,0.091356,0.094989,0.097622,0.098567,0.099011
5BG 3/2,5BG,BG,3,2,0.05702,0.060533,0.062644,0.063322,0.063278,0.063489,0.063578,0.065178,0.068811,0.073089,0.076756,0.077256,0.076756,0.076089,0.073867,0.0714,0.067378,0.064311,0.058844,0.057478,0.0547,0.051522,0.049322,0.048156,0.047833,0.047589,0.047178,0.047311,0.047956,0.048544,0.050611,0.051789,0.053622,0.054144,0.0543,0.056544,0.058878,0.062011,0.063833,0.064933,0.066489
5BG 2.5/2,5BG,BG,2.5,2,0.04636,0.046422,0.047244,0.046956,0.046922,0.047067,0.047478,0.047533,0.050656,0.056489,0.063456,0.068456,0.072222,0.067656,0.062122,0.056256,0.050167,0.045478,0.040689,0.041167,0.040767,0.039967,0.0398,0.039811,0.039911,0.039389,0.039767,0.040578,0.041789,0.042267,0.044311,0.044567,0.046044,0.046678,0.047989,0.050033,0.0534,0.055811,0.057589,0.058289,0.059278
5BG 8/4,5BG,BG,8,4,0.13938,0.20719,0.34381,0.43172,0.45417,0.46504,0.47942,0.4965,0.52526,0.56451,0.59873,0.61798,0.6232,0.61911,0.60949,0.59227,0.57047,0.5436,0.50973,0.47487,0.43598,0.39464,0.35882,0.33701,0.32583,0.31874,0.31314,0.31009,0.31531,0.32503,0.33854,0.35012,0.35877,0.35828,0.35,0.35092,0.36531,0.38374,0.39694,0.40147,0.39999
5BG 7/4,5BG,BG,7,4,0.1278,0.1863,0.27691,0.32129,0.3317,0.33997,0.35141,0.36447,0.38663,0.41611,0.43922,0.4492,0.45363,0.45004,0.44169,0.431,0.41479,0.3935,0.36746,0.34069,0.31068,0.27818,0.25102,0.23461,0.2255,0.21997,0.21611,0.21421,0.21639,0.2237,0.23452,0.24186,0.24989,0.2479,0.24204,0.24159,0.2534,0.26799,0.2787,0.28191,0.28143
5BG 6/4,5BG,BG,6,4,0.11242,0.15344,0.20546,0.22653,0.23294,0.239,0.24751,0.25739,0.27418,0.29537,0.30954,0.31714,0.318,0.31528,0.31014,0.30344,0.29144,0.27666,0.25674,0.23777,0.21401,0.18814,0.16524,0.15231,0.14606,0.14201,0.13919,0.13858,0.14064,0.1469,0.15478,0.15922,0.16551,0.16622,0.16343,0.16471,0.17326,0.1843,0.19103,0.19237,0.19262
5BG 5/4,5BG,BG,5,4,0.10288,0.12859,0.15399,0.16317,0.16614,0.17032,0.1763,0.18451,0.19769,0.21154,0.22231,0.22584,0.22662,0.22457,0.21959,0.21326,0.20402,0.19106,0.17406,0.15951,0.1423,0.12466,0.11071,0.1033,0.098089,0.095856,0.092833,0.091622,0.093244,0.0965,0.10188,0.10383,0.10737,0.10838,0.10696,0.10903,0.11523,0.12286,0.12949,0.12999,0.13143
5BG 4/4,5BG,BG,4,4,0.07904,0.087833,0.096589,0.10051,0.1027,0.10681,0.11218,0.11841,0.13047,0.14176,0.1491,0.15089,0.15051,0.14791,0.14283,0.13613,0.12726,0.11629,0.10387,0.093656,0.082167,0.071978,0.064289,0.061133,0.060678,0.059789,0.059522,0.060011,0.061411,0.063611,0.066367,0.067044,0.069422,0.069344,0.069978,0.072256,0.076289,0.081567,0.085911,0.087122,0.086522
5BG 3/4,5BG,BG,3,4,0.05278,0.054867,0.054767,0.055978,0.057111,0.059244,0.061689,0.065633,0.074756,0.090844,0.10942,0.11987,0.11692,0.10637,0.092711,0.079489,0.066678,0.057578,0.049289,0.0461,0.043422,0.042267,0.0407,0.040611,0.042356,0.043033,0.042956,0.043689,0.044311,0.044589,0.047344,0.047789,0.049956,0.051744,0.052578,0.055478,0.058067,0.060233,0.0615,0.0616,0.062344
5BG 7/6,5BG,BG,7,6,0.12706,0.18151,0.26567,0.30668,0.32118,0.33288,0.34947,0.37009,0.405,0.45024,0.49109,0.51314,0.51859,0.51126,0.49577,0.47349,0.44408,0.40892,0.36756,0.32838,0.28842,0.24938,0.21719,0.1986,0.19044,0.18493,0.18053,0.17906,0.18257,0.1914,0.20318,0.21344,0.22114,0.21996,0.21293,0.21328,0.22514,0.24278,0.25644,0.26057,0.26052
5BG 6/6,5BG,BG,6,6,0.10456,0.14096,0.18631,0.20723,0.21787,0.23151,0.2468,0.26493,0.29431,0.32739,0.35331,0.36516,0.36663,0.36106,0.35004,0.33322,0.3108,0.28303,0.25061,0.21839,0.18638,0.15551,0.13172,0.11857,0.11157,0.1082,0.10592,0.1056,0.10943,0.11658,0.12599,0.13284,0.13896,0.1392,0.13603,0.13691,0.14632,0.15913,0.16883,0.17173,0.17189
5BG 5/6,5BG,BG,5,6,0.09416,0.11278,0.13233,0.14171,0.14806,0.15647,0.166,0.18057,0.20469,0.23208,0.2511,0.25896,0.25877,0.25268,0.24171,0.22802,0.20901,0.18662,0.16082,0.14003,0.11823,0.099389,0.0857,0.079133,0.076622,0.074444,0.073178,0.0731,0.074233,0.076333,0.081678,0.085544,0.0885,0.089811,0.088456,0.0905,0.096356,0.10306,0.11042,0.11278,0.11327
5BG 4/6,5BG,BG,4,6,0.06574,0.071978,0.078556,0.082122,0.084978,0.089933,0.095967,0.10773,0.13012,0.16297,0.19594,0.21477,0.21243,0.19671,0.1748,0.14843,0.12259,0.10022,0.0811,0.069578,0.0607,0.054322,0.050589,0.050378,0.050889,0.051922,0.052467,0.053467,0.054278,0.055256,0.056667,0.057778,0.059933,0.061,0.062011,0.064922,0.068922,0.0724,0.076411,0.077144,0.077567
5BG 7/8,5BG,BG,7,8,0.14038,0.19156,0.26203,0.29418,0.30791,0.32268,0.34212,0.36947,0.4176,0.48241,0.54413,0.58079,0.58538,0.56823,0.53684,0.49762,0.44931,0.39732,0.3458,0.30042,0.25732,0.21542,0.18284,0.16484,0.15552,0.15057,0.14628,0.14397,0.14763,0.15552,0.16563,0.17296,0.18091,0.18007,0.17543,0.17513,0.18632,0.20282,0.21461,0.21983,0.22001
5BG 6/8,5BG,BG,6,8,0.1111,0.1434,0.18213,0.20066,0.21106,0.22439,0.24222,0.27168,0.31942,0.3819,0.43877,0.47012,0.46853,0.44631,0.41212,0.37103,0.3259,0.27768,0.23283,0.19702,0.16532,0.13792,0.11733,0.10711,0.10169,0.098489,0.096567,0.096222,0.097944,0.10281,0.10879,0.11287,0.11746,0.11726,0.11556,0.1168,0.12482,0.13798,0.14886,0.15318,0.15362
5BG 5/8,5BG,BG,5,8,0.09356,0.11033,0.1276,0.13476,0.14137,0.15044,0.16424,0.1849,0.22452,0.27742,0.32879,0.35814,0.35586,0.33282,0.29888,0.25996,0.21817,0.1779,0.14236,0.11793,0.098944,0.084467,0.075144,0.071222,0.070022,0.068844,0.068811,0.069111,0.069233,0.071122,0.074078,0.077044,0.0788,0.079122,0.079356,0.082733,0.089644,0.097933,0.10474,0.10809,0.10733
5BG 4/8,5BG,BG,4,8,0.0685,0.074311,0.078556,0.080378,0.082978,0.088367,0.095767,0.10758,0.13269,0.17349,0.21916,0.24519,0.23907,0.21126,0.17671,0.1422,0.11288,0.088944,0.070211,0.061756,0.055489,0.051367,0.049522,0.048967,0.049389,0.049367,0.049733,0.0509,0.0511,0.051989,0.054644,0.055978,0.057867,0.0585,0.060378,0.062533,0.066111,0.069889,0.074344,0.075844,0.0774
7.5BG 9/2,7.5BG,BG,9,2,0.13948,0.21806,0.40246,0.58744,0.65524,0.67382,0.68821,0.70288,0.72252,0.74241,0.75296,0.7585,0.76221,0.76332,0.75803,0.74831,0.73727,0.71912,0.69542,0.66993,0.6389,0.60198,0.56711,0.54494,0.53244,0.52647,0.52154,0.5199,0.52677,0.54068,0.55518,0.56698,0.57531,0.57396,0.56624,0.56627,0.58169,0.59969,0.61347,0.62113,0.61652
7.5BG 8/2,7.5BG,BG,8,2,0.15124,0.22791,0.38434,0.49722,0.52252,0.52978,0.53624,0.54189,0.55193,0.56373,0.57029,0.57091,0.57141,0.56936,0.56467,0.55989,0.55327,0.54257,0.52928,0.51269,0.49033,0.46357,0.43743,0.41987,0.40827,0.40278,0.39777,0.39388,0.39843,0.40677,0.41566,0.42098,0.4256,0.42391,0.41814,0.41903,0.43017,0.44227,0.45338,0.45438,0.45398
7.5BG 7/2,7.5BG,BG,7,2,0.1396,0.20336,0.31113,0.3658,0.3765,0.38032,0.3845,0.39011,0.39856,0.40802,0.41483,0.41543,0.41522,0.41239,0.40876,0.40359,0.39724,0.39053,0.37971,0.36702,0.351,0.33123,0.31034,0.29523,0.28644,0.28121,0.27499,0.27351,0.27654,0.28297,0.29287,0.29746,0.30188,0.30113,0.29686,0.29841,0.30557,0.31518,0.32128,0.32168,0.32144
7.5BG 6/2,7.5BG,BG,6,2,0.11554,0.16379,0.23121,0.25826,0.2639,0.26611,0.27013,0.27191,0.27762,0.2828,0.28629,0.28666,0.28672,0.28532,0.28378,0.28103,0.27612,0.27083,0.26329,0.25868,0.24526,0.23027,0.21443,0.20412,0.19783,0.19436,0.19232,0.19192,0.19363,0.19874,0.20507,0.208,0.21187,0.21297,0.2112,0.2124,0.2169,0.22409,0.2267,0.22923,0.22919
7.5BG 5/2,7.5BG,BG,5,2,0.10148,0.13272,0.1656,0.1763,0.17963,0.18161,0.1854,0.18821,0.19221,0.19634,0.1991,0.19802,0.19776,0.19574,0.19411,0.19171,0.18874,0.18422,0.17661,0.17071,0.1602,0.15301,0.13892,0.13031,0.12763,0.12181,0.12036,0.11987,0.12079,0.12319,0.12853,0.13089,0.13543,0.13468,0.13222,0.13364,0.1383,0.14468,0.14761,0.15024,0.15022
7.5BG 4/2,7.5BG,BG,4,2,0.0823,0.094644,0.10778,0.11041,0.11112,0.11174,0.11404,0.11602,0.12026,0.12384,0.12591,0.1251,0.12481,0.12417,0.12112,0.11963,0.11561,0.11154,0.10589,0.10318,0.095344,0.087333,0.081267,0.078322,0.0766,0.074433,0.073789,0.074122,0.073856,0.075211,0.078211,0.081111,0.084256,0.084833,0.085033,0.085822,0.089544,0.093056,0.095067,0.097967,0.097267
7.5BG 3/2,7.5BG,BG,3,2,0.05808,0.062411,0.064189,0.065178,0.066722,0.066222,0.067878,0.069144,0.071578,0.075367,0.077689,0.076778,0.077889,0.075967,0.073911,0.071067,0.067089,0.062744,0.057367,0.056233,0.052311,0.048933,0.0467,0.045133,0.0452,0.0455,0.047522,0.048011,0.049322,0.049489,0.051911,0.051833,0.053733,0.053633,0.055967,0.057889,0.060011,0.062222,0.0646,0.065311,0.066611
7.5BG 2.5/2,7.5BG,BG,2.5,2,0.0484,0.046567,0.046167,0.046244,0.0461,0.047333,0.0495,0.050878,0.055367,0.061344,0.068744,0.074144,0.071256,0.0656,0.057311,0.049178,0.044489,0.042022,0.037544,0.036722,0.036811,0.037011,0.037589,0.038178,0.039133,0.040478,0.0413,0.041933,0.042556,0.042589,0.045411,0.044711,0.047078,0.048333,0.05,0.052933,0.056044,0.057544,0.0583,0.058956,0.059167
7.5BG 8/4,7.5BG,BG,8,4,0.12902,0.20256,0.35039,0.45983,0.49107,0.50551,0.5206,0.53972,0.56973,0.59672,0.61479,0.62151,0.62198,0.61669,0.60683,0.59184,0.56979,0.54297,0.50974,0.47721,0.44038,0.40042,0.36461,0.34317,0.33076,0.32489,0.31799,0.31521,0.32002,0.33172,0.34569,0.35568,0.36499,0.36341,0.3569,0.35759,0.37043,0.39041,0.40621,0.40982,0.40638
7.5BG 7/4,7.5BG,BG,7,4,0.12654,0.18774,0.28983,0.34362,0.35861,0.3665,0.37844,0.39309,0.41403,0.43564,0.44947,0.45309,0.4539,0.44986,0.44157,0.42991,0.41416,0.39332,0.36704,0.34247,0.30994,0.27643,0.24984,0.23317,0.22407,0.21899,0.21453,0.2121,0.21524,0.22232,0.23251,0.23926,0.2465,0.24604,0.24168,0.24231,0.25304,0.26707,0.27769,0.27968,0.27984
7.5BG 6/4,7.5BG,BG,6,4,0.11582,0.16032,0.21976,0.24416,0.25306,0.26063,0.26911,0.28194,0.30088,0.31828,0.32871,0.33167,0.33124,0.32699,0.31913,0.30917,0.29463,0.27622,0.25458,0.23147,0.20796,0.18332,0.16261,0.15102,0.14466,0.14113,0.13718,0.13572,0.13806,0.14204,0.15006,0.15523,0.16011,0.16052,0.15644,0.15768,0.16571,0.17713,0.18404,0.18638,0.18597
7.5BG 5/4,7.5BG,BG,5,4,0.10638,0.13473,0.16364,0.1745,0.17806,0.18342,0.1897,0.19717,0.2088,0.22117,0.22877,0.22991,0.22943,0.22661,0.22166,0.21361,0.20212,0.18662,0.16802,0.15439,0.13773,0.12226,0.10893,0.10102,0.097167,0.093611,0.092478,0.092133,0.093967,0.097111,0.10121,0.10243,0.10501,0.10527,0.10481,0.10724,0.11472,0.12342,0.13041,0.13386,0.13688
7.5BG 4/4,7.5BG,BG,4,4,0.08186,0.092944,0.1046,0.1103,0.11278,0.11573,0.12077,0.12676,0.13684,0.14849,0.15746,0.15836,0.15706,0.15343,0.14712,0.13776,0.12532,0.11221,0.097222,0.0867,0.076989,0.069111,0.063967,0.061922,0.060978,0.059833,0.061022,0.060867,0.060189,0.061022,0.064144,0.064878,0.0678,0.069211,0.070289,0.0728,0.077211,0.083478,0.087556,0.090022,0.092511
7.5BG 3/4,7.5BG,BG,3,4,0.05968,0.057533,0.058144,0.0582,0.057889,0.060978,0.063733,0.068944,0.080867,0.0992,0.11898,0.12779,0.121,0.10621,0.088244,0.0714,0.060522,0.052722,0.044689,0.043956,0.042567,0.040656,0.042056,0.042922,0.043611,0.045011,0.045967,0.0463,0.046778,0.046789,0.049922,0.0495,0.051111,0.053,0.0557,0.059244,0.062078,0.065411,0.0671,0.068867,0.068022
7.5BG 7/6,7.5BG,BG,7,6,0.12216,0.17782,0.27034,0.31892,0.33606,0.35038,0.36771,0.3935,0.43072,0.46962,0.49573,0.50761,0.50661,0.49572,0.47891,0.45232,0.41991,0.3806,0.3375,0.30093,0.26489,0.23164,0.20451,0.1881,0.17958,0.17461,0.1715,0.17044,0.17357,0.18098,0.18911,0.19246,0.1969,0.19661,0.19429,0.19907,0.21354,0.23382,0.24661,0.25061,0.24877
7.5BG 6/6,7.5BG,BG,6,6,0.11072,0.14771,0.20038,0.22586,0.23703,0.24901,0.26309,0.28491,0.31759,0.35089,0.37287,0.38081,0.37983,0.36934,0.35332,0.33031,0.30171,0.26994,0.23436,0.20261,0.17634,0.15104,0.1329,0.12157,0.11672,0.11407,0.11113,0.11038,0.11348,0.11749,0.1251,0.12808,0.13157,0.13067,0.13004,0.13488,0.1456,0.16172,0.17416,0.17819,0.17952
7.5BG 5/6,7.5BG,BG,5,6,0.10348,0.12752,0.15423,0.16593,0.17232,0.18156,0.19452,0.21023,0.23433,0.26082,0.27916,0.28511,0.28282,0.27326,0.2568,0.23599,0.20899,0.17992,0.14802,0.12806,0.11131,0.098022,0.088233,0.082867,0.080533,0.079033,0.077267,0.077489,0.078433,0.079944,0.084022,0.0851,0.087044,0.086978,0.088478,0.092267,0.10058,0.11317,0.12354,0.12798,0.13002
7.5BG 4/6,7.5BG,BG,4,6,0.06856,0.076833,0.085211,0.089411,0.092778,0.098033,0.10663,0.12048,0.14546,0.17641,0.20107,0.21122,0.20676,0.1892,0.16829,0.14154,0.11679,0.095344,0.074833,0.0649,0.058111,0.052667,0.049178,0.047933,0.047267,0.046422,0.046667,0.047111,0.048144,0.049622,0.053011,0.051356,0.053544,0.055744,0.058656,0.062056,0.067967,0.074067,0.080433,0.082,0.084833
7.5BG 7/8,7.5BG,BG,7,8,0.1349,0.19219,0.2806,0.32927,0.34492,0.3605,0.38158,0.40626,0.4477,0.50801,0.5583,0.5802,0.57654,0.55217,0.5141,0.46938,0.41759,0.36287,0.30839,0.26666,0.23149,0.20241,0.17859,0.16563,0.1584,0.1541,0.15101,0.14984,0.15271,0.15824,0.16413,0.16649,0.16862,0.16739,0.1682,0.17398,0.19046,0.21207,0.2314,0.23763,0.23947
7.5BG 6/8,7.5BG,BG,6,8,0.11114,0.15047,0.19846,0.22142,0.23351,0.24853,0.26897,0.29892,0.34763,0.40906,0.45969,0.48441,0.47991,0.45272,0.41224,0.36578,0.3147,0.26478,0.21646,0.18058,0.15231,0.12992,0.11286,0.10403,0.099111,0.097533,0.095522,0.095067,0.097233,0.099422,0.1045,0.10599,0.10907,0.10989,0.11089,0.11608,0.12927,0.14643,0.15884,0.16653,0.16668
7.5BG 5/8,7.5BG,BG,5,8,0.08752,0.10823,0.1309,0.14277,0.1505,0.16223,0.17786,0.20177,0.24587,0.30367,0.35682,0.38329,0.37299,0.33949,0.29498,0.24754,0.20217,0.1597,0.12364,0.10131,0.086267,0.074756,0.067489,0.063822,0.062767,0.062411,0.0621,0.062022,0.063011,0.064489,0.0667,0.066833,0.068033,0.069144,0.071867,0.076011,0.085233,0.097678,0.10728,0.11296,0.1131
7.5BG 4/8,7.5BG,BG,4,8,0.06436,0.072822,0.080711,0.085822,0.090956,0.097644,0.10767,0.12494,0.15907,0.20669,0.25104,0.2714,0.25718,0.22456,0.1844,0.14491,0.11209,0.086078,0.066922,0.056533,0.050267,0.046878,0.044233,0.043767,0.044233,0.045,0.045078,0.045533,0.045733,0.046211,0.047822,0.047011,0.050056,0.051978,0.054822,0.058444,0.063633,0.069756,0.075656,0.078722,0.0793
10BG 9/1,10BG,BG,9,1,0.15338,0.23739,0.43099,0.62678,0.69482,0.70852,0.71486,0.71912,0.72686,0.73249,0.73362,0.73274,0.73476,0.7351,0.72963,0.72534,0.71872,0.7118,0.70023,0.68891,0.67832,0.66247,0.64572,0.63294,0.62494,0.62107,0.61778,0.61693,0.6186,0.62446,0.62871,0.63367,0.63671,0.63841,0.63579,0.63914,0.64909,0.65681,0.66738,0.66756,0.66419
10BG 8/1,10BG,BG,8,1,0.13662,0.21249,0.36998,0.48696,0.51361,0.51826,0.51933,0.5196,0.52337,0.5281,0.53031,0.52868,0.52901,0.52899,0.52658,0.52219,0.5179,0.51383,0.50689,0.50153,0.49236,0.47989,0.46636,0.45658,0.45147,0.4463,0.44296,0.44051,0.44296,0.44651,0.44868,0.44918,0.45138,0.45271,0.45017,0.45024,0.4548,0.45803,0.46097,0.46243,0.45869
10BG 7/1,10BG,BG,7,1,0.1406,0.20806,0.32131,0.37642,0.38507,0.38527,0.38634,0.38593,0.38881,0.39447,0.39742,0.39637,0.39672,0.39574,0.39302,0.39082,0.38627,0.383,0.37589,0.37363,0.36634,0.35801,0.34831,0.34094,0.33528,0.33073,0.3263,0.32452,0.32341,0.32537,0.32948,0.3276,0.32992,0.32874,0.3268,0.32644,0.33072,0.33111,0.33469,0.33356,0.33082
10BG 6/1,10BG,BG,6,1,0.1264,0.17796,0.24208,0.26731,0.27074,0.27078,0.2728,0.27278,0.27431,0.27717,0.27792,0.2774,0.27609,0.27607,0.27412,0.2713,0.26784,0.26553,0.26019,0.25846,0.25194,0.24478,0.23581,0.22929,0.2239,0.22077,0.21837,0.21623,0.217,0.2178,0.22139,0.21948,0.22198,0.22142,0.22079,0.22257,0.2252,0.22872,0.23033,0.23108,0.23028
10BG 5/1,10BG,BG,5,1,0.1038,0.13583,0.17124,0.18187,0.18263,0.18171,0.18248,0.18169,0.1825,0.18336,0.18413,0.18317,0.18309,0.18221,0.18094,0.17849,0.17669,0.1741,0.16984,0.1695,0.1654,0.15911,0.15498,0.15158,0.1491,0.14821,0.14534,0.14526,0.14498,0.14467,0.14656,0.14604,0.14873,0.14786,0.14727,0.14927,0.15096,0.15241,0.15497,0.15513,0.15501
10BG 4/1,10BG,BG,4,1,0.0867,0.10299,0.1167,0.11883,0.11771,0.11789,0.1185,0.11918,0.1198,0.12027,0.12182,0.11967,0.11871,0.11806,0.11571,0.11538,0.11386,0.11284,0.10928,0.1096,0.1059,0.10239,0.0982,0.094933,0.092856,0.091556,0.089044,0.089378,0.0895,0.089744,0.093067,0.092333,0.094433,0.095667,0.095144,0.096978,0.099089,0.10069,0.10303,0.10391,0.10432
10BG 3/1,10BG,BG,3,1,0.06146,0.066067,0.068356,0.068378,0.0672,0.066689,0.066611,0.067167,0.067811,0.069967,0.0699,0.067944,0.068722,0.067089,0.065744,0.065633,0.063144,0.062022,0.060667,0.0603,0.058267,0.055889,0.0532,0.052644,0.052322,0.052444,0.052467,0.052911,0.052544,0.0525,0.054533,0.054078,0.056711,0.058256,0.058656,0.060389,0.062689,0.063044,0.064511,0.0645,0.065933
10BG 2.5/1,10BG,BG,2.5,1,0.05254,0.052522,0.051689,0.051511,0.051344,0.050711,0.052089,0.052967,0.054478,0.056456,0.058167,0.057556,0.055944,0.055078,0.053367,0.051111,0.048933,0.048289,0.045822,0.045933,0.045756,0.044778,0.044033,0.044189,0.043922,0.043811,0.044389,0.044856,0.044711,0.045644,0.048689,0.048589,0.049978,0.050889,0.051389,0.053956,0.055722,0.057778,0.059578,0.060556,0.062144
10BG 9/2,10BG,BG,9,2,0.13984,0.2219,0.41906,0.60967,0.67654,0.69398,0.7063,0.72027,0.73638,0.75189,0.76004,0.76204,0.76457,0.76338,0.75838,0.74741,0.73139,0.71109,0.68462,0.66189,0.64031,0.61456,0.58798,0.5719,0.56547,0.5654,0.56573,0.56827,0.57587,0.58637,0.59609,0.60213,0.6095,0.60879,0.61002,0.61812,0.63702,0.65711,0.67202,0.68181,0.68572
10BG 8/2,10BG,BG,8,2,0.13112,0.20294,0.35527,0.47872,0.51096,0.51709,0.52431,0.53032,0.53898,0.54874,0.55187,0.55156,0.5523,0.55036,0.54612,0.54019,0.53191,0.52141,0.50733,0.49326,0.47314,0.44832,0.42462,0.40866,0.39972,0.39444,0.38976,0.38813,0.39071,0.39752,0.4063,0.41206,0.4185,0.41893,0.41427,0.41652,0.42376,0.43486,0.44231,0.4421,0.44254
10BG 7/2,10BG,BG,7,2,0.14076,0.20488,0.31732,0.37554,0.38651,0.3889,0.39418,0.39946,0.40601,0.41582,0.41913,0.41852,0.41759,0.41386,0.40847,0.40102,0.39282,0.38368,0.37231,0.36202,0.3461,0.3248,0.30594,0.29208,0.28207,0.27754,0.27428,0.27102,0.27361,0.27896,0.28623,0.28947,0.29311,0.29254,0.28943,0.28961,0.29642,0.30487,0.31041,0.31449,0.31159
10BG 6/2,10BG,BG,6,2,0.1143,0.16522,0.2324,0.26214,0.26779,0.26979,0.27191,0.27639,0.28029,0.28577,0.28753,0.2861,0.28637,0.28572,0.2829,0.27899,0.27421,0.26822,0.25906,0.25059,0.23907,0.22317,0.20674,0.19673,0.19041,0.18688,0.18444,0.18269,0.1828,0.18633,0.19142,0.19369,0.19806,0.19709,0.19549,0.19543,0.19972,0.20548,0.20974,0.2109,0.20821
10BG 5/2,10BG,BG,5,2,0.10352,0.13591,0.17244,0.18439,0.18653,0.18776,0.18899,0.19101,0.1938,0.19577,0.19698,0.19669,0.1958,0.1941,0.19113,0.18839,0.18431,0.17892,0.17196,0.16662,0.15776,0.14807,0.13782,0.1314,0.12807,0.12714,0.1253,0.1238,0.12532,0.12709,0.12986,0.12963,0.13244,0.1324,0.13264,0.13536,0.1416,0.14649,0.15046,0.15231,0.15212
10BG 4/2,10BG,BG,4,2,0.07814,0.094578,0.10938,0.115,0.11567,0.1162,0.11823,0.12102,0.12332,0.12612,0.12801,0.12692,0.12656,0.12546,0.1232,0.12092,0.11819,0.11254,0.10601,0.1009,0.093589,0.086378,0.079189,0.075622,0.074189,0.073256,0.072711,0.072978,0.074767,0.075811,0.078933,0.079056,0.0814,0.081867,0.082778,0.085311,0.091633,0.098256,0.10161,0.10342,0.10389
10BG 3/2,10BG,BG,3,2,0.05762,0.063278,0.068678,0.070289,0.070989,0.072889,0.073789,0.075978,0.078067,0.0802,0.080456,0.078756,0.077489,0.076244,0.075311,0.074067,0.070911,0.067356,0.060922,0.057822,0.055622,0.0501,0.047322,0.0472,0.046822,0.046611,0.046911,0.047467,0.047267,0.047667,0.049478,0.049522,0.051667,0.052889,0.054411,0.0577,0.061844,0.066767,0.067589,0.068789,0.069067
10BG 2.5/2,10BG,BG,2.5,2,0.0484,0.048178,0.048489,0.049422,0.048944,0.049089,0.051689,0.054156,0.059233,0.064756,0.070311,0.070622,0.067811,0.064456,0.059211,0.053544,0.0485,0.045311,0.042378,0.0415,0.040267,0.039567,0.038156,0.037356,0.037867,0.038644,0.039878,0.040356,0.041322,0.042089,0.044356,0.043633,0.045567,0.047256,0.0496,0.051256,0.054033,0.056422,0.057833,0.058311,0.058733
10BG 8/4,10BG,BG,8,4,0.13548,0.2066,0.35993,0.47664,0.51199,0.52808,0.54498,0.56582,0.59409,0.62314,0.64098,0.64457,0.64483,0.63482,0.61932,0.59766,0.56964,0.53467,0.49492,0.45694,0.42144,0.38626,0.35452,0.33542,0.32582,0.32058,0.31624,0.31628,0.32118,0.32897,0.3374,0.34153,0.34437,0.34158,0.33942,0.34806,0.37159,0.40416,0.42703,0.43429,0.43472
10BG 7/4,10BG,BG,7,4,0.14066,0.2061,0.31291,0.37233,0.38706,0.39559,0.40472,0.4183,0.43589,0.45264,0.46012,0.46169,0.46059,0.45502,0.44746,0.43442,0.41782,0.39439,0.36611,0.33893,0.30958,0.28077,0.25287,0.2356,0.22688,0.22223,0.21823,0.21581,0.21902,0.22508,0.23222,0.23844,0.24134,0.24028,0.23904,0.24199,0.2571,0.27474,0.28872,0.29472,0.29461
10BG 6/4,10BG,BG,6,4,0.12298,0.16734,0.23267,0.26127,0.26992,0.27748,0.28567,0.29598,0.31037,0.32222,0.32798,0.32717,0.32584,0.3214,0.31529,0.30499,0.29097,0.27353,0.25166,0.23229,0.21166,0.18947,0.17092,0.15838,0.15144,0.14797,0.1449,0.14474,0.14717,0.15203,0.15803,0.16026,0.16297,0.16136,0.15904,0.16391,0.17427,0.19049,0.20376,0.209,0.20877
10BG 5/4,10BG,BG,5,4,0.11266,0.14711,0.18321,0.19828,0.20164,0.206,0.21253,0.21857,0.2272,0.2367,0.23956,0.24007,0.23822,0.234,0.22667,0.21753,0.20374,0.18684,0.16569,0.1488,0.13389,0.12299,0.11247,0.10607,0.10229,0.1002,0.098744,0.099056,0.10062,0.10203,0.10512,0.10428,0.10427,0.1044,0.10672,0.1132,0.12478,0.13867,0.14988,0.15416,0.15463
10BG 4/4,10BG,BG,4,4,0.0801,0.095133,0.10873,0.1165,0.12031,0.12477,0.13091,0.13811,0.14807,0.15739,0.16156,0.16157,0.16076,0.15737,0.14973,0.14014,0.12582,0.11114,0.093256,0.084622,0.075656,0.0676,0.061367,0.059222,0.058733,0.058856,0.059367,0.060978,0.062122,0.061756,0.064122,0.063444,0.065289,0.065889,0.067756,0.072667,0.079011,0.087267,0.093856,0.096933,0.099456
10BG 3/4,10BG,BG,3,4,0.05342,0.055678,0.0582,0.059033,0.060411,0.0636,0.068878,0.0762,0.090422,0.1116,0.131,0.13669,0.12623,0.10714,0.087667,0.070478,0.058489,0.0497,0.042622,0.040722,0.039678,0.038489,0.039289,0.0391,0.038989,0.039133,0.038844,0.039556,0.039667,0.039222,0.041689,0.0415,0.044589,0.046567,0.047989,0.050556,0.0549,0.0584,0.063367,0.065611,0.066733
10BG 7/6,10BG,BG,7,6,0.1438,0.20674,0.31219,0.37231,0.39183,0.40692,0.42532,0.4487,0.48399,0.5195,0.54143,0.54752,0.54447,0.53173,0.51136,0.48084,0.44231,0.39646,0.34891,0.30939,0.27506,0.24408,0.21726,0.20147,0.19261,0.1867,0.18368,0.18328,0.18723,0.19216,0.1982,0.19942,0.20126,0.20108,0.20183,0.20998,0.23139,0.25647,0.27671,0.2864,0.28753
10BG 6/6,10BG,BG,6,6,0.12446,0.17132,0.23207,0.26298,0.27347,0.28632,0.30297,0.32408,0.35333,0.38368,0.39996,0.40368,0.39836,0.38441,0.36342,0.33602,0.30393,0.2668,0.22971,0.20123,0.17827,0.15659,0.13863,0.12796,0.1211,0.11794,0.11564,0.11531,0.11773,0.12171,0.12677,0.12768,0.12841,0.12644,0.1264,0.13234,0.14693,0.16752,0.18863,0.19731,0.2
10BG 5/6,10BG,BG,5,6,0.10622,0.13401,0.16529,0.18161,0.18832,0.19804,0.21037,0.22706,0.25012,0.27414,0.2883,0.29104,0.28601,0.27462,0.25761,0.23471,0.20434,0.17189,0.14154,0.12286,0.10708,0.0956,0.085344,0.0798,0.078533,0.076944,0.075533,0.077222,0.079389,0.080667,0.082611,0.082711,0.082878,0.083756,0.085622,0.092711,0.10284,0.11956,0.13193,0.13724,0.13943
10BG 4/6,10BG,BG,4,6,0.07284,0.084233,0.097144,0.10652,0.11097,0.11926,0.13179,0.1443,0.16926,0.19789,0.21953,0.2247,0.21704,0.19998,0.17491,0.1462,0.11932,0.095,0.075633,0.066044,0.058067,0.053222,0.048678,0.047333,0.045778,0.047944,0.049822,0.050367,0.051467,0.052167,0.053189,0.0521,0.0553,0.056422,0.058856,0.063111,0.069033,0.078933,0.089022,0.094211,0.096267
10BG 7/8,10BG,BG,7,8,0.12922,0.18578,0.28309,0.34,0.36169,0.38137,0.4053,0.43836,0.48794,0.54042,0.57783,0.59186,0.58824,0.56126,0.52296,0.47698,0.425,0.37023,0.31362,0.26997,0.23623,0.20861,0.18467,0.17061,0.16409,0.16076,0.15802,0.15757,0.16282,0.16859,0.17402,0.17651,0.1772,0.17652,0.17953,0.18962,0.21317,0.24544,0.2707,0.28183,0.28299
10BG 6/8,10BG,BG,6,8,0.12238,0.16798,0.22926,0.26257,0.27649,0.29518,0.31906,0.35117,0.40269,0.46282,0.50776,0.52202,0.50731,0.47019,0.42073,0.36464,0.308,0.25348,0.20449,0.17139,0.1485,0.13099,0.11684,0.10739,0.10327,0.1004,0.098567,0.099011,0.10139,0.10367,0.10786,0.10744,0.10859,0.10691,0.10991,0.11842,0.13488,0.1604,0.18332,0.19524,0.19816
10BG 5/8,10BG,BG,5,8,0.09824,0.1244,0.15583,0.17067,0.18081,0.19558,0.21617,0.24378,0.29031,0.34691,0.39138,0.40313,0.38569,0.34651,0.29606,0.2459,0.19883,0.15692,0.11921,0.10103,0.086411,0.077711,0.071411,0.068567,0.069067,0.068267,0.067978,0.069389,0.070178,0.069411,0.071267,0.069911,0.072711,0.073678,0.075944,0.0822,0.092944,0.10764,0.12222,0.13052,0.13316
10BG 4/8,10BG,BG,4,8,0.06584,0.076922,0.0896,0.097922,0.10419,0.11232,0.12631,0.14644,0.18248,0.23053,0.26972,0.2801,0.26028,0.22354,0.1806,0.14097,0.10863,0.082944,0.063633,0.055411,0.050122,0.046222,0.043656,0.043333,0.044478,0.0448,0.045467,0.045444,0.046533,0.046178,0.047633,0.047267,0.050156,0.052022,0.054811,0.058711,0.065233,0.074233,0.084789,0.088989,0.0905
2.5B 9/2,2.5B,B,9,2,0.13528,0.21427,0.40919,0.61573,0.69593,0.71414,0.72643,0.73539,0.74492,0.75389,0.75718,0.75758,0.75817,0.75528,0.74943,0.73926,0.72354,0.70364,0.6783,0.65348,0.63261,0.61346,0.59508,0.58173,0.57618,0.57522,0.57484,0.57859,0.58546,0.58858,0.58939,0.58624,0.58058,0.5793,0.58608,0.60719,0.63827,0.67552,0.70122,0.71133,0.71778
2.5B 8/2,2.5B,B,8,2,0.1315,0.20793,0.37021,0.50071,0.53392,0.5399,0.54331,0.5473,0.55297,0.55619,0.55868,0.55651,0.55659,0.55437,0.55076,0.54396,0.53494,0.52363,0.50604,0.48976,0.46932,0.44896,0.43147,0.41802,0.40948,0.4055,0.40287,0.40686,0.41246,0.41727,0.41896,0.42074,0.4196,0.41823,0.41999,0.42864,0.44652,0.46447,0.4783,0.48101,0.47921
2.5B 7/2,2.5B,B,7,2,0.1362,0.20691,0.3308,0.39814,0.41136,0.41458,0.4187,0.42099,0.42549,0.42944,0.42968,0.42799,0.42613,0.42293,0.4198,0.41398,0.40714,0.39644,0.38241,0.3702,0.35524,0.33747,0.32052,0.30821,0.30093,0.2982,0.29718,0.29691,0.30099,0.30607,0.31083,0.31088,0.31223,0.31103,0.31218,0.31798,0.32971,0.34144,0.34904,0.34974,0.34832
2.5B 6/2,2.5B,B,6,2,0.13494,0.18807,0.25716,0.28566,0.28934,0.29229,0.2961,0.29747,0.30217,0.30366,0.30432,0.30256,0.30204,0.29969,0.29628,0.29207,0.28624,0.27781,0.26612,0.25678,0.24551,0.23391,0.22218,0.21343,0.20896,0.20698,0.20518,0.20424,0.20704,0.21014,0.21268,0.20949,0.20868,0.20898,0.212,0.22099,0.23154,0.24451,0.25377,0.25638,0.25608
2.5B 5/2,2.5B,B,5,2,0.10066,0.135,0.17451,0.18851,0.19089,0.19183,0.19302,0.19321,0.19504,0.19709,0.19662,0.19574,0.19571,0.19442,0.19148,0.18768,0.18219,0.17652,0.16613,0.16068,0.15207,0.14359,0.13527,0.12847,0.12541,0.12283,0.12327,0.12448,0.1268,0.12831,0.13038,0.1281,0.12751,0.12793,0.13102,0.13774,0.14743,0.15716,0.16348,0.16479,0.16411
2.5B 4/2,2.5B,B,4,2,0.0915,0.10811,0.12328,0.1286,0.12908,0.12846,0.12942,0.13034,0.13211,0.13358,0.13387,0.13254,0.13237,0.1309,0.1277,0.12416,0.11982,0.11462,0.10767,0.10386,0.0972,0.0915,0.084856,0.082067,0.080522,0.080222,0.080344,0.080011,0.081578,0.081467,0.0835,0.081711,0.083889,0.084422,0.085967,0.090056,0.094733,0.10007,0.10442,0.10692,0.10802
2.5B 3/2,2.5B,B,3,2,0.06342,0.069822,0.074756,0.077322,0.077567,0.078567,0.079456,0.079367,0.081411,0.083278,0.083489,0.082144,0.082056,0.081133,0.079489,0.075933,0.071733,0.066756,0.061589,0.060022,0.056922,0.053889,0.0508,0.049656,0.050178,0.049589,0.049622,0.051056,0.052078,0.052611,0.054467,0.053311,0.0548,0.057278,0.059944,0.062878,0.0669,0.070722,0.0737,0.073633,0.0739
2.5B 2.5/2,2.5B,B,2.5,2,0.047,0.0496,0.051611,0.051956,0.053433,0.053189,0.054411,0.0563,0.059911,0.0655,0.071478,0.071544,0.070033,0.0661,0.061144,0.0551,0.049089,0.044778,0.040644,0.0427,0.040856,0.038789,0.038089,0.037989,0.038489,0.040011,0.0419,0.043033,0.043811,0.043644,0.046311,0.045689,0.046878,0.049744,0.051744,0.055089,0.059122,0.060744,0.063156,0.063133,0.063256
2.5B 8/4,2.5B,B,8,4,0.13492,0.21248,0.37594,0.51303,0.55341,0.56606,0.58048,0.59691,0.61857,0.63706,0.64722,0.6489,0.64677,0.63784,0.6221,0.59976,0.57057,0.53441,0.49199,0.45379,0.4211,0.39203,0.36611,0.34833,0.34093,0.33679,0.3348,0.33569,0.34259,0.3478,0.35264,0.35004,0.34683,0.34434,0.34939,0.36564,0.39874,0.43829,0.46851,0.4764,0.47866
2.5B 7/4,2.5B,B,7,4,0.1421,0.21222,0.33099,0.39672,0.41391,0.42301,0.4317,0.44191,0.45392,0.46357,0.46999,0.46857,0.4672,0.46184,0.45126,0.43554,0.41302,0.38536,0.35224,0.32336,0.29812,0.27493,0.25359,0.24049,0.23318,0.22836,0.22503,0.22428,0.22714,0.22986,0.23388,0.23387,0.23167,0.2293,0.23256,0.24411,0.26871,0.29751,0.32316,0.33452,0.33461
2.5B 6/4,2.5B,B,6,4,0.11426,0.16638,0.24369,0.28097,0.28941,0.29608,0.30338,0.30953,0.31981,0.32733,0.32921,0.32843,0.32643,0.32199,0.31382,0.30211,0.28696,0.26601,0.24076,0.21988,0.19932,0.18257,0.16663,0.15699,0.15306,0.15017,0.1507,0.15151,0.15489,0.15648,0.15879,0.15864,0.15749,0.15609,0.15926,0.16712,0.18549,0.20738,0.22499,0.23262,0.2339
2.5B 5/4,2.5B,B,5,4,0.0957,0.13063,0.17216,0.18828,0.194,0.19843,0.20364,0.20767,0.2147,0.22034,0.22152,0.2209,0.21971,0.21602,0.21018,0.20043,0.18726,0.17212,0.15117,0.13694,0.12306,0.11292,0.1017,0.095667,0.092989,0.091978,0.090489,0.091711,0.093722,0.095333,0.096644,0.096467,0.096889,0.095956,0.099811,0.10809,0.12316,0.14148,0.15582,0.16146,0.16354
2.5B 4/4,2.5B,B,4,4,0.07488,0.094111,0.11372,0.12128,0.12382,0.12777,0.13359,0.13852,0.14466,0.15043,0.15136,0.15106,0.14936,0.14476,0.13916,0.12891,0.11799,0.10431,0.090033,0.080122,0.071589,0.064622,0.059033,0.055156,0.054011,0.054033,0.054233,0.055944,0.057022,0.058422,0.059856,0.0587,0.058878,0.0598,0.062656,0.068122,0.078022,0.090667,0.10259,0.10777,0.10919
2.5B 3/4,2.5B,B,3,4,0.0555,0.058922,0.063322,0.065233,0.066756,0.070544,0.073578,0.081267,0.096322,0.11757,0.13636,0.1398,0.12801,0.10824,0.088111,0.070833,0.058522,0.049411,0.041067,0.041289,0.0411,0.039633,0.04,0.040733,0.041478,0.042078,0.043289,0.043411,0.044944,0.045033,0.047433,0.047378,0.051144,0.053256,0.056522,0.059522,0.062044,0.065411,0.068344,0.070222,0.070767
2.5B 7/6,2.5B,B,7,6,0.14096,0.20957,0.33632,0.41353,0.43504,0.44997,0.46732,0.48678,0.51454,0.54051,0.55213,0.55351,0.54884,0.53334,0.50913,0.475,0.43573,0.38847,0.33687,0.29821,0.26789,0.24377,0.22152,0.20957,0.20226,0.19839,0.19628,0.19872,0.20328,0.20752,0.21101,0.209,0.2066,0.2043,0.20974,0.22567,0.25604,0.29532,0.32617,0.33761,0.34229
2.5B 6/6,2.5B,B,6,6,0.1185,0.17251,0.25267,0.294,0.30843,0.32256,0.34087,0.35962,0.38296,0.40376,0.41318,0.41242,0.4067,0.39321,0.37133,0.34297,0.30679,0.26789,0.22493,0.19459,0.17036,0.15081,0.134,0.12556,0.12118,0.1199,0.11924,0.12032,0.12444,0.12682,0.12858,0.12589,0.12466,0.12283,0.12701,0.13812,0.16184,0.19556,0.22316,0.23572,0.24037
2.5B 5/6,2.5B,B,5,6,0.10074,0.13539,0.18241,0.20526,0.21466,0.22622,0.24183,0.25624,0.27622,0.29331,0.30199,0.30176,0.29719,0.28518,0.26586,0.23997,0.21011,0.17713,0.14392,0.122,0.10602,0.093989,0.085,0.079533,0.0775,0.074544,0.0752,0.076844,0.080089,0.081922,0.083311,0.081467,0.081511,0.081244,0.084378,0.092722,0.10812,0.13158,0.15494,0.16462,0.16848
2.5B 4/6,2.5B,B,4,6,0.06718,0.088711,0.1104,0.12208,0.1299,0.13959,0.15374,0.16913,0.18947,0.21034,0.22181,0.22161,0.21353,0.19727,0.17503,0.14944,0.12266,0.097378,0.075856,0.063611,0.056722,0.052944,0.048856,0.047156,0.047089,0.045467,0.045767,0.047589,0.048422,0.049456,0.0514,0.049511,0.051022,0.053167,0.056367,0.061678,0.070944,0.086856,0.10187,0.1102,0.11337
2.5B 7/8,2.5B,B,7,8,0.14058,0.20482,0.32827,0.40741,0.42953,0.44982,0.47576,0.50644,0.55128,0.59748,0.62693,0.63551,0.62003,0.58622,0.53899,0.48401,0.42882,0.37023,0.31173,0.27124,0.24083,0.21789,0.19748,0.18543,0.17906,0.17724,0.17689,0.17866,0.18419,0.18831,0.19079,0.18808,0.18429,0.18299,0.18972,0.20511,0.23674,0.28092,0.32144,0.33938,0.34531
2.5B 6/8,2.5B,B,6,8,0.11372,0.16472,0.24082,0.28303,0.3027,0.32303,0.3523,0.38661,0.43472,0.48791,0.52353,0.52861,0.50787,0.46737,0.41362,0.35677,0.29966,0.24468,0.19483,0.16176,0.13969,0.12212,0.1095,0.10197,0.098544,0.097289,0.097022,0.098467,0.099867,0.10181,0.10397,0.10168,0.10003,0.10002,0.10427,0.11498,0.13728,0.1723,0.20761,0.22338,0.2304
2.5B 5/8,2.5B,B,5,8,0.09502,0.12563,0.16559,0.18742,0.20101,0.21891,0.24543,0.27711,0.32373,0.37698,0.41311,0.41816,0.39348,0.34966,0.29742,0.24479,0.19623,0.15264,0.11607,0.095289,0.082478,0.073311,0.068367,0.0637,0.063644,0.063811,0.064156,0.065267,0.066789,0.066878,0.067811,0.0683,0.069078,0.069456,0.071433,0.077911,0.091456,0.1139,0.13924,0.15331,0.16042
2.5B 4/8,2.5B,B,4,8,0.07096,0.086944,0.10569,0.11748,0.12628,0.13769,0.15647,0.18128,0.2186,0.26579,0.29617,0.29779,0.2714,0.23134,0.18559,0.1442,0.11077,0.083811,0.0646,0.056144,0.050156,0.046889,0.046189,0.045856,0.046478,0.046989,0.047244,0.047489,0.047867,0.047667,0.049089,0.0481,0.050522,0.052589,0.055522,0.060733,0.068122,0.080456,0.094956,0.10396,0.1077
5B 9/1,5B,B,9,1,0.13708,0.21509,0.40682,0.61501,0.69222,0.70814,0.71351,0.71727,0.7205,0.72327,0.72208,0.72108,0.7225,0.72192,0.71804,0.71153,0.7034,0.68927,0.67481,0.66211,0.65571,0.64978,0.64196,0.63819,0.63899,0.64552,0.65004,0.65317,0.65552,0.65348,0.64853,0.64426,0.64656,0.65116,0.65652,0.66561,0.67652,0.68411,0.69364,0.70076,0.70097
5B 8/1,5B,B,8,1,0.1352,0.212,0.37181,0.50347,0.53384,0.53644,0.53538,0.53387,0.53272,0.53402,0.53087,0.52751,0.52859,0.52641,0.52412,0.52122,0.51486,0.50924,0.5038,0.49691,0.48912,0.48064,0.47254,0.46367,0.45847,0.4572,0.45404,0.45389,0.4553,0.45497,0.45414,0.4497,0.44949,0.4476,0.44998,0.45453,0.46371,0.4682,0.47234,0.47213,0.47183
5B 7/1,5B,B,7,1,0.14088,0.21237,0.33103,0.39002,0.39673,0.39553,0.39497,0.39317,0.39234,0.39329,0.39269,0.39179,0.39314,0.39219,0.38943,0.38651,0.384,0.37953,0.37418,0.37267,0.36876,0.36138,0.35339,0.34571,0.34021,0.33739,0.33542,0.33218,0.33012,0.33077,0.33337,0.33204,0.33341,0.33224,0.32934,0.33091,0.33369,0.33533,0.33822,0.33766,0.33872
5B 6/1,5B,B,6,1,0.13256,0.1881,0.26024,0.28759,0.28888,0.28851,0.287,0.2867,0.28587,0.28431,0.28163,0.27952,0.27733,0.27652,0.27301,0.26869,0.26488,0.26304,0.2589,0.25626,0.25194,0.24497,0.23772,0.23107,0.22718,0.2232,0.22166,0.22008,0.2176,0.21724,0.2197,0.21692,0.21698,0.21596,0.21593,0.21789,0.22102,0.2228,0.22529,0.22532,0.22424
5B 5/1,5B,B,5,1,0.10862,0.14207,0.17842,0.18844,0.18834,0.18732,0.18666,0.18524,0.18431,0.18382,0.18239,0.18097,0.18037,0.17981,0.17761,0.17512,0.17279,0.1699,0.1672,0.16687,0.1632,0.15938,0.15496,0.15053,0.14728,0.14694,0.14653,0.14588,0.14472,0.14468,0.14659,0.1468,0.14772,0.14692,0.14649,0.14756,0.14938,0.15092,0.15401,0.15419,0.15499
5B 4/1,5B,B,4,1,0.08892,0.10406,0.11397,0.11516,0.11503,0.11448,0.11533,0.11422,0.1142,0.11343,0.11271,0.11317,0.1142,0.11324,0.11224,0.1104,0.10954,0.10666,0.10402,0.10648,0.10168,0.098667,0.096667,0.095489,0.093133,0.092222,0.092422,0.091922,0.092533,0.0914,0.093544,0.093356,0.0955,0.0956,0.097144,0.098633,0.1017,0.10424,0.10646,0.1082,0.10706
5B 3/1,5B,B,3,1,0.0609,0.065311,0.070111,0.071367,0.072378,0.067489,0.066978,0.066856,0.066833,0.0666,0.066989,0.064922,0.065256,0.0659,0.064956,0.064133,0.062411,0.061189,0.058444,0.059011,0.057033,0.055011,0.053189,0.051878,0.052111,0.0522,0.053433,0.053456,0.054578,0.053856,0.055211,0.054656,0.057022,0.057778,0.0599,0.061578,0.064244,0.066133,0.067244,0.068956,0.068889
5B 2.5/1,5B,B,2.5,1,0.05066,0.052889,0.054044,0.056778,0.057189,0.055911,0.055689,0.055933,0.054489,0.053222,0.052611,0.0511,0.052089,0.051656,0.051544,0.050378,0.048944,0.047678,0.044,0.0448,0.044022,0.043278,0.042689,0.041589,0.041611,0.041711,0.042289,0.043344,0.043956,0.044,0.045611,0.044978,0.046667,0.048778,0.051244,0.052822,0.055667,0.056956,0.058633,0.057689,0.058922
5B 9/2,5B,B,9,2,0.13772,0.21828,0.40987,0.61836,0.69922,0.71591,0.72682,0.7349,0.74868,0.75671,0.7588,0.76011,0.76274,0.7608,0.75182,0.73947,0.723,0.70122,0.67432,0.65532,0.64236,0.62964,0.61556,0.60723,0.60626,0.61097,0.61129,0.61627,0.61676,0.61207,0.61369,0.61901,0.62674,0.63023,0.63481,0.64316,0.65902,0.67942,0.69568,0.70472,0.70859
5B 8/2,5B,B,8,2,0.1522,0.23136,0.40129,0.53967,0.5678,0.57446,0.57464,0.5753,0.57622,0.57596,0.57528,0.57312,0.5727,0.56968,0.5646,0.55862,0.54791,0.53476,0.51694,0.50086,0.48558,0.47013,0.45601,0.44579,0.44039,0.43626,0.43434,0.43614,0.44078,0.4408,0.43997,0.43399,0.42973,0.42792,0.43407,0.44918,0.46977,0.4887,0.49729,0.50186,0.50202
5B 7/2,5B,B,7,2,0.13876,0.20687,0.32654,0.39302,0.40326,0.4051,0.40724,0.40764,0.40799,0.4087,0.40597,0.40249,0.40202,0.40034,0.39653,0.39203,0.38569,0.37793,0.36547,0.35378,0.34153,0.32961,0.3182,0.30939,0.3043,0.30132,0.29863,0.29826,0.29927,0.29879,0.29714,0.29528,0.29291,0.29408,0.29813,0.30737,0.31972,0.33008,0.33783,0.33864,0.33853
5B 6/2,5B,B,6,2,0.11392,0.16908,0.24983,0.28603,0.29,0.28971,0.29223,0.29072,0.29223,0.29329,0.29296,0.29089,0.28954,0.28629,0.28272,0.27864,0.27207,0.26543,0.25339,0.2432,0.23274,0.22458,0.21537,0.20954,0.20674,0.20398,0.20323,0.20469,0.2061,0.20664,0.20547,0.20101,0.19867,0.19747,0.20209,0.21102,0.22488,0.23899,0.24736,0.25008,0.24884
5B 5/2,5B,B,5,2,0.11696,0.15311,0.19554,0.20918,0.21058,0.21133,0.21117,0.211,0.21036,0.20963,0.20827,0.20594,0.20563,0.20448,0.20268,0.19832,0.19288,0.18568,0.17419,0.16844,0.16157,0.15434,0.14736,0.14171,0.13857,0.13567,0.13479,0.13506,0.13601,0.13672,0.13689,0.13288,0.13414,0.13308,0.13537,0.14177,0.15068,0.16083,0.16754,0.17013,0.17062
5B 4/2,5B,B,4,2,0.09098,0.10846,0.12889,0.13362,0.13413,0.13521,0.13527,0.13548,0.13538,0.1344,0.13214,0.13046,0.13027,0.12898,0.12729,0.1242,0.12024,0.11448,0.10619,0.10199,0.096356,0.090611,0.085078,0.082567,0.081578,0.080722,0.080544,0.081211,0.082122,0.082056,0.082156,0.080544,0.082389,0.083722,0.086122,0.090322,0.096422,0.10189,0.10531,0.10817,0.10924
5B 3/2,5B,B,3,2,0.05934,0.068878,0.075456,0.078433,0.079067,0.079078,0.079644,0.079889,0.081456,0.083967,0.084733,0.083144,0.083122,0.080978,0.077667,0.073144,0.068233,0.063956,0.0568,0.055756,0.053622,0.051411,0.051078,0.049089,0.049578,0.048933,0.050833,0.0508,0.052933,0.052256,0.053544,0.053322,0.0551,0.055711,0.058044,0.061556,0.066889,0.072333,0.076989,0.078344,0.078656
5B 2.5/2,5B,B,2.5,2,0.04848,0.049222,0.050611,0.051133,0.050589,0.051333,0.052033,0.0536,0.058556,0.064978,0.070289,0.072,0.069144,0.063933,0.056133,0.049244,0.044456,0.041533,0.038733,0.038689,0.038044,0.036756,0.036133,0.035833,0.036578,0.0382,0.039344,0.040467,0.041044,0.041067,0.042267,0.041756,0.044289,0.047233,0.0501,0.052433,0.054867,0.057156,0.058289,0.058144,0.058922
5B 8/4,5B,B,8,4,0.1317,0.2095,0.37993,0.53004,0.57404,0.58782,0.60072,0.61096,0.62062,0.62867,0.63119,0.62989,0.6264,0.61891,0.60436,0.58366,0.55567,0.5202,0.47722,0.44337,0.41447,0.39138,0.37017,0.35692,0.34956,0.34628,0.34799,0.35047,0.3547,0.35802,0.35562,0.34921,0.34029,0.33689,0.34446,0.37022,0.4134,0.46266,0.49869,0.51514,0.51972
5B 7/4,5B,B,7,4,0.13668,0.20763,0.34309,0.4323,0.45304,0.46081,0.46736,0.47051,0.47549,0.47869,0.47902,0.47479,0.47297,0.46618,0.45564,0.43887,0.41528,0.38651,0.35102,0.32076,0.2987,0.28038,0.26506,0.25632,0.25043,0.24863,0.24709,0.25016,0.25601,0.25616,0.25534,0.24938,0.24432,0.24162,0.24843,0.26741,0.30124,0.34292,0.37481,0.38604,0.39174
5B 6/4,5B,B,6,4,0.13148,0.18904,0.27477,0.31464,0.32091,0.32561,0.32997,0.33341,0.33834,0.34057,0.33777,0.33401,0.33071,0.32597,0.3173,0.30657,0.29239,0.2732,0.24461,0.22193,0.20588,0.19259,0.18021,0.17288,0.16887,0.16524,0.16393,0.16487,0.16966,0.16931,0.16952,0.16461,0.16251,0.16192,0.16784,0.18087,0.20267,0.22822,0.24664,0.25547,0.25998
5B 5/4,5B,B,5,4,0.11,0.15096,0.20108,0.22119,0.22569,0.23012,0.23466,0.23702,0.23926,0.24184,0.24122,0.23673,0.23467,0.23074,0.22422,0.21341,0.19959,0.1826,0.1584,0.143,0.13023,0.12318,0.11481,0.11039,0.10799,0.10686,0.10524,0.10612,0.10833,0.10938,0.11021,0.10551,0.10381,0.1045,0.10957,0.12144,0.13941,0.16273,0.18137,0.18772,0.18841
5B 4/4,5B,B,4,4,0.0913,0.11227,0.13341,0.14288,0.14463,0.14739,0.15011,0.15098,0.15582,0.15819,0.159,0.15712,0.15456,0.1498,0.14226,0.13228,0.11949,0.1069,0.091967,0.0829,0.076378,0.072111,0.068478,0.066878,0.065911,0.064933,0.065822,0.0662,0.066944,0.067956,0.069778,0.068433,0.069833,0.071344,0.0736,0.077811,0.086367,0.0989,0.11054,0.11833,0.11971
5B 3/4,5B,B,3,4,0.0614,0.064733,0.070011,0.072478,0.0753,0.079067,0.086144,0.095122,0.10836,0.12651,0.13633,0.1355,0.12467,0.10734,0.087911,0.073411,0.061733,0.0527,0.044656,0.044678,0.043444,0.042244,0.041733,0.042522,0.043956,0.045433,0.046833,0.048622,0.048667,0.047711,0.049222,0.049256,0.052844,0.055,0.057644,0.061144,0.066456,0.071978,0.0788,0.0813,0.083322
5B 7/6,5B,B,7,6,0.14648,0.21927,0.35894,0.45469,0.47983,0.49386,0.51186,0.52554,0.54286,0.55578,0.55913,0.55527,0.54654,0.5312,0.50728,0.47351,0.43366,0.38653,0.33538,0.29743,0.26887,0.25098,0.23222,0.2205,0.21601,0.21312,0.21247,0.21561,0.2198,0.2199,0.22008,0.21493,0.21051,0.20877,0.2165,0.23531,0.27317,0.32523,0.36739,0.38846,0.39576
5B 6/6,5B,B,6,6,0.13416,0.19226,0.28462,0.33452,0.34708,0.35641,0.36949,0.38323,0.39796,0.40864,0.41216,0.40781,0.40037,0.3861,0.36553,0.33661,0.30528,0.26818,0.22866,0.20023,0.17943,0.16644,0.15353,0.1464,0.1425,0.1386,0.13752,0.13808,0.14041,0.14157,0.14104,0.13876,0.13607,0.13438,0.13849,0.15111,0.17661,0.2139,0.24669,0.26501,0.27101
5B 5/6,5B,B,5,6,0.10736,0.14697,0.20427,0.23216,0.24161,0.25143,0.26511,0.27586,0.28683,0.29562,0.29873,0.29552,0.29093,0.27921,0.26058,0.23426,0.19999,0.16639,0.13436,0.11216,0.10051,0.092489,0.086233,0.083489,0.082356,0.0824,0.082222,0.083656,0.085044,0.0846,0.086,0.083822,0.086233,0.086778,0.090956,0.10081,0.1183,0.14736,0.17657,0.19372,0.20066
5B 4/6,5B,B,4,6,0.08844,0.10663,0.13009,0.14319,0.14838,0.15806,0.17283,0.18672,0.20548,0.2222,0.22906,0.22529,0.21451,0.19692,0.17249,0.14604,0.11997,0.098389,0.078056,0.068967,0.063178,0.060489,0.058444,0.057789,0.057422,0.057378,0.057656,0.058622,0.061022,0.060667,0.062233,0.060889,0.062467,0.064833,0.068011,0.074411,0.081778,0.095967,0.11187,0.12233,0.1259
5B 3/6,5B,B,3,6,0.0525,0.0546,0.0611,0.0654,0.067722,0.072044,0.083322,0.096167,0.1189,0.14732,0.16714,0.16466,0.14297,0.11469,0.087589,0.067178,0.052189,0.042733,0.033878,0.033589,0.032178,0.031789,0.033011,0.033011,0.034389,0.033856,0.034244,0.034844,0.035389,0.034589,0.037567,0.0381,0.040267,0.043211,0.0455,0.048044,0.051611,0.058422,0.067111,0.072767,0.075567
5B 7/8,5B,B,7,8,0.13266,0.20573,0.34707,0.44737,0.47892,0.50121,0.53253,0.56057,0.59338,0.62433,0.63833,0.6333,0.6131,0.5784,0.53093,0.47693,0.41949,0.35848,0.29966,0.2582,0.22911,0.2069,0.18799,0.17678,0.17111,0.16851,0.16886,0.17312,0.1794,0.18116,0.17986,0.17261,0.16688,0.1647,0.17172,0.192,0.23229,0.29437,0.35614,0.39279,0.40404
5B 6/8,5B,B,6,8,0.1355,0.19319,0.28708,0.34261,0.36212,0.38057,0.41044,0.43843,0.47254,0.50368,0.51617,0.5089,0.48917,0.45317,0.40549,0.35244,0.29914,0.24689,0.20042,0.17026,0.14963,0.13587,0.1243,0.11746,0.11524,0.11349,0.11391,0.11608,0.11924,0.11883,0.11803,0.11396,0.11286,0.11294,0.1184,0.12992,0.15544,0.19609,0.24277,0.2704,0.28066
5B 5/8,5B,B,5,8,0.11084,0.14656,0.20086,0.22848,0.2418,0.26014,0.28922,0.31926,0.35866,0.39718,0.41314,0.40467,0.37873,0.33958,0.28982,0.24052,0.19503,0.15532,0.11948,0.10189,0.090311,0.083878,0.078011,0.075256,0.0735,0.0724,0.073111,0.073778,0.075811,0.076256,0.076967,0.075811,0.076678,0.078733,0.081778,0.088144,0.10121,0.12677,0.15906,0.18134,0.19001
5B 4/8,5B,B,4,8,0.07864,0.094144,0.11697,0.13304,0.14132,0.15463,0.17921,0.2055,0.23948,0.27564,0.29429,0.27831,0.24839,0.21104,0.17166,0.13482,0.10537,0.083011,0.064378,0.055978,0.052411,0.049911,0.048156,0.048256,0.048289,0.049822,0.050678,0.051022,0.050589,0.050067,0.0521,0.050667,0.053911,0.056533,0.060611,0.065322,0.071222,0.085778,0.10391,0.11879,0.12599
7.5B 9/2,7.5B,B,9,2,0.14768,0.22954,0.42287,0.6343,0.7153,0.72914,0.73748,0.73881,0.74218,0.74448,0.74151,0.73727,0.73373,0.7287,0.72034,0.71018,0.69932,0.6834,0.66344,0.64937,0.63472,0.62262,0.61,0.60163,0.59382,0.592,0.59471,0.59994,0.60682,0.60536,0.5999,0.59236,0.58202,0.57664,0.58277,0.60233,0.63494,0.67936,0.71517,0.73133,0.73106
7.5B 8/2,7.5B,B,8,2,0.14172,0.21653,0.3854,0.52522,0.55968,0.56592,0.56801,0.57026,0.56944,0.57036,0.566,0.56054,0.56263,0.55586,0.54979,0.54463,0.5347,0.52514,0.50947,0.496,0.48261,0.47239,0.46291,0.45398,0.45059,0.45036,0.45021,0.45394,0.4585,0.46067,0.4589,0.4538,0.45044,0.44924,0.45567,0.46848,0.48851,0.50671,0.52137,0.52718,0.51908
7.5B 7/2,7.5B,B,7,2,0.14208,0.21316,0.34231,0.41844,0.43144,0.43219,0.43119,0.42763,0.42434,0.42234,0.41984,0.41629,0.41452,0.41368,0.40873,0.4028,0.39466,0.38384,0.37,0.35769,0.34539,0.33817,0.32959,0.3259,0.32214,0.32083,0.32011,0.32289,0.32516,0.32118,0.31643,0.30801,0.30226,0.30224,0.31132,0.32751,0.3452,0.35853,0.36632,0.36803,0.36886
7.5B 6/2,7.5B,B,6,2,0.13578,0.19232,0.27569,0.30924,0.31313,0.3108,0.3075,0.30481,0.30248,0.30219,0.30026,0.2973,0.29571,0.29246,0.28873,0.28297,0.2771,0.26967,0.25712,0.24708,0.23922,0.23371,0.22831,0.22551,0.22263,0.22042,0.2186,0.22011,0.22154,0.21918,0.21708,0.21052,0.20638,0.20619,0.213,0.22328,0.2381,0.24873,0.25568,0.25732,0.25762
7.5B 5/2,7.5B,B,5,2,0.11142,0.14814,0.19359,0.20787,0.20809,0.20778,0.20814,0.20664,0.20537,0.20481,0.20267,0.19992,0.19802,0.19526,0.19223,0.18944,0.18496,0.17858,0.16731,0.16044,0.15409,0.14784,0.14271,0.13904,0.13594,0.13651,0.13494,0.13733,0.13852,0.13718,0.13561,0.13059,0.1293,0.13014,0.13251,0.1398,0.15009,0.16218,0.17004,0.17382,0.17377
7.5B 4/2,7.5B,B,4,2,0.09622,0.11579,0.13481,0.13873,0.13798,0.13879,0.1395,0.13711,0.13699,0.13641,0.13464,0.13176,0.12933,0.127,0.12544,0.12324,0.11818,0.11288,0.10431,0.10037,0.096378,0.091756,0.089911,0.086733,0.086356,0.085633,0.087456,0.089767,0.091667,0.089067,0.089067,0.085478,0.085989,0.085633,0.088611,0.095411,0.10351,0.1124,0.11938,0.12213,0.124
7.5B 3/2,7.5B,B,3,2,0.07084,0.076878,0.081544,0.082767,0.081756,0.082667,0.083522,0.084233,0.085889,0.0864,0.086189,0.084756,0.083011,0.0803,0.077133,0.072556,0.068722,0.064789,0.057822,0.055267,0.054033,0.052222,0.051644,0.050889,0.049867,0.050522,0.051967,0.052756,0.053944,0.054156,0.055444,0.053933,0.055856,0.058256,0.060644,0.065967,0.070378,0.075811,0.079967,0.081411,0.081767
7.5B 2.5/2,7.5B,B,2.5,2,0.05282,0.053567,0.053756,0.055367,0.053622,0.053089,0.054189,0.056944,0.063767,0.074222,0.086378,0.087567,0.078989,0.066356,0.054611,0.046011,0.042511,0.039567,0.036144,0.0367,0.037267,0.037467,0.037889,0.0393,0.040189,0.040878,0.041667,0.042156,0.043311,0.043678,0.045633,0.045544,0.047578,0.051156,0.054144,0.057733,0.060567,0.062989,0.064389,0.064156,0.064867
7.5B 8/4,7.5B,B,8,4,0.14554,0.22518,0.4076,0.58179,0.63291,0.64527,0.65627,0.65902,0.66052,0.6601,0.65591,0.65134,0.64629,0.63672,0.62067,0.59653,0.56846,0.53613,0.49668,0.46641,0.43972,0.42083,0.40386,0.39071,0.3847,0.38068,0.3812,0.38748,0.39456,0.39366,0.38752,0.37657,0.36248,0.35424,0.36218,0.38686,0.43572,0.50907,0.57669,0.61158,0.62216
7.5B 7/4,7.5B,B,7,4,0.13154,0.20092,0.33948,0.43896,0.4567,0.45972,0.46391,0.46196,0.4608,0.46092,0.45847,0.45356,0.44996,0.44223,0.43057,0.41638,0.40006,0.37578,0.344,0.31776,0.29774,0.28283,0.26851,0.25831,0.25386,0.25278,0.25506,0.26037,0.26574,0.26393,0.25886,0.24861,0.24088,0.23869,0.2496,0.27158,0.30893,0.35376,0.38684,0.40299,0.4082
7.5B 6/4,7.5B,B,6,4,0.1217,0.18047,0.27664,0.32484,0.33122,0.33302,0.33524,0.33486,0.3338,0.33187,0.32766,0.32343,0.31981,0.31436,0.30512,0.29376,0.28042,0.26238,0.23757,0.21919,0.20437,0.19311,0.1827,0.1757,0.1719,0.17021,0.17159,0.17598,0.1805,0.17883,0.17551,0.16636,0.16123,0.15957,0.16866,0.18508,0.21358,0.24672,0.27014,0.27963,0.28367
7.5B 5/4,7.5B,B,5,4,0.11214,0.1544,0.21268,0.23539,0.23828,0.24007,0.2418,0.242,0.24113,0.23907,0.23606,0.23136,0.22887,0.22372,0.21756,0.20774,0.19547,0.17963,0.15961,0.14607,0.13351,0.12556,0.11946,0.11532,0.11414,0.11258,0.11398,0.11581,0.11798,0.11666,0.11407,0.10849,0.1072,0.1078,0.11217,0.12278,0.14179,0.16727,0.18813,0.19814,0.20031
7.5B 4/4,7.5B,B,4,4,0.08816,0.11461,0.14614,0.15729,0.16043,0.16237,0.16661,0.16527,0.16499,0.16248,0.15952,0.15557,0.15111,0.14723,0.14064,0.13217,0.1213,0.10868,0.0938,0.084311,0.078533,0.073811,0.0701,0.068967,0.068489,0.067722,0.067878,0.068122,0.068922,0.068856,0.0692,0.065956,0.066067,0.067211,0.071411,0.078067,0.091167,0.11066,0.12862,0.13868,0.14226
7.5B 3/4,7.5B,B,3,4,0.0623,0.068078,0.076756,0.0814,0.083133,0.086956,0.094033,0.102,0.11214,0.12197,0.12457,0.12152,0.1137,0.10218,0.088122,0.073567,0.061111,0.051611,0.043967,0.042689,0.041844,0.041122,0.042589,0.042689,0.043278,0.043822,0.044667,0.045389,0.045822,0.045733,0.047444,0.046733,0.050489,0.053267,0.056489,0.0596,0.0642,0.069122,0.077022,0.082178,0.085244
7.5B 7/6,7.5B,B,7,6,0.12744,0.19506,0.34848,0.47523,0.50564,0.51837,0.53158,0.53412,0.53579,0.53731,0.53269,0.52536,0.51893,0.50209,0.47878,0.44784,0.40953,0.36582,0.31964,0.28407,0.25743,0.23933,0.22352,0.21338,0.21047,0.20908,0.20946,0.2166,0.2215,0.21964,0.21356,0.20513,0.19843,0.19697,0.20786,0.23241,0.27973,0.34866,0.41609,0.45418,0.46987
7.5B 6/6,7.5B,B,6,6,0.123,0.18499,0.29266,0.35801,0.37151,0.37832,0.38847,0.38824,0.38851,0.38713,0.38327,0.37686,0.36999,0.3574,0.33901,0.31631,0.28772,0.25479,0.21806,0.19253,0.17272,0.16127,0.14944,0.142,0.13848,0.13779,0.13924,0.14237,0.14744,0.14728,0.14377,0.13628,0.13013,0.1293,0.13664,0.15503,0.1905,0.24353,0.29402,0.32168,0.33328
7.5B 5/6,7.5B,B,5,6,0.10826,0.15681,0.22791,0.26334,0.26992,0.27471,0.28031,0.28138,0.27952,0.27799,0.27334,0.26592,0.26186,0.25012,0.23392,0.21627,0.19322,0.17028,0.14139,0.12304,0.1101,0.10234,0.095878,0.0911,0.090578,0.089744,0.091144,0.093089,0.096733,0.096278,0.093456,0.089256,0.088544,0.087844,0.094889,0.10751,0.13011,0.16216,0.18847,0.20219,0.20663
7.5B 4/6,7.5B,B,4,6,0.08004,0.10237,0.13793,0.15851,0.16742,0.17626,0.19191,0.20001,0.20572,0.20957,0.20844,0.20229,0.19476,0.18207,0.16221,0.13917,0.11629,0.094856,0.0746,0.064833,0.059744,0.056978,0.054611,0.0549,0.054211,0.054589,0.0545,0.055856,0.055667,0.055889,0.057211,0.054711,0.057944,0.059911,0.063978,0.070156,0.080122,0.1004,0.13057,0.15358,0.16507
7.5B 3/6,7.5B,B,3,6,0.05234,0.057267,0.066467,0.072822,0.0773,0.085222,0.097233,0.11363,0.13834,0.16762,0.18329,0.17264,0.14687,0.11698,0.088411,0.0674,0.053533,0.044644,0.037867,0.036122,0.035111,0.033933,0.034,0.033978,0.035878,0.037978,0.038267,0.039156,0.039456,0.038544,0.040278,0.038333,0.0422,0.044911,0.0483,0.051867,0.057233,0.065356,0.076222,0.083689,0.087411
7.5B 7/8,7.5B,B,7,8,0.13078,0.20384,0.36319,0.50289,0.54668,0.57464,0.61268,0.63926,0.6582,0.67006,0.6671,0.65149,0.62746,0.59006,0.53987,0.48412,0.42509,0.36487,0.30483,0.26204,0.2333,0.21421,0.19838,0.18769,0.18442,0.1828,0.1837,0.1899,0.19537,0.19519,0.19093,0.18308,0.17467,0.17216,0.18228,0.20724,0.25787,0.3404,0.43059,0.49642,0.52998
7.5B 6/8,7.5B,B,6,8,0.12326,0.18832,0.30799,0.38172,0.40383,0.42198,0.45152,0.46871,0.48121,0.48836,0.48352,0.47346,0.45727,0.43188,0.39441,0.35281,0.30544,0.25771,0.21174,0.18218,0.16221,0.14849,0.13663,0.13014,0.12846,0.12759,0.12729,0.13059,0.13328,0.13229,0.1301,0.12428,0.12056,0.12072,0.12553,0.13999,0.17099,0.22988,0.30226,0.35084,0.37493
7.5B 5/8,7.5B,B,5,8,0.1076,0.15331,0.22367,0.26582,0.2799,0.29816,0.32549,0.34234,0.3573,0.36404,0.36426,0.35222,0.33689,0.31143,0.2755,0.23674,0.1956,0.15801,0.1234,0.10437,0.0924,0.085789,0.081533,0.078656,0.078444,0.078311,0.0788,0.080078,0.080867,0.080267,0.080844,0.077956,0.079989,0.080733,0.084256,0.091978,0.1082,0.14366,0.19146,0.22859,0.2469
7.5B 4/8,7.5B,B,4,8,0.078,0.095778,0.12512,0.1444,0.15522,0.17267,0.20339,0.23236,0.26706,0.3003,0.3104,0.29438,0.26061,0.21729,0.17077,0.13152,0.0999,0.077444,0.059178,0.054211,0.0498,0.047489,0.0462,0.045422,0.046556,0.046556,0.048511,0.049844,0.049933,0.0497,0.051211,0.048822,0.051033,0.054144,0.057544,0.063089,0.071167,0.0876,0.11284,0.13414,0.14531
7.5B 6/10,7.5B,B,6,10,0.11224,0.17169,0.2855,0.3697,0.39781,0.42318,0.46821,0.49829,0.5203,0.53634,0.5323,0.51278,0.48537,0.4435,0.39268,0.33674,0.28261,0.23049,0.184,0.1552,0.13681,0.1247,0.11439,0.10723,0.10477,0.10396,0.10463,0.10952,0.11391,0.11281,0.11127,0.10576,0.10248,0.10232,0.1063,0.12044,0.153,0.21634,0.29681,0.35821,0.39146
7.5B 5/10,7.5B,B,5,10,0.08648,0.12647,0.19272,0.23971,0.26159,0.28916,0.33179,0.36803,0.40143,0.43052,0.4353,0.41862,0.38752,0.34217,0.28734,0.23323,0.1843,0.14254,0.10824,0.089689,0.0781,0.071844,0.066856,0.0658,0.065111,0.065289,0.065922,0.067589,0.069011,0.069244,0.0692,0.0664,0.066633,0.0674,0.0724,0.082378,0.10426,0.14947,0.21223,0.26718,0.29631
10B 9/1,10B,B,9,1,0.14982,0.23321,0.42547,0.63529,0.71481,0.72667,0.72984,0.73156,0.73282,0.73468,0.73156,0.72554,0.723,0.71768,0.70947,0.70278,0.69812,0.69289,0.68297,0.67614,0.67251,0.67112,0.66803,0.66517,0.6609,0.65896,0.66268,0.6667,0.67182,0.66903,0.6666,0.66571,0.66161,0.66097,0.66569,0.67992,0.69694,0.71293,0.72514,0.73129,0.72899
10B 8/1,10B,B,8,1,0.14784,0.22484,0.38988,0.52366,0.55219,0.55441,0.5548,0.55184,0.54978,0.54916,0.54643,0.54119,0.54028,0.53714,0.53338,0.52862,0.52242,0.51638,0.50752,0.50138,0.49621,0.4931,0.49037,0.4872,0.48577,0.48654,0.48617,0.4884,0.4871,0.48397,0.47817,0.47356,0.47287,0.47379,0.47858,0.48428,0.49344,0.49621,0.49967,0.50341,0.50266
10B 7/1,10B,B,7,1,0.14124,0.21331,0.33246,0.39489,0.40248,0.40142,0.4005,0.3972,0.3951,0.39287,0.39059,0.38519,0.38332,0.38188,0.37899,0.37579,0.37313,0.37048,0.3656,0.36296,0.35937,0.3562,0.3526,0.35052,0.34788,0.34428,0.34158,0.33964,0.33884,0.33679,0.33522,0.33364,0.33154,0.33148,0.33111,0.33317,0.33468,0.33581,0.33729,0.33532,0.33442
10B 6/1,10B,B,6,1,0.1358,0.19006,0.2614,0.28846,0.29078,0.2883,0.28686,0.28417,0.28203,0.28084,0.27822,0.27576,0.27493,0.27336,0.27102,0.26914,0.26669,0.2643,0.26109,0.25996,0.25691,0.2541,0.25036,0.24727,0.24461,0.24259,0.23978,0.23767,0.23581,0.23574,0.235,0.23322,0.2327,0.23249,0.23218,0.23227,0.2321,0.23146,0.23074,0.23059,0.23096
10B 5/1,10B,B,5,1,0.11544,0.14949,0.18672,0.19776,0.19768,0.19647,0.19511,0.19294,0.1914,0.19019,0.18908,0.18732,0.18618,0.18477,0.1829,0.18056,0.17873,0.17641,0.17329,0.17161,0.16932,0.16758,0.16578,0.16404,0.162,0.16097,0.1601,0.15916,0.15807,0.15612,0.15402,0.15136,0.15166,0.15321,0.15584,0.15911,0.16224,0.16364,0.16458,0.16617,0.16608
10B 4/1,10B,B,4,1,0.08886,0.10737,0.1234,0.12731,0.12767,0.12519,0.12493,0.12409,0.12213,0.12132,0.12116,0.11959,0.11859,0.11772,0.11618,0.1146,0.11296,0.11149,0.10931,0.1078,0.10657,0.10582,0.1045,0.10283,0.10226,0.10166,0.10129,0.10142,0.10156,0.10067,0.099844,0.099044,0.099256,0.10056,0.10311,0.10636,0.1097,0.11006,0.11176,0.11298,0.11197
10B 3/1,10B,B,3,1,0.07072,0.076978,0.081589,0.082489,0.081133,0.079878,0.079256,0.077178,0.076356,0.075889,0.075867,0.074189,0.073178,0.073,0.070367,0.0698,0.066978,0.065789,0.063456,0.062589,0.061989,0.0614,0.061844,0.060344,0.060689,0.060589,0.060489,0.060889,0.059822,0.058644,0.060144,0.059856,0.062156,0.063233,0.065889,0.0683,0.0722,0.0746,0.077,0.076822,0.077644
10B 2.5/1,10B,B,2.5,1,0.05292,0.054478,0.0559,0.056589,0.0569,0.057456,0.0572,0.057033,0.056333,0.055811,0.054978,0.0543,0.052733,0.052867,0.052456,0.051911,0.050578,0.0495,0.046256,0.045311,0.045111,0.043667,0.044189,0.0437,0.044389,0.044844,0.045622,0.044733,0.0446,0.044456,0.044978,0.045111,0.047978,0.049244,0.050989,0.052711,0.054967,0.056067,0.057067,0.058189,0.058189
10B 9/2,10B,B,9,2,0.14854,0.22894,0.4211,0.64084,0.73379,0.75153,0.7585,0.75974,0.76187,0.76441,0.76134,0.75601,0.75278,0.74591,0.73514,0.72413,0.70817,0.6895,0.66773,0.65281,0.64488,0.64204,0.63533,0.6326,0.63584,0.64609,0.65723,0.6674,0.67142,0.66541,0.65846,0.6511,0.6536,0.65952,0.66731,0.68136,0.6991,0.71769,0.73458,0.74694,0.75586
10B 8/2,10B,B,8,2,0.15024,0.2263,0.39311,0.53088,0.56473,0.56492,0.56482,0.56056,0.56068,0.55898,0.55553,0.55054,0.54853,0.54654,0.53824,0.53092,0.52101,0.5082,0.49038,0.47393,0.46833,0.46497,0.45949,0.45612,0.45822,0.46419,0.47132,0.47434,0.47458,0.46959,0.46193,0.45541,0.45578,0.45903,0.46624,0.47506,0.4871,0.4949,0.50302,0.50641,0.50914
10B 7/2,10B,B,7,2,0.14528,0.21666,0.34236,0.41356,0.42393,0.42303,0.42121,0.41923,0.41742,0.4151,0.41284,0.40792,0.4062,0.40191,0.39666,0.38971,0.38062,0.37264,0.358,0.34787,0.3418,0.33716,0.33293,0.32767,0.32882,0.33333,0.33634,0.33847,0.33752,0.33052,0.32293,0.31754,0.31768,0.322,0.32772,0.33222,0.33848,0.34191,0.34659,0.34976,0.35034
10B 6/2,10B,B,6,2,0.13402,0.19259,0.27331,0.30696,0.3106,0.30892,0.30911,0.30559,0.30199,0.30007,0.29816,0.29292,0.29263,0.29012,0.28853,0.28267,0.27547,0.26906,0.25194,0.24451,0.23787,0.23379,0.23061,0.22827,0.22837,0.23087,0.233,0.23392,0.23169,0.22697,0.22147,0.21533,0.21646,0.22032,0.22588,0.23131,0.23777,0.24178,0.24587,0.24657,0.24736
10B 5/2,10B,B,5,2,0.1241,0.15986,0.2036,0.21728,0.21691,0.21664,0.21606,0.21456,0.21218,0.21052,0.20839,0.20404,0.20114,0.19886,0.19304,0.1884,0.18394,0.17767,0.16857,0.16341,0.16008,0.15776,0.15474,0.15222,0.15193,0.15492,0.15768,0.15816,0.1581,0.15416,0.15143,0.14706,0.1481,0.15007,0.15346,0.15882,0.16369,0.16804,0.17008,0.17168,0.17236
10B 4/2,10B,B,4,2,0.10306,0.11948,0.13968,0.14439,0.14374,0.14328,0.14306,0.14168,0.13966,0.13871,0.13686,0.13392,0.13099,0.12836,0.12658,0.12366,0.11946,0.11462,0.1069,0.10208,0.097922,0.095633,0.093344,0.0926,0.090878,0.089667,0.090933,0.091578,0.091222,0.090356,0.089278,0.087211,0.087511,0.0879,0.092456,0.097289,0.10529,0.11449,0.11764,0.11933,0.11858
10B 3/2,10B,B,3,2,0.06774,0.078022,0.086267,0.0894,0.089711,0.088289,0.0883,0.0868,0.0857,0.084511,0.0837,0.082156,0.080633,0.078744,0.076611,0.072789,0.069389,0.066022,0.060033,0.0576,0.056078,0.055078,0.054467,0.0531,0.053456,0.052722,0.052856,0.053044,0.052822,0.052778,0.0541,0.053733,0.054622,0.055311,0.058744,0.062533,0.068111,0.074456,0.081078,0.084056,0.084767
10B 2.5/2,10B,B,2.5,2,0.06416,0.064156,0.067667,0.069233,0.068933,0.070089,0.072578,0.073389,0.074911,0.0769,0.076911,0.074367,0.071889,0.068044,0.064233,0.059689,0.0553,0.050644,0.045956,0.045767,0.0446,0.043856,0.043989,0.043933,0.044078,0.044778,0.044922,0.046289,0.047044,0.046589,0.047811,0.047844,0.049867,0.051944,0.054278,0.0566,0.059933,0.065322,0.069811,0.072411,0.073322
10B 8/4,10B,B,8,4,0.13948,0.21658,0.39894,0.57869,0.63434,0.64536,0.65256,0.65728,0.66016,0.65836,0.65413,0.64728,0.63931,0.6274,0.60496,0.57617,0.54136,0.50162,0.45919,0.43247,0.41927,0.41171,0.40351,0.40014,0.40928,0.4271,0.4455,0.45824,0.46242,0.45194,0.43551,0.42584,0.42804,0.43802,0.45063,0.46732,0.49517,0.52288,0.54968,0.5737,0.58793
10B 7/4,10B,B,7,4,0.14206,0.21318,0.35673,0.46002,0.4788,0.48332,0.48702,0.48599,0.48378,0.48123,0.47537,0.46892,0.46398,0.45342,0.439,0.42112,0.39776,0.3707,0.34126,0.32178,0.30953,0.30223,0.29528,0.29237,0.29337,0.3032,0.31267,0.32138,0.32533,0.31849,0.30759,0.29748,0.29562,0.29986,0.30581,0.3183,0.33722,0.35821,0.37628,0.38854,0.40019
10B 6/4,10B,B,6,4,0.13732,0.19894,0.29778,0.34789,0.35617,0.3563,0.35648,0.35634,0.35588,0.35306,0.35008,0.34391,0.33954,0.33129,0.31876,0.30349,0.2842,0.26156,0.23619,0.22,0.21174,0.20726,0.20263,0.20009,0.20348,0.21204,0.22257,0.22938,0.23106,0.22573,0.21711,0.20957,0.21059,0.2161,0.22446,0.23518,0.25101,0.26742,0.27944,0.28814,0.29522
10B 5/4,10B,B,5,4,0.119,0.16513,0.22153,0.24348,0.24537,0.24562,0.24797,0.2483,0.24618,0.24534,0.24272,0.23651,0.23186,0.22408,0.21344,0.19923,0.18504,0.16804,0.14807,0.13727,0.13299,0.13002,0.12597,0.12421,0.12716,0.13211,0.13762,0.14378,0.14451,0.13964,0.13426,0.12927,0.13136,0.13586,0.14301,0.14936,0.15974,0.1711,0.1809,0.19071,0.1969
10B 4/4,10B,B,4,4,0.1001,0.12507,0.15734,0.16859,0.17068,0.17229,0.17477,0.17368,0.17161,0.16852,0.16426,0.15664,0.1515,0.14398,0.13576,0.12752,0.11927,0.10959,0.097089,0.089322,0.082633,0.078722,0.075533,0.0727,0.072144,0.072589,0.073867,0.076111,0.077622,0.076744,0.076444,0.073956,0.073944,0.074678,0.078867,0.086467,0.098089,0.11698,0.13334,0.14183,0.14634
10B 3/4,10B,B,3,4,0.0704,0.077122,0.086833,0.091822,0.094011,0.099089,0.10669,0.11154,0.11624,0.12018,0.11922,0.11456,0.10844,0.099189,0.087356,0.075689,0.065,0.056833,0.048411,0.048356,0.046978,0.046033,0.046211,0.047411,0.0483,0.049456,0.051722,0.052656,0.053222,0.052844,0.053922,0.053533,0.057144,0.060844,0.064133,0.067511,0.0721,0.0789,0.088489,0.096367,0.1003
10B 2.5/4,10B,B,2.5,4,0.04748,0.047922,0.050778,0.051156,0.052567,0.057067,0.064256,0.078233,0.1106,0.15126,0.16464,0.14011,0.10386,0.074778,0.058178,0.048856,0.044789,0.0403,0.037689,0.040489,0.0402,0.039944,0.039967,0.039656,0.039956,0.039433,0.039622,0.040789,0.041767,0.042422,0.044389,0.044522,0.0474,0.048456,0.049289,0.051511,0.055567,0.060689,0.065578,0.069278,0.070556
10B 7/6,10B,B,7,6,0.14844,0.22334,0.37919,0.49909,0.53,0.54049,0.54978,0.55876,0.5605,0.56048,0.55568,0.54457,0.53228,0.51278,0.48472,0.44728,0.40577,0.36091,0.31862,0.29119,0.27774,0.26856,0.25917,0.25503,0.25986,0.27229,0.28551,0.29523,0.29939,0.29247,0.2787,0.2678,0.27102,0.27906,0.28786,0.30208,0.32758,0.35949,0.3868,0.41188,0.43354
10B 6/6,10B,B,6,6,0.13096,0.19371,0.30947,0.38222,0.39433,0.3993,0.40527,0.40877,0.40918,0.40639,0.40019,0.3896,0.37761,0.36092,0.33848,0.31048,0.279,0.24588,0.21178,0.19197,0.18166,0.17409,0.16709,0.16248,0.16527,0.17306,0.18239,0.18819,0.19141,0.18642,0.17777,0.16971,0.17128,0.17731,0.18434,0.19498,0.21272,0.23221,0.24918,0.2603,0.26782
10B 5/6,10B,B,5,6,0.11372,0.1648,0.23733,0.27448,0.28311,0.29056,0.30023,0.30227,0.29901,0.296,0.28851,0.27663,0.2647,0.24903,0.23061,0.2127,0.19462,0.17374,0.14887,0.13388,0.12209,0.11469,0.10932,0.1048,0.10291,0.10294,0.10542,0.10918,0.1116,0.11113,0.10917,0.10534,0.10236,0.10273,0.10787,0.12066,0.14773,0.1944,0.23773,0.26289,0.27402
10B 4/6,10B,B,4,6,0.10004,0.13146,0.17206,0.19204,0.19733,0.20309,0.21266,0.21402,0.21393,0.2125,0.20731,0.19771,0.18692,0.17408,0.15729,0.14021,0.12316,0.10551,0.087411,0.079667,0.073767,0.070089,0.0661,0.064467,0.063833,0.064267,0.064933,0.066933,0.067333,0.067744,0.068433,0.065456,0.065933,0.067244,0.070822,0.077511,0.089944,0.1137,0.14162,0.16097,0.16874
10B 3/6,10B,B,3,6,0.0605,0.067389,0.076778,0.083822,0.0873,0.092844,0.1094,0.12496,0.14698,0.16841,0.17426,0.16048,0.1353,0.10689,0.081822,0.063344,0.052356,0.045256,0.040211,0.038044,0.037822,0.038844,0.039,0.040856,0.0421,0.043156,0.044256,0.044156,0.043467,0.043011,0.044833,0.045044,0.048156,0.051022,0.055111,0.059578,0.064878,0.072944,0.0858,0.096278,0.10169
10B 7/8,10B,B,7,8,0.14802,0.22097,0.38667,0.5393,0.58796,0.6117,0.64636,0.66666,0.67251,0.66926,0.65566,0.633,0.60512,0.56647,0.51784,0.46301,0.40796,0.35322,0.30396,0.27264,0.25448,0.2422,0.2308,0.22392,0.22293,0.22806,0.23513,0.24336,0.24894,0.24522,0.23483,0.22477,0.21891,0.2179,0.22659,0.24494,0.2837,0.34906,0.41981,0.47702,0.52299
10B 6/8,10B,B,6,8,0.13892,0.20443,0.32303,0.39937,0.42101,0.43581,0.45506,0.47303,0.48444,0.48922,0.48433,0.46886,0.44748,0.41516,0.37293,0.32578,0.27779,0.23231,0.1944,0.17233,0.16112,0.15384,0.14642,0.14233,0.14522,0.15341,0.16349,0.17126,0.17556,0.17123,0.16134,0.15492,0.15659,0.16276,0.17117,0.18562,0.21106,0.24456,0.28071,0.30836,0.33347
10B 5/8,10B,B,5,8,0.11972,0.16787,0.24476,0.28724,0.30111,0.31522,0.33489,0.35339,0.36783,0.37529,0.37183,0.35663,0.33373,0.30288,0.26358,0.22244,0.18309,0.14987,0.12112,0.10778,0.1014,0.097378,0.093933,0.091633,0.092922,0.097656,0.10224,0.10604,0.10748,0.10568,0.10227,0.098233,0.10107,0.10444,0.10906,0.11808,0.13449,0.15751,0.18292,0.20556,0.22116
10B 4/8,10B,B,4,8,0.08032,0.10178,0.13523,0.1589,0.16919,0.18661,0.2214,0.24627,0.27023,0.28426,0.28141,0.26362,0.23721,0.20173,0.16436,0.12979,0.10344,0.083889,0.067433,0.061,0.056367,0.053356,0.050922,0.050233,0.050767,0.051167,0.0525,0.053478,0.054289,0.0536,0.0545,0.053722,0.055156,0.057078,0.061633,0.067656,0.075678,0.093389,0.12621,0.15928,0.17869
10B 6/10,10B,B,6,10,0.1325,0.19826,0.32579,0.42569,0.45614,0.48829,0.55036,0.57946,0.58537,0.58246,0.56263,0.53289,0.50007,0.45388,0.39769,0.34077,0.28656,0.23697,0.19306,0.16717,0.15077,0.14002,0.12976,0.12337,0.1197,0.11806,0.11853,0.12178,0.12496,0.12474,0.12198,0.11701,0.11176,0.11069,0.1142,0.12612,0.15078,0.21014,0.30867,0.40847,0.48206
10B 5/10,10B,B,5,10,0.11678,0.16476,0.24069,0.28754,0.30762,0.3315,0.36542,0.40568,0.44288,0.46907,0.46776,0.43861,0.39393,0.34102,0.28403,0.23139,0.18503,0.14784,0.11652,0.10296,0.096244,0.091844,0.087622,0.085278,0.086333,0.091833,0.097778,0.10424,0.10664,0.1045,0.10106,0.095767,0.099211,0.10367,0.1092,0.12117,0.1373,0.16421,0.19354,0.21949,0.24401
2.5PB 9/2,2.5PB,PB,9,2,0.1344,0.21129,0.4018,0.62001,0.71257,0.73323,0.74396,0.74771,0.75373,0.75502,0.75209,0.74483,0.73581,0.72497,0.70928,0.69573,0.68452,0.66827,0.64904,0.63603,0.63434,0.63396,0.62991,0.62713,0.62939,0.64351,0.65781,0.66949,0.67658,0.67228,0.65988,0.64911,0.65266,0.6596,0.67061,0.68619,0.70607,0.72822,0.74943,0.76259,0.75844
2.5PB 8/2,2.5PB,PB,8,2,0.14626,0.22653,0.39659,0.53292,0.56356,0.56573,0.56516,0.56306,0.5609,0.55731,0.55461,0.54687,0.54147,0.53519,0.52677,0.51876,0.51057,0.50181,0.48819,0.47996,0.47633,0.47431,0.4695,0.46613,0.46658,0.47136,0.47788,0.48222,0.48216,0.47728,0.47019,0.46352,0.46423,0.46721,0.47242,0.48002,0.48826,0.49529,0.49981,0.50276,0.50551
2.5PB 7/2,2.5PB,PB,7,2,0.13692,0.20684,0.33367,0.40817,0.41854,0.41646,0.4136,0.41059,0.40906,0.4064,0.40294,0.39622,0.39201,0.38667,0.38141,0.375,0.36959,0.36259,0.35323,0.34647,0.34149,0.33916,0.33751,0.33466,0.33366,0.33548,0.33867,0.34081,0.34012,0.33626,0.33468,0.33088,0.33118,0.33239,0.33413,0.33731,0.34069,0.34443,0.3467,0.34877,0.34879
2.5PB 6/2,2.5PB,PB,6,2,0.12508,0.1795,0.25834,0.29047,0.29489,0.29394,0.29372,0.29244,0.29124,0.28832,0.28122,0.2773,0.27509,0.27044,0.2639,0.25924,0.25254,0.24669,0.23847,0.23661,0.234,0.2337,0.23152,0.22843,0.2281,0.23112,0.23462,0.23986,0.23898,0.23431,0.23098,0.22832,0.22882,0.23093,0.23267,0.23797,0.24168,0.24606,0.24811,0.24846,0.24691
2.5PB 5/2,2.5PB,PB,5,2,0.1045,0.14503,0.18888,0.20553,0.20678,0.20566,0.20483,0.20309,0.20379,0.20302,0.20051,0.19683,0.19252,0.18584,0.17927,0.17446,0.1708,0.16618,0.15657,0.15342,0.15111,0.15239,0.14952,0.14799,0.14877,0.15094,0.1544,0.15659,0.15601,0.15466,0.15258,0.14911,0.15152,0.15509,0.15894,0.16469,0.17023,0.17298,0.17629,0.17839,0.18042
2.5PB 4/2,2.5PB,PB,4,2,0.09614,0.11749,0.13839,0.14388,0.14403,0.14307,0.1417,0.13922,0.13673,0.13484,0.13392,0.13058,0.12769,0.12498,0.11993,0.11627,0.11191,0.10832,0.10187,0.099633,0.097022,0.096478,0.095667,0.095522,0.095211,0.095278,0.096467,0.097744,0.098778,0.097378,0.097033,0.095367,0.0957,0.098078,0.099389,0.10272,0.10657,0.11036,0.11301,0.11546,0.11441
2.5PB 3/2,2.5PB,PB,3,2,0.06998,0.077378,0.084456,0.0865,0.085789,0.086289,0.0863,0.084422,0.082367,0.081256,0.080378,0.077544,0.076233,0.074578,0.071233,0.067456,0.063167,0.059667,0.054256,0.053844,0.053667,0.0541,0.053678,0.052789,0.052689,0.0527,0.054367,0.056122,0.056222,0.0557,0.056189,0.053911,0.0568,0.059056,0.060222,0.062456,0.065333,0.069778,0.072822,0.075767,0.077622
2.5PB 2.5/2,2.5PB,PB,2.5,2,0.0585,0.0621,0.065078,0.066289,0.065456,0.066278,0.067344,0.070333,0.074667,0.075833,0.075478,0.071467,0.067722,0.0624,0.057078,0.0531,0.048889,0.046111,0.041878,0.043656,0.043167,0.042311,0.0421,0.042378,0.044722,0.045867,0.046978,0.046644,0.0458,0.045567,0.046844,0.046256,0.048856,0.051456,0.053667,0.0565,0.058956,0.061911,0.063233,0.065033,0.067367
2.5PB 8/4,2.5PB,PB,8,4,0.14918,0.23061,0.41423,0.59404,0.65059,0.66278,0.668,0.66888,0.66743,0.66189,0.65132,0.63581,0.61946,0.59919,0.5721,0.55081,0.52842,0.5023,0.47036,0.45318,0.44398,0.44003,0.43413,0.42931,0.43306,0.44534,0.46084,0.47642,0.48316,0.47524,0.46159,0.45061,0.45253,0.45897,0.46873,0.48571,0.51228,0.5426,0.56579,0.58849,0.60338
2.5PB 7/4,2.5PB,PB,7,4,0.14464,0.2174,0.3601,0.45983,0.47703,0.4766,0.47784,0.47616,0.47466,0.47126,0.46327,0.45134,0.44127,0.42789,0.41054,0.39567,0.37703,0.35589,0.32853,0.31327,0.30649,0.3037,0.29858,0.29402,0.2963,0.30837,0.32176,0.33263,0.33657,0.32922,0.31704,0.30901,0.31031,0.31832,0.32696,0.33936,0.35506,0.37513,0.38846,0.40041,0.40818
2.5PB 6/4,2.5PB,PB,6,4,0.12468,0.18294,0.28144,0.33242,0.3406,0.34062,0.34039,0.33903,0.33537,0.33231,0.32499,0.31443,0.30417,0.29096,0.27452,0.26074,0.24864,0.23501,0.21582,0.20561,0.20276,0.2032,0.2003,0.19659,0.19803,0.20524,0.21593,0.22561,0.23031,0.22759,0.22009,0.21257,0.21481,0.2193,0.22623,0.23576,0.25144,0.26528,0.27718,0.28218,0.28786
2.5PB 5/4,2.5PB,PB,5,4,0.12066,0.16701,0.22793,0.25093,0.25268,0.2525,0.25324,0.25191,0.25007,0.2476,0.24161,0.23303,0.22374,0.21403,0.20228,0.19133,0.18078,0.16861,0.15231,0.14533,0.14049,0.13816,0.13564,0.13411,0.1344,0.13867,0.14518,0.15032,0.1523,0.14993,0.14666,0.14117,0.14136,0.1455,0.15017,0.15693,0.16761,0.17853,0.18669,0.19421,0.20054
2.5PB 4/4,2.5PB,PB,4,4,0.09752,0.12499,0.15583,0.16652,0.16934,0.1708,0.17204,0.1707,0.16898,0.16681,0.16356,0.15679,0.15099,0.14217,0.13226,0.12104,0.11133,0.10143,0.089822,0.085078,0.082489,0.080967,0.079022,0.077756,0.079189,0.083033,0.088444,0.093211,0.093022,0.090744,0.086867,0.083433,0.087289,0.090911,0.095244,0.1014,0.10967,0.11776,0.12687,0.13318,0.14002
2.5PB 3/4,2.5PB,PB,3,4,0.07462,0.078611,0.087333,0.093467,0.094589,0.10012,0.1055,0.11123,0.11808,0.12114,0.12032,0.11452,0.1058,0.093711,0.0811,0.0689,0.058911,0.052944,0.049022,0.049478,0.048544,0.048689,0.049778,0.051022,0.053489,0.054567,0.055722,0.054422,0.053567,0.052867,0.054778,0.054889,0.0575,0.058811,0.061567,0.065044,0.069522,0.073122,0.077744,0.082511,0.084878
2.5PB 2.5/4,2.5PB,PB,2.5,4,0.05078,0.051978,0.056578,0.0598,0.060478,0.065756,0.070933,0.079544,0.090689,0.10109,0.10529,0.096389,0.083467,0.068833,0.056144,0.0458,0.0396,0.035933,0.031422,0.034778,0.034867,0.035689,0.036933,0.037744,0.038667,0.038478,0.039456,0.039967,0.039878,0.040078,0.041789,0.0411,0.043122,0.046433,0.048356,0.051789,0.054578,0.057122,0.060411,0.063844,0.066711
2.5PB 8/6,2.5PB,PB,8,6,0.12898,0.20351,0.38392,0.58169,0.659,0.67752,0.69279,0.70468,0.70768,0.70526,0.691,0.668,0.64461,0.61573,0.57814,0.54433,0.50973,0.4688,0.42738,0.40169,0.39036,0.38377,0.37633,0.3741,0.38089,0.39856,0.41848,0.4354,0.44283,0.43441,0.41756,0.40402,0.40852,0.41852,0.43258,0.45569,0.49122,0.53529,0.58054,0.6192,0.64713
2.5PB 7/6,2.5PB,PB,7,6,0.13878,0.21397,0.3787,0.51611,0.54962,0.55861,0.56744,0.57054,0.56941,0.56451,0.54932,0.5291,0.5074,0.48004,0.44816,0.41821,0.39002,0.35578,0.31772,0.29681,0.28794,0.28384,0.27577,0.27157,0.27448,0.2875,0.30396,0.31886,0.3272,0.3203,0.30691,0.29473,0.29648,0.30201,0.31263,0.3306,0.35844,0.39358,0.42767,0.45212,0.4749
2.5PB 6/6,2.5PB,PB,6,6,0.14212,0.20917,0.3311,0.40171,0.41643,0.41943,0.42449,0.42492,0.42293,0.41731,0.40389,0.38366,0.36334,0.33939,0.31301,0.29043,0.26841,0.24438,0.21584,0.20171,0.1955,0.19189,0.18739,0.18457,0.18736,0.19726,0.21016,0.22151,0.22587,0.22036,0.21014,0.20126,0.20302,0.20899,0.21716,0.23042,0.25146,0.2786,0.30173,0.322,0.33852
2.5PB 5/6,2.5PB,PB,5,6,0.12052,0.17202,0.24669,0.28509,0.29254,0.29644,0.30056,0.30162,0.29892,0.29453,0.28592,0.2727,0.25757,0.24028,0.21947,0.19942,0.18112,0.16187,0.14028,0.12993,0.12502,0.12104,0.11637,0.11592,0.11728,0.12248,0.12963,0.13578,0.13997,0.13579,0.13082,0.12508,0.12529,0.12844,0.13513,0.1434,0.15893,0.17693,0.19403,0.21069,0.22414
2.5PB 4/6,2.5PB,PB,4,6,0.10412,0.13501,0.17677,0.19406,0.19957,0.20336,0.20819,0.21096,0.21026,0.20769,0.20087,0.18889,0.1771,0.16051,0.14204,0.12549,0.11084,0.097244,0.082389,0.078356,0.0758,0.074833,0.072678,0.071733,0.072556,0.075611,0.080833,0.085,0.086767,0.083722,0.080911,0.077278,0.079444,0.083567,0.087044,0.093744,0.10336,0.11579,0.12924,0.14266,0.15567
2.5PB 3/6,2.5PB,PB,3,6,0.0619,0.073078,0.089011,0.098989,0.10389,0.11207,0.1295,0.13973,0.14803,0.15361,0.14984,0.13959,0.12492,0.10583,0.085833,0.068667,0.0572,0.049411,0.042367,0.041667,0.041622,0.041033,0.040933,0.041889,0.043778,0.0447,0.046722,0.047278,0.047044,0.045711,0.046033,0.046622,0.050567,0.054333,0.059022,0.062144,0.065489,0.073889,0.0904,0.10716,0.11854
2.5PB 7/8,2.5PB,PB,7,8,0.14422,0.2218,0.39483,0.55773,0.61234,0.6348,0.6586,0.67786,0.68038,0.67056,0.64568,0.60952,0.57269,0.53039,0.48273,0.43739,0.39223,0.34548,0.30012,0.27441,0.26442,0.25927,0.25209,0.24849,0.2552,0.27094,0.2906,0.3082,0.31494,0.30612,0.28941,0.27752,0.28031,0.29129,0.30474,0.32351,0.35542,0.39814,0.44269,0.48423,0.52491
2.5PB 6/8,2.5PB,PB,6,8,0.13958,0.21027,0.35167,0.45346,0.47827,0.49067,0.50583,0.51667,0.51516,0.50796,0.48987,0.46089,0.43083,0.39463,0.35379,0.31587,0.28114,0.2436,0.20661,0.18767,0.17944,0.17588,0.17082,0.16763,0.17228,0.18454,0.202,0.21597,0.2214,0.21468,0.20086,0.19068,0.19459,0.20277,0.21233,0.22811,0.25472,0.28927,0.32458,0.35503,0.3865
2.5PB 5/8,2.5PB,PB,5,8,0.11364,0.1645,0.24973,0.30117,0.31624,0.3295,0.3448,0.35791,0.35796,0.35299,0.33911,0.31659,0.2939,0.26596,0.23356,0.20268,0.17423,0.14678,0.12168,0.11016,0.10626,0.10378,0.10052,0.10027,0.10174,0.10736,0.11449,0.12117,0.1258,0.12252,0.11631,0.11033,0.11197,0.11764,0.12473,0.13478,0.15419,0.18063,0.21284,0.24046,0.26376
2.5PB 4/8,2.5PB,PB,4,8,0.09522,0.12519,0.17118,0.20281,0.21533,0.23132,0.25868,0.26683,0.26663,0.26067,0.24631,0.22471,0.20333,0.17872,0.1515,0.12903,0.1078,0.089478,0.073778,0.067389,0.063033,0.060367,0.0588,0.057789,0.0579,0.058578,0.060233,0.061744,0.062222,0.060767,0.059989,0.059722,0.061722,0.065044,0.068956,0.075711,0.086144,0.10883,0.1496,0.19029,0.21883
2.5PB 6/10,2.5PB,PB,6,10,0.13814,0.21006,0.35214,0.46184,0.49658,0.52109,0.55297,0.58007,0.58436,0.57458,0.54896,0.51089,0.47006,0.42196,0.36852,0.31768,0.2688,0.22403,0.18541,0.16442,0.1548,0.14929,0.14441,0.1417,0.14432,0.15444,0.16672,0.17783,0.18234,0.17637,0.1646,0.15534,0.15687,0.16389,0.17569,0.19279,0.2242,0.26594,0.31372,0.35868,0.40369
2.5PB 5/10,2.5PB,PB,5,10,0.11588,0.16839,0.26323,0.32872,0.34957,0.37434,0.40916,0.43898,0.44632,0.44102,0.4207,0.38919,0.35243,0.30747,0.25831,0.21169,0.17117,0.1384,0.11194,0.099989,0.094844,0.091878,0.088033,0.086611,0.089444,0.094444,0.10152,0.10778,0.10879,0.10552,0.10054,0.0943,0.095833,0.1015,0.10793,0.11797,0.13707,0.16438,0.19894,0.23523,0.27234
2.5PB 4/10,2.5PB,PB,4,10,0.07358,0.10756,0.16533,0.20849,0.2278,0.25441,0.30599,0.32964,0.33328,0.32912,0.30989,0.28008,0.2487,0.21164,0.17342,0.13834,0.10969,0.0864,0.064889,0.055511,0.050833,0.047711,0.046344,0.043789,0.0431,0.042889,0.0436,0.045778,0.047256,0.047033,0.047511,0.044678,0.046722,0.048656,0.052578,0.0585,0.071567,0.10539,0.17142,0.24858,0.31117
5PB 9/1,5PB,PB,9,1,0.1376,0.21299,0.39499,0.59784,0.67952,0.69288,0.69856,0.70022,0.70236,0.70308,0.70157,0.6977,0.69359,0.6872,0.67857,0.67128,0.66714,0.66291,0.65391,0.65021,0.65122,0.6555,0.65486,0.65538,0.65544,0.65844,0.66428,0.6722,0.67573,0.67561,0.67427,0.67306,0.67454,0.67642,0.68176,0.68773,0.69368,0.69578,0.70179,0.70406,0.70157
5PB 8/1,5PB,PB,8,1,0.1319,0.20552,0.36758,0.49849,0.5287,0.53113,0.53169,0.52953,0.52722,0.52778,0.52432,0.52,0.51877,0.51344,0.50744,0.50158,0.49958,0.49717,0.49049,0.4898,0.49066,0.49186,0.49072,0.4867,0.48233,0.48316,0.48547,0.48798,0.48773,0.4847,0.48317,0.47763,0.48038,0.48228,0.48653,0.49067,0.49244,0.49112,0.49214,0.49287,0.49313
5PB 7/1,5PB,PB,7,1,0.13848,0.2075,0.33308,0.40528,0.4146,0.41369,0.41284,0.40942,0.40671,0.40399,0.39713,0.38972,0.38648,0.383,0.37589,0.37114,0.36868,0.3645,0.36138,0.36247,0.36456,0.36676,0.36743,0.36387,0.36009,0.35867,0.3591,0.3619,0.36212,0.36233,0.36132,0.35931,0.3594,0.3594,0.3591,0.35859,0.35788,0.35513,0.3546,0.35317,0.3496
5PB 6/1,5PB,PB,6,1,0.13426,0.18959,0.26512,0.29284,0.29424,0.29287,0.29181,0.28833,0.28511,0.28362,0.27966,0.27518,0.27394,0.27146,0.26972,0.26619,0.26262,0.26059,0.2575,0.25694,0.25354,0.25337,0.25354,0.2546,0.25307,0.25078,0.24847,0.24738,0.24586,0.24412,0.24322,0.2406,0.23999,0.23948,0.23883,0.23954,0.2391,0.23786,0.23699,0.23602,0.2343
5PB 5/1,5PB,PB,5,1,0.11544,0.14798,0.18506,0.19682,0.19704,0.19604,0.19471,0.19156,0.18944,0.18684,0.18502,0.18209,0.18183,0.17989,0.17907,0.17568,0.17244,0.17137,0.16937,0.17094,0.1697,0.16693,0.16662,0.16687,0.16714,0.16774,0.16646,0.16583,0.16364,0.1624,0.16234,0.16191,0.16217,0.16114,0.16093,0.162,0.16359,0.16359,0.16262,0.16238,0.16088
5PB 4/1,5PB,PB,4,1,0.08946,0.10763,0.12362,0.12598,0.12586,0.12509,0.12474,0.12412,0.12373,0.1221,0.11951,0.11583,0.11429,0.11241,0.10951,0.10718,0.10618,0.10401,0.10018,0.10089,0.10119,0.1009,0.10094,0.10139,0.0997,0.0998,0.10019,0.10041,0.099711,0.098522,0.099878,0.097911,0.099856,0.10069,0.10416,0.10768,0.10941,0.11118,0.11242,0.1119,0.11152
5PB 3/1,5PB,PB,3,1,0.06866,0.074844,0.079789,0.079356,0.078322,0.078589,0.078167,0.076711,0.075778,0.074256,0.072078,0.069133,0.0681,0.067911,0.067011,0.0661,0.0638,0.062178,0.058422,0.060656,0.059022,0.058144,0.0594,0.060044,0.059656,0.060133,0.059911,0.059333,0.059189,0.059233,0.0609,0.058456,0.061044,0.063111,0.064822,0.066133,0.068133,0.067978,0.069733,0.069789,0.070078
5PB 2.5/1,5PB,PB,2.5,1,0.05156,0.054867,0.0582,0.058356,0.056456,0.055667,0.054522,0.053011,0.0528,0.053944,0.053733,0.052233,0.050922,0.047867,0.045989,0.044656,0.044067,0.0437,0.039633,0.041944,0.041489,0.039822,0.039744,0.042433,0.043533,0.043878,0.0452,0.044289,0.0429,0.0419,0.043467,0.043622,0.046411,0.047944,0.049533,0.051422,0.055367,0.058078,0.059533,0.060522,0.060167
5PB 9/2,5PB,PB,9,2,0.15188,0.23287,0.4266,0.6416,0.73314,0.75157,0.75734,0.75841,0.7601,0.76213,0.75587,0.74244,0.73247,0.71823,0.70071,0.68716,0.68027,0.67316,0.65893,0.6509,0.65423,0.65823,0.65911,0.65552,0.65431,0.66212,0.67668,0.68918,0.69727,0.69134,0.69143,0.68888,0.69401,0.69988,0.70761,0.71714,0.73116,0.7418,0.7511,0.75802,0.76116
5PB 8/2,5PB,PB,8,2,0.14066,0.21779,0.38292,0.5242,0.55919,0.56118,0.56084,0.55776,0.55694,0.55537,0.55066,0.54192,0.53733,0.52847,0.51747,0.50912,0.50516,0.49861,0.48716,0.48004,0.48283,0.48402,0.48301,0.48069,0.47802,0.48008,0.48569,0.49157,0.49471,0.49238,0.4893,0.48518,0.4865,0.48843,0.49096,0.4963,0.50354,0.50669,0.51057,0.5107,0.51341
5PB 7/2,5PB,PB,7,2,0.14252,0.21578,0.34786,0.4259,0.43874,0.43787,0.43537,0.42969,0.42728,0.42521,0.42043,0.41259,0.4075,0.39961,0.3892,0.38168,0.37812,0.37308,0.36379,0.36129,0.35992,0.36146,0.36122,0.35817,0.35457,0.35598,0.35898,0.3606,0.3604,0.35761,0.35468,0.34831,0.35033,0.35372,0.35829,0.36333,0.36706,0.36749,0.36944,0.3697,0.36937
5PB 6/2,5PB,PB,6,2,0.13002,0.18816,0.27551,0.31257,0.31513,0.31094,0.31151,0.3078,0.30514,0.3034,0.2976,0.29083,0.28502,0.27947,0.27328,0.26702,0.26293,0.25852,0.2495,0.24726,0.2468,0.24759,0.24702,0.24476,0.24123,0.24227,0.24446,0.2486,0.24939,0.24859,0.24623,0.24149,0.24403,0.24546,0.24696,0.25026,0.25326,0.25586,0.25859,0.26009,0.25786
5PB 5/2,5PB,PB,5,2,0.11946,0.15841,0.2039,0.21669,0.21602,0.21458,0.2122,0.21144,0.20808,0.20777,0.2036,0.19774,0.19226,0.18494,0.1789,0.17413,0.171,0.16873,0.16077,0.16064,0.15958,0.15977,0.16108,0.15974,0.15774,0.15832,0.16098,0.16294,0.16337,0.1617,0.16132,0.15727,0.15906,0.16284,0.16656,0.16987,0.17319,0.17401,0.17516,0.17706,0.17778
5PB 4/2,5PB,PB,4,2,0.0871,0.11192,0.13577,0.14262,0.14404,0.1433,0.14361,0.14133,0.13963,0.13697,0.13378,0.12919,0.12561,0.12172,0.11544,0.1108,0.10741,0.10409,0.098044,0.097244,0.097833,0.099111,0.099189,0.098067,0.096789,0.097533,0.10067,0.10399,0.10571,0.10466,0.10434,0.10051,0.10281,0.10559,0.10882,0.11311,0.11654,0.12032,0.12274,0.12328,0.12339
5PB 3/2,5PB,PB,3,2,0.06864,0.078778,0.087022,0.0898,0.089722,0.089156,0.088556,0.086078,0.084567,0.083833,0.0829,0.078733,0.075478,0.071789,0.067156,0.063444,0.061944,0.059622,0.055433,0.055922,0.055533,0.055133,0.055611,0.0554,0.056056,0.058378,0.059022,0.061167,0.060967,0.059811,0.061022,0.060233,0.061878,0.0631,0.0661,0.069689,0.073189,0.077622,0.080056,0.082078,0.083056
5PB 2.5/2,5PB,PB,2.5,2,0.05704,0.057867,0.058444,0.056711,0.0561,0.0568,0.058444,0.061489,0.064367,0.069,0.069633,0.063433,0.057111,0.052278,0.046856,0.043911,0.042011,0.040267,0.036833,0.039178,0.041022,0.041767,0.042456,0.0439,0.045778,0.045311,0.046078,0.046767,0.047067,0.046811,0.048744,0.046222,0.050178,0.0529,0.055678,0.0593,0.0609,0.062644,0.064478,0.064344,0.064667
5PB 8/4,5PB,PB,8,4,0.14512,0.22798,0.41053,0.57293,0.62019,0.62933,0.63497,0.63769,0.63838,0.63503,0.62374,0.60598,0.5874,0.56697,0.54159,0.52177,0.50774,0.4886,0.46388,0.44879,0.44599,0.44888,0.44537,0.44133,0.44142,0.4529,0.47099,0.48944,0.50078,0.49934,0.48698,0.47712,0.47988,0.48687,0.49976,0.51657,0.54361,0.57508,0.6031,0.62566,0.641
5PB 7/4,5PB,PB,7,4,0.1437,0.21732,0.36476,0.46572,0.48538,0.48692,0.4877,0.48456,0.4808,0.47502,0.46487,0.44906,0.43739,0.42062,0.40039,0.38656,0.375,0.36004,0.3409,0.33198,0.33007,0.33177,0.32791,0.32393,0.32258,0.3305,0.34114,0.35382,0.36031,0.35859,0.35042,0.3431,0.34233,0.34533,0.35156,0.36298,0.37849,0.39427,0.40588,0.4133,0.41873
5PB 6/4,5PB,PB,6,4,0.1208,0.18273,0.28549,0.33853,0.34726,0.34624,0.3467,0.34349,0.34081,0.33716,0.3297,0.31529,0.30244,0.28783,0.2706,0.25959,0.25112,0.24172,0.22626,0.21823,0.21681,0.21779,0.21613,0.21454,0.21483,0.2213,0.23027,0.2396,0.24441,0.24284,0.23736,0.23094,0.23388,0.23849,0.24529,0.25389,0.26533,0.27441,0.28232,0.2883,0.28933
5PB 5/4,5PB,PB,5,4,0.12,0.16991,0.23036,0.25523,0.25839,0.25816,0.25749,0.25468,0.25123,0.24844,0.24129,0.22994,0.21842,0.20442,0.19117,0.18127,0.17446,0.16634,0.15327,0.14613,0.14552,0.1469,0.14714,0.14441,0.14451,0.14851,0.15572,0.16416,0.16898,0.16762,0.16298,0.15674,0.15906,0.16458,0.16857,0.17552,0.18479,0.19417,0.20299,0.20806,0.21037
5PB 4/4,5PB,PB,4,4,0.10334,0.13323,0.16458,0.17412,0.1755,0.17628,0.17657,0.17503,0.17146,0.16708,0.15934,0.15034,0.14127,0.13221,0.12122,0.11353,0.10768,0.10243,0.093189,0.091144,0.091011,0.091056,0.0896,0.087122,0.087122,0.089756,0.095033,0.099989,0.10172,0.10096,0.098578,0.093622,0.095744,0.098989,0.1028,0.10857,0.1152,0.12218,0.12843,0.1333,0.13619
5PB 3/4,5PB,PB,3,4,0.07084,0.087544,0.10123,0.10802,0.11138,0.11406,0.11814,0.11763,0.11501,0.11117,0.10558,0.096411,0.088511,0.080267,0.071889,0.066222,0.062678,0.058922,0.052867,0.0529,0.050833,0.050467,0.049433,0.048489,0.049844,0.0508,0.051956,0.052967,0.052056,0.051078,0.051933,0.051933,0.054189,0.056367,0.0609,0.066011,0.0728,0.084756,0.10126,0.11244,0.11838
5PB 2.5/4,5PB,PB,2.5,4,0.05554,0.063089,0.071156,0.076767,0.078578,0.0806,0.086156,0.090389,0.091567,0.0909,0.086756,0.079078,0.070733,0.060822,0.052422,0.047033,0.043289,0.0399,0.036789,0.036989,0.0369,0.036056,0.0362,0.035978,0.037222,0.039222,0.039656,0.040611,0.039122,0.037178,0.0381,0.0382,0.041533,0.044744,0.045989,0.0487,0.052,0.056178,0.0636,0.071678,0.080733
5PB 8/6,5PB,PB,8,6,0.14536,0.22514,0.41154,0.60656,0.6817,0.69901,0.7119,0.71499,0.713,0.70371,0.68169,0.64701,0.6191,0.58707,0.55204,0.5261,0.50418,0.4762,0.44301,0.42303,0.416,0.41642,0.41186,0.40767,0.40904,0.42408,0.44584,0.46692,0.47937,0.47558,0.4594,0.44602,0.44858,0.45973,0.4748,0.4978,0.53532,0.57862,0.62341,0.65906,0.68798
5PB 7/6,5PB,PB,7,6,0.13568,0.21069,0.38008,0.52888,0.5718,0.58103,0.58802,0.58913,0.58473,0.57386,0.55626,0.52842,0.5028,0.47309,0.4419,0.41649,0.39589,0.37059,0.33968,0.32287,0.31813,0.31962,0.31591,0.31339,0.31567,0.33,0.34922,0.36742,0.3799,0.37487,0.36008,0.35026,0.35326,0.3636,0.37578,0.39351,0.42446,0.45573,0.48698,0.51282,0.53139
5PB 6/6,5PB,PB,6,6,0.1327,0.19888,0.32119,0.39936,0.41551,0.42002,0.42274,0.42317,0.41683,0.4081,0.39332,0.36971,0.3473,0.3238,0.29711,0.27754,0.26238,0.24406,0.2213,0.20934,0.20618,0.2068,0.20432,0.20277,0.20364,0.21396,0.22891,0.24344,0.25216,0.24851,0.23956,0.2313,0.23383,0.24218,0.25178,0.26774,0.28899,0.3149,0.33814,0.35411,0.36581
5PB 5/6,5PB,PB,5,6,0.13048,0.18286,0.26022,0.29607,0.30291,0.30604,0.30864,0.30781,0.3031,0.29583,0.28243,0.2623,0.24426,0.22399,0.20272,0.18651,0.17462,0.16051,0.14333,0.13677,0.13363,0.13378,0.13112,0.12977,0.13067,0.13741,0.14792,0.15751,0.16281,0.16022,0.15307,0.14602,0.14868,0.155,0.16273,0.17317,0.1884,0.20602,0.22211,0.23514,0.24611
5PB 4/6,5PB,PB,4,6,0.10682,0.1395,0.1791,0.19447,0.19717,0.19984,0.20211,0.20428,0.20163,0.19584,0.18526,0.169,0.15446,0.14012,0.12601,0.115,0.10584,0.095289,0.083267,0.079678,0.079167,0.079444,0.078389,0.077256,0.077389,0.0802,0.086122,0.091967,0.094722,0.092789,0.089267,0.084578,0.088489,0.092489,0.096278,0.10248,0.11337,0.12544,0.13791,0.14883,0.15823
5PB 3/6,5PB,PB,3,6,0.07148,0.0828,0.099478,0.1125,0.11568,0.12397,0.14486,0.156,0.15763,0.15422,0.14419,0.12943,0.11422,0.097867,0.081733,0.068089,0.058756,0.051867,0.044844,0.046167,0.045789,0.0469,0.047778,0.047467,0.0485,0.048944,0.050989,0.051922,0.051233,0.0508,0.052078,0.0517,0.055711,0.058556,0.062856,0.067344,0.072356,0.082856,0.099044,0.11614,0.13287
5PB 7/8,5PB,PB,7,8,0.13568,0.21386,0.38697,0.54652,0.59732,0.61906,0.63866,0.64902,0.64327,0.62841,0.59546,0.55063,0.51167,0.46957,0.42708,0.39459,0.36778,0.33664,0.30132,0.28172,0.27504,0.274,0.26929,0.26389,0.26619,0.27824,0.29709,0.31698,0.3286,0.32351,0.30969,0.29657,0.29729,0.30481,0.31712,0.33683,0.37113,0.41782,0.46509,0.50559,0.55184
5PB 6/8,5PB,PB,6,8,0.12948,0.19756,0.336,0.43797,0.464,0.47519,0.48588,0.49108,0.48626,0.47351,0.44807,0.41129,0.37694,0.34297,0.3084,0.28229,0.25936,0.2335,0.20412,0.1907,0.18574,0.18456,0.17998,0.17687,0.1787,0.1916,0.20792,0.22316,0.23152,0.22634,0.21424,0.20552,0.20857,0.21809,0.22957,0.247,0.27568,0.31379,0.35359,0.38819,0.41393
5PB 5/8,5PB,PB,5,8,0.11764,0.17141,0.26348,0.31672,0.32991,0.34064,0.35134,0.35644,0.35216,0.34238,0.3232,0.29211,0.26346,0.23774,0.2082,0.18844,0.17156,0.15137,0.12959,0.12153,0.11862,0.11692,0.11389,0.11202,0.11492,0.1228,0.13357,0.14506,0.15033,0.14688,0.1391,0.13306,0.13678,0.14236,0.15179,0.16418,0.18822,0.2188,0.25221,0.28061,0.3006
5PB 4/8,5PB,PB,4,8,0.09556,0.13084,0.18353,0.21443,0.22272,0.23514,0.24831,0.25543,0.25378,0.24572,0.22939,0.20478,0.18183,0.15986,0.1365,0.11861,0.10438,0.088111,0.073667,0.068533,0.067744,0.067544,0.066156,0.065567,0.065578,0.069789,0.075444,0.081244,0.0847,0.082456,0.0788,0.0732,0.077022,0.081644,0.086911,0.095722,0.11106,0.13178,0.15827,0.18131,0.20216
5PB 3/8,5PB,PB,3,8,0.06378,0.072311,0.087256,0.10022,0.10833,0.12244,0.15991,0.18251,0.19024,0.18811,0.1701,0.14527,0.12127,0.096922,0.076167,0.061044,0.052078,0.044889,0.039344,0.038911,0.039433,0.040211,0.041644,0.043056,0.0446,0.044622,0.045522,0.0459,0.046478,0.046578,0.048511,0.047556,0.051344,0.054222,0.0587,0.063011,0.068278,0.077189,0.096678,0.1277,0.16298
5PB 6/10,5PB,PB,6,10,0.12196,0.18943,0.33242,0.4522,0.48804,0.51219,0.54336,0.56433,0.56374,0.54852,0.51153,0.46363,0.42049,0.3744,0.33026,0.29307,0.25833,0.22311,0.18833,0.17178,0.16348,0.16113,0.15576,0.15246,0.15672,0.16756,0.18334,0.19714,0.20438,0.19774,0.18469,0.17529,0.17876,0.18658,0.19803,0.21596,0.24706,0.29062,0.33971,0.38759,0.43012
5PB 5/10,5PB,PB,5,10,0.12076,0.17878,0.28098,0.34967,0.36946,0.3875,0.41232,0.42698,0.42387,0.4085,0.37808,0.33598,0.29659,0.25837,0.22172,0.19381,0.1701,0.14584,0.12254,0.11142,0.10599,0.10291,0.10172,0.10033,0.10106,0.10759,0.11434,0.12192,0.12627,0.12383,0.1191,0.11156,0.114,0.11754,0.12323,0.13288,0.15259,0.18202,0.21581,0.24888,0.28303
5PB 4/10,5PB,PB,4,10,0.10518,0.14183,0.19638,0.23486,0.24862,0.27047,0.30092,0.3295,0.33249,0.31906,0.29167,0.25134,0.21657,0.1812,0.14814,0.12132,0.099911,0.0824,0.0701,0.065922,0.063278,0.062667,0.062533,0.063556,0.064722,0.067633,0.0706,0.071889,0.073011,0.071789,0.069878,0.067267,0.070911,0.074011,0.077344,0.081733,0.090544,0.10318,0.1219,0.14271,0.16884
5PB 5/12,5PB,PB,5,12,0.12524,0.18574,0.29744,0.37709,0.40293,0.42987,0.46384,0.49187,0.49028,0.4706,0.43212,0.37944,0.33169,0.2854,0.24086,0.20557,0.17583,0.14653,0.12018,0.10882,0.10264,0.10008,0.097233,0.096411,0.098844,0.10608,0.11574,0.12428,0.12839,0.12411,0.11678,0.11032,0.11317,0.11858,0.12607,0.1386,0.16021,0.19484,0.23623,0.28021,0.32667
5PB 4/12,5PB,PB,4,12,0.0895,0.12087,0.16964,0.20734,0.22436,0.25041,0.29443,0.34297,0.35843,0.34911,0.31746,0.2737,0.22823,0.18339,0.14216,0.10936,0.086944,0.071078,0.058989,0.055456,0.053067,0.053389,0.053844,0.0545,0.055822,0.056789,0.058544,0.060422,0.060867,0.060122,0.059744,0.057144,0.0592,0.0625,0.065744,0.071211,0.078344,0.089611,0.10568,0.12423,0.15162
7.5PB 9/2,7.5PB,PB,9,2,0.14964,0.22943,0.42062,0.64186,0.73768,0.7572,0.76496,0.76553,0.76734,0.76624,0.75889,0.74431,0.73383,0.71877,0.70016,0.688,0.6821,0.6759,0.66486,0.66099,0.66499,0.67282,0.67511,0.67071,0.66752,0.67382,0.68926,0.70533,0.71086,0.70627,0.70957,0.71466,0.71726,0.72302,0.7299,0.74201,0.7525,0.76416,0.77511,0.78213,0.78403
7.5PB 8/2,7.5PB,PB,8,2,0.14276,0.21949,0.38888,0.52771,0.55997,0.5619,0.55929,0.55626,0.55334,0.55021,0.54416,0.53432,0.52671,0.51721,0.50438,0.49778,0.49446,0.49252,0.48509,0.48504,0.48833,0.49423,0.49404,0.48968,0.48227,0.48293,0.48916,0.49524,0.4973,0.49637,0.49578,0.49317,0.49371,0.4951,0.49721,0.5002,0.50271,0.50134,0.50034,0.50067,0.49996
7.5PB 7/2,7.5PB,PB,7,2,0.14268,0.21444,0.34203,0.41534,0.42511,0.42228,0.42124,0.41691,0.41522,0.41202,0.40623,0.3964,0.38877,0.38013,0.36854,0.36287,0.35964,0.35649,0.35051,0.35093,0.3539,0.35987,0.36154,0.35864,0.35154,0.34997,0.35231,0.35639,0.35859,0.35721,0.35719,0.35243,0.35428,0.35631,0.35948,0.36001,0.3609,0.36166,0.36097,0.35971,0.36037
7.5PB 6/2,7.5PB,PB,6,2,0.13074,0.18731,0.27063,0.30613,0.30968,0.30798,0.30553,0.30192,0.29864,0.29401,0.28879,0.28129,0.27538,0.26716,0.25816,0.25238,0.2489,0.24773,0.24233,0.24332,0.24654,0.25157,0.25384,0.25052,0.24622,0.2446,0.24828,0.25239,0.25541,0.25583,0.25602,0.2535,0.25561,0.25642,0.25763,0.25801,0.25606,0.25453,0.25438,0.25538,0.25424
7.5PB 5/2,7.5PB,PB,5,2,0.11026,0.15019,0.19566,0.21011,0.2093,0.20707,0.20511,0.20023,0.19933,0.19747,0.19333,0.18772,0.18049,0.17422,0.16779,0.16274,0.16214,0.15964,0.15348,0.15397,0.1562,0.15998,0.16184,0.16046,0.15659,0.1554,0.15809,0.16027,0.16258,0.16337,0.16353,0.16094,0.16311,0.16479,0.16532,0.16617,0.16706,0.16808,0.16853,0.16831,0.16736
7.5PB 4/2,7.5PB,PB,4,2,0.0972,0.1193,0.14013,0.14509,0.14421,0.14266,0.1405,0.13881,0.13786,0.13598,0.13229,0.12672,0.12007,0.11451,0.10912,0.10556,0.1047,0.10319,0.098989,0.0997,0.10038,0.10309,0.10518,0.10411,0.10231,0.10171,0.10522,0.10743,0.10987,0.11099,0.11228,0.10982,0.11187,0.11358,0.11588,0.11721,0.11847,0.11942,0.12174,0.12197,0.12254
7.5PB 3/2,7.5PB,PB,3,2,0.07344,0.081822,0.091067,0.093778,0.093411,0.093056,0.091956,0.089978,0.087422,0.085856,0.082789,0.077289,0.071567,0.065878,0.062233,0.058822,0.059022,0.058689,0.055833,0.055589,0.056722,0.059511,0.059578,0.059356,0.058889,0.059111,0.061167,0.064322,0.068044,0.068556,0.068889,0.0665,0.069311,0.070822,0.073156,0.076433,0.079833,0.083111,0.085678,0.0881,0.088467
7.5PB 2.5/2,7.5PB,PB,2.5,2,0.0642,0.066567,0.0706,0.071944,0.072456,0.070367,0.071011,0.071056,0.069844,0.069133,0.066822,0.061589,0.058289,0.053789,0.051478,0.049256,0.047144,0.045178,0.042878,0.043422,0.044844,0.045856,0.046378,0.046711,0.048278,0.048589,0.05,0.049878,0.050678,0.048378,0.048756,0.0494,0.053267,0.055178,0.055778,0.0586,0.060678,0.064122,0.068211,0.070711,0.072011
7.5PB 8/4,7.5PB,PB,8,4,0.13186,0.20702,0.38098,0.56426,0.62972,0.64277,0.64833,0.64764,0.64527,0.63876,0.62146,0.59529,0.5704,0.54244,0.51053,0.49117,0.48253,0.47034,0.45061,0.44436,0.44883,0.45736,0.45658,0.45184,0.44933,0.46063,0.48234,0.50358,0.51717,0.51736,0.50543,0.49656,0.49797,0.506,0.51731,0.53439,0.55648,0.58092,0.60139,0.62002,0.6277
7.5PB 7/4,7.5PB,PB,7,4,0.12862,0.19629,0.33846,0.44369,0.46863,0.47316,0.47383,0.4731,0.46761,0.45723,0.44487,0.42462,0.40644,0.38573,0.36116,0.34674,0.33963,0.3308,0.31736,0.3132,0.31927,0.32867,0.33251,0.32768,0.32337,0.3293,0.34554,0.36293,0.37379,0.37514,0.37103,0.36674,0.3686,0.37511,0.3816,0.38891,0.3979,0.40624,0.41328,0.4218,0.42142
7.5PB 6/4,7.5PB,PB,6,4,0.1328,0.19219,0.29483,0.3453,0.35396,0.35336,0.35258,0.34889,0.34356,0.33707,0.32577,0.30884,0.29397,0.27731,0.25907,0.24753,0.242,0.23652,0.22707,0.22526,0.23128,0.24043,0.24411,0.24001,0.23561,0.23919,0.25302,0.26956,0.27929,0.27638,0.27197,0.26823,0.26853,0.2738,0.27953,0.28518,0.29308,0.29614,0.30127,0.30151,0.30341
7.5PB 5/4,7.5PB,PB,5,4,0.12076,0.1655,0.22308,0.24572,0.24852,0.24802,0.24697,0.24413,0.2391,0.23442,0.22631,0.21408,0.20327,0.19072,0.17682,0.16836,0.16374,0.15917,0.14989,0.15059,0.15229,0.15724,0.15959,0.15692,0.15351,0.15663,0.16396,0.17342,0.17898,0.17929,0.17777,0.17516,0.17742,0.18011,0.18178,0.18673,0.19238,0.19821,0.20306,0.20557,0.20691
7.5PB 4/4,7.5PB,PB,4,4,0.10706,0.13611,0.16703,0.17756,0.17888,0.18052,0.18054,0.17812,0.17463,0.16887,0.16031,0.14702,0.13644,0.12621,0.11496,0.10734,0.10381,0.099811,0.092011,0.092556,0.094589,0.099089,0.10136,0.098689,0.096533,0.099122,0.10627,0.11486,0.12163,0.12271,0.12199,0.11897,0.1215,0.12438,0.12936,0.13422,0.14148,0.1485,0.15353,0.15691,0.15729
7.5PB 3/4,7.5PB,PB,3,4,0.08196,0.095589,0.11117,0.11642,0.11624,0.11826,0.11834,0.1176,0.1145,0.10989,0.10041,0.0885,0.078744,0.071178,0.065589,0.062711,0.060433,0.058656,0.053656,0.056456,0.056567,0.056567,0.055822,0.055367,0.056489,0.058378,0.061533,0.064656,0.064711,0.064678,0.064944,0.062689,0.064711,0.067067,0.071233,0.075256,0.081167,0.088544,0.094833,0.1002,0.10491
7.5PB 2.5/4,7.5PB,PB,2.5,4,0.06174,0.067622,0.077956,0.083356,0.085944,0.089222,0.093556,0.094189,0.091356,0.086256,0.078922,0.0692,0.061189,0.054722,0.048933,0.044456,0.041156,0.040144,0.037456,0.039444,0.039389,0.039756,0.0408,0.042122,0.042733,0.043522,0.043411,0.044122,0.044,0.0436,0.044867,0.043467,0.0459,0.049056,0.052111,0.054644,0.058011,0.062089,0.066578,0.0726,0.081511
7.5PB 8/6,7.5PB,PB,8,6,0.14626,0.22271,0.40247,0.59626,0.66811,0.68337,0.69081,0.69119,0.68824,0.67756,0.65203,0.61818,0.58516,0.55242,0.51893,0.4963,0.48814,0.47569,0.45031,0.4429,0.44736,0.45857,0.46233,0.45532,0.45338,0.465,0.48868,0.5165,0.53286,0.5306,0.5242,0.51719,0.52242,0.53011,0.54204,0.55826,0.58403,0.61531,0.64639,0.67422,0.69572
7.5PB 7/6,7.5PB,PB,7,6,0.14846,0.22512,0.39298,0.53839,0.57852,0.58579,0.58902,0.58444,0.57691,0.5625,0.53652,0.49854,0.46378,0.42996,0.39419,0.37314,0.36269,0.35177,0.33091,0.32449,0.33038,0.34177,0.3451,0.33816,0.3337,0.34566,0.36856,0.3952,0.41429,0.41569,0.40766,0.39901,0.40257,0.40914,0.42078,0.43791,0.46383,0.49168,0.51637,0.5356,0.55048
7.5PB 6/6,7.5PB,PB,6,6,0.1363,0.20226,0.32838,0.40816,0.42368,0.4283,0.43003,0.4258,0.41874,0.40699,0.3854,0.35458,0.32751,0.30038,0.27314,0.25773,0.24908,0.23956,0.22496,0.21992,0.22292,0.23254,0.23563,0.23276,0.23061,0.23841,0.25654,0.27689,0.29142,0.29448,0.28933,0.28304,0.2865,0.29506,0.30539,0.31882,0.33834,0.35768,0.3736,0.38474,0.39149
7.5PB 5/6,7.5PB,PB,5,6,0.12582,0.17953,0.25814,0.29479,0.30212,0.30366,0.30429,0.30087,0.29274,0.2822,0.26542,0.24151,0.21981,0.20016,0.1791,0.16674,0.16046,0.15441,0.14454,0.1419,0.14502,0.14992,0.1513,0.14861,0.14586,0.14978,0.16124,0.17514,0.1855,0.18786,0.18526,0.18071,0.18242,0.1858,0.19096,0.1994,0.21322,0.22769,0.24018,0.24748,0.25397
7.5PB 4/6,7.5PB,PB,4,6,0.10718,0.14499,0.18969,0.20798,0.21179,0.21394,0.21442,0.21018,0.20443,0.1949,0.18013,0.16001,0.14227,0.1271,0.11161,0.10338,0.098411,0.096011,0.088267,0.087989,0.089478,0.092011,0.092189,0.091789,0.090289,0.0937,0.10372,0.11319,0.12097,0.12268,0.12048,0.1171,0.12024,0.12523,0.13132,0.13847,0.15009,0.16262,0.17438,0.18243,0.18778
7.5PB 3/6,7.5PB,PB,3,6,0.08238,0.098056,0.12097,0.13402,0.1397,0.14668,0.15298,0.15379,0.14716,0.13561,0.11962,0.099422,0.086278,0.075467,0.067567,0.0608,0.056533,0.054289,0.049789,0.052478,0.053378,0.054922,0.055211,0.054889,0.054833,0.057,0.059322,0.062522,0.063444,0.062567,0.061,0.061344,0.063467,0.065189,0.069,0.072678,0.079578,0.0898,0.10307,0.11697,0.13114
7.5PB 2.5/6,7.5PB,PB,2.5,6,0.061,0.067856,0.078733,0.0883,0.092356,0.10003,0.11146,0.12093,0.11819,0.10911,0.093744,0.076333,0.064444,0.054956,0.048622,0.043367,0.040044,0.038056,0.036967,0.038567,0.039867,0.0395,0.039878,0.040611,0.042611,0.044233,0.045178,0.044978,0.043489,0.042433,0.043211,0.044022,0.046678,0.048044,0.051667,0.053822,0.0587,0.062433,0.067822,0.074422,0.084078
7.5PB 7/8,7.5PB,PB,7,8,0.1404,0.22063,0.39782,0.56503,0.62026,0.63473,0.64171,0.64049,0.62812,0.60506,0.56812,0.51677,0.47359,0.43341,0.39429,0.37071,0.3573,0.34019,0.31529,0.30373,0.30536,0.31472,0.3175,0.31289,0.31266,0.32441,0.34979,0.3784,0.39957,0.40092,0.38881,0.37866,0.38256,0.3943,0.41096,0.43533,0.47012,0.51471,0.55949,0.60139,0.63637
7.5PB 6/8,7.5PB,PB,6,8,0.1373,0.2106,0.3586,0.46972,0.49836,0.5067,0.51187,0.50713,0.49323,0.47087,0.43466,0.38611,0.34399,0.30691,0.27339,0.25538,0.24696,0.23454,0.21618,0.2098,0.21413,0.22481,0.22839,0.22439,0.2216,0.23094,0.25327,0.28089,0.30337,0.30793,0.29916,0.29,0.2944,0.30629,0.32013,0.33978,0.36961,0.40781,0.44382,0.47189,0.49404
7.5PB 5/8,7.5PB,PB,5,8,0.13726,0.19823,0.29444,0.34754,0.36074,0.36757,0.37126,0.36757,0.35547,0.33762,0.3089,0.26971,0.23893,0.21162,0.18526,0.17083,0.16226,0.15327,0.14088,0.13654,0.13838,0.14464,0.14619,0.14321,0.14114,0.14724,0.16181,0.17938,0.19322,0.19543,0.18983,0.18297,0.18637,0.1947,0.20441,0.21749,0.23688,0.26286,0.28496,0.30592,0.31997
7.5PB 4/8,7.5PB,PB,4,8,0.114,0.15576,0.21428,0.2448,0.25544,0.26126,0.26636,0.26252,0.25288,0.23699,0.21263,0.1807,0.15533,0.13393,0.11543,0.10477,0.099444,0.096122,0.088356,0.084067,0.085833,0.088856,0.089489,0.0876,0.085667,0.089022,0.0964,0.10659,0.11552,0.11686,0.11338,0.10954,0.1114,0.11424,0.11824,0.12838,0.1434,0.16477,0.18593,0.20382,0.22228
7.5PB 3/8,7.5PB,PB,3,8,0.0848,0.10166,0.12857,0.14696,0.15623,0.16949,0.191,0.20526,0.19894,0.17891,0.15156,0.11996,0.098456,0.082911,0.071789,0.065056,0.060167,0.055744,0.051411,0.053167,0.052733,0.054611,0.0555,0.057022,0.057733,0.058633,0.0591,0.060567,0.061122,0.060589,0.061078,0.059844,0.063156,0.065367,0.067933,0.072022,0.0763,0.082411,0.093311,0.10469,0.12322
7.5PB 6/10,7.5PB,PB,6,10,0.13554,0.2087,0.36134,0.48556,0.52358,0.53887,0.55073,0.54868,0.53073,0.50196,0.45644,0.40012,0.35419,0.3139,0.27646,0.2549,0.24349,0.23033,0.21067,0.20337,0.20622,0.21431,0.2157,0.21026,0.20781,0.21764,0.23823,0.26368,0.28287,0.28513,0.27583,0.26643,0.26814,0.27479,0.28678,0.30734,0.34176,0.38549,0.42967,0.46849,0.51274
7.5PB 5/10,7.5PB,PB,5,10,0.1356,0.20154,0.32067,0.40026,0.4231,0.43799,0.44823,0.44594,0.42831,0.39957,0.35526,0.30159,0.2601,0.2255,0.19571,0.17814,0.16728,0.15528,0.1406,0.13436,0.13463,0.13878,0.13979,0.1379,0.13772,0.14564,0.1609,0.18017,0.1943,0.19606,0.18802,0.18034,0.1835,0.19214,0.20498,0.22327,0.25393,0.29489,0.33992,0.38244,0.41682
7.5PB 4/10,7.5PB,PB,4,10,0.11964,0.16288,0.23098,0.2712,0.28737,0.30209,0.31611,0.31822,0.30372,0.27802,0.2408,0.19756,0.16604,0.14114,0.12062,0.10837,0.10137,0.093189,0.083767,0.082067,0.080178,0.082656,0.080211,0.083022,0.081978,0.085511,0.0924,0.099922,0.10647,0.10672,0.1034,0.099111,0.1005,0.10409,0.10914,0.11859,0.13473,0.15978,0.18852,0.21728,0.24982
7.5PB 3/10,7.5PB,PB,3,10,0.07924,0.10102,0.13581,0.15928,0.17182,0.18911,0.21113,0.22451,0.21463,0.19216,0.15972,0.1248,0.10112,0.083944,0.070444,0.0627,0.056178,0.051233,0.045667,0.046511,0.047489,0.047644,0.046933,0.046567,0.047333,0.048356,0.051467,0.053367,0.0559,0.054633,0.053956,0.051622,0.054578,0.056767,0.059411,0.0634,0.071756,0.0841,0.099444,0.11759,0.14141
7.5PB 5/12,7.5PB,PB,5,12,0.12902,0.20234,0.33588,0.42223,0.45394,0.47106,0.47871,0.47478,0.4573,0.4274,0.37928,0.32114,0.27332,0.231,0.19481,0.17062,0.1557,0.14369,0.13207,0.12656,0.12326,0.12398,0.12531,0.12501,0.12561,0.12996,0.13931,0.15372,0.17209,0.19619,0.2268,0.2605,0.2998,0.34428,0.38886,0.42893,0.46307,0.48692,0.50696,0.51626,0.52272
7.5PB 4/12,7.5PB,PB,4,12,0.10232,0.14771,0.22111,0.26788,0.28813,0.30709,0.32777,0.3328,0.31571,0.28669,0.24424,0.19646,0.16234,0.13562,0.11386,0.10228,0.094656,0.085989,0.076344,0.072467,0.072156,0.074089,0.074178,0.073267,0.073244,0.075844,0.083433,0.092644,0.099956,0.10117,0.096467,0.092311,0.092889,0.096644,0.10299,0.11376,0.1335,0.16291,0.19822,0.23521,0.27772
10PB 9/1,10PB,PB,9,1,0.15666,0.23918,0.43616,0.65279,0.73349,0.74682,0.75121,0.75087,0.75163,0.7517,0.74781,0.73977,0.73351,0.7244,0.71404,0.70594,0.70217,0.70064,0.69417,0.69391,0.69759,0.70456,0.70636,0.70473,0.70002,0.70237,0.70872,0.71812,0.72137,0.71788,0.72061,0.72291,0.7248,0.7283,0.73128,0.73487,0.73711,0.73857,0.74294,0.74182,0.74113
10PB 8/1,10PB,PB,8,1,0.14212,0.21769,0.38384,0.51481,0.54244,0.5432,0.54191,0.538,0.53516,0.53249,0.52891,0.52384,0.52204,0.51737,0.50979,0.5027,0.50017,0.49989,0.49723,0.49897,0.50337,0.50662,0.50596,0.5047,0.50218,0.5004,0.49842,0.49707,0.49618,0.49533,0.49467,0.49244,0.49153,0.49092,0.49002,0.4885,0.48893,0.48704,0.48483,0.48354,0.4822
10PB 7/1,10PB,PB,7,1,0.14318,0.21582,0.34208,0.40913,0.41718,0.41377,0.4115,0.40619,0.40351,0.40081,0.39547,0.38803,0.3844,0.38149,0.3767,0.36983,0.36722,0.36977,0.37411,0.37373,0.37028,0.36922,0.37256,0.37832,0.38072,0.38066,0.37872,0.37707,0.37527,0.37351,0.37152,0.37056,0.36912,0.36758,0.36681,0.36746,0.36651,0.3647,0.36384,0.36273,0.36218
10PB 6/1,10PB,PB,6,1,0.13404,0.18974,0.26767,0.29784,0.2998,0.29812,0.29556,0.29219,0.28926,0.28638,0.28261,0.27766,0.27581,0.27183,0.2658,0.25901,0.2564,0.25773,0.25569,0.25707,0.26368,0.26856,0.2696,0.26957,0.26744,0.266,0.26422,0.2625,0.26083,0.25954,0.2577,0.25592,0.25554,0.2551,0.25471,0.25336,0.25366,0.25273,0.25316,0.25253,0.25051
10PB 5/1,10PB,PB,5,1,0.11164,0.15006,0.19054,0.20262,0.20139,0.2003,0.19933,0.19719,0.19458,0.19316,0.19127,0.18772,0.18593,0.18346,0.17901,0.17382,0.17313,0.17354,0.17402,0.17551,0.17938,0.1812,0.18061,0.17976,0.17908,0.17786,0.17669,0.17552,0.17429,0.17357,0.17326,0.17203,0.17203,0.1718,0.17102,0.17134,0.17173,0.17098,0.17189,0.17018,0.16992
10PB 4/1,10PB,PB,4,1,0.08928,0.10864,0.12616,0.13101,0.13148,0.13018,0.12938,0.1271,0.12587,0.12504,0.12283,0.12014,0.11797,0.11568,0.1133,0.1115,0.10983,0.1095,0.10971,0.1098,0.10784,0.10776,0.11012,0.11366,0.11543,0.11696,0.11773,0.1175,0.11748,0.11829,0.11846,0.11849,0.11954,0.11982,0.12066,0.12192,0.12268,0.12211,0.1232,0.12359,0.12389
10PB 3/1,10PB,PB,3,1,0.06882,0.077389,0.083,0.083956,0.083378,0.082889,0.082556,0.081367,0.080044,0.078811,0.077756,0.0741,0.072822,0.070278,0.068,0.0667,0.065811,0.065622,0.064944,0.0644,0.065444,0.065756,0.066622,0.066467,0.066,0.0661,0.0668,0.068289,0.0693,0.069233,0.071067,0.070544,0.070522,0.071867,0.073322,0.074233,0.075233,0.076167,0.077256,0.077244,0.078233
10PB 2.5/1,10PB,PB,2.5,1,0.05762,0.060167,0.061322,0.062144,0.061078,0.060011,0.059033,0.058578,0.057878,0.0572,0.056033,0.054067,0.052022,0.050956,0.049611,0.048133,0.048011,0.047278,0.047,0.047867,0.048189,0.048733,0.048744,0.048211,0.047889,0.048611,0.049867,0.050933,0.051744,0.051322,0.052133,0.052444,0.053911,0.056022,0.056978,0.0593,0.060611,0.062489,0.063556,0.064044,0.064744
10PB 9/2,10PB,PB,9,2,0.14282,0.22549,0.42477,0.65408,0.7526,0.77134,0.77939,0.78038,0.78024,0.77711,0.76846,0.75212,0.73653,0.7203,0.70028,0.68913,0.68643,0.68257,0.67526,0.67422,0.68249,0.69607,0.70123,0.6986,0.69228,0.69651,0.71256,0.73238,0.73524,0.72883,0.73756,0.75761,0.77046,0.77571,0.78053,0.79041,0.79678,0.80031,0.80716,0.80924,0.80764
10PB 8/2,10PB,PB,8,2,0.13902,0.21714,0.38693,0.53243,0.56586,0.56764,0.56916,0.56367,0.5603,0.5564,0.54998,0.53811,0.52888,0.51879,0.50639,0.49688,0.49296,0.49236,0.4882,0.48777,0.49251,0.49937,0.50728,0.50978,0.50647,0.50768,0.51358,0.51989,0.52549,0.52901,0.52954,0.52957,0.53066,0.52956,0.52944,0.53038,0.5301,0.52872,0.52763,0.52767,0.52507
10PB 7/2,10PB,PB,7,2,0.14976,0.2237,0.35333,0.4286,0.43834,0.43543,0.43234,0.427,0.4222,0.41714,0.41092,0.40274,0.39531,0.38807,0.38087,0.37314,0.36646,0.36552,0.36531,0.36304,0.35876,0.35937,0.36524,0.37421,0.37737,0.37874,0.37931,0.37952,0.37933,0.37833,0.37732,0.37557,0.37329,0.37177,0.37062,0.36941,0.36914,0.36668,0.36721,0.36724,0.36423
10PB 6/2,10PB,PB,6,2,0.1323,0.19393,0.28352,0.3215,0.32762,0.32178,0.31847,0.3151,0.31091,0.30601,0.29852,0.28928,0.28193,0.27429,0.2671,0.25977,0.25592,0.25547,0.25559,0.25387,0.25118,0.25428,0.2618,0.26872,0.27219,0.2729,0.27448,0.27474,0.27692,0.27848,0.27803,0.27727,0.27631,0.27602,0.2758,0.27553,0.27619,0.27469,0.2749,0.27442,0.27224
10PB 5/2,10PB,PB,5,2,0.11346,0.15502,0.20373,0.21607,0.21608,0.21606,0.21731,0.21299,0.20807,0.20436,0.19866,0.19003,0.18367,0.17916,0.17419,0.1693,0.16597,0.16618,0.16604,0.16377,0.15964,0.1597,0.16721,0.17663,0.18118,0.18418,0.18448,0.18499,0.18484,0.18307,0.18037,0.17747,0.17838,0.18237,0.18567,0.18982,0.19117,0.19234,0.19416,0.19456,0.19458
10PB 4/2,10PB,PB,4,2,0.09568,0.11988,0.14412,0.15024,0.1502,0.14946,0.14766,0.14429,0.14139,0.1378,0.13308,0.12684,0.1218,0.11713,0.11109,0.10707,0.10574,0.10502,0.1031,0.10289,0.10419,0.10731,0.11093,0.11343,0.11331,0.11477,0.11703,0.12166,0.12456,0.12666,0.12758,0.12792,0.12917,0.12986,0.13001,0.1309,0.13179,0.13188,0.13166,0.13114,0.13013
10PB 3/2,10PB,PB,3,2,0.07354,0.085467,0.095233,0.096756,0.096856,0.095133,0.093622,0.090367,0.088822,0.086178,0.082578,0.076789,0.072544,0.068611,0.064256,0.061978,0.061622,0.060789,0.059556,0.060356,0.062056,0.064211,0.065578,0.066378,0.066067,0.066656,0.069167,0.070911,0.072967,0.073467,0.0749,0.0755,0.0766,0.076989,0.078644,0.0795,0.0795,0.080078,0.080733,0.081511,0.0818
10PB 2.5/2,10PB,PB,2.5,2,0.06216,0.068022,0.072233,0.073622,0.074178,0.073789,0.0733,0.071433,0.068533,0.066567,0.062678,0.057911,0.054633,0.051467,0.049656,0.048256,0.047833,0.047189,0.047256,0.048011,0.049556,0.050789,0.050422,0.050044,0.0498,0.0512,0.054411,0.057889,0.060511,0.061822,0.063711,0.063989,0.065067,0.067456,0.068867,0.071622,0.074289,0.076756,0.078311,0.079878,0.080689
10PB 8/4,10PB,PB,8,4,0.13608,0.21086,0.39101,0.57606,0.63868,0.65226,0.65879,0.6599,0.65454,0.64659,0.62828,0.59647,0.56908,0.53969,0.50882,0.49089,0.48483,0.47884,0.46602,0.46539,0.4789,0.49868,0.50838,0.50297,0.49454,0.50098,0.52489,0.55516,0.58086,0.59231,0.59479,0.59233,0.59707,0.60623,0.61568,0.63031,0.64799,0.66556,0.6802,0.69063,0.69767
10PB 7/4,10PB,PB,7,4,0.14128,0.21753,0.36531,0.46851,0.49049,0.4931,0.49307,0.4886,0.48238,0.47382,0.45902,0.434,0.4126,0.38977,0.36632,0.35318,0.34888,0.34569,0.33648,0.33492,0.34578,0.36336,0.37258,0.367,0.35618,0.35939,0.37421,0.39406,0.41254,0.41932,0.42316,0.42278,0.42544,0.42952,0.43403,0.43936,0.44142,0.44422,0.44563,0.44847,0.44773
10PB 6/4,10PB,PB,6,4,0.13882,0.20387,0.30588,0.35484,0.36187,0.36039,0.35927,0.35352,0.3486,0.34114,0.32936,0.30913,0.29126,0.2724,0.25382,0.24261,0.23946,0.23818,0.23214,0.2331,0.24168,0.25391,0.26086,0.25738,0.24762,0.249,0.26011,0.27442,0.28576,0.29101,0.29309,0.29124,0.29322,0.29599,0.29926,0.30268,0.30401,0.30403,0.30449,0.30338,0.30164
10PB 5/4,10PB,PB,5,4,0.1227,0.16914,0.22913,0.25197,0.2545,0.25514,0.25354,0.24889,0.24416,0.23838,0.22728,0.21102,0.19623,0.18112,0.16604,0.15794,0.15674,0.15534,0.15106,0.15182,0.15842,0.16929,0.17579,0.17198,0.165,0.16461,0.17404,0.18586,0.19666,0.20227,0.20518,0.20453,0.2064,0.20857,0.21148,0.21409,0.21488,0.21456,0.21536,0.21467,0.21517
10PB 4/4,10PB,PB,4,4,0.10496,0.13706,0.17083,0.18292,0.18484,0.18499,0.18404,0.18043,0.17643,0.17103,0.15983,0.14474,0.13048,0.11857,0.10757,0.10203,0.10053,0.10053,0.096478,0.097356,0.10216,0.10946,0.11426,0.11243,0.10797,0.10919,0.11661,0.1276,0.13708,0.14319,0.14892,0.1508,0.15392,0.15529,0.1558,0.15588,0.15749,0.15784,0.15846,0.15838,0.15822
10PB 3/4,10PB,PB,3,4,0.08166,0.097878,0.11299,0.11727,0.11903,0.12044,0.12057,0.11727,0.11188,0.10549,0.095267,0.082689,0.073256,0.066533,0.060356,0.058389,0.0575,0.058267,0.0576,0.059367,0.062044,0.064878,0.065967,0.064722,0.062167,0.064178,0.068433,0.075511,0.082744,0.088711,0.093511,0.094089,0.095789,0.0982,0.10051,0.10469,0.10889,0.11366,0.11779,0.12047,0.12202
10PB 2.5/4,10PB,PB,2.5,4,0.06428,0.074844,0.085433,0.088089,0.090733,0.092078,0.091767,0.088556,0.085133,0.078967,0.070156,0.060278,0.054322,0.048733,0.0463,0.043811,0.0431,0.042422,0.042222,0.043456,0.045456,0.048322,0.048644,0.046956,0.047022,0.047811,0.051422,0.056133,0.062067,0.0661,0.068856,0.0686,0.070789,0.0755,0.079644,0.084756,0.093178,0.098244,0.10739,0.11329,0.11196
10PB 7/6,10PB,PB,7,6,0.12996,0.20488,0.37219,0.52381,0.56644,0.57593,0.57941,0.57539,0.56619,0.55206,0.52332,0.4811,0.44463,0.40796,0.371,0.35143,0.34566,0.34134,0.32921,0.32842,0.344,0.36354,0.37257,0.36603,0.35788,0.3686,0.39696,0.43259,0.4597,0.47242,0.47102,0.46801,0.47314,0.48277,0.49441,0.51077,0.53821,0.56363,0.58814,0.60591,0.61776
10PB 6/6,10PB,PB,6,6,0.13144,0.19804,0.32329,0.4051,0.42046,0.4228,0.42119,0.41523,0.40658,0.39191,0.36869,0.33549,0.30641,0.27984,0.25338,0.239,0.23472,0.23217,0.22299,0.22183,0.23248,0.24977,0.25906,0.2549,0.24504,0.24942,0.26958,0.29793,0.3223,0.33562,0.34022,0.3418,0.34604,0.35254,0.35889,0.36756,0.3765,0.38558,0.39078,0.3952,0.39599
10PB 5/6,10PB,PB,5,6,0.13564,0.19208,0.27271,0.30891,0.31544,0.31646,0.31537,0.30923,0.30063,0.28827,0.26767,0.23934,0.21387,0.19163,0.17042,0.15966,0.15708,0.15431,0.14851,0.14953,0.15796,0.17161,0.1797,0.17622,0.16796,0.17088,0.18678,0.20829,0.22873,0.24023,0.24483,0.24519,0.24813,0.25391,0.25958,0.26563,0.27197,0.27707,0.28042,0.2824,0.28148
10PB 4/6,10PB,PB,4,6,0.11706,0.15742,0.20303,0.22027,0.22429,0.22571,0.22456,0.21913,0.21032,0.1985,0.18017,0.15527,0.13602,0.11996,0.10678,0.099767,0.098244,0.097044,0.094144,0.0938,0.0992,0.10999,0.11688,0.11499,0.10828,0.1106,0.1218,0.14031,0.15948,0.17202,0.181,0.18416,0.18761,0.19247,0.19807,0.20287,0.20832,0.2115,0.21512,0.2169,0.21707
10PB 3/6,10PB,PB,3,6,0.08652,0.11108,0.13651,0.1466,0.15186,0.1555,0.15426,0.14861,0.13854,0.12609,0.10869,0.088756,0.077489,0.068789,0.062144,0.0586,0.058667,0.0578,0.056078,0.056522,0.060989,0.065367,0.0677,0.066189,0.063889,0.065656,0.071367,0.083689,0.098178,0.11038,0.11857,0.12168,0.1267,0.1328,0.14061,0.1494,0.15858,0.16846,0.17706,0.18292,0.1857
10PB 2.5/6,10PB,PB,2.5,6,0.06604,0.076289,0.090389,0.097711,0.10386,0.10902,0.11088,0.10458,0.093978,0.082111,0.0687,0.055956,0.048933,0.044511,0.042,0.0421,0.041489,0.042033,0.041544,0.044,0.046,0.047489,0.047867,0.046533,0.046422,0.047856,0.049989,0.054411,0.061344,0.066667,0.069478,0.070478,0.073444,0.078233,0.082778,0.091156,0.10692,0.13141,0.1637,0.19887,0.23917
10PB 7/8,10PB,PB,7,8,0.13726,0.21567,0.39257,0.55298,0.60549,0.61764,0.62424,0.61838,0.60627,0.58396,0.54562,0.4941,0.44947,0.40751,0.36657,0.34614,0.34126,0.33551,0.32156,0.32031,0.33649,0.35759,0.36604,0.36047,0.35204,0.3626,0.394,0.43653,0.47143,0.48708,0.48378,0.48078,0.48678,0.50047,0.51668,0.5388,0.5768,0.61952,0.65741,0.68988,0.71248
10PB 6/8,10PB,PB,6,8,0.14716,0.22694,0.37257,0.47724,0.50257,0.50947,0.50907,0.4995,0.48367,0.45847,0.42008,0.37086,0.32856,0.29248,0.25894,0.24263,0.23899,0.23467,0.2257,0.22532,0.23744,0.2589,0.27027,0.2643,0.25296,0.2574,0.28196,0.31988,0.3559,0.37629,0.38406,0.38187,0.38606,0.39478,0.40397,0.41827,0.43897,0.46093,0.48038,0.49106,0.50181
10PB 5/8,10PB,PB,5,8,0.12816,0.19398,0.29642,0.34804,0.3612,0.36508,0.36379,0.35434,0.34029,0.31966,0.28903,0.24886,0.21438,0.18828,0.16463,0.15299,0.14913,0.14694,0.13936,0.13838,0.1464,0.16323,0.17424,0.17041,0.16069,0.16389,0.18439,0.21478,0.24749,0.26822,0.27909,0.28378,0.28883,0.2992,0.30931,0.32052,0.33561,0.34727,0.35789,0.36311,0.36552
10PB 4/8,10PB,PB,4,8,0.11082,0.15953,0.22642,0.25783,0.26741,0.27221,0.27162,0.26331,0.24854,0.22832,0.20029,0.16426,0.13917,0.12002,0.10403,0.097178,0.0966,0.095278,0.091378,0.092744,0.098156,0.10848,0.11553,0.11299,0.10564,0.10761,0.12096,0.14537,0.17349,0.1961,0.21003,0.21541,0.22373,0.23204,0.2414,0.25349,0.26606,0.27951,0.28843,0.29517,0.29919
10PB 3/8,10PB,PB,3,8,0.08402,0.1108,0.14167,0.15784,0.16817,0.17513,0.17687,0.16623,0.14943,0.12992,0.10554,0.082656,0.069511,0.061444,0.055856,0.054633,0.054233,0.054078,0.053833,0.0551,0.057956,0.060144,0.060933,0.059289,0.0579,0.059922,0.065956,0.076889,0.091078,0.10444,0.11113,0.11382,0.11992,0.12756,0.13661,0.14973,0.17136,0.20347,0.23889,0.27031,0.30731
10PB 6/10,10PB,PB,6,10,0.14324,0.22059,0.37888,0.50263,0.5387,0.55087,0.55114,0.53877,0.51571,0.48456,0.43769,0.37822,0.33,0.28798,0.24982,0.23061,0.22617,0.22296,0.21116,0.21417,0.2298,0.25042,0.25861,0.252,0.24177,0.25059,0.27888,0.31867,0.35306,0.37107,0.37211,0.36798,0.37183,0.3862,0.40191,0.42716,0.4641,0.50561,0.54792,0.58481,0.61267
10PB 5/10,10PB,PB,5,10,0.13928,0.20566,0.3313,0.41132,0.43497,0.44506,0.44622,0.43261,0.4068,0.37292,0.32602,0.27047,0.22791,0.19624,0.16942,0.15617,0.15433,0.15173,0.14362,0.14161,0.15103,0.1681,0.17936,0.17627,0.1674,0.17221,0.19483,0.23284,0.27324,0.30284,0.31501,0.32018,0.33092,0.34557,0.36257,0.38442,0.41831,0.45738,0.49518,0.52496,0.547
10PB 4/10,10PB,PB,4,10,0.11418,0.1677,0.25106,0.29484,0.31088,0.3208,0.32372,0.30851,0.28672,0.25821,0.2186,0.17341,0.14293,0.11819,0.099144,0.090878,0.089667,0.088556,0.083978,0.085311,0.091533,0.1036,0.1093,0.10729,0.10041,0.10412,0.11883,0.14346,0.17113,0.19118,0.1979,0.19994,0.20766,0.21987,0.23384,0.25469,0.28623,0.32737,0.36567,0.39768,0.4196
2.5P 9/2,2.5P,P,9,2,0.1399,0.21811,0.41299,0.63447,0.72909,0.74824,0.75627,0.75884,0.76234,0.76333,0.7558,0.742,0.72891,0.71137,0.68839,0.67801,0.67584,0.67522,0.66874,0.67162,0.6859,0.70208,0.70963,0.70612,0.69857,0.7042,0.7202,0.73977,0.75219,0.75816,0.76088,0.76076,0.76371,0.76677,0.7706,0.77542,0.78503,0.78707,0.78923,0.79452,0.79416
2.5P 8/2,2.5P,P,8,2,0.14772,0.23102,0.41274,0.56029,0.59314,0.59544,0.59768,0.5926,0.58709,0.5819,0.57364,0.56069,0.55056,0.54106,0.52938,0.51891,0.51522,0.5163,0.51667,0.5165,0.51767,0.52432,0.53539,0.54424,0.54728,0.54939,0.55662,0.56264,0.56621,0.56846,0.56918,0.56827,0.56851,0.56757,0.56758,0.56768,0.57061,0.56651,0.5663,0.56551,0.56559
2.5P 7/2,2.5P,P,7,2,0.1506,0.22508,0.361,0.44264,0.45211,0.44949,0.44531,0.43848,0.43276,0.4274,0.41964,0.40919,0.40297,0.39718,0.3889,0.37969,0.3747,0.37757,0.38276,0.38012,0.3748,0.37589,0.38736,0.40167,0.40978,0.41341,0.41271,0.41333,0.41178,0.41092,0.40922,0.40696,0.40579,0.40506,0.4043,0.40472,0.40336,0.40291,0.39969,0.39926,0.39806
2.5P 6/2,2.5P,P,6,2,0.13678,0.19427,0.28287,0.32054,0.32426,0.32193,0.32098,0.31201,0.30782,0.30103,0.29413,0.2849,0.27781,0.27167,0.26573,0.25888,0.25413,0.2551,0.25767,0.25628,0.25457,0.25631,0.268,0.27927,0.28754,0.29077,0.2905,0.29022,0.28786,0.28896,0.28757,0.28578,0.2849,0.2838,0.28262,0.28383,0.28203,0.2798,0.27971,0.27892,0.27793
2.5P 5/2,2.5P,P,5,2,0.11596,0.15743,0.20751,0.22447,0.22481,0.22261,0.21937,0.21557,0.21166,0.20707,0.20192,0.19528,0.19092,0.18596,0.1798,0.17278,0.17062,0.17126,0.17104,0.17359,0.1756,0.17743,0.18246,0.18898,0.19216,0.19374,0.19424,0.19389,0.19302,0.19212,0.19274,0.19043,0.18904,0.19006,0.19057,0.19122,0.19077,0.18988,0.1904,0.18987,0.18934
2.5P 4/2,2.5P,P,4,2,0.10026,0.12254,0.14322,0.14787,0.14684,0.1444,0.14263,0.13956,0.13608,0.13329,0.12838,0.12318,0.11866,0.11458,0.11042,0.10558,0.10188,0.10193,0.10344,0.10413,0.10113,0.10102,0.10812,0.11729,0.12323,0.12719,0.1282,0.1288,0.12819,0.12841,0.12802,0.12741,0.12826,0.1286,0.1293,0.13008,0.13099,0.13148,0.13139,0.13243,0.13117
2.5P 3/2,2.5P,P,3,2,0.07556,0.084589,0.091889,0.0943,0.093867,0.093133,0.0914,0.088833,0.085956,0.082811,0.078467,0.0734,0.069467,0.066633,0.064344,0.062211,0.061922,0.062456,0.061944,0.061444,0.061811,0.062833,0.065833,0.070656,0.073278,0.075522,0.077278,0.079589,0.081,0.081611,0.083144,0.084022,0.085489,0.086922,0.087889,0.088311,0.089133,0.089678,0.089711,0.089711,0.091078
2.5P 2.5/2,2.5P,P,2.5,2,0.06028,0.067322,0.0705,0.072722,0.072333,0.071367,0.070133,0.066822,0.062911,0.059278,0.055922,0.051689,0.0498,0.048067,0.046811,0.046867,0.047111,0.046956,0.046744,0.046856,0.048178,0.049067,0.050767,0.052167,0.052911,0.054022,0.0568,0.060533,0.065156,0.068733,0.073178,0.075767,0.078211,0.080133,0.082456,0.083633,0.084778,0.086389,0.086878,0.088244,0.089956
2.5P 8/4,2.5P,P,8,4,0.14746,0.23057,0.41918,0.59827,0.65131,0.66097,0.66226,0.65921,0.65228,0.64191,0.6204,0.59017,0.56232,0.53358,0.50413,0.48892,0.48734,0.48641,0.48026,0.48228,0.50083,0.52791,0.54611,0.54399,0.52842,0.53281,0.55631,0.58969,0.61923,0.63862,0.6534,0.66159,0.66648,0.66928,0.67129,0.67581,0.67479,0.67578,0.67347,0.67482,0.67154
2.5P 7/4,2.5P,P,7,4,0.14624,0.22592,0.38116,0.48656,0.50532,0.50318,0.50002,0.49328,0.48427,0.47293,0.45592,0.43197,0.41088,0.39042,0.36882,0.35483,0.34968,0.34967,0.34628,0.34603,0.35146,0.36583,0.38617,0.3968,0.39674,0.40229,0.42029,0.4434,0.46396,0.47569,0.48432,0.48624,0.48907,0.49061,0.49434,0.49627,0.49613,0.49638,0.49768,0.49717,0.4946
2.5P 6/4,2.5P,P,6,4,0.14132,0.20969,0.31547,0.3663,0.37163,0.36748,0.36294,0.35299,0.34449,0.33217,0.31908,0.30131,0.28503,0.27041,0.25768,0.24479,0.23712,0.23801,0.24038,0.23904,0.23662,0.24138,0.26146,0.285,0.29813,0.30774,0.3176,0.32644,0.33172,0.33374,0.33466,0.33503,0.33632,0.33567,0.33472,0.33514,0.33563,0.33367,0.33319,0.3339,0.33101
2.5P 5/4,2.5P,P,5,4,0.11526,0.16528,0.23082,0.25577,0.25784,0.25781,0.25518,0.25071,0.24582,0.23958,0.22926,0.21399,0.19852,0.18423,0.17046,0.1613,0.15904,0.15918,0.15714,0.1584,0.16418,0.17389,0.18416,0.18949,0.18906,0.19289,0.20407,0.2149,0.22344,0.22647,0.23043,0.23167,0.23389,0.23372,0.23453,0.23306,0.2344,0.2344,0.2341,0.23406,0.23361
2.5P 4/4,2.5P,P,4,4,0.10112,0.13481,0.1715,0.18247,0.18432,0.18253,0.17911,0.17209,0.16476,0.15672,0.14771,0.13453,0.12421,0.11539,0.10753,0.10124,0.098422,0.097922,0.097456,0.0962,0.098033,0.10299,0.11346,0.12384,0.1274,0.13239,0.14217,0.15251,0.16059,0.16461,0.16662,0.1682,0.1696,0.17188,0.17546,0.17901,0.18216,0.18358,0.18461,0.18473,0.18534
2.5P 3/4,2.5P,P,3,4,0.08566,0.1039,0.12146,0.12633,0.12691,0.12436,0.12098,0.11387,0.10623,0.097233,0.088422,0.077656,0.071089,0.066544,0.062411,0.060089,0.059922,0.059967,0.059367,0.059544,0.060833,0.063411,0.068522,0.074378,0.076956,0.080856,0.089467,0.099278,0.10983,0.11971,0.12651,0.13072,0.13387,0.13628,0.13782,0.13866,0.13894,0.13937,0.1414,0.14161,0.14317
2.5P 2.5/4,2.5P,P,2.5,4,0.06624,0.079722,0.092889,0.098244,0.098633,0.099189,0.095722,0.087433,0.079067,0.071178,0.063178,0.054533,0.049489,0.0461,0.044111,0.043289,0.042511,0.042811,0.043411,0.045933,0.047344,0.049178,0.051233,0.051089,0.050722,0.0527,0.0579,0.069189,0.084467,0.10278,0.12086,0.13428,0.14614,0.15402,0.16047,0.1646,0.16679,0.16871,0.1698,0.17042,0.17184
2.5P 7/6,2.5P,P,7,6,0.14842,0.22953,0.40479,0.54711,0.58304,0.58442,0.57802,0.56452,0.54603,0.52332,0.4939,0.45671,0.42419,0.39453,0.36738,0.35001,0.34363,0.34302,0.339,0.33984,0.34628,0.36251,0.38828,0.40566,0.40517,0.41599,0.44398,0.48001,0.51253,0.53257,0.54459,0.55019,0.55531,0.5636,0.56953,0.57806,0.58673,0.59376,0.59789,0.60103,0.6026
2.5P 6/6,2.5P,P,6,6,0.14594,0.21969,0.3508,0.42517,0.43631,0.43442,0.42734,0.41602,0.39967,0.38169,0.35847,0.32702,0.30149,0.27872,0.2565,0.24197,0.23632,0.2359,0.23407,0.23344,0.23913,0.25222,0.27392,0.29052,0.29284,0.30078,0.32131,0.34873,0.37236,0.38793,0.39874,0.40207,0.40487,0.40654,0.40697,0.40847,0.40704,0.40667,0.40601,0.40347,0.40423
2.5P 5/6,2.5P,P,5,6,0.12,0.17618,0.25972,0.29643,0.30291,0.30237,0.29938,0.29152,0.28112,0.26816,0.24882,0.22337,0.19971,0.17878,0.15869,0.14772,0.14576,0.14723,0.14507,0.14833,0.15772,0.1719,0.18652,0.19227,0.18731,0.19331,0.21173,0.23472,0.25472,0.26973,0.27946,0.2845,0.28813,0.28932,0.2899,0.29186,0.2919,0.29137,0.29096,0.29161,0.2901
2.5P 4/6,2.5P,P,4,6,0.1137,0.15542,0.20283,0.21872,0.22154,0.21897,0.21276,0.20234,0.1907,0.17734,0.16184,0.14263,0.12718,0.1152,0.10403,0.0975,0.094456,0.093444,0.093322,0.094511,0.096633,0.10129,0.11298,0.12433,0.12841,0.13537,0.14886,0.16951,0.1883,0.20094,0.21077,0.21497,0.2178,0.21898,0.22107,0.22239,0.22279,0.2234,0.22318,0.22279,0.22203
2.5P 3/6,2.5P,P,3,6,0.08914,0.11548,0.14402,0.15464,0.15727,0.1533,0.14368,0.13172,0.11727,0.10333,0.090067,0.077467,0.069311,0.063922,0.059056,0.056633,0.054844,0.055244,0.055022,0.054222,0.056378,0.058178,0.064833,0.073411,0.078,0.084144,0.098111,0.12004,0.14666,0.1745,0.19797,0.21616,0.23051,0.24138,0.24944,0.25652,0.26282,0.2667,0.27083,0.27392,0.27696
2.5P 7/8,2.5P,P,7,8,0.14334,0.22429,0.40517,0.57554,0.63099,0.64157,0.64319,0.6318,0.61221,0.58566,0.54193,0.48416,0.43603,0.39158,0.34901,0.32894,0.32936,0.329,0.32046,0.32988,0.35936,0.39877,0.42222,0.41328,0.39059,0.39769,0.43599,0.49229,0.55193,0.60637,0.65127,0.68467,0.7132,0.732,0.74479,0.75441,0.76257,0.76428,0.76613,0.76944,0.7686
2.5P 6/8,2.5P,P,6,8,0.14038,0.21597,0.36846,0.47816,0.50193,0.5024,0.49173,0.4727,0.44907,0.41951,0.38341,0.33889,0.30359,0.27479,0.24728,0.23222,0.22643,0.22534,0.2225,0.2235,0.2325,0.25252,0.27804,0.29256,0.2901,0.29839,0.33086,0.37988,0.42967,0.47154,0.50361,0.52358,0.53909,0.54746,0.55351,0.55843,0.55958,0.55787,0.56091,0.55792,0.55767
2.5P 5/8,2.5P,P,5,8,0.12118,0.18626,0.29431,0.3505,0.36276,0.36301,0.35847,0.34749,0.33031,0.30859,0.27793,0.24083,0.20831,0.18234,0.15801,0.14638,0.1451,0.14582,0.14309,0.14776,0.16011,0.17917,0.19606,0.20116,0.19299,0.20088,0.22789,0.26673,0.30443,0.33539,0.35758,0.37106,0.38111,0.38616,0.38994,0.39306,0.3942,0.39413,0.39279,0.39242,0.39079
2.5P 4/8,2.5P,P,4,8,0.11546,0.16801,0.2353,0.26398,0.26853,0.26352,0.25153,0.2337,0.21221,0.19081,0.16772,0.14258,0.12433,0.11126,0.10098,0.093378,0.091211,0.091778,0.091433,0.091744,0.093089,0.098889,0.11347,0.13216,0.14104,0.15117,0.17221,0.2051,0.23898,0.26894,0.28967,0.30283,0.31278,0.31963,0.3241,0.32757,0.32897,0.33192,0.33226,0.33353,0.33322
2.5P 3/8,2.5P,P,3,8,0.08592,0.11556,0.15541,0.17481,0.17994,0.17648,0.166,0.14782,0.12734,0.10952,0.092822,0.077244,0.0666,0.060322,0.054867,0.052533,0.051778,0.052144,0.053289,0.053656,0.054456,0.058022,0.063944,0.069767,0.0712,0.076978,0.091044,0.11762,0.1578,0.20516,0.259,0.31098,0.35821,0.39837,0.42856,0.4557,0.47796,0.4952,0.51091,0.51982,0.52179
2.5P 6/10,2.5P,P,6,10,0.14096,0.21679,0.37431,0.49539,0.52591,0.52813,0.51908,0.49841,0.47074,0.43662,0.3936,0.34243,0.30044,0.2651,0.23283,0.21677,0.21309,0.21328,0.20843,0.21364,0.23132,0.25611,0.28216,0.28914,0.27939,0.29028,0.3282,0.38379,0.44628,0.5057,0.55674,0.59943,0.63393,0.65869,0.6759,0.69206,0.70123,0.70732,0.7124,0.71971,0.71892
2.5P 5/10,2.5P,P,5,10,0.12244,0.19063,0.31614,0.39798,0.41954,0.42077,0.41222,0.38888,0.36072,0.32573,0.28557,0.23758,0.20204,0.17458,0.15084,0.1384,0.13648,0.1369,0.13411,0.13832,0.15073,0.17039,0.19079,0.19711,0.1889,0.19687,0.22918,0.28132,0.34279,0.40419,0.46127,0.50792,0.54616,0.57359,0.5944,0.60919,0.61867,0.62323,0.62638,0.62743,0.62647
2.5P 4/10,2.5P,P,4,10,0.12648,0.18147,0.26714,0.31166,0.31813,0.31232,0.29463,0.26647,0.23642,0.20678,0.17683,0.14627,0.1249,0.11081,0.097822,0.090289,0.086489,0.085689,0.085256,0.085211,0.0882,0.094344,0.10973,0.12668,0.13341,0.14524,0.17132,0.21582,0.27368,0.33439,0.39371,0.44793,0.49498,0.53199,0.55988,0.58287,0.60112,0.60857,0.61953,0.62268,0.63021
5P 9/1,5P,P,9,1,0.13864,0.21521,0.40081,0.6101,0.69207,0.70707,0.71074,0.71019,0.71006,0.70758,0.70057,0.69422,0.68901,0.68331,0.67767,0.67036,0.66474,0.66484,0.66759,0.66629,0.66179,0.66336,0.676,0.69297,0.70348,0.70897,0.70918,0.711,0.71184,0.70981,0.71037,0.70966,0.71191,0.71321,0.71299,0.71549,0.71557,0.71421,0.71639,0.71353,0.71638
5P 8/1,5P,P,8,1,0.13946,0.21514,0.38072,0.51282,0.5404,0.54144,0.53881,0.53403,0.53258,0.53203,0.52671,0.52041,0.51891,0.51711,0.50922,0.49972,0.49871,0.5049,0.50564,0.50894,0.51612,0.52036,0.51983,0.5201,0.5171,0.51492,0.51343,0.51251,0.51046,0.50856,0.5083,0.5056,0.50567,0.50522,0.5036,0.50162,0.50194,0.501,0.499,0.5009,0.49822
5P 7/1,5P,P,7,1,0.13814,0.20928,0.32986,0.39246,0.39876,0.3957,0.39407,0.3914,0.38668,0.38304,0.37707,0.36957,0.36511,0.36273,0.35841,0.35552,0.35477,0.35988,0.3617,0.3653,0.3715,0.3741,0.37367,0.37291,0.36953,0.36872,0.36519,0.36309,0.36058,0.35837,0.35641,0.35351,0.35398,0.35329,0.35141,0.35109,0.34988,0.34877,0.34789,0.34522,0.34492
5P 6/1,5P,P,6,1,0.12282,0.17574,0.25207,0.28323,0.28456,0.28067,0.27983,0.27707,0.27513,0.27371,0.26959,0.26252,0.26011,0.25578,0.24929,0.24314,0.24302,0.25037,0.25357,0.2572,0.2603,0.2632,0.26326,0.26177,0.25864,0.25768,0.2562,0.25454,0.25421,0.25139,0.2521,0.24962,0.24941,0.2481,0.24834,0.2488,0.2474,0.24671,0.24656,0.2465,0.24478
5P 5/1,5P,P,5,1,0.10494,0.1397,0.17929,0.19067,0.19007,0.18844,0.18827,0.18594,0.18436,0.18142,0.17801,0.17371,0.17137,0.16883,0.16508,0.16396,0.16262,0.16291,0.16117,0.16537,0.17252,0.17578,0.17597,0.17507,0.17357,0.1723,0.17019,0.16941,0.16828,0.16626,0.16897,0.16639,0.16681,0.1672,0.16632,0.1673,0.16713,0.16774,0.16812,0.16859,0.16663
5P 4/1,5P,P,4,1,0.08896,0.10529,0.12113,0.12437,0.12387,0.12217,0.11982,0.11651,0.11534,0.11428,0.11299,0.10996,0.10827,0.10657,0.10284,0.098456,0.097789,0.099311,0.098556,0.10114,0.10628,0.10893,0.10974,0.10909,0.10826,0.10781,0.10724,0.10716,0.1066,0.10537,0.10811,0.10722,0.10686,0.10839,0.10927,0.11002,0.11043,0.11081,0.11024,0.11016,0.10891
5P 3/1,5P,P,3,1,0.06734,0.071389,0.0755,0.076656,0.076167,0.0757,0.074689,0.072456,0.071233,0.07,0.0684,0.065278,0.063056,0.061122,0.058267,0.056667,0.056333,0.057522,0.056633,0.058244,0.061478,0.064078,0.064733,0.064722,0.065744,0.066044,0.066089,0.066544,0.066944,0.066122,0.0676,0.066989,0.066767,0.068656,0.069733,0.070389,0.071733,0.072533,0.073889,0.074611,0.075567
5P 2.5/1,5P,P,2.5,1,0.05466,0.058022,0.0601,0.059444,0.0586,0.057633,0.056322,0.055289,0.054756,0.053833,0.052489,0.051211,0.050644,0.049267,0.047856,0.0463,0.045589,0.045556,0.044433,0.045911,0.046689,0.048644,0.050633,0.052967,0.053667,0.054256,0.0539,0.053467,0.053589,0.052544,0.054133,0.0559,0.056644,0.057633,0.058611,0.059344,0.060278,0.060933,0.062722,0.062344,0.063411
5P 9/2,5P,P,9,2,0.15542,0.2358,0.42753,0.63829,0.7255,0.73977,0.74303,0.74282,0.74038,0.73599,0.72898,0.71641,0.70762,0.69443,0.6827,0.67347,0.66746,0.66904,0.66997,0.67002,0.6706,0.67887,0.69256,0.70669,0.71187,0.71801,0.72887,0.74179,0.7481,0.75294,0.75778,0.75953,0.76109,0.76169,0.76302,0.76336,0.76677,0.76522,0.76451,0.76672,0.76502
5P 8/2,5P,P,8,2,0.15048,0.22683,0.39943,0.5475,0.5832,0.58391,0.58266,0.57807,0.57332,0.56701,0.55733,0.54591,0.53961,0.52907,0.51488,0.50194,0.49793,0.49997,0.49912,0.50336,0.51164,0.51999,0.52922,0.53878,0.54218,0.54384,0.54374,0.54312,0.54157,0.54014,0.53723,0.53638,0.53551,0.53474,0.53371,0.53224,0.5321,0.52987,0.52814,0.52738,0.52383
5P 7/2,5P,P,7,2,0.14868,0.22054,0.3501,0.42313,0.43251,0.43077,0.42741,0.42128,0.41693,0.41142,0.40387,0.39543,0.38924,0.38219,0.3722,0.36233,0.36072,0.35999,0.35452,0.35969,0.37654,0.38949,0.39337,0.3942,0.3922,0.38976,0.38712,0.38481,0.38163,0.37841,0.37611,0.37451,0.37389,0.37203,0.37008,0.37039,0.36958,0.36747,0.36652,0.36646,0.36428
5P 6/2,5P,P,6,2,0.13398,0.19334,0.27967,0.31532,0.3178,0.3158,0.3116,0.30667,0.303,0.29858,0.29273,0.28443,0.28026,0.27252,0.26002,0.24912,0.24813,0.25097,0.24798,0.25421,0.26762,0.27753,0.28171,0.28239,0.28122,0.28072,0.27961,0.27847,0.27677,0.27534,0.27406,0.27239,0.2719,0.27152,0.26986,0.26978,0.26959,0.26797,0.26646,0.26557,0.26588
5P 5/2,5P,P,5,2,0.109,0.1475,0.19643,0.21054,0.21152,0.21122,0.20934,0.20656,0.20342,0.19942,0.19363,0.18773,0.18146,0.17564,0.17174,0.16718,0.16378,0.16286,0.16311,0.16551,0.16954,0.17319,0.18257,0.1937,0.19837,0.20122,0.20264,0.20311,0.20194,0.20108,0.20197,0.20148,0.20209,0.20357,0.20291,0.20339,0.20389,0.20241,0.20227,0.20229,0.2015
5P 4/2,5P,P,4,2,0.0854,0.10824,0.1318,0.13872,0.13996,0.13891,0.13743,0.13461,0.13102,0.12716,0.12304,0.11671,0.11166,0.10771,0.10417,0.0999,0.098111,0.099289,0.10054,0.10196,0.099678,0.10162,0.10942,0.11886,0.12617,0.13027,0.1317,0.13279,0.13379,0.13392,0.136,0.13476,0.1352,0.13629,0.13634,0.13584,0.13694,0.13767,0.13967,0.13942,0.13942
5P 3/2,5P,P,3,2,0.0749,0.0821,0.091222,0.0924,0.091544,0.090044,0.088789,0.084978,0.080789,0.077378,0.073333,0.067978,0.064933,0.0626,0.060233,0.058411,0.058033,0.058478,0.058044,0.058367,0.056922,0.057978,0.062411,0.069767,0.075878,0.079811,0.080722,0.080778,0.079856,0.0801,0.081256,0.083011,0.084,0.084878,0.084711,0.085833,0.087578,0.088378,0.088956,0.090167,0.089456
5P 2.5/2,5P,P,2.5,2,0.0596,0.064667,0.071133,0.072744,0.072256,0.070978,0.068033,0.063578,0.058889,0.055889,0.0515,0.047044,0.044444,0.043011,0.041944,0.040589,0.041233,0.0415,0.0412,0.042322,0.041978,0.043389,0.044533,0.048322,0.051944,0.055289,0.060767,0.065044,0.069522,0.071633,0.0755,0.076267,0.078011,0.080244,0.081889,0.082656,0.084222,0.085522,0.087044,0.0879,0.088822
5P 8/4,5P,P,8,4,0.15312,0.23334,0.4196,0.60153,0.65341,0.65359,0.64557,0.63221,0.61701,0.59994,0.58088,0.55869,0.53919,0.52573,0.51299,0.49691,0.4846,0.487,0.4935,0.48976,0.47923,0.48174,0.51247,0.55979,0.59943,0.62356,0.63554,0.64199,0.64569,0.6462,0.64626,0.64576,0.64621,0.64547,0.6458,0.64562,0.6438,0.64334,0.64344,0.64307,0.64208
5P 7/4,5P,P,7,4,0.13598,0.21137,0.36298,0.47688,0.49812,0.4935,0.48602,0.4734,0.46064,0.44623,0.42808,0.40903,0.39248,0.3789,0.36776,0.35487,0.34668,0.34798,0.3531,0.35056,0.34329,0.34761,0.37196,0.40997,0.43864,0.45498,0.4618,0.4654,0.46648,0.46668,0.46517,0.46343,0.46362,0.46382,0.4638,0.4627,0.462,0.4596,0.45997,0.45902,0.45808
5P 6/4,5P,P,6,4,0.13672,0.19959,0.30324,0.35336,0.35824,0.35534,0.3484,0.33932,0.32977,0.31804,0.30669,0.29201,0.28019,0.26957,0.25437,0.23772,0.2319,0.23256,0.23382,0.23484,0.23756,0.24524,0.26384,0.28846,0.30502,0.31252,0.31576,0.31568,0.31566,0.31466,0.31382,0.31104,0.31072,0.31131,0.31122,0.31107,0.31178,0.3093,0.31024,0.31032,0.30683
5P 5/4,5P,P,5,4,0.12478,0.17313,0.23514,0.25803,0.25711,0.25459,0.24999,0.24186,0.23324,0.2234,0.21164,0.1994,0.18831,0.18044,0.17261,0.16397,0.15761,0.15746,0.15917,0.16043,0.15937,0.16263,0.17993,0.20463,0.22528,0.23552,0.24032,0.24262,0.24311,0.24298,0.24338,0.24158,0.24183,0.2419,0.24196,0.24172,0.24197,0.24199,0.24056,0.23837,0.23718
5P 4/4,5P,P,4,4,0.10452,0.13588,0.16874,0.17826,0.17794,0.17502,0.1686,0.16106,0.15169,0.14417,0.13466,0.12431,0.11568,0.11,0.10399,0.097856,0.093611,0.094022,0.0949,0.0954,0.0939,0.095178,0.10804,0.12886,0.14666,0.15672,0.1597,0.162,0.16309,0.16324,0.16448,0.16466,0.16522,0.16547,0.1662,0.16538,0.16587,0.16528,0.16518,0.16586,0.16476
5P 3/4,5P,P,3,4,0.08674,0.10607,0.12269,0.12587,0.12417,0.12043,0.11443,0.10637,0.098222,0.089156,0.082278,0.074144,0.068444,0.064167,0.061489,0.058289,0.056922,0.055944,0.056389,0.057478,0.055033,0.056022,0.062411,0.073944,0.085867,0.096256,0.10487,0.11447,0.12043,0.12482,0.12804,0.12911,0.13156,0.13356,0.13547,0.13718,0.13803,0.13934,0.13962,0.13993,0.14029
5P 2.5/4,5P,P,2.5,4,0.06792,0.078789,0.090056,0.094322,0.093744,0.090444,0.085267,0.076611,0.068056,0.062089,0.057089,0.051633,0.048389,0.046311,0.044244,0.042856,0.042911,0.042722,0.043978,0.0457,0.045856,0.047489,0.048522,0.050411,0.0522,0.0554,0.061767,0.075844,0.1009,0.1351,0.1751,0.21152,0.24294,0.26886,0.28868,0.30429,0.31639,0.32293,0.33036,0.33519,0.3377
5P 7/6,5P,P,7,6,0.145,0.22599,0.39698,0.53408,0.56403,0.55964,0.54503,0.52393,0.50057,0.47591,0.45013,0.42023,0.39572,0.37811,0.36162,0.34432,0.33144,0.33409,0.34056,0.33833,0.32782,0.3324,0.36708,0.42433,0.4744,0.50861,0.53037,0.54768,0.55894,0.56616,0.57123,0.57382,0.57647,0.57812,0.57949,0.58056,0.58209,0.58108,0.57936,0.58089,0.57894
5P 6/6,5P,P,6,6,0.12994,0.20083,0.3325,0.41281,0.42311,0.41601,0.40371,0.3872,0.36702,0.34621,0.32358,0.2988,0.27849,0.26234,0.24776,0.23344,0.22467,0.22561,0.2312,0.22931,0.22366,0.22929,0.2558,0.29957,0.33568,0.36069,0.38156,0.39688,0.40626,0.41281,0.41634,0.41819,0.41941,0.42018,0.42028,0.42138,0.42067,0.41896,0.41648,0.41663,0.41436
5P 5/6,5P,P,5,6,0.1282,0.18381,0.26178,0.29398,0.29567,0.28967,0.27998,0.26711,0.25186,0.23652,0.21974,0.20124,0.18506,0.17366,0.16461,0.15273,0.14488,0.14653,0.15149,0.15068,0.14359,0.14439,0.16527,0.20164,0.23512,0.25663,0.26617,0.27228,0.27448,0.27598,0.2786,0.27847,0.27848,0.27837,0.27909,0.27823,0.27802,0.27759,0.27632,0.27678,0.27413
5P 4/6,5P,P,4,6,0.11176,0.15103,0.19879,0.21411,0.21351,0.20643,0.19744,0.186,0.17076,0.15542,0.14159,0.12633,0.1145,0.10583,0.098389,0.091133,0.087378,0.0893,0.091244,0.090756,0.0877,0.090167,0.10543,0.13291,0.16143,0.18189,0.19467,0.2045,0.21044,0.21448,0.2177,0.21901,0.22062,0.22138,0.22086,0.22196,0.22298,0.2232,0.2227,0.22452,0.22287
5P 3/6,5P,P,3,6,0.08904,0.11781,0.14966,0.16151,0.16,0.15086,0.13758,0.12033,0.10436,0.090956,0.079278,0.067722,0.060967,0.058633,0.055389,0.052989,0.051978,0.052189,0.052378,0.052889,0.053056,0.0546,0.060456,0.071822,0.0873,0.10209,0.123,0.15139,0.18278,0.21159,0.23572,0.25326,0.26562,0.27489,0.28261,0.29169,0.29899,0.30711,0.3123,0.31701,0.32017
5P 2.5/6,5P,P,2.5,6,0.06948,0.084767,0.10352,0.11181,0.11229,0.10464,0.092767,0.079711,0.067044,0.058889,0.053044,0.047722,0.044233,0.042667,0.040733,0.039822,0.039756,0.040289,0.040967,0.042,0.041733,0.042578,0.045244,0.0494,0.054133,0.060289,0.075222,0.10954,0.17014,0.25003,0.33637,0.41451,0.48022,0.5309,0.56723,0.59577,0.61747,0.6338,0.64293,0.6496,0.65521
5P 7/8,5P,P,7,8,0.14646,0.22607,0.40893,0.58223,0.63029,0.62393,0.6055,0.57711,0.54549,0.51203,0.47521,0.43474,0.40119,0.37483,0.3516,0.33254,0.32286,0.32436,0.32784,0.32676,0.3252,0.3362,0.37168,0.42076,0.45563,0.4866,0.52721,0.57754,0.62592,0.66429,0.69658,0.72039,0.7378,0.75108,0.75763,0.76461,0.77003,0.7706,0.77594,0.77767,0.77653
5P 6/8,5P,P,6,8,0.13072,0.20464,0.3572,0.46486,0.48281,0.474,0.45627,0.4321,0.40309,0.37212,0.34088,0.30712,0.27856,0.2568,0.2382,0.22197,0.2153,0.21707,0.22134,0.221,0.21863,0.22764,0.26049,0.30798,0.34504,0.37658,0.4128,0.45094,0.48362,0.50844,0.52424,0.53638,0.54327,0.54831,0.55153,0.5546,0.55688,0.5571,0.55701,0.55757,0.55737
5P 5/8,5P,P,5,8,0.12854,0.192,0.29463,0.34574,0.35276,0.3484,0.33727,0.31949,0.2984,0.27506,0.24843,0.21777,0.19501,0.17459,0.1547,0.14184,0.13923,0.14059,0.13951,0.14463,0.15666,0.17452,0.19969,0.22284,0.23071,0.24439,0.27292,0.31068,0.34521,0.37202,0.39032,0.40197,0.41088,0.41612,0.41956,0.42243,0.42513,0.42537,0.42518,0.42568,0.42613
5P 4/8,5P,P,4,8,0.1066,0.1511,0.22677,0.2641,0.26688,0.25407,0.23776,0.21649,0.19273,0.171,0.15053,0.12834,0.11312,0.10302,0.094744,0.087922,0.085044,0.085856,0.087156,0.0875,0.086467,0.090944,0.10648,0.13322,0.15586,0.17671,0.20351,0.23987,0.27196,0.29812,0.31774,0.32837,0.33734,0.34328,0.34691,0.35152,0.35391,0.35237,0.35401,0.35621,0.35351
5P 3/8,5P,P,3,8,0.09406,0.12534,0.16233,0.17752,0.17756,0.16723,0.14989,0.12891,0.10944,0.093378,0.0811,0.068844,0.061844,0.057367,0.053556,0.050411,0.049611,0.049278,0.050311,0.049267,0.048767,0.050722,0.057111,0.069511,0.082733,0.096233,0.1198,0.159,0.21386,0.27441,0.33249,0.37919,0.41629,0.44509,0.46646,0.48388,0.49704,0.50562,0.51584,0.52026,0.52314
5P 5/10,5P,P,5,10,0.1391,0.21452,0.35459,0.43986,0.44613,0.42544,0.39446,0.35683,0.31753,0.2814,0.24817,0.21658,0.19141,0.1755,0.16142,0.14811,0.14129,0.14296,0.1461,0.14532,0.14168,0.14472,0.17261,0.22859,0.28928,0.34332,0.39603,0.45514,0.51218,0.56207,0.60457,0.64137,0.67256,0.69149,0.7046,0.72049,0.72983,0.73708,0.7453,0.7491,0.7527
5P 4/10,5P,P,4,10,0.10876,0.16307,0.25439,0.30067,0.3043,0.29087,0.26747,0.23843,0.20818,0.18152,0.15709,0.13336,0.11618,0.10444,0.0946,0.087589,0.084889,0.086322,0.087367,0.087189,0.086533,0.090956,0.10653,0.13497,0.15964,0.18406,0.22077,0.27211,0.33191,0.39007,0.44147,0.4831,0.51503,0.53973,0.55934,0.575,0.58544,0.58998,0.59894,0.60078,0.60301
7.5P 9/2,7.5P,P,9,2,0.13346,0.21023,0.3951,0.60228,0.68672,0.70276,0.70808,0.70859,0.7086,0.70577,0.69842,0.68988,0.68358,0.67409,0.65788,0.64389,0.64133,0.64329,0.64156,0.65102,0.66814,0.68327,0.6972,0.71088,0.71893,0.72373,0.7245,0.72381,0.72603,0.72668,0.72673,0.72772,0.7292,0.72894,0.72948,0.73068,0.73092,0.72982,0.72997,0.73014,0.72932
7.5P 8/2,7.5P,P,8,2,0.13476,0.20929,0.37189,0.50946,0.53961,0.53997,0.53682,0.53211,0.529,0.52737,0.52057,0.50887,0.50593,0.49943,0.48237,0.46668,0.46756,0.47584,0.47614,0.48737,0.50926,0.52253,0.52582,0.52593,0.52492,0.52354,0.52141,0.52031,0.51853,0.51739,0.51677,0.51338,0.51172,0.51174,0.51009,0.51132,0.51188,0.50889,0.50918,0.50718,0.50683
7.5P 7/2,7.5P,P,7,2,0.13562,0.20467,0.3312,0.40247,0.41034,0.40678,0.40319,0.39679,0.39411,0.39188,0.38516,0.37512,0.37089,0.36561,0.35124,0.33786,0.3383,0.34833,0.35302,0.36093,0.37722,0.38676,0.39096,0.39303,0.39143,0.39056,0.38912,0.38686,0.38529,0.38386,0.38298,0.38113,0.37922,0.37802,0.37668,0.37581,0.37627,0.37418,0.37301,0.37366,0.37057
7.5P 6/2,7.5P,P,6,2,0.12504,0.18336,0.26648,0.29881,0.29938,0.29541,0.29248,0.28744,0.28473,0.28156,0.27641,0.26667,0.26314,0.25918,0.24683,0.23364,0.23482,0.24257,0.24476,0.25239,0.26712,0.27827,0.28251,0.28346,0.28152,0.28037,0.27908,0.27703,0.27471,0.27276,0.27213,0.26973,0.27038,0.26882,0.26917,0.26936,0.2697,0.26953,0.26774,0.26637,0.26531
7.5P 5/2,7.5P,P,5,2,0.11368,0.15389,0.19661,0.20797,0.20549,0.20237,0.20026,0.19632,0.19454,0.19218,0.18832,0.18064,0.1776,0.17278,0.1634,0.15414,0.15426,0.16043,0.16246,0.16894,0.18076,0.189,0.19238,0.1928,0.19229,0.19203,0.19032,0.18884,0.18649,0.18568,0.18533,0.18366,0.18427,0.18441,0.18429,0.18523,0.18526,0.18534,0.1856,0.18388,0.18406
7.5P 4/2,7.5P,P,4,2,0.09112,0.11277,0.13187,0.13579,0.13477,0.13288,0.13173,0.129,0.12672,0.12292,0.11847,0.11262,0.10869,0.10474,0.10102,0.098778,0.096933,0.093644,0.091811,0.097189,0.108,0.11766,0.12279,0.12648,0.1279,0.12804,0.1278,0.12629,0.12602,0.12548,0.1273,0.12641,0.1265,0.12634,0.12731,0.12747,0.12874,0.12856,0.12956,0.13019,0.13054
7.5P 3/2,7.5P,P,3,2,0.07026,0.080822,0.089244,0.090411,0.088878,0.088722,0.086111,0.083156,0.079778,0.0771,0.072456,0.067422,0.0651,0.062067,0.058811,0.056644,0.055356,0.056311,0.055989,0.0583,0.062878,0.067189,0.072389,0.076256,0.080244,0.081511,0.082322,0.083067,0.083233,0.082822,0.084256,0.084189,0.083778,0.084356,0.084644,0.0856,0.086644,0.087733,0.088267,0.088967,0.0891
7.5P 2.5/2,7.5P,P,2.5,2,0.05856,0.061211,0.063978,0.063022,0.0623,0.060856,0.059989,0.057211,0.054733,0.052856,0.050433,0.047122,0.045733,0.044322,0.042489,0.0408,0.0413,0.0413,0.041278,0.043933,0.046367,0.049356,0.052,0.052633,0.052511,0.0545,0.057233,0.061311,0.0664,0.070122,0.074,0.076111,0.078278,0.0804,0.081844,0.082967,0.086089,0.087233,0.0887,0.090356,0.0915
7.5P 8/4,7.5P,P,8,4,0.1297,0.20238,0.37648,0.547,0.59541,0.59891,0.59423,0.58719,0.57834,0.5677,0.55069,0.53137,0.51687,0.49738,0.46623,0.44173,0.44139,0.44508,0.44139,0.46117,0.5034,0.53917,0.56626,0.58837,0.60141,0.60833,0.6117,0.61229,0.61079,0.61292,0.61399,0.61426,0.61841,0.61756,0.61514,0.61742,0.6194,0.61847,0.61788,0.61792,0.61682
7.5P 7/4,7.5P,P,7,4,0.1395,0.21134,0.35334,0.44986,0.4676,0.46524,0.46052,0.45077,0.44303,0.43341,0.42023,0.40457,0.39408,0.37774,0.35108,0.32958,0.32676,0.32953,0.32402,0.33571,0.37539,0.41596,0.44112,0.45049,0.45481,0.45589,0.45546,0.45534,0.45264,0.45136,0.45153,0.45057,0.45057,0.44891,0.44757,0.44726,0.44702,0.44437,0.44433,0.44461,0.44217
7.5P 6/4,7.5P,P,6,4,0.12618,0.1886,0.28388,0.32817,0.33187,0.32833,0.32491,0.31781,0.3111,0.30461,0.29304,0.27947,0.26936,0.25731,0.23528,0.21776,0.21748,0.22337,0.22098,0.23443,0.26483,0.29267,0.30607,0.31013,0.31196,0.31197,0.311,0.30944,0.30869,0.3058,0.30473,0.30383,0.30388,0.3024,0.30224,0.30071,0.30053,0.29973,0.29801,0.29843,0.29696
7.5P 5/4,7.5P,P,5,4,0.11054,0.15267,0.20626,0.22269,0.22423,0.22161,0.21787,0.21238,0.20763,0.20199,0.19362,0.18267,0.17611,0.16583,0.1499,0.13637,0.1364,0.14104,0.14033,0.1483,0.17181,0.19229,0.20354,0.20653,0.20876,0.20911,0.2084,0.20854,0.20704,0.20558,0.20648,0.2055,0.20493,0.20446,0.20434,0.20368,0.20374,0.20497,0.20387,0.20448,0.20476
7.5P 4/4,7.5P,P,4,4,0.09722,0.1251,0.15343,0.16159,0.16274,0.16064,0.15574,0.1504,0.14344,0.13659,0.12714,0.11744,0.10968,0.10243,0.092278,0.084578,0.084078,0.086289,0.083744,0.088822,0.10013,0.11424,0.12773,0.14041,0.14851,0.15283,0.15498,0.15446,0.15413,0.15336,0.15302,0.15363,0.15468,0.15612,0.15627,0.15721,0.15787,0.15786,0.15814,0.15596,0.15611
7.5P 3/4,7.5P,P,3,4,0.07834,0.091956,0.10699,0.11072,0.11003,0.10591,0.10184,0.095222,0.089333,0.0833,0.076367,0.069356,0.064256,0.060689,0.056189,0.053033,0.052811,0.053311,0.052933,0.054856,0.058733,0.063767,0.072522,0.087,0.099422,0.10809,0.11142,0.11401,0.11473,0.11369,0.11476,0.11441,0.11588,0.11626,0.11582,0.11724,0.1193,0.11907,0.12064,0.12158,0.12071
7.5P 2.5/4,7.5P,P,2.5,4,0.06536,0.074267,0.084867,0.087333,0.087878,0.084833,0.0805,0.072711,0.066967,0.0598,0.053733,0.048144,0.045189,0.0422,0.039256,0.038456,0.037833,0.038344,0.037767,0.040767,0.0447,0.052089,0.060411,0.062922,0.060789,0.063944,0.073244,0.089078,0.1099,0.12919,0.146,0.15626,0.16507,0.17447,0.18167,0.18638,0.1909,0.19614,0.1978,0.2006,0.20297
7.5P 8/6,7.5P,P,8,6,0.1328,0.20898,0.39524,0.59804,0.66977,0.67271,0.66314,0.64542,0.62586,0.60513,0.5773,0.54816,0.52731,0.50358,0.47434,0.44817,0.44502,0.45049,0.44981,0.46467,0.49202,0.52086,0.56517,0.62387,0.67416,0.71128,0.73356,0.74837,0.75752,0.76319,0.76912,0.77327,0.77626,0.77968,0.78176,0.78403,0.7896,0.78702,0.79147,0.79251,0.79284
7.5P 7/6,7.5P,P,7,6,0.12456,0.18968,0.34028,0.46918,0.49734,0.49669,0.48681,0.47344,0.46017,0.44318,0.42253,0.39707,0.37939,0.35991,0.32669,0.30046,0.29747,0.30334,0.30012,0.31324,0.35243,0.3944,0.43257,0.46994,0.49141,0.50482,0.51073,0.51278,0.51272,0.51172,0.51263,0.51123,0.51222,0.51122,0.51097,0.51122,0.51217,0.51082,0.5096,0.5131,0.50944
7.5P 6/6,7.5P,P,6,6,0.12942,0.19513,0.31353,0.3757,0.38451,0.37807,0.36902,0.35601,0.34398,0.32994,0.31089,0.28841,0.27284,0.25468,0.22682,0.20488,0.20243,0.20703,0.20542,0.21939,0.25246,0.28793,0.31782,0.34397,0.35977,0.36839,0.3713,0.3729,0.37146,0.36973,0.36958,0.36664,0.3667,0.36633,0.36626,0.36869,0.36629,0.36511,0.36657,0.36426,0.36154
7.5P 5/6,7.5P,P,5,6,0.12028,0.17074,0.24449,0.27299,0.27417,0.26892,0.26177,0.25128,0.23988,0.2277,0.21232,0.19381,0.1821,0.16823,0.14742,0.13218,0.13032,0.13279,0.13169,0.14068,0.16237,0.18721,0.21243,0.23641,0.25276,0.26061,0.26478,0.26613,0.26564,0.26432,0.26457,0.2623,0.26194,0.26241,0.26296,0.26409,0.26471,0.26418,0.26471,0.26396,0.26127
7.5P 4/6,7.5P,P,4,6,0.10342,0.14081,0.18388,0.19599,0.19684,0.19082,0.18228,0.17207,0.16059,0.14913,0.13638,0.12177,0.11222,0.1038,0.092767,0.083178,0.081411,0.083344,0.082944,0.087167,0.096567,0.10701,0.12526,0.15233,0.17617,0.19152,0.19983,0.20398,0.20416,0.20387,0.20439,0.20574,0.20546,0.2065,0.20944,0.21112,0.21271,0.21179,0.21139,0.21209,0.21107
7.5P 3/6,7.5P,P,3,6,0.10686,0.12647,0.14884,0.15689,0.15116,0.13854,0.1219,0.10472,0.089656,0.077633,0.070433,0.063478,0.058378,0.056,0.053789,0.051967,0.049544,0.050789,0.049633,0.050044,0.0495,0.050478,0.054622,0.068422,0.094978,0.13006,0.17046,0.21169,0.24892,0.27834,0.30346,0.32416,0.34188,0.35634,0.36747,0.38019,0.38798,0.39462,0.40091,0.40808,0.41243
7.5P 7/8,7.5P,P,7,8,0.14468,0.22608,0.40218,0.54921,0.58273,0.57483,0.55776,0.53349,0.50857,0.4813,0.44972,0.41643,0.39246,0.3644,0.3267,0.29783,0.29383,0.29702,0.29503,0.31324,0.35194,0.38972,0.44182,0.5083,0.56538,0.60741,0.63268,0.64986,0.65863,0.66598,0.67078,0.67241,0.67724,0.6796,0.68297,0.68742,0.68926,0.68834,0.69264,0.69264,0.69382
7.5P 6/8,7.5P,P,6,8,0.13192,0.20398,0.34654,0.43756,0.44928,0.43981,0.42399,0.40186,0.37902,0.35557,0.32801,0.29953,0.27864,0.25792,0.22943,0.2047,0.19971,0.20433,0.20463,0.2145,0.24299,0.278,0.32292,0.37862,0.42582,0.4569,0.47127,0.47992,0.48457,0.48609,0.48703,0.48568,0.487,0.48776,0.48702,0.48764,0.48579,0.48439,0.48543,0.48593,0.48231
7.5P 5/8,7.5P,P,5,8,0.12276,0.18279,0.28377,0.33206,0.33542,0.32449,0.30829,0.28947,0.26871,0.24706,0.22374,0.20046,0.18373,0.16832,0.14982,0.13357,0.13011,0.13206,0.13234,0.13744,0.15326,0.17287,0.20586,0.25532,0.30336,0.33656,0.3533,0.36136,0.36678,0.36851,0.37056,0.36971,0.37052,0.3717,0.37073,0.37174,0.37139,0.37092,0.37207,0.3708,0.36972
7.5P 4/8,7.5P,P,4,8,0.10918,0.15443,0.21643,0.23882,0.23771,0.22693,0.21029,0.19243,0.17281,0.15483,0.13761,0.12101,0.10903,0.10056,0.091333,0.082522,0.080478,0.080878,0.082744,0.086556,0.087211,0.092711,0.11019,0.14587,0.19089,0.22922,0.25521,0.27104,0.28062,0.28567,0.29016,0.29139,0.2944,0.29768,0.29984,0.30183,0.30453,0.30644,0.30791,0.30997,0.30821
7.5P 3/8,7.5P,P,3,8,0.09104,0.13074,0.18217,0.20043,0.19568,0.17842,0.1558,0.13097,0.10909,0.0926,0.078756,0.067011,0.0597,0.055322,0.051922,0.049667,0.047522,0.048522,0.049733,0.049122,0.048522,0.050244,0.057578,0.076778,0.10812,0.14543,0.19114,0.24917,0.31714,0.382,0.43966,0.48441,0.51994,0.54794,0.56921,0.58556,0.60043,0.60817,0.61474,0.62121,0.62717
7.5P 6/10,7.5P,P,6,10,0.13034,0.20453,0.36496,0.48519,0.50487,0.48766,0.46139,0.4267,0.39077,0.35592,0.32326,0.28933,0.26383,0.24419,0.22292,0.20346,0.19721,0.20134,0.20554,0.20927,0.21414,0.22813,0.26776,0.34071,0.4242,0.49907,0.55489,0.597,0.62734,0.64896,0.66639,0.68193,0.69436,0.70163,0.7102,0.71954,0.72954,0.73689,0.74596,0.75548,0.75353
7.5P 5/10,7.5P,P,5,10,0.12638,0.19693,0.32449,0.39349,0.39776,0.37908,0.35006,0.31681,0.28376,0.25167,0.22372,0.19787,0.17683,0.16241,0.1475,0.13384,0.12747,0.13011,0.13222,0.13434,0.13588,0.14481,0.176,0.23682,0.31838,0.39603,0.45677,0.50191,0.53251,0.55232,0.56772,0.58086,0.58964,0.59718,0.60347,0.6103,0.61401,0.61516,0.61827,0.6208,0.62277
7.5P 4/10,7.5P,P,4,10,0.11906,0.17438,0.25312,0.28623,0.2843,0.26737,0.24222,0.21392,0.18609,0.16093,0.13997,0.1198,0.10593,0.097289,0.088889,0.080922,0.077856,0.079078,0.080144,0.080289,0.080444,0.084756,0.10334,0.14718,0.21151,0.27796,0.33243,0.37443,0.40544,0.42873,0.4445,0.45531,0.4665,0.47703,0.48328,0.49173,0.49786,0.50156,0.50591,0.51083,0.51229
10P 9/1,10P,P,9,1,0.13638,0.21402,0.40152,0.60508,0.67488,0.68224,0.68502,0.68468,0.68492,0.6851,0.68122,0.67461,0.6723,0.66766,0.65638,0.64454,0.64677,0.65392,0.6554,0.66356,0.67783,0.6876,0.69011,0.68986,0.6873,0.68742,0.68523,0.68558,0.68486,0.68478,0.68329,0.68071,0.68189,0.68369,0.68454,0.68531,0.68538,0.68473,0.68508,0.68586,0.6845
10P 8/1,10P,P,8,1,0.13582,0.21057,0.37213,0.49807,0.52213,0.52147,0.5195,0.51604,0.5132,0.51276,0.50736,0.49804,0.49579,0.49396,0.4832,0.47277,0.4767,0.49187,0.49966,0.50434,0.51036,0.51323,0.5139,0.51242,0.5094,0.5077,0.50588,0.50429,0.50198,0.50089,0.49856,0.49792,0.49684,0.49586,0.49489,0.49412,0.49411,0.49131,0.49164,0.48848,0.48982
10P 7/1,10P,P,7,1,0.13262,0.20267,0.32556,0.39174,0.39764,0.39317,0.39066,0.3853,0.38348,0.38331,0.37751,0.3684,0.36556,0.36473,0.35492,0.34568,0.34879,0.36402,0.37196,0.377,0.3814,0.38381,0.38423,0.38307,0.38037,0.3789,0.37613,0.37459,0.3721,0.36989,0.36876,0.36701,0.36624,0.36502,0.36463,0.3633,0.36198,0.36019,0.35979,0.35951,0.35809
10P 6/1,10P,P,6,1,0.1215,0.17651,0.25173,0.28064,0.28271,0.27977,0.27763,0.27363,0.27262,0.27293,0.26927,0.26337,0.26142,0.25941,0.25177,0.24434,0.2467,0.25599,0.25954,0.26382,0.2694,0.27124,0.2717,0.27026,0.26941,0.26832,0.26712,0.2666,0.26512,0.26446,0.26463,0.26369,0.2636,0.26266,0.26301,0.26293,0.26123,0.26028,0.25983,0.25909,0.25896
10P 5/1,10P,P,5,1,0.10632,0.13878,0.17501,0.1844,0.18367,0.18148,0.18093,0.17848,0.17748,0.17608,0.17356,0.16816,0.16669,0.1658,0.15982,0.1545,0.15549,0.16366,0.16837,0.17044,0.17559,0.17753,0.17822,0.17788,0.17706,0.17623,0.17494,0.174,0.17222,0.17188,0.17202,0.17096,0.17174,0.17176,0.17178,0.17348,0.17334,0.17281,0.17213,0.17182,0.17024
10P 4/1,10P,P,4,1,0.08464,0.10289,0.11613,0.11909,0.11789,0.11754,0.11548,0.11344,0.113,0.11232,0.11089,0.1063,0.10592,0.10344,0.0995,0.094611,0.0959,0.10237,0.10332,0.1064,0.11121,0.11459,0.11553,0.11468,0.11374,0.11354,0.11327,0.11254,0.11263,0.11194,0.11296,0.11294,0.11256,0.11384,0.11427,0.1152,0.11627,0.11452,0.11557,0.11504,0.11519
10P 3/1,10P,P,3,1,0.06818,0.072533,0.075433,0.075033,0.074233,0.072156,0.071256,0.069756,0.069856,0.069222,0.067633,0.065267,0.065222,0.063644,0.060656,0.059511,0.060133,0.061189,0.061733,0.064233,0.0675,0.069833,0.070422,0.070322,0.069633,0.069678,0.068933,0.068189,0.068311,0.0681,0.069567,0.0695,0.069578,0.070878,0.071889,0.073389,0.074344,0.075389,0.075233,0.076033,0.0759
10P 2.5/1,10P,P,2.5,1,0.0569,0.058956,0.061033,0.059467,0.058589,0.057778,0.057833,0.056344,0.054211,0.053033,0.051078,0.049311,0.047867,0.046511,0.0445,0.0434,0.043367,0.0444,0.044933,0.048111,0.050622,0.054133,0.055544,0.056467,0.055889,0.057011,0.056967,0.057322,0.0566,0.0565,0.058044,0.056956,0.057667,0.058522,0.060022,0.061533,0.062778,0.063467,0.064389,0.065089,0.064678
10P 9/2,10P,P,9,2,0.15864,0.24332,0.4411,0.64892,0.72119,0.7282,0.72866,0.72612,0.72444,0.7223,0.71707,0.70712,0.70181,0.69503,0.67751,0.66181,0.66192,0.6727,0.67516,0.68527,0.71029,0.73404,0.74438,0.7504,0.75311,0.75359,0.74932,0.75064,0.74987,0.74669,0.74664,0.74604,0.7462,0.74738,0.74673,0.74803,0.74904,0.747,0.74724,0.74718,0.74412
10P 8/2,10P,P,8,2,0.14948,0.22761,0.39401,0.52756,0.55393,0.5496,0.54649,0.53907,0.53641,0.5351,0.52878,0.51647,0.51124,0.50584,0.4902,0.47472,0.47619,0.49329,0.50443,0.51901,0.5377,0.55119,0.55503,0.55709,0.55309,0.55202,0.54962,0.54829,0.54544,0.5445,0.54441,0.54237,0.54099,0.54127,0.53916,0.53901,0.53868,0.53676,0.53458,0.53151,0.53157
10P 7/2,10P,P,7,2,0.13084,0.19838,0.32309,0.39416,0.40117,0.39879,0.39614,0.39103,0.38743,0.38668,0.37946,0.36798,0.36316,0.35899,0.34342,0.32918,0.33238,0.34713,0.35284,0.36228,0.37904,0.39006,0.39303,0.39234,0.39122,0.3907,0.388,0.3855,0.38279,0.38072,0.38058,0.37877,0.37614,0.37622,0.3761,0.37647,0.37579,0.37499,0.3739,0.37333,0.37273
10P 6/2,10P,P,6,2,0.13578,0.19396,0.27281,0.301,0.29938,0.2952,0.29088,0.28466,0.2823,0.27909,0.27203,0.26248,0.25871,0.25516,0.24383,0.23364,0.23542,0.2475,0.25398,0.26127,0.27546,0.28572,0.28966,0.28871,0.28627,0.28559,0.28163,0.28102,0.27913,0.2771,0.27664,0.27428,0.27287,0.27209,0.2718,0.27168,0.27129,0.27024,0.26862,0.26809,0.26753
10P 5/2,10P,P,5,2,0.1234,0.16086,0.20371,0.21522,0.21353,0.2099,0.20697,0.20313,0.20081,0.19851,0.19286,0.18449,0.17909,0.17773,0.16731,0.15779,0.15963,0.17028,0.17499,0.18098,0.19263,0.20187,0.20544,0.20652,0.20521,0.20479,0.20289,0.20352,0.20292,0.20063,0.20157,0.20039,0.19992,0.19972,0.19988,0.20063,0.19929,0.1999,0.19917,0.19869,0.19791
10P 4/2,10P,P,4,2,0.09524,0.11538,0.13439,0.1371,0.13523,0.13257,0.13101,0.12771,0.1262,0.12427,0.12032,0.11419,0.1115,0.10693,0.098256,0.092544,0.093544,0.097256,0.098,0.10247,0.11348,0.12398,0.12878,0.13068,0.13053,0.13156,0.13097,0.13079,0.12988,0.12879,0.12892,0.12676,0.12804,0.12834,0.1292,0.13036,0.1312,0.13134,0.13121,0.13134,0.13019
10P 3/2,10P,P,3,2,0.0742,0.081178,0.087522,0.088111,0.086533,0.083256,0.082044,0.078644,0.076222,0.074189,0.071367,0.067789,0.066622,0.064011,0.059844,0.057611,0.056867,0.058011,0.055678,0.058689,0.065411,0.073544,0.079278,0.081767,0.083811,0.083756,0.083178,0.082067,0.080578,0.078956,0.080789,0.081144,0.082622,0.083256,0.083711,0.084122,0.084422,0.084744,0.085911,0.087178,0.087633
10P 2.5/2,10P,P,2.5,2,0.06474,0.067156,0.069322,0.069222,0.067644,0.067689,0.061078,0.0575,0.055333,0.0537,0.050956,0.048867,0.046356,0.046567,0.0454,0.044378,0.0434,0.042656,0.042744,0.042722,0.043844,0.045778,0.047733,0.053056,0.062567,0.070967,0.076389,0.0805,0.0826,0.083944,0.086811,0.0881,0.091244,0.093744,0.0963,0.0995,0.10233,0.10477,0.10647,0.1091,0.10908
10P 8/4,10P,P,8,4,0.1452,0.22339,0.39993,0.55623,0.59324,0.59061,0.58472,0.57607,0.56901,0.56101,0.54599,0.52567,0.51402,0.49866,0.46726,0.44169,0.44427,0.45857,0.46306,0.48474,0.53046,0.57424,0.59638,0.6063,0.61053,0.61139,0.61096,0.61047,0.60908,0.60646,0.60664,0.60489,0.60379,0.60402,0.60406,0.60474,0.6041,0.60314,0.60276,0.60372,0.59893
10P 7/4,10P,P,7,4,0.13166,0.20392,0.3422,0.42764,0.43846,0.43394,0.42799,0.42077,0.41527,0.40967,0.39676,0.37794,0.36879,0.35654,0.3294,0.30561,0.30468,0.31851,0.3209,0.33629,0.37796,0.41712,0.4379,0.44547,0.44826,0.44817,0.44672,0.44526,0.44501,0.44377,0.44267,0.44034,0.43884,0.43904,0.43822,0.43719,0.43678,0.43531,0.43644,0.43329,0.43153
10P 6/4,10P,P,6,4,0.12036,0.18171,0.27341,0.30804,0.30764,0.30216,0.29848,0.29211,0.28822,0.28522,0.2747,0.2581,0.2518,0.24308,0.22048,0.20081,0.20486,0.21817,0.22054,0.23888,0.27348,0.29896,0.3088,0.31072,0.30768,0.30692,0.30444,0.30197,0.29976,0.2969,0.29658,0.29398,0.29257,0.29104,0.28926,0.28951,0.28663,0.28501,0.28399,0.28243,0.27827
10P 5/4,10P,P,5,4,0.12326,0.16873,0.22081,0.23377,0.23132,0.22519,0.2215,0.21411,0.20769,0.20323,0.1948,0.18392,0.17706,0.16994,0.15461,0.14201,0.1411,0.14691,0.14808,0.15676,0.17944,0.20612,0.22166,0.22978,0.23039,0.23042,0.22834,0.22853,0.22631,0.22613,0.22588,0.22346,0.22387,0.22314,0.22239,0.222,0.22341,0.2235,0.22168,0.22163,0.22067
10P 4/4,10P,P,4,4,0.09662,0.12163,0.14622,0.15063,0.14921,0.14618,0.14248,0.13808,0.13403,0.12929,0.12226,0.1128,0.10753,0.10106,0.088811,0.081433,0.0807,0.083522,0.081633,0.087544,0.10583,0.12652,0.14118,0.14754,0.15062,0.1515,0.15047,0.14991,0.1493,0.14772,0.14806,0.14796,0.14924,0.15016,0.14981,0.15132,0.15166,0.15193,0.15111,0.15209,0.1505
10P 3/4,10P,P,3,4,0.07562,0.089822,0.10176,0.10349,0.10378,0.10087,0.097367,0.090333,0.083089,0.075333,0.068833,0.063322,0.0579,0.054978,0.0519,0.0502,0.0492,0.048522,0.048356,0.051833,0.057833,0.0652,0.074644,0.0889,0.10142,0.10801,0.11091,0.11201,0.11199,0.11068,0.1118,0.11147,0.11262,0.11333,0.11324,0.11433,0.11328,0.11238,0.11282,0.11214,0.11184
10P 2.5/4,10P,P,2.5,4,0.0692,0.080922,0.093711,0.096033,0.094311,0.089056,0.082133,0.073722,0.066211,0.059944,0.054889,0.050256,0.047544,0.045756,0.043167,0.041656,0.041411,0.041778,0.0421,0.042311,0.043089,0.043711,0.048156,0.057467,0.075589,0.099256,0.12223,0.13937,0.15266,0.16227,0.16899,0.17553,0.18094,0.18828,0.19479,0.20112,0.20722,0.21249,0.21574,0.21987,0.22358
10P 8/6,10P,P,8,6,0.13826,0.21943,0.40248,0.58222,0.63242,0.63199,0.62399,0.60826,0.59478,0.5794,0.55407,0.52642,0.50828,0.48539,0.44214,0.40776,0.40479,0.41543,0.41172,0.43349,0.50241,0.58694,0.64798,0.68361,0.70073,0.70944,0.71226,0.71478,0.71506,0.71404,0.71621,0.71558,0.71663,0.71984,0.72324,0.72533,0.71923,0.71937,0.72191,0.72246,0.72217
10P 7/6,10P,P,7,6,0.1324,0.20607,0.35572,0.4611,0.47662,0.47152,0.46294,0.44954,0.4395,0.43049,0.40961,0.38517,0.36993,0.34943,0.31146,0.2842,0.28502,0.29496,0.29112,0.31646,0.3838,0.45004,0.48862,0.50606,0.51267,0.51542,0.51491,0.51343,0.51248,0.51149,0.51167,0.5099,0.50989,0.50932,0.51051,0.50927,0.50857,0.50799,0.50613,0.50594,0.5059
10P 6/6,10P,P,6,6,0.13298,0.19887,0.31102,0.3644,0.36816,0.3601,0.35119,0.33904,0.32671,0.31513,0.29466,0.27299,0.25957,0.24182,0.21242,0.19244,0.19409,0.20353,0.20309,0.22027,0.2669,0.31976,0.35518,0.37268,0.37977,0.3828,0.3823,0.38243,0.38059,0.37902,0.37901,0.37696,0.37629,0.37478,0.37408,0.37356,0.373,0.37148,0.36948,0.36884,0.36764
10P 5/6,10P,P,5,6,0.12728,0.17543,0.24297,0.26609,0.2666,0.26016,0.25213,0.24242,0.23151,0.22069,0.20478,0.18816,0.17704,0.16451,0.14417,0.12904,0.12849,0.1352,0.13287,0.14369,0.17763,0.21986,0.24911,0.26464,0.27043,0.2728,0.27336,0.27224,0.27139,0.26956,0.27027,0.26909,0.2682,0.26813,0.26627,0.26717,0.26796,0.26597,0.26652,0.26763,0.26419
10P 4/6,10P,P,4,6,0.11022,0.1407,0.17443,0.18281,0.18237,0.17672,0.16913,0.1592,0.14923,0.13839,0.1264,0.1143,0.10643,0.095989,0.083344,0.075744,0.074022,0.075222,0.073756,0.078656,0.095344,0.12237,0.15176,0.17824,0.19473,0.20187,0.20486,0.20532,0.20432,0.20343,0.20433,0.203,0.20434,0.2037,0.20383,0.20526,0.20612,0.20643,0.20631,0.20494,0.20453
10P 3/6,10P,P,3,6,0.0893,0.10623,0.12857,0.136,0.13261,0.12422,0.11164,0.099978,0.088211,0.078267,0.070378,0.061767,0.057033,0.053556,0.050367,0.049,0.048967,0.0495,0.049233,0.050411,0.050778,0.052944,0.059544,0.077911,0.10719,0.14438,0.17686,0.20193,0.21876,0.23206,0.24171,0.25003,0.25859,0.26512,0.26962,0.27492,0.27903,0.28259,0.28796,0.29177,0.29276
10P 7/8,10P,P,7,8,0.13744,0.21563,0.38422,0.5177,0.54399,0.536,0.52057,0.50066,0.48048,0.45971,0.43031,0.39891,0.3779,0.35193,0.30832,0.27527,0.27061,0.27906,0.27499,0.29531,0.36512,0.45981,0.53627,0.583,0.60806,0.62064,0.62529,0.6277,0.62804,0.62741,0.62753,0.62614,0.6264,0.62758,0.6296,0.63089,0.63113,0.62836,0.63006,0.62797,0.62914
10P 6/8,10P,P,6,8,0.13092,0.20063,0.32158,0.38531,0.39442,0.38727,0.37713,0.35953,0.34122,0.32132,0.2967,0.27238,0.25523,0.23439,0.207,0.1866,0.18481,0.18541,0.17814,0.19177,0.24613,0.32272,0.38441,0.42161,0.4393,0.44749,0.45018,0.45073,0.4499,0.4489,0.44926,0.44688,0.44594,0.447,0.4484,0.44904,0.44729,0.4464,0.4453,0.44576,0.4432
10P 5/8,10P,P,5,8,0.12406,0.17667,0.25056,0.27906,0.28171,0.27508,0.26546,0.25271,0.238,0.22268,0.20272,0.18068,0.16769,0.14971,0.1241,0.10819,0.10943,0.1114,0.10874,0.1218,0.16447,0.22172,0.26512,0.28776,0.29943,0.30416,0.30452,0.30507,0.30578,0.30447,0.30511,0.30252,0.30292,0.30357,0.30388,0.30446,0.30546,0.30467,0.30307,0.30384,0.30212
10P 4/8,10P,P,4,8,0.1059,0.14584,0.19407,0.21043,0.20792,0.20059,0.18904,0.17372,0.15999,0.14553,0.12847,0.11301,0.10318,0.092656,0.079556,0.070822,0.070711,0.071889,0.069911,0.076722,0.093011,0.11468,0.14404,0.18051,0.21461,0.23859,0.25153,0.25773,0.26262,0.26412,0.26779,0.26723,0.26747,0.26864,0.27246,0.27574,0.27708,0.27714,0.27816,0.27932,0.27681
10P 3/8,10P,P,3,8,0.10316,0.12302,0.15761,0.17026,0.16584,0.15112,0.13167,0.11177,0.093856,0.080478,0.0696,0.060256,0.054022,0.050622,0.0485,0.046633,0.046111,0.046311,0.046733,0.045733,0.0456,0.046156,0.051733,0.070989,0.11096,0.17117,0.23731,0.29422,0.34137,0.37653,0.40369,0.42532,0.4423,0.45669,0.46954,0.48133,0.49267,0.4984,0.50883,0.51452,0.51841
10P 6/10,10P,P,6,10,0.14272,0.21659,0.36059,0.44697,0.45821,0.44576,0.42527,0.39826,0.372,0.34429,0.31288,0.28332,0.2628,0.23842,0.2061,0.18222,0.17851,0.18171,0.17659,0.18782,0.2333,0.30226,0.38004,0.45708,0.51889,0.55984,0.58087,0.59459,0.60129,0.60447,0.60658,0.60676,0.61137,0.61249,0.61446,0.6165,0.61812,0.61986,0.62286,0.62253,0.6198
10P 5/10,10P,P,5,10,0.11988,0.1817,0.28343,0.32886,0.33146,0.31869,0.29887,0.27581,0.2534,0.23151,0.20707,0.18231,0.16706,0.14924,0.12599,0.10993,0.10616,0.10904,0.10701,0.11537,0.14596,0.19248,0.24613,0.3079,0.36163,0.39866,0.41666,0.42784,0.43216,0.43528,0.4374,0.43738,0.44182,0.44338,0.44243,0.44447,0.44649,0.44557,0.4447,0.44553,0.4446
10P 4/10,10P,P,4,10,0.1211,0.17097,0.23751,0.26043,0.25913,0.24501,0.22489,0.2007,0.17747,0.15573,0.13591,0.11787,0.1056,0.094867,0.083156,0.074967,0.073633,0.074933,0.074778,0.079633,0.089989,0.10344,0.1302,0.18022,0.24598,0.3097,0.35972,0.39898,0.43074,0.45653,0.47756,0.49457,0.51284,0.52713,0.54066,0.55489,0.56628,0.5748,0.58363,0.59289,0.60019
10P 5/12,10P,P,5,12,0.12824,0.19258,0.30242,0.35629,0.35921,0.34396,0.31839,0.28758,0.25862,0.23149,0.20406,0.17816,0.16094,0.14437,0.12526,0.11093,0.10839,0.11017,0.10913,0.11379,0.13261,0.16049,0.20821,0.2847,0.3775,0.45986,0.52526,0.5734,0.61087,0.63539,0.6501,0.66412,0.68011,0.695,0.7076,0.71893,0.72798,0.73283,0.73848,0.74358,0.74672
2.5RP 9/2,2.5RP,RP,9,2,0.13468,0.21262,0.40401,0.61623,0.6963,0.70667,0.70922,0.7071,0.70616,0.70708,0.69953,0.68738,0.6838,0.67763,0.65691,0.63928,0.6435,0.65668,0.66007,0.67673,0.70792,0.73038,0.74051,0.74499,0.74543,0.7467,0.74498,0.7448,0.7444,0.7435,0.74304,0.74419,0.74571,0.74622,0.74801,0.74783,0.75084,0.749,0.74939,0.74852,0.7497
2.5RP 8/2,2.5RP,RP,8,2,0.1332,0.20876,0.37459,0.51097,0.53767,0.53634,0.53441,0.529,0.5274,0.52606,0.5184,0.50469,0.50143,0.49809,0.48096,0.4647,0.47042,0.48974,0.49801,0.51087,0.5318,0.54401,0.54826,0.54904,0.5488,0.54707,0.54511,0.54449,0.54157,0.54108,0.54013,0.5375,0.53772,0.53691,0.53586,0.53703,0.53569,0.53276,0.53197,0.53052,0.52922
2.5RP 7/2,2.5RP,RP,7,2,0.14386,0.21468,0.34151,0.40696,0.41181,0.40677,0.40361,0.39788,0.39491,0.39466,0.38761,0.37446,0.3714,0.37071,0.35652,0.3422,0.34734,0.36948,0.38312,0.3951,0.40824,0.41447,0.4156,0.41441,0.4119,0.41002,0.40699,0.40571,0.40343,0.4019,0.40017,0.3983,0.39653,0.39497,0.3946,0.39428,0.39526,0.39229,0.39152,0.38969,0.38869
2.5RP 6/2,2.5RP,RP,6,2,0.12602,0.17903,0.25594,0.28649,0.28874,0.2881,0.28612,0.28264,0.27843,0.27398,0.26832,0.26254,0.25757,0.25148,0.24642,0.24438,0.24444,0.24269,0.2417,0.25051,0.27683,0.29693,0.30386,0.30477,0.30398,0.30239,0.30008,0.29853,0.29758,0.29612,0.2945,0.29473,0.29419,0.29342,0.29317,0.29262,0.29178,0.28999,0.29007,0.29043,0.28839
2.5RP 5/2,2.5RP,RP,5,2,0.0993,0.13292,0.17294,0.1862,0.18751,0.18666,0.18704,0.18711,0.18599,0.18469,0.18182,0.17782,0.17353,0.16991,0.16521,0.16326,0.16177,0.15903,0.15812,0.16592,0.1855,0.19947,0.20306,0.20437,0.20436,0.20361,0.20287,0.20298,0.20184,0.20097,0.20063,0.20052,0.20197,0.20182,0.20199,0.20259,0.20303,0.20251,0.20351,0.20158,0.20222
2.5RP 4/2,2.5RP,RP,4,2,0.09082,0.11177,0.12901,0.13119,0.12784,0.12606,0.12377,0.12014,0.11739,0.11606,0.11224,0.10736,0.10546,0.1019,0.094811,0.090511,0.091811,0.097344,0.098189,0.10363,0.1152,0.12571,0.13018,0.13164,0.13193,0.13122,0.131,0.12962,0.12858,0.12838,0.12853,0.12877,0.12922,0.12961,0.13018,0.12996,0.1297,0.13077,0.1301,0.12984,0.13102
2.5RP 3/2,2.5RP,RP,3,2,0.07172,0.076678,0.080967,0.080622,0.078722,0.0777,0.076056,0.075611,0.073433,0.070456,0.067278,0.0643,0.061622,0.059056,0.0555,0.053011,0.053378,0.053778,0.054833,0.057789,0.066222,0.076411,0.082233,0.084211,0.084133,0.084356,0.0834,0.082333,0.082122,0.081422,0.082044,0.082444,0.083989,0.084689,0.085156,0.085167,0.085878,0.0877,0.088356,0.088911,0.089844
2.5RP 2.5/2,2.5RP,RP,2.5,2,0.06376,0.065944,0.068533,0.0681,0.066667,0.064311,0.062222,0.058589,0.055333,0.053178,0.051189,0.0485,0.046733,0.045667,0.044044,0.043589,0.044589,0.045389,0.045056,0.0469,0.047189,0.048456,0.050122,0.055644,0.066667,0.079344,0.088444,0.094433,0.098722,0.1019,0.10447,0.10562,0.10947,0.11376,0.11804,0.12222,0.12591,0.12942,0.13173,0.13323,0.13597
2.5RP 8/4,2.5RP,RP,8,4,0.1493,0.22964,0.40824,0.5616,0.59357,0.58729,0.58162,0.57257,0.56636,0.56227,0.54643,0.52431,0.51332,0.50246,0.47351,0.44731,0.45176,0.4792,0.49389,0.52089,0.57328,0.62358,0.65136,0.66346,0.66758,0.67021,0.66819,0.6679,0.66789,0.66629,0.66596,0.66468,0.66352,0.66298,0.66299,0.66398,0.6632,0.66109,0.66134,0.66227,0.65819
2.5RP 7/4,2.5RP,RP,7,4,0.13168,0.20162,0.33713,0.41634,0.42367,0.41864,0.41356,0.40603,0.40231,0.40014,0.38772,0.36708,0.36014,0.35256,0.32711,0.3051,0.31049,0.33146,0.33866,0.36058,0.40536,0.44147,0.45833,0.46348,0.46463,0.46522,0.46399,0.46228,0.46182,0.46056,0.45742,0.45831,0.4568,0.45646,0.4548,0.4557,0.45467,0.45217,0.45332,0.45353,0.45088
2.5RP 6/4,2.5RP,RP,6,4,0.14472,0.20279,0.29074,0.32539,0.32133,0.31266,0.30758,0.29944,0.29403,0.29139,0.2803,0.26379,0.25523,0.24864,0.229,0.21293,0.21659,0.23576,0.24722,0.26488,0.29757,0.32637,0.34184,0.34754,0.34806,0.34736,0.34553,0.34391,0.34256,0.34082,0.34004,0.33706,0.33626,0.33551,0.33522,0.33458,0.33484,0.33348,0.33312,0.33076,0.32914
2.5RP 5/4,2.5RP,RP,5,4,0.12782,0.16922,0.21368,0.22323,0.21956,0.21402,0.20978,0.20231,0.19808,0.19439,0.18547,0.17477,0.16957,0.1646,0.15049,0.13897,0.1401,0.14953,0.15378,0.16353,0.18849,0.21588,0.23159,0.23877,0.24148,0.24082,0.23909,0.23873,0.23789,0.23583,0.23619,0.23349,0.23296,0.23254,0.23254,0.23273,0.23304,0.23122,0.2287,0.22956,0.22757
2.5RP 4/4,2.5RP,RP,4,4,0.10412,0.12719,0.14736,0.14958,0.14616,0.14174,0.1376,0.13204,0.1287,0.1259,0.11936,0.1108,0.10629,0.10111,0.091011,0.084067,0.085578,0.089933,0.091522,0.096978,0.11472,0.13896,0.15758,0.16739,0.1723,0.17319,0.17291,0.17221,0.1712,0.17034,0.17008,0.16906,0.16931,0.16912,0.1691,0.16992,0.17099,0.17031,0.17023,0.17138,0.16999
2.5RP 3/4,2.5RP,RP,3,4,0.07902,0.087722,0.098656,0.099289,0.097867,0.093633,0.0881,0.081389,0.074989,0.069533,0.064289,0.060211,0.057633,0.054822,0.051689,0.0503,0.050267,0.051267,0.050878,0.053189,0.057044,0.064567,0.075889,0.093911,0.11341,0.12937,0.14044,0.14692,0.15104,0.15396,0.15513,0.15659,0.15899,0.16344,0.16823,0.17277,0.1763,0.17921,0.18258,0.18406,0.18772
2.5RP 2.5/4,2.5RP,RP,2.5,4,0.06314,0.073033,0.079367,0.0804,0.079489,0.075156,0.069956,0.063744,0.057778,0.053467,0.049744,0.046367,0.044456,0.043367,0.042133,0.041267,0.040767,0.041489,0.041789,0.042544,0.043344,0.044844,0.048356,0.057233,0.075211,0.098856,0.11977,0.13471,0.14543,0.15288,0.15844,0.16263,0.16834,0.17437,0.18146,0.18776,0.19352,0.19777,0.20179,0.2059,0.20737
2.5RP 8/6,2.5RP,RP,8,6,0.15124,0.23048,0.40902,0.56461,0.59587,0.5894,0.5817,0.56866,0.55999,0.55287,0.53247,0.50441,0.49019,0.47261,0.43061,0.39898,0.4034,0.42067,0.42343,0.45776,0.53858,0.62681,0.68969,0.72818,0.74683,0.75743,0.76076,0.7626,0.76492,0.76357,0.76483,0.76404,0.76716,0.76948,0.77053,0.7724,0.7771,0.77521,0.77762,0.7783,0.77699
2.5RP 7/6,2.5RP,RP,7,6,0.13144,0.20323,0.34587,0.43763,0.44502,0.43813,0.42998,0.41952,0.41192,0.40631,0.3887,0.36273,0.35137,0.33713,0.30112,0.27402,0.2784,0.29541,0.29738,0.3267,0.39716,0.46827,0.51136,0.53186,0.5398,0.54267,0.54304,0.54371,0.54277,0.54206,0.54036,0.53887,0.5392,0.53858,0.54007,0.53898,0.53962,0.53707,0.53758,0.53622,0.53627
2.5RP 6/6,2.5RP,RP,6,6,0.13642,0.19887,0.29866,0.33894,0.337,0.32803,0.32101,0.30947,0.30086,0.2939,0.27741,0.25588,0.24486,0.23344,0.20771,0.18851,0.19112,0.20618,0.21309,0.23272,0.28228,0.3383,0.37454,0.39163,0.3986,0.40138,0.40171,0.40167,0.39992,0.39858,0.39752,0.39531,0.39512,0.39487,0.39427,0.39398,0.39333,0.39156,0.39079,0.38771,0.387
2.5RP 5/6,2.5RP,RP,5,6,0.12446,0.17088,0.22832,0.24441,0.24069,0.2337,0.22723,0.21854,0.21137,0.20522,0.19242,0.17653,0.16769,0.15728,0.13874,0.12478,0.12482,0.13157,0.13184,0.14248,0.17729,0.22421,0.26324,0.28731,0.29778,0.30144,0.30208,0.30239,0.3015,0.30074,0.30096,0.29951,0.30041,0.30032,0.29876,0.29931,0.29898,0.29851,0.29861,0.29821,0.29884
2.5RP 4/6,2.5RP,RP,4,6,0.10956,0.13758,0.16556,0.16946,0.16647,0.16113,0.15434,0.1454,0.13857,0.13109,0.12053,0.11009,0.10407,0.097633,0.086067,0.079111,0.079244,0.082656,0.081167,0.086733,0.10626,0.14057,0.17378,0.19862,0.20954,0.21608,0.21767,0.21824,0.21746,0.21686,0.21667,0.21499,0.21484,0.21561,0.21591,0.21662,0.21681,0.21697,0.2171,0.21678,0.21544
2.5RP 3/6,2.5RP,RP,3,6,0.08528,0.099178,0.11646,0.11914,0.11536,0.10886,0.10042,0.089978,0.081189,0.073767,0.067122,0.060611,0.057811,0.054811,0.050789,0.048267,0.048578,0.0485,0.048156,0.050111,0.0574,0.074211,0.095956,0.11686,0.1335,0.14716,0.15891,0.1669,0.17102,0.16893,0.16362,0.16119,0.16472,0.17218,0.18117,0.19132,0.20547,0.21757,0.22811,0.2361,0.24391
2.5RP 7/8,2.5RP,RP,7,8,0.1374,0.21144,0.36976,0.47839,0.49011,0.48086,0.46971,0.45429,0.44269,0.43284,0.40674,0.37519,0.35854,0.33724,0.29452,0.2639,0.26672,0.27994,0.27904,0.31,0.39479,0.49708,0.57603,0.62344,0.64771,0.65988,0.66649,0.67077,0.67261,0.67378,0.6738,0.67364,0.67332,0.67553,0.67747,0.68043,0.681,0.68206,0.68258,0.68491,0.68223
2.5RP 6/8,2.5RP,RP,6,8,0.12858,0.19359,0.30397,0.35447,0.35369,0.34244,0.33489,0.32061,0.30964,0.30076,0.28123,0.25611,0.24282,0.2259,0.19348,0.17073,0.17308,0.18302,0.1821,0.20547,0.2724,0.35434,0.41311,0.44642,0.46026,0.4663,0.467,0.46671,0.46756,0.46788,0.46806,0.46736,0.46766,0.46693,0.46782,0.46823,0.46848,0.46727,0.46697,0.46646,0.46592
2.5RP 5/8,2.5RP,RP,5,8,0.13056,0.18243,0.24942,0.26901,0.26426,0.25398,0.24383,0.23124,0.22016,0.21051,0.19303,0.1741,0.16308,0.15181,0.13032,0.11576,0.11568,0.12098,0.12049,0.13128,0.16876,0.23479,0.29847,0.34871,0.3765,0.39053,0.39537,0.39739,0.3987,0.39726,0.39784,0.39636,0.39349,0.39444,0.39409,0.39536,0.39502,0.39411,0.39463,0.39357,0.39242
2.5RP 4/8,2.5RP,RP,4,8,0.10506,0.13572,0.16998,0.17696,0.17531,0.16764,0.15789,0.1452,0.13466,0.12497,0.112,0.099111,0.092233,0.083533,0.072333,0.065144,0.063944,0.065478,0.064222,0.069133,0.0874,0.12473,0.17151,0.21209,0.23742,0.24998,0.25593,0.25891,0.25878,0.25872,0.25799,0.25746,0.2579,0.25884,0.26018,0.26124,0.26139,0.26061,0.26122,0.26098,0.25842
2.5RP 7/10,2.5RP,RP,7,10,0.13274,0.20908,0.37213,0.48987,0.50542,0.49561,0.48261,0.46431,0.4479,0.43126,0.4014,0.368,0.3483,0.32368,0.28,0.2493,0.25171,0.26246,0.25776,0.28764,0.37479,0.4868,0.58221,0.64924,0.69044,0.71661,0.72929,0.73731,0.74193,0.74356,0.74673,0.75039,0.75401,0.75882,0.76243,0.76754,0.77189,0.77358,0.77663,0.78139,0.78336
2.5RP 6/10,2.5RP,RP,6,10,0.1294,0.1982,0.32241,0.38351,0.38549,0.37508,0.36108,0.34447,0.3271,0.31261,0.2847,0.25618,0.2404,0.21941,0.18442,0.16023,0.16212,0.16962,0.16604,0.18793,0.26032,0.361,0.449,0.50829,0.54119,0.55903,0.56912,0.5742,0.57653,0.57891,0.57928,0.58004,0.58131,0.58321,0.58501,0.58688,0.58874,0.58619,0.5899,0.59016,0.58906
2.5RP 5/10,2.5RP,RP,5,10,0.13306,0.18918,0.26888,0.29572,0.29303,0.28297,0.26843,0.25093,0.23531,0.21937,0.19729,0.17446,0.1599,0.14228,0.11778,0.10148,0.10213,0.1059,0.10226,0.11524,0.16489,0.24544,0.32376,0.3788,0.40992,0.42606,0.43374,0.43667,0.43847,0.43921,0.4403,0.43894,0.44153,0.44214,0.44349,0.44437,0.44627,0.44804,0.44829,0.45048,0.44736
2.5RP 4/10,2.5RP,RP,4,10,0.10798,0.14827,0.19891,0.21302,0.21028,0.19972,0.18537,0.16732,0.15,0.13413,0.11562,0.099944,0.0898,0.079722,0.067944,0.061456,0.062133,0.063511,0.061389,0.066733,0.0841,0.11306,0.15326,0.21026,0.27439,0.32917,0.36604,0.3939,0.41084,0.42168,0.4271,0.43422,0.44547,0.45649,0.46693,0.4785,0.49221,0.5024,0.51712,0.52594,0.52974
2.5RP 6/12,2.5RP,RP,6,12,0.12584,0.1949,0.3229,0.3946,0.39679,0.38153,0.36591,0.34561,0.32678,0.30666,0.27707,0.24707,0.22853,0.20343,0.16703,0.14406,0.14507,0.14968,0.14447,0.16852,0.23822,0.34348,0.44837,0.53112,0.5862,0.62094,0.64158,0.65513,0.6651,0.66936,0.67236,0.67848,0.69357,0.70159,0.70948,0.71871,0.72486,0.72896,0.73806,0.73828,0.74074
2.5RP 5/12,2.5RP,RP,5,12,0.13066,0.19191,0.28674,0.32566,0.32848,0.31328,0.29048,0.26327,0.23879,0.21638,0.19101,0.16751,0.15333,0.13689,0.1144,0.10016,0.099611,0.098889,0.094922,0.10438,0.13644,0.1965,0.27929,0.37501,0.4612,0.52952,0.57541,0.60596,0.62303,0.63344,0.63656,0.64251,0.65087,0.66094,0.67089,0.67917,0.68643,0.68993,0.69406,0.69892,0.7014
5RP 9/1,5RP,RP,9,1,0.1553,0.23721,0.43127,0.63243,0.69657,0.70359,0.70566,0.70256,0.70306,0.70524,0.70118,0.69166,0.69011,0.6888,0.67782,0.66668,0.66909,0.68711,0.6994,0.70927,0.72104,0.72898,0.73199,0.73244,0.73143,0.73099,0.72984,0.72994,0.72852,0.72634,0.72752,0.72561,0.72552,0.72506,0.72492,0.72744,0.72767,0.72567,0.72461,0.72374,0.72653
5RP 8/1,5RP,RP,8,1,0.13966,0.22079,0.38457,0.49649,0.51598,0.51668,0.51828,0.5158,0.5152,0.51796,0.51526,0.5076,0.50647,0.50189,0.49253,0.48251,0.48493,0.50206,0.5134,0.52079,0.52981,0.53357,0.53561,0.53518,0.53356,0.53269,0.53123,0.53151,0.53104,0.52916,0.5278,0.52641,0.52654,0.52644,0.52666,0.52759,0.52802,0.52947,0.52844,0.52772,0.52529
5RP 7/1,5RP,RP,7,1,0.13826,0.21097,0.33587,0.39944,0.40442,0.39874,0.39702,0.38768,0.38609,0.38534,0.38141,0.3724,0.3694,0.3714,0.36343,0.35328,0.35559,0.37677,0.39472,0.40166,0.40229,0.40313,0.40004,0.3993,0.39686,0.39431,0.3923,0.39129,0.38928,0.38821,0.38609,0.38083,0.37789,0.37841,0.37648,0.37756,0.37729,0.37441,0.37493,0.3751,0.37312
5RP 6/1,5RP,RP,6,1,0.12618,0.17867,0.25171,0.27502,0.2761,0.2749,0.27224,0.26943,0.26611,0.26326,0.25976,0.25564,0.25312,0.25193,0.24952,0.24766,0.2481,0.25363,0.2649,0.27553,0.27992,0.28174,0.28086,0.27912,0.27624,0.27564,0.27394,0.27363,0.27101,0.27048,0.26931,0.26858,0.26631,0.2649,0.26604,0.26589,0.26517,0.26484,0.26376,0.2626,0.2625
5RP 5/1,5RP,RP,5,1,0.1176,0.15247,0.18686,0.19427,0.19123,0.18734,0.18567,0.18189,0.18049,0.1803,0.17834,0.17351,0.17138,0.17184,0.16714,0.16192,0.16359,0.17606,0.18677,0.1916,0.19342,0.19471,0.19429,0.19309,0.19042,0.18911,0.18708,0.18614,0.18519,0.18369,0.18366,0.18254,0.18274,0.18226,0.18168,0.18133,0.18122,0.18108,0.18246,0.18131,0.18046
5RP 4/1,5RP,RP,4,1,0.08752,0.10322,0.11558,0.11711,0.115,0.11251,0.11002,0.10717,0.1062,0.10607,0.10428,0.10133,0.10011,0.099322,0.095256,0.091889,0.094733,0.10171,0.10664,0.10959,0.11302,0.11563,0.11631,0.11621,0.11678,0.1166,0.11647,0.11527,0.11384,0.11304,0.11304,0.11287,0.11289,0.11363,0.11493,0.11612,0.11657,0.11731,0.11752,0.11784,0.11757
5RP 3/1,5RP,RP,3,1,0.06822,0.072433,0.073744,0.071978,0.071711,0.069822,0.069456,0.068222,0.068089,0.066744,0.0657,0.063167,0.0624,0.060856,0.058844,0.058667,0.061233,0.064322,0.0649,0.065922,0.068756,0.071989,0.0732,0.073567,0.074311,0.073156,0.073867,0.073022,0.072789,0.071889,0.072978,0.072111,0.0724,0.073856,0.074833,0.076067,0.076611,0.077689,0.077856,0.078178,0.077911
5RP 2.5/1,5RP,RP,2.5,1,0.05306,0.055167,0.057044,0.056333,0.055422,0.0548,0.054444,0.052522,0.051778,0.051389,0.050056,0.049622,0.048144,0.047478,0.046089,0.045522,0.0449,0.044678,0.045022,0.048522,0.052911,0.056344,0.057344,0.056833,0.056656,0.056622,0.055989,0.055556,0.054378,0.054167,0.055233,0.055433,0.056544,0.057956,0.0588,0.059911,0.060522,0.060878,0.061633,0.061544,0.062178
5RP 9/2,5RP,RP,9,2,0.14954,0.22994,0.41887,0.62094,0.68987,0.69603,0.69457,0.69111,0.68946,0.68914,0.68338,0.67132,0.67098,0.67212,0.66247,0.64574,0.64704,0.66739,0.68382,0.69717,0.71811,0.73679,0.74664,0.75102,0.75162,0.75151,0.75068,0.75031,0.75107,0.74958,0.75272,0.75189,0.75289,0.75468,0.75659,0.75624,0.75869,0.75904,0.76141,0.76218,0.76347
5RP 8/2,5RP,RP,8,2,0.15236,0.23032,0.39373,0.51433,0.53327,0.52937,0.52554,0.5193,0.51741,0.51766,0.50981,0.49566,0.49173,0.49183,0.47921,0.46437,0.46701,0.49682,0.52289,0.53666,0.54791,0.55563,0.55797,0.55802,0.55639,0.55424,0.55259,0.55022,0.54896,0.54552,0.54417,0.54144,0.54254,0.541,0.53846,0.5394,0.53913,0.53561,0.53552,0.53499,0.53308
5RP 7/2,5RP,RP,7,2,0.12962,0.1988,0.31743,0.37887,0.38187,0.37551,0.37138,0.3651,0.36359,0.36396,0.35761,0.3448,0.34227,0.34297,0.33049,0.31573,0.32224,0.34554,0.3631,0.3765,0.3901,0.39812,0.40066,0.39897,0.3971,0.39592,0.39338,0.3917,0.39097,0.38999,0.38909,0.38703,0.38613,0.38471,0.38296,0.38348,0.38389,0.384,0.38514,0.38449,0.38134
5RP 6/2,5RP,RP,6,2,0.11738,0.1752,0.25083,0.27474,0.27053,0.26491,0.26147,0.25703,0.25618,0.25776,0.25018,0.23649,0.2326,0.23424,0.22231,0.21139,0.21677,0.2387,0.2516,0.26241,0.28009,0.29082,0.29252,0.29097,0.28771,0.28556,0.28304,0.28018,0.27797,0.27379,0.27162,0.26903,0.26763,0.2661,0.26351,0.26303,0.26291,0.26014,0.25913,0.25757,0.25497
5RP 5/2,5RP,RP,5,2,0.12018,0.15498,0.19246,0.20029,0.19591,0.18963,0.18626,0.18129,0.17821,0.1774,0.1734,0.16632,0.16431,0.16397,0.15558,0.14699,0.15018,0.1631,0.17379,0.1808,0.1915,0.1989,0.20161,0.20277,0.20198,0.20122,0.2001,0.19771,0.19487,0.19332,0.19218,0.19243,0.1936,0.1936,0.19233,0.19202,0.19273,0.19131,0.19047,0.1899,0.19023
5RP 4/2,5RP,RP,4,2,0.09432,0.11269,0.12546,0.12596,0.12353,0.12167,0.11959,0.11649,0.11333,0.11263,0.10786,0.10167,0.10018,0.099056,0.092878,0.089578,0.093289,0.10147,0.10662,0.11183,0.12202,0.13152,0.13511,0.13561,0.1346,0.13407,0.1329,0.13192,0.13064,0.1301,0.13191,0.13109,0.13072,0.13112,0.13162,0.13339,0.13389,0.13398,0.13441,0.13388,0.13342
5RP 3/2,5RP,RP,3,2,0.065,0.070444,0.074967,0.074956,0.074133,0.072644,0.070344,0.0675,0.065356,0.063867,0.061267,0.058233,0.058044,0.056233,0.053444,0.051778,0.053367,0.054244,0.052867,0.056689,0.0656,0.076189,0.082589,0.085689,0.086522,0.086989,0.085822,0.085011,0.083656,0.083078,0.085733,0.085378,0.085844,0.085811,0.088533,0.0895,0.0911,0.092056,0.092078,0.092622,0.092722
5RP 2.5/2,5RP,RP,2.5,2,0.05924,0.059122,0.058944,0.059889,0.057989,0.056022,0.054678,0.052644,0.049633,0.048444,0.046667,0.045811,0.045411,0.044144,0.043189,0.042133,0.042167,0.043022,0.044422,0.045444,0.045911,0.046433,0.048111,0.052211,0.063333,0.078178,0.090056,0.099111,0.10356,0.10774,0.11253,0.11744,0.12189,0.12539,0.12862,0.13212,0.13518,0.13819,0.14202,0.1442,0.14823
5RP 8/4,5RP,RP,8,4,0.14602,0.22436,0.39164,0.52422,0.54528,0.53854,0.53213,0.52363,0.5194,0.51806,0.50618,0.48433,0.47546,0.46809,0.44284,0.42037,0.4256,0.46,0.48752,0.51706,0.56368,0.60687,0.63054,0.64036,0.64369,0.64467,0.64317,0.64126,0.64128,0.64001,0.63953,0.63986,0.63872,0.63743,0.63721,0.63902,0.63656,0.6375,0.63441,0.63489,0.63396
5RP 7/4,5RP,RP,7,4,0.14038,0.21288,0.33614,0.39964,0.39847,0.38919,0.38291,0.37472,0.37178,0.37246,0.36084,0.3408,0.33441,0.32997,0.30679,0.28481,0.29157,0.3224,0.34193,0.36842,0.41353,0.44914,0.46367,0.46889,0.46953,0.46972,0.46733,0.46611,0.46432,0.46243,0.46146,0.45971,0.45938,0.45731,0.45677,0.45666,0.45714,0.45606,0.45669,0.45453,0.45518
5RP 6/4,5RP,RP,6,4,0.11928,0.16997,0.24204,0.27226,0.27647,0.27488,0.27202,0.26614,0.26013,0.25161,0.24258,0.23252,0.22808,0.22073,0.21572,0.21454,0.21457,0.21453,0.21511,0.23126,0.27618,0.32147,0.34117,0.34563,0.34381,0.34296,0.33879,0.33763,0.33489,0.33127,0.32962,0.32726,0.32552,0.32267,0.32074,0.31868,0.31702,0.31469,0.31366,0.31058,0.3091
5RP 5/4,5RP,RP,5,4,0.109,0.14687,0.19233,0.20172,0.1962,0.19118,0.18811,0.18223,0.17988,0.1796,0.17053,0.15862,0.15368,0.14866,0.1352,0.12488,0.12929,0.14356,0.15278,0.16562,0.19531,0.22253,0.238,0.24587,0.24643,0.24702,0.24646,0.24476,0.2435,0.2428,0.24138,0.24137,0.24233,0.24074,0.23978,0.2396,0.23927,0.2391,0.23977,0.23892,0.2382
5RP 4/4,5RP,RP,4,4,0.09614,0.11588,0.1315,0.13164,0.12744,0.12458,0.12151,0.11664,0.11457,0.11308,0.10686,0.098333,0.095067,0.090433,0.082789,0.077733,0.079989,0.087556,0.089889,0.0966,0.11578,0.14126,0.15962,0.16877,0.17253,0.17444,0.17436,0.17554,0.17464,0.17329,0.17451,0.17242,0.17266,0.17267,0.17248,0.17234,0.17252,0.17293,0.17411,0.17396,0.17373
5RP 3/4,5RP,RP,3,4,0.07042,0.077889,0.084444,0.085,0.0841,0.081311,0.076533,0.071244,0.067222,0.063133,0.057144,0.052544,0.051522,0.0487,0.045489,0.045044,0.045633,0.046011,0.045489,0.047622,0.055044,0.068489,0.087478,0.1058,0.11717,0.12452,0.12876,0.13201,0.13239,0.13076,0.13331,0.13547,0.13792,0.13906,0.1407,0.14343,0.14688,0.14847,0.15258,0.15494,0.15476
5RP 2.5/4,5RP,RP,2.5,4,0.0556,0.059689,0.063433,0.0629,0.061922,0.059967,0.058444,0.054989,0.052722,0.050356,0.047256,0.043711,0.042422,0.041056,0.039256,0.038289,0.0368,0.0364,0.037678,0.040189,0.044078,0.046689,0.054722,0.069022,0.086967,0.1015,0.11049,0.11529,0.11761,0.1186,0.12186,0.12409,0.1272,0.12992,0.13079,0.13199,0.13412,0.13628,0.1388,0.1412,0.14216
5RP 8/6,5RP,RP,8,6,0.14318,0.21767,0.38138,0.5133,0.53418,0.5274,0.52118,0.50997,0.50492,0.49848,0.4829,0.45746,0.44592,0.43469,0.39926,0.37642,0.38463,0.41522,0.43707,0.47098,0.54031,0.6217,0.6832,0.71996,0.7403,0.75502,0.758,0.76066,0.76059,0.75654,0.75966,0.7628,0.76869,0.76752,0.76824,0.77056,0.77444,0.77463,0.77624,0.78038,0.77236
5RP 7/6,5RP,RP,7,6,0.13006,0.19557,0.32626,0.40551,0.40673,0.39658,0.38914,0.37924,0.37443,0.37223,0.35662,0.33114,0.32182,0.31553,0.28888,0.2637,0.2679,0.29856,0.31636,0.34094,0.40524,0.47952,0.52818,0.5537,0.56277,0.56729,0.56748,0.56703,0.56682,0.56602,0.56514,0.56473,0.56431,0.56343,0.5621,0.56339,0.56289,0.56128,0.55994,0.56112,0.55736
5RP 6/6,5RP,RP,6,6,0.13444,0.19088,0.27562,0.30657,0.30129,0.29318,0.28822,0.27764,0.26872,0.2621,0.24896,0.23262,0.22512,0.21768,0.20569,0.19743,0.19796,0.20371,0.20181,0.21851,0.28714,0.36839,0.4108,0.42564,0.43046,0.43069,0.42996,0.42747,0.4244,0.42056,0.41988,0.41873,0.41807,0.41752,0.41751,0.4186,0.41932,0.41499,0.4133,0.41477,0.41067
5RP 5/6,5RP,RP,5,6,0.11354,0.15384,0.19712,0.20639,0.20091,0.19544,0.18988,0.18382,0.17892,0.17637,0.16527,0.14958,0.14327,0.13744,0.12258,0.10949,0.11382,0.1263,0.13097,0.14518,0.18412,0.23106,0.26486,0.28244,0.29112,0.29536,0.29722,0.29737,0.29662,0.29433,0.29348,0.2933,0.29102,0.29053,0.29172,0.29182,0.2927,0.29203,0.29231,0.29106,0.29014
5RP 4/6,5RP,RP,4,6,0.10332,0.12649,0.14822,0.14937,0.143,0.13768,0.13334,0.126,0.12144,0.11758,0.10951,0.097878,0.092656,0.0864,0.076922,0.072011,0.073567,0.0782,0.078889,0.084544,0.10547,0.14436,0.18388,0.21356,0.22767,0.23332,0.23541,0.23619,0.23608,0.23497,0.23602,0.23498,0.23601,0.23551,0.2366,0.23718,0.23744,0.23914,0.24091,0.24009,0.23808
5RP 3/6,5RP,RP,3,6,0.07392,0.083778,0.093744,0.093689,0.091478,0.0871,0.0815,0.0735,0.068122,0.063456,0.058011,0.053,0.049622,0.046989,0.045189,0.044478,0.044267,0.045533,0.044433,0.047011,0.051856,0.06,0.075589,0.10278,0.13706,0.16509,0.18342,0.19478,0.20321,0.20837,0.21508,0.22033,0.22553,0.23156,0.23526,0.24064,0.24562,0.24887,0.25249,0.25584,0.25718
5RP 7/8,5RP,RP,7,8,0.1419,0.21489,0.35661,0.43727,0.43901,0.42633,0.41629,0.40163,0.39268,0.38464,0.36464,0.33438,0.32111,0.30566,0.27294,0.24888,0.2525,0.27607,0.28943,0.31947,0.39457,0.49222,0.57812,0.63866,0.67318,0.69214,0.70233,0.70742,0.70993,0.70976,0.71359,0.71543,0.71684,0.72007,0.72088,0.72447,0.72614,0.72413,0.72612,0.72616,0.72746
5RP 6/8,5RP,RP,6,8,0.12476,0.1816,0.27559,0.31252,0.3066,0.2968,0.28868,0.27802,0.27237,0.26721,0.24952,0.22691,0.2155,0.20469,0.18036,0.16262,0.16393,0.18216,0.1893,0.21102,0.27086,0.35273,0.42017,0.46211,0.48383,0.49386,0.4973,0.49903,0.50057,0.49817,0.49691,0.49539,0.49667,0.49888,0.49972,0.50103,0.50097,0.50047,0.49979,0.4997,0.49732
5RP 5/8,5RP,RP,5,8,0.12156,0.16792,0.21907,0.22862,0.22014,0.2096,0.2027,0.19291,0.18627,0.18102,0.16897,0.15178,0.14361,0.13568,0.11893,0.1062,0.10723,0.11717,0.11939,0.13239,0.17054,0.2351,0.30441,0.35794,0.38908,0.40483,0.4109,0.41432,0.41546,0.41563,0.41578,0.41359,0.41401,0.41433,0.41431,0.41556,0.41452,0.41332,0.41329,0.41407,0.41388
5RP 4/8,5RP,RP,4,8,0.1023,0.12818,0.15366,0.15509,0.14892,0.14161,0.13488,0.12558,0.11838,0.11257,0.10269,0.091489,0.085944,0.079,0.069311,0.064167,0.064689,0.067122,0.066744,0.072211,0.091233,0.13152,0.18603,0.23957,0.27867,0.30247,0.31517,0.32172,0.32541,0.32598,0.32957,0.329,0.33193,0.33408,0.33686,0.33882,0.34034,0.3427,0.34471,0.34808,0.34937
5RP 6/10,5RP,RP,6,10,0.13036,0.19081,0.29133,0.3293,0.32257,0.31002,0.30016,0.286,0.27484,0.26739,0.2472,0.22039,0.20873,0.19727,0.17004,0.1507,0.15309,0.16732,0.1719,0.19106,0.25446,0.3503,0.4462,0.52163,0.57067,0.60018,0.61606,0.62569,0.62913,0.62956,0.62883,0.63032,0.63609,0.6429,0.64808,0.6511,0.65556,0.65694,0.66223,0.66523,0.66247
5RP 5/10,5RP,RP,5,10,0.12768,0.17331,0.23124,0.24408,0.23786,0.22756,0.2187,0.20432,0.19443,0.18431,0.16717,0.14854,0.13796,0.12761,0.11074,0.10132,0.1029,0.10902,0.10978,0.12018,0.16066,0.23254,0.32293,0.40333,0.46012,0.49896,0.52073,0.53457,0.54367,0.54802,0.55159,0.55534,0.55981,0.56373,0.56802,0.5732,0.57419,0.57613,0.57864,0.58312,0.58544
5RP 4/10,5RP,RP,4,10,0.10748,0.13379,0.16673,0.1712,0.16683,0.15844,0.14837,0.13506,0.12508,0.1147,0.10223,0.089611,0.0828,0.075667,0.065511,0.0604,0.061356,0.063289,0.0626,0.067011,0.084144,0.12456,0.18739,0.26337,0.33446,0.38719,0.42144,0.44326,0.45681,0.4628,0.46811,0.472,0.47841,0.4876,0.49419,0.49946,0.50526,0.50986,0.51417,0.51784,0.51887
5RP 5/12,5RP,RP,5,12,0.13812,0.17834,0.22238,0.2312,0.22833,0.22399,0.21969,0.21263,0.20129,0.18541,0.16794,0.14974,0.13687,0.12409,0.112,0.10463,0.1015,0.0978,0.095256,0.1025,0.13863,0.21988,0.32923,0.43559,0.51979,0.58062,0.61863,0.64243,0.65562,0.66332,0.66751,0.67082,0.68141,0.68864,0.69363,0.70121,0.70708,0.71073,0.71831,0.72179,0.72531
5RP 4/12,5RP,RP,4,12,0.1091,0.13913,0.17566,0.18392,0.18152,0.17068,0.15566,0.13838,0.12411,0.11113,0.097811,0.085967,0.079456,0.072156,0.063856,0.058533,0.059556,0.0609,0.060022,0.062667,0.077233,0.11036,0.1693,0.2531,0.34708,0.43513,0.50099,0.54604,0.57433,0.5908,0.59849,0.60733,0.62374,0.64124,0.65826,0.67184,0.68446,0.69232,0.69971,0.70799,0.7099
7.5RP 9/2,7.5RP,RP,9,2,0.14766,0.23173,0.42963,0.6387,0.70427,0.71042,0.71073,0.70599,0.70574,0.70787,0.69934,0.68217,0.67732,0.67729,0.66584,0.65186,0.65233,0.68304,0.71724,0.72944,0.72612,0.72749,0.74522,0.7694,0.78879,0.802,0.80852,0.81167,0.81302,0.80864,0.81164,0.81344,0.81389,0.81446,0.81523,0.81647,0.81974,0.81654,0.81739,0.81904,0.81898
7.5RP 8/2,7.5RP,RP,8,2,0.14974,0.22774,0.39453,0.51991,0.53967,0.535,0.53391,0.5266,0.52281,0.52184,0.51321,0.49784,0.49384,0.49387,0.48451,0.47598,0.48021,0.5059,0.52982,0.54567,0.56257,0.57261,0.57427,0.57322,0.5713,0.57066,0.56789,0.56631,0.56618,0.56371,0.56199,0.56003,0.56011,0.55938,0.55828,0.55722,0.55732,0.55624,0.55678,0.55676,0.55224
7.5RP 7/2,7.5RP,RP,7,2,0.153,0.22107,0.33821,0.39526,0.3975,0.39123,0.38808,0.38114,0.37787,0.37909,0.37138,0.35358,0.3464,0.34793,0.34089,0.33199,0.33694,0.36687,0.39509,0.40819,0.41762,0.4212,0.42098,0.41887,0.417,0.41557,0.41207,0.40957,0.4086,0.4055,0.40304,0.40102,0.39936,0.39749,0.39582,0.39617,0.39478,0.3918,0.39332,0.39106,0.38963
7.5RP 6/2,7.5RP,RP,6,2,0.11872,0.17117,0.24353,0.26954,0.26778,0.26458,0.26228,0.25946,0.25791,0.25773,0.25213,0.24123,0.23858,0.24,0.23057,0.22242,0.22823,0.248,0.26086,0.26941,0.28481,0.29299,0.29472,0.29551,0.2947,0.29262,0.29264,0.2911,0.29121,0.28709,0.28663,0.28649,0.28632,0.2849,0.28464,0.28447,0.28564,0.28516,0.28553,0.28429,0.28571
7.5RP 5/2,7.5RP,RP,5,2,0.10192,0.13411,0.16914,0.17687,0.17213,0.1702,0.1701,0.1683,0.16714,0.16864,0.16541,0.1561,0.15367,0.15279,0.14573,0.14129,0.14517,0.15723,0.16388,0.17196,0.18913,0.19776,0.20049,0.20087,0.19978,0.19946,0.19764,0.19533,0.1956,0.19386,0.19469,0.19414,0.19446,0.19601,0.1965,0.19687,0.19611,0.19752,0.19626,0.19588,0.19677
7.5RP 4/2,7.5RP,RP,4,2,0.08788,0.10353,0.11381,0.11429,0.11134,0.10949,0.10824,0.1066,0.1055,0.10502,0.10177,0.095867,0.093211,0.091333,0.088022,0.086744,0.088489,0.096367,0.099111,0.10677,0.12077,0.13057,0.13313,0.13177,0.13132,0.13134,0.13076,0.12969,0.12917,0.12861,0.12928,0.12816,0.12762,0.12856,0.12832,0.12931,0.12992,0.1309,0.13098,0.13091,0.13056
7.5RP 3/2,7.5RP,RP,3,2,0.06568,0.068922,0.071044,0.069233,0.068244,0.067967,0.0674,0.0662,0.0644,0.0612,0.058178,0.054778,0.053956,0.053122,0.051511,0.0511,0.051944,0.051878,0.052078,0.0575,0.067333,0.079344,0.0869,0.089078,0.087867,0.087478,0.086967,0.0855,0.084256,0.083022,0.082956,0.083189,0.084389,0.084433,0.084256,0.084833,0.085789,0.086456,0.087,0.0876,0.088489
7.5RP 2.5/2,7.5RP,RP,2.5,2,0.05898,0.058689,0.058567,0.058067,0.057289,0.056189,0.054422,0.052711,0.050944,0.05,0.048267,0.045644,0.0442,0.043689,0.042544,0.042633,0.042622,0.043778,0.043933,0.045611,0.048689,0.053789,0.0594,0.064522,0.068589,0.070378,0.071933,0.073578,0.073511,0.074511,0.075167,0.075822,0.077511,0.079389,0.082156,0.084133,0.087133,0.087789,0.0891,0.091256,0.091811
7.5RP 8/4,7.5RP,RP,8,4,0.13958,0.21586,0.38208,0.50803,0.52588,0.52004,0.51683,0.50848,0.50472,0.504,0.49062,0.46976,0.46142,0.45879,0.44304,0.4285,0.43433,0.46424,0.48917,0.51859,0.5871,0.63961,0.66062,0.66627,0.66606,0.66572,0.66466,0.66483,0.66368,0.66278,0.66194,0.66051,0.66024,0.65956,0.66196,0.66193,0.66069,0.66106,0.65941,0.66013,0.66051
7.5RP 7/4,7.5RP,RP,7,4,0.12798,0.19931,0.32187,0.38634,0.38881,0.38078,0.37652,0.3695,0.36677,0.36719,0.35508,0.33687,0.33066,0.32798,0.31476,0.30331,0.30771,0.33453,0.35494,0.37947,0.43246,0.47193,0.48508,0.48614,0.48314,0.48076,0.4777,0.4765,0.47573,0.47343,0.47178,0.47066,0.47017,0.46992,0.46754,0.46873,0.46854,0.46538,0.46267,0.46002,0.45927
7.5RP 6/4,7.5RP,RP,6,4,0.1193,0.17174,0.24096,0.26203,0.25763,0.25188,0.24939,0.24511,0.24433,0.24312,0.23586,0.22126,0.21549,0.21272,0.20186,0.19259,0.19529,0.21384,0.22487,0.24243,0.2882,0.32207,0.33301,0.33548,0.33413,0.33211,0.33138,0.33053,0.32959,0.32943,0.32986,0.32764,0.32736,0.3271,0.32941,0.32973,0.3292,0.32771,0.32684,0.32704,0.32371
7.5RP 5/4,7.5RP,RP,5,4,0.1169,0.15398,0.18699,0.19132,0.18517,0.17968,0.17732,0.17281,0.16977,0.16799,0.16147,0.15008,0.14558,0.14316,0.13552,0.13061,0.13263,0.1436,0.15157,0.16256,0.20057,0.23619,0.25019,0.25339,0.25301,0.25278,0.25026,0.24834,0.24666,0.24422,0.24537,0.24331,0.24344,0.24196,0.24133,0.24009,0.23917,0.2374,0.23678,0.23796,0.23589
7.5RP 4/4,7.5RP,RP,4,4,0.09112,0.10562,0.1183,0.1188,0.11483,0.11273,0.11249,0.1101,0.10764,0.10513,0.099911,0.091856,0.089056,0.087111,0.083256,0.080578,0.082411,0.085244,0.085122,0.088789,0.11537,0.15194,0.1714,0.17686,0.17727,0.17694,0.17531,0.17393,0.17293,0.17214,0.17289,0.17262,0.17283,0.17351,0.17372,0.17394,0.17303,0.17158,0.1735,0.1733,0.17353
7.5RP 3/4,7.5RP,RP,3,4,0.06736,0.069633,0.074233,0.072689,0.071656,0.069989,0.068033,0.066922,0.060089,0.057756,0.053756,0.050578,0.049078,0.046211,0.044267,0.044978,0.045367,0.046544,0.047111,0.049133,0.054867,0.066156,0.083578,0.10404,0.12146,0.13052,0.13622,0.13869,0.13966,0.14064,0.14197,0.14359,0.14717,0.15008,0.15439,0.15792,0.1623,0.16616,0.16896,0.17128,0.17346
7.5RP 2.5/4,7.5RP,RP,2.5,4,0.05716,0.058633,0.062556,0.061567,0.060844,0.0568,0.052633,0.048378,0.046156,0.045589,0.043911,0.042022,0.040944,0.040189,0.039322,0.038156,0.039422,0.039689,0.039411,0.041244,0.042344,0.043178,0.045011,0.051744,0.074233,0.10493,0.13207,0.15254,0.16723,0.17839,0.18911,0.19568,0.2046,0.2113,0.21701,0.22336,0.2284,0.23268,0.23741,0.24326,0.24714
7.5RP 8/6,7.5RP,RP,8,6,0.12908,0.20228,0.36196,0.48447,0.50299,0.49763,0.49596,0.48977,0.48562,0.48244,0.46533,0.44009,0.42822,0.42093,0.40316,0.39022,0.39547,0.41578,0.42487,0.45892,0.55973,0.66636,0.73014,0.75896,0.77139,0.77582,0.77782,0.78048,0.78094,0.77981,0.7825,0.7814,0.78358,0.78332,0.78433,0.7856,0.78768,0.78799,0.79,0.7929,0.79008
7.5RP 7/6,7.5RP,RP,7,6,0.12968,0.19801,0.32027,0.38349,0.38242,0.37442,0.37096,0.36464,0.36101,0.35828,0.34338,0.31966,0.3104,0.30494,0.28851,0.27598,0.28134,0.30187,0.31168,0.33641,0.42332,0.51487,0.55621,0.57133,0.57543,0.57484,0.57412,0.57442,0.57237,0.5715,0.57088,0.56853,0.5696,0.56917,0.5685,0.56842,0.56724,0.56773,0.56556,0.56671,0.56251
7.5RP 6/6,7.5RP,RP,6,6,0.12134,0.17556,0.24753,0.26922,0.26368,0.25822,0.25624,0.25014,0.24726,0.24417,0.23211,0.21337,0.20523,0.20057,0.18753,0.1798,0.18284,0.1956,0.20088,0.21979,0.28992,0.3658,0.40177,0.41276,0.41511,0.41521,0.41482,0.4145,0.4139,0.41173,0.41172,0.41044,0.40927,0.40938,0.40869,0.40826,0.41008,0.40694,0.4077,0.40668,0.40329
7.5RP 5/6,7.5RP,RP,5,6,0.11374,0.14961,0.18582,0.18954,0.18193,0.17738,0.17477,0.1703,0.16681,0.16382,0.1558,0.14309,0.13636,0.13048,0.12157,0.11661,0.1173,0.1228,0.12519,0.13774,0.19101,0.26011,0.29676,0.30888,0.31241,0.313,0.31162,0.30939,0.30857,0.30702,0.30512,0.3031,0.30373,0.30286,0.30239,0.30271,0.30198,0.30016,0.3,0.2988,0.29934
7.5RP 4/6,7.5RP,RP,4,6,0.09572,0.10793,0.11916,0.11873,0.11473,0.11293,0.11286,0.10946,0.10596,0.10014,0.092622,0.084356,0.080433,0.0768,0.072544,0.071433,0.071356,0.070744,0.070389,0.075856,0.10391,0.15279,0.19442,0.21488,0.2215,0.22322,0.22326,0.22208,0.22079,0.21917,0.21906,0.21891,0.2192,0.21836,0.21883,0.21784,0.2179,0.21806,0.21837,0.21822,0.21731
7.5RP 3/6,7.5RP,RP,3,6,0.06658,0.073656,0.081867,0.079944,0.077033,0.073467,0.0691,0.063878,0.060789,0.057778,0.053089,0.048422,0.046644,0.043856,0.040622,0.039433,0.039744,0.041278,0.041756,0.0434,0.050411,0.065589,0.092056,0.12401,0.14829,0.16598,0.17651,0.18383,0.1883,0.19092,0.19284,0.19436,0.19927,0.20496,0.21017,0.21627,0.21882,0.22253,0.22572,0.22796,0.23336
7.5RP 7/8,7.5RP,RP,7,8,0.13882,0.20559,0.32046,0.37494,0.37166,0.36119,0.35818,0.34927,0.34413,0.34139,0.32702,0.3049,0.29324,0.28523,0.26798,0.2564,0.25669,0.26976,0.27748,0.30116,0.40003,0.53349,0.62884,0.68002,0.69957,0.70841,0.71097,0.71334,0.71312,0.71247,0.71554,0.71739,0.71989,0.72081,0.72082,0.72223,0.72244,0.72327,0.72403,0.72604,0.72239
7.5RP 6/8,7.5RP,RP,6,8,0.1348,0.18968,0.25857,0.27942,0.2704,0.2621,0.25759,0.25326,0.24854,0.24556,0.23309,0.21488,0.20541,0.19763,0.18479,0.17561,0.17542,0.18383,0.18698,0.2021,0.28,0.39384,0.4723,0.5067,0.51877,0.52337,0.52329,0.52161,0.52004,0.5202,0.52011,0.51816,0.5156,0.51649,0.51418,0.51289,0.51428,0.51252,0.51371,0.5122,0.51217
7.5RP 5/8,7.5RP,RP,5,8,0.1041,0.13898,0.17418,0.17843,0.17327,0.16967,0.16913,0.16611,0.16133,0.15483,0.14403,0.13007,0.12182,0.11499,0.10666,0.10357,0.10291,0.10361,0.10139,0.11076,0.16628,0.25721,0.32413,0.35446,0.36506,0.36872,0.36847,0.36796,0.36519,0.36347,0.36337,0.36366,0.36346,0.3641,0.36459,0.36617,0.3654,0.36419,0.36396,0.36433,0.36348
7.5RP 4/8,7.5RP,RP,4,8,0.08644,0.10813,0.12627,0.12821,0.12277,0.11746,0.11269,0.10669,0.10191,0.096422,0.0881,0.077978,0.074144,0.069578,0.060633,0.0573,0.058822,0.062289,0.060778,0.067544,0.0939,0.145,0.2011,0.24512,0.27126,0.2846,0.29237,0.29438,0.29643,0.29718,0.30003,0.30141,0.30398,0.30669,0.30818,0.30908,0.31143,0.31289,0.31497,0.31526,0.31766
7.5RP 6/10,7.5RP,RP,6,10,0.14108,0.19402,0.26432,0.2803,0.27376,0.26641,0.26323,0.25838,0.25213,0.24463,0.22801,0.20941,0.1959,0.18589,0.17251,0.16518,0.16477,0.16668,0.16301,0.17428,0.25093,0.38493,0.50871,0.58808,0.62591,0.64168,0.6455,0.64813,0.64948,0.64844,0.64808,0.64806,0.64808,0.64882,0.64734,0.64658,0.64942,0.64811,0.64793,0.64966,0.64607
7.5RP 5/10,7.5RP,RP,5,10,0.116,0.1505,0.18417,0.18771,0.18323,0.18076,0.18077,0.1788,0.17232,0.16082,0.14703,0.13167,0.12049,0.1099,0.10063,0.097989,0.094578,0.0914,0.088444,0.098922,0.15314,0.26208,0.37519,0.4494,0.48091,0.49514,0.49894,0.49997,0.5009,0.4998,0.50111,0.50073,0.5008,0.50089,0.50059,0.50019,0.5014,0.50164,0.50367,0.50132,0.50227
7.5RP 4/10,7.5RP,RP,4,10,0.09614,0.11352,0.12688,0.12654,0.12298,0.12062,0.11736,0.11259,0.10547,0.097633,0.085933,0.0774,0.071289,0.064656,0.059189,0.054744,0.054911,0.053578,0.054667,0.060667,0.081133,0.12968,0.20527,0.28579,0.35236,0.39461,0.41767,0.43163,0.43972,0.44406,0.44783,0.45093,0.45622,0.46093,0.46481,0.46857,0.473,0.47537,0.47842,0.4822,0.48491
7.5RP 5/12,7.5RP,RP,5,12,0.11374,0.14511,0.17234,0.17649,0.176,0.17499,0.17707,0.17276,0.16367,0.15057,0.13592,0.12377,0.11297,0.10236,0.093389,0.089989,0.086178,0.082333,0.079722,0.086622,0.12,0.20396,0.32447,0.44118,0.53412,0.59529,0.63003,0.6519,0.66533,0.67399,0.67943,0.68463,0.69661,0.70712,0.71376,0.72249,0.7291,0.73302,0.73619,0.74111,0.74023
7.5RP 4/12,7.5RP,RP,4,12,0.09518,0.11457,0.13518,0.13668,0.13462,0.12889,0.12032,0.10948,0.10034,0.091189,0.081278,0.072033,0.067289,0.061589,0.056178,0.051756,0.051844,0.052267,0.052111,0.056811,0.069044,0.10177,0.1606,0.24566,0.34318,0.43398,0.50078,0.5439,0.57322,0.58971,0.59817,0.60543,0.62074,0.63714,0.65123,0.66543,0.67674,0.68119,0.69082,0.69898,0.70079
10RP 9/1,10RP,RP,9,1,0.1545,0.23717,0.43106,0.63191,0.69693,0.70277,0.70457,0.70119,0.69998,0.69953,0.69421,0.68639,0.68618,0.68706,0.68247,0.67768,0.68281,0.70154,0.72034,0.72757,0.72988,0.73021,0.73009,0.72949,0.72734,0.72583,0.72377,0.72384,0.72224,0.7212,0.72026,0.7164,0.71551,0.71529,0.71406,0.71499,0.71531,0.7125,0.71254,0.71501,0.7101
10RP 8/1,10RP,RP,8,1,0.14592,0.2213,0.38227,0.50411,0.52536,0.52203,0.5199,0.51446,0.51326,0.51606,0.51037,0.49869,0.49709,0.49912,0.49066,0.47923,0.48154,0.5097,0.53328,0.53796,0.53811,0.53654,0.53461,0.53351,0.53092,0.53014,0.52771,0.52461,0.52304,0.52163,0.52014,0.5183,0.51837,0.5179,0.51508,0.51479,0.51532,0.51244,0.5102,0.50987,0.50872
10RP 7/1,10RP,RP,7,1,0.13772,0.20731,0.32077,0.37689,0.37996,0.37524,0.37439,0.37047,0.36924,0.3704,0.36668,0.35737,0.35567,0.35764,0.35058,0.34109,0.34514,0.36768,0.38862,0.39441,0.39558,0.39401,0.39264,0.39127,0.38917,0.38842,0.3867,0.38437,0.38353,0.38098,0.3798,0.37878,0.37893,0.37861,0.37656,0.37721,0.37702,0.37519,0.37494,0.37527,0.37304
10RP 6/1,10RP,RP,6,1,0.12446,0.17684,0.24923,0.27569,0.27554,0.27084,0.26944,0.26549,0.26414,0.26492,0.26154,0.25311,0.25203,0.25349,0.24758,0.24017,0.24494,0.26267,0.27666,0.28169,0.285,0.28503,0.28337,0.28244,0.2801,0.27911,0.27781,0.27637,0.2757,0.27459,0.2744,0.27327,0.27196,0.27166,0.27151,0.2721,0.27202,0.27069,0.27171,0.27128,0.2698
10RP 5/1,10RP,RP,5,1,0.11656,0.15054,0.18568,0.19276,0.1898,0.18598,0.18374,0.18003,0.17737,0.17722,0.17314,0.1674,0.16591,0.16717,0.16301,0.15848,0.16189,0.17629,0.18893,0.19277,0.19428,0.19466,0.19346,0.19188,0.19046,0.18887,0.18774,0.18673,0.18557,0.18452,0.18429,0.18362,0.1831,0.18258,0.18264,0.18296,0.18198,0.18226,0.18144,0.18137,0.18088
10RP 4/1,10RP,RP,4,1,0.08952,0.10387,0.11501,0.11611,0.11391,0.111,0.10923,0.10739,0.106,0.10561,0.10324,0.099911,0.098778,0.098978,0.096278,0.094022,0.097111,0.10534,0.11094,0.11442,0.11854,0.12013,0.1196,0.11913,0.11881,0.11832,0.11768,0.11727,0.11609,0.11551,0.11534,0.11503,0.1149,0.11614,0.11647,0.1176,0.11793,0.11851,0.11771,0.11867,0.11766
10RP 3/1,10RP,RP,3,1,0.0686,0.072367,0.074656,0.074022,0.072489,0.072022,0.070922,0.0696,0.068778,0.067344,0.0683,0.0632,0.062944,0.062156,0.060944,0.061389,0.062578,0.063811,0.0641,0.0666,0.073622,0.078811,0.079111,0.078311,0.076778,0.0765,0.076089,0.075189,0.075311,0.074444,0.074633,0.075389,0.075833,0.076444,0.0759,0.0767,0.077922,0.0792,0.0795,0.080689,0.080756
10RP 2.5/1,10RP,RP,2.5,1,0.0519,0.051056,0.051311,0.051411,0.050611,0.050478,0.050122,0.048822,0.046956,0.046244,0.045522,0.043544,0.044189,0.043933,0.043544,0.043344,0.043367,0.044167,0.0447,0.048289,0.052622,0.055567,0.056022,0.055656,0.055789,0.054944,0.054367,0.053722,0.053133,0.052156,0.052989,0.053267,0.054622,0.054878,0.056333,0.057567,0.058656,0.058889,0.060267,0.061467,0.061811
10RP 9/2,10RP,RP,9,2,0.15692,0.24096,0.43537,0.63444,0.70173,0.70828,0.70962,0.70644,0.70393,0.70128,0.69309,0.68306,0.67919,0.67722,0.67201,0.67092,0.67736,0.69394,0.71029,0.72439,0.74389,0.75577,0.75906,0.76036,0.76127,0.76468,0.76543,0.76989,0.77106,0.76921,0.76982,0.77049,0.77346,0.77552,0.77988,0.78337,0.78639,0.78967,0.7921,0.78918,0.79034
10RP 8/2,10RP,RP,8,2,0.14522,0.22458,0.38813,0.50313,0.52071,0.51843,0.51544,0.50944,0.50562,0.50479,0.49777,0.48543,0.48227,0.48378,0.47839,0.47143,0.47837,0.50886,0.53844,0.54992,0.5533,0.55401,0.55441,0.55339,0.55167,0.55136,0.54942,0.54802,0.54712,0.54597,0.54434,0.54286,0.54228,0.54208,0.54136,0.54243,0.54112,0.54016,0.5378,0.539,0.53629
10RP 7/2,10RP,RP,7,2,0.13512,0.20223,0.31482,0.36566,0.36127,0.35268,0.34862,0.3412,0.33868,0.33902,0.3282,0.30981,0.3034,0.3042,0.29079,0.27821,0.28512,0.32274,0.35558,0.38282,0.43027,0.4602,0.46852,0.46913,0.46864,0.46721,0.4649,0.46398,0.46408,0.46276,0.46117,0.45917,0.45779,0.45661,0.45586,0.45668,0.45559,0.45359,0.45139,0.45062,0.44849
10RP 6/2,10RP,RP,6,2,0.12466,0.17647,0.24806,0.27002,0.26577,0.2592,0.25619,0.25024,0.2486,0.25077,0.24543,0.23496,0.2325,0.23447,0.22529,0.21364,0.21947,0.24896,0.27539,0.28701,0.29359,0.29732,0.29828,0.29759,0.296,0.29429,0.29259,0.2919,0.28966,0.28774,0.28618,0.28536,0.28368,0.28382,0.28342,0.28236,0.28268,0.28006,0.28036,0.27906,0.27552
10RP 5/2,10RP,RP,5,2,0.10258,0.13802,0.17224,0.18044,0.17603,0.17302,0.17266,0.16932,0.1681,0.17018,0.16608,0.15799,0.15641,0.15591,0.14929,0.14358,0.14793,0.16244,0.17252,0.18071,0.19449,0.20227,0.20302,0.20261,0.20184,0.20108,0.2012,0.20012,0.19961,0.19873,0.19909,0.19701,0.19746,0.19807,0.19759,0.19871,0.19971,0.20009,0.19883,0.19872,0.19881
10RP 4/2,10RP,RP,4,2,0.0932,0.10732,0.11789,0.11763,0.11329,0.11083,0.10976,0.10746,0.10622,0.10482,0.10198,0.096656,0.095056,0.093456,0.089967,0.089333,0.092244,0.10164,0.10546,0.10846,0.12468,0.13799,0.14193,0.14222,0.14026,0.13994,0.13877,0.13669,0.13487,0.1343,0.13451,0.13382,0.1336,0.13483,0.13483,0.13563,0.13703,0.13549,0.1359,0.13651,0.13497
10RP 3/2,10RP,RP,3,2,0.06258,0.064911,0.066367,0.065,0.064344,0.064544,0.064522,0.063356,0.061889,0.058767,0.056589,0.054467,0.052778,0.051844,0.051978,0.052478,0.053,0.053867,0.055233,0.060356,0.070089,0.081722,0.088078,0.088489,0.086778,0.085889,0.084189,0.083489,0.082556,0.082378,0.083644,0.083244,0.083544,0.084456,0.084978,0.085644,0.0867,0.086178,0.086822,0.086289,0.087622
10RP 2.5/2,10RP,RP,2.5,2,0.05592,0.0545,0.054467,0.053222,0.053244,0.053144,0.051456,0.048856,0.047133,0.046356,0.045389,0.043433,0.042933,0.041533,0.041111,0.041667,0.0421,0.0436,0.043433,0.046133,0.050756,0.056411,0.064244,0.0722,0.077722,0.081722,0.083833,0.085322,0.086656,0.088578,0.091989,0.093533,0.094522,0.098667,0.10243,0.10511,0.10833,0.11049,0.11388,0.11667,0.11697
10RP 8/4,10RP,RP,8,4,0.14836,0.22487,0.3827,0.49056,0.49999,0.49082,0.48559,0.47704,0.47233,0.47214,0.4606,0.4408,0.4339,0.43457,0.42128,0.40777,0.41641,0.46384,0.51382,0.5465,0.60191,0.63959,0.65246,0.65482,0.65571,0.6544,0.65282,0.65248,0.65091,0.65048,0.64811,0.64784,0.64837,0.6494,0.64831,0.6491,0.6491,0.64677,0.64678,0.64696,0.6442
10RP 7/4,10RP,RP,7,4,0.13512,0.20223,0.31482,0.36566,0.36127,0.35268,0.34862,0.3412,0.33868,0.33902,0.3282,0.30981,0.3034,0.3042,0.29079,0.27821,0.28512,0.32274,0.35558,0.38282,0.43027,0.4602,0.46852,0.46913,0.46864,0.46721,0.4649,0.46398,0.46408,0.46276,0.46117,0.45917,0.45779,0.45661,0.45586,0.45668,0.45559,0.45359,0.45139,0.45062,0.44849
10RP 6/4,10RP,RP,6,4,0.12628,0.17933,0.24908,0.26732,0.25946,0.25134,0.24719,0.24144,0.23846,0.2403,0.23184,0.21607,0.21124,0.21226,0.19778,0.18304,0.1913,0.2258,0.25499,0.27622,0.30744,0.33347,0.34508,0.34867,0.34929,0.34801,0.34614,0.34533,0.34536,0.34397,0.34302,0.34014,0.3386,0.33723,0.33692,0.33588,0.3351,0.33433,0.33394,0.33249,0.33227
10RP 5/4,10RP,RP,5,4,0.11064,0.14392,0.17398,0.1777,0.17074,0.16571,0.1633,0.15926,0.15854,0.15803,0.15157,0.14102,0.13767,0.13609,0.12923,0.12394,0.12781,0.14234,0.1535,0.16849,0.2056,0.2365,0.24712,0.24962,0.24859,0.24736,0.24536,0.24401,0.24369,0.24251,0.24241,0.2422,0.24149,0.2412,0.24122,0.24047,0.23952,0.23917,0.23904,0.23857,0.23807
10RP 4/4,10RP,RP,4,4,0.0897,0.10409,0.11209,0.11164,0.10614,0.10321,0.10206,0.099367,0.098578,0.096667,0.091967,0.0869,0.0842,0.081922,0.078556,0.076789,0.079033,0.083667,0.085022,0.092733,0.12061,0.15319,0.16872,0.17313,0.1733,0.17162,0.1709,0.17039,0.16913,0.16884,0.16906,0.16814,0.16924,0.16888,0.16886,0.16837,0.16927,0.16888,0.16749,0.16849,0.16762
10RP 3/4,10RP,RP,3,4,0.06298,0.065867,0.0655,0.0649,0.063589,0.0627,0.062122,0.0602,0.057067,0.054133,0.052233,0.049578,0.049389,0.048211,0.048256,0.048211,0.047867,0.048478,0.051078,0.056022,0.061811,0.066667,0.074122,0.090644,0.11498,0.14123,0.16161,0.17568,0.18483,0.19134,0.19682,0.19926,0.20351,0.20816,0.21196,0.21692,0.22083,0.22332,0.22666,0.22983,0.23193
10RP 2.5/4,10RP,RP,2.5,4,0.06254,0.063611,0.065444,0.065056,0.0641,0.062411,0.060867,0.057478,0.054178,0.051933,0.048833,0.045889,0.044367,0.042578,0.040878,0.040678,0.041333,0.042022,0.0423,0.044022,0.049556,0.061,0.079056,0.097111,0.10911,0.11634,0.12082,0.12319,0.12498,0.12682,0.1286,0.13109,0.13423,0.13709,0.14013,0.14273,0.14464,0.14694,0.1501,0.15292,0.15593
10RP 8/6,10RP,RP,8,6,0.13056,0.20426,0.36054,0.46758,0.47652,0.46784,0.46413,0.45579,0.45302,0.45282,0.43916,0.41398,0.4062,0.40442,0.38638,0.36958,0.37847,0.41608,0.44114,0.47554,0.57547,0.67652,0.73336,0.75661,0.76446,0.76846,0.76901,0.76987,0.77022,0.76988,0.76978,0.77104,0.77312,0.77373,0.77463,0.77774,0.77844,0.78008,0.78231,0.78281,0.7793
10RP 7/6,10RP,RP,7,6,0.1316,0.19861,0.30768,0.35304,0.34507,0.33678,0.33177,0.32462,0.3221,0.32184,0.31011,0.28984,0.28189,0.27999,0.26551,0.25173,0.25782,0.29122,0.32184,0.35693,0.44024,0.51423,0.54514,0.55669,0.55794,0.55898,0.55858,0.55901,0.55972,0.55882,0.55573,0.54911,0.54892,0.54857,0.54841,0.5497,0.54872,0.54791,0.54637,0.54529,0.54213
10RP 6/6,10RP,RP,6,6,0.12332,0.17468,0.24209,0.25918,0.24903,0.24061,0.23361,0.2254,0.2227,0.22363,0.21448,0.19653,0.19254,0.19262,0.17732,0.16208,0.16857,0.20154,0.23027,0.25729,0.31057,0.36818,0.40251,0.42027,0.42677,0.43046,0.43117,0.42998,0.42966,0.42773,0.42731,0.42632,0.42372,0.42291,0.42106,0.42084,0.41856,0.4174,0.41552,0.41643,0.41481
10RP 5/6,10RP,RP,5,6,0.10724,0.13043,0.15272,0.1527,0.14668,0.14261,0.1427,0.1408,0.13801,0.14014,0.13468,0.13029,0.12333,0.11898,0.11127,0.10711,0.11217,0.12276,0.12912,0.14393,0.19767,0.26052,0.29144,0.30073,0.3026,0.30388,0.30396,0.30086,0.29923,0.29763,0.29752,0.29707,0.29709,0.29672,0.29653,0.29683,0.29649,0.29457,0.29437,0.29336,0.29201
10RP 4/6,10RP,RP,4,6,0.09082,0.10379,0.11142,0.10883,0.10412,0.10153,0.10053,0.098567,0.096922,0.0938,0.088233,0.082222,0.079078,0.075844,0.072011,0.071189,0.072156,0.075067,0.0745,0.080278,0.11027,0.16339,0.20376,0.22084,0.22633,0.22762,0.22647,0.2254,0.2249,0.22288,0.22238,0.22229,0.22266,0.22264,0.22149,0.22189,0.22181,0.223,0.22338,0.2227,0.22298
10RP 3/6,10RP,RP,3,6,0.058,0.0612,0.062933,0.061267,0.060267,0.059656,0.057322,0.054844,0.051222,0.048,0.045022,0.043544,0.042433,0.041644,0.040922,0.040822,0.041189,0.040744,0.043178,0.047378,0.051033,0.052833,0.057389,0.071644,0.10541,0.15862,0.22317,0.28982,0.35131,0.4021,0.44526,0.47707,0.50287,0.52627,0.54764,0.56823,0.58911,0.61407,0.6327,0.64644,0.65489
10RP 7/8,10RP,RP,7,8,0.13356,0.20048,0.30757,0.35188,0.34314,0.33378,0.32826,0.31884,0.31182,0.31143,0.29781,0.27592,0.26767,0.26414,0.24908,0.23616,0.24122,0.26892,0.29059,0.32529,0.42752,0.54812,0.62238,0.65652,0.66977,0.67491,0.6765,0.67878,0.67734,0.67608,0.67829,0.67798,0.67538,0.67866,0.68089,0.68234,0.68322,0.68239,0.68496,0.68822,0.68788
10RP 6/8,10RP,RP,6,8,0.12436,0.17671,0.24188,0.25704,0.24627,0.23509,0.22988,0.22049,0.21724,0.21857,0.2077,0.1893,0.18423,0.18321,0.16542,0.14943,0.15419,0.1838,0.20757,0.23497,0.29926,0.38597,0.4544,0.49223,0.51158,0.51882,0.52132,0.52281,0.52277,0.52347,0.5248,0.52447,0.5257,0.52634,0.52594,0.52592,0.52563,0.52426,0.52282,0.52361,0.52391
10RP 5/8,10RP,RP,5,8,0.10604,0.13729,0.16381,0.16463,0.159,0.15396,0.15212,0.14791,0.14487,0.14108,0.13253,0.12151,0.11624,0.11152,0.10477,0.10183,0.10336,0.10771,0.1096,0.1208,0.17434,0.26479,0.33723,0.37227,0.38508,0.38921,0.38934,0.3892,0.38774,0.38599,0.38626,0.38484,0.38488,0.38419,0.38354,0.38538,0.38452,0.38393,0.38408,0.38339,0.38318
10RP 4/8,10RP,RP,4,8,0.08742,0.10096,0.10576,0.10387,0.10006,0.098156,0.097633,0.095789,0.090978,0.086767,0.079733,0.072422,0.068489,0.063833,0.061111,0.059356,0.059122,0.058067,0.058267,0.065833,0.093156,0.15508,0.22674,0.26933,0.28739,0.29283,0.2931,0.29261,0.29189,0.29162,0.29199,0.29146,0.29261,0.29276,0.29367,0.29371,0.2936,0.29228,0.29344,0.29224,0.29101
10RP 6/10,10RP,RP,6,10,0.11286,0.16362,0.22732,0.24369,0.23373,0.22466,0.21931,0.2115,0.20908,0.2105,0.19939,0.17969,0.1738,0.16919,0.14856,0.13338,0.13854,0.16126,0.17361,0.20317,0.28072,0.3867,0.48339,0.55212,0.59049,0.614,0.62583,0.6341,0.64078,0.64272,0.64493,0.64859,0.65469,0.66132,0.66528,0.66829,0.67318,0.67957,0.68081,0.68429,0.68913
10RP 5/10,10RP,RP,5,10,0.11238,0.14152,0.16232,0.16134,0.15582,0.15051,0.1475,0.14456,0.13973,0.13593,0.12733,0.11673,0.11143,0.10559,0.099422,0.096478,0.096244,0.098122,0.096578,0.10213,0.14223,0.23644,0.34924,0.43454,0.48277,0.50433,0.51337,0.515,0.51566,0.51661,0.51603,0.5158,0.51543,0.51508,0.51559,0.51576,0.5177,0.51566,0.51628,0.51767,0.51557
10RP 4/10,10RP,RP,4,10,0.08916,0.1036,0.11448,0.11146,0.10578,0.10038,0.095256,0.089878,0.085711,0.081878,0.075344,0.0697,0.067378,0.062911,0.057056,0.055578,0.057844,0.0602,0.058967,0.062811,0.075289,0.10861,0.16879,0.25597,0.34879,0.42652,0.47984,0.51519,0.53766,0.54578,0.54194,0.546,0.56681,0.58913,0.60824,0.62633,0.64051,0.64891,0.65898,0.66631,0.67193
10RP 5/12,10RP,RP,5,12,0.11852,0.1474,0.1684,0.16646,0.15931,0.15452,0.15349,0.14901,0.14419,0.13798,0.12774,0.11656,0.10898,0.10232,0.094656,0.092956,0.092444,0.090744,0.088256,0.095844,0.14002,0.24526,0.383,0.50807,0.59758,0.65191,0.67978,0.69472,0.70379,0.70964,0.71394,0.71878,0.72446,0.72839,0.73161,0.73421,0.73909,0.74244,0.745,0.74857,0.74928
10RP 4/12,10RP,RP,4,12,0.08172,0.0946,0.10338,0.10158,0.099622,0.097589,0.0955,0.090744,0.083722,0.075756,0.067956,0.0614,0.057267,0.0534,0.049544,0.047256,0.046711,0.046267,0.046522,0.051844,0.070378,0.11786,0.19753,0.29107,0.3774,0.44653,0.49181,0.51931,0.53891,0.55174,0.56278,0.57286,0.58762,0.60292,0.61813,0.63171,0.64496,0.65682,0.66859,0.68098,0.68394
