stock_code,description,n_customers
10002,INFLATABLE POLITICAL GLOBE,40
10080,GROOVY CACTUS INFLATABLE,19
10120,DOGGY RUBBER,25
10123C,HEARTS WRAPPING TAPE,3
10124A,SPOTS ON RED BOOKCOVER TAPE,5
10124G,ARMY CAMO BOOKCOVER TAPE,4
10125,MINI FUNKY DESIGN TAPES,49
10133,COLOURING PENCILS BROWN TUBE,101
10135,COLOURING PENCILS BROWN TUBE,92
11001,ASSTD DESIGN RACING CAR PEN,44
15030,FAN BLACK FRAME,11
15034,PAPER POCKET TRAVELING FAN,70
15036,ASSORTED COLOURS SILK FAN,194
15039,SANDALWOOD FAN,58
15044A,PINK PAPER PARASOL,53
15044B,BLUE PAPER PARASOL,36
15044C,PURPLE PAPER PARASOL,43
15044D,RED PAPER PARASOL,53
15056BL,EDWARDIAN PARASOL BLACK,142
15056N,EDWARDIAN PARASOL NATURAL,184
15056P,EDWARDIAN PARASOL PINK,87
15058A,BLUE POLKADOT GARDEN PARASOL,40
15058B,PINK POLKADOT GARDEN PARASOL,32
15058C,ICE CREAM DESIGN GARDEN PARASOL,26
15060B,FAIRY CAKE DESIGN UMBRELLA,68
16008,SMALL FOLDING SCISSOR(POINTED EDGE),54
16010,FOLDING CAMPING SCISSOR W/KNIF & S,3
16011,ANIMAL STICKERS,38
16012,FOOD/DRINK SPONGE STICKERS,33
16014,SMALL CHINESE STYLE SCISSOR,34
16015,MEDIUM CHINESE STYLE SCISSOR,19
16016,LARGE CHINESE STYLE SCISSOR,41
16020C,CLEAR STATIONERY BOX SET,1
16033,MINI HIGHLIGHTER PENS,4
16043,POP ART PUSH DOWN RUBBER,2
16045,POPART WOODEN PENCILS ASST,61
16046,TEATIME PEN CASE & PENS,13
16048,TEATIME ROUND PENCIL SHARPENER,41
16049,TEATIME GEL PENS ASST,5
16052,TEATIME PUSH DOWN RUBBER,5
16054,POPART RECT PENCIL SHARPENER ASST,29
16151A,FLOWERS HANDBAG blue and orange,3
16156L,WRAP CAROUSEL,17
16156S,WRAP PINK FAIRY CAKES,135
16161G,WRAP BAD HAIR DAY,22
16161M,WRAP  PINK FLOCK,1
16161P,WRAP ENGLISH ROSE,189
16161U,WRAP SUKI AND FRIENDS,105
16162L,THE KING GIFT BAG,5
16162M,THE KING GIFT BAG 25x24x12cm,6
16168M,FUNKY MONKEY GIFT BAG MEDIUM,19
16169E,WRAP 50'S  CHRISTMAS,143
16169K,WRAP FOLK ART,8
16169M,WRAP DAISY CARPET,24
16169N,WRAP BLUE RUSSIAN FOLKART,1
16169P,WRAP GREEN RUSSIAN FOLKART,2
16202A,PASTEL PINK PHOTO ALBUM,2
16202B,PASTEL BLUE PHOTO ALBUM,2
16202E,BLACK PHOTO ALBUM,3
16206B,RED PURSE WITH PINK HEART,2
16207A,PINK STRAWBERRY HANDBAG,4
16207B,PINK HEART RED HANDBAG,3
16216,LETTER SHAPE PENCIL SHARPENER,38
16218,CARTOON  PENCIL SHARPENERS,43
16219,HOUSE SHAPE PENCIL SHARPENER,41
16225,RATTLE SNAKE EGGS,57
16235,RECYCLED PENCIL WITH RABBIT ERASER,68
16236,KITTY PENCIL ERASERS,59
16237,SLEEPING CAT ERASERS,109
16238,PARTY TIME PENCIL ERASERS,61
16244B,MAXWELL 2 TONE BLUE 60 PAGE PHOTO A,2
16248B,BLUE HOLE PUNCH,7
16254,TRANSPARENT ACRYLIC TAPE DISPENSER,7
16258A,SWIRLY CIRCULAR RUBBERS IN BAG,29
16259,PIECE OF CAMO STATIONERY SET,28
17001,HEAVENS SCENT FRAGRANCE OILS ASSTD,1
17003,BROCADE RING PURSE,136
17007B,S/3 POT POURI CUSHIONS BLUE COLOURS,2
17011F,ORIGAMI SANDLEWOOD INCENSE+FLOWER,6
17012A,ORIGAMI VANILLA INCENSE/CANDLE SET,21
17012B,ORIGAMI JASMINE INCENSE/CANDLE SET,33
17012C,ORIGAMI LAVENDER INCENSE/CANDL SET,37
17012D,ORIGAMI ROSE INCENSE/CANDLE SET,35
17012E,ORIGAMI OPIUM INCENSE/CANDLE SET,3
17012F,ORIGAMI SANDLEWOOD INCENSE/CAND SET,33
17013D,ORIGAMI ROSE INCENSE IN TUBE,10
17014A,ORIGAMI VANILLA INCENSE CONES,7
17021,NAMASTE SWAGAT INCENSE,30
17028J,INCENSE BAZAAR PEACH,1
17038,PORCELAIN BUDAH INCENSE HOLDER,18
17084A,TRANQUILITY MASALA INCENSE,7
17084J,LOVE POTION MASALA INCENSE,8
17084N,FAIRY DREAMS INCENSE,25
17084P,DRAGONS BLOOD INCENSE,12
17084R,ASSORTED INCENSE PACK,16
17090A,LAVENDER INCENSE 40 CONES IN TIN,9
17090D,VANILLA INCENSE 40 CONES IN TIN,6
17091A,LAVENDER INCENSE IN TIN,19
17091J,VANILLA INCENSE IN TIN,66
17096,ASSORTED LAQUERED INCENSE HOLDERS,12
17107D,"FLOWER FAIRY,5 SUMMER B'DRAW LINERS",42
17109D,FLOWER FAIRY INCENSE BOUQUET,4
17129F,BLUE GLASS GEMS IN BAG,11
17136A,BLUE STONES ON WIRE FOR CANDLE,16
17164B,ASS COL SMALL SAND GECKO P'WEIGHT,9
17165D,ASS COL LARGE SAND FROG P'WEIGHT,6
17174,ASSTD RASTA KEY-CHAINS,3
17191A,ROSE FLOWER CANDLE+INCENSE 16X16CM,1
18007,ESSENTIAL BALM 3.5g TIN IN ENVELOPE,15
18094C,WHITE AND BLUE CERAMIC OIL BURNER,13
18097A,PINK TALL PORCELAIN T-LIGHT HOLDER,4
18097C,WHITE TALL PORCELAIN T-LIGHT HOLDER,43
18098C,PORCELAIN BUTTERFLY OIL BURNER,24
20615,BLUE POLKADOT PASSPORT COVER,28
20616,CHERRY BLOSSOM PASSPORT COVER,19
20617,FIRST CLASS PASSPORT COVER,20
20618,QUEEN OF THE SKIES PASSPORT COVER,20
20619,TROPICAL PASSPORT COVER,16
20622,VIPPASSPORT COVER,24
20652,BLUE POLKADOT LUGGAGE TAG,26
20653,CHERRY BLOSSOM LUGGAGE TAG,5
20654,FIRST CLASS LUGGAGE TAG,21
20655,QUEEN OF SKIES LUGGAGE TAG,20
20657,TROPICAL LUGGAGE TAG,20
20658,RED RETROSPOT LUGGAGE TAG,44
20659,ECONOMY LUGGAGE TAG,18
20661,BLUE POLKADOT PURSE,3
20662,FIRST CLASS HOLIDAY PURSE,4
20663,QUEEN OF THE SKIES HOLIDAY PURSE,3
20664,TROPICAL HOLIDAY PURSE,3
20665,RED RETROSPOT PURSE,58
20666,ECONOMY HOLIDAY PURSE,4
20667,CHERRY BLOSSOM PURSE,1
20668,DISCO BALL CHRISTMAS DECORATION,111
20669,RED HEART LUGGAGE TAG,36
20670,VIP HOLIDAY PURSE,5
20671,BLUE TEATIME PRINT BOWL,2
20674,GREEN POLKADOT BOWL,101
20675,BLUE POLKADOT BOWL,149
20676,RED RETROSPOT BOWL,185
20677,PINK POLKADOT BOWL,133
20678,LARGE BLACK DIAMANTE HAIRSLIDE,1
20679,EDWARDIAN PARASOL RED,141
20681,PINK POLKADOT CHILDRENS UMBRELLA,29
20682,RED RETROSPOT CHILDRENS UMBRELLA,138
20684,STRAWBERRY DREAM CHILDS UMBRELLA,30
20685,DOORMAT RED RETROSPOT,329
20686,DOLLY MIXTURE CHILDREN'S UMBRELLA,51
20694,FLORAL PINK MONSTER,9
20695,FLORAL BLUE MONSTER,4
20696,FLORAL SOFT CAR TOY,10
20697,LITTLE GREEN MONSTER SOFT TOY,8
20698,LITTLE PINK MONSTER SOFT TOY,7
20699,MOUSEY LONG LEGS SOFT TOY,11
20700,GREEN CAT FLORAL CUSHION COVER,4
20701,PINK CAT FLORAL CUSHION COVER,3
20702,PINK PADDED MOBILE,31
20703,BLUE PADDED SOFT MOBILE,1
20704,MR ROBOT SOFT TOY,38
20705,MRS ROBOT SOFT TOY,27
20707,CRAZY DAISY HEART DECORATION,20
20711,JUMBO BAG TOYS,152
20712,JUMBO BAG WOODLAND ANIMALS,248
20713,JUMBO BAG OWLS,207
20716,PARTY FOOD SHOPPER BAG,31
20717,STRAWBERRY SHOPPER BAG,150
20718,RED RETROSPOT SHOPPER BAG,236
20719,WOODLAND CHARLOTTE BAG,238
20723,STRAWBERRY CHARLOTTE BAG,230
20724,RED RETROSPOT CHARLOTTE BAG,335
20725,LUNCH BAG RED RETROSPOT,532
20726,LUNCH BAG WOODLAND,372
20727,LUNCH BAG  BLACK SKULL.,458
20728,LUNCH BAG CARS BLUE,479
20731,POSY CANDY BAG,8
20733,GOLD MINI TAPE MEASURE,30
20735,BLACK MINI TAPE MEASURE,11
20748,KENSINGTON COFFEE SET,26
20749,ASSORTED COLOUR MINI CASES,239
20750,RED RETROSPOT MINI CASES,235
20751,FUNKY WASHING UP GLOVES ASSORTED,127
20752,BLUE POLKADOT WASHING UP GLOVES,91
20754,RETROSPOT RED WASHING UP GLOVES,153
20755,BLUE PAISLEY POCKET BOOK,44
20756,GREEN FERN POCKET BOOK,20
20757,RED DAISY POCKET BOOK,30
20758,ABSTRACT CIRCLES POCKET BOOK,35
20759,CHRYSANTHEMUM POCKET BOOK,17
20760,GARDEN PATH POCKET BOOK,18
20761,BLUE PAISLEY SKETCHBOOK,46
20762,GREEN FERN SKETCHBOOK,42
20763,DAISY SKETCHBOOK,24
20764,ABSTRACT CIRCLES SKETCHBOOK,45
20765,CHRYSANTHEMUM SKETCHBOOK,45
20766,GARDEN PATH SKETCHBOOK,41
20767,BLUE PAISLEY JOURNAL,50
20768,GREEN FERN JOURNAL,31
20769,DAISY JOURNAL,21
20770,ABSTRACT CIRCLE JOURNAL,24
20771,CHRYSANTHEMUM  JOURNAL,21
20772,GARDEN PATH JOURNAL,40
20773,BLUE PAISLEY NOTEBOOK,21
20774,GREEN FERN NOTEBOOK,21
20775,DAISY NOTEBOOK,19
20777,CHRYSANTHEMUM NOTEBOOK,32
20778,GARDEN PATH NOTEBOOK,8
20780,BLACK EAR MUFF HEADPHONES,13
20781,GOLD EAR MUFF HEADPHONES,19
20782,CAMOUFLAGE EAR MUFF HEADPHONES,12
20785,FUSCHIA RETRO BAR STOOL,4
20793,BLUE TILED TRAY,4
20794,BLUE  TILE HOOK,15
20795,LARGE BLUE PROVENCAL CERAMIC BALL,6
20796,SMALL BLUE PROVENCAL CERAMIC BALL,8
20798,CLEAR MILKSHAKE GLASS,5
20801,LARGE PINK GLASS SUNDAE DISH,47
20802,SMALL GLASS SUNDAE DISH CLEAR,40
20803,SMALL PINK GLASS SUNDAE DISH,26
20816,GOLD FLOWER CUSHION COVER,1
20818,GOLD TEDDY BEAR,2
20819,SILVER TEDDY BEAR,14
20820,SILVER LOOKING MIRROR,2
20821,GOLDIE LOOKING MIRROR,5
20823,GOLD WINE GOBLET,6
20826,SILVER APERITIF GLASS,7
20827,GOLD APERITIF GLASS,1
20828,GLITTER BUTTERFLY CLIPS,116
20829,GLITTER HANGING BUTTERFLY STRING,90
20830,SILVER PHOTO FRAME,19
20831,GOLD PHOTO FRAME,19
20832,RED FLOCK LOVE HEART PHOTO FRAME,47
20835,FRENCH LATTICE CUSHION COVER,7
20836,FRENCH PAISLEY CUSHION COVER,14
20837,FRENCH FLORAL CUSHION COVER,14
20838,FRENCH LATTICE CUSHION COVER,30
20839,FRENCH PAISLEY CUSHION COVER,44
20840,FRENCH FLORAL CUSHION COVER,35
20845,ZINC HEART LATTICE 2 WALL PLANTER,7
20846,ZINC HEART LATTICE T-LIGHT HOLDER,50
20847,ZINC HEART LATTICE CHARGER LARGE,12
20848,ZINC HEART LATTICE CHARGER SMALL,7
20851,ZINC HEART LATTICE TRAY OVAL,5
20854,BLUE PATCH PURSE PINK HEART,16
20856,DENIM PATCH PURSE PINK BUTTERFLY,26
20857,BLUE ROSE PATCH PURSE PINK BUTTERFL,7
20861,GOLD COSMETIC BAG PINK STAR,2
20866,BLUE ROSE FABRIC MIRROR,34
20867,PINK ROSE FABRIC MIRROR,23
20868,SILVER FABRIC MIRROR,29
20869,GOLD FABRIC MIRROR,17
20878,SET/9 CHRISTMAS T-LIGHTS SCENTED,7
20886,BOX OF 9 PEBBLE CANDLES,56
20892,SET/3 TALL GLASS CANDLE HOLDER PINK,1
20893,HANGING BAUBLE T-LIGHT HOLDER SMALL,16
20894,HANGING BAUBLE T-LIGHT HOLDER LARGE,9
20897,VINTAGE NOTEBOOK PARIS DAYS,8
20898,VINTAGE NOTEBOOK TRAVELOGUE,4
20901,VINTAGE KEEPSAKE BOX PINK FLOWER,2
20902,VINTAGE KEEPSAKE BOX PARIS DAYS,6
20903,VINTAGE KEEPSAKE BOX TRAVELOGUE,10
20906,VINTAGE NOTEBOOK BEAUTY GIRL,2
20910,VINTAGE PHOTO ALBUM PARIS DAYS,2
20914,SET/5 RED RETROSPOT LID GLASS BOWLS,356
20931,BLUE POT PLANT CANDLE,35
20932,PINK POT PLANT CANDLE,22
20933,YELLOW POT PLANT CANDLE,9
20934,SET/3 POT PLANT CANDLES,20
20935,ROUND CACTUS CANDLE,4
20936,FORKED CACTUS CANDLE,21
20941,FROG CANDLE,13
20956,PORCELAIN T-LIGHT HOLDERS ASSORTED,51
20961,STRAWBERRY BATH SPONGE,82
20963,APPLE BATH SPONGE,83
20964,POLYESTER FILLER PAD 60x40cm,1
20966,SANDWICH BATH SPONGE,28
20967,GREY FLORAL FELTCRAFT SHOULDER BAG,63
20969,RED FLORAL FELTCRAFT SHOULDER BAG,157
20970,PINK FLORAL FELTCRAFT SHOULDER BAG,141
20971,PINK BLUE FELT CRAFT TRINKET BOX,277
20972,PINK CREAM FELT CRAFT TRINKET BOX,312
20973,12 PENCIL SMALL TUBE WOODLAND,191
20974,12 PENCILS SMALL TUBE SKULL,195
20975,12 PENCILS SMALL TUBE RED RETROSPOT,231
20977,36 PENCILS TUBE WOODLAND,111
20978,36 PENCILS TUBE SKULLS,133
20979,36 PENCILS TUBE RED RETROSPOT,164
20980,36 PENCILS TUBE POSY,10
20981,12 PENCILS TALL TUBE WOODLAND,157
20982,12 PENCILS TALL TUBE SKULLS,158
20983,12 PENCILS TALL TUBE RED RETROSPOT,185
20984,12 PENCILS TALL TUBE POSY,135
20985,HEART CALCULATOR,65
20986,BLUE CALCULATOR RULER,40
20992,JAZZ HEARTS PURSE NOTEBOOK,162
20996,JAZZ HEARTS ADDRESS BOOK,124
20997,ROSE DU SUD CUSHION COVER,4
20998,ROSE DU SUD OVEN GLOVE,27
21000,ROSE DU SUD COSMETICS BAG,16
21001,ROSE DU SUD WASHBAG,12
21002,ROSE DU SUD DRAWSTRING BAG,5
21003,ROSE DU SUD CUSHION COVER,6
21011,GLITTER SNOW PEAR TREE DECORATION,2
21012,ANTIQUE ALL GLASS CANDLESTICK,66
21014,SWISS CHALET TREE DECORATION,64
21015,DARK BIRD HOUSE TREE DECORATION,59
21018,BIRD BOX CHRISTMAS TREE DECORATION,4
21025,SPACE FROG,14
21026,SPACE OWL,20
21027,NINJA RABBIT PINK,16
21028,NINJA RABBIT BLACK,15
21030,SPACE CADET RED,19
21031,SPACE CADET BLACK,9
21032,SPACE CADET WHITE,13
21033,JUMBO BAG CHARLIE AND LOLA TOYS,75
21034,REX CASH+CARRY JUMBO SHOPPER,480
21035,SET/2 RED RETROSPOT TEA TOWELS,151
21038,SET/4 MODERN VINTAGE COTTON NAPKINS,20
21039,RED RETROSPOT SHOPPING BAG,57
21040,MODERN VINTAGE COTTON SHOPPING BAG,8
21041,RED RETROSPOT OVEN GLOVE DOUBLE,100
21042,RED RETROSPOT APRON,71
21043,APRON MODERN VINTAGE COTTON,52
21051,RIBBONS PURSE,23
21054,NURSE'S BAG SOFT TOY,24
21055,TOOL BOX SOFT TOY,63
21056,DOCTOR'S BAG SOFT TOY,46
21058,PARTY INVITES WOODLAND,68
21059,PARTY INVITES DINOSAURS,67
21060,PARTY INVITES BALLOON GIRL,47
21061,PARTY INVITES FOOTBALL,49
21062,PARTY INVITES SPACEMAN,55
21063,PARTY INVITES JAZZ HEARTS,64
21064,BOOM BOX SPEAKER BOYS,40
21065,BOOM BOX SPEAKER GIRLS,31
21066,VINTAGE RED MUG,32
21067,VINTAGE RED TEATIME MUG,30
21068,VINTAGE BILLBOARD LOVE/HATE MUG,81
21069,VINTAGE BILLBOARD TEA MUG,35
21070,VINTAGE BILLBOARD MUG,51
21071,VINTAGE BILLBOARD DRINK ME MUG,72
21078,SET/20 STRAWBERRY PAPER NAPKINS,148
21080,SET/20 RED RETROSPOT PAPER NAPKINS,427
21084,SET/6 COLLAGE PAPER CUPS,90
21086,SET/6 RED SPOTTY PAPER CUPS,167
21087,SET/6 POSIES PAPER CUPS,10
21088,SET/6 FRUIT SALAD PAPER CUPS,67
21089,SET/6 GREEN SPRING PAPER CUPS,23
21090,SET/6 COLLAGE PAPER PLATES,98
21094,SET/6 RED SPOTTY PAPER PLATES,179
21095,SET/6 POSIES PAPER PLATES,9
21096,SET/6 FRUIT SALAD  PAPER PLATES,63
21098,CHRISTMAS TOILET ROLL,115
21100,CHARLIE AND LOLA CHARLOTTE BAG,7
21106,CREAM SLICE FLANNEL CHOCOLATE SPOT,30
21107,CREAM SLICE FLANNEL PINK SPOT,48
21108,FAIRY CAKE FLANNEL ASSORTED COLOUR,160
21109,LARGE CAKE TOWEL CHOCOLATE SPOTS,54
21110,LARGE CAKE TOWEL PINK SPOTS,62
21111,"SWISS ROLL TOWEL, CHOCOLATE  SPOTS",46
21112,SWISS ROLL TOWEL PINK  SPOTS,37
21114,LAVENDER SCENTED FABRIC HEART,105
21115,ROSE CARAVAN DOORSTOP,104
21116,OWL DOORSTOP,81
21117,BLOND DOLL DOORSTOP,11
21121,SET/10 RED POLKADOT PARTY CANDLES,238
21122,SET/10 PINK POLKADOT PARTY CANDLES,214
21123,SET/10 IVORY POLKADOT PARTY CANDLES,66
21124,SET/10 BLUE POLKADOT PARTY CANDLES,180
21125,SET 6 FOOTBALL CELEBRATION CANDLES,59
21126,SET OF 6 GIRLS CELEBRATION CANDLES,57
21128,GOLD FISHING GNOME,12
21129,SILVER FISHING GNOME,13
21131,GOLD STANDING GNOME,11
21132,SILVER STANDING GNOME,13
21135,VICTORIAN  METAL POSTCARD SPRING,122
21136,PAINTED METAL PEARS ASSORTED,259
21137,BLACK RECORD COVER FRAME,140
21143,ANTIQUE GLASS HEART DECORATION,26
21145,ANTIQUE GLASS PLACE SETTING,8
21147,JINGLE BELLS TREE DECORATION,11
21154,RED RETROSPOT OVEN GLOVE,175
21155,RED RETROSPOT PEG BAG,205
21156,RETROSPOT CHILDRENS APRON,202
21157,RED RETROSPOT WASHBAG,12
21158,MOODY GIRL DOOR HANGER,103
21159,MOODY BOY  DOOR HANGER,73
21161,KEEP OUT BOYS DOOR HANGER,25
21162,TOXIC AREA  DOOR HANGER,98
21163,DO NOT TOUCH MY STUFF DOOR HANGER,86
21164,HOME SWEET HOME METAL SIGN,166
21165,BEWARE OF THE CAT METAL SIGN,178
21166,COOK WITH WINE METAL SIGN,287
21167,WHITE SAGE INCENSE,20
21169,YOU'RE CONFUSING ME METAL SIGN,191
21171,BATHROOM METAL SIGN,43
21172,PARTY METAL SIGN,236
21174,POTTERING IN THE SHED METAL SIGN,225
21175,GIN + TONIC DIET METAL SIGN,343
21179,NO JUNK MAIL METAL SIGN,122
21181,PLEASE ONE PERSON METAL SIGN,361
21187,WHITE BELL HONEYCOMB PAPER GARLAND,30
21188,3D HEARTS  HONEYCOMB PAPER GARLAND,27
21189,WHITE HONEYCOMB PAPER GARLAND,27
21190,PINK HEARTS PAPER GARLAND,6
21191,LARGE WHITE HONEYCOMB PAPER BELL,38
21192,WHITE BELL HONEYCOMB PAPER,32
21194,PINK  HONEYCOMB PAPER FAN,37
21195,PINK  HONEYCOMB PAPER BALL,21
21196,ROUND WHITE CONFETTI IN TUBE,9
21197,MULTICOLOUR  CONFETTI IN TUBE,13
21198,WHITE HEART CONFETTI IN TUBE,47
21199,PINK  HEART CONFETTI IN TUBE,45
21200,MULTICOLOUR HONEYCOMB PAPER GARLAND,33
21201,TROPICAL  HONEYCOMB PAPER GARLAND,44
21202,DOLLY HONEYCOMB GARLAND,20
21204,DAISIES  HONEYCOMB GARLAND,44
21205,MULTICOLOUR 3D BALLS GARLAND,43
21206,STRAWBERRY HONEYCOMB  GARLAND,55
21207,SKULL AND CROSSBONES  GARLAND,74
21208,PASTEL COLOUR HONEYCOMB FAN,50
21209,MULTICOLOUR HONEYCOMB FAN,48
21210,SET OF 72 RETROSPOT PAPER  DOILIES,244
21211,SET OF 72 SKULL PAPER  DOILIES,58
21212,PACK OF 72 RETROSPOT CAKE CASES,635
21213,PACK OF 72 SKULL CAKE CASES,295
21215,IVORY PAPER CUP CAKE CASES,51
21216,"SET 3 RETROSPOT TEA,COFFEE,SUGAR",150
21217,RED RETROSPOT ROUND CAKE TINS,167
21218,RED SPOTTY BISCUIT TIN,130
21219,SET/4 BADGES BALLOON GIRL,35
21220,SET/4 BADGES DOGS,34
21221,SET/4 BADGES CUTE CREATURES,24
21222,SET/4 BADGES BEETLES,26
21224,SET/4 SKULL BADGES,58
21226,POCKET MIRROR WOODLAND,4
21228,"POCKET MIRROR ""GLAMOROUS""",2
21231,SWEETHEART CERAMIC TRINKET BOX,215
21232,STRAWBERRY CERAMIC TRINKET BOX,312
21238,RED RETROSPOT CUP,160
21239,PINK  POLKADOT CUP,141
21240,BLUE POLKADOT CUP,149
21242,RED RETROSPOT PLATE,148
21243,PINK  POLKADOT PLATE,103
21244,BLUE POLKADOT PLATE,107
21245,GREEN POLKADOT PLATE,72
21246,RED RETROSPOT BIG BOWL,33
21248,DOOR HANGER  MUM + DADS ROOM,45
21249,WOODLAND  HEIGHT CHART STICKERS,68
21250,SET OF SKULL WALL STICKERS,15
21251,DINOSAUR HEIGHT CHART STICKER SET,32
21253,SET OF PICTURE FRAME  STICKERS,14
21257,VICTORIAN SEWING BOX MEDIUM,100
21258,VICTORIAN SEWING BOX LARGE,61
21259,VICTORIAN SEWING BOX SMALL,133
21260,FIRST AID TIN,104
21261,GREEN GOOSE FEATHER CHRISTMAS TREE,24
21262,WHITE GOOSE FEATHER CHRISTMAS TREE,43
21263,GREEN GOOSE FEATHER TREE 60CM,32
21264,WHITE GOOSE FEATHER TREE 60CM,37
21265,PINK GOOSE FEATHER TREE 60CM,15
21268,VINTAGE BLUE TINSEL REEL,1
21269,ANTIQUE CREAM CUTLERY SHELF,17
21270,ANTIQUE CREAM CUTLERY CUPBOARD,12
21272,SALLE DE BAIN HOOK,49
21275,ZINC TOP  2 DOOR WOODEN SHELF,9
21277,FRENCH STYLE EMBOSSED HEART CABINET,19
21278,VINTAGE KITCHEN PRINT PUDDINGS,7
21279,VINTAGE KITCHEN PRINT FRUITS,12
21280,VINTAGE KITCHEN PRINT VEGETABLES,12
21281,VINTAGE KITCHEN PRINT SEAFOOD,6
21284,RETROSPOT CANDLE  SMALL,24
21285,RETROSPOT CANDLE  MEDIUM,26
21286,RETROSPOT CANDLE  LARGE,17
21287,SCENTED VELVET LOUNGE CANDLE,47
21288,STRIPEY CHOCOLATE NESTING BOXES,33
21289,LARGE STRIPES CHOCOLATE GIFT BAG,19
21291,SMALL POLKADOT CHOCOLATE GIFT BAG,32
21292,SMALL STRIPES CHOCOLATE GIFT BAG,25
21293,MIRRORED DOVE WALL DECORATION,14
21294,ETCHED GLASS COASTER,46
21306,SET/4 DAISY MIRROR MAGNETS,35
21307,SET/4 BUTTERFLY MIRROR MAGNETS,11
21310,CAPIZ CHANDELIER,1
21311,SET/4 BIRD MIRROR MAGNETS,40
21313,GLASS HEART T-LIGHT HOLDER,96
21314,SMALL GLASS HEART TRINKET POT,215
21316,SMALL CHUNKY GLASS ROMAN  BOWL,9
21317,GLASS SPHERE CANDLE STAND MEDIUM,23
21318,GLASS CHALICE BLUE SMALL,38
21319,GLASS CHALICE GREEN  SMALL,12
21320,GLASS CHALICE GREEN  LARGE,10
21324,HANGING MEDINA LANTERN SMALL,20
21326,AGED GLASS SILVER T-LIGHT HOLDER,168
21327,SKULLS WRITING SET,99
21328,BALLOONS  WRITING SET,135
21329,DINOSAURS  WRITING SET,120
21331,MOROCCAN BEATEN METAL DISH LARGE,7
21332,MOROCCAN BEATEN METAL MIRROR,8
21333,CLASSIC WHITE FRAME,15
21336,GOLD WASHBAG,3
21340,CLASSIC METAL BIRDCAGE PLANT HOLDER,179
21344,MOROCCAN BEATEN METAL DISH,5
21348,PINK SPOTS CHOCOLATE NESTING BOXES,5
21349,IVY HEART WREATH,7
21351,CINAMMON & ORANGE WREATH,27
21352,EUCALYPTUS & PINECONE  WREATH,35
21354,TOAST ITS - BEST MUM,55
21355,TOAST ITS - I LOVE YOU,95
21356,TOAST ITS - FAIRY FLOWER,37
21357,TOAST ITS - DINOSAUR,9
21358,TOAST ITS - HAPPY BIRTHDAY,54
21359,RELAX LARGE WOOD LETTERS,22
21360,JOY LARGE WOOD LETTERS,14
21361,LOVE LARGE WOOD LETTERS,42
21363,HOME SMALL WOOD LETTERS,67
21364,PEACE SMALL WOOD LETTERS,19
21365,MIRRORED WALL ART STARS,35
21366,MIRRORED WALL ART PHOTO FRAMES,9
21367,MIRRORED WALL ART GENTS,29
21368,MIRRORED WALL ART LADIES,25
21369,MIRRORED WALL ART SPLODGES,12
21370,MIRRORED WALL ART FOXY,7
21371,MIRRORED WALL ART POPPIES,27
21372,MIRRORED WALL ART TABLE LAMP,18
21373,MIRRORED WALL ART SNOWFLAKES,41
21374,MIRRORED WALL ART SKULLS,37
21375,LARGE CAMPHOR WOOD FIELD MUSHROOM,9
21376,LARGE  TALL CAMPHOR WOOD TOADSTOOL,13
21377,SMALL CAMPHOR WOOD FIELD  MUSHROOM,18
21378,SMALL TALL CAMPHOR WOOD TOADSTOOL,21
21379,CAMPHOR WOOD PORTOBELLO MUSHROOM,22
21380,WOODEN HAPPY BIRTHDAY GARLAND,138
21381,MINI WOODEN HAPPY BIRTHDAY GARLAND,88
21382,SET/4 SPRING FLOWER DECORATION,64
21383,PACK OF 12 STICKY BUNNIES,75
21385,IVORY HANGING DECORATION  HEART,153
21386,IVORY HANGING DECORATION  EGG,42
21389,IVORY HANGING DECORATION  BIRD,81
21390,FILIGRIS HEART WITH BUTTERFLY,120
21391,FRENCH LAVENDER SCENT HEART,69
21392,RED POLKADOT PUDDING BOWL,5
21393,BLUE POLKADOT PUDDING BOWL,7
21394,RED POLKADOT BEAKER,88
21395,BLUE POLKADOT BEAKER,63
21397,BLUE POLKADOT EGG CUP,43
21398,RED POLKADOT COFFEE  MUG,43
21399,BLUE POLKADOT COFFEE MUG,50
21400,RED PUDDING SPOON,42
21401,BLUE PUDDING SPOON,48
21402,RED  EGG  SPOON,54
21403,BLUE EGG  SPOON,58
21407,BROWN CHECK CAT DOORSTOP,79
21408,SPOTTY PINK DUCK DOORSTOP,50
21411,GINGHAM HEART  DOORSTOP RED,147
21413,PERIWINKLE T-LIGHT HOLDER,8
21414,SCALLOP SHELL SOAP DISH,1
21415,CLAM SHELL SMALL,25
21416,CLAM SHELL LARGE,4
21417,COCKLE SHELL DISH,24
21418,STARFISH SOAP DISH,11
21420,OYSTER TRINKET BOX,12
21421,PORCELAIN ROSE LARGE,11
21422,PORCELAIN ROSE SMALL,32
21424,WOODLAND STORAGE BOX LARGE,19
21425,SKULLS STORAGE BOX LARGE,12
21426,WOODLAND STORAGE BOX SMALL,15
21427,SKULLS STORAGE BOX SMALL,21
21428,SET3 BOOK BOX GREEN GINGHAM FLOWER,117
21429,RED GINGHAM ROSE JEWELLERY BOX,147
21430,SET/3 RED GINGHAM ROSE STORAGE BOX,186
21439,BASKET OF TOADSTOOLS,51
21441,BLUE BIRDHOUSE DECORATION,34
21442,GREEN BIRDHOUSE DECORATION,31
21445,12 PINK ROSE PEG PLACE SETTINGS,17
21446,12 RED ROSE PEG PLACE SETTINGS,47
21447,12 IVORY ROSE PEG PLACE SETTINGS,56
21448,12 DAISY PEGS IN WOOD BOX,46
21452,TOADSTOOL MONEY BOX,109
21454,PAINTED PINK RABBIT,41
21455,PAINTED YELLOW WOODEN DAISY,32
21456,2 PICTURE BOOK EGGS EASTER CHICKS,17
21457,2 PICTURE BOOK EGGS EASTER DUCKS,15
21458,2 PICTURE BOOK EGGS EASTER BUNNY,18
21459,YELLOW EASTER EGG HUNT START POST,16
21460,GREEN EASTER EGG HUNT START POST,9
21461,BLUE EASTER EGG HUNT START POST,4
21462,"NURSERY A,B,C PAINTED LETTERS",57
21463,MIRRORED DISCO BALL,77
21464,DISCO BALL ROTATOR BATTERY OPERATED,57
21465,PINK FLOWER CROCHET FOOD COVER,55
21466,RED FLOWER CROCHET FOOD COVER,71
21467,CHERRY CROCHET FOOD COVER,58
21468,BUTTERFLY CROCHET FOOD COVER,43
21469,POLKA DOT RAFFIA FOOD COVER,57
21470,FLOWER VINE RAFFIA FOOD COVER,77
21471,STRAWBERRY RAFFIA FOOD COVER,77
21472,LADYBIRD + BEE RAFFIA FOOD COVER,29
21473,SWEETHEART CREAM STEEL TABLE RECT,16
21476,STEEL SWEETHEART ROUND TABLE CREAM,14
21479,WHITE SKULL HOT WATER BOTTLE,252
21481,FAWN BLUE HOT WATER BOTTLE,253
21484,CHICK GREY HOT WATER BOTTLE,205
21485,RETROSPOT HEART HOT WATER BOTTLE,371
21486,PINK HEART DOTS HOT WATER BOTTLE,4
21488,RED WHITE SCARF  HOT WATER BOTTLE,2
21494,ROTATING LEAVES T-LIGHT HOLDER,79
21495,SKULLS AND CROSSBONES WRAP,102
21497,FANCY FONTS BIRTHDAY WRAP,177
21498,RED RETROSPOT WRAP,238
21499,BLUE POLKADOT WRAP,175
21500,PINK POLKADOT WRAP,162
21503,TOYBOX  WRAP,22
21504,SKULLS GREETING CARD,74
21506,"FANCY FONT BIRTHDAY CARD,",171
21507,"ELEPHANT, BIRTHDAY CARD,",139
21508,VINTAGE KID DOLLY CARD,108
21509,COWBOYS AND INDIANS BIRTHDAY CARD,142
21518,BANK ACCOUNT  GREETING  CARD,16
21519,GIN & TONIC DIET GREETING CARD,100
21520,BOOZE & WOMEN GREETING CARD,29
21523,DOORMAT FANCY FONT HOME SWEET HOME,203
21524,DOORMAT SPOTTY HOME SWEET HOME,251
21527,RED RETROSPOT TRADITIONAL TEAPOT,95
21528,DAIRY MAID TRADITIONAL TEAPOT,62
21530,DAIRY MAID TOASTRACK,64
21531,RED RETROSPOT SUGAR JAM BOWL,143
21533,RETROSPOT LARGE MILK JUG,209
21534,DAIRY MAID LARGE MILK JUG,94
21535,RED RETROSPOT SMALL MILK JUG,204
21537,RED RETROSPOT PUDDING BOWL,50
21538,DAIRY MAID  PUDDING BOWL,2
21539,RED RETROSPOT BUTTER DISH,123
21544,SKULLS  WATER TRANSFER TATTOOS,80
21547,CERAMIC BIRDHOUSE CRESTED TIT SMALL,13
21555,CERAMIC STRAWBERRY TRINKET TRAY,11
21556,CERAMIC STRAWBERRY MONEY BOX,38
21557,SET OF 6 FUNKY BEAKERS,26
21558,SKULL LUNCH BOX WITH CUTLERY,167
21559,STRAWBERRY LUNCH BOX WITH CUTLERY,233
21561,DINOSAUR LUNCH BOX WITH CUTLERY,116
21562,HAWAIIAN GRASS SKIRT,20
21563,RED HEART SHAPE LOVE BUCKET,95
21564,PINK  HEART SHAPE LOVE BUCKET,63
21576,LETS GO SHOPPING COTTON TOTE BAG,40
21577,SAVE THE PLANET COTTON TOTE BAG,94
21578,WOODLAND DESIGN  COTTON TOTE BAG,68
21579,LOLITA  DESIGN  COTTON TOTE BAG,30
21580,RABBIT  DESIGN  COTTON TOTE BAG,21
21581,SKULLS  DESIGN  COTTON TOTE BAG,33
21584,RETROSPOT SMALL TUBE MATCHES,119
21586,KINGS CHOICE GIANT TUBE MATCHES,54
21587,COSY HOUR GIANT TUBE MATCHES,25
21588,RETROSPOT GIANT TUBE MATCHES,99
21591,COSY HOUR CIGAR BOX MATCHES,114
21592,RETROSPOT CIGAR BOX MATCHES,156
21609,SET 12 LAVENDER  BOTANICAL T-LIGHTS,59
21613,S/12 VANILLA  BOTANICAL T-LIGHTS,37
21614,SET OF 12 ROSE BOTANICAL T-LIGHTS,7
21615,4 LAVENDER BOTANICAL DINNER CANDLES,86
21616,4 PEAR BOTANICAL DINNER CANDLES,84
21617,4 LILY  BOTANICAL DINNER CANDLES,62
21618,4 WILDFLOWER BOTANICAL CANDLES,48
21619,4 VANILLA BOTANICAL CANDLES,99
21620,SET OF 4 ROSE BOTANICAL CANDLES,97
21621,VINTAGE UNION JACK BUNTING,267
21622,VINTAGE UNION JACK CUSHION COVER,76
21623,VINTAGE UNION JACK MEMOBOARD,139
21624,VINTAGE UNION JACK DOORSTOP,72
21625,VINTAGE UNION JACK APRON,97
21626,VINTAGE UNION JACK PENNANT,64
21627,ELEPHANT CARNIVAL POUFFE,14
21628,TRIANGULAR POUFFE VINTAGE,14
21629,SQUARE FLOOR CUSHION VINTAGE RED,13
21630,FLOOR CUSHION ELEPHANT CARNIVAL,13
21631,HIPPY CHIC DECORATIVE PARASOL,15
21632,VINTAGE PINK DECORATIVE PARASOL,5
21633,SUNFLOWER DECORATIVE PARASOL,13
21634,ASSORTED MINI MADRAS NOTEBOOK,22
21635,MADRAS NOTEBOOK LARGE,15
21636,MADRAS NOTEBOOK MEDIUM,60
21637,ASSORTED SANSKRIT MINI NOTEBOOK,6
21638,ASSORTED TUTTI FRUTTI NOTEBOOK,25
21640,ASSORTED TUTTI FRUTTI  FOB NOTEBOOK,38
21641,ASSORTED TUTTI FRUTTI KEYRING BALL,19
21642,ASSORTED TUTTI FRUTTI PEN,79
21643,ASSORTED TUTTI FRUTTI MIRROR,27
21644,ASSORTED TUTTI FRUTTI HEART BOX,29
21647,ASSORTED TUTTI FRUTTI LARGE PURSE,21
21648,ASSORTED TUTTI FRUTTI SMALL PURSE,26
21650,ASSORTED TUTTI FRUTTI BRACELET,48
21651,HANGING GLASS ETCHED TEALIGHT,9
21654,RIDGED GLASS FINGER BOWL,40
21655,HANGING RIDGE GLASS T-LIGHT HOLDER,1
21656,RIDGED GLASS POSY VASE,15
21657,MILK BOTTLE WITH GLASS STOPPER,11
21658,GLASS  BEURRE DISH,82
21661,VINTAGE GLASS TEA CADDY,3
21662,VINTAGE GLASS COFFEE CADDY,14
21664,RIDGED GLASS STORAGE JAR CREAM LID,15
21666,RIDGED GLASS T-LIGHT HOLDER,21
21667,GLASS CAKE COVER AND PLATE,1
21668,RED STRIPE CERAMIC DRAWER KNOB,169
21669,BLUE STRIPE CERAMIC DRAWER KNOB,167
21670,BLUE SPOT CERAMIC DRAWER KNOB,158
21671,RED SPOT CERAMIC DRAWER KNOB,164
21672,WHITE SPOT RED CERAMIC DRAWER KNOB,159
21673,WHITE SPOT BLUE CERAMIC DRAWER KNOB,154
21675,BUTTERFLIES STICKERS,45
21676,FLOWERS  STICKERS,21
21677,HEARTS  STICKERS,62
21678,PAISLEY PATTERN  STICKERS,16
21679,SKULLS  STICKERS,67
21680,WOODLAND  STICKERS,43
21681,GIANT MEDINA STAMPED METAL BOWL,2
21682,LARGE MEDINA STAMPED METAL BOWL,42
21683,MEDIUM MEDINA STAMPED METAL BOWL,39
21684,SMALL MEDINA STAMPED METAL BOWL,27
21686,MEDINA STAMPED METAL STOOL,6
21688,SILVER PLATE CANDLE BOWL SMALL,36
21689,SILVER VANILLA  FLOWER CANDLE POT,22
21690,SILVER  CANDLEPOT JARDIN,6
21692,SILVER LATTICE VANILLA CANDLE POT,7
21693,SMALL HAMMERED SILVER CANDLEPOT,40
21694,SMALL REGAL  SILVER CANDLEPOT,18
21695,SMALL SILVER FLOWER CANDLE POT,35
21696,SMALL SILVER TRELLIS CANDLEPOT,27
21698,MOCK LOBSTER FRIDGE MAGNET,22
21700,BIG DOUGHNUT FRIDGE MAGNETS,58
21703,BAG 125g SWIRLY MARBLES,175
21704,BAG 250g SWIRLY MARBLES,137
21705,BAG 500g SWIRLY MARBLES,89
21706,FOLDING UMBRELLA RED/WHITE POLKADOT,53
21707,FOLDING UMBRELLA BLACKBLUE POLKADOT,44
21708,FOLDING UMBRELLA CREAM POLKADOT,28
21709,FOLDING UMBRELLA CHOCOLATE POLKADOT,30
21710,FOLDING UMBRELLA PINKWHITE POLKADOT,29
21711,FOLDING UMBRELLA WHITE/RED POLKADOT,22
21713,CITRONELLA CANDLE FLOWERPOT,103
21714,CITRONELLA CANDLE GARDEN POT,106
21715,GIRLS VINTAGE TIN SEASIDE BUCKET,116
21716,BOYS VINTAGE TIN SEASIDE BUCKET,112
21717,EASTER TIN BUCKET,34
21718,RED METAL BEACH SPADE,106
21719,LOVELY BONBON STICKER SHEET,29
21720,CAKE SHOP  STICKER SHEET,8
21721,CANDY SHOP  STICKER SHEET,19
21722,SWEET PUDDING STICKER SHEET,13
21723,ALPHABET HEARTS STICKER SHEET,29
21724,PANDA AND BUNNIES STICKER SHEET,43
21725,SWEETIES  STICKERS,26
21726,MULTI HEARTS  STICKERS,29
21730,GLASS STAR FROSTED T-LIGHT HOLDER,79
21731,RED TOADSTOOL LED NIGHT LIGHT,266
21733,RED HANGING HEART T-LIGHT HOLDER,385
21735,TWO DOOR CURIO CABINET,60
21736,GOLD SCROLL GLASS T-LIGHT HOLDER,5
21738,COSY SLIPPER SHOES SMALL  RED,17
21739,COSY SLIPPER SHOES SMALL GREEN,38
21741,COSY SLIPPER SHOES LARGE GREEN,27
21742,LARGE ROUND WICKER PLATTER,75
21743,STAR PORTABLE TABLE LIGHT,28
21744,SNOWFLAKE PORTABLE TABLE LIGHT,66
21745,GAOLERS KEYS DECORATIVE GARDEN,115
21746,SMALL RED RETROSPOT WINDMILL,122
21747,SMALL SKULL WINDMILL,31
21749,LARGE RED RETROSPOT WINDMILL,80
21750,LARGE SKULL WINDMILL,15
21754,HOME BUILDING BLOCK WORD,360
21755,LOVE BUILDING BLOCK WORD,337
21756,BATH BUILDING BLOCK WORD,168
21757,LIGHTHOUSE PRINTED METAL SIGN,3
21758,VINTAGE SHELLS PRINT,13
21761,WOOD AND GLASS MEDICINE CABINET,10
21763,VINTAGE WOODEN BAR STOOL,4
21769,VINTAGE POST OFFICE CABINET,2
21770,OPEN CLOSED METAL SIGN,263
21773,DECORATIVE ROSE BATHROOM BOTTLE,50
21774,DECORATIVE CATS BATHROOM BOTTLE,39
21775,DECORATIVE FLORE BATHROOM BOTTLE,34
21777,RECIPE BOX WITH METAL HEART,3
21781,MA CAMPAGNE CUTLERY BOX,51
21784,SHOE SHINE BOX,20
21785,RAIN PONCHO,3
21786,POLKADOT RAIN HAT,56
21787,RAIN PONCHO RETROSPOT,115
21788,KIDS RAIN MAC BLUE,59
21789,KIDS RAIN MAC PINK,55
21790,VINTAGE SNAP CARDS,449
21791,VINTAGE HEADS AND TAILS CARD GAME,342
21792,CLASSIC FRENCH STYLE BASKET GREEN,58
21793,CLASSIC FRENCH STYLE BASKET BROWN,57
21794,CLASSIC FRENCH STYLE BASKET NATURAL,79
21801,CHRISTMAS TREE DECORATION WITH BELL,22
21802,CHRISTMAS TREE HEART DECORATION,45
21803,CHRISTMAS TREE STAR DECORATION,46
21804,WHITE CHRISTMAS GARLAND STARS TREES,37
21807,WHITE CHRISTMAS STAR DECORATION,24
21808,"CHRISTMAS GARLAND STARS,TREES",21
21809,CHRISTMAS HANGING TREE WITH BELL,72
21810,CHRISTMAS HANGING STAR WITH BELL,129
21811,HANGING HEART WITH BELL,119
21812,GARLAND WITH HEARTS AND BELLS,36
21813,GARLAND WITH STARS AND BELLS,38
21814,HEART T-LIGHT HOLDER,11
21815,STAR  T-LIGHT HOLDER,15
21816,CHRISTMAS TREE T-LIGHT HOLDER,6
21817,GLITTER CHRISTMAS TREE,48
21818,GLITTER HEART DECORATION,117
21819,GLITTER CHRISTMAS STAR,95
21820,GLITTER HEART GARLAND WITH BELLS,49
21821,GLITTER STAR GARLAND WITH BELLS,35
21822,GLITTER CHRISTMAS TREE WITH BELLS,45
21823,PAINTED METAL HEART WITH HOLLY BELL,61
21824,PAINTED METAL STAR WITH HOLLY BELLS,63
21826,EIGHT PIECE DINOSAUR SET,16
21827,EIGHT PIECE CREEPY CRAWLIE SET,3
21828,EIGHT PIECE SNAKE  SET,53
21829,DINOSAUR KEYRINGS ASSORTED,104
21830,ASSORTED CREEPY CRAWLIES,63
21832,CHOCOLATE CALCULATOR,83
21833,CAMOUFLAGE LED TORCH,87
21836,GINGHAM OVEN GLOVE RED HEART,2
21839,MUMMY MOUSE RED GINGHAM RIBBON,1
21841,BABY MOUSE RED GINGHAM DRESS,19
21843,RED RETROSPOT CAKE STAND,260
21844,RED RETROSPOT MUG,99
21845,DAIRY MAID STRIPE MUG,63
21846,PINK DIAMANTE PEN IN GIFT BOX,12
21847,GREEN  DIAMANTE PEN IN GIFT BOX,5
21849,SILVER DIAMANTE PEN IN GIFT BOX,16
21850,BLUE  DIAMANTE PEN IN GIFT BOX,12
21851,LILAC DIAMANTE PEN IN GIFT BOX,12
21864,UNION JACK FLAG PASSPORT COVER,65
21865,PINK UNION JACK  PASSPORT COVER,52
21866,UNION JACK FLAG LUGGAGE TAG,79
21867,PINK UNION JACK  LUGGAGE TAG,56
21868,POTTING SHED TEA MUG,153
21870,I CAN ONLY PLEASE ONE PERSON MUG,97
21871,SAVE THE PLANET MUG,133
21872,GLAMOROUS  MUG,81
21873,IF YOU CAN'T STAND THE HEAT MUG,62
21874,GIN AND TONIC MUG,110
21875,KINGS CHOICE MUG,83
21876,POTTERING MUG,141
21877,HOME SWEET HOME MUG,174
21878,PACK OF 6 SANDCASTLE FLAGS ASSORTED,120
21879,HEARTS GIFT TAPE,52
21880,RED RETROSPOT TAPE,84
21881,CUTE CATS TAPE,37
21882,SKULLS TAPE,35
21883,STARS GIFT TAPE,82
21884,CAKES AND BOWS GIFT  TAPE,43
21888,BINGO SET,210
21889,WOODEN BOX OF DOMINOES,336
21890,S/6 WOODEN SKITTLES IN COTTON BAG,143
21891,TRADITIONAL WOODEN SKIPPING ROPE,264
21892,TRADITIONAL WOODEN CATCH CUP GAME,235
21894,POTTING SHED SEED ENVELOPES,57
21895,POTTING SHED SOW 'N' GROW SET,1
21896,POTTING SHED TWINE,79
21897,POTTING SHED CANDLE CITRONELLA,1
21898,POTTING SHED ROSE CANDLE,6
21899,GARAGE KEY FOB,148
21900,"KEY FOB , SHED",166
21901,"KEY FOB , BACK DOOR",143
21902,"KEY FOB , FRONT  DOOR",114
21903,MAN FLU METAL SIGN,113
21904,HOUSE WRECKING METAL SIGN,21
21905,MORE BUTTER METAL SIGN,84
21906,PHARMACIE FIRST AID TIN,71
21907,I'M ON HOLIDAY METAL SIGN,208
21908,CHOCOLATE THIS WAY METAL SIGN,220
21910,WAY OUT METAL SIGN,8
21911,GARDEN METAL SIGN,18
21912,VINTAGE SNAKES & LADDERS,201
21913,VINTAGE SEASIDE JIGSAW PUZZLES,72
21914,BLUE HARMONICA IN BOX,306
21915,RED  HARMONICA IN BOX,349
21916,SET 12 RETRO WHITE CHALK STICKS,156
21917,SET 12 KIDS  WHITE CHALK STICKS,132
21918,SET 12 KIDS COLOUR  CHALK STICKS,193
21922,UNION STRIPE WITH FRINGE  HAMMOCK,113
21925,UNION STRIPE CUSHION COVER,38
21926,RED/CREAM STRIPE CUSHION COVER,35
21927,BLUE/CREAM STRIPE CUSHION COVER,41
21928,JUMBO BAG SCANDINAVIAN BLUE PAISLEY,264
21929,JUMBO BAG PINK VINTAGE PAISLEY,308
21930,JUMBO STORAGE BAG SKULLS,220
21931,JUMBO STORAGE BAG SUKI,333
21932,SCANDINAVIAN PAISLEY PICNIC BAG,218
21933,PINK VINTAGE PAISLEY PICNIC BAG,198
21934,SKULL SHOULDER BAG,85
21935,SUKI  SHOULDER BAG,121
21936,RED RETROSPOT PICNIC BAG,223
21937,STRAWBERRY   PICNIC BAG,146
21942,SKULLS DESIGN FLANNEL,14
21943,CAKES AND RABBITS DESIGN FLANNEL,7
21944,KITTENS DESIGN FLANNEL,24
21945,STRAWBERRIES  DESIGN FLANNEL,27
21946,PARTY TIME DESIGN FLANNEL,8
21947,SET OF 6 HEART CHOPSTICKS,62
21948,SET OF 6 CAKE CHOPSTICKS,37
21949,SET OF 6 STRAWBERRY CHOPSTICKS,46
21955,DOORMAT UNION JACK GUNS AND ROSES,108
21967,PACK OF 12 SKULL TISSUES,129
21972,SET OF 36 DINOSAUR PAPER DOILIES,35
21973,SET OF 36 MUSHROOM PAPER DOILIES,25
21974,SET OF 36 PAISLEY FLOWER DOILIES,177
21975,PACK OF 60 DINOSAUR CAKE CASES,287
21976,PACK OF 60 MUSHROOM CAKE CASES,181
21977,PACK OF 60 PINK PAISLEY CAKE CASES,410
21980,PACK OF 12 RED RETROSPOT TISSUES,192
21981,PACK OF 12 WOODLAND TISSUES,143
21982,PACK OF 12 SUKI TISSUES,182
21983,PACK OF 12 BLUE PAISLEY TISSUES,98
21984,PACK OF 12 PINK PAISLEY TISSUES,123
21985,PACK OF 12 HEARTS DESIGN TISSUES,262
21986,PACK OF 12 PINK POLKADOT TISSUES,118
21987,PACK OF 6 SKULL PAPER CUPS,106
21988,PACK OF 6 SKULL PAPER PLATES,101
21989,PACK OF 20 SKULL PAPER NAPKINS,130
21990,MODERN FLORAL STATIONERY SET,127
21991,BOHEMIAN COLLAGE STATIONERY SET,80
21992,VINTAGE PAISLEY STATIONERY SET,160
21993,FLORAL FOLK STATIONERY SET,151
22021,BLUE FELT EASTER EGG BASKET,60
22023,EMPIRE BIRTHDAY CARD,71
22024,RAINY LADIES BIRTHDAY CARD,90
22025,RING OF ROSES BIRTHDAY CARD,73
22026,BANQUET BIRTHDAY  CARD,71
22027,TEA PARTY BIRTHDAY CARD,180
22028,PENNY FARTHING BIRTHDAY CARD,124
22029,SPACEBOY BIRTHDAY CARD,234
22030,SWALLOWS GREETING CARD,179
22031,BOTANICAL LAVENDER BIRTHDAY CARD,28
22032,BOTANICAL LILY GREETING CARD,28
22033,BOTANICAL ROSE GREETING CARD,20
22034,ROBIN CHRISTMAS CARD,1
22035,VINTAGE CARAVAN GREETING CARD,65
22037,ROBOT BIRTHDAY CARD,173
22038,BOTANICAL LAVENDER GIFT WRAP,19
22039,BOTANICAL LILY GIFT WRAP,6
22040,BOTANICAL ROSE GIFT WRAP,27
22041,"RECORD FRAME 7"" SINGLE SIZE",73
22042,CHRISTMAS CARD SINGING ANGEL,24
22043,CHRISTMAS CARD SCREEN PRINT,40
22044,CHRISTMAS CARD STACK OF PRESENTS,35
22045,SPACEBOY GIFT WRAP,148
22046,TEA PARTY  WRAPPING PAPER,62
22047,EMPIRE GIFT WRAP,93
22048,BIRTHDAY BANQUET GIFT WRAP,32
22049,WRAP CHRISTMAS SCREEN PRINT,26
22050,PINK PAISLEY ROSE GIFT WRAP,37
22051,BLUE SCANDINAVIAN PAISLEY WRAP,36
22052,VINTAGE CARAVAN GIFT WRAP,22
22053,EMPIRE DESIGN ROSETTE,23
22055,MINI CAKE STAND  HANGING STRAWBERY,102
22057,CERAMIC PLATE STRAWBERRY DESIGN,46
22059,CERAMIC STRAWBERRY DESIGN MUG,85
22060,LARGE CAKE STAND HANGING HEARTS,31
22061,LARGE CAKE STAND  HANGING STRAWBERY,86
22062,CERAMIC BOWL WITH LOVE HEART DESIGN,44
22063,CERAMIC BOWL WITH STRAWBERRY DESIGN,56
22064,PINK DOUGHNUT TRINKET POT,85
22065,CHRISTMAS PUDDING TRINKET POT,132
22066,LOVE HEART TRINKET POT,99
22067,CHOC TRUFFLE GOLD TRINKET POT,32
22068,BLACK PIRATE TREASURE CHEST,56
22069,BROWN  PIRATE TREASURE CHEST,26
22070,SMALL RED RETROSPOT MUG IN BOX,62
22071,SMALL WHITE RETROSPOT MUG IN BOX,64
22072,RED RETROSPOT TEA CUP AND SAUCER,90
22073,RED RETROSPOT STORAGE JAR,38
22074,6 RIBBONS SHIMMERING PINKS,61
22075,6 RIBBONS ELEGANT CHRISTMAS,96
22076,6 RIBBONS EMPIRE,96
22077,6 RIBBONS RUSTIC CHARM,413
22078,RIBBON REEL LACE DESIGN,105
22079,RIBBON REEL HEARTS DESIGN,190
22080,RIBBON REEL POLKADOTS,116
22081,RIBBON REEL FLORA + FAUNA,74
22082,RIBBON REEL STRIPES DESIGN,250
22083,PAPER CHAIN KIT RETROSPOT,294
22084,PAPER CHAIN KIT EMPIRE,277
22085,PAPER CHAIN KIT SKULLS,62
22086,PAPER CHAIN KIT 50'S CHRISTMAS,613
22087,PAPER BUNTING WHITE LACE,155
22088,PAPER BUNTING COLOURED LACE,115
22089,PAPER BUNTING VINTAGE PAISLEY,142
22090,PAPER BUNTING RETROSPOT,325
22091,EMPIRE TISSUE BOX,97
22092,BLUE PAISLEY TISSUE BOX,75
22093,MOTORING TISSUE BOX,114
22094,RED RETROSPOT TISSUE BOX,117
22095,LADS ONLY TISSUE BOX,72
22096,PINK PAISLEY SQUARE TISSUE BOX,89
22097,SWALLOW SQUARE TISSUE BOX,103
22098,BOUDOIR SQUARE TISSUE BOX,98
22099,CARAVAN SQUARE TISSUE BOX,96
22100,SKULLS SQUARE TISSUE BOX,34
22101,MIRROR MOSAIC VOTIVE HOLDER,21
22102,MIRROR MOSAIC T-LIGHT HOLDER,13
22103,MIRROR MOSAIC T-LIGHT HOLDER ROUND,12
22104,MIRROR MOSAIC CANDLE PLATE,9
22105,MIRROR MOSAIC GOBLET CANDLE HOLDER,9
22106,MIRROR MOSAIC HURRICANE LAMP,9
22107,PIZZA PLATE IN BOX,44
22108,PING! MICROWAVE PLATE,16
22109,FULL ENGLISH BREAKFAST PLATE,100
22110,BIRD HOUSE HOT WATER BOTTLE,116
22111,SCOTTIE DOG HOT WATER BOTTLE,425
22112,CHOCOLATE HOT WATER BOTTLE,382
22113,GREY HEART HOT WATER BOTTLE,337
22114,HOT WATER BOTTLE TEA AND SYMPATHY,325
22115,METAL SIGN EMPIRE TEA,152
22116,METAL SIGN HIS DINNER IS SERVED,65
22117,METAL SIGN HER DINNER IS SERVED,58
22118,JOY WOODEN BLOCK LETTERS,67
22119,PEACE WOODEN BLOCK LETTERS,82
22120,WELCOME  WOODEN BLOCK LETTERS,121
22121,NOEL WOODEN BLOCK LETTERS,94
22123,PING MICROWAVE APRON,59
22124,SET OF 2 TEA TOWELS PING MICROWAVE,14
22125,UNION JACK HOT WATER BOTTLE,1
22127,PARTY CONES CARNIVAL ASSORTED,20
22128,PARTY CONES CANDY ASSORTED,62
22129,PARTY CONES CANDY TREE DECORATION,33
22130,PARTY CONE CHRISTMAS DECORATION,78
22131,FOOD CONTAINER SET 3 LOVE HEART,115
22132,RED LOVE HEART SHAPE CUP,60
22133,PINK LOVE HEART SHAPE CUP,41
22134,MINI LADLE LOVE HEART RED,29
22135,MINI LADLE LOVE HEART PINK,22
22136,LOVE HEART SOCK HANGER,37
22137,BATHROOM SET LOVE HEART DESIGN,9
22138,BAKING SET 9 PIECE RETROSPOT,581
22139,RETROSPOT TEA SET CERAMIC 11 PC,488
22141,CHRISTMAS CRAFT TREE TOP ANGEL,256
22142,CHRISTMAS CRAFT WHITE FAIRY,259
22144,CHRISTMAS CRAFT LITTLE FRIENDS,319
22145,CHRISTMAS CRAFT HEART STOCKING,1
22146,EASTER CRAFT IVY WREATH WITH CHICK,1
22147,FELTCRAFT BUTTERFLY HEARTS,287
22148,EASTER CRAFT 4 CHICKS,148
22149,FELTCRAFT 6 FLOWER FRIENDS,337
22150,3 STRIPEY MICE FELTCRAFT,288
22151,PLACE SETTING WHITE HEART,174
22152,PLACE SETTING WHITE STAR,70
22153,ANGEL DECORATION STARS ON DRESS,61
22154,ANGEL DECORATION 3 BUTTONS,87
22155,STAR DECORATION RUSTIC,67
22156,HEART DECORATION WITH PEARLS,106
22157,ANGEL DECORATION WITH LACE PADDED,11
22158,3 HEARTS HANGING DECORATION RUSTIC,196
22161,HEART DECORATION RUSTIC HANGING,118
22162,HEART GARLAND RUSTIC PADDED,21
22163,HEART STRING MEMO HOLDER HANGING,41
22164,STRING OF STARS CARD HOLDER,11
22165,"DIAMANTE HEART SHAPED WALL MIRROR,",27
22166,WALL MIRROR RECTANGLE DIAMANTE PINK,13
22167,OVAL WALL MIRROR DIAMANTE,41
22168,ORGANISER WOOD ANTIQUE WHITE,69
22169,FAMILY ALBUM WHITE PICTURE FRAME,165
22170,PICTURE FRAME WOOD TRIPLE PORTRAIT,142
22171,3 HOOK PHOTO SHELF ANTIQUE WHITE,172
22173,METAL 4 HOOK HANGER FRENCH CHATEAU,210
22174,PHOTO CUBE,104
22175,PINK OWL SOFT TOY,84
22176,BLUE OWL SOFT TOY,62
22178,VICTORIAN GLASS HANGING T-LIGHT,403
22179,SET 10 NIGHT OWL LIGHTS,98
22180,RETROSPOT LAMP,92
22181,SNOWSTORM PHOTO FRAME FRIDGE MAGNET,40
22182,CAKE STAND VICTORIAN FILIGREE SMALL,30
22183,CAKE STAND VICTORIAN FILIGREE MED,16
22184,CAKE STAND VICTORIAN FILIGREE LARGE,3
22185,SLATE TILE NATURAL HANGING,111
22186,RED STAR CARD HOLDER,111
22187,GREEN CHRISTMAS TREE CARD HOLDER,123
22188,BLACK HEART CARD HOLDER,123
22189,CREAM HEART CARD HOLDER,274
22190,LOCAL CAFE MUG,38
22191,IVORY DINER WALL CLOCK,239
22192,BLUE DINER WALL CLOCK,179
22193,RED DINER WALL CLOCK,206
22194,BLACK DINER WALL CLOCK,24
22195,LARGE HEART MEASURING SPOONS,148
22196,SMALL HEART MEASURING SPOONS,146
22197,POPCORN HOLDER,407
22198,LARGE POPCORN HOLDER,42
22199,FRYING PAN RED RETROSPOT,71
22200,FRYING PAN PINK POLKADOT,51
22201,FRYING PAN BLUE POLKADOT,29
22202,MILK PAN PINK POLKADOT,16
22203,MILK PAN RED RETROSPOT,75
22204,MILK PAN BLUE POLKADOT,23
22207,FRYING PAN UNION FLAG,68
22208,WOOD STAMP SET THANK YOU,148
22209,WOOD STAMP SET HAPPY BIRTHDAY,100
22210,WOOD STAMP SET BEST WISHES,117
22211,WOOD STAMP SET FLOWERS,101
22212,FOUR HOOK  WHITE LOVEBIRDS,145
22214,CANDLE PLATE LACE WHITE,18
22215,CAKE STAND WHITE TWO TIER LACE,71
22216,T-LIGHT HOLDER WHITE LACE,17
22217,T-LIGHT HOLDER HANGING LACE,63
22218,CAKE STAND LACE WHITE,1
22219,LOVEBIRD HANGING DECORATION WHITE,190
22220,CAKE STAND LOVEBIRD 2 TIER WHITE,64
22221,CAKE STAND LOVEBIRD 2 TIER PINK,37
22222,CAKE PLATE LOVEBIRD WHITE,104
22223,CAKE PLATE LOVEBIRD PINK,34
22224,WHITE LOVEBIRD LANTERN,89
22227,HANGING HEART MIRROR DECORATION,83
22228,BUNNY WOODEN PAINTED WITH BIRD,81
22229,BUNNY WOODEN PAINTED WITH FLOWER,54
22230,JIGSAW TREE WITH WATERING CAN,50
22231,JIGSAW TREE WITH BIRDHOUSE,93
22232,JIGSAW TOADSTOOLS 3 PIECE,54
22233,JIGSAW RABBIT AND BIRDHOUSE,70
22236,CAKE STAND 3 TIER MAGIC GARDEN,67
22241,GARLAND WOODEN HAPPY EASTER,125
22242,5 HOOK HANGER MAGIC TOADSTOOL,23
22243,5 HOOK HANGER RED MAGIC TOADSTOOL,71
22244,3 HOOK HANGER MAGIC GARDEN,66
22245,"HOOK, 1 HANGER ,MAGIC GARDEN",44
22246,MAGIC GARDEN FELT GARLAND,31
22247,BUNNY DECORATION MAGIC GARDEN,54
22248,DECORATION  PINK CHICK MAGIC GARDEN,43
22249,DECORATION WHITE CHICK MAGIC GARDEN,73
22250,DECORATION  BUTTERFLY  MAGIC GARDEN,57
22251,BIRDHOUSE DECORATION MAGIC GARDEN,66
22252,BIRDCAGE DECORATION TEALIGHT HOLDER,48
22254,FELT TOADSTOOL LARGE,33
22255,FELT TOADSTOOL  SMALL,33
22256,FELT FARM ANIMAL CHICKEN,32
22257,FELT FARM ANIMAL SHEEP,16
22258,FELT FARM ANIMAL RABBIT,35
22259,FELT FARM ANIMAL HEN,16
22260,FELT EGG COSY BLUE RABBIT,37
22261,FELT EGG COSY WHITE RABBIT,61
22262,FELT EGG COSY CHICKEN,62
22263,FELT EGG COSY LADYBIRD,14
22264,FELT FARM ANIMAL WHITE BUNNY,38
22265,EASTER DECORATION NATURAL CHICK,42
22266,EASTER DECORATION HANGING BUNNY,69
22267,EASTER DECORATION EGG BUNNY,67
22268,EASTER DECORATION SITTING BUNNY,73
22269,EGG CUP NATURAL CHICKEN,62
22270,HAPPY EASTER HANGING DECORATION,35
22271,FELTCRAFT DOLL ROSIE,181
22272,FELTCRAFT DOLL MARIA,43
22273,FELTCRAFT DOLL MOLLY,211
22274,FELTCRAFT DOLL EMILY,168
22275,WEEKEND BAG VINTAGE ROSE PAISLEY,1
22276,WASH BAG VINTAGE ROSE PAISLEY,53
22277,COSMETIC BAG VINTAGE ROSE PAISLEY,54
22278,OVERNIGHT BAG VINTAGE ROSE PAISLEY,59
22279,POCKET BAG BLUE PAISLEY RED SPOT,43
22280,POCKET BAG PINK PAISELY BROWN SPOT,26
22281,EASTER TREE YELLOW BIRDS,35
22282,12 EGG HOUSE PAINTED WOOD,39
22283,6 EGG HOUSE PAINTED WOOD,82
22284,HEN HOUSE DECORATION,78
22285,HANGING HEN ON NEST DECORATION,74
22286,DECORATION WOBBLY RABBIT METAL,64
22287,"DECORATION , WOBBLY CHICKEN, METAL",51
22288,HANGING METAL RABBIT DECORATION,37
22289,HANGING METAL CHICKEN DECORATION,19
22291,HANGING CHICK CREAM DECORATION,72
22292,HANGING CHICK  YELLOW DECORATION,76
22293,HANGING CHICK GREEN DECORATION,63
22294,HEART FILIGREE DOVE  SMALL,162
22295,HEART FILIGREE DOVE LARGE,155
22296,HEART IVORY TRELLIS LARGE,189
22297,HEART IVORY TRELLIS SMALL,157
22299,PIG KEYRING WITH LIGHT & SOUND,38
22300,COFFEE MUG DOG + BALL DESIGN,100
22301,COFFEE MUG CAT + BIRD DESIGN,123
22302,COFFEE MUG PEARS  DESIGN,134
22303,COFFEE MUG APPLES DESIGN,155
22304,COFFEE MUG BLUE PAISLEY DESIGN,38
22305,COFFEE MUG PINK PAISLEY DESIGN,35
22306,SILVER MUG BONE CHINA TREE OF LIFE,85
22307,GOLD MUG BONE CHINA TREE OF LIFE,53
22308,TEA COSY BLUE STRIPE,27
22309,TEA COSY RED  STRIPE,48
22310,IVORY KNITTED MUG COSY,29
22311,OFFICE MUG WARMER BLACK+SILVER,61
22312,OFFICE MUG WARMER POLKADOT,61
22313,OFFICE MUG WARMER PINK,41
22314,OFFICE MUG WARMER CHOC+BLUE,58
22315,200 RED + WHITE BENDY STRAWS,90
22316,200 BENDY SKULL STRAWS,28
22317,FIVE CATS HANGING DECORATION,35
22318,FIVE HEART HANGING DECORATION,67
22319,HAIRCLIPS FORTIES FABRIC ASSORTED,53
22320,BIRDS MOBILE VINTAGE DESIGN,56
22321,BIRD DECORATION RED RETROSPOT,45
22322,BIRD DECORATION GREEN POLKADOT,30
22323,PINK POLKADOT KIDS BAG,1
22324,BLUE POLKADOT KIDS BAG,20
22325,MOBILE VINTAGE HEARTS,49
22326,ROUND SNACK BOXES SET OF4 WOODLAND,281
22327,ROUND SNACK BOXES SET OF 4 SKULLS,106
22328,ROUND SNACK BOXES SET OF 4 FRUITS,227
22329,ROUND CONTAINER SET OF 5 RETROSPOT,103
22331,WOODLAND PARTY BAG + STICKER SET,101
22332,SKULLS PARTY BAG + STICKER SET,92
22333,RETROSPOT PARTY BAG + STICKER SET,167
22334,DINOSAUR PARTY BAG + STICKER SET,77
22335,HEART DECORATION PAINTED ZINC,88
22336,DOVE DECORATION PAINTED ZINC,47
22337,ANGEL DECORATION PAINTED ZINC,24
22338,STAR DECORATION PAINTED ZINC,94
22339,CHRISTMAS TREE PAINTED ZINC,44
22340,NOEL GARLAND PAINTED ZINC,53
22341,LOVE GARLAND PAINTED ZINC,37
22342,HOME GARLAND PAINTED ZINC,49
22343,PARTY PIZZA DISH RED RETROSPOT,48
22344,PARTY PIZZA DISH PINK POLKADOT,34
22345,PARTY PIZZA DISH BLUE POLKADOT,29
22346,PARTY PIZZA DISH GREEN POLKADOT,23
22348,TEA BAG PLATE RED RETROSPOT,144
22349,DOG BOWL CHASING BALL DESIGN,85
22350,ILLUSTRATED CAT BOWL,63
22351,DOTCOMGIFTSHOP TEA TOWEL,1
22352,LUNCH BOX WITH CUTLERY RETROSPOT,185
22353,LUNCH BOX WITH CUTLERY FAIRY CAKES,23
22354,RETROSPOT PADDED SEAT CUSHION,43
22355,CHARLOTTE BAG SUKI DESIGN,249
22356,CHARLOTTE BAG PINK POLKADOT,220
22357,KINGS CHOICE BISCUIT TIN,69
22358,KINGS CHOICE TEA CADDY,87
22359,GLASS JAR KINGS CHOICE,47
22360,GLASS JAR ENGLISH CONFECTIONERY,102
22361,GLASS JAR DAISY FRESH COTTON WOOL,92
22362,GLASS JAR PEACOCK BATH SALTS,62
22363,GLASS JAR MARMALADE,46
22364,GLASS JAR DIGESTIVE BISCUITS,69
22365,DOORMAT RESPECTABLE HOUSE,83
22366,DOORMAT AIRMAIL,104
22367,CHILDRENS APRON SPACEBOY DESIGN,298
22371,AIRLINE BAG VINTAGE TOKYO 78,144
22372,AIRLINE BAG VINTAGE WORLD CHAMPION,81
22374,AIRLINE BAG VINTAGE JET SET RED,108
22375,AIRLINE BAG VINTAGE JET SET BROWN,67
22376,AIRLINE BAG VINTAGE JET SET WHITE,66
22377,BOTTLE BAG RETROSPOT,83
22378,WALL TIDY RETROSPOT,69
22379,RECYCLING BAG RETROSPOT,187
22380,TOY TIDY SPACEBOY,114
22381,TOY TIDY PINK POLKADOT,133
22382,LUNCH BAG SPACEBOY DESIGN,490
22383,LUNCH BAG SUKI DESIGN,434
22384,LUNCH BAG PINK POLKADOT,444
22385,JUMBO BAG SPACEBOY DESIGN,247
22386,JUMBO BAG PINK POLKADOT,372
22389,PAPERWEIGHT SAVE THE PLANET,36
22390,PAPERWEIGHT CHILDHOOD MEMORIES,24
22391,PAPERWEIGHT HOME SWEET HOME,18
22393,PAPERWEIGHT VINTAGE COLLAGE,43
22394,PAPERWEIGHT KINGS CHOICE,16
22395,PAPERWEIGHT VINTAGE PAISLEY,15
22396,MAGNETS PACK OF 4 RETRO PHOTO,87
22398,MAGNETS PACK OF 4 SWALLOWS,167
22399,MAGNETS PACK OF 4 CHILDHOOD MEMORY,71
22400,MAGNETS PACK OF 4 HOME SWEET HOME,112
22402,MAGNETS PACK OF 4 VINTAGE COLLAGE,107
22403,MAGNETS PACK OF 4 VINTAGE LABELS,72
22405,MONEY BOX POCKET MONEY DESIGN,46
22406,MONEY BOX KINGS CHOICE DESIGN,49
22407,MONEY BOX FIRST ADE DESIGN,17
22408,MONEY BOX CONFECTIONERY DESIGN,20
22409,MONEY BOX BISCUITS DESIGN,36
22410,MONEY BOX HOUSEKEEPING DESIGN,34
22411,JUMBO SHOPPER VINTAGE RED PAISLEY,375
22412,METAL SIGN NEIGHBOURHOOD WITCH,73
22413,METAL SIGN TAKE IT OR LEAVE IT,228
22414,DOORMAT NEIGHBOURHOOD WITCH,37
22415,WHITE TISSUE REAM,13
22416,SET OF 36 DOILIES SPACEBOY DESIGN,54
22417,PACK OF 60 SPACEBOY CAKE CASES,270
22418,10 COLOUR SPACEBOY PEN,179
22419,LIPSTICK PEN RED,94
22420,LIPSTICK PEN BABY PINK,55
22421,LIPSTICK PEN FUSCHIA,80
22422,TOOTHPASTE TUBE PEN,53
22423,REGENCY CAKESTAND 3 TIER,881
22424,ENAMEL BREAD BIN CREAM,189
22425,ENAMEL COLANDER CREAM,110
22426,ENAMEL WASH BOWL CREAM,104
22427,ENAMEL FLOWER JUG CREAM,311
22428,ENAMEL FIRE BUCKET CREAM,75
22429,ENAMEL MEASURING JUG CREAM,227
22430,ENAMEL WATERING CAN CREAM,131
22431,WATERING CAN BLUE ELEPHANT,159
22432,WATERING CAN PINK BUNNY,158
22433,WATERING CAN GREEN DINOSAUR,121
22434,BALLOON PUMP WITH 10 BALLOONS,94
22435,SET OF 9 HEART SHAPED BALLOONS,153
22436,12 COLOURED PARTY BALLOONS,105
22437,SET OF 9 BLACK SKULL BALLOONS,140
22438,BALLOON ART MAKE YOUR OWN FLOWERS,66
22439,6 ROCKET BALLOONS,116
22440,BALLOON WATER BOMB PACK OF 35,100
22441,GROW YOUR OWN BASIL IN ENAMEL MUG,130
22442,GROW YOUR OWN FLOWERS SET OF 3,68
22443,GROW YOUR OWN HERBS SET OF 3,60
22444,GROW YOUR OWN PLANT IN A CAN,29
22445,PENCIL CASE LIFE IS BEAUTIFUL,72
22446,PIN CUSHION BABUSHKA PINK,25
22447,PIN CUSHION BABUSHKA BLUE,16
22448,PIN CUSHION BABUSHKA RED,29
22449,SILK PURSE BABUSHKA PINK,65
22450,SILK PURSE BABUSHKA BLUE,41
22451,SILK PURSE BABUSHKA RED,35
22452,MEASURING TAPE BABUSHKA PINK,53
22453,MEASURING TAPE BABUSHKA BLUE,38
22454,MEASURING TAPE BABUSHKA RED,31
22456,NATURAL SLATE CHALKBOARD LARGE,220
22457,NATURAL SLATE HEART CHALKBOARD,587
22458,CAST IRON HOOK GARDEN FORK,12
22459,CAST IRON HOOK GARDEN TROWEL,12
22460,EMBOSSED GLASS TEALIGHT HOLDER,118
22461,SAVOY ART DECO CLOCK,35
22464,HANGING METAL HEART LANTERN,191
22465,HANGING METAL STAR LANTERN,119
22466,FAIRY TALE COTTAGE NIGHT LIGHT,114
22467,GUMBALL COAT RACK,262
22468,BABUSHKA LIGHTS STRING OF 10,82
22469,HEART OF WICKER SMALL,573
22470,HEART OF WICKER LARGE,485
22471,TV DINNER TRAY AIR HOSTESS,53
22472,TV DINNER TRAY DOLLY GIRL,58
22473,TV DINNER TRAY VINTAGE PAISLEY,58
22474,SPACEBOY TV DINNER TRAY,70
22475,SKULL DESIGN TV DINNER TRAY,49
22476,EMPIRE UNION JACK TV DINNER TRAY,61
22477,WATERING CAN GARDEN MARKER,63
22478,BIRDHOUSE GARDEN MARKER,59
22479,DAISY GARDEN MARKER,48
22480,RED TEA TOWEL CLASSIC DESIGN,57
22481,BLACK TEA TOWEL CLASSIC DESIGN,68
22482,BLUE TEA TOWEL CLASSIC DESIGN,40
22483,RED GINGHAM TEDDY BEAR,91
22485,SET OF 2 WOODEN MARKET CRATES,142
22486,PLASMATRONIC LAMP,9
22487,WHITE WOOD GARDEN PLANT LADDER,278
22488,NATURAL SLATE RECTANGLE CHALKBOARD,211
22489,PACK OF 12 TRADITIONAL CRAYONS,232
22491,PACK OF 12 COLOURED PENCILS,162
22492,MINI PAINT SET VINTAGE,213
22493,PAINT YOUR OWN CANVAS SET,125
22494,EMERGENCY FIRST AID TIN,79
22495,SET OF 2 ROUND TINS CAMEMBERT,60
22496,SET OF 2 ROUND TINS DUTCH CHEESE,63
22497,SET OF 2 TINS VINTAGE BATHROOM,50
22498,WOODEN REGATTA BUNTING,68
22499,WOODEN UNION JACK BUNTING,217
22500,SET OF 2 TINS JARDIN DE PROVENCE,78
22501,PICNIC BASKET WICKER LARGE,187
22502,PICNIC BASKET WICKER SMALL,175
22503,CABIN BAG VINTAGE PAISLEY,15
22504,CABIN BAG VINTAGE RETROSPOT,31
22505,MEMO BOARD COTTAGE DESIGN,186
22507,MEMO BOARD RETROSPOT  DESIGN,230
22508,DOORSTOP RETROSPOT HEART,177
22509,SEWING BOX RETROSPOT DESIGN,71
22510,GINGHAM BABUSHKA DOORSTOP,34
22511,RETROSPOT BABUSHKA DOORSTOP,44
22512,DOORSTOP RACING CAR DESIGN,28
22513,DOORSTOP FOOTBALL DESIGN,37
22514,CHILDS GARDEN SPADE BLUE,61
22515,CHILDS GARDEN SPADE PINK,53
22516,CHILDS GARDEN RAKE BLUE,35
22517,CHILDS GARDEN RAKE PINK,48
22518,CHILDS GARDEN BRUSH BLUE,44
22519,CHILDS GARDEN BRUSH PINK,53
22520,CHILDS GARDEN TROWEL BLUE,88
22521,CHILDS GARDEN TROWEL PINK,81
22522,CHILDS GARDEN FORK BLUE,100
22523,CHILDS GARDEN FORK PINK,98
22524,CHILDRENS GARDEN GLOVES BLUE,55
22525,CHILDRENS GARDEN GLOVES PINK,42
22526,WHEELBARROW FOR CHILDREN,55
22529,MAGIC DRAWING SLATE GO TO THE FAIR,52
22530,MAGIC DRAWING SLATE DOLLY GIRL,143
22531,MAGIC DRAWING SLATE CIRCUS PARADE,127
22532,MAGIC DRAWING SLATE LEAP FROG,54
22533,MAGIC DRAWING SLATE BAKE A CAKE,68
22534,MAGIC DRAWING SLATE SPACEBOY,172
22535,MAGIC DRAWING SLATE BUNNIES,88
22536,MAGIC DRAWING SLATE PURDEY,109
22537,MAGIC DRAWING SLATE DINOSAUR,115
22538,MINI JIGSAW GO TO THE FAIR,25
22539,MINI JIGSAW DOLLY GIRL,74
22540,MINI JIGSAW CIRCUS PARADE,50
22541,MINI JIGSAW LEAP FROG,19
22543,MINI JIGSAW BAKE A CAKE,32
22544,MINI JIGSAW SPACEBOY,101
22545,MINI JIGSAW BUNNIES,40
22546,MINI JIGSAW PURDEY,50
22547,MINI JIGSAW DINOSAUR,41
22548,HEADS AND TAILS SPORTING FUN,149
22549,PICTURE DOMINOES,195
22550,HOLIDAY FUN LUDO,136
22551,PLASTERS IN TIN SPACEBOY,339
22553,PLASTERS IN TIN SKULLS,281
22554,PLASTERS IN TIN WOODLAND ANIMALS,351
22555,PLASTERS IN TIN STRONGMAN,294
22556,PLASTERS IN TIN CIRCUS PARADE,305
22557,PLASTERS IN TIN VINTAGE PAISLEY,315
22558,CLOTHES PEGS RETROSPOT PACK 24,363
22559,SEASIDE FLYING DISC,33
22560,TRADITIONAL MODELLING CLAY,229
22561,WOODEN SCHOOL COLOURING SET,288
22562,MONSTERS STENCIL CRAFT,149
22563,HAPPY STENCIL CRAFT,171
22564,ALPHABET STENCIL CRAFT,120
22565,FELTCRAFT HAIRBANDS PINK AND WHITE,85
22566,FELTCRAFT HAIRBAND PINK AND PURPLE,94
22567,20 DOLLY PEGS RETROSPOT,135
22568,FELTCRAFT CUSHION OWL,244
22569,FELTCRAFT CUSHION BUTTERFLY,192
22570,FELTCRAFT CUSHION RABBIT,202
22571,ROCKING HORSE RED CHRISTMAS,152
22572,ROCKING HORSE GREEN CHRISTMAS,114
22573,STAR WOODEN CHRISTMAS DECORATION,127
22574,HEART WOODEN CHRISTMAS DECORATION,131
22575,METAL MERRY CHRISTMAS WREATH,61
22576,SWALLOW WOODEN CHRISTMAS DECORATION,102
22577,WOODEN HEART CHRISTMAS SCANDINAVIAN,343
22578,WOODEN STAR CHRISTMAS SCANDINAVIAN,332
22579,WOODEN TREE CHRISTMAS SCANDINAVIAN,226
22580,ADVENT CALENDAR GINGHAM SACK,127
22581,WOOD STOCKING CHRISTMAS SCANDISPOT,83
22582,PACK OF 6 SWEETIE GIFT BOXES,73
22583,PACK OF 6 HANDBAG GIFT BOXES,73
22584,PACK OF 6 PANNETONE GIFT BOXES,127
22585,PACK OF 6 BIRDY GIFT TAGS,241
22586,FELTCRAFT HAIRBAND PINK AND BLUE,100
22587,FELTCRAFT HAIRBAND RED AND BLUE,103
22588,CARD HOLDER GINGHAM HEART,110
22589,CARDHOLDER GINGHAM STAR,46
22591,CARDHOLDER GINGHAM CHRISTMAS TREE,53
22592,CARDHOLDER HOLLY WREATH METAL,79
22593,CHRISTMAS GINGHAM STAR,106
22594,CHRISTMAS GINGHAM TREE,93
22595,GINGHAM HEART DECORATION,274
22596,CHRISTMAS STAR WISH LIST CHALKBOARD,196
22597,MUSICAL ZINC HEART DECORATION,95
22598,CHRISTMAS MUSICAL ZINC TREE,42
22599,CHRISTMAS MUSICAL ZINC STAR,58
22600,CHRISTMAS RETROSPOT STAR WOOD,120
22601,CHRISTMAS RETROSPOT ANGEL WOOD,121
22602,RETROSPOT WOODEN HEART DECORATION,141
22603,CHRISTMAS RETROSPOT TREE WOOD,111
22604,SET OF 4 NAPKIN CHARMS CUTLERY,77
22605,WOODEN CROQUET GARDEN SET,181
22606,WOODEN SKITTLES GARDEN SET,110
22607,WOODEN ROUNDERS GARDEN SET,224
22608,PENS ASSORTED FUNKY JEWELED,63
22609,PENS ASSORTED SPACEBALL,89
22610,PENS ASSORTED FUNNY FACE,123
22611,VINTAGE UNION JACK SHOPPING BAG,36
22613,PACK OF 20 SPACEBOY NAPKINS,82
22614,PACK OF 12 SPACEBOY TISSUES,132
22615,PACK OF 12 CIRCUS PARADE TISSUES,61
22616,PACK OF 12 LONDON TISSUES,195
22617,BAKING SET SPACEBOY DESIGN,296
22618,COOKING SET RETROSPOT,23
22619,SET OF 6 SOLDIER SKITTLES,250
22620,4 TRADITIONAL SPINNING TOPS,260
22621,TRADITIONAL KNITTING NANCY,366
22622,BOX OF VINTAGE ALPHABET BLOCKS,174
22623,BOX OF VINTAGE JIGSAW BLOCKS,165
22624,IVORY KITCHEN SCALES,376
22625,RED KITCHEN SCALES,292
22626,BLACK KITCHEN SCALES,134
22627,MINT KITCHEN SCALES,193
22628,PICNIC BOXES SET OF 3 RETROSPOT,85
22629,SPACEBOY LUNCH BOX,322
22630,DOLLY GIRL LUNCH BOX,287
22631,CIRCUS PARADE LUNCH BOX,168
22632,HAND WARMER RED RETROSPOT,260
22633,HAND WARMER UNION JACK,300
22634,CHILDS BREAKFAST SET SPACEBOY,155
22635,CHILDS BREAKFAST SET DOLLY GIRL,143
22636,CHILDS BREAKFAST SET CIRCUS PARADE,141
22637,PIGGY BANK RETROSPOT,188
22638,SET OF 4 NAPKIN CHARMS CROWNS,37
22639,SET OF 4 NAPKIN CHARMS HEARTS,101
22640,SET OF 4 NAPKIN CHARMS 3 KEYS,33
22641,SET OF 4 NAPKIN CHARMS INSTRUMENT,23
22642,SET OF 4 NAPKIN CHARMS STARS,39
22643,SET OF 4 NAPKIN CHARMS LEAVES,29
22644,CERAMIC CHERRY CAKE MONEY BANK,146
22645,CERAMIC HEART FAIRY CAKE MONEY BANK,161
22646,CERAMIC STRAWBERRY CAKE MONEY BANK,185
22647,CERAMIC LOVE HEART MONEY BANK,34
22649,STRAWBERRY FAIRY CAKE TEAPOT,86
22650,CERAMIC PIRATE CHEST MONEY BANK,78
22651,GENTLEMAN SHIRT REPAIR KIT,73
22652,TRAVEL SEWING KIT,263
22653,BUTTON BOX,73
22654,DELUXE SEWING KIT,157
22655,VINTAGE RED KITCHEN CABINET,34
22656,VINTAGE BLUE KITCHEN CABINET,17
22659,LUNCH BOX I LOVE LONDON,213
22660,DOORMAT I LOVE LONDON,56
22661,CHARLOTTE BAG DOLLY GIRL DESIGN,172
22662,LUNCH BAG DOLLY GIRL DESIGN,310
22663,JUMBO BAG DOLLY GIRL DESIGN,171
22664,TOY TIDY DOLLY GIRL DESIGN,62
22665,RECIPE BOX BLUE SKETCHBOOK DESIGN,163
22666,RECIPE BOX PANTRY YELLOW DESIGN,471
22667,RECIPE BOX RETROSPOT,233
22668,PINK BABY BUNTING,162
22669,RED BABY BUNTING,143
22670,FRENCH WC SIGN BLUE METAL,141
22671,FRENCH LAUNDRY SIGN BLUE METAL,75
22672,FRENCH BATHROOM SIGN BLUE METAL,125
22673,FRENCH GARDEN SIGN BLUE METAL,85
22674,FRENCH TOILET SIGN BLUE METAL,106
22675,FRENCH KITCHEN SIGN BLUE METAL,94
22676,FRENCH BLUE METAL DOOR SIGN 1,61
22677,FRENCH BLUE METAL DOOR SIGN 2,59
22678,FRENCH BLUE METAL DOOR SIGN 3,59
22679,FRENCH BLUE METAL DOOR SIGN 4,54
22680,FRENCH BLUE METAL DOOR SIGN 5,61
22681,FRENCH BLUE METAL DOOR SIGN 6,45
22682,FRENCH BLUE METAL DOOR SIGN 7,52
22683,FRENCH BLUE METAL DOOR SIGN 8,54
22684,FRENCH BLUE METAL DOOR SIGN 9,41
22685,FRENCH BLUE METAL DOOR SIGN 0,49
22686,FRENCH BLUE METAL DOOR SIGN No,39
22687,DOORMAT CHRISTMAS VILLAGE,30
22688,DOORMAT PEACE ON EARTH BLUE,26
22689,DOORMAT MERRY CHRISTMAS RED,94
22690,DOORMAT HOME SWEET HOME BLUE,198
22691,DOORMAT WELCOME SUNRISE,65
22692,DOORMAT WELCOME TO OUR HOME,231
22693,GROW A FLYTRAP OR SUNFLOWER IN TIN,167
22694,WICKER STAR,228
22695,WICKER WREATH SMALL,82
22696,WICKER WREATH LARGE,108
22697,GREEN REGENCY TEACUP AND SAUCER,387
22698,PINK REGENCY TEACUP AND SAUCER,319
22699,ROSES REGENCY TEACUP AND SAUCER,423
22700,BLACK AND WHITE DOG BOWL,41
22701,PINK DOG BOWL,39
22702,BLACK AND WHITE CAT BOWL,35
22703,PINK CAT BOWL,30
22704,WRAP RED APPLES,129
22705,WRAP GREEN PEARS,61
22706,WRAP COWBOYS,64
22707,WRAP MONSTER FUN,41
22708,WRAP DOLLY GIRL,79
22709,WRAP WEDDING DAY,38
22710,WRAP I LOVE LONDON,79
22711,WRAP CIRCUS PARADE,89
22712,CARD DOLLY GIRL,141
22713,CARD I LOVE LONDON,109
22714,CARD BIRTHDAY COWBOY,125
22715,CARD WEDDING DAY,78
22716,CARD CIRCUS PARADE,167
22717,CARD DOG AND BALL,69
22718,CARD CAT AND TREE,70
22719,GUMBALL MONOCHROME COAT RACK,25
22720,SET OF 3 CAKE TINS PANTRY DESIGN,640
22721,SET OF 3 CAKE TINS SKETCHBOOK,183
22722,SET OF 6 SPICE TINS PANTRY DESIGN,393
22723,SET OF 6 HERB TINS SKETCHBOOK,170
22725,ALARM CLOCK BAKELIKE CHOCOLATE,171
22726,ALARM CLOCK BAKELIKE GREEN,322
22727,ALARM CLOCK BAKELIKE RED,388
22728,ALARM CLOCK BAKELIKE PINK,291
22729,ALARM CLOCK BAKELIKE ORANGE,179
22730,ALARM CLOCK BAKELIKE IVORY,241
22731,3D CHRISTMAS STAMPS STICKERS,85
22732,3D VINTAGE CHRISTMAS STICKERS,102
22733,3D TRADITIONAL CHRISTMAS STICKERS,119
22734,SET OF 6 RIBBONS VINTAGE CHRISTMAS,278
22735,RIBBON REEL SOCKS AND MITTENS,73
22736,RIBBON REEL MAKING SNOWMEN,130
22737,RIBBON REEL CHRISTMAS PRESENT,148
22738,RIBBON REEL SNOWY VILLAGE,147
22739,RIBBON REEL CHRISTMAS SOCK BAUBLE,168
22740,POLKADOT PEN,89
22741,FUNKY DIVA PEN,107
22742,MAKE YOUR OWN PLAYTIME CARD KIT,77
22743,MAKE YOUR OWN FLOWERPOWER CARD KIT,115
22744,MAKE YOUR OWN MONSOON CARD KIT,123
22745,POPPY'S PLAYHOUSE BEDROOM,216
22746,POPPY'S PLAYHOUSE LIVINGROOM,179
22747,POPPY'S PLAYHOUSE BATHROOM,123
22748,POPPY'S PLAYHOUSE KITCHEN,233
22749,FELTCRAFT PRINCESS CHARLOTTE DOLL,275
22750,FELTCRAFT PRINCESS LOLA DOLL,247
22751,FELTCRAFT PRINCESS OLIVIA DOLL,184
22752,SET 7 BABUSHKA NESTING BOXES,188
22753,SMALL YELLOW BABUSHKA NOTEBOOK,98
22754,SMALL RED BABUSHKA NOTEBOOK,120
22755,SMALL PURPLE BABUSHKA NOTEBOOK,110
22756,LARGE YELLOW BABUSHKA NOTEBOOK,68
22757,LARGE RED BABUSHKA NOTEBOOK,81
22758,LARGE PURPLE BABUSHKA NOTEBOOK,85
22759,SET OF 3 NOTEBOOKS IN PARCEL,253
22760,"TRAY, BREAKFAST IN BED",50
22761,CHEST 7 DRAWER MA CAMPAGNE,21
22762,CUPBOARD 3 DRAWER MA CAMPAGNE,74
22763,KEY CABINET MA CAMPAGNE,76
22764,"RUSTIC WOODEN CABINET, GLASS DOORS",2
22765,NEWSPAPER STAND,3
22766,PHOTO FRAME CORNICE,278
22767,TRIPLE PHOTO FRAME CORNICE,152
22768,FAMILY PHOTO FRAME CORNICE,184
22769,CHALKBOARD KITCHEN ORGANISER,3
22770,MIRROR CORNICE,44
22771,CLEAR DRAWER KNOB ACRYLIC EDWARDIAN,168
22772,PINK DRAWER KNOB ACRYLIC EDWARDIAN,84
22773,GREEN DRAWER KNOB ACRYLIC EDWARDIAN,82
22774,RED DRAWER KNOB ACRYLIC EDWARDIAN,56
22775,PURPLE DRAWERKNOB ACRYLIC EDWARDIAN,79
22776,SWEETHEART CAKESTAND 3 TIER,327
22777,GLASS CLOCHE LARGE,37
22778,GLASS CLOCHE SMALL,80
22779,WOODEN OWLS LIGHT GARLAND,88
22780,LIGHT GARLAND BUTTERFILES PINK,82
22781,GUMBALL MAGAZINE RACK,118
22782,SET 3 WICKER STORAGE BASKETS,65
22783,SET 3 WICKER OVAL BASKETS W LIDS,29
22784,LANTERN CREAM GAZEBO,192
22785,SQUARECUSHION COVER PINK UNION JACK,48
22786,CUSHION COVER PINK UNION JACK,31
22788,BROCANTE COAT RACK,33
22789,T-LIGHT HOLDER SWEETHEART HANGING,101
22791,T-LIGHT GLASS FLUTED ANTIQUE,184
22792,FLUTED ANTIQUE CANDLE HOLDER,100
22794,SWEETHEART WIRE MAGAZINE RACK,114
22795,SWEETHEART RECIPE BOOK STAND,170
22796,PHOTO FRAME 3 CLASSIC HANGING,146
22797,CHEST OF DRAWERS GINGHAM HEART,63
22798,ANTIQUE GLASS DRESSING TABLE POT,126
22799,SWEETHEART WIRE FRUIT BOWL,70
22800,ANTIQUE TALL SWIRLGLASS TRINKET POT,109
22801,ANTIQUE GLASS PEDESTAL BOWL,123
22802,FAUX FUR CHOCOLATE THROW,30
22803,IVORY EMBROIDERED QUILT,18
22804,CANDLEHOLDER PINK HANGING HEART,252
22805,BLUE DRAWER KNOB ACRYLIC EDWARDIAN,77
22806,SET OF 6 T-LIGHTS WEDDING CAKE,28
22807,SET OF 6 T-LIGHTS TOADSTOOLS,74
22808,SET OF 6 T-LIGHTS EASTER CHICKS,51
22809,SET OF 6 T-LIGHTS SANTA,141
22810,SET OF 6 T-LIGHTS SNOWMEN,106
22811,SET OF 6 T-LIGHTS CACTI,37
22812,PACK 3 BOXES CHRISTMAS PANNETONE,98
22813,PACK 3 BOXES BIRD PANNETONE,116
22814,CARD PARTY GAMES,75
22815,CARD PSYCHEDELIC APPLES,79
22816,CARD MOTORBIKE SANTA,158
22817,CARD SUKI BIRTHDAY,79
22818,CARD CHRISTMAS VILLAGE,151
22819,"BIRTHDAY CARD, RETRO SPOT",94
22820,GIFT BAG BIRTHDAY,42
22821,GIFT BAG PSYCHEDELIC APPLES,52
22822,CREAM WALL PLANTER HEART SHAPED,121
22823,CHEST NATURAL WOOD 20 DRAWERS,13
22824,3 TIER SWEETHEART GARDEN SHELF,42
22825,DECORATIVE PLANT POT WITH FRIEZE,23
22826,LOVE SEAT ANTIQUE WHITE METAL,33
22827,RUSTIC  SEVENTEEN DRAWER SIDEBOARD,21
22828,REGENCY MIRROR WITH SHUTTERS,7
22829,SWEETHEART WIRE WALL TIDY,80
22830,UTILTY CABINET WITH HOOKS,5
22831,WHITE BROCANTE SOAP DISH,91
22832,BROCANTE SHELF WITH HOOKS,64
22833,HALL CABINET WITH 3 DRAWERS,4
22834,HAND WARMER BABUSHKA DESIGN,199
22835,HOT WATER BOTTLE I AM SO POORLY,316
22837,HOT WATER BOTTLE BABUSHKA,108
22838,3 TIER CAKE TIN RED AND CREAM,115
22839,3 TIER CAKE TIN GREEN AND CREAM,107
22840,ROUND CAKE TIN VINTAGE RED,193
22841,ROUND CAKE TIN VINTAGE GREEN,157
22842,BISCUIT TIN VINTAGE RED,120
22843,BISCUIT TIN VINTAGE GREEN,92
22844,VINTAGE CREAM DOG FOOD CONTAINER,176
22845,VINTAGE CREAM CAT FOOD CONTAINER,155
22846,BREAD BIN DINER STYLE RED,158
22847,BREAD BIN DINER STYLE IVORY,214
22848,BREAD BIN DINER STYLE PINK,68
22849,BREAD BIN DINER STYLE MINT,79
22851,SET 20 NAPKINS FAIRY CAKES DESIGN,198
22852,DOG BOWL VINTAGE CREAM,83
22853,CAT BOWL VINTAGE CREAM,76
22854,CREAM SWEETHEART EGG HOLDER,123
22855,FINE WICKER HEART,152
22856,ASSORTED EASTER DECORATIONS  BELLS,21
22857,ASSORTED EASTER GIFT TAGS,56
22858,EASTER TIN KEEPSAKE,103
22859,EASTER TIN BUNNY BOUQUET,111
22860,EASTER TIN CHICKS PINK DAISY,82
22861,EASTER TIN CHICKS IN GARDEN,36
22862,LOVE HEART NAPKIN BOX,42
22863,SOAP DISH BROCANTE,77
22865,HAND WARMER OWL DESIGN,375
22866,HAND WARMER SCOTTY DOG DESIGN,329
22867,HAND WARMER BIRD DESIGN,333
22868,NUMBER TILE COTTAGE GARDEN 0,10
22869,NUMBER TILE COTTAGE GARDEN 1,18
22870,NUMBER TILE COTTAGE GARDEN 2,14
22871,NUMBER TILE COTTAGE GARDEN 3,10
22872,NUMBER TILE COTTAGE GARDEN 4,13
22873,NUMBER TILE COTTAGE GARDEN 5,12
22874,NUMBER TILE COTTAGE GARDEN 6,10
22875,NUMBER TILE COTTAGE GARDEN 7,14
22876,NUMBER TILE COTTAGE GARDEN 8,11
22877,NUMBER TILE COTTAGE GARDEN 9,12
22878,NUMBER TILE COTTAGE GARDEN No,10
22879,NUMBER TILE VINTAGE FONT 0,6
22880,NUMBER TILE VINTAGE FONT 1,8
22881,NUMBER TILE VINTAGE FONT 2,9
22882,NUMBER TILE VINTAGE FONT 3,13
22883,NUMBER TILE VINTAGE FONT 4,9
22884,NUMBER TILE VINTAGE FONT 5,12
22885,NUMBER TILE VINTAGE FONT 6,10
22886,NUMBER TILE VINTAGE FONT 7,8
22887,NUMBER TILE VINTAGE FONT 8,8
22888,NUMBER TILE VINTAGE FONT 9,7
22889,NUMBER TILE VINTAGE FONT No,6
22890,NOVELTY BISCUITS CAKE STAND 3 TIER,94
22891,TEA FOR ONE POLKADOT,69
22892,SET OF SALT AND PEPPER TOADSTOOLS,117
22893,MINI CAKE STAND T-LIGHT HOLDER,45
22894,TABLECLOTH RED APPLES DESIGN,82
22895,SET OF 2 TEA TOWELS APPLE AND PEARS,163
22896,PEG BAG APPLES DESIGN,144
22897,OVEN MITT APPLES DESIGN,135
22898,CHILDRENS APRON APPLES DESIGN,201
22899,CHILDREN'S APRON DOLLY GIRL,190
22900,SET 2 TEA TOWELS I LOVE LONDON,194
22902,TOTE BAG I LOVE LONDON,71
22903,CALENDAR FAMILY FAVOURITES,21
22904,CALENDAR PAPER CUT DESIGN,162
22905,CALENDAR IN SEASON DESIGN,50
22906,12 MESSAGE CARDS WITH ENVELOPES,150
22907,PACK OF 20 NAPKINS PANTRY DESIGN,357
22908,PACK OF 20 NAPKINS RED APPLES,212
22909,SET OF 20 VINTAGE CHRISTMAS NAPKINS,368
22910,PAPER CHAIN KIT VINTAGE CHRISTMAS,470
22911,PAPER CHAIN KIT LONDON,68
22912,YELLOW COAT RACK PARIS FASHION,74
22913,RED COAT RACK PARIS FASHION,78
22914,BLUE COAT RACK PARIS FASHION,106
22915,ASSORTED BOTTLE TOP  MAGNETS,110
22916,HERB MARKER THYME,130
22917,HERB MARKER ROSEMARY,132
22918,HERB MARKER PARSLEY,130
22919,HERB MARKER MINT,132
22920,HERB MARKER BASIL,133
22921,HERB MARKER CHIVES,116
22922,FRIDGE MAGNETS US DINER ASSORTED,73
22923,FRIDGE MAGNETS LES ENFANTS ASSORTED,64
22924,FRIDGE MAGNETS LA VIE EN ROSE,63
22925,BLUE GIANT GARDEN THERMOMETER,125
22926,IVORY GIANT GARDEN THERMOMETER,140
22927,GREEN GIANT GARDEN THERMOMETER,94
22928,YELLOW GIANT GARDEN THERMOMETER,62
22929,SCHOOL DESK AND CHAIR,13
22930,BAKING MOULD HEART MILK CHOCOLATE,120
22931,BAKING MOULD HEART WHITE CHOCOLATE,95
22932,BAKING MOULD TOFFEE CUP CHOCOLATE,51
22933,BAKING MOULD EASTER EGG MILK CHOC,82
22934,BAKING MOULD EASTER EGG WHITE CHOC,65
22935,BAKING MOULD ROSE MILK CHOCOLATE,46
22936,BAKING MOULD ROSE WHITE CHOCOLATE,30
22937,BAKING MOULD CHOCOLATE CUPCAKES,122
22938,CUPCAKE LACE PAPER SET 6,160
22939,APRON APPLE DELIGHT,77
22940,FELTCRAFT CHRISTMAS FAIRY,240
22941,CHRISTMAS LIGHTS 10 REINDEER,205
22942,CHRISTMAS LIGHTS 10 SANTAS,111
22943,CHRISTMAS LIGHTS 10 VINTAGE BAUBLES,128
22944,CHRISTMAS METAL POSTCARD WITH BELLS,50
22945,CHRISTMAS METAL TAGS ASSORTED,118
22946,WOODEN ADVENT CALENDAR CREAM,64
22947,WOODEN ADVENT CALENDAR RED,81
22948,METAL DECORATION NAUGHTY CHILDREN,69
22949,36 DOILIES DOLLY GIRL,81
22950,36 DOILIES VINTAGE CHRISTMAS,156
22951,60 CAKE CASES DOLLY GIRL DESIGN,237
22952,60 CAKE CASES VINTAGE CHRISTMAS,343
22953,BIRTHDAY PARTY CORDON BARRIER TAPE,61
22954,HEN PARTY CORDON BARRIER TAPE,20
22955,36 FOIL STAR CAKE CASES,91
22956,36 FOIL HEART CAKE CASES,144
22957,SET 3 PAPER VINTAGE CHICK PAPER EGG,179
22959,WRAP CHRISTMAS VILLAGE,133
22960,JAM MAKING SET WITH JARS,573
22961,JAM MAKING SET PRINTED,537
22962,JAM JAR WITH PINK LID,180
22963,JAM JAR WITH GREEN LID,165
22964,3 PIECE SPACEBOY COOKIE CUTTER SET,216
22965,3 TRADITIONAl BISCUIT CUTTERS  SET,171
22966,GINGERBREAD MAN COOKIE CUTTER,388
22967,SET 3 SONG BIRD PAPER EGGS ASSORTED,122
22968,ROSE COTTAGE KEEPSAKE BOX,118
22969,HOMEMADE JAM SCENTED CANDLES,429
22970,LONDON BUS COFFEE MUG,180
22971,QUEENS GUARD COFFEE MUG,164
22972,CHILDREN'S SPACEBOY MUG,139
22973,CHILDREN'S CIRCUS PARADE MUG,81
22974,CHILDRENS DOLLY GIRL MUG,126
22975,SPACEBOY CHILDRENS EGG CUP,110
22976,CIRCUS PARADE CHILDRENS EGG CUP,77
22977,DOLLY GIRL CHILDRENS EGG CUP,98
22978,PANTRY ROLLING PIN,153
22979,PANTRY WASHING UP BRUSH,225
22980,PANTRY SCRUBBING BRUSH,198
22981,PANTRY APPLE CORER,58
22982,PANTRY PASTRY BRUSH,120
22983,CARD BILLBOARD FONT,223
22984,CARD GINGHAM ROSE,91
22985,WRAP BILLBOARD FONTS DESIGN,77
22986,WRAP GINGHAM ROSE,124
22987,WRAP SUMMER ROSE DESIGN,4
22988,SOLDIERS EGG CUP,197
22989,SET 2 PANTRY DESIGN TEA TOWELS,241
22990,COTTON APRON PANTRY DESIGN,117
22991,GIRAFFE WOODEN RULER,185
22992,REVOLVER WOODEN RULER,217
22993,SET OF 4 PANTRY JELLY MOULDS,431
22994,TRAVEL CARD WALLET RETROSPOT,89
22995,TRAVEL CARD WALLET SUKI,90
22996,TRAVEL CARD WALLET VINTAGE TICKET,155
22997,TRAVEL CARD WALLET UNION JACK,101
22998,TRAVEL CARD WALLET KEEP CALM,217
22999,TRAVEL CARD WALLET VINTAGE LEAF,108
23000,TRAVEL CARD WALLET TRANSPORT,125
23002,TRAVEL CARD WALLET SKULLS,85
23003,TRAVEL CARD WALLET VINTAGE ROSE,38
23004,TRAVEL CARD WALLET PANTRY,73
23005,TRAVEL CARD WALLET I LOVE LONDON,105
23006,TRAVEL CARD WALLET FLOWER MEADOW,88
23007,SPACEBOY BABY GIFT SET,110
23008,DOLLY GIRL BABY GIFT SET,99
23009,I LOVE LONDON BABY GIFT SET,48
23010,CIRCUS PARADE BABY GIFT SET,73
23012,GLASS APOTHECARY BOTTLE PERFUME,151
23013,GLASS APOTHECARY BOTTLE TONIC,135
23014,GLASS APOTHECARY BOTTLE ELIXIR,122
23015,CORDIAL GLASS JUG,15
23016,GLASS TWIST BON BON JAR,19
23017,APOTHECARY MEASURING JAR,20
23018,LARGE APOTHECARY MEASURING JAR,19
23019,SMALL APOTHECARY MEASURING JAR,26
23020,GLASS  SONGBIRD STORAGE JAR,67
23021,GLASS BONNE JAM JAR,24
23022,SMALL BONNE JAM JAR  T-LIGHT HOLDER,19
23023,RIDGED BONNE JAM JAR T-LIGHT HOLDER,23
23024,LARGE BONNE JAM JAR  T-LIGHT HOLDER,8
23025,DRAWER KNOB VINTAGE GLASS BALL,40
23026,DRAWER KNOB VINTAGE GLASS STAR,43
23027,DRAWER KNOB VINTAGE GLASS HEXAGON,26
23028,DRAWER KNOB CRACKLE GLAZE BLUE,88
23029,DRAWER KNOB CRACKLE GLAZE GREEN,97
23031,DRAWER KNOB CRACKLE GLAZE PINK,93
23032,DRAWER KNOB CRACKLE GLAZE IVORY,117
23033,DRAWER KNOB CERAMIC RED,42
23034,DRAWER KNOB CERAMIC BLACK,57
23035,DRAWER KNOB CERAMIC IVORY,110
23036,T-LIGHT HOLDER SILVER PETIT FOUR,14
23037,CANDLE HOLDER SILVER MADELINE,17
23038,T-LIGHT HOLDER SILVER SAUCER,4
23039,T-LIGHT HOLDER SILVER HEART HANDLE,22
23040,PAPER LANTERN 9 POINT SNOW STAR,33
23041,PAPER LANTERN 9 POINT SNOW STAR,46
23042,PAPER LANTERN 7 POINT SNOW STAR,25
23043,PAPER LANTERN 9 POINT HOLLY STAR L,18
23044,PAPER LANTERN 9 POINT HOLLY STAR S,24
23045,PAPER LANTERN 5 POINT STAR MOON,22
23046,PAPER LANTERN 9 POINT DELUXE STAR,31
23047,PAPER LANTERN 5 POINT SEQUIN STAR,25
23048,SET OF 10 LANTERNS FAIRY LIGHT STAR,81
23049,RECYCLED ACAPULCO MAT RED,103
23050,RECYCLED ACAPULCO MAT GREEN,116
23051,RECYCLED ACAPULCO MAT BLUE,95
23052,RECYCLED ACAPULCO MAT TURQUOISE,147
23053,RECYCLED ACAPULCO MAT PINK,105
23054,RECYCLED ACAPULCO MAT LAVENDER,81
23055,IVORY CHANDELIER T-LIGHT HOLDER,33
23056,FLOWERS CHANDELIER T-LIGHT HOLDER,33
23057,BEADED CHANDELIER T-LIGHT HOLDER,38
23058,CHRISTMAS HANGING SNOWFLAKE,39
23060,HEART BEADED TRELLIS DECORATION,34
23061,VINTAGE EMBOSSED HEART,76
23064,CINDERELLA CHANDELIER,20
23065,LARGE DECO JEWELLERY STAND,81
23066,SMALL DECO JEWELLERY STAND,69
23067,HANGING ENGRAVED METAL HEART,63
23068,ALUMINIUM STAMPED HEART,106
23069,EDWARDIAN PHOTO FRAME,27
23070,EDWARDIAN HEART PHOTO FRAME,29
23071,MARIE ANTOINETTE TRINKET BOX GOLD,16
23072,MARIE ANTOINETTE TRINKET BOX SILVER,21
23073,GEORGIAN TRINKET BOX,49
23074,EMBOSSED HEART TRINKET BOX,32
23075,PARLOUR CERAMIC WALL HOOK,61
23076,ICE CREAM SUNDAE LIP GLOSS,202
23077,DOUGHNUT LIP GLOSS,217
23078,ICE CREAM PEN LIP GLOSS,159
23079,TOADSTOOL BEDSIDE LIGHT,83
23080,RED METAL BOX TOP SECRET,148
23081,GREEN METAL BOX ARMY SUPPLIES,80
23082,SET 6 PAPER TABLE LANTERN HEARTS,205
23083,SET 6 PAPER TABLE LANTERN STARS,161
23084,RABBIT NIGHT LIGHT,450
23085,ANTIQUE SILVER BAUBLE LAMP,64
23086,ZINC  STAR T-LIGHT HOLDER,31
23087,ZINC  HEART T-LIGHT HOLDER,43
23088,ZINC HEART FLOWER T-LIGHT HOLDER,52
23089,GLASS BON BON JAR,101
23090,VINTAGE GLASS T-LIGHT HOLDER,96
23091,ZINC HERB GARDEN CONTAINER,160
23092,LARGE ANTIQUE WHITE PHOTO FRAME,96
23093,SMALL PARISIENNE HEART PHOTO FRAME,105
23094,LE GRAND TRAY CHIC SET,65
23096,PETIT TRAY CHIC,89
23099,FRENCH CARRIAGE LANTERN,46
23100,SILVER BELLS TABLE DECORATION,180
23101,SILVER STARS TABLE DECORATION,175
23102,SILVER HEARTS TABLE DECORATION,128
23103,JINGLE BELL HEART DECORATION,231
23104,IVORY CAFE HANGING LAMP,38
23106,ZINC HEARTS PLANT POT HOLDER,49
23107,WHITE HEARTS WIRE PLANT POT HOLDER,60
23108,SET OF 10 LED DOLLY LIGHTS,271
23109,PACK OF SIX LED TEA LIGHTS,178
23110,PARISIENNE KEY CABINET,157
23111,PARISIENNE SEWING BOX,80
23112,PARISIENNE CURIO CABINET,134
23113,PANTRY CHOPPING BOARD,39
23114,VINTAGE LEAF CHOPPING BOARD,40
23115,RED APPLES CHOPPING BOARD,38
23116,VEGETABLE GARDEN CHOPPING BOARD,17
23117,POPPY FIELDS CHOPPING BOARD,39
23118,PARISIENNE JEWELLERY DRAWER,154
23119,PACK OF 6 LARGE FRUIT STRAWS,97
23120,PACK OF 6 SMALL FRUIT STRAWS,69
23121,PACK OF 6 COCKTAIL PARASOL STRAWS,81
23122,PARTY CHARMS 50 PIECES,89
23123,COCKTAIL SWORDS 50 PIECES,64
23124,18PC WOODEN CUTLERY SET DISPOSABLE,23
23125,6PC WOOD PLATE SET DISPOSABLE,15
23126,FELTCRAFT GIRL AMELIE KIT,198
23127,FELTCRAFT GIRL NICOLE KIT,146
23128,FELTCRAFT BOY JEAN-PAUL KIT,112
23129,HEART SHAPED HOLLY WREATH,138
23130,MISTLETOE HEART WREATH GREEN,139
23131,MISTLETOE HEART WREATH CREAM,91
23132,SMALL IVORY HEART WALL ORGANISER,115
23133,LARGE IVORY HEART WALL ORGANISER,94
23134,LARGE ZINC HEART WALL ORGANISER,29
23135,SMALL ZINC HEART WALL ORGANISER,31
23136,IVORY WIRE SWEETHEART LETTER TRAY,39
23137,ZINC WIRE SWEETHEART LETTER TRAY,18
23138,SINGLE WIRE HOOK IVORY HEART,60
23139,SINGLE WIRE HOOK PINK HEART,20
23140,TRIPLE WIRE HOOK IVORY HEART,29
23141,TRIPLE WIRE HOOK PINK HEART,18
23142,IVORY WIRE KITCHEN ORGANISER,34
23143,ZINC WIRE KITCHEN ORGANISER,12
23144,ZINC T-LIGHT HOLDER STARS SMALL,180
23145,ZINC T-LIGHT HOLDER STAR LARGE,128
23146,TRIPLE HOOK ANTIQUE IVORY ROSE,151
23147,SINGLE ANTIQUE ROSE HOOK IVORY,170
23148,MINIATURE ANTIQUE ROSE HOOK IVORY,143
23149,ANTIQUE IVORY WIRE BOWL SMALL,17
23150,IVORY SWEETHEART SOAP DISH,33
23151,ZINC SWEETHEART SOAP DISH,18
23152,IVORY SWEETHEART WIRE LETTER RACK,108
23153,ZINC SWEETHEART WIRE LETTER RACK,67
23154,SET OF 4 JAM JAR MAGNETS,141
23155,KNICKERBOCKERGLORY MAGNET ASSORTED,84
23156,SET OF 5 MINI GROCERY MAGNETS,117
23157,SET OF 6 NATIVITY MAGNETS,111
23158,SET OF 5 LUCKY CAT MAGNETS,96
23159,SET OF 5 PANCAKE DAY MAGNETS,121
23160,REGENCY TEA SPOON,50
23161,REGENCY CAKE FORK,58
23162,REGENCY TEA STRAINER,96
23163,REGENCY SUGAR TONGS,95
23164,REGENCY CAKE SLICE,70
23165,LARGE CERAMIC TOP STORAGE JAR,167
23166,MEDIUM CERAMIC TOP STORAGE JAR,138
23167,SMALL CERAMIC TOP STORAGE JAR,129
23168,CLASSIC CAFE SUGAR DISPENSER,140
23169,CLASSIC GLASS COOKIE JAR,203
23170,REGENCY TEA PLATE ROSES,224
23171,REGENCY TEA PLATE GREEN,195
23172,REGENCY TEA PLATE PINK,160
23173,REGENCY TEAPOT ROSES,248
23174,REGENCY SUGAR BOWL GREEN,190
23175,REGENCY MILK JUG PINK,206
23176,ABC TREASURE BOOK BOX,159
23177,TREASURE ISLAND BOOK BOX,174
23178,JAM CLOCK MAGNET,50
23179,CLOCK MAGNET MUM'S KITCHEN,36
23180,MUM'S KITCHEN CLOCK,29
23181,BULL DOG BOTTLE TOP WALL CLOCK,60
23182,TOILET SIGN OCCUPIED OR VACANT,140
23183,MOTHER'S KITCHEN SPOON REST,45
23184,BULL DOG BOTTLE OPENER,129
23185,FRENCH STYLE STORAGE JAR JAM,27
23186,FRENCH STYLE STORAGE JAR CAFE,57
23187,FRENCH STYLE STORAGE JAR BONBONS,66
23188,VINTAGE  2 METER FOLDING RULER,207
23189,SET OF 12 FORK CANDLES,89
23190,BUNDLE OF 3 SCHOOL EXERCISE BOOKS,145
23191,BUNDLE OF 3 RETRO NOTE BOOKS,182
23192,BUNDLE OF 3 ALPHABET EXERCISE BOOKS,224
23193,BUFFALO BILL TREASURE BOOK BOX,109
23194,GYMKHANA TREASURE BOOK BOX,142
23196,VINTAGE LEAF MAGNETIC NOTEPAD,170
23197,SKETCHBOOK MAGNETIC SHOPPING LIST,116
23198,PANTRY MAGNETIC  SHOPPING LIST,259
23199,JUMBO BAG APPLES,344
23200,JUMBO BAG PEARS,262
23201,JUMBO BAG ALPHABET,396
23202,JUMBO BAG VINTAGE LEAF,377
23203,JUMBO BAG VINTAGE DOILY,505
23204,CHARLOTTE BAG APPLES DESIGN,199
23205,CHARLOTTE BAG VINTAGE ALPHABET,201
23206,LUNCH BAG APPLE DESIGN,401
23207,LUNCH BAG ALPHABET DESIGN,377
23208,LUNCH BAG VINTAGE LEAF DESIGN,305
23209,LUNCH BAG VINTAGE DOILY,469
23210,WHITE ROCKING HORSE HAND PAINTED,115
23211,RED ROCKING HORSE HAND PAINTED,82
23212,HEART WREATH DECORATION WITH BELL,104
23213,STAR WREATH DECORATION WITH BELL,95
23214,JINGLE BELL HEART ANTIQUE GOLD,79
23215,JINGLE BELL HEART ANTIQUE SILVER,162
23216,LAUREL HEART ANTIQUE GOLD,32
23217,LAUREL HEART ANTIQUE SILVER,64
23218,LAUREL STAR ANTIQUE GOLD,27
23219,LAUREL STAR ANTIQUE SILVER,41
23220,REINDEER HEART DECORATION GOLD,55
23221,REINDEER HEART DECORATION SILVER,85
23222,CHRISTMAS TREE HANGING GOLD,49
23223,CHRISTMAS TREE HANGING SILVER,51
23224,CHERUB HEART DECORATION GOLD,44
23225,CHERUB HEART DECORATION SILVER,46
23226,FILIGREE HEART DAISY WHITE,56
23227,FILIGREE HEART BUTTERFLY WHITE,61
23228,FILIGREE HEART BIRD WHITE,58
23229,VINTAGE DONKEY TAIL GAME,186
23230,WRAP ALPHABET DESIGN,178
23231,WRAP DOILEY DESIGN,190
23232,WRAP VINTAGE LEAF DESIGN,188
23233,WRAP POPPIES  DESIGN,130
23234,BISCUIT TIN VINTAGE CHRISTMAS,201
23235,STORAGE TIN VINTAGE LEAF,88
23236,STORAGE TIN VINTAGE DOILY,203
23237,SET OF 4 KNICK KNACK TINS LEAF,131
23238,SET OF 4 KNICK KNACK TINS LONDON,150
23239,SET OF 4 KNICK KNACK TINS POPPIES,125
23240,SET OF 4 KNICK KNACK TINS DOILY,323
23241,TREASURE TIN GYMKHANA DESIGN,183
23242,TREASURE TIN BUFFALO BILL,132
23243,SET OF TEA COFFEE SUGAR TINS PANTRY,275
23244,ROUND STORAGE TIN VINTAGE LEAF,87
23245,SET OF 3 REGENCY CAKE TINS,472
23247,BISCUIT TIN 50'S CHRISTMAS,231
23249,VINTAGE RED ENAMEL TRIM PLATE,57
23250,VINTAGE RED TRIM ENAMEL BOWL,64
23251,VINTAGE RED ENAMEL TRIM MUG,80
23252,VINTAGE RED ENAMEL TRIM JUG,104
23253,16 PIECE CUTLERY SET PANTRY DESIGN,44
23254,CHILDRENS CUTLERY DOLLY GIRL,204
23255,CHILDRENS CUTLERY CIRCUS PARADE,116
23256,CHILDRENS CUTLERY SPACEBOY,232
23263,SET OF 3 WOODEN HEART DECORATIONS,269
23264,SET OF 3 WOODEN SLEIGH DECORATIONS,177
23265,SET OF 3 WOODEN TREE DECORATIONS,180
23266,SET OF 3 WOODEN STOCKING DECORATION,201
23267,SET OF 4 SANTA PLACE SETTINGS,79
23268,SET OF 2 CERAMIC CHRISTMAS REINDEER,68
23269,SET OF 2 CERAMIC CHRISTMAS TREES,63
23270,SET OF 2 CERAMIC PAINTED HEARTS,96
23271,CHRISTMAS TABLE SILVER CANDLE SPIKE,69
23272,TREE T-LIGHT HOLDER WILLIE WINKIE,34
23273,HEART T-LIGHT HOLDER WILLIE WINKIE,88
23274,STAR T-LIGHT HOLDER WILLIE WINKIE,85
23275,SET OF 3 HANGING OWLS OLLIE BEAK,171
23280,FOLDING BUTTERFLY MIRROR HOT PINK,87
23281,FOLDING BUTTERFLY MIRROR RED,56
23282,FOLDING BUTTERFLY MIRROR IVORY,67
23283,DOORMAT VINTAGE LEAF,146
23284,DOORMAT KEEP CALM AND COME IN,378
23285,PINK VINTAGE SPOT BEAKER,108
23286,BLUE VINTAGE SPOT BEAKER,125
23287,RED VINTAGE SPOT BEAKER,114
23288,GREEN VINTAGE SPOT BEAKER,107
23289,DOLLY GIRL CHILDRENS BOWL,111
23290,SPACEBOY CHILDRENS BOWL,125
23291,DOLLY GIRL CHILDRENS CUP,104
23292,SPACEBOY CHILDRENS CUP,113
23293,SET OF 12 FAIRY CAKE BAKING CASES,323
23294,SET OF 6 SNACK LOAF BAKING CASES,214
23295,SET OF 12 MINI LOAF BAKING CASES,250
23296,SET OF 6 TEA TIME BAKING CASES,243
23297,SET 40 HEART SHAPE PETIT FOUR CASES,123
23298,SPOTTY BUNTING,573
23299,FOOD COVER WITH BEADS SET 2,110
23300,GARDENERS KNEELING PAD CUP OF TEA,351
23301,GARDENERS KNEELING PAD KEEP CALM,405
23302,KNEELING MAT HOUSEWORK  DESIGN,140
23303,SET 4 PICNIC CUTLERY FONDANT,6
23304,SET 4 PICNIC CUTLERY CHERRY,9
23305,SET 4 PICNIC CUTLERY BLUEBERRY,9
23306,SET OF 36 DOILIES PANTRY DESIGN,182
23307,SET OF 60 PANTRY DESIGN CAKE CASES,366
23308,SET OF 60 VINTAGE LEAF CAKE CASES,209
23309,SET OF 60 I LOVE LONDON CAKE CASES,178
23310,BUBBLEGUM RING ASSORTED,146
23311,VINTAGE CHRISTMAS STOCKING,246
23312,VINTAGE CHRISTMAS GIFT SACK,168
23313,VINTAGE CHRISTMAS BUNTING,254
23314,VINTAGE CHRISTMAS TABLECLOTH,87
23315,IVORY REFECTORY CLOCK,63
23316,RED REFECTORY CLOCK,75
23317,BLUE REFECTORY CLOCK,56
23318,BOX OF 6 MINI VINTAGE CRACKERS,270
23319,BOX OF 6 MINI 50'S CRACKERS,300
23320,GIANT 50'S CHRISTMAS CRACKER,260
23321,SMALL WHITE HEART OF WICKER,378
23322,LARGE WHITE HEART OF WICKER,350
23323,WHITE WICKER STAR,210
23324,RUSTIC STRAWBERRY JAM POT LARGE,38
23325,RUSTIC STRAWBERRY JAM POT SMALL,27
23326,HANGING MINI COLOURED BOTTLES,52
23327,HANGING CLEAR MINI BOTTLE,33
23328,SET 6 SCHOOL MILK BOTTLES IN CRATE,195
23329,DECORATIVE WICKER HEART LARGE,168
23330,DECORATIVE WICKER HEART MEDIUM,158
23331,DECORATIVE WICKER HEART SMALL,67
23332,IVORY WICKER HEART LARGE,207
23333,IVORY WICKER HEART MEDIUM,179
23334,IVORY WICKER HEART SMALL,83
23335,EGG FRYING PAN IVORY,62
23336,EGG FRYING PAN PINK,46
23337,EGG FRYING PAN MINT,49
23338,EGG FRYING PAN RED,62
23339,EGG FRYING PAN BLUE,43
23340,VINTAGE CHRISTMAS CAKE FRILL,112
23341,PINK DINER WALL CLOCK,75
23342,MINT DINER WALL CLOCK,105
23343,JUMBO BAG VINTAGE CHRISTMAS,286
23344,JUMBO BAG 50'S CHRISTMAS,391
23345,DOLLY GIRL BEAKER,100
23346,SPACEBOY BEAKER,106
23347,I LOVE LONDON BEAKER,51
23348,CHILDRENS TOY COOKING UTENSIL SET,95
23349,ROLL WRAP VINTAGE CHRISTMAS,214
23350,ROLL WRAP VINTAGE SPOT,205
23351,ROLL WRAP 50'S CHRISTMAS,242
23352,ROLL WRAP 50'S RED CHRISTMAS,151
23353,6 GIFT TAGS VINTAGE CHRISTMAS,227
23354,6 GIFT TAGS 50'S CHRISTMAS,235
23355,HOT WATER BOTTLE KEEP CALM,474
23356,LOVE HOT WATER BOTTLE,316
23357,HOT WATER BOTTLE SEX BOMB,79
23358,HOT STUFF HOT WATER BOTTLE,61
23359,SET OF 12 T-LIGHTS VINTAGE DOILY,73
23360,SET 8 CANDLES VINTAGE DOILY,94
23365,SET 12 COLOUR PENCILS LOVE LONDON,107
23366,SET 12 COLOURING PENCILS DOILY,115
23367,SET 12 COLOUR PENCILS SPACEBOY,184
23368,SET 12 COLOUR PENCILS DOLLY GIRL,134
23369,SET 36 COLOUR PENCILS LOVE LONDON,80
23370,SET 36 COLOURING PENCILS DOILY,86
23371,SET 36 COLOUR PENCILS SPACEBOY,98
23372,SET 36 COLOUR PENCILS DOLLY GIRL,76
23373,VINTAGE CHRISTMAS PAPER GIFT BAG,86
23374,RED SPOT PAPER GIFT BAG,108
23375,50'S CHRISTMAS PAPER GIFT BAG,85
23376,PACK OF 12 VINTAGE CHRISTMAS TISSUE,104
23377,PACK OF 12 DOLLY GIRL TISSUES,69
23378,PACK OF 12 50'S CHRISTMAS TISSUES,127
23379,PACK OF 12 RED APPLE TISSUES,49
23380,PACK OF 12 VINTAGE DOILY TISSUES,86
23381,PACK OF 12 VINTAGE LEAF TISSUES,59
23382,BOX OF 6 CHRISTMAS CAKE DECORATIONS,136
23388,WOODLAND MINI BACKPACK,115
23389,SPACEBOY MINI BACKPACK,159
23390,DOLLY GIRL MINI BACKPACK,117
23391,I LOVE LONDON MINI BACKPACK,58
23392,SPACEBOY ROCKET LOLLY MAKERS,70
23393,HOME SWEET HOME CUSHION COVER,165
23394,POSTE FRANCE CUSHION COVER,90
23395,BELLE JARDINIERE CUSHION COVER,141
23396,LE JARDIN BOTANIQUE CUSHION COVER,134
23397,FOOT STOOL HOME SWEET HOME,139
23398,HANGING HEART BONHEUR,53
23399,HOME SWEET HOME HANGING HEART,146
23400,SHELF WITH 4 HOOKS HOME SWEET HOME,76
23401,RUSTIC MIRROR WITH LACE HEART,59
23402,HOME SWEET HOME 3 PEG HANGER,47
23403,LETTER HOLDER HOME SWEET HOME,80
23404,HOME SWEET HOME BLACKBOARD,104
23405,HOME SWEET HOME 2 DRAWER CABINET,54
23406,HOME SWEET HOME KEY HOLDER,65
23407,SET OF 2 TRAYS HOME SWEET HOME,103
23408,PHOTO FRAME LINEN AND LACE SMALL,53
23409,PHOTO FRAME LINEN AND LACE LARGE,39
23410,CURIO CABINET LINEN AND LACE,16
23411,TRELLIS COAT RACK,42
23412,HEART MIRROR ANTIQUE WHITE,64
23413,VINTAGE COFFEE GRINDER BOX,34
23414,ZINC BOX SIGN HOME,58
23415,HOME SWEET HOME HOOK,42
23416,CHAMBRE HOOK,18
23417,BATHROOM HOOK,21
23418,LAVENDER TOILETTE BOTTLE,55
23419,HOME SWEET HOME BOTTLE,56
23420,PANTRY HOOK TEA STRAINER,26
23421,PANTRY HOOK SPATULA,24
23422,PANTRY HOOK BALLOON WHISK,29
23423,PANTRY 3 HOOK ROLLING PIN HANGER,47
23424,GINGHAM RECIPE BOOK BOX,87
23425,STORAGE TIN HOME SWEET HOME,35
23426,METAL SIGN DROP YOUR PANTS,126
23427,STOOL HOME SWEET HOME,87
23428,IVORY RETRO KITCHEN WALL CLOCK,25
23429,RED RETRO KITCHEN WALL CLOCK,19
23430,BLUE RETRO KITCHEN WALL CLOCK,16
23431,NATURAL HANGING QUILTED HEARTS,63
23432,PRETTY HANGING QUILTED HEARTS,65
23433,HANGING QUILTED PATCHWORK APPLES,76
23434,3 RAFFIA RIBBONS 50'S CHRISTMAS,129
23435,3 RAFFIA RIBBONS VINTAGE CHRISTMAS,40
23436,VINTAGE CHRISTMAS GIFT BAG LARGE,91
23437,50'S CHRISTMAS GIFT BAG LARGE,108
23438,RED SPOT GIFT BAG LARGE,88
23439,HAND WARMER RED LOVE HEART,268
23440,PAINT YOUR OWN EGGS IN CRATE,5
23441,HAND PAINTED HANGING EASTER EGG,3
23442,12 HANGING EGGS HAND PAINTED,7
23444,Next Day Carriage,63
23445,ICE CREAM BUBBLES,81
23446,BLUE BUNNY EASTER EGG BASKET,3
23447,PINK BUNNY EASTER EGG BASKET,4
23448,CREAM BUNNY EASTER EGG BASKET,3
23449,SET OF 6 EASTER RAINBOW CHICKS,1
23451,SQUARE MINI PORTRAIT FRAME,38
23452,HEART MINI PORTRAIT FRAME,69
23453,OVAL  MINI PORTRAIT FRAME,40
23454,THREE MINI HANGING FRAMES,41
23455,SMALL PARLOUR PICTURE FRAME,32
23456,MEDIUM PARLOUR PICTURE FRAME,33
23457,LARGE PARLOUR PICTURE FRAME,27
23458,DOLLY CABINET 3 DRAWERS,30
23459,DOLLY CABINET 2 DRAWERS,19
23460,SWEETHEART WALL TIDY,41
23461,SWEETHEART BIRD HOUSE,75
23462,ROCOCO WALL MIRROR WHITE,43
23463,VINTAGE ZINC WATERING CAN,7
23464,VINTAGE ZINC WATERING CAN SMALL,6
23465,TUSCAN VILLA BIRD FEEDER,15
23466,TUSCAN VILLA DOVECOTE BIRD FEEDER,20
23467,VINTAGE ZINC PLANTER,5
23468,TUSCAN VILLA BIRD TABLE,11
23469,CARD HOLDER LOVE BIRD SMALL,61
23470,CARD HOLDER LOVE BIRD LARGE,70
23471,SIX DRAWER OFFICE TIDY,26
23472,NINE DRAWER OFFICE TIDY,29
23473,WOODLAND SMALL RED FELT HEART,41
23474,WOODLAND SMALL BLUE FELT HEART,26
23475,WOODLAND SMALL PINK FELT HEART,25
23476,WOODLAND LARGE RED FELT HEART,18
23477,WOODLAND LARGE BLUE FELT HEART,8
23478,WOODLAND LARGE PINK FELT HEART,9
23479,WIRE EGG BASKET,35
23480,MINI LIGHTS WOODLAND MUSHROOMS,143
23481,PEARLISED IVORY HEART SMALL,23
23482,PEARLISED IVORY HEART LARGE,32
23483,HANGING  BUTTERFLY T-LIGHT HOLDER,57
23484,HEART TRELLIS TRIPLE T-LIGHT HOLDER,25
23485,BOTANICAL GARDENS WALL CLOCK,70
23486,ANTIQUE HEART SHELF UNIT,64
23487,SWEET HEART CAKE CARRIER,41
23489,VINTAGE BELLS GARLAND,125
23490,T-LIGHT HOLDER HANGING LOVE BIRD,83
23491,VINTAGE JINGLE BELLS HEART,64
23492,VINTAGE JINGLE BELLS WREATH,24
23493,VINTAGE DOILY TRAVEL SEWING KIT,282
23494,VINTAGE DOILY DELUXE SEWING KIT,145
23495,SET OF 3 PANTRY WOODEN SPOONS,21
23496,PANTRY KITCHEN THERMOMETER,21
23497,CLASSIC CHROME BICYCLE BELL,150
23498,CLASSIC BICYCLE CLIPS,77
23499,SET 12 VINTAGE DOILY CHALK,86
23500,KEY RING BASEBALL BOOT ASSORTED,76
23501,KEY RING BASEBALL BOOT UNION JACK,77
23502,PLAYING CARDS VINTAGE DOILY,80
23503,PLAYING CARDS KEEP CALM & CARRY ON,284
23504,PLAYING CARDS JUBILEE UNION JACK,164
23505,PLAYING CARDS I LOVE LONDON,93
23506,MINI PLAYING CARDS SPACEBOY,114
23507,MINI PLAYING CARDS BUFFALO BILL,91
23508,MINI PLAYING CARDS DOLLY GIRL,95
23509,MINI PLAYING CARDS FUN FAIR,51
23510,MINI PLAYING CARDS GYMKHANA,90
23511,EMBROIDERED RIBBON REEL EMILY,83
23512,EMBROIDERED RIBBON REEL ROSIE,46
23513,EMBROIDERED RIBBON REEL SUSIE,59
23514,EMBROIDERED RIBBON REEL SALLY,57
23515,EMBROIDERED RIBBON REEL DAISY,58
23516,EMBROIDERED RIBBON REEL SOPHIE,39
23517,EMBROIDERED RIBBON REEL REBECCA,50
23518,EMBROIDERED RIBBON REEL RACHEL,40
23519,EMBROIDERED RIBBON REEL CLAIRE,18
23520,EMBROIDERED RIBBON REEL RUBY,30
23521,WALL ART CAT AND BIRD,21
23522,WALL ART DOG AND BALL,20
23523,WALL ART TREASURE AHOY,35
23524,WALL ART HORSE & PONY,42
23525,WALL ART BUFFALO BILL,38
23526,WALL ART DOG LICENCE,79
23527,WALL ART ANIMALS AND NATURE,40
23528,WALL ART SPACEBOY,30
23529,WALL ART DOLLY GIRL,26
23530,WALL ART ONLY ONE PERSON,60
23531,WALL ART BIG LOVE,77
23532,WALL ART WORK REST AND PLAY,23
23533,WALL ART GARDEN HAVEN,27
23534,WALL ART STOP FOR TEA,159
23535,WALL ART BICYCLE SAFETY,135
23536,WALL ART VILLAGE SHOW,68
23537,WALL ART I LOVE LONDON,20
23538,WALL ART VINTAGE HEART,25
23539,WALL ART LOVES' SECRET,32
23540,WALL ART THE MAGIC FOREST,9
23541,WALL ART CLASSIC PUDDINGS,97
23542,WALL ART 70'S ALPHABET,55
23543,WALL ART KEEP CALM,81
23544,WALL ART MID CENTURY MODERN,17
23545,WRAP RED VINTAGE DOILY,76
23546,WRAP PAISLEY PARK,106
23547,WRAP FLOWER SHOP,57
23548,WRAP MAGIC FOREST,42
23549,WRAP BIRD GARDEN,46
23550,WRAP ALPHABET POSTER,60
23551,PACK OF 12 PAISLEY PARK TISSUES,88
23552,BICYCLE PUNCTURE REPAIR KIT,93
23553,LANDMARK FRAME CAMDEN TOWN,50
23554,LANDMARK FRAME OXFORD STREET,49
23555,LANDMARK FRAME NOTTING HILL,45
23556,LANDMARK FRAME COVENT GARDEN,46
23557,LANDMARK FRAME BAKER STREET,25
23558,LANDMARK FRAME LONDON BRIDGE,43
23559,WOODLAND BUNNIES LOLLY MAKERS,69
23560,SET OF 6 RIBBONS COUNTRY STYLE,20
23561,SET OF 6 RIBBONS PARTY,13
23562,SET OF 6 RIBBONS PERFECTLY PRETTY,37
23564,EGG CUP MILKMAID INGRID,39
23565,EGG CUP MILKMAID HELGA,28
23566,EGG CUP MILKMAID HEIDI,44
23567,EGG CUP HENRIETTA HEN PINK,15
23568,EGG CUP HENRIETTA HEN CREAM,24
23569,TRADTIONAL ALPHABET STAMP SET,152
23570,TRADITIONAL PICK UP STICKS GAME,203
23571,TRADITIONAL NAUGHTS & CROSSES,195
23574,PACKING CHARGE,9
23575,SNACK TRAY PAISLEY PARK,22
23576,SNACK TRAY RED VINTAGE DOILY,28
23578,SNACK TRAY RED GINGHAM,11
23579,SNACK TRAY I LOVE LONDON,22
23580,SNACK TRAY HAPPY FOREST,20
23581,JUMBO BAG PAISLEY PARK,230
23582,VINTAGE DOILY JUMBO BAG RED,186
23583,LUNCH BAG PAISLEY PARK,233
23597,PAPER BUNTING PAISLEY PARK,28
23598,PAPER BUNTING VINTAGE PARTY,40
23630,SET 10 CARDS HANGING BAUBLES 17080,1
23660,HENRIETTA HEN MUG,30
23661,MILK MAIDS MUG,23
23664,FLOWER SHOP DESIGN MUG,1
23681,LUNCH BAG RED VINTAGE DOILY,105
23691,WRAP KEEP CALM BIRTHDAY,36
23692,WRAP A PRETTY THANK YOU,2
23694,PAISLEY PARK CARD,23
23695,DOILY THANK YOU CARD,41
23697,A PRETTY THANK YOU CARD,26
23702,High Resolution Image,3
23843,"PAPER CRAFT , LITTLE BIRDIE",1
35001G,HAND OPEN SHAPE GOLD,23
35001W,HAND OPEN SHAPE DECO.WHITE,5
35004B,SET OF 3 BLACK FLYING DUCKS,30
35004C,SET OF 3 COLOURED  FLYING DUCKS,28
35004G,SET OF 3 GOLD FLYING DUCKS,16
35004P,SET OF 3 PINK FLYING DUCKS,1
35095A,BLUE VICTORIAN FABRIC OVAL BOX,29
35095B,RED VICTORIAN FABRIC OVAL BOX,36
35241,ENAMEL BLUE RIM BISCUIT BIN,27
35265,COLOURFUL FLOWER FRUIT BOWL,11
35271S,GOLD PRINT PAPER BAG,2
35400,WOODEN BOX ADVENT CALENDAR,5
35443,RASTA IN BATH W SPLIFF ASHTRAY,5
35471D,SET OF 3 BIRD LIGHT PINK FEATHER,114
35591T,TURQUOISE CHRISTMAS TREE,4
35597A,DUSTY PINK CHRISTMAS TREE 30CM,1
35597B,BLACKCHRISTMAS TREE 30CM,1
35597D,PINK/WHITE CHRISTMAS TREE 30CM,2
35598A,DUSTY PINK CHRISTMAS TREE 60CM,2
35598B,BLACK CHRISTMAS TREE 60CM,20
35598C,WHITE CHRISTMAS TREE 60CM,2
35598D,PINK/WHITE CHRISTMAS TREE 60CM,23
35599B,BLACK CHRISTMAS TREE 120CM,19
35599D,PINK AND WHITE CHRISTMAS TREE 120CM,17
35607A,PINK FLUFFY CHRISTMAS DECORATION,1
35607B,BLACK FEATHER CHRISTMAS DECORATION,7
35610A,PINK CHRISTMAS FLOCK DROPLET,1
35610B,BLACK CHRISTMAS FLOCK DROPLET,1
35610C,WHITE CHRISTMAS FLOCK DROPLET,1
35637A,IVORY STRING CURTAIN WITH POLE,23
35637C,PINK STRING CURTAIN WITH POLE,7
35638A,PINK AND BLACK STRING CURTAIN,5
35638B,PINK/BLUE STRING CURTAIN,4
35645,VINTAGE BEAD PINK JEWEL BOX,2
35646,VINTAGE BEAD PINK EVENING BAG,32
35647,VINTAGE BEAD PINK SHADE,2
35648,VINTAGE BEAD PINK PURSE,40
35649,VINTAGE BEAD COSMETIC BAG,5
35650,VINTAGE BEAD PINK JEWEL STAND,1
35651,VINTAGE BEAD PINK SCARF,29
35653,VINTAGE BEAD NOTEBOOK,11
35809A,ENAMEL PINK TEA CONTAINER,37
35809B,ENAMEL BLUE RIM TEA CONTAINER,3
35810A,ENAMEL PINK COFFEE CONTAINER,46
35810B,ENAMEL BLUE RIM COFFEE CONTAINER,18
35815P,"ACRYLIC JEWEL SNOWFLAKE, PINK",5
35816P,"ACRYLIC JEWEL ANGEL,PINK",2
35817P,"ACRYLIC JEWEL SNOWFLAKE,PINK",2
35818B,"ACRYLIC JEWEL ICICLE, BLUE",3
35818P,"ACRYLIC JEWEL ICICLE, PINK",15
35819B,"ACRYLIC HANGING JEWEL,BLUE",19
35819P,"ACRYLIC HANGING JEWEL,PINK",7
35833P,4 PINK FLOCK CHRISTMAS BALLS,8
35909A,RABBIT EASTER DECORATION,3
35909B,PINK FLOWERS RABBIT EASTER,2
35910A,MULTICOLOUR EASTER RABBIT,4
35910B,PINK FLOWERS RABBIT EASTER,3
35911A,MULTICOLOUR RABBIT EGG WARMER,23
35911B,PINK/FLOWER RABBIT EGG WARMER,4
35912B,WHITE/PINK CHICK DECORATION,15
35913B,WHITE/PINK CHICK EASTER DECORATION,8
35914,PINK CHICK EGG WARMER + EGG CUP,16
35915B,BLUE KNITTED HEN,14
35915C,PEACH KNITTED HEN,8
35916A,YELLOW FELT HANGING HEART W FLOWER,3
35916B,BLUE FELT HANGING HEART WITH FLOWER,1
35916C,PINK FELT HANGING HEART W FLOWER,5
35920,FOUR RABBIT EASTER DECORATIONS,11
35921,EASTER BUNNY HANGING GARLAND,9
35922,EASTER BUNNY WREATH,10
35923,CANDY HEART HANGING DECORATION,30
35924,HANGING FAIRY CAKE DECORATION,25
35933,PINK STOCKING CHRISTMAS DECORATION,15
35953,FOLKART STAR CHRISTMAS DECORATIONS,81
35954,SMALL FOLKART STAR CHRISTMAS DEC,30
35957,SMALLFOLKART BAUBLE CHRISTMAS DEC,7
35958,FOLKART ZINC STAR CHRISTMAS DEC,3
35961,FOLKART ZINC HEART CHRISTMAS DEC,116
35964,FOLKART CLIP ON STARS,34
35965,FOLKART HEART NAPKIN RINGS,22
35966,FOLKART CHRISTMAS TREE T-LIGHT HOLD,2
35967,FOLK ART METAL STAR T-LIGHT HOLDER,24
35968,FOLK ART METAL HEART T-LIGHT HOLDER,14
35970,ZINC FOLKART SLEIGH BELLS,270
35971,ROSE FOLKART HEART DECORATIONS,39
35972,DAISY FOLKART HEART DECORATION,14
37327,ASSTD MULTICOLOUR CIRCLES MUG,36
37330,BIG POLKADOT MUG,1
37333,"RETRO ""TEA FOR ONE""",9
37340,MULTICOLOUR SPRING FLOWER MUG,59
37342,POLKADOT COFFEE CUP & SAUCER PINK,50
37343,POLKADOT MUG PINK,8
37351,ORANGE FLOWER MUG,1
37370,RETRO COFFEE MUGS ASSORTED,72
37379A,PINK CHERRY BLOSSOM CUP & SAUCER,1
37413,ICON MUG REVOLUTIONARY,52
37423,WHITE WITH BLACK CATS PLATE,3
37444A,YELLOW BREAKFAST CUP AND SAUCER,9
37444B,BLUE BREAKFAST CUP AND SAUCER,2
37444C,PINK BREAKFAST CUP AND SAUCER,5
37446,MINI CAKE STAND WITH HANGING CAKES,93
37447,CERAMIC CAKE DESIGN SPOTTED PLATE,51
37448,CERAMIC CAKE DESIGN SPOTTED MUG,78
37449,CERAMIC CAKE STAND + HANGING CAKES,106
37450,CERAMIC CAKE BOWL + HANGING CAKES,47
37461,FUNKY MONKEY MUG,1
37462E,"PET MUG, GOLDFISH",4
37464,ROBOT MUG IN DISPLAY BOX,2
37467,PIG MUG IN TWO COLOUR DESIGNS,11
37468,HARDMAN MUG 3 ASSORTED,11
37471,MULTICOLOUR POLKADOT PLATE,1
37475,SET/4 COLOURFUL MIXING BOWLS,27
37476,CONDIMENT TRAY 4 BOWLS AND 4 SPOONS,9
37479B,CUBIC MUG FLOCK BLUE ON BROWN,16
37479P,CUBIC MUG FLOCK PINK ON BROWN,15
37482P,CUBIC MUG PINK POLKADOT,30
37487B,YELLOW/ORANGE FLOWER DESIGN PLATE,2
37488A,YELLOW PINK FLOWER DESIGN BIG BOWL,3
37489A,YELLOW/PINK FLOWER DESIGN BIG MUG,14
37489B,BLUE/YELLOW FLOWER DESIGN BIG MUG,12
37489C,GREEN/BLUE FLOWER DESIGN BIG MUG,8
37489D,PINK/GREEN FLOWER DESIGN BIG MUG,16
37491B,BLUE/YELLOW CERAMIC CANDLE HOLDER,1
37491C,GREEN/BLUE CERAMIC CANDLE HOLDER,1
37491D,PURPLE/BLUE CERAMIC CANDLE HOLDER,1
37495,FAIRY CAKE BIRTHDAY CANDLE SET,75
37500,TEA TIME TEAPOT IN GIFT BOX,53
37501,TEA TIME TEA SET IN GIFT BOX,28
37509,NEW ENGLAND MUG W GIFT BOX,2
40001,WHITE BAMBOO RIBS LAMPSHADE,23
40003,WHITE BAMBOO RIBS LAMPSHADE,10
40005B,BLUE ORGANDY ROUND LAMPSHADE W BEA,4
40016,CHINESE DRAGON PAPER LANTERNS,54
40046A,RED DAISY PAPER LAMPSHADE,6
44089A,PINK GAUZE BUTTERFLY LAMPSHADE,4
44089C,LILAC GAUZE BUTTERFLY LAMPSHADE,6
44091A,BLUE CRUSOE CHECK LAMPSHADE,3
44092B,BLUE WHITE PLASTIC RINGS LAMPSHADE,4
44092C,PURPLE/COPPER HANGING LAMPSHADE,5
44228,CANNABIS LEAF BEAD CURTAIN,2
44234,ASSORTED CIRCULAR MOBILE,17
44235,ASSORTED COLOURED CIRCLE MOBILE,11
44236,PINK/PURPLE CIRCLE CURTAIN,6
44242A,LILAC FEATHERS CURTAIN,1
44242B,PINK FEATHERS CURTAIN,3
44265,M/COLOUR POM-POM CURTAIN,1
45013,FOLDING SHOE TIDY,2
46000M,POLYESTER FILLER PAD 45x45cm,92
46000P,POLYESTER FILLER PAD 65CMx65CM,5
46000R,POLYESTER FILLER PAD 45x30cm,22
46000S,POLYESTER FILLER PAD 40x40cm,128
46000U,POLYESTER FILLER PAD 30CMx30CM,16
46115B,GREEN POP ART MAO CUSHION COVER,1
46118,FUNKY MONKEY CUSHION COVER,12
46126A,ELVIS WALLHANGING / CURTAIN,5
46138B,BLUE CHENILLE SHAGGY CUSHION COVER,8
46775D,SUNSET COLOUR CHUNKY KNITTED THROW,12
46776A,WOVEN BUBBLE GUM CUSHION COVER,6
46776B,WOVEN BERRIES CUSHION COVER,6
46776C,WOVEN FROST CUSHION COVER,6
46776D,WOVEN SUNSET CUSHION COVER,3
46776E,WOVEN CANDY CUSHION COVER,5
46776F,WOVEN ROSE GARDEN CUSHION COVER,6
47013A,WINE BOTTLE DRESSING LT.BLUE,4
47013C,WINE BOTTLE DRESSING DARK BLUE,7
47016,LIGHT DECORATION BATTERY OPERATED,1
47021G,SET/6 BEAD COASTERS GAUZE BAG GOLD,12
47310M,SMALL POP BOX FUNKY MONKEY,23
47341A,FUSCHIA TABLE RUN FLOWER,5
47341B,BLUE TABLE RUN FLOWER,11
47343A,FUSCHIA FLOWER PURSE WITH BEADS,13
47344B,BLUE FLOWER DES PURSE,6
47348A,FUSCHIA VOILE POINTY SHOE DEC,11
47351B,BLUE  VOILE LAMPSHADE,7
47367B,PAIR PADDED HANGERS PINK CHECK,11
47369A,PINK GREEN EMBROIDERY COSMETIC BAG,6
47369B,BLUE GREEN EMBROIDERY COSMETIC BAG,3
47420,ASSORTED COLOUR SUCTION CUP HOOK,11
47421,ASSORTED COLOUR LIZARD SUCTION HOOK,16
47422,ASSORTED MONKEY SUCTION CUP HOOK,16
47469,ASSORTED SHAPES PHOTO CLIP SILVER,10
47471,RAINBOW PEGS PHOTO CLIP STRING,19
47480,HANGING PHOTO CLIP ROPE LADDER,29
47481,50CM METAL STRING WITH  7 CLIPS,15
47503A,ASS FLORAL PRINT MULTI SCREWDRIVER,123
47503H,ASS FLORAL PRINT SPIRIT LEVEL,30
47503J,SET/3 FLORAL GARDEN TOOLS IN BAG,1
47504H,ENGLISH ROSE SPIRIT LEVEL,68
47504K,ENGLISH ROSE GARDEN SECATEURS,141
47518F,ICON PLACEMAT POP ART ELVIS,19
47556B,TEA TIME TEA TOWELS,1
47559B,TEA TIME OVEN GLOVE,152
47563A,RETRO LONGBOARD IRONING BOARD COVER,31
47566,PARTY BUNTING,708
47566B,TEA TIME PARTY BUNTING,192
47567B,TEA TIME KITCHEN APRON,81
47570B,TEA TIME TABLE CLOTH,23
47574A,ENGLISH ROSE SCENTED HANGING FLOWER,36
47574B,ENGLISH ROSE SCENTED HANGING HEART,2
47578A,ENGLISH ROSE SMALL SCENTED FLOWER,26
47579,TEA TIME BREAKFAST BASKET,1
47580,TEA TIME DES TEA COSY,55
47585A,PINK FAIRY CAKE CUSHION COVER,23
47586A,PINK FAIRY CAKE CUSHION COVER,7
47589,CONGRATULATIONS BUNTING,3
47590A,BLUE HAPPY BIRTHDAY BUNTING,228
47590B,PINK HAPPY BIRTHDAY BUNTING,238
47591B,SCOTTIES CHILDRENS APRON,9
47591D,PINK FAIRY CAKE CHILDRENS APRON,250
47593A,CAROUSEL PONIES BABY BIB,10
47593B,SCOTTIE DOGS BABY BIB,68
47594A,CAROUSEL DESIGN WASHBAG,26
47594B,SCOTTIES DESIGN WASHBAG,26
47599A,PINK PARTY BAGS,102
47599B,BLUE PARTY BAGS,69
48111,DOORMAT 3 SMILEY CATS,111
48116,DOORMAT MULTICOLOUR STRIPE,88
48129,DOORMAT TOPIARY,125
48138,DOORMAT UNION FLAG,313
48173C,DOORMAT BLACK FLOCK,105
48184,DOORMAT ENGLISH ROSE,227
48185,DOORMAT FAIRY CAKE,143
48187,DOORMAT NEW ENGLAND,314
48188,DOORMAT WELCOME PUPPIES,163
48194,DOORMAT HEARTS,286
51008,AFGHAN SLIPPER SOCK PAIR,16
51014A,"FEATHER PEN,HOT PINK",106
51014C,"FEATHER PEN,COAL BLACK",71
51014L,"FEATHER PEN,LIGHT PINK",72
51020A,SUMMER FUN DESIGN SHOWER CAP,16
51020B,STRIPY DESIGN SHOWER CAP,13
62018,SOMBRERO,39
62043B,BLUE CHECK BAG W HANDLE 34X20CM,5
62074B,ELEPHANT CLIP W SUCTION CUP,4
62086A,PINK RETRO BIG FLOWER BAG,13
62094B,TURQ ICE CREAM BUM BAG,2
62096A,PINK/YELLOW FLOWERS HANDBAG,7
62096B,PURPLE/TURQ FLOWERS HANDBAG,1
62097B,BLUE STRIPES SHOULDER BAG,2
70006,LOVE HEART POCKET WARMER,72
70007,HI TEC ALPINE HAND WARMER,46
71038,WHITE HANGING BEADS CANDLE HOLDER,34
71050,SMALL SINGLE FLAME CANDLE HOLDER,5
71053,WHITE METAL LANTERN,149
71101E,STANDING FAIRY POLE SUPPORT,17
71143,SILVER BOOK MARK WITH BEADS,1
71215,METAL BASE FOR CANDLES,2
71270,PHOTO CLIP LINE,16
71279,PINK GLASS CANDLEHOLDER,20
71403,"PINK/WHITE ""KEEP CLEAN"" BULLET BIN",12
71406C,BLACK ORANGE SQUEEZER,13
71459,HANGING JAM JAR T-LIGHT HOLDER,226
71477,COLOUR GLASS. STAR T-LIGHT HOLDER,155
71495A,CD WALL TIDY BLUE OFFICE,2
71495B,CD WALL TIDY RED FLOWERS,4
71496A,A4 WALL TIDY BLUE OFFICE,5
71496B,A4 WALL TIDY RED FLOWERS,4
71510,SQUARE METAL CANDLEHOLDER BASE,5
72024U,LILAC VOTIVE CANDLE,3
72051S,BAG OF SILVER STONES,5
72122,COFFEE SCENT PILLAR CANDLE,38
72127,COLUMBIAN CANDLE ROUND,25
72128,COLUMBIAN CANDLE ROUND,28
72130,COLUMBIAN CANDLE ROUND,20
72131,COLUMBIAN CANDLE RECTANGLE,14
72132,COLUMBIAN CUBE CANDLE,9
72133,COLUMBIAN CANDLE RECTANGLE,11
72134,COLUMBIAN  CUBE CANDLE,6
72140E,BEST DAD CANDLE LETTERS,8
72225C,LAVENDER SCENT CAKE CANDLE,12
72232,FENG SHUI PILLAR CANDLE,45
72349B,SET/6 PURPLE BUTTERFLY T-LIGHTS,51
72351A,SET/6 TURQUOISE BUTTERFLY T-LIGHTS,78
72351B,SET/6 PINK  BUTTERFLY T-LIGHTS,87
72369A,PINK CLEAR GLASS CANDLE PLATE,3
72586,SET OF 6 HALLOWEEN GHOST T-LIGHTS,36
72598,SET/12 TAPER CANDLES,38
72709,IVORY SCULPTED RND CANDLE,4
72741,GRAND CHOCOLATECANDLE,195
72760B,VINTAGE CREAM 3 BASKET CAKE STAND,104
72780,BLACK SILOUETTE CANDLE PLATE,18
72783,BLACK SIL'T SQU CANDLE PLATE,2
72798C,SET/4 GARDEN ROSE DINNER CANDLE,3
72799C,PINK PILLAR CANDLE SILVER FLOCK,17
72799E,IVORY PILLAR CANDLE SILVER FLOCK,43
72799F,IVORY PILLAR CANDLE GOLD FLOCK,19
72800B,4 PURPLE FLOCK DINNER CANDLES,31
72800C,4 PINK DINNER CANDLE SILVER FLOCK,26
72800D,4 BLUE DINNER CANDLES SILVER FLOCK,20
72800E,4 IVORY DINNER CANDLES SILVER FLOCK,62
72801C,4 ROSE PINK DINNER CANDLES,13
72801D,4 SKY BLUE DINNER CANDLES,10
72801G,4 BURGUNDY WINE DINNER CANDLES,9
72802A,ROSE SCENT CANDLE IN JEWELLED BOX,44
72802B,OCEAN SCENT CANDLE IN JEWELLED BOX,54
72802C,VANILLA SCENT CANDLE JEWELLED BOX,63
72803A,ROSE SCENT CANDLE JEWELLED DRAWER,30
72807A,SET/3 ROSE CANDLE IN JEWELLED BOX,53
72807B,SET/3 OCEAN SCENT CANDLE JEWEL BOX,56
72807C,SET/3 VANILLA SCENTED CANDLE IN BOX,83
72811,SMALL ZINC/GLASS CANDLEHOLDER,6
72812,LARGE ZINC GLASS CANDLEHOLDER,3
72815,3 WICK CHRISTMAS BRIAR CANDLE,1
72816,SET/3 CHRISTMAS DECOUPAGE CANDLES,26
72817,SET OF 2 CHRISTMAS DECOUPAGE CANDLE,74
72818,CHRISTMAS DECOUPAGE CANDLE,51
72819,CUPID DESIGN SCENTED CANDLES,28
72821,CUPID SCENTED CANDLE IN GLASS,4
75011,BLUE DAISY MOBILE,9
75013B,"STRING OF 8 BUTTERFLIES,PINK",6
75049L,LARGE CIRCULAR MIRROR MOBILE,71
75131,METAL TUBE CHIME ON BAMBOO,13
75172,PAINTED SEA SHELL METAL WINDCHIME,8
75178,ASSTD COL BUTTERFLY/CRYSTAL W/CHIME,6
77079,DOLPHIN WINDMILL,1
77101A,UNION FLAG WINDSOCK,16
78033,FLAG OF ST GEORGE CHAIR,6
78034B,BLUE NETTING STORAGE HANGER,6
78124,MAGAZINE RACK GEBRA ASSORTED,16
79000,MOROCCAN TEA GLASS,69
79026B,"S/4 ICON COASTER,ELVIS LIVES",7
79030D,TUMBLER BAROQUE,26
79030G,TUMBLER NEW ENGLAND,44
79051A,SMOKEY GREY COLOUR D.O.F. GLASS,32
79062D,"RETRO TIN ASHTRAY,REVOLUTIONARY",4
79063C,"RETRO PILL BOX KEY CHAIN,THE KING",13
79063D,"RETRO PILL BOX , REVOLUTIONARY",9
79066K,RETRO MOD TRAY,69
79067,CORONA MEXICAN TRAY,16
79071B,ENGLISH ROSE METAL WASTE BIN,10
79144B,PAINTED LIGHTBULB STAR+ MOON,14
79144C,PAINTED LIGHTBULB RAINBOW DESIGN,5
79149B,SILICON STAR BULB  BLUE,8
79151B,"SILICON CUBE 25W, BLUE",2
79157B,UBO-LIGHT TRIOBASE BLUE,2
79157V,UBO-LIGHT TRIOBASE PURPLE,3
79160,HEART SHAPE WIRELESS DOORBELL,30
79161A,ST GEORGE SET OF 10 PARTY LIGHTS,2
79163,BLACK CHAMPAGNE GLASS,25
79164,BLACK WINE GLASS,12
79190A,RETRO PLASTIC 70'S TRAY,24
79190B,RETRO PLASTIC POLKA TRAY,24
79190D,RETRO PLASTIC DAISY TRAY,16
79191B,RETRO PLASTIC POLKA TRAY,23
79191C,RETRO PLASTIC ELEPHANT TRAY,57
79191D,RETRO PLASTIC DAISY TRAY,7
79192A,RETRO PLASTIC 70'S TRAY,2
79302M,"ART LIGHTS,FUNK MONKEY",26
79321,CHILLI LIGHTS,205
79323B,BLACK CHERRY LIGHTS,1
79323P,PINK CHERRY LIGHTS,1
79329,PINK FLOCK GLASS CANDLEHOLDER,2
79331,PINK FLOCK GLASS CANDLEHOLDER,3
79336,LIGHT PINK FLOCK GLASS CANDLEHOLDER,2
79337,BLUE FLOCK GLASS CANDLEHOLDER,9
79403,FROSTED WHITE BASE,9
79406,FROSTED WHITE BASE,6
81950B,FLOWER BLUE CLOCK WITH SUCKER,8
81950V,FLOWER PURPLE CLOCK WITH SUCKER,6
81952B,ROUND BLUE CLOCK WITH SUCKER,9
81952V,ROUND PURPLE CLOCK WITH SUCKER,22
81953B,ROUND BLUE CLOCK WITH SUCKER,2
81953P,ROUND ARTICULATED PINK CLOCK W/SUCK,2
82001S,VINYL RECORD FRAME SILVER,49
82011A,"BATHROOM SCALES, TROPICAL BEACH",8
82011B,BATHROOM SCALES RUBBER DUCKS,11
82011C,BATHROOM SCALES FOOTPRINTS IN SAND,17
82095,HEART BUTTONS JEWELLERY BOX,4
82482,WOODEN PICTURE FRAME WHITE FINISH,410
82483,WOOD 2 DRAWER CABINET WHITE FINISH,241
82484,WOOD BLACK BOARD ANT WHITE FINISH,285
82486,WOOD S/3 CABINET ANT WHITE FINISH,235
82494L,WOODEN FRAME ANTIQUE WHITE,392
82551,LAUNDRY 15C METAL SIGN,156
82552,WASHROOM METAL SIGN,184
82567,"AIRLINE LOUNGE,METAL SIGN",86
82578,KITCHEN METAL SIGN,142
82580,BATHROOM METAL SIGN,210
82581,TOILET METAL SIGN,172
82582,AREA PATROLLED METAL SIGN,176
82583,HOT BATHS METAL SIGN,206
82599,FANNY'S REST STOPMETAL SIGN,67
82600,NO SINGING METAL SIGN,221
82605,OLD DOC RUSSEL METAL SIGN,3
82613A,"METAL SIGN,CUPCAKE SINGLE HOOK",13
82613B,"METAL SIGN,CUPCAKE SINGLE HOOK",39
82613C,"METAL SIGN,CUPCAKE SINGLE HOOK",33
82613D,METAL SIGN CUPCAKE SINGLE HOOK,43
82615,PINK MARSHMALLOW SCARF KNITTING KIT,1
82616B,FRAPPUCINO SCARF KNITTING KIT,35
82616C,MIDNIGHT GLAMOUR SCARF KNITTING KIT,40
84006,MAGIC TREE -PAPER FLOWERS,46
84012,MAGIC SHEEP WOOL GROWING FROM PAPER,78
84016,FLAG OF ST GEORGE CAR FLAG,1
84029E,RED WOOLLY HOTTIE WHITE HEART.,228
84029G,KNITTED UNION FLAG HOT WATER BOTTLE,211
84030E,ENGLISH ROSE HOT WATER BOTTLE,198
84031A,CHARLIE+LOLA RED HOT WATER BOTTLE,34
84031B,CHARLIE LOLA BLUE HOT WATER BOTTLE,29
84032A,CHARLIE+LOLA PINK HOT WATER BOTTLE,78
84032B,CHARLIE + LOLA RED HOT WATER BOTTLE,106
84033,FLAG OF ST GEORGE,7
84050,PINK HEART SHAPE EGG FRYING PAN,139
84051,ASS COLOUR GLOWING TIARAS,24
84077,WORLD WAR 2 GLIDERS ASSTD DESIGNS,307
84078A,SET/4 WHITE RETRO STORAGE CUBES,79
84086B,YELLOW/BLUE RETRO RADIO,3
84086C,PINK/PURPLE RETRO RADIO,13
84192,ASSORTED COLOUR METAL CAT,19
84199,GLOW IN DARK DOLPHINS,28
84201B,HAPPY BIRTHDAY CARD STRIPEY TEDDY,2
84201C,HAPPY BIRTHDAY CARD TEDDY/CAKE,1
84206A,3 BLACK CATS W HEARTS BLANK CARD,3
84206B,CAT WITH SUNGLASSES BLANK CARD,1
84206C,CHAMPAGNE TRAY BLANK CARD,2
84212,"ASSORTED FLOWER COLOUR ""LEIS""",72
84218,BOX/12 CHICK & EGG IN BASKET,37
84226,HEN HOUSE W FAMILY IN BARN & NEST,9
84227,HEN HOUSE W CHICK IN NEST,1
84228,HEN HOUSE W CHICK STANDING,16
84231,EASTER BUNNY WITH BASKET ON BACK,13
84247E,PACK OF 12 CHRISTMAS FUN CARDS,23
84247G,"DECOUPAGE,GREETING CARD,",17
84247K,"FOLK ART GREETING CARD,pack/12",7
84247L,FAWN AND MUSHROOM GREETING CARD,8
84247N,PACK/12 BLUE FOLKART CARDS,16
84249A,"GREETING CARD,SQUARE, DOUGHNUTS",12
84251B,"GREETING CARD, STICKY GORDON",12
84251C,"GREETING CARD, TWO SISTERS.",2
84251G,"GREETING CARD, OVERCROWDED POOL.",15
84279B,CHERRY BLOSSOM DECORATIVE FLASK,48
84279P,CHERRY BLOSSOM  DECORATIVE FLASK,79
84306,S/3 PINK SQUARE PLANTERS ROSES,2
84313B,BLUE TV TRAY TABLE,6
84313C,ORANGE TV TRAY TABLE,17
84341B,SMALL PINK MAGIC CHRISTMAS TREE,30
84347,ROTATING SILVER ANGELS T-LIGHT HLDR,192
84352,SILVER CHRISTMAS TREE BAUBLE STAND,14
84356,POMPOM CURTAIN,32
84358,FLOOR LAMP SHADE WOOD BASE,6
84360,TABLE LAMP WHITE SHADE WOOD BASE,9
84375,SET OF 20 KIDS COOKIE CUTTERS,290
84378,SET OF 3 HEART COOKIE CUTTERS,376
84380,SET OF 3 BUTTERFLY COOKIE CUTTERS,325
84387A,BIRD ON BRANCH CANVAS SCREEN,1
84388,WISE MAN STAR SHAPE EGG PAN,6
84402B,PURPLE DRESS JEWELLERY STAND,3
84406B,CREAM CUPID HEARTS COAT HANGER,133
84415A,PINK FLOCK SUEDE CUSHION COVER,2
84415B,BLUE FLOCK CUSHION COVER,2
84422,PINK/BLUE DISC/MIRROR STRING,8
84429A,MEDIUM PINK BUDDHA HEAD,13
84452,METAL RABBIT LADDER EASTER,14
84457,SET/3 RABBITS FLOWER SKIPPPING ROPE,21
84459A,PINK METAL CHICKEN HEART,50
84459B,YELLOW METAL CHICKEN HEART,54
84461,12 PINK HEN+CHICKS IN BASKET,13
84462,3 PINK HEN+CHICKS IN BASKET,6
84465,15 PINK FLUFFY CHICKS IN BOX,7
84466,TOP SECRET PEN SET,8
84497,BUTTONS AND STRIPES NOTEBOOK,7
84499,BLACK FLOWER CANDLE PLATE,2
84507B,STRIPES DESIGN MONKEY DOLL,10
84507C,BLUE CIRCLES DESIGN MONKEY DOLL,11
84508A,CAMOUFLAGE DESIGN TEDDY,17
84508B,STRIPES DESIGN TEDDY,21
84508C,BLUE CIRCLES DESIGN TEDDY,14
84509A,SET OF 4 ENGLISH ROSE PLACEMATS,103
84509B,SET OF 4 FAIRY CAKE PLACEMATS,37
84509C,SET OF 4 POLKADOT PLACEMATS,20
84509E,SET OF 4 CAROUSEL PLACEMATS,7
84509G,SET OF 4 FAIRY CAKE PLACEMATS,42
84510A,SET OF 4 ENGLISH ROSE COASTERS,100
84510C,SET OF 4 POLKADOT COASTERS,25
84510E,SET OF 4 GREEN CAROUSEL COASTERS,9
84519A,TOMATO CHARLIE+LOLA COASTER SET,45
84519B,CARROT CHARLIE+LOLA COASTER SET,63
84520B,PACK 20 ENGLISH ROSE PAPER NAPKINS,51
84522,PINK PARTY SUNGLASSES,6
84527,FLAMES SUNGLASSES PINK LENSES,6
84531A,PINK KNITTED EGG COSY,24
84531B,BLUE KNITTED EGG COSY,24
84534B,FAIRY CAKE NOTEBOOK A5 SIZE,5
84535A,ENGLISH ROSE NOTEBOOK A6 SIZE,19
84535B,FAIRY CAKES NOTEBOOK A6 SIZE,80
84536A,ENGLISH ROSE NOTEBOOK A7 SIZE,140
84536B,FAIRY CAKES NOTEBOOK A7 SIZE,74
84539,KNITTED RABBIT DOLL,1
84548,CROCHET BEAR RED/BLUE  KEYRING,3
84549,CROCHET WHITE RABBIT KEYRING,3
84550,CROCHET LILAC/RED BEAR KEYRING,1
84551,CROCHET DOG KEYRING,1
84558A,3D DOG PICTURE PLAYING CARDS,49
84559A,3D SHEET OF DOG STICKERS,34
84559B,3D SHEET OF CAT STICKERS,36
84562A,PINK/WHITE RIBBED MELAMINE JUG,2
84563A,PINK & WHITE BREAKFAST TRAY,11
84563B,BLUE & WHITE BREAKFAST TRAY,18
84568,GIRLS ALPHABET IRON ON PATCHES,18
84569A,PACK 3 IRON ON DOG PATCHES,26
84569B,PACK 3 FIRE ENGINE/CAR PATCHES,11
84569C,PACK 4 FLOWER/BUTTERFLY PATCHES,1
84569D,PACK 6 HEART/ICE-CREAM PATCHES,32
84575A,PINK DOG CANNISTER,4
84576,BLUE CAT BISCUIT BARREL PINK HEART,8
84580,MOUSE TOY WITH PINK T-SHIRT,91
84581,DOG TOY WITH PINK CROCHET SKIRT,60
84584,PINK GINGHAM CAT WITH SCARF,18
84592,CROCHET ROSE PURSE WITH SUEDE BACK,15
84593,CROCHET ROSE DES CLOTHES HANGER,1
84595E,LARGE TORTILLA DESIGN RED BOWL,8
84596B,SMALL DOLLY MIX DESIGN ORANGE BOWL,189
84596E,SMALL LICORICE DES PINK BOWL,33
84596F,SMALL MARSHMALLOWS PINK BOWL,166
84596G,SMALL CHOCOLATES PINK BOWL,84
84596J,MIXED NUTS LIGHT GREEN BOWL,21
84596L,BISCUITS SMALL BOWL LIGHT BLUE,49
84597B,RETRO BROWN BALL ASHTRAY,3
84597C,RETRO PINK BALL ASHTRAY,11
84598,BOYS ALPHABET IRON ON PATCHES,5
84600,NEW BAROQUE JEWELLERY BOX,16
84609,TALL ROCOCO CANDLE HOLDER,16
84613A,PINK NEW BAROQUE FLOCK CANDLESTICK,3
84613C,BLUE NEW BAROQUE FLOCK CANDLESTICK,1
84614A,PINK BAROQUE FLOCK CANDLE HOLDER,1
84616,SILVER ROCCOCO CHANDELIER,6
84617,NEW BAROQUE BLACK BOXES,3
84620,BLUE GINGHAM ROSE CUSHION COVER,1
84625A,PINK NEW BAROQUECANDLESTICK CANDLE,24
84625C,BLUE NEW BAROQUE CANDLESTICK CANDLE,20
84629,WHITE 3 FRAME BIRDS AND TREE,10
84631,FRUIT TREE AND BIRDS WALL PLAQUE,7
84632,DECORATIVE HANGING SHELVING UNIT,5
84637,KITCHEN FLOWER POTS WALL PLAQUE,11
84638,SMALL KITCHEN FLOWER POTS PLAQUE,11
84658,WHITE STITCHED CUSHION COVER,14
84659A,WHITE TRAVEL ALARM CLOCK,19
84660A,WHITE STITCHED WALL CLOCK,30
84660B,BLACK STITCHED WALL CLOCK,20
84660C,PINK STITCHED WALL CLOCK,20
84661A,WHITE SQUARE TABLE CLOCK,10
84661B,BLACK SQUARE TABLE CLOCK,10
84661C,PINK SQUARE TABLE CLOCK,5
84663A,GRASS HOPPER WOODEN WALL CLOCK,21
84665,SQUARE CHERRY BLOSSOM CABINET,14
84666,SQUARE CHERRY BLOSSOM CABINET,4
84673A,PINK FLY SWAT,21
84673B,BLUE FLY SWAT,31
84674,FLYING PIG WATERING CAN,31
84675,FROG KING WATERING CAN,2
84678,CLASSICAL ROSE SMALL VASE,10
84679,CLASSICAL ROSE TABLE LAMP,2
84683,CLASSICAL ROSE CANDLESTAND,6
84685,BEACH HUT KEY CABINET,6
84686,BEACH HUT MIRROR,7
84687,BEACH HUT SHELF W 3 DRAWERS,16
84688,BEACH HUT DESIGN BLACKBOARD,7
84689,S/2 BEACH HUT TREASURE CHESTS,2
84691,PACK 20 DOLLY PEGS,2
84692,BOX OF 24 COCKTAIL PARASOLS,209
84705C,PINK FLOCK PHOTO FRAME,1
84706D,CHERRY BLOSSOM TABLE CLOCK,3
84706F,RED PEONY TABLE CLOCK,9
84707A,SILVER JEWELLED MIRROR TRINKET TRAY,21
84707B,PINK JEWELLED MIRROR TRINKET TRAY,13
84708B,PINK JEWELLED PHOTO FRAME,13
84709B,PINK OVAL JEWELLED MIRROR,11
84711A,SILVER OVAL SHAPE TRINKET BOX,7
84711B,PINK OVAL SHAPE TRINKET BOX,7
84712B,PINK JEWELLED PHOTO FRAME,9
84715,SET OF 6 ICE CREAM SKITTLES,3
84723,CHERRY BLOSSOM CANVAS ART PICTURE,5
84725,FREESTYLE CANVAS ART PICTURE,16
84731,3 BIRDS CANVAS SCREEN,2
84732B,CUTE BIRD CEATURE SCREEN,2
84732D,CUTE RABBIT CEATURE SCREEN,2
84741C,CITRUS GARLAND FELT FLOWERS,14
84743C,ORANGE FELT VASE + FLOWERS,1
84744,S/6 SEW ON CROCHET FLOWERS,17
84745A,PINK HANGING GINGHAM EASTER HEN,5
84745B,BLUE HANGING GINGHAM EASTER HEN,5
84746,PINK EASTER HENS+FLOWER,1
84748,FOLK FELT HANGING MULTICOL GARLAND,7
84750A,PINK SMALL GLASS CAKE STAND,1
84750B,BLACK SMALL GLASS CAKE STAND,12
84751B,BLACK MEDIUM GLASS CAKE STAND,8
84754,S/15 SILVER GLASS BAUBLES IN BAG,35
84755,COLOUR GLASS T-LIGHT HOLDER HANGING,318
84760S,SMALL HANGING GLASS+ZINC LANTERN,8
84763,ZINC FINISH 15CM PLANTER POTS,39
84766,SILVER ROCOCO CANDLE STICK,11
84773,RED ROSE AND LACE C/COVER,1
84789,ENCHANTED BIRD PLANT CAGE,33
84792,ENCHANTED BIRD COATHANGER 5 HOOK,125
84795B,SUNSET CHECK HAMMOCK,33
84795C,OCEAN STRIPE HAMMOCK,1
84796A,PINK HAWAIIAN PICNIC HAMPER FOR 2,10
84796B,BLUE SAVANNAH PICNIC HAMPER FOR 2,16
84798A,PINK FOXGLOVE ARTIIFCIAL FLOWER,3
84798B,PURPLE FOXGLOVE ARTIIFCIAL FLOWER,2
84799,SPRIG LAVENDER ARTIFICIAL FLOWER,9
84800L,LARGE WHITE/PINK ROSE ART FLOWER,20
84800M,MEDIUM WHITE/PINK ROSE ART FLOWER,11
84800S,SMALL WHITE/PINK ROSE ART FLOWER,9
84801A,PINK HYDRANGEA ART FLOWER,5
84801B,WHITE HYDRANGEA ART FLOWER,3
84802A,WHITE ANEMONE ARTIFICIAL FLOWER,1
84802B,PURPLE ANEMONE ARTIFICIAL FLOWER,1
84803B,WHITE ALLIUM  ARTIFICIAL FLOWER,3
84804A,CREAM DELPHINIUM ARTIFICIAL FLOWER,8
84804B,BLUE DELPHINIUM ARTIFICIAL FLOWER,6
84805A,CREAM CLIMBING HYDRANGA ART FLOWER,3
84805B,BLUE CLIMBING HYDRANGA ART FLOWER,3
84806A,PINK CANDYSTUFT ARTIFICIAL FLOWER,11
84806B,WHITE CANDYSTUFT ARTIFICIAL FLOWER,18
84809A,WHITE CHRYSANTHEMUMS ART FLOWER,5
84809B,PINK CHRYSANTHEMUMS ART FLOWER,1
84813,SET OF 4 DIAMOND NAPKIN RINGS,20
84816,DANISH ROSE BEDSIDE CABINET,10
84817,DANISH ROSE DECORATIVE PLATE,48
84818,DANISH ROSE PHOTO FRAME,79
84819,DANISH ROSE ROUND SEWING BOX,56
84820,DANISH ROSE TRINKET TRAYS,31
84821,DANISH ROSE DELUXE COASTER,35
84823,DANISH ROSE FOLDING CHAIR,25
84824,DANISH ROSE UMBRELLA STAND,2
84826,ASSTD DESIGN 3D PAPER STICKERS,29
84827,ASS DES PHONE SPONGE CRAFT STICKER,12
84828,JUNGLE POPSICLES ICE LOLLY MOULDS,82
84832,ZINC WILLIE WINKIE  CANDLE STICK,137
84836,ZINC METAL HEART DECORATION,311
84840,SWEETHEART CARRY-ALL BASKET,3
84842,HELLO SAILOR BATHROOM SET,8
84843,WHITE SOAP RACK WITH 2 BOTTLES,36
84846A,SCENTED CANDLE IN DIGITALIS TIN,9
84847,FLORAL BATHROOM SET,9
84849A,HELLO SAILOR BLUE SOAP HOLDER,25
84849B,FAIRY SOAP SOAP HOLDER,41
84849D,HOT BATHS SOAP HOLDER,64
84854,GIRLY PINK TOOL SET,1
84857B,BLUE MONTE CARLO HANDBAG,1
84857C,PINK MONTE CARLO HANDBAG,8
84858C,PINK RIVIERA HANDBAG,4
84859A,SILVER DISCO HANDBAG,24
84859B,BLUE DISCO HANDBAG,10
84859C,PINK DISCO HANDBAG,17
84865,NEW BAROQUE BLACK PHOTO ALBUM,8
84870B,BLUE GEISHA GIRL,9
84870C,GREEN GEISHA GIRL,10
84872A,TEATIME FUNKY FLOWER BACKPACK FOR 2,3
84873A,FUNKY FLOWER PICNIC BAG FOR 4,2
84874B,BLUE TRAVEL FIRST AID KIT,7
84875B,GREEN SQUARE COMPACT MIRROR,14
84875D,BLUE SQUARE COMPACT MIRROR,8
84876B,GREEN HEART COMPACT MIRROR,17
84876D,BLUE HEART COMPACT MIRROR,12
84877A,PINK ROUND COMPACT MIRROR,1
84877B,GREEN ROUND COMPACT MIRROR,8
84877D,BLUE ROUND COMPACT MIRROR,11
84879,ASSORTED COLOUR BIRD ORNAMENT,678
84880,WHITE WIRE EGG HOLDER,51
84881,BLUE WIRE SPIRAL CANDLE HOLDER,5
84882,GREEN WIRE STANDING CANDLE HOLDER,12
84884A,ANT WHITE WIRE HEART SPIRAL,52
84898F,YELLOW FLOWERS FELT HANDBAG KIT,15
84905,PINK BUTTERFLY CUSHION COVER,2
84906,PINK B'FLY C/COVER W BOBBLES,9
84907,PINK YELLOW PATCH CUSHION COVER,3
84910A,PINK PAISLEY CUSHION COVER,6
84912A,PINK ROSE WASHBAG,25
84912B,GREEN ROSE WASHBAG,32
84913A,SOFT PINK ROSE TOWEL,10
84913B,MINT GREEN ROSE TOWEL,19
84915,HAND TOWEL PINK FLOWER AND DAISY,8
84916,HAND TOWEL PALE BLUE W FLOWERS,17
84917,WHITE HAND TOWEL WITH BUTTERFLY,13
84919,BLUE CUSHION COVER WITH FLOWER,9
84920,PINK FLOWER FABRIC PONY,22
84921,CREAM AND PINK FLOWERS PONY,5
84922,PINK BUTTERFLY WASHBAG,5
84924A,WAKE UP COCKEREL CALENDAR SIGN,21
84924F,PSYCHEDELIC METAL SIGN CALENDAR,3
84925D,LA PALMIERA WALL THERMOMETER,8
84925F,PSYCHEDELIC WALL THERMOMETER,14
84926A,WAKE UP COCKEREL TILE COASTER,24
84926D,LA PALMIERA TILE COASTER,25
84926E,FLOWERS TILE COASTER,32
84926F,PSYCHEDELIC TILE COASTER,18
84927A,WAKE UP COCKEREL TILE HOOK,12
84927D,LA PALMIERA TILE HOOK,9
84927E,FLOWERS TILE HOOK,10
84927F,PSYCHEDELIC TILE HOOK,36
84929,ASSTD FRUIT+FLOWERS FRIDGE MAGNETS,57
84931A,PINK SCOTTIE DOG W FLOWER PATTERN,20
84931B,BLUE SCOTTIE DOG W FLOWER PATTERN,21
84944,SET OF 6 KASHMIR FOLKART BAUBLES,62
84945,MULTI COLOUR SILVER T-LIGHT HOLDER,208
84946,ANTIQUE SILVER T-LIGHT GLASS,415
84947,ANTIQUE SILVER TEA GLASS ENGRAVED,177
84949,SILVER HANGING T-LIGHT HOLDER,165
84950,ASSORTED COLOUR T-LIGHT HOLDER,66
84951A,SET OF 4 PISTACHIO LOVEBIRD COASTER,26
84951B,SET OF 4 BLACK LOVEBIRD COASTERS,24
84952A,CLEAR LOVE BIRD T-LIGHT HOLDER,6
84952B,BLACK LOVE BIRD T-LIGHT HOLDER,10
84952C,MIRROR LOVE BIRD T-LIGHT HOLDER,7
84963A,PINK PAINTED KASHMIRI CHAIR,1
84963B,BLUE PAINTED KASHMIRI CHAIR,1
84968A,SET OF 16 VINTAGE ROSE CUTLERY,32
84968B,SET OF 16 VINTAGE IVORY CUTLERY,2
84968C,SET OF 16 VINTAGE PISTACHIO CUTLERY,36
84968D,SET OF 16 VINTAGE RED CUTLERY,27
84968E,SET OF 16 VINTAGE BLACK CUTLERY,15
84968F,SET OF 16 VINTAGE SKY BLUE CUTLERY,25
84969,BOX OF 6 ASSORTED COLOUR TEASPOONS,48
84970L,SINGLE HEART ZINC T-LIGHT HOLDER,234
84970S,HANGING HEART ZINC T-LIGHT HOLDER,271
84971S,SMALL HEART FLOWERS HOOK,69
84974,S/2 ZINC HEART DESIGN PLANTERS,26
84975,HEART SHAPED MIRROR,2
84976,RECTANGULAR SHAPED MIRROR,27
84978,HANGING HEART JAR T-LIGHT HOLDER,304
84984A,GREEN PEONY CUSHION COVER,4
84984B,RED PEONY CUSHION COVER,4
84984D,ORIENTAL RED CUSHION COVER,3
84985A,SET OF 72 GREEN PAPER DOILIES,15
84987,SET OF 36 TEATIME PAPER DOILIES,201
84988,SET OF 72 PINK HEART PAPER DOILIES,209
84989A,75 GREEN FAIRY CAKE CASES,16
84990,60 GOLD AND SILVER FAIRY CAKE CASES,2
84991,60 TEATIME FAIRY CAKE CASES,414
84992,72 SWEETHEART FAIRY CAKE CASES,325
84993A,75 GREEN PETIT FOUR CASES,30
84993B,75 BLACK PETIT FOUR CASES,16
84997A,CHILDRENS CUTLERY POLKADOT GREEN,143
84997B,CHILDRENS CUTLERY RETROSPOT RED,202
84997C,CHILDRENS CUTLERY POLKADOT BLUE,202
84997D,CHILDRENS CUTLERY POLKADOT PINK,248
85006,SET 4 NURSERY DES ROUND BOXES,9
85008,SET OF 3 CONEY ISLAND OVAL BOXES,7
85014A,BLACK/BLUE POLKADOT UMBRELLA,183
85014B,RED RETROSPOT UMBRELLA,210
85015,SET OF 12  VINTAGE POSTCARD SET,103
85016,SET OF 6 VINTAGE NOTELETS KIT,22
85017A,ENVELOPE 50 ROMANTIC IMAGES,2
85017B,ENVELOPE 50 BLOSSOM IMAGES,65
85017C,ENVELOPE 50 CURIOUS IMAGES,10
85018D,YULETIDE IMAGES S/6 PAPER BOXES,6
85019A,ROMANTIC IMAGES NOTEBOOK SET,25
85019B,BLOSSOM  IMAGES NOTEBOOK SET,21
85019C,CURIOUS  IMAGES NOTEBOOK SET,9
85020,ROUND PINK HEART MIRROR,11
85023B,EAU DE NILE JEWELLED PHOTOFRAME,10
85024B,EAU DE NILE JEWELLED PHOTOFRAME,12
85024C,PINK SMALL JEWELLED PHOTOFRAME,8
85025B,EAU DE NILE HEART SHAPE PHOTO FRAME,20
85025C,PINK HEART SHAPE PHOTO FRAME,27
85026B,EAU DE NILE JEWELLED T-LIGHT HOLDER,9
85027L,FRENCH CHATEAU LARGE PLATTER,17
85028L,FRENCH CHATEAU LARGE FRUIT BOWL,4
85028S,FRENCH CHATEAU SMALL FRUITBOWL,8
85030,FRENCH CHATEAU OVAL PLATTER,6
85031A,ROMANTIC IMAGES SCRAP BOOK SET,7
85031B,BLOSSOM IMAGES SCRAP BOOK SET,1
85031C,CURIOUS IMAGES SCRAP BOOK SET,1
85032A,ROMANTIC IMAGES GIFT WRAP SET,82
85032B,BLOSSOM IMAGES GIFT WRAP SET,84
85032C,CURIOUS IMAGES GIFT WRAP SET,72
85032D,YULETIDE IMAGES GIFT WRAP SET,57
85034A,3 GARDENIA MORRIS BOXED CANDLES,58
85034B,3 WHITE CHOC MORRIS BOXED CANDLES,80
85034C,3 ROSE MORRIS BOXED CANDLES,109
85035A,GARDENIA 3 WICK MORRIS BOXED CANDLE,59
85035B,CHOCOLATE 3 WICK MORRIS BOX CANDLE,38
85035C,ROSE 3 WICK MORRIS BOX CANDLE,86
85036A,GARDENIA 1 WICK MORRIS BOXED CANDLE,48
85036B,CHOCOLATE 1 WICK MORRIS BOX CANDLE,40
85036C,ROSE 1 WICK MORRIS BOXED CANDLE,66
85038,6 CHOCOLATE LOVE HEART T-LIGHTS,70
85039A,SET/4 RED MINI ROSE CANDLE IN BOWL,26
85039B,S/4 IVORY MINI ROSE CANDLE IN BOWL,38
85039C,S/4 BLACK MINI ROSE CANDLE IN BOWL,9
85040A,S/4 PINK FLOWER CANDLES IN BOWL,86
85040B,SET/4 BLUE FLOWER CANDLES IN BOWL,28
85045,GREEN CHRISTMAS TREE STRING 20LIGHT,9
85047,WHITE BEADED GARLAND STRING 20LIGHT,2
85048,15CM CHRISTMAS GLASS BALL 20 LIGHTS,170
85049A,TRADITIONAL CHRISTMAS RIBBONS,204
85049B,LUSH GREENS RIBBONS,13
85049C,ROMANTIC PINKS RIBBONS,162
85049D,BRIGHT BLUES RIBBONS,85
85049E,SCANDINAVIAN REDS RIBBONS,248
85049F,BABY BOOM RIBBONS,70
85049G,CHOCOLATE BOX RIBBONS,161
85049H,URBAN BLACK RIBBONS,58
85053,FRENCH ENAMEL CANDLEHOLDER,157
85054,FRENCH ENAMEL POT W LID,66
85055,FRENCH ENAMEL UTENSIL HOLDER,9
85059,FRENCH ENAMEL WATER BASIN,62
85061W,WHITE JEWELLED HEART DECORATION,77
85062,PEARL CRYSTAL PUMPKIN T-LIGHT HLDR,97
85064,CREAM SWEETHEART LETTER RACK,20
85066,CREAM SWEETHEART MINI CHEST,289
85067,CREAM SWEETHEART WALL CABINET,5
85071A,BLUE CHARLIE+LOLA PERSONAL DOORSIGN,77
85071B,RED CHARLIE+LOLA PERSONAL DOORSIGN,88
85071C,"CHARLIE+LOLA""EXTREMELY BUSY"" SIGN",62
85071D,CHARLIE+LOLA MY ROOM DOOR SIGN,58
85078,SCANDINAVIAN 3 HEARTS NAPKIN RING,46
85084,HOLLY TOP CHRISTMAS STOCKING,6
85086A,CANDY SPOT HEART DECORATION,8
85087,CANDY SPOT CUSHION COVER,7
85088,CANDY SPOT HAND BAG,18
85089,CANDY SPOT BUNNY,5
85092,CANDY SPOT TEA COSY,2
85093,CANDY SPOT EGG WARMER HARE,20
85094,CANDY SPOT EGG WARMER RABBIT,29
85095,THREE CANVAS LUGGAGE TAGS,9
85096,HILDA CANDY SPOT RABBIT,10
85099B,JUMBO BAG RED RETROSPOT,635
85099C,JUMBO  BAG BAROQUE BLACK WHITE,306
85099F,JUMBO BAG STRAWBERRY,315
85103,SILVER T-LIGHT SETTING,6
85104,SILVER GLASS T-LIGHT SET,13
85106,CUT GLASS HEXAGON T-LIGHT HOLDER,9
85107,CUT GLASS T-LIGHT HOLDER OCTAGON,21
85109,PINK BOUDOIR T-LIGHT HOLDER,1
85111,SILVER GLITTER FLOWER VOTIVE HOLDER,40
85114A,BLACK ENCHANTED FOREST PLACEMAT,20
85114B,IVORY ENCHANTED FOREST PLACEMAT,36
85114C,RED ENCHANTED FOREST PLACEMAT,37
85116,BLACK CANDELABRA T-LIGHT HOLDER,30
85118,HEART T-LIGHT HOLDER,5
85123A,WHITE HANGING HEART T-LIGHT HOLDER,856
85124B,BLUE JUICY FRUIT PHOTO FRAME,23
85124C,GREEN JUICY FRUIT PHOTO FRAME,23
85125,SMALL ROUND CUT GLASS CANDLESTICK,14
85127,SMALL SQUARE CUT GLASS CANDLESTICK,17
85129B,BEADED CRYSTAL HEART GREEN SMALL,10
85129C,BEADED CRYSTAL HEART BLUE SMALL,8
85129D,BEADED CRYSTAL HEART PINK SMALL,16
85130A,BEADED PEARL HEART WHITE LARGE,10
85130B,BEADED CRYSTAL HEART GREEN LARGE,44
85130C,BEADED CRYSTAL HEART BLUE  LARGE,37
85130D,BEADED CRYSTAL HEART PINK LARGE,41
85131A,BEADED PEARL HEART WHITE ON STICK,19
85131B,BEADED CRYSTAL HEART GREEN ON STICK,2
85131C,BEADED CRYSTAL HEART BLUE ON STICK,5
85131D,BEADED CRYSTAL HEART PINK ON STICK,5
85132A,CHARLIE + LOLA BISCUITS TINS,38
85132B,CHARLIE AND LOLA TABLE TINS,44
85132C,CHARLIE AND LOLA FIGURES TINS,96
85135A,YELLOW DRAGONFLY HELICOPTER,6
85135B,BLUE DRAGONFLY HELICOPTER,28
85135C,RED DRAGONFLY HELICOPTER,41
85136A,YELLOW SHARK HELICOPTER,35
85136B,BLUE SHARK HELICOPTER,2
85136C,RED SHARK HELICOPTER,20
85141,JARDIN ETCHED GLASS FRUITBOWL,32
85144,JARDIN ETCHED GLASS CHEESE DISH,38
85145,JARDIN ETCHED GLASS LARGE BELL JAR,12
85146,JARDIN ETCHED GLASS SMALL BELL JAR,8
85150,LADIES & GENTLEMEN METAL SIGN,196
85152,HAND OVER THE CHOCOLATE   SIGN,270
85159A,"BLACK TEA,COFFEE,SUGAR JARS",38
85159B,"WHITE TEA,COFFEE,SUGAR JARS",45
85160B,BLACK BIRD GARDEN DESIGN MUG,15
85161,ACRYLIC GEOMETRIC LAMP,8
85163A,WHITE BAROQUE WALL CLOCK,15
85163B,BLACK BAROQUE WALL CLOCK,10
85167B,BLACK GRAND BAROQUE PHOTO FRAME,7
85168B,BLACK BAROQUE CARRIAGE CLOCK,5
85169A,IVORY LOVE BIRD CANDLE,44
85169B,BLACK LOVE BIRD CANDLE,17
85169C,EAU DE NIL LOVE BIRD CANDLE,14
85169D,PINK LOVE BIRD CANDLE,20
85170A,SET/6 IVORY BIRD T-LIGHT CANDLES,1
85170B,SET/6 BLACK BIRD T-LIGHT CANDLES,13
85170C,SET/6 EAU DE NIL BIRD T-LIGHTS,26
85170D,SET/6 PINK BIRD T-LIGHT CANDLES,30
85172,HYACINTH BULB T-LIGHT CANDLES,34
85173,SET/6 FROG PRINCE T-LIGHT CANDLES,40
85174,S/4 CACTI CANDLES,55
85175,CACTI T-LIGHT CANDLES,84
85176,SEWING SUSAN 21 NEEDLE SET,50
85177,BASKET OF FLOWERS SEWING KIT,40
85178,VICTORIAN SEWING KIT,77
85179A,GREEN BITTY LIGHT CHAIN,15
85179C,PINK BITTY LIGHT CHAIN,7
85180A,RED HEARTS LIGHT CHAIN,32
85180B,PINK HEARTS LIGHT CHAIN,19
85183A,CHARLIE & LOLA WASTEPAPER BIN BLUE,60
85183B,CHARLIE & LOLA WASTEPAPER BIN FLORA,84
85184C,S/4 VALENTINE DECOUPAGE HEART BOX,116
85185B,PINK HORSE SOCK PUPPET,51
85185D,FROG SOCK PUPPET,7
85186A,EASTER BUNNY GARLAND OF FLOWERS,35
85186C,BUNNY EGG GARLAND,32
85187,S/12 MINI RABBIT EASTER,53
85188A,GREEN METAL SWINGING BUNNY,29
85188B,PINK METAL SWINGING BUNNY,8
85189,HANGING BUTTERFLY  EGG,2
85194L,HANGING SPRING FLOWER EGG LARGE,52
85194S,HANGING SPRING FLOWER EGG SMALL,50
85195,HANGING HEART BASKET,3
85197,SET OF 12 MINI BUNNIES IN A BUCKET,18
85198,ASSORTED FARMYARD ANIMALS IN BUCKET,6
85199L,LARGE HANGING IVORY & RED WOOD BIRD,52
85199S,SMALL HANGING IVORY/RED WOOD BIRD,101
85200,BUNNY EGG BOX,24
85202,HANGING WOOD AND FELT HEART,34
85203,HANGING WOOD AND FELT BUTTERFLY,45
85204,HANGING WOOD AND FELT FLOWER,40
85205B,PINK FELT EASTER RABBIT GARLAND,22
85206A,CREAM FELT EASTER EGG BASKET,99
85206B,PINK FELT EASTER EGG BASKET,4
85208,SET/12 FUNKY FELT FLOWER PEG IN BAG,22
85211,S/4 GROOVY CAT MAGNETS,15
85212,MINI PAINTED GARDEN DECORATION,60
85213,MINI  ZINC GARDEN DECORATIONS,23
85214,TUB 24 PINK FLOWER PEGS,36
85215,ASSORTED CHEESE FRIDGE MAGNETS,8
85216,ASSORTED CAKES FRIDGE MAGNETS,6
85224,ASSORTED COLOUR SILK GLASSES CASE,1
85225,BLING KEY RING STAND,3
85227,SET OF 6 3D KIT CARDS FOR KIDS,115
85230A,OPIUM SCENTED VOTIVE CANDLE,14
85230B,CINNAMON SCENTED VOTIVE CANDLE,30
85230E,STRAWBRY SCENTED VOTIVE CANDLE,17
85230F,JASMINE VOTIVE CANDLE,11
85230G,ORANGE VOTIVE CANDLE,20
85231B,CINAMMON SET OF 9 T-LIGHTS,74
85231G,ORANGE SCENTED SET/9 T-LIGHTS,49
85232A,SET/3 POLKADOT STACKING TINS,22
85232B,SET OF 3 BABUSHKA STACKING TINS,7
85232D,SET/3 DECOUPAGE STACKING TINS,45
90000A,RASPBERRY ANT COPPER FLOWER NECKLAC,6
90000B,MIDNIGHT BLUE COPPER FLOWER NECKLAC,2
90000D,COPPER/OLIVE GREEN FLOWER NECKLACE,4
90001A,ANTIQUE RASPBERRY FLOWER EARRINGS,1
90001B,ANTIQUE MID BLUE FLOWER EARRINGS,2
90001C,ANTIQUE OPAL WHITE FLOWER EARRINGS,2
90001D,ANTIQUE OLIVE GREEN FLOWER EARRINGS,3
90002D,FLOWER BURST SILVER RING CRYSTAL,5
90003B,ROSE COLOUR PAIR HEART HAIR SLIDES,3
90003C,MIDNIGHT BLUE PAIR HEART HAIR SLIDE,5
90003D,CRYSTAL PAIR HEART HAIR SLIDES,7
90003E,GREEN PAIR HEART HAIR SLIDES,2
90010A,MIDNIGHT BLUE GLASS/SILVER BRACELET,5
90010B,BLACK/WHITE GLASS/SILVER BRACELET,3
90010E,AMBER GLASS/SILVER BRACELET,7
90011A,MIDNIGHT BLUE CRYSTAL DROP EARRINGS,1
90011B,BLACK CRYSTAL DROP EARRINGS,2
90012A,MIDNIGHT BLUE DROP CRYSTAL NECKLACE,2
90012B,BLACK DROP CRYSTAL NECKLACE,2
90013A,MIDNIGHT BLUE VINTAGE EARRINGS,3
90013C,GREEN VINTAGE EARRINGS,4
90014A,SILVER/MOP ORBIT NECKLACE,8
90014B,GOLD M PEARL  ORBIT NECKLACE,7
90014C,SILVER/BLACK ORBIT NECKLACE,3
90016A,SILVER/M.O.P PENDANT ORBIT NECKLACE,4
90016B,GOLD/M.O.P PENDANT ORBIT NECKLACE,6
90018A,SILVER M.O.P ORBIT DROP EARRINGS,8
90018B,GOLD M.O.P ORBIT DROP EARRINGS,5
90018C,SILVER BLACK ORBIT DROP EARRINGS,3
90019A,SILVER M.O.P ORBIT BRACELET,8
90019B,GOLD M.O.P ORBIT BRACELET,2
90019C,SILVER BLACK ORBIT BRACELET,3
90021,LASER CUT MULTI STRAND NECKLACE,1
90022,EDWARDIAN DROP EARRINGS JET BLACK,4
90023,FILIGREE DIAMANTE EARRINGS,2
90024B,NEW BAROQUE B'FLY NECKLACE RED,2
90024C,NEW BAROQUE B'FLY NECKLACE GREEN,1
90024D,NEW BAROQUE B'FLY NECKLACE PINK,1
90024F,NEW BAROQUE B'FLY NECKLACE CRYSTAL,1
90025A,BAROQUE BUTTERFLY EARRINGS BLACK,2
90025F,BAROQUE BUTTERFLY EARRINGS CRYSTAL,1
90026A,GLASS BEAD HOOP NECKLACE BLACK,1
90026B,GLASS BEAD HOOP NECKLACE MONTANA,2
90026C,GLASS BEAD HOOP NECKLACE GREEN,2
90026D,GLASS BEAD HOOP NECKLACE AMETHYST,3
90027A,GLASS BEAD HOOP EARRINGS BLACK,1
90027D,GLASS BEAD HOOP EARRINGS AMETHYST,1
90028,NEW BAROQUE LARGE NECKLACE BLK/WHIT,1
90029,NEW BAROQUE SMALL NECKLACE BLACK,2
90030A,SPOTTED WHITE NATURAL SEED NECKLACE,7
90030B,RED KUKUI COCONUT SEED NECKLACE,13
90030C,BROWN KUKUI COCONUT SEED NECKLACE,8
90031,BILI NUT AND WOOD NECKLACE,5
90032,IVORY SHELL HEART NECKLACE,4
90033,IVORY SHELL HEART EARRINGS,1
90035A,"PEARL & SHELL 42""NECKL. GREEN",1
90035C,"PEARL & SHELL 42""NECKL. IVORY",1
90036A,FLOWER GARLAND NECKLACE RED,3
90036B,"FLOWER GLASS GARLAND NECKL.36""GREEN",2
90036C,"FLOWER GLASS GARLAND NECKL.36""BLUE",2
90036D,"FLOWER GLASS GARLAND NECKL.36""BLACK",4
90036E,"FLOWER GLASS GARLD NECKL36""AMETHYST",4
90036F,"FLOWER GLASS GARLD NECKL36""TURQUOIS",1
90037B,TINY CRYSTAL BRACELET GREEN,1
90038A,GLASS AND PAINTED BEADS BRACELET TO,1
90038B,GLASS AND PAINTED BEADS BRACELET OL,1
90038C,GLASS AND BEADS BRACELET IVORY,1
90039A,FIRE POLISHED GLASS BRACELET RED,1
90039B,FIRE POLISHED GLASS BRACELET MONTAN,1
90039C,FIRE POLISHED GLASS BRACELET BLACK,1
90039D,FIRE POLISHED GLASS BRACELET GREEN,2
90040A,MURANO STYLE GLASS BRACELET RED,2
90040B,MURANO STYLE GLASS BRACELET BLACK,2
90040C,MURANO STYLE GLASS BRACELET GOLD,3
90041,PEARL AND CHERRY QUARTZ BRACLET,1
90042A,FRESHWATER PEARL BRACELET GOLD,1
90043,COPPER AND BRASS BAG CHARM,2
90046,WHITE WITH METAL BAG CHARM,1
90048,GREEN WITH METAL BAG CHARM,1
90049,IVORY GOLD METAL BAG CHARM,2
90050,CRACKED GLAZE NECKLACE IVORY,2
90051,CRACKED GLAZE NECKLACE RED,3
90054,CRACKED GLAZE EARRINGS RED,1
90055,CRACKED GLAZE EARRINGS BROWN,1
90057,DIAMANTE RING ASSORTED IN BOX.,21
90058A,CRYSTAL STUD EARRINGS CLEAR DISPLAY,7
90058B,CRYSTAL STUD EARRINGS ASSORTED COL,15
90059A,DIAMANTE HAIR GRIP PACK/2 CRYSTAL,1
90059B,DIAMANTE HAIR GRIP PACK/2 BLACK DIA,3
90059C,DIAMANTE HAIR GRIP PACK/2 MONTANA,3
90059D,DIAMANTE HAIR GRIP PACK/2 PERIDOT,1
90059E,DIAMANTE HAIR GRIP PACK/2 RUBY,3
90059F,DIAMANTE HAIR GRIP PACK/2 LT ROSE,3
90060B,FIRE POLISHED GLASS NECKL GOLD,1
90060D,FIRE POLISHED GLASS NECKL BRONZE,3
90062,CARNIVAL BRACELET,6
90063A,WHITE VINT ART DECO CRYSTAL NECKLAC,7
90063B,BLACK VINT ART DEC CRYSTAL NECKLACE,5
90064A,WHITE VINTAGE CRYSTAL EARRINGS,3
90064B,BLACK VINTAGE  CRYSTAL EARRINGS,6
90065A,WHITE VINTAGE CRYSTAL BRACELET,3
90065B,BLACK VINT ART DEC CRYSTAL BRACELET,1
90067A,PINK VINTAGE VICTORIAN EARRINGS,3
90069,RUBY GLASS CLUSTER NECKLACE,1
90070,RUBY GLASS CLUSTER BRACELET,3
90071,RUBY GLASS CLUSTER EARRINGS,1
90072,RUBY DROP CHANDELIER EARRINGS,2
90073,VINTAGE ENAMEL & CRYSTAL EARRINGS,4
90074,BLACK DIAMOND CLUSTER NECKLACE,1
90076,MONTANA DIAMOND CLUSTER EARRINGS,1
90078,PINK/WHITE GLASS DEMI CHOKER,1
90079,VINTAGE ENAMEL & CRYSTAL NECKLACE,2
90081A,LILY BROOCH AMETHYST COLOUR,7
90081C,LILY BROOCH OLIVE COLOUR,6
90082A,DIAMANTE BOW BROOCH GREEN COLOUR,8
90082B,DIAMANTE BOW BROOCH RED COLOUR,8
90082D,DIAMANTE BOW BROOCH BLACK COLOUR,4
90083,CRYSTAL CZECH CROSS PHONE CHARM,2
90084,PINK CRYSTAL GUITAR PHONE CHARM,1
90085,CRYSTAL STILETTO PHONE CHARM,2
90086,CRYSTAL FROG PHONE CHARM,5
90087,CRYSTAL SEA HORSE PHONE CHARM,4
90089,PINK CRYSTAL SKULL PHONE CHARM,2
90093,CLEAR CRYSTAL STAR PHONE CHARM,5
90094,NECKLACE+BRACELET SET FRUIT SALAD,12
90096,NECKLACE+BRACELET SET BLUE BLOSSOM,3
90098,NECKLACE+BRACELET PINK BUTTERFLY,9
90099,NECKLACE+BRACELET SET BLUE HIBISCUS,12
90100,NECKLACE+BRACELET SET PINK DAISY,1
90101,WHITE FRANGIPANI NECKLACE,3
90102,WHITE FRANGIPANI HAIR CLIP,1
90103,PURPLE FRANGIPANI NECKLACE,2
90104,PURPLE FRANGIPANI HAIRCLIP,1
90108,BLUE BLOSSOM HAIR CLIP,6
90114,SUMMER DAISIES BAG CHARM,11
90116,FRUIT SALAD BAG CHARM,3
90118,PINK DAISY BAG CHARM,1
90119,METALIC LEAVES BAG CHARMS,3
90120B,BLUE MURANO TWIST BRACELET,5
90120C,GREEN MURANO TWIST BRACELET,6
90120D,WHITE MURANO TWIST BRACELET,2
90122A,PINK CRYSTAL+GLASS BRACELET,3
90122B,JADE CRYSTAL+GLASS BRACELET,1
90122C,TURQUOISE CRYSTAL+GLASS BRACELET,3
90123A,PINK HEART OF GLASS BRACELET,8
90123B,TURQUOISE HEART OF GLASS BRACELET,4
90123C,GREEN HEART OF GLASS BRACELET,5
90123D,WHITE HEART OF GLASS BRACELET,2
90124A,PINK MURANO TWIST NECKLACE,4
90124B,BLUE MURANO TWIST NECKLACE,3
90124C,GREEN MURANO TWIST NECKLACE,4
90125A,PINK BERTIE GLASS BEAD BAG CHARM,4
90125B,AQUA BERTIE GLASS BEAD BAG CHARM,3
90125C,TURQUOISE BERTIE GLASS BEAD CHARM,2
90125D,PURPLE BERTIE GLASS BEAD BAG CHARM,3
90125E,AMBER BERTIE GLASS BEAD BAG CHARM,1
90128B,BLUE LEAVES AND BEADS PHONE CHARM,1
90129A,PINK GLASS TASSLE BAG CHARM,3
90129B,TURQUOISE GLASS TASSLE BAG CHARM,6
90129C,GREEN GLASS TASSLE BAG CHARM,6
90129D,AMBER GLASS TASSLE BAG CHARM,2
90129E,PURPLE GLASS TASSLE BAG CHARM,1
90129F,RED GLASS TASSLE BAG CHARM,5
90130A,WHITE STONE/CRYSTAL EARRINGS,1
90130B,TURQ STONE/CRYSTAL EARRINGS,3
90131,PINK/AMETHYST/GOLD NECKLACE,1
90133,TEAL/FUSCHIA COL BEAD NECKLACE,3
90135,ORANGE/WHT/FUSCHIA STONES NECKLACE,1
90136,PALE PINK/AMETHYST STONE NECKLACE,2
90138,WHITE/PINK MINI CRYSTALS NECKLACE,1
90141A,GREEN PENDANT TRIPLE SHELL NECKLACE,2
90141B,IVORY PENDANT TRIPLE SHELL NECKLACE,2
90141C,TURQ PENDANT TRIPLE SHELL NECKLACE,2
90141D,ROSE PENDANT TRIPLE SHELL NECKLACE,1
90141E,ORANGE PENDANT TRIPLE SHELL NECKLAC,1
90142D,MOP PENDANT SHELL NECKLACE,3
90143,SILVER BRACELET W PASTEL FLOWER,7
90144,SILVER DROP EARRINGS WITH FLOWER,3
90145,SILVER HOOP EARRINGS WITH FLOWER,7
90146,FINE SILVER NECKLACE W PASTEL FLOWE,3
90147,CHUNKY SILVER NECKLACE PASTEL FLOWE,10
90148,LONG SILVER NECKLACE PASTEL FLOWER,5
90149,SILVER FLOWR PINK SHELL NECKLACE,2
90151,SILVER/NATURAL SHELL NECKLACE,2
90152A,SILVER/NAT SHELL NECKLACE W PENDANT,3
90152B,BLUE/GREEN SHELL NECKLACE W PENDANT,1
90152C,BLUE/NAT SHELL NECKLACE W PENDANT,1
90154,LAZER CUT NECKLACE W PASTEL BEADS,5
90155,RESIN NECKLACE W PASTEL BEADS,4
90156,RESIN BRACELET W PASTEL BEADS,2
90157,RIVIERA NECKLACE,2
90158,ST TROPEZ NECKLACE,6
90159,COTE D'AZURE NECKLACE,2
90160A,PURPLE BOUDICCA LARGE BRACELET,10
90160B,RED BOUDICCA LARGE BRACELET,7
90160C,TURQ+RED BOUDICCA LARGE BRACELET,14
90160D,PINK BOUDICCA LARGE BRACELET,9
90161A,ANT COPPER RED BOUDICCA BRACELET,6
90161B,ANT COPPER TURQ BOUDICCA BRACELET,10
90161C,ANT COPPER LIME BOUDICCA BRACELET,13
90161D,ANT COPPER PINK BOUDICCA BRACELET,6
90162A,ANT SILVER TURQUOISE BOUDICCA RING,1
90162B,ANT SILVER LIME GREEN BOUDICCA RING,7
90162C,ANT SILVER FUSCHIA BOUDICCA RING,3
90162D,ANT SILVER PURPLE BOUDICCA RING,3
90163A,PINK ROSEBUD & PEARL NECKLACE,2
90163B,WHITE ROSEBUD & PEARL NECKLACE,1
90164A,PINK ROSEBUD PEARL BRACELET,6
90164B,WHITE  ROSEBUD PEARL BRACELET,7
90165B,WHITE ROSEBUD  PEARL EARRINGS,1
90166,PINK & WHITE ROSEBUD RING,4
90167,BEADED LOVE HEART JEWELLERY SET,1
90168,2 DAISIES HAIR COMB,1
90169,DAISY HAIR COMB,1
90170,DAISY HAIR BAND,6
90173,PAIR BUTTERFLY HAIR CLIPS,3
90174,BUTTERFLY HAIR BAND,4
90175A,WHITE GLASS CHUNKY CHARM BRACELET,6
90175C,BLUE GLASS CHUNKY CHARM BRACELET,6
90175D,TIGRIS EYE CHUNKY CHARM BRACELET,2
90176A,CLASSIC DIAMANTE NECKLACE JET,1
90176B,DIAMANTE NECKLACE BLACK,1
90176C,DIAMANTE NECKLACE,1
90176D,DIAMANTE NECKLACE PURPLE,4
90176E,DIAMANTE NECKLACE GREEN,2
90177A,CLASSIC DIAMANTE EARRINGS JET,1
90177B,DROP DIAMANTE EARRINGS BLACK DIAMON,2
90177C,DROP DIAMANTE EARRINGS CRYSTAL,3
90177D,DROP DIAMANTE EARRINGS PURPLE,5
90177E,DROP DIAMANTE EARRINGS GREEN,1
90178A,AMBER CHUNKY GLASS+BEAD NECKLACE,6
90178B,PURPLE CHUNKY GLASS+BEAD NECKLACE,1
90179A,AMBER FINE BEAD NECKLACE W TASSEL,2
90179C,BLACK FINE BEAD NECKLACE W TASSEL,1
90180A,BLACK+WHITE NECKLACE W TASSEL,5
90180B,PURPLE AMETHYST NECKLACE W TASSEL,3
90181A,AMBER GLASS/SHELL/PEARL NECKLACE,1
90182C,BLACK 3 BEAD DROP EARRINGS,1
90183A,AMBER DROP EARRINGS W LONG BEADS,5
90183C,BLACK DROP EARRINGS W LONG BEADS,1
90184A,AMBER CHUNKY BEAD BRACELET W STRAP,4
90184B,AMETHYST CHUNKY BEAD BRACELET W STR,11
90184C,BLACK CHUNKY BEAD BRACELET W STRAP,7
90185A,AMBER DIAMANTE EXPANDABLE RING,5
90185B,AMETHYST DIAMANTE EXPANDABLE RING,3
90185C,BLACK DIAMANTE EXPANDABLE RING,5
90185D,CRYSTAL DIAMANTE EXPANDABLE RING,7
90186A,AMETHYST HOOP EARRING FLORAL LEAF,3
90186B,CRYSTAL HOOP EARRING FLORAL LEAF,6
90187B,GREEN DROP EARRINGS W BEAD CLUSTER,1
90188,DROP EARRINGS W FLOWER & LEAF,2
90189A,SILVER 2 STRAND NECKLACE-LEAF CHARM,2
90190A,SILVER/CRYSTAL DROP EARRINGS W LEAF,1
90190B,GOLD/AMBER DROP EARRINGS W LEAF,1
90190C,SILVER/AMETHYST DROP EARRINGS LEAF,4
90191,SILVER LARIAT 40CM,7
90192,JADE DROP EARRINGS W FILIGREE,5
90194,SILVER LARIAT BLACK STONE EARRINGS,6
90195A,PURPLE GEMSTONE BRACELET,7
90195B,BLACK GEMSTONE BRACELET,3
90196A,PURPLE GEMSTONE NECKLACE 45CM,5
90196B,BLACK GEMSTONE NECKLACE 45CM,4
90197B,BLACK GLASS BRACELET W HEART CHARMS,1
90198A,VINTAGE ROSE BEAD BRACELET RASPBERR,8
90198B,VINTAGE ROSE BEAD BRACELET BLACK,11
90199A,5 STRAND GLASS NECKLACE BLACK,3
90199B,5 STRAND GLASS NECKLACE AMETHYST,1
90199C,5 STRAND GLASS NECKLACE CRYSTAL,7
90199D,5 STRAND GLASS NECKLACE AMBER,2
90200A,PURPLE SWEETHEART BRACELET,14
90200B,BLACK SWEETHEART BRACELET,18
90200C,BLUE SWEETHEART BRACELET,6
90200D,PINK SWEETHEART BRACELET,21
90200E,GREEN SWEETHEART BRACELET,15
90201A,PURPLE ENAMEL FLOWER RING,11
90201B,BLACK ENAMEL FLOWER RING,9
90201C,RED ENAMEL FLOWER RING,12
90201D,GREEN ENAMEL FLOWER RING,9
90202A,PURPLE ENAMEL FLOWER HAIR TIE,1
90202B,WHITE ENAMEL FLOWER HAIR TIE,2
90202C,GREEN ENAMEL FLOWER HAIR TIE,2
90202D,PINK ENAMEL FLOWER HAIR TIE,2
90204,PAIR OF ENAMEL BUTTERFLY HAIRCLIP,8
90205A,LARGE MINT DIAMANTE HAIRSLIDE,6
90205C,LARGE CRYSTAL DIAMANTE HAIRSLIDE,3
90206A,GOLD DIAMANTE STAR BROOCH,2
90206C,CRYSTAL DIAMANTE STAR BROOCH,6
90208,PAIR OF PINK FLOWER CLUSTER SLIDE,4
90209A,PURPLE ENAMEL+GLASS HAIR COMB,3
90209B,GREEN ENAMEL+GLASS HAIR COMB,7
90209C,PINK ENAMEL+GLASS HAIR COMB,8
90210A,GREY ACRYLIC FACETED BANGLE,3
90210B,CLEAR ACRYLIC FACETED BANGLE,6
90210C,RED   ACRYLIC FACETED BANGLE,5
90210D,PURPLE ACRYLIC FACETED BANGLE,4
90211A,DIAMOND LAS VEGAS NECKLACE 45CM,3
90211B,JET BLACK LAS VEGAS NECKLACE 45CM,2
90212B,JET BLACK LAS VEGAS BRACELET ROUND,1
90212C,PURPLE LAS VEGAS BRACELET ROUND,2
90214A,"LETTER ""A"" BLING KEY RING",5
90214B,"LETTER ""B"" BLING KEY RING",2
90214C,"LETTER ""C"" BLING KEY RING",7
90214D,"LETTER ""D"" BLING KEY RING",5
90214E,"LETTER ""E"" BLING KEY RING",6
90214F,"LETTER ""F"" BLING KEY RING",2
90214G,"LETTER ""G"" BLING KEY RING",5
90214H,"LETTER ""H"" BLING KEY RING",4
90214I,"LETTER ""I"" BLING KEY RING",3
90214J,"LETTER ""J"" BLING KEY RING",3
90214K,"LETTER ""K"" BLING KEY RING",6
90214L,"LETTER ""L"" BLING KEY RING",4
90214M,"LETTER ""M"" BLING KEY RING",3
90214N,"LETTER ""N"" BLING KEY RING",3
90214O,"LETTER ""O"" BLING KEY RING",1
90214P,"LETTER ""P"" BLING KEY RING",4
90214R,"LETTER ""R"" BLING KEY RING",3
90214S,"LETTER ""S"" BLING KEY RING",5
90214T,"LETTER ""T"" BLING KEY RING",1
90214U,"LETTER ""U"" BLING KEY RING",1
90214V,"LETTER ""V"" BLING KEY RING",2
90214W,"LETTER ""W"" BLING KEY RING",1
90214Y,"LETTER ""Y"" BLING KEY RING",3
90214Z,"LETTER ""Z"" BLING KEY RING",1
