region,constituency,ons_code,electorate,valid_votes,party,party_name,is_speaker,is_independent,votes,position
South East,Aldershot,E14001063,78553,48544,Lab,Labour,False,False,19764,1
South East,Aldershot,E14001063,78553,48544,Con,Conservative,False,False,14081,2
South East,Aldershot,E14001063,78553,48544,RUK,Reform UK,False,False,8210,3
South East,Aldershot,E14001063,78553,48544,LD,Liberal Democrat,False,False,4052,4
South East,Aldershot,E14001063,78553,48544,Green,Green Party,False,False,2155,5
South East,Aldershot,E14001063,78553,48544,HI,Hampshire Independents,False,False,282,6
West Midlands,Aldridge-Brownhills,E14001064,70268,40912,Con,Conservative,False,False,15901,1
West Midlands,Aldridge-Brownhills,E14001064,70268,40912,Lab,Labour,False,False,11607,2
West Midlands,Aldridge-Brownhills,E14001064,70268,40912,RUK,Reform UK,False,False,9903,3
West Midlands,Aldridge-Brownhills,E14001064,70268,40912,LD,Liberal Democrat,False,False,1755,4
West Midlands,Aldridge-Brownhills,E14001064,70268,40912,Green,Green Party,False,False,1746,5
North West,Altrincham and Sale West,E14001065,74025,51452,Lab,Labour,False,False,20798,1
North West,Altrincham and Sale West,E14001065,74025,51452,Con,Conservative,False,False,16624,2
North West,Altrincham and Sale West,E14001065,74025,51452,RUK,Reform UK,False,False,4961,3
North West,Altrincham and Sale West,E14001065,74025,51452,LD,Liberal Democrat,False,False,4727,4
North West,Altrincham and Sale West,E14001065,74025,51452,Green,Green Party,False,False,3699,5
North West,Altrincham and Sale West,E14001065,74025,51452,WPB,Workers Party of Britain,False,False,643,6
East Midlands,Amber Valley,E14001066,71546,42531,Lab,Labour,False,False,15746,1
East Midlands,Amber Valley,E14001066,71546,42531,RUK,Reform UK,False,False,12192,2
East Midlands,Amber Valley,E14001066,71546,42531,Con,Conservative,False,False,10725,3
East Midlands,Amber Valley,E14001066,71546,42531,Green,Green Party,False,False,2278,4
East Midlands,Amber Valley,E14001066,71546,42531,LD,Liberal Democrat,False,False,1590,5
South East,Arundel and South Downs,E14001067,77969,54740,Con,Conservative,False,False,22001,1
South East,Arundel and South Downs,E14001067,77969,54740,LD,Liberal Democrat,False,False,9867,2
South East,Arundel and South Downs,E14001067,77969,54740,Lab,Labour,False,False,9782,3
South East,Arundel and South Downs,E14001067,77969,54740,RUK,Reform UK,False,False,7391,4
South East,Arundel and South Downs,E14001067,77969,54740,Green,Green Party,False,False,5515,5
South East,Arundel and South Downs,E14001067,77969,54740,SDP,Social Democratic Party,False,False,184,6
East Midlands,Ashfield,E14001068,68929,39882,RUK,Reform UK,False,False,17062,1
East Midlands,Ashfield,E14001068,68929,39882,Lab,Labour,False,False,11554,2
East Midlands,Ashfield,E14001068,68929,39882,Ash,Ashfield Independents,False,False,6276,3
East Midlands,Ashfield,E14001068,68929,39882,Con,Conservative,False,False,3271,4
East Midlands,Ashfield,E14001068,68929,39882,Green,Green Party,False,False,1100,5
East Midlands,Ashfield,E14001068,68929,39882,LD,Liberal Democrat,False,False,619,6
South East,Ashford,E14001069,76233,46975,Lab,Labour,False,False,15262,1
South East,Ashford,E14001069,76233,46975,Con,Conservative,False,False,13483,2
South East,Ashford,E14001069,76233,46975,RUK,Reform UK,False,False,10141,3
South East,Ashford,E14001069,76233,46975,Green,Green Party,False,False,4355,4
South East,Ashford,E14001069,76233,46975,LD,Liberal Democrat,False,False,2445,5
South East,Ashford,E14001069,76233,46975,Cnsn,Consensus,False,False,1289,6
North West,Ashton-under-Lyne,E14001070,71002,35461,Lab,Labour,False,False,15575,1
North West,Ashton-under-Lyne,E14001070,71002,35461,RUK,Reform UK,False,False,8784,2
North West,Ashton-under-Lyne,E14001070,71002,35461,Con,Conservative,False,False,4375,3
North West,Ashton-under-Lyne,E14001070,71002,35461,WPB,Workers Party of Britain,False,False,2835,4
North West,Ashton-under-Lyne,E14001070,71002,35461,Green,Green Party,False,False,2481,5
North West,Ashton-under-Lyne,E14001070,71002,35461,LD,Liberal Democrat,False,False,1411,6
South East,Aylesbury,E14001071,79169,49940,Lab,Labour,False,False,15081,1
South East,Aylesbury,E14001071,79169,49940,Con,Conservative,False,False,14451,2
South East,Aylesbury,E14001071,79169,49940,LD,Liberal Democrat,False,False,10440,3
South East,Aylesbury,E14001071,79169,49940,RUK,Reform UK,False,False,6746,4
South East,Aylesbury,E14001071,79169,49940,Green,Green Party,False,False,2590,5
South East,Aylesbury,E14001071,79169,49940,WPB,Workers Party of Britain,False,False,516,6
South East,Aylesbury,E14001071,79169,49940,SDP,Social Democratic Party,False,False,116,7
South East,Banbury,E14001072,73250,48178,Lab,Labour,False,False,18468,1
South East,Banbury,E14001072,73250,48178,Con,Conservative,False,False,15212,2
South East,Banbury,E14001072,73250,48178,RUK,Reform UK,False,False,6284,3
South East,Banbury,E14001072,73250,48178,LD,Liberal Democrat,False,False,4352,4
South East,Banbury,E14001072,73250,48178,Green,Green Party,False,False,2615,5
South East,Banbury,E14001072,73250,48178,Ind,,False,True,850,6
South East,Banbury,E14001072,73250,48178,Cli,Climate Party,False,False,242,7
South East,Banbury,E14001072,73250,48178,SDP,Social Democratic Party,False,False,155,8
London,Barking,E14001073,79822,36477,Lab,Labour,False,False,16227,1
London,Barking,E14001073,79822,36477,RUK,Reform UK,False,False,5173,2
London,Barking,E14001073,79822,36477,Green,Green Party,False,False,4988,3
London,Barking,E14001073,79822,36477,Con,Conservative,False,False,4294,4
London,Barking,E14001073,79822,36477,WPB,Workers Party of Britain,False,False,3578,5
London,Barking,E14001073,79822,36477,LD,Liberal Democrat,False,False,1015,6
London,Barking,E14001073,79822,36477,Ind,,False,True,753,7
London,Barking,E14001073,79822,36477,CPA,Christian Peoples Alliance,False,False,449,8
Yorkshire and The Humber,Barnsley North,E14001074,78274,36894,Lab,Labour,False,False,18610,1
Yorkshire and The Humber,Barnsley North,E14001074,78274,36894,RUK,Reform UK,False,False,10799,2
Yorkshire and The Humber,Barnsley North,E14001074,78274,36894,Con,Conservative,False,False,3083,3
Yorkshire and The Humber,Barnsley North,E14001074,78274,36894,Green,Green Party,False,False,1805,4
Yorkshire and The Humber,Barnsley North,E14001074,78274,36894,LD,Liberal Democrat,False,False,1336,5
Yorkshire and The Humber,Barnsley North,E14001074,78274,36894,Ind,,False,True,616,6
Yorkshire and The Humber,Barnsley North,E14001074,78274,36894,Yrks,The Yorkshire Party,False,False,603,7
Yorkshire and The Humber,Barnsley North,E14001074,78274,36894,ED,English Democrats,False,False,42,8
Yorkshire and The Humber,Barnsley South,E14001075,75853,35082,Lab,Labour,False,False,16399,1
Yorkshire and The Humber,Barnsley South,E14001075,75853,35082,RUK,Reform UK,False,False,11651,2
Yorkshire and The Humber,Barnsley South,E14001075,75853,35082,Con,Conservative,False,False,3247,3
Yorkshire and The Humber,Barnsley South,E14001075,75853,35082,Green,Green Party,False,False,1521,4
Yorkshire and The Humber,Barnsley South,E14001075,75853,35082,LD,Liberal Democrat,False,False,1172,5
Yorkshire and The Humber,Barnsley South,E14001075,75853,35082,Yrks,The Yorkshire Party,False,False,716,6
Yorkshire and The Humber,Barnsley South,E14001075,75853,35082,SL,Socialist Labour Party,False,False,227,7
Yorkshire and The Humber,Barnsley South,E14001075,75853,35082,ED,English Democrats,False,False,149,8
North West,Barrow and Furness,E14001076,74980,42221,Lab,Labour,False,False,18537,1
North West,Barrow and Furness,E14001076,74980,42221,Con,Conservative,False,False,13213,2
North West,Barrow and Furness,E14001076,74980,42221,RUK,Reform UK,False,False,7035,3
North West,Barrow and Furness,E14001076,74980,42221,LD,Liberal Democrat,False,False,1680,4
North West,Barrow and Furness,E14001076,74980,42221,Green,Green Party,False,False,1466,5
North West,Barrow and Furness,E14001076,74980,42221,POW,Party of Women,False,False,290,6
East of England,Basildon and Billericay,E14001077,76873,42124,Con,Conservative,False,False,12905,1
East of England,Basildon and Billericay,E14001077,76873,42124,Lab,Labour,False,False,12885,2
East of England,Basildon and Billericay,E14001077,76873,42124,RUK,Reform UK,False,False,11354,3
East of England,Basildon and Billericay,E14001077,76873,42124,LD,Liberal Democrat,False,False,2292,4
East of England,Basildon and Billericay,E14001077,76873,42124,Green,Green Party,False,False,2123,5
East of England,Basildon and Billericay,E14001077,76873,42124,BDP,British Democratic Party,False,False,373,6
East of England,Basildon and Billericay,E14001077,76873,42124,TUSC,Trade Unionist and Socialist Coalition,False,False,192,7
South East,Basingstoke,E14001078,78487,48989,Lab,Labour,False,False,20922,1
South East,Basingstoke,E14001078,78487,48989,Con,Conservative,False,False,14438,2
South East,Basingstoke,E14001078,78487,48989,RUK,Reform UK,False,False,6314,3
South East,Basingstoke,E14001078,78487,48989,Green,Green Party,False,False,3568,4
South East,Basingstoke,E14001078,78487,48989,LD,Liberal Democrat,False,False,3176,5
South East,Basingstoke,E14001078,78487,48989,HI,Hampshire Independents,False,False,571,6
East Midlands,Bassetlaw,E14001079,78161,44878,Lab,Labour,False,False,18476,1
East Midlands,Bassetlaw,E14001079,78161,44878,Con,Conservative,False,False,12708,2
East Midlands,Bassetlaw,E14001079,78161,44878,RUK,Reform UK,False,False,9751,3
East Midlands,Bassetlaw,E14001079,78161,44878,LD,Liberal Democrat,False,False,1996,4
East Midlands,Bassetlaw,E14001079,78161,44878,Green,Green Party,False,False,1947,5
South West,Bath,E14001080,69662,48130,LD,Liberal Democrat,False,False,19883,1
South West,Bath,E14001080,69662,48130,Lab,Labour,False,False,8665,2
South West,Bath,E14001080,69662,48130,Con,Conservative,False,False,7659,3
South West,Bath,E14001080,69662,48130,Green,Green Party,False,False,5952,4
South West,Bath,E14001080,69662,48130,RUK,Reform UK,False,False,3798,5
South West,Bath,E14001080,69662,48130,Ind,,False,True,1749,6
South West,Bath,E14001080,69662,48130,WPB,Workers Party of Britain,False,False,230,7
South West,Bath,E14001080,69662,48130,Ind,,False,True,169,8
South West,Bath,E14001080,69662,48130,Ind,,False,True,25,9
London,Battersea,E14001081,72827,47082,Lab,Labour,False,False,22983,1
London,Battersea,E14001081,72827,47082,Con,Conservative,False,False,10944,2
London,Battersea,E14001081,72827,47082,LD,Liberal Democrat,False,False,4826,3
London,Battersea,E14001081,72827,47082,Green,Green Party,False,False,4239,4
London,Battersea,E14001081,72827,47082,RUK,Reform UK,False,False,2825,5
London,Battersea,E14001081,72827,47082,WPB,Workers Party of Britain,False,False,499,6
London,Battersea,E14001081,72827,47082,REU,Rejoin EU,False,False,401,7
London,Battersea,E14001081,72827,47082,Ind,,False,True,216,8
London,Battersea,E14001081,72827,47082,SDP,Social Democratic Party,False,False,149,9
South East,Beaconsfield,E14001082,72751,47726,Con,Conservative,False,False,18494,1
South East,Beaconsfield,E14001082,72751,47726,LD,Liberal Democrat,False,False,13039,2
South East,Beaconsfield,E14001082,72751,47726,Lab,Labour,False,False,7216,3
South East,Beaconsfield,E14001082,72751,47726,RUK,Reform UK,False,False,6055,4
South East,Beaconsfield,E14001082,72751,47726,Green,Green Party,False,False,1977,5
South East,Beaconsfield,E14001082,72751,47726,Ind,,False,True,710,6
South East,Beaconsfield,E14001082,72751,47726,SDP,Social Democratic Party,False,False,131,7
South East,Beaconsfield,E14001082,72751,47726,Ind,,False,True,104,8
London,Beckenham and Penge,E14001083,77198,52222,Lab,Labour,False,False,25753,1
London,Beckenham and Penge,E14001083,77198,52222,Con,Conservative,False,False,12848,2
London,Beckenham and Penge,E14001083,77198,52222,RUK,Reform UK,False,False,5355,3
London,Beckenham and Penge,E14001083,77198,52222,LD,Liberal Democrat,False,False,4436,4
London,Beckenham and Penge,E14001083,77198,52222,Green,Green Party,False,False,3830,5
East of England,Bedford,E14001084,72478,40659,Lab,Labour,False,False,18342,1
East of England,Bedford,E14001084,72478,40659,Con,Conservative,False,False,8912,2
East of England,Bedford,E14001084,72478,40659,RUK,Reform UK,False,False,4548,3
East of England,Bedford,E14001084,72478,40659,LD,Liberal Democrat,False,False,4025,4
East of England,Bedford,E14001084,72478,40659,Green,Green Party,False,False,2394,5
East of England,Bedford,E14001084,72478,40659,Ind,,False,True,1442,6
East of England,Bedford,E14001084,72478,40659,WPB,Workers Party of Britain,False,False,996,7
London,Bermondsey and Old Southwark,E14001085,69482,37603,Lab,Labour,False,False,16857,1
London,Bermondsey and Old Southwark,E14001085,69482,37603,LD,Liberal Democrat,False,False,9070,2
London,Bermondsey and Old Southwark,E14001085,69482,37603,Green,Green Party,False,False,4477,3
London,Bermondsey and Old Southwark,E14001085,69482,37603,RUK,Reform UK,False,False,3397,4
London,Bermondsey and Old Southwark,E14001085,69482,37603,Con,Conservative,False,False,2879,5
London,Bermondsey and Old Southwark,E14001085,69482,37603,Ind,,False,True,403,6
London,Bermondsey and Old Southwark,E14001085,69482,37603,Ind,,False,True,273,7
London,Bermondsey and Old Southwark,E14001085,69482,37603,Ind,,False,True,247,8
London,Bethnal Green and Stepney,E14001086,81439,46647,Lab,Labour,False,False,15896,1
London,Bethnal Green and Stepney,E14001086,81439,46647,Ind,,False,True,14207,2
London,Bethnal Green and Stepney,E14001086,81439,46647,Green,Green Party,False,False,6391,3
London,Bethnal Green and Stepney,E14001086,81439,46647,LD,Liberal Democrat,False,False,4777,4
London,Bethnal Green and Stepney,E14001086,81439,46647,RUK,Reform UK,False,False,1964,5
London,Bethnal Green and Stepney,E14001086,81439,46647,Con,Conservative,False,False,1920,6
London,Bethnal Green and Stepney,E14001086,81439,46647,ANWP,Animal Welfare Party,False,False,348,7
London,Bethnal Green and Stepney,E14001086,81439,46647,Ind,,False,True,325,8
London,Bethnal Green and Stepney,E14001086,81439,46647,Ind,,False,True,315,9
London,Bethnal Green and Stepney,E14001086,81439,46647,Ind,,False,True,271,10
London,Bethnal Green and Stepney,E14001086,81439,46647,SDP,Social Democratic Party,False,False,233,11
Yorkshire and The Humber,Beverley and Holderness,E14001087,71994,44897,Con,Conservative,False,False,15501,1
Yorkshire and The Humber,Beverley and Holderness,E14001087,71994,44897,Lab,Labour,False,False,15377,2
Yorkshire and The Humber,Beverley and Holderness,E14001087,71994,44897,RUK,Reform UK,False,False,8198,3
Yorkshire and The Humber,Beverley and Holderness,E14001087,71994,44897,LD,Liberal Democrat,False,False,3386,4
Yorkshire and The Humber,Beverley and Holderness,E14001087,71994,44897,Green,Green Party,False,False,1647,5
Yorkshire and The Humber,Beverley and Holderness,E14001087,71994,44897,Yrks,The Yorkshire Party,False,False,625,6
Yorkshire and The Humber,Beverley and Holderness,E14001087,71994,44897,SDP,Social Democratic Party,False,False,89,7
Yorkshire and The Humber,Beverley and Holderness,E14001087,71994,44897,ADF,Alliance for Democracy and Freedom,False,False,74,8
South East,Bexhill and Battle,E14001088,72198,47750,Con,Conservative,False,False,16186,1
South East,Bexhill and Battle,E14001088,72198,47750,Lab,Labour,False,False,13529,2
South East,Bexhill and Battle,E14001088,72198,47750,RUK,Reform UK,False,False,7929,3
South East,Bexhill and Battle,E14001088,72198,47750,LD,Liberal Democrat,False,False,3473,4
South East,Bexhill and Battle,E14001088,72198,47750,Green,Green Party,False,False,2972,5
South East,Bexhill and Battle,E14001088,72198,47750,Ind,,False,True,2206,6
South East,Bexhill and Battle,E14001088,72198,47750,Ind,,False,True,769,7
South East,Bexhill and Battle,E14001088,72198,47750,POW,Party of Women,False,False,332,8
South East,Bexhill and Battle,E14001088,72198,47750,INet,Independent Network,False,False,210,9
South East,Bexhill and Battle,E14001088,72198,47750,UKIP,UK Independence Party,False,False,144,10
London,Bexleyheath and Crayford,E14001089,70297,43461,Lab,Labour,False,False,15717,1
London,Bexleyheath and Crayford,E14001089,70297,43461,Con,Conservative,False,False,13603,2
London,Bexleyheath and Crayford,E14001089,70297,43461,RUK,Reform UK,False,False,9861,3
London,Bexleyheath and Crayford,E14001089,70297,43461,LD,Liberal Democrat,False,False,2204,4
London,Bexleyheath and Crayford,E14001089,70297,43461,Green,Green Party,False,False,2076,5
South East,Bicester and Woodstock,E14001090,74353,50219,LD,Liberal Democrat,False,False,19419,1
South East,Bicester and Woodstock,E14001090,74353,50219,Con,Conservative,False,False,14461,2
South East,Bicester and Woodstock,E14001090,74353,50219,Lab,Labour,False,False,8236,3
South East,Bicester and Woodstock,E14001090,74353,50219,RUK,Reform UK,False,False,5408,4
South East,Bicester and Woodstock,E14001090,74353,50219,Green,Green Party,False,False,2404,5
South East,Bicester and Woodstock,E14001090,74353,50219,SDP,Social Democratic Party,False,False,291,6
North West,Birkenhead,E14001091,78091,43134,Lab,Labour,False,False,22468,1
North West,Birkenhead,E14001091,78091,43134,Green,Green Party,False,False,8670,2
North West,Birkenhead,E14001091,78091,43134,RUK,Reform UK,False,False,6142,3
North West,Birkenhead,E14001091,78091,43134,Con,Conservative,False,False,3238,4
North West,Birkenhead,E14001091,78091,43134,LD,Liberal Democrat,False,False,2292,5
North West,Birkenhead,E14001091,78091,43134,FA,Freedom Alliance,False,False,324,6
West Midlands,Birmingham Edgbaston,E14001092,71787,37428,Lab,Labour,False,False,16599,1
West Midlands,Birmingham Edgbaston,E14001092,71787,37428,Con,Conservative,False,False,8231,2
West Midlands,Birmingham Edgbaston,E14001092,71787,37428,RUK,Reform UK,False,False,4363,3
West Midlands,Birmingham Edgbaston,E14001092,71787,37428,Ind,,False,True,3336,4
West Midlands,Birmingham Edgbaston,E14001092,71787,37428,Green,Green Party,False,False,2797,5
West Midlands,Birmingham Edgbaston,E14001092,71787,37428,LD,Liberal Democrat,False,False,2102,6
West Midlands,Birmingham Erdington,E14001093,77463,34137,Lab,Labour,False,False,14774,1
West Midlands,Birmingham Erdington,E14001093,77463,34137,RUK,Reform UK,False,False,7755,2
West Midlands,Birmingham Erdington,E14001093,77463,34137,Con,Conservative,False,False,5402,3
West Midlands,Birmingham Erdington,E14001093,77463,34137,Green,Green Party,False,False,2452,4
West Midlands,Birmingham Erdington,E14001093,77463,34137,Ind,,False,True,2250,5
West Midlands,Birmingham Erdington,E14001093,77463,34137,LD,Liberal Democrat,False,False,1128,6
West Midlands,Birmingham Erdington,E14001093,77463,34137,TUSC,Trade Unionist and Socialist Coalition,False,False,376,7
West Midlands,Birmingham Hall Green and Moseley,E14001094,76936,41606,Lab,Labour,False,False,12798,1
West Midlands,Birmingham Hall Green and Moseley,E14001094,76936,41606,Ind,,False,True,7142,2
West Midlands,Birmingham Hall Green and Moseley,E14001094,76936,41606,Ind,,False,True,6159,3
West Midlands,Birmingham Hall Green and Moseley,E14001094,76936,41606,LD,Liberal Democrat,False,False,4711,4
West Midlands,Birmingham Hall Green and Moseley,E14001094,76936,41606,Green,Green Party,False,False,3913,5
West Midlands,Birmingham Hall Green and Moseley,E14001094,76936,41606,Con,Conservative,False,False,3845,6
West Midlands,Birmingham Hall Green and Moseley,E14001094,76936,41606,RUK,Reform UK,False,False,2305,7
West Midlands,Birmingham Hall Green and Moseley,E14001094,76936,41606,Ind,,False,True,733,8
West Midlands,Birmingham Hodge Hill and Solihull North,E14001095,77737,34136,Lab,Labour,False,False,10655,1
West Midlands,Birmingham Hodge Hill and Solihull North,E14001095,77737,34136,WPB,Workers Party of Britain,False,False,9089,2
West Midlands,Birmingham Hodge Hill and Solihull North,E14001095,77737,34136,RUK,Reform UK,False,False,6456,3
West Midlands,Birmingham Hodge Hill and Solihull North,E14001095,77737,34136,Con,Conservative,False,False,4634,4
West Midlands,Birmingham Hodge Hill and Solihull North,E14001095,77737,34136,Green,Green Party,False,False,2360,5
West Midlands,Birmingham Hodge Hill and Solihull North,E14001095,77737,34136,LD,Liberal Democrat,False,False,942,6
West Midlands,Birmingham Ladywood,E14001096,83693,36579,Lab,Labour,False,False,15558,1
West Midlands,Birmingham Ladywood,E14001096,83693,36579,Ind,,False,True,12137,2
West Midlands,Birmingham Ladywood,E14001096,83693,36579,Green,Green Party,False,False,3478,3
West Midlands,Birmingham Ladywood,E14001096,83693,36579,Con,Conservative,False,False,2218,4
West Midlands,Birmingham Ladywood,E14001096,83693,36579,LD,Liberal Democrat,False,False,1711,5
West Midlands,Birmingham Ladywood,E14001096,83693,36579,RUK,Reform UK,False,False,1477,6
West Midlands,Birmingham Northfield,E14001097,74048,37652,Lab,Labour,False,False,14929,1
West Midlands,Birmingham Northfield,E14001097,74048,37652,Con,Conservative,False,False,9540,2
West Midlands,Birmingham Northfield,E14001097,74048,37652,RUK,Reform UK,False,False,7895,3
West Midlands,Birmingham Northfield,E14001097,74048,37652,Green,Green Party,False,False,2809,4
West Midlands,Birmingham Northfield,E14001097,74048,37652,LD,Liberal Democrat,False,False,1791,5
West Midlands,Birmingham Northfield,E14001097,74048,37652,Ind,,False,True,310,6
West Midlands,Birmingham Northfield,E14001097,74048,37652,CG,Common Good,False,False,215,7
West Midlands,Birmingham Northfield,E14001097,74048,37652,Ind,,False,True,163,8
West Midlands,Birmingham Perry Barr,E14001098,76350,37476,Ind,,False,True,13303,1
West Midlands,Birmingham Perry Barr,E14001098,76350,37476,Lab,Labour,False,False,12796,2
West Midlands,Birmingham Perry Barr,E14001098,76350,37476,Con,Conservative,False,False,4227,3
West Midlands,Birmingham Perry Barr,E14001098,76350,37476,RUK,Reform UK,False,False,2446,4
West Midlands,Birmingham Perry Barr,E14001098,76350,37476,Green,Green Party,False,False,2440,5
West Midlands,Birmingham Perry Barr,E14001098,76350,37476,LD,Liberal Democrat,False,False,1302,6
West Midlands,Birmingham Perry Barr,E14001098,76350,37476,Ind,,False,True,509,7
West Midlands,Birmingham Perry Barr,E14001098,76350,37476,SL,Socialist Labour Party,False,False,453,8
West Midlands,Birmingham Selly Oak,E14001099,75678,38423,Lab,Labour,False,False,17371,1
West Midlands,Birmingham Selly Oak,E14001099,75678,38423,Con,Conservative,False,False,5834,2
West Midlands,Birmingham Selly Oak,E14001099,75678,38423,RUK,Reform UK,False,False,5732,3
West Midlands,Birmingham Selly Oak,E14001099,75678,38423,Green,Green Party,False,False,4320,4
West Midlands,Birmingham Selly Oak,E14001099,75678,38423,Ind,,False,True,2842,5
West Midlands,Birmingham Selly Oak,E14001099,75678,38423,LD,Liberal Democrat,False,False,2324,6
West Midlands,Birmingham Yardley,E14001100,73203,36144,Lab,Labour,False,False,11275,1
West Midlands,Birmingham Yardley,E14001100,73203,36144,WPB,Workers Party of Britain,False,False,10582,2
West Midlands,Birmingham Yardley,E14001100,73203,36144,RUK,Reform UK,False,False,5061,3
West Midlands,Birmingham Yardley,E14001100,73203,36144,LD,Liberal Democrat,False,False,3634,4
West Midlands,Birmingham Yardley,E14001100,73203,36144,Con,Conservative,False,False,3634,5
West Midlands,Birmingham Yardley,E14001100,73203,36144,Green,Green Party,False,False,1958,6
North East,Bishop Auckland,E14001101,70745,40427,Lab,Labour,False,False,17036,1
North East,Bishop Auckland,E14001101,70745,40427,Con,Conservative,False,False,10364,2
North East,Bishop Auckland,E14001101,70745,40427,RUK,Reform UK,False,False,9466,3
North East,Bishop Auckland,E14001101,70745,40427,Green,Green Party,False,False,1857,4
North East,Bishop Auckland,E14001101,70745,40427,LD,Liberal Democrat,False,False,1373,5
North East,Bishop Auckland,E14001101,70745,40427,Transform,Transform Party,False,False,331,6
North West,Blackburn,E14001102,73263,38887,Ind,,False,True,10518,1
North West,Blackburn,E14001102,73263,38887,Lab,Labour,False,False,10386,2
North West,Blackburn,E14001102,73263,38887,WPB,Workers Party of Britain,False,False,7105,3
North West,Blackburn,E14001102,73263,38887,RUK,Reform UK,False,False,4844,4
North West,Blackburn,E14001102,73263,38887,Con,Conservative,False,False,3474,5
North West,Blackburn,E14001102,73263,38887,Green,Green Party,False,False,1416,6
North West,Blackburn,E14001102,73263,38887,LD,Liberal Democrat,False,False,689,7
North West,Blackburn,E14001102,73263,38887,Ind,,False,True,369,8
North West,Blackburn,E14001102,73263,38887,Ind,,False,True,86,9
North West,Blackley and Middleton South,E14001103,72303,31340,Lab,Labour,False,False,16864,1
North West,Blackley and Middleton South,E14001103,72303,31340,RUK,Reform UK,False,False,6614,2
North West,Blackley and Middleton South,E14001103,72303,31340,Green,Green Party,False,False,3197,3
North West,Blackley and Middleton South,E14001103,72303,31340,Con,Conservative,False,False,3073,4
North West,Blackley and Middleton South,E14001103,72303,31340,LD,Liberal Democrat,False,False,1592,5
North West,Blackpool North and Fleetwood,E14001104,73339,41810,Lab,Labour,False,False,16744,1
North West,Blackpool North and Fleetwood,E14001104,73339,41810,Con,Conservative,False,False,12097,2
North West,Blackpool North and Fleetwood,E14001104,73339,41810,RUK,Reform UK,False,False,9913,3
North West,Blackpool North and Fleetwood,E14001104,73339,41810,LD,Liberal Democrat,False,False,1318,4
North West,Blackpool North and Fleetwood,E14001104,73339,41810,Green,Green Party,False,False,1269,5
North West,Blackpool North and Fleetwood,E14001104,73339,41810,MRLP,Official Monster Raving Loony Party,False,False,174,6
North West,Blackpool North and Fleetwood,E14001104,73339,41810,Ind,,False,True,148,7
North West,Blackpool North and Fleetwood,E14001104,73339,41810,SDP,Social Democratic Party,False,False,147,8
North West,Blackpool South,E14001105,77460,35180,Lab,Labour,False,False,16916,1
North West,Blackpool South,E14001105,77460,35180,RUK,Reform UK,False,False,10068,2
North West,Blackpool South,E14001105,77460,35180,Con,Conservative,False,False,5504,3
North West,Blackpool South,E14001105,77460,35180,Green,Green Party,False,False,1207,4
North West,Blackpool South,E14001105,77460,35180,LD,Liberal Democrat,False,False,1041,5
North West,Blackpool South,E14001105,77460,35180,Ind,,False,True,261,6
North West,Blackpool South,E14001105,77460,35180,ADF,Alliance for Democracy and Freedom,False,False,183,7
North East,Blaydon and Consett,E14001106,70487,42216,Lab,Labour,False,False,21160,1
North East,Blaydon and Consett,E14001106,70487,42216,RUK,Reform UK,False,False,10007,2
North East,Blaydon and Consett,E14001106,70487,42216,Con,Conservative,False,False,6052,3
North East,Blaydon and Consett,E14001106,70487,42216,Green,Green Party,False,False,2589,4
North East,Blaydon and Consett,E14001106,70487,42216,LD,Liberal Democrat,False,False,2273,5
North East,Blaydon and Consett,E14001106,70487,42216,SDP,Social Democratic Party,False,False,135,6
North East,Blyth and Ashington,E14001107,76595,40401,Lab,Labour,False,False,20030,1
North East,Blyth and Ashington,E14001107,76595,40401,RUK,Reform UK,False,False,10857,2
North East,Blyth and Ashington,E14001107,76595,40401,Con,Conservative,False,False,6121,3
North East,Blyth and Ashington,E14001107,76595,40401,Green,Green Party,False,False,1960,4
North East,Blyth and Ashington,E14001107,76595,40401,LD,Liberal Democrat,False,False,1433,5
South East,Bognor Regis and Littlehampton,E14001108,76854,47827,Con,Conservative,False,False,15678,1
South East,Bognor Regis and Littlehampton,E14001108,76854,47827,Lab,Labour,False,False,13913,2
South East,Bognor Regis and Littlehampton,E14001108,76854,47827,RUK,Reform UK,False,False,10262,3
South East,Bognor Regis and Littlehampton,E14001108,76854,47827,LD,Liberal Democrat,False,False,5081,4
South East,Bognor Regis and Littlehampton,E14001108,76854,47827,Green,Green Party,False,False,2185,5
South East,Bognor Regis and Littlehampton,E14001108,76854,47827,HPUK,Heritage Party,False,False,708,6
East Midlands,Bolsover,E14001109,77207,42434,Lab,Labour,False,False,17197,1
East Midlands,Bolsover,E14001109,77207,42434,Con,Conservative,False,False,10874,2
East Midlands,Bolsover,E14001109,77207,42434,RUK,Reform UK,False,False,9131,3
East Midlands,Bolsover,E14001109,77207,42434,Green,Green Party,False,False,3754,4
East Midlands,Bolsover,E14001109,77207,42434,LD,Liberal Democrat,False,False,1478,5
North West,Bolton North East,E14001110,80011,43359,Lab,Labour,False,False,16166,1
North West,Bolton North East,E14001110,80011,43359,Con,Conservative,False,False,9513,2
North West,Bolton North East,E14001110,80011,43359,RUK,Reform UK,False,False,9428,3
North West,Bolton North East,E14001110,80011,43359,Green,Green Party,False,False,4683,4
North West,Bolton North East,E14001110,80011,43359,LD,Liberal Democrat,False,False,1507,5
North West,Bolton North East,E14001110,80011,43359,WPB,Workers Party of Britain,False,False,1463,6
North West,Bolton North East,E14001110,80011,43359,Ind,,False,True,345,7
North West,Bolton North East,E14001110,80011,43359,Ind,,False,True,254,8
North West,Bolton South and Walkden,E14001111,79622,36930,Lab,Labour,False,False,15093,1
North West,Bolton South and Walkden,E14001111,79622,36930,RUK,Reform UK,False,False,8350,2
North West,Bolton South and Walkden,E14001111,79622,36930,WPB,Workers Party of Britain,False,False,4673,3
North West,Bolton South and Walkden,E14001111,79622,36930,Con,Conservative,False,False,4170,4
North West,Bolton South and Walkden,E14001111,79622,36930,Green,Green Party,False,False,2827,5
North West,Bolton South and Walkden,E14001111,79622,36930,LD,Liberal Democrat,False,False,1384,6
North West,Bolton South and Walkden,E14001111,79622,36930,Ind,,False,True,433,7
North West,Bolton West,E14001112,74933,44598,Lab,Labour,False,False,17363,1
North West,Bolton West,E14001112,74933,44598,Con,Conservative,False,False,12418,2
North West,Bolton West,E14001112,74933,44598,RUK,Reform UK,False,False,8517,3
North West,Bolton West,E14001112,74933,44598,Green,Green Party,False,False,4132,4
North West,Bolton West,E14001112,74933,44598,LD,Liberal Democrat,False,False,1966,5
North West,Bolton West,E14001112,74933,44598,ED,English Democrats,False,False,202,6
North West,Bootle,E14001113,73037,38880,Lab,Labour,False,False,26729,1
North West,Bootle,E14001113,73037,38880,RUK,Reform UK,False,False,4746,2
North West,Bootle,E14001113,73037,38880,Green,Green Party,False,False,3904,3
North West,Bootle,E14001113,73037,38880,Con,Conservative,False,False,1674,4
North West,Bootle,E14001113,73037,38880,LD,Liberal Democrat,False,False,1301,5
North West,Bootle,E14001113,73037,38880,WPB,Workers Party of Britain,False,False,526,6
East Midlands,Boston and Skegness,E14001114,75811,40455,RUK,Reform UK,False,False,15520,1
East Midlands,Boston and Skegness,E14001114,75811,40455,Con,Conservative,False,False,13510,2
East Midlands,Boston and Skegness,E14001114,75811,40455,Lab,Labour,False,False,7629,3
East Midlands,Boston and Skegness,E14001114,75811,40455,Green,Green Party,False,False,1506,4
East Midlands,Boston and Skegness,E14001114,75811,40455,LD,Liberal Democrat,False,False,1375,5
East Midlands,Boston and Skegness,E14001114,75811,40455,ED,English Democrats,False,False,518,6
East Midlands,Boston and Skegness,E14001114,75811,40455,BR,Blue Revolution,False,False,397,7
South West,Bournemouth East,E14001115,72354,44910,Lab,Labour,False,False,18316,1
South West,Bournemouth East,E14001115,72354,44910,Con,Conservative,False,False,12837,2
South West,Bournemouth East,E14001115,72354,44910,RUK,Reform UK,False,False,6268,3
South West,Bournemouth East,E14001115,72354,44910,LD,Liberal Democrat,False,False,3082,4
South West,Bournemouth East,E14001115,72354,44910,Green,Green Party,False,False,2790,5
South West,Bournemouth East,E14001115,72354,44910,Ind,,False,True,1529,6
South West,Bournemouth East,E14001115,72354,44910,SDP,Social Democratic Party,False,False,88,7
South West,Bournemouth West,E14001116,70259,39418,Lab,Labour,False,False,14365,1
South West,Bournemouth West,E14001116,70259,39418,Con,Conservative,False,False,11141,2
South West,Bournemouth West,E14001116,70259,39418,RUK,Reform UK,False,False,6647,3
South West,Bournemouth West,E14001116,70259,39418,LD,Liberal Democrat,False,False,4311,4
South West,Bournemouth West,E14001116,70259,39418,Green,Green Party,False,False,2614,5
South West,Bournemouth West,E14001116,70259,39418,CPA,Christian Peoples Alliance,False,False,201,6
South West,Bournemouth West,E14001116,70259,39418,SDP,Social Democratic Party,False,False,139,7
South East,Bracknell,E14001117,71660,43837,Lab,Labour,False,False,14783,1
South East,Bracknell,E14001117,71660,43837,Con,Conservative,False,False,13999,2
South East,Bracknell,E14001117,71660,43837,RUK,Reform UK,False,False,7445,3
South East,Bracknell,E14001117,71660,43837,LD,Liberal Democrat,False,False,4768,4
South East,Bracknell,E14001117,71660,43837,Green,Green Party,False,False,2166,5
South East,Bracknell,E14001117,71660,43837,Ind,,False,True,480,6
South East,Bracknell,E14001117,71660,43837,HPUK,Heritage Party,False,False,196,7
Yorkshire and The Humber,Bradford East,E14001118,75164,37216,Lab,Labour,False,False,14098,1
Yorkshire and The Humber,Bradford East,E14001118,75164,37216,Ind,,False,True,7909,2
Yorkshire and The Humber,Bradford East,E14001118,75164,37216,RUK,Reform UK,False,False,4952,3
Yorkshire and The Humber,Bradford East,E14001118,75164,37216,Con,Conservative,False,False,3450,4
Yorkshire and The Humber,Bradford East,E14001118,75164,37216,Green,Green Party,False,False,2571,5
Yorkshire and The Humber,Bradford East,E14001118,75164,37216,LD,Liberal Democrat,False,False,1910,6
Yorkshire and The Humber,Bradford East,E14001118,75164,37216,Ind,,False,True,817,7
Yorkshire and The Humber,Bradford East,E14001118,75164,37216,Yrks,The Yorkshire Party,False,False,761,8
Yorkshire and The Humber,Bradford East,E14001118,75164,37216,Ind,,False,True,683,9
Yorkshire and The Humber,Bradford East,E14001118,75164,37216,SDP,Social Democratic Party,False,False,65,10
Yorkshire and The Humber,Bradford South,E14001119,70999,33042,Lab,Labour,False,False,11833,1
Yorkshire and The Humber,Bradford South,E14001119,70999,33042,RUK,Reform UK,False,False,7441,2
Yorkshire and The Humber,Bradford South,E14001119,70999,33042,Con,Conservative,False,False,4853,3
Yorkshire and The Humber,Bradford South,E14001119,70999,33042,Green,Green Party,False,False,3366,4
Yorkshire and The Humber,Bradford South,E14001119,70999,33042,Ind,,False,True,3345,5
Yorkshire and The Humber,Bradford South,E14001119,70999,33042,LD,Liberal Democrat,False,False,954,6
Yorkshire and The Humber,Bradford South,E14001119,70999,33042,WPB,Workers Party of Britain,False,False,513,7
Yorkshire and The Humber,Bradford South,E14001119,70999,33042,Yrks,The Yorkshire Party,False,False,489,8
Yorkshire and The Humber,Bradford South,E14001119,70999,33042,ED,English Democrats,False,False,248,9
Yorkshire and The Humber,Bradford West,E14001120,77897,37081,Lab,Labour,False,False,11724,1
Yorkshire and The Humber,Bradford West,E14001120,77897,37081,Ind,,False,True,11017,2
Yorkshire and The Humber,Bradford West,E14001120,77897,37081,Green,Green Party,False,False,3690,3
Yorkshire and The Humber,Bradford West,E14001120,77897,37081,Ind,,False,True,3547,4
Yorkshire and The Humber,Bradford West,E14001120,77897,37081,Con,Conservative,False,False,3055,5
Yorkshire and The Humber,Bradford West,E14001120,77897,37081,RUK,Reform UK,False,False,2958,6
Yorkshire and The Humber,Bradford West,E14001120,77897,37081,LD,Liberal Democrat,False,False,756,7
Yorkshire and The Humber,Bradford West,E14001120,77897,37081,Ind,,False,True,334,8
East of England,Braintree,E14001121,77673,49028,Con,Conservative,False,False,17414,1
East of England,Braintree,E14001121,77673,49028,Lab,Labour,False,False,13744,2
East of England,Braintree,E14001121,77673,49028,RUK,Reform UK,False,False,11346,3
East of England,Braintree,E14001121,77673,49028,LD,Liberal Democrat,False,False,2879,4
East of England,Braintree,E14001121,77673,49028,Green,Green Party,False,False,2878,5
East of England,Braintree,E14001121,77673,49028,Ind,,False,True,767,6
London,Brent East,E14001122,77547,37802,Lab,Labour,False,False,19370,1
London,Brent East,E14001122,77547,37802,Con,Conservative,False,False,6323,2
London,Brent East,E14001122,77547,37802,Green,Green Party,False,False,3729,3
London,Brent East,E14001122,77547,37802,LD,Liberal Democrat,False,False,2635,4
London,Brent East,E14001122,77547,37802,RUK,Reform UK,False,False,2024,5
London,Brent East,E14001122,77547,37802,Ind,,False,True,1846,6
London,Brent East,E14001122,77547,37802,WPB,Workers Party of Britain,False,False,1052,7
London,Brent East,E14001122,77547,37802,Ind,,False,True,654,8
London,Brent East,E14001122,77547,37802,Ind,,False,True,169,9
London,Brentford and Isleworth,E14001124,79423,45254,Lab,Labour,False,False,20007,1
London,Brentford and Isleworth,E14001124,79423,45254,Con,Conservative,False,False,10183,2
London,Brentford and Isleworth,E14001124,79423,45254,Green,Green Party,False,False,4029,3
London,Brentford and Isleworth,E14001124,79423,45254,RUK,Reform UK,False,False,3940,4
London,Brentford and Isleworth,E14001124,79423,45254,LD,Liberal Democrat,False,False,3863,5
London,Brentford and Isleworth,E14001124,79423,45254,WPB,Workers Party of Britain,False,False,2746,6
London,Brentford and Isleworth,E14001124,79423,45254,Ind,,False,True,486,7
London,Brent West,E14001123,80027,41376,Lab,Labour,False,False,17258,1
London,Brent West,E14001123,80027,41376,Con,Conservative,False,False,13465,2
London,Brent West,E14001123,80027,41376,LD,Liberal Democrat,False,False,3013,3
London,Brent West,E14001123,80027,41376,Green,Green Party,False,False,2805,4
London,Brent West,E14001123,80027,41376,WPB,Workers Party of Britain,False,False,2774,5
London,Brent West,E14001123,80027,41376,RUK,Reform UK,False,False,2061,6
East of England,Brentwood and Ongar,E14001125,75352,48332,Con,Conservative,False,False,17731,1
East of England,Brentwood and Ongar,E14001125,75352,48332,RUK,Reform UK,False,False,11751,2
East of England,Brentwood and Ongar,E14001125,75352,48332,Lab,Labour,False,False,11082,3
East of England,Brentwood and Ongar,E14001125,75352,48332,LD,Liberal Democrat,False,False,5809,4
East of England,Brentwood and Ongar,E14001125,75352,48332,Green,Green Party,False,False,1770,5
East of England,Brentwood and Ongar,E14001125,75352,48332,ED,English Democrats,False,False,189,6
South West,Bridgwater,E14001126,71571,40129,Con,Conservative,False,False,12281,1
South West,Bridgwater,E14001126,71571,40129,Lab,Labour,False,False,10932,2
South West,Bridgwater,E14001126,71571,40129,RUK,Reform UK,False,False,8913,3
South West,Bridgwater,E14001126,71571,40129,LD,Liberal Democrat,False,False,5781,4
South West,Bridgwater,E14001126,71571,40129,Green,Green Party,False,False,1720,5
South West,Bridgwater,E14001126,71571,40129,Ind,,False,True,334,6
South West,Bridgwater,E14001126,71571,40129,WPB,Workers Party of Britain,False,False,168,7
Yorkshire and The Humber,Bridlington and The Wolds,E14001127,74438,42937,Con,Conservative,False,False,14846,1
Yorkshire and The Humber,Bridlington and The Wolds,E14001127,74438,42937,Lab,Labour,False,False,11721,2
Yorkshire and The Humber,Bridlington and The Wolds,E14001127,74438,42937,RUK,Reform UK,False,False,10350,3
Yorkshire and The Humber,Bridlington and The Wolds,E14001127,74438,42937,LD,Liberal Democrat,False,False,3097,4
Yorkshire and The Humber,Bridlington and The Wolds,E14001127,74438,42937,Green,Green Party,False,False,1595,5
Yorkshire and The Humber,Bridlington and The Wolds,E14001127,74438,42937,Yrks,The Yorkshire Party,False,False,915,6
Yorkshire and The Humber,Bridlington and The Wolds,E14001127,74438,42937,Ind,,False,True,309,7
Yorkshire and The Humber,Bridlington and The Wolds,E14001127,74438,42937,SDP,Social Democratic Party,False,False,104,8
Yorkshire and The Humber,Brigg and Immingham,E14001128,73099,42508,Con,Conservative,False,False,15905,1
Yorkshire and The Humber,Brigg and Immingham,E14001128,73099,42508,Lab,Labour,False,False,12662,2
Yorkshire and The Humber,Brigg and Immingham,E14001128,73099,42508,RUK,Reform UK,False,False,10594,3
Yorkshire and The Humber,Brigg and Immingham,E14001128,73099,42508,Green,Green Party,False,False,1905,4
Yorkshire and The Humber,Brigg and Immingham,E14001128,73099,42508,LD,Liberal Democrat,False,False,1442,5
South East,Brighton Kemptown and Peacehaven,E14001129,68784,40686,Lab,Labour,False,False,17893,1
South East,Brighton Kemptown and Peacehaven,E14001129,68784,40686,Con,Conservative,False,False,8230,2
South East,Brighton Kemptown and Peacehaven,E14001129,68784,40686,Green,Green Party,False,False,7997,3
South East,Brighton Kemptown and Peacehaven,E14001129,68784,40686,LD,Liberal Democrat,False,False,3949,4
South East,Brighton Kemptown and Peacehaven,E14001129,68784,40686,Ind,,False,True,1833,5
South East,Brighton Kemptown and Peacehaven,E14001129,68784,40686,SDP,Social Democratic Party,False,False,784,6
South East,Brighton Pavilion,E14001130,74786,52363,Green,Green Party,False,False,28809,1
South East,Brighton Pavilion,E14001130,74786,52363,Lab,Labour,False,False,14519,2
South East,Brighton Pavilion,E14001130,74786,52363,Con,Conservative,False,False,3975,3
South East,Brighton Pavilion,E14001130,74786,52363,RUK,Reform UK,False,False,2836,4
South East,Brighton Pavilion,E14001130,74786,52363,LD,Liberal Democrat,False,False,1604,5
South East,Brighton Pavilion,E14001130,74786,52363,MRLP,Official Monster Raving Loony Party,False,False,257,6
South East,Brighton Pavilion,E14001130,74786,52363,SDP,Social Democratic Party,False,False,184,7
South East,Brighton Pavilion,E14001130,74786,52363,Ind,,False,True,179,8
South West,Bristol Central,E14001131,62735,43365,Green,Green Party,False,False,24539,1
South West,Bristol Central,E14001131,62735,43365,Lab,Labour,False,False,14132,2
South West,Bristol Central,E14001131,62735,43365,Con,Conservative,False,False,1998,3
South West,Bristol Central,E14001131,62735,43365,RUK,Reform UK,False,False,1338,4
South West,Bristol Central,E14001131,62735,43365,LD,Liberal Democrat,False,False,1162,5
South West,Bristol Central,E14001131,62735,43365,POW,Party of Women,False,False,196,6
South West,Bristol East,E14001132,75917,46109,Lab,Labour,False,False,20748,1
South West,Bristol East,E14001132,75917,46109,Green,Green Party,False,False,14142,2
South West,Bristol East,E14001132,75917,46109,Con,Conservative,False,False,6435,3
South West,Bristol East,E14001132,75917,46109,LD,Liberal Democrat,False,False,2713,4
South West,Bristol East,E14001132,75917,46109,Ind,,False,True,1259,5
South West,Bristol East,E14001132,75917,46109,SDP,Social Democratic Party,False,False,555,6
South West,Bristol East,E14001132,75917,46109,Ind,,False,True,257,7
South West,Bristol North East,E14001133,70076,41989,Lab,Labour,False,False,19004,1
South West,Bristol North East,E14001133,70076,41989,Green,Green Party,False,False,7837,2
South West,Bristol North East,E14001133,70076,41989,Con,Conservative,False,False,6216,3
South West,Bristol North East,E14001133,70076,41989,RUK,Reform UK,False,False,5418,4
South West,Bristol North East,E14001133,70076,41989,LD,Liberal Democrat,False,False,1964,5
South West,Bristol North East,E14001133,70076,41989,Ind,,False,True,1029,6
South West,Bristol North East,E14001133,70076,41989,TUSC,Trade Unionist and Socialist Coalition,False,False,399,7
South West,Bristol North East,E14001133,70076,41989,SDP,Social Democratic Party,False,False,122,8
South West,Bristol North West,E14001134,74869,48464,Lab,Labour,False,False,24058,1
South West,Bristol North West,E14001134,74869,48464,Green,Green Party,False,False,8389,2
South West,Bristol North West,E14001134,74869,48464,Con,Conservative,False,False,6773,3
South West,Bristol North West,E14001134,74869,48464,RUK,Reform UK,False,False,4863,4
South West,Bristol North West,E14001134,74869,48464,LD,Liberal Democrat,False,False,4159,5
South West,Bristol North West,E14001134,74869,48464,SDP,Social Democratic Party,False,False,222,6
South West,Bristol South,E14001135,75533,43403,Lab,Labour,False,False,18521,1
South West,Bristol South,E14001135,75533,43403,Green,Green Party,False,False,10855,2
South West,Bristol South,E14001135,75533,43403,RUK,Reform UK,False,False,6195,3
South West,Bristol South,E14001135,75533,43403,Con,Conservative,False,False,4947,4
South West,Bristol South,E14001135,75533,43403,LD,Liberal Democrat,False,False,2721,5
South West,Bristol South,E14001135,75533,43403,SDP,Social Democratic Party,False,False,164,6
East of England,Broadland and Fakenham,E14001136,76863,49513,Con,Conservative,False,False,16322,1
East of England,Broadland and Fakenham,E14001136,76863,49513,Lab,Labour,False,False,15603,2
East of England,Broadland and Fakenham,E14001136,76863,49513,RUK,Reform UK,False,False,8859,3
East of England,Broadland and Fakenham,E14001136,76863,49513,LD,Liberal Democrat,False,False,5526,4
East of England,Broadland and Fakenham,E14001136,76863,49513,Green,Green Party,False,False,3203,5
London,Bromley and Biggin Hill,E14001137,70713,46788,Con,Conservative,False,False,15929,1
London,Bromley and Biggin Hill,E14001137,70713,46788,Lab,Labour,False,False,15627,2
London,Bromley and Biggin Hill,E14001137,70713,46788,RUK,Reform UK,False,False,8203,3
London,Bromley and Biggin Hill,E14001137,70713,46788,LD,Liberal Democrat,False,False,4352,4
London,Bromley and Biggin Hill,E14001137,70713,46788,Green,Green Party,False,False,2583,5
London,Bromley and Biggin Hill,E14001137,70713,46788,Cli,Climate Party,False,False,94,6
West Midlands,Bromsgrove,E14001138,76468,50405,Con,Conservative,False,False,16533,1
West Midlands,Bromsgrove,E14001138,76468,50405,Lab,Labour,False,False,13517,2
West Midlands,Bromsgrove,E14001138,76468,50405,RUK,Reform UK,False,False,9584,3
West Midlands,Bromsgrove,E14001138,76468,50405,LD,Liberal Democrat,False,False,7391,4
West Midlands,Bromsgrove,E14001138,76468,50405,Green,Green Party,False,False,1675,5
West Midlands,Bromsgrove,E14001138,76468,50405,Ind,,False,True,1561,6
West Midlands,Bromsgrove,E14001138,76468,50405,WPB,Workers Party of Britain,False,False,144,7
East of England,Broxbourne,E14001139,75210,42952,Con,Conservative,False,False,15810,1
East of England,Broxbourne,E14001139,75210,42952,Lab,Labour,False,False,12952,2
East of England,Broxbourne,E14001139,75210,42952,RUK,Reform UK,False,False,8782,3
East of England,Broxbourne,E14001139,75210,42952,LD,Liberal Democrat,False,False,2688,4
East of England,Broxbourne,E14001139,75210,42952,Green,Green Party,False,False,2461,5
East of England,Broxbourne,E14001139,75210,42952,UKIP,UK Independence Party,False,False,172,6
East of England,Broxbourne,E14001139,75210,42952,ECP,English Constitution Party,False,False,87,7
East Midlands,Broxtowe,E14001140,70440,47838,Lab,Labour,False,False,19561,1
East Midlands,Broxtowe,E14001140,70440,47838,Con,Conservative,False,False,11158,2
East Midlands,Broxtowe,E14001140,70440,47838,RUK,Reform UK,False,False,8402,3
East Midlands,Broxtowe,E14001140,70440,47838,LD,Liberal Democrat,False,False,3807,4
East Midlands,Broxtowe,E14001140,70440,47838,Green,Green Party,False,False,3488,5
East Midlands,Broxtowe,E14001140,70440,47838,Ind,,False,True,1034,6
East Midlands,Broxtowe,E14001140,70440,47838,WPB,Workers Party of Britain,False,False,388,7
South East,Buckingham and Bletchley,E14001141,74832,47641,Lab,Labour,False,False,17602,1
South East,Buckingham and Bletchley,E14001141,74832,47641,Con,Conservative,False,False,15181,2
South East,Buckingham and Bletchley,E14001141,74832,47641,RUK,Reform UK,False,False,7468,3
South East,Buckingham and Bletchley,E14001141,74832,47641,LD,Liberal Democrat,False,False,4300,4
South East,Buckingham and Bletchley,E14001141,74832,47641,Green,Green Party,False,False,2590,5
South East,Buckingham and Bletchley,E14001141,74832,47641,Ind,,False,True,500,6
North West,Burnley,E14001142,74954,39719,Lab,Labour,False,False,12598,1
North West,Burnley,E14001142,74954,39719,LD,Liberal Democrat,False,False,9178,2
North West,Burnley,E14001142,74954,39719,Con,Conservative,False,False,8058,3
North West,Burnley,E14001142,74954,39719,RUK,Reform UK,False,False,7755,4
North West,Burnley,E14001142,74954,39719,Green,Green Party,False,False,1518,5
North West,Burnley,E14001142,74954,39719,Ind,,False,True,292,6
North West,Burnley,E14001142,74954,39719,Ind,,False,True,169,7
North West,Burnley,E14001142,74954,39719,Ind,,False,True,151,8
West Midlands,Burton and Uttoxeter,E14001143,77994,45627,Lab,Labour,False,False,16222,1
West Midlands,Burton and Uttoxeter,E14001143,77994,45627,Con,Conservative,False,False,13956,2
West Midlands,Burton and Uttoxeter,E14001143,77994,45627,RUK,Reform UK,False,False,9611,3
West Midlands,Burton and Uttoxeter,E14001143,77994,45627,Green,Green Party,False,False,2119,4
West Midlands,Burton and Uttoxeter,E14001143,77994,45627,WPB,Workers Party of Britain,False,False,2056,5
West Midlands,Burton and Uttoxeter,E14001143,77994,45627,LD,Liberal Democrat,False,False,1663,6
North West,Bury North,E14001144,77686,45520,Lab,Labour,False,False,19625,1
North West,Bury North,E14001144,77686,45520,Con,Conservative,False,False,12681,2
North West,Bury North,E14001144,77686,45520,RUK,Reform UK,False,False,7385,3
North West,Bury North,E14001144,77686,45520,WPB,Workers Party of Britain,False,False,1917,4
North West,Bury North,E14001144,77686,45520,Green,Green Party,False,False,1747,5
North West,Bury North,E14001144,77686,45520,LD,Liberal Democrat,False,False,1317,6
North West,Bury North,E14001144,77686,45520,Ind,,False,True,571,7
North West,Bury North,E14001144,77686,45520,Ind,,False,True,277,8
North West,Bury South,E14001145,75326,42214,Lab,Labour,False,False,19247,1
North West,Bury South,E14001145,75326,42214,Con,Conservative,False,False,9886,2
North West,Bury South,E14001145,75326,42214,RUK,Reform UK,False,False,6865,3
North West,Bury South,E14001145,75326,42214,Green,Green Party,False,False,2715,4
North West,Bury South,E14001145,75326,42214,LD,Liberal Democrat,False,False,1796,5
North West,Bury South,E14001145,75326,42214,WPB,Workers Party of Britain,False,False,1023,6
North West,Bury South,E14001145,75326,42214,Ind,,False,True,277,7
North West,Bury South,E14001145,75326,42214,ED,English Democrats,False,False,224,8
North West,Bury South,E14001145,75326,42214,Comm,Communist Party of Britain,False,False,181,9
East of England,Bury St Edmunds and Stowmarket,E14001146,78479,50893,Lab,Labour,False,False,16745,1
East of England,Bury St Edmunds and Stowmarket,E14001146,78479,50893,Con,Conservative,False,False,15293,2
East of England,Bury St Edmunds and Stowmarket,E14001146,78479,50893,RUK,Reform UK,False,False,8595,3
East of England,Bury St Edmunds and Stowmarket,E14001146,78479,50893,Green,Green Party,False,False,5761,4
East of England,Bury St Edmunds and Stowmarket,E14001146,78479,50893,LD,Liberal Democrat,False,False,3154,5
East of England,Bury St Edmunds and Stowmarket,E14001146,78479,50893,Ind,,False,True,819,6
East of England,Bury St Edmunds and Stowmarket,E14001146,78479,50893,REU,Rejoin EU,False,False,350,7
East of England,Bury St Edmunds and Stowmarket,E14001146,78479,50893,Comm,Communist Party of Britain,False,False,176,8
Yorkshire and The Humber,Calder Valley,E14001147,77364,49608,Lab,Labour,False,False,22046,1
Yorkshire and The Humber,Calder Valley,E14001147,77364,49608,Con,Conservative,False,False,13055,2
Yorkshire and The Humber,Calder Valley,E14001147,77364,49608,RUK,Reform UK,False,False,7644,3
Yorkshire and The Humber,Calder Valley,E14001147,77364,49608,Green,Green Party,False,False,3701,4
Yorkshire and The Humber,Calder Valley,E14001147,77364,49608,LD,Liberal Democrat,False,False,2587,5
Yorkshire and The Humber,Calder Valley,E14001147,77364,49608,Yrks,The Yorkshire Party,False,False,404,6
Yorkshire and The Humber,Calder Valley,E14001147,77364,49608,SDP,Social Democratic Party,False,False,171,7
South West,Camborne and Redruth,E14001148,74342,47785,Lab,Labour,False,False,19360,1
South West,Camborne and Redruth,E14001148,74342,47785,Con,Conservative,False,False,11554,2
South West,Camborne and Redruth,E14001148,74342,47785,RUK,Reform UK,False,False,8952,3
South West,Camborne and Redruth,E14001148,74342,47785,LD,Liberal Democrat,False,False,4113,4
South West,Camborne and Redruth,E14001148,74342,47785,Green,Green Party,False,False,2840,5
South West,Camborne and Redruth,E14001148,74342,47785,Lib,Liberal,False,False,624,6
South West,Camborne and Redruth,E14001148,74342,47785,SL,Socialist Labour Party,False,False,342,7
East of England,Cambridge,E14001149,70321,42100,Lab,Labour,False,False,19614,1
East of England,Cambridge,E14001149,70321,42100,LD,Liberal Democrat,False,False,8536,2
East of England,Cambridge,E14001149,70321,42100,Green,Green Party,False,False,6842,3
East of England,Cambridge,E14001149,70321,42100,Con,Conservative,False,False,5073,4
East of England,Cambridge,E14001149,70321,42100,WPB,Workers Party of Britain,False,False,951,5
East of England,Cambridge,E14001149,70321,42100,Ind,,False,True,819,6
East of England,Cambridge,E14001149,70321,42100,RBD,Rebooting Democracy,False,False,265,7
West Midlands,Cannock Chase,E14001150,76974,42953,Lab,Labour,False,False,15671,1
West Midlands,Cannock Chase,E14001150,76974,42953,Con,Conservative,False,False,12546,2
West Midlands,Cannock Chase,E14001150,76974,42953,RUK,Reform UK,False,False,11570,3
West Midlands,Cannock Chase,E14001150,76974,42953,Green,Green Party,False,False,2137,4
West Midlands,Cannock Chase,E14001150,76974,42953,LD,Liberal Democrat,False,False,1029,5
South East,Canterbury,E14001151,71155,47231,Lab,Labour,False,False,19531,1
South East,Canterbury,E14001151,71155,47231,Con,Conservative,False,False,10878,2
South East,Canterbury,E14001151,71155,47231,RUK,Reform UK,False,False,6805,3
South East,Canterbury,E14001151,71155,47231,Green,Green Party,False,False,5920,4
South East,Canterbury,E14001151,71155,47231,LD,Liberal Democrat,False,False,3812,5
South East,Canterbury,E14001151,71155,47231,SDP,Social Democratic Party,False,False,285,6
North West,Carlisle,E14001152,77863,45979,Lab,Labour,False,False,18129,1
North West,Carlisle,E14001152,77863,45979,Con,Conservative,False,False,12929,2
North West,Carlisle,E14001152,77863,45979,RUK,Reform UK,False,False,9295,3
North West,Carlisle,E14001152,77863,45979,LD,Liberal Democrat,False,False,2982,4
North West,Carlisle,E14001152,77863,45979,Green,Green Party,False,False,1922,5
North West,Carlisle,E14001152,77863,45979,Ind,,False,True,303,6
North West,Carlisle,E14001152,77863,45979,SDP,Social Democratic Party,False,False,244,7
North West,Carlisle,E14001152,77863,45979,Ind,,False,True,175,8
London,Carshalton and Wallington,E14001153,74362,46670,LD,Liberal Democrat,False,False,20126,1
London,Carshalton and Wallington,E14001153,74362,46670,Con,Conservative,False,False,12221,2
London,Carshalton and Wallington,E14001153,74362,46670,Lab,Labour,False,False,6108,3
London,Carshalton and Wallington,E14001153,74362,46670,RUK,Reform UK,False,False,5941,4
London,Carshalton and Wallington,E14001153,74362,46670,Green,Green Party,False,False,1517,5
London,Carshalton and Wallington,E14001153,74362,46670,WPB,Workers Party of Britain,False,False,441,6
London,Carshalton and Wallington,E14001153,74362,46670,CPA,Christian Peoples Alliance,False,False,231,7
London,Carshalton and Wallington,E14001153,74362,46670,SDP,Social Democratic Party,False,False,85,8
East of England,Castle Point,E14001154,71026,40633,Con,Conservative,False,False,15485,1
East of England,Castle Point,E14001154,71026,40633,RUK,Reform UK,False,False,12234,2
East of England,Castle Point,E14001154,71026,40633,Lab,Labour,False,False,9455,3
East of England,Castle Point,E14001154,71026,40633,Green,Green Party,False,False,2118,4
East of England,Castle Point,E14001154,71026,40633,LD,Liberal Democrat,False,False,1341,5
South West,Central Devon,E14001155,75385,53432,Con,Conservative,False,False,16831,1
South West,Central Devon,E14001155,75385,53432,Lab,Labour,False,False,16770,2
South West,Central Devon,E14001155,75385,53432,LD,Liberal Democrat,False,False,8232,3
South West,Central Devon,E14001155,75385,53432,RUK,Reform UK,False,False,7784,4
South West,Central Devon,E14001155,75385,53432,Green,Green Party,False,False,3338,5
South West,Central Devon,E14001155,75385,53432,Ind,,False,True,477,6
East of England,Central Suffolk and North Ipswich,E14001156,73046,46423,Con,Conservative,False,False,15144,1
East of England,Central Suffolk and North Ipswich,E14001156,73046,46423,Lab,Labour,False,False,10854,2
East of England,Central Suffolk and North Ipswich,E14001156,73046,46423,RUK,Reform UK,False,False,8806,3
East of England,Central Suffolk and North Ipswich,E14001156,73046,46423,Green,Green Party,False,False,5652,4
East of England,Central Suffolk and North Ipswich,E14001156,73046,46423,LD,Liberal Democrat,False,False,5407,5
East of England,Central Suffolk and North Ipswich,E14001156,73046,46423,Ind,,False,True,366,6
East of England,Central Suffolk and North Ipswich,E14001156,73046,46423,Ind,,False,True,194,7
South East,Chatham and Aylesford,E14001157,75109,40845,Lab,Labour,False,False,13689,1
South East,Chatham and Aylesford,E14001157,75109,40845,Con,Conservative,False,False,11691,2
South East,Chatham and Aylesford,E14001157,75109,40845,RUK,Reform UK,False,False,9989,3
South East,Chatham and Aylesford,E14001157,75109,40845,Green,Green Party,False,False,2504,4
South East,Chatham and Aylesford,E14001157,75109,40845,LD,Liberal Democrat,False,False,2175,5
South East,Chatham and Aylesford,E14001157,75109,40845,WPB,Workers Party of Britain,False,False,340,6
South East,Chatham and Aylesford,E14001157,75109,40845,CPA,Christian Peoples Alliance,False,False,316,7
South East,Chatham and Aylesford,E14001157,75109,40845,SDP,Social Democratic Party,False,False,141,8
North West,Cheadle,E14001158,74383,50731,LD,Liberal Democrat,False,False,23681,1
North West,Cheadle,E14001158,74383,50731,Con,Conservative,False,False,11446,2
North West,Cheadle,E14001158,74383,50731,Lab,Labour,False,False,7909,3
North West,Cheadle,E14001158,74383,50731,RUK,Reform UK,False,False,5149,4
North West,Cheadle,E14001158,74383,50731,Green,Green Party,False,False,1630,5
North West,Cheadle,E14001158,74383,50731,WPB,Workers Party of Britain,False,False,811,6
North West,Cheadle,E14001158,74383,50731,Ind,,False,True,105,7
East of England,Chelmsford,E14001159,76970,50716,LD,Liberal Democrat,False,False,20214,1
East of England,Chelmsford,E14001159,76970,50716,Con,Conservative,False,False,15461,2
East of England,Chelmsford,E14001159,76970,50716,RUK,Reform UK,False,False,6754,3
East of England,Chelmsford,E14001159,76970,50716,Lab,Labour,False,False,6108,4
East of England,Chelmsford,E14001159,76970,50716,Green,Green Party,False,False,1588,5
East of England,Chelmsford,E14001159,76970,50716,INet,Independent Network,False,False,230,6
East of England,Chelmsford,E14001159,76970,50716,MRLP,Official Monster Raving Loony Party,False,False,187,7
East of England,Chelmsford,E14001159,76970,50716,WPB,Workers Party of Britain,False,False,105,8
East of England,Chelmsford,E14001159,76970,50716,Ind,,False,True,69,9
London,Chelsea and Fulham,E14001160,78468,47116,Lab,Labour,False,False,18556,1
London,Chelsea and Fulham,E14001160,78468,47116,Con,Conservative,False,False,18404,2
London,Chelsea and Fulham,E14001160,78468,47116,LD,Liberal Democrat,False,False,3611,3
London,Chelsea and Fulham,E14001160,78468,47116,RUK,Reform UK,False,False,3144,4
London,Chelsea and Fulham,E14001160,78468,47116,Green,Green Party,False,False,2798,5
London,Chelsea and Fulham,E14001160,78468,47116,WPB,Workers Party of Britain,False,False,538,6
London,Chelsea and Fulham,E14001160,78468,47116,HPUK,Heritage Party,False,False,65,7
South West,Cheltenham,E14001161,76144,49542,LD,Liberal Democrat,False,False,25076,1
South West,Cheltenham,E14001161,76144,49542,Con,Conservative,False,False,17866,2
South West,Cheltenham,E14001161,76144,49542,Green,Green Party,False,False,3160,3
South West,Cheltenham,E14001161,76144,49542,Lab,Labour,False,False,2665,4
South West,Cheltenham,E14001161,76144,49542,Ind,,False,True,775,5
South East,Chesham and Amersham,E14001162,74889,54455,LD,Liberal Democrat,False,False,24422,1
South East,Chesham and Amersham,E14001162,74889,54455,Con,Conservative,False,False,18971,2
South East,Chesham and Amersham,E14001162,74889,54455,RUK,Reform UK,False,False,5310,3
South East,Chesham and Amersham,E14001162,74889,54455,Lab,Labour,False,False,3502,4
South East,Chesham and Amersham,E14001162,74889,54455,Green,Green Party,False,False,1673,5
South East,Chesham and Amersham,E14001162,74889,54455,WPB,Workers Party of Britain,False,False,466,6
South East,Chesham and Amersham,E14001162,74889,54455,HPUK,Heritage Party,False,False,111,7
East Midlands,Chesterfield,E14001165,71645,41555,Lab,Labour,False,False,19316,1
East Midlands,Chesterfield,E14001165,71645,41555,Con,Conservative,False,False,8496,2
East Midlands,Chesterfield,E14001165,71645,41555,RUK,Reform UK,False,False,7897,3
East Midlands,Chesterfield,E14001165,71645,41555,Green,Green Party,False,False,2682,4
East Midlands,Chesterfield,E14001165,71645,41555,LD,Liberal Democrat,False,False,2553,5
East Midlands,Chesterfield,E14001165,71645,41555,CANDI,Chesterfield And North Derbyshire Independents (CANDI),False,False,363,6
East Midlands,Chesterfield,E14001165,71645,41555,WPB,Workers Party of Britain,False,False,248,7
North West,Chester North and Neston,E14001163,70215,44694,Lab,Labour,False,False,22258,1
North West,Chester North and Neston,E14001163,70215,44694,Con,Conservative,False,False,10388,2
North West,Chester North and Neston,E14001163,70215,44694,RUK,Reform UK,False,False,5870,3
North West,Chester North and Neston,E14001163,70215,44694,Green,Green Party,False,False,4102,4
North West,Chester North and Neston,E14001163,70215,44694,LD,Liberal Democrat,False,False,2076,5
North West,Chester South and Eddisbury,E14001164,74284,52486,Con,Conservative,False,False,19905,1
North West,Chester South and Eddisbury,E14001164,74284,52486,Lab,Labour,False,False,16848,2
North West,Chester South and Eddisbury,E14001164,74284,52486,RUK,Reform UK,False,False,6414,3
North West,Chester South and Eddisbury,E14001164,74284,52486,LD,Liberal Democrat,False,False,5430,4
North West,Chester South and Eddisbury,E14001164,74284,52486,Green,Green Party,False,False,2278,5
North West,Chester South and Eddisbury,E14001164,74284,52486,Ind,,False,True,1611,6
South East,Chichester,E14001166,78374,51947,LD,Liberal Democrat,False,False,25540,1
South East,Chichester,E14001166,78374,51947,Con,Conservative,False,False,13368,2
South East,Chichester,E14001166,78374,51947,RUK,Reform UK,False,False,7859,3
South East,Chichester,E14001166,78374,51947,Lab,Labour,False,False,3175,4
South East,Chichester,E14001166,78374,51947,Green,Green Party,False,False,1815,5
South East,Chichester,E14001166,78374,51947,Ind,,False,True,190,6
London,Chingford and Woodford Green,E14001167,74010,48512,Con,Conservative,False,False,17281,1
London,Chingford and Woodford Green,E14001167,74010,48512,Lab,Labour,False,False,12524,2
London,Chingford and Woodford Green,E14001167,74010,48512,Ind,,False,True,12445,3
London,Chingford and Woodford Green,E14001167,74010,48512,RUK,Reform UK,False,False,3653,4
London,Chingford and Woodford Green,E14001167,74010,48512,Green,Green Party,False,False,1334,5
London,Chingford and Woodford Green,E14001167,74010,48512,LD,Liberal Democrat,False,False,1275,6
South West,Chippenham,E14001168,74107,49512,LD,Liberal Democrat,False,False,22552,1
South West,Chippenham,E14001168,74107,49512,Con,Conservative,False,False,14414,2
South West,Chippenham,E14001168,74107,49512,RUK,Reform UK,False,False,6127,3
South West,Chippenham,E14001168,74107,49512,Lab,Labour,False,False,3925,4
South West,Chippenham,E14001168,74107,49512,Green,Green Party,False,False,1954,5
South West,Chippenham,E14001168,74107,49512,Ind,,False,True,540,6
London,Chipping Barnet,E14001169,78038,50859,Lab,Labour,False,False,21585,1
London,Chipping Barnet,E14001169,78038,50859,Con,Conservative,False,False,18671,2
London,Chipping Barnet,E14001169,78038,50859,RUK,Reform UK,False,False,3986,3
London,Chipping Barnet,E14001169,78038,50859,Green,Green Party,False,False,3442,4
London,Chipping Barnet,E14001169,78038,50859,LD,Liberal Democrat,False,False,2614,5
London,Chipping Barnet,E14001169,78038,50859,REU,Rejoin EU,False,False,379,6
London,Chipping Barnet,E14001169,78038,50859,Ind,,False,True,182,7
North West,Chorley,E14001170,74801,33964,Ind,,True,False,25238,1
North West,Chorley,E14001170,74801,33964,Green,Green Party,False,False,4663,2
North West,Chorley,E14001170,74801,33964,DFC,Democracy for Chorley,False,False,2424,3
North West,Chorley,E14001170,74801,33964,ECP,English Constitution Party,False,False,1007,4
North West,Chorley,E14001170,74801,33964,TUSC,Trade Unionist and Socialist Coalition,False,False,632,5
South West,Christchurch,E14001171,71060,47335,Con,Conservative,False,False,16941,1
South West,Christchurch,E14001171,71060,47335,LD,Liberal Democrat,False,False,9486,2
South West,Christchurch,E14001171,71060,47335,RUK,Reform UK,False,False,8961,3
South West,Christchurch,E14001171,71060,47335,Lab,Labour,False,False,7762,4
South West,Christchurch,E14001171,71060,47335,Green,Green Party,False,False,1900,5
South West,Christchurch,E14001171,71060,47335,Ind,,False,True,1728,6
South West,Christchurch,E14001171,71060,47335,ANWP,Animal Welfare Party,False,False,335,7
South West,Christchurch,E14001171,71060,47335,UKIP,UK Independence Party,False,False,163,8
South West,Christchurch,E14001171,71060,47335,SDP,Social Democratic Party,False,False,59,9
London,Cities of London and Westminster,E14001172,73369,39215,Lab,Labour,False,False,15302,1
London,Cities of London and Westminster,E14001172,73369,39215,Con,Conservative,False,False,12594,2
London,Cities of London and Westminster,E14001172,73369,39215,LD,Liberal Democrat,False,False,4335,3
London,Cities of London and Westminster,E14001172,73369,39215,Green,Green Party,False,False,2844,4
London,Cities of London and Westminster,E14001172,73369,39215,RUK,Reform UK,False,False,2752,5
London,Cities of London and Westminster,E14001172,73369,39215,WPB,Workers Party of Britain,False,False,727,6
London,Cities of London and Westminster,E14001172,73369,39215,REU,Rejoin EU,False,False,352,7
London,Cities of London and Westminster,E14001172,73369,39215,SDP,Social Democratic Party,False,False,110,8
London,Cities of London and Westminster,E14001172,73369,39215,Ind,,False,True,110,9
London,Cities of London and Westminster,E14001172,73369,39215,Ind,,False,True,55,10
London,Cities of London and Westminster,E14001172,73369,39215,Ind,,False,True,34,11
North East,City of Durham,E14001173,70583,40627,Lab,Labour,False,False,19131,1
North East,City of Durham,E14001173,70583,40627,RUK,Reform UK,False,False,7374,2
North East,City of Durham,E14001173,70583,40627,LD,Liberal Democrat,False,False,5920,3
North East,City of Durham,E14001173,70583,40627,Con,Conservative,False,False,5221,4
North East,City of Durham,E14001173,70583,40627,Green,Green Party,False,False,2803,5
North East,City of Durham,E14001173,70583,40627,SDP,Social Democratic Party,False,False,178,6
East of England,Clacton,E14001174,78245,45958,RUK,Reform UK,False,False,21225,1
East of England,Clacton,E14001174,78245,45958,Con,Conservative,False,False,12820,2
East of England,Clacton,E14001174,78245,45958,Lab,Labour,False,False,7448,3
East of England,Clacton,E14001174,78245,45958,LD,Liberal Democrat,False,False,2016,4
East of England,Clacton,E14001174,78245,45958,Green,Green Party,False,False,1935,5
East of England,Clacton,E14001174,78245,45958,Ind,,False,True,317,6
East of England,Clacton,E14001174,78245,45958,UKIP,UK Independence Party,False,False,116,7
East of England,Clacton,E14001174,78245,45958,Cli,Climate Party,False,False,48,8
East of England,Clacton,E14001174,78245,45958,HPUK,Heritage Party,False,False,33,9
London,Clapham and Brixton Hill,E14001175,74159,42741,Lab,Labour,False,False,24166,1
London,Clapham and Brixton Hill,E14001175,74159,42741,LD,Liberal Democrat,False,False,6161,2
London,Clapham and Brixton Hill,E14001175,74159,42741,Green,Green Party,False,False,5768,3
London,Clapham and Brixton Hill,E14001175,74159,42741,Con,Conservative,False,False,4360,4
London,Clapham and Brixton Hill,E14001175,74159,42741,RUK,Reform UK,False,False,1758,5
London,Clapham and Brixton Hill,E14001175,74159,42741,Ind,,False,True,406,6
London,Clapham and Brixton Hill,E14001175,74159,42741,SPGB,The Socialist Party of Great Britain,False,False,122,7
East of England,Colchester,E14001176,78662,44903,Lab,Labour,False,False,18804,1
East of England,Colchester,E14001176,78662,44903,Con,Conservative,False,False,10554,2
East of England,Colchester,E14001176,78662,44903,RUK,Reform UK,False,False,6664,3
East of England,Colchester,E14001176,78662,44903,LD,Liberal Democrat,False,False,6393,4
East of England,Colchester,E14001176,78662,44903,Green,Green Party,False,False,2414,5
East of England,Colchester,E14001176,78662,44903,Cli,Climate Party,False,False,74,6
Yorkshire and The Humber,Colne Valley,E14001177,72638,46221,Lab,Labour,False,False,18970,1
Yorkshire and The Humber,Colne Valley,E14001177,72638,46221,Con,Conservative,False,False,14007,2
Yorkshire and The Humber,Colne Valley,E14001177,72638,46221,RUK,Reform UK,False,False,7298,3
Yorkshire and The Humber,Colne Valley,E14001177,72638,46221,Green,Green Party,False,False,3480,4
Yorkshire and The Humber,Colne Valley,E14001177,72638,46221,LD,Liberal Democrat,False,False,2007,5
Yorkshire and The Humber,Colne Valley,E14001177,72638,46221,Yrks,The Yorkshire Party,False,False,459,6
North West,Congleton,E14001178,74243,50125,Lab,Labour,False,False,18875,1
North West,Congleton,E14001178,74243,50125,Con,Conservative,False,False,15488,2
North West,Congleton,E14001178,74243,50125,RUK,Reform UK,False,False,8245,3
North West,Congleton,E14001178,74243,50125,LD,Liberal Democrat,False,False,2785,4
North West,Congleton,E14001178,74243,50125,Ind,,False,True,2181,5
North West,Congleton,E14001178,74243,50125,Green,Green Party,False,False,2007,6
North West,Congleton,E14001178,74243,50125,WEP,Women's Equality Party,False,False,544,7
East Midlands,Corby and East Northamptonshire,E14001179,78770,49589,Lab,Labour,False,False,21020,1
East Midlands,Corby and East Northamptonshire,E14001179,78770,49589,Con,Conservative,False,False,14689,2
East Midlands,Corby and East Northamptonshire,E14001179,78770,49589,RUK,Reform UK,False,False,8760,3
East Midlands,Corby and East Northamptonshire,E14001179,78770,49589,Green,Green Party,False,False,2507,4
East Midlands,Corby and East Northamptonshire,E14001179,78770,49589,LD,Liberal Democrat,False,False,2191,5
East Midlands,Corby and East Northamptonshire,E14001179,78770,49589,Ind,,False,True,422,6
West Midlands,Coventry East,E14001180,75773,37014,Lab,Labour,False,False,18308,1
West Midlands,Coventry East,E14001180,75773,37014,RUK,Reform UK,False,False,6685,2
West Midlands,Coventry East,E14001180,75773,37014,Con,Conservative,False,False,6240,3
West Midlands,Coventry East,E14001180,75773,37014,Green,Green Party,False,False,2730,4
West Midlands,Coventry East,E14001180,75773,37014,LD,Liberal Democrat,False,False,1227,5
West Midlands,Coventry East,E14001180,75773,37014,WPB,Workers Party of Britain,False,False,1027,6
West Midlands,Coventry East,E14001180,75773,37014,TUSC,Trade Unionist and Socialist Coalition,False,False,797,7
West Midlands,Coventry North West,E14001181,75036,42030,Lab,Labour,False,False,19696,1
West Midlands,Coventry North West,E14001181,75036,42030,Con,Conservative,False,False,8522,2
West Midlands,Coventry North West,E14001181,75036,42030,RUK,Reform UK,False,False,7950,3
West Midlands,Coventry North West,E14001181,75036,42030,Green,Green Party,False,False,3420,4
West Midlands,Coventry North West,E14001181,75036,42030,LD,Liberal Democrat,False,False,1931,5
West Midlands,Coventry North West,E14001181,75036,42030,Ind,,False,True,511,6
West Midlands,Coventry South,E14001182,76232,42731,Lab,Labour,False,False,20361,1
West Midlands,Coventry South,E14001182,76232,42731,Con,Conservative,False,False,10160,2
West Midlands,Coventry South,E14001182,76232,42731,RUK,Reform UK,False,False,5711,3
West Midlands,Coventry South,E14001182,76232,42731,LD,Liberal Democrat,False,False,2531,4
West Midlands,Coventry South,E14001182,76232,42731,Green,Green Party,False,False,2363,5
West Midlands,Coventry South,E14001182,76232,42731,WPB,Workers Party of Britain,False,False,777,6
West Midlands,Coventry South,E14001182,76232,42731,SDP,Social Democratic Party,False,False,334,7
West Midlands,Coventry South,E14001182,76232,42731,Ind,,False,True,263,8
West Midlands,Coventry South,E14001182,76232,42731,Ind,,False,True,231,9
North East,Cramlington and Killingworth,E14001183,76228,45394,Lab,Labour,False,False,22274,1
North East,Cramlington and Killingworth,E14001183,76228,45394,RUK,Reform UK,False,False,9454,2
North East,Cramlington and Killingworth,E14001183,76228,45394,Con,Conservative,False,False,8592,3
North East,Cramlington and Killingworth,E14001183,76228,45394,Green,Green Party,False,False,2144,4
North East,Cramlington and Killingworth,E14001183,76228,45394,LD,Liberal Democrat,False,False,1898,5
North East,Cramlington and Killingworth,E14001183,76228,45394,Ind,,False,True,573,6
North East,Cramlington and Killingworth,E14001183,76228,45394,Ind,,False,True,322,7
North East,Cramlington and Killingworth,E14001183,76228,45394,SDP,Social Democratic Party,False,False,137,8
South East,Crawley,E14001184,75569,45642,Lab,Labour,False,False,17453,1
South East,Crawley,E14001184,75569,45642,Con,Conservative,False,False,12218,2
South East,Crawley,E14001184,75569,45642,RUK,Reform UK,False,False,8447,3
South East,Crawley,E14001184,75569,45642,Green,Green Party,False,False,2621,4
South East,Crawley,E14001184,75569,45642,WPB,Workers Party of Britain,False,False,2407,5
South East,Crawley,E14001184,75569,45642,LD,Liberal Democrat,False,False,2205,6
South East,Crawley,E14001184,75569,45642,TUSC,Trade Unionist and Socialist Coalition,False,False,153,7
South East,Crawley,E14001184,75569,45642,HPUK,Heritage Party,False,False,138,8
North West,Crewe and Nantwich,E14001185,78423,47197,Lab,Labour,False,False,20837,1
North West,Crewe and Nantwich,E14001185,78423,47197,Con,Conservative,False,False,11110,2
North West,Crewe and Nantwich,E14001185,78423,47197,RUK,Reform UK,False,False,9602,3
North West,Crewe and Nantwich,E14001185,78423,47197,LD,Liberal Democrat,False,False,2286,4
North West,Crewe and Nantwich,E14001185,78423,47197,Green,Green Party,False,False,2151,5
North West,Crewe and Nantwich,E14001185,78423,47197,PCFIRG,"Putting Crewe First, Independent Residents Group",False,False,588,6
North West,Crewe and Nantwich,E14001185,78423,47197,WPB,Workers Party of Britain,False,False,373,7
North West,Crewe and Nantwich,E14001185,78423,47197,MRLP,Official Monster Raving Loony Party,False,False,250,8
London,Croydon East,E14001186,76595,43779,Lab,Labour,False,False,18541,1
London,Croydon East,E14001186,76595,43779,Con,Conservative,False,False,11716,2
London,Croydon East,E14001186,76595,43779,RUK,Reform UK,False,False,5862,3
London,Croydon East,E14001186,76595,43779,Green,Green Party,False,False,4097,4
London,Croydon East,E14001186,76595,43779,LD,Liberal Democrat,False,False,3563,5
London,Croydon South,E14001187,74889,49378,Con,Conservative,False,False,19757,1
London,Croydon South,E14001187,74889,49378,Lab,Labour,False,False,17444,2
London,Croydon South,E14001187,74889,49378,LD,Liberal Democrat,False,False,4384,3
London,Croydon South,E14001187,74889,49378,RUK,Reform UK,False,False,4149,4
London,Croydon South,E14001187,74889,49378,Green,Green Party,False,False,2859,5
London,Croydon South,E14001187,74889,49378,WPB,Workers Party of Britain,False,False,612,6
London,Croydon South,E14001187,74889,49378,Ind,,False,True,173,7
London,Croydon West,E14001188,77891,38122,Lab,Labour,False,False,20612,1
London,Croydon West,E14001188,77891,38122,Con,Conservative,False,False,6386,2
London,Croydon West,E14001188,77891,38122,Green,Green Party,False,False,3851,3
London,Croydon West,E14001188,77891,38122,LD,Liberal Democrat,False,False,3667,4
London,Croydon West,E14001188,77891,38122,RUK,Reform UK,False,False,2148,5
London,Croydon West,E14001188,77891,38122,WPB,Workers Party of Britain,False,False,708,6
London,Croydon West,E14001188,77891,38122,TI,Taking The Initiative Party,False,False,503,7
London,Croydon West,E14001188,77891,38122,TUSC,Trade Unionist and Socialist Coalition,False,False,247,8
London,Dagenham and Rainham,E14001189,76475,38867,Lab,Labour,False,False,16571,1
London,Dagenham and Rainham,E14001189,76475,38867,RUK,Reform UK,False,False,9398,2
London,Dagenham and Rainham,E14001189,76475,38867,Con,Conservative,False,False,6926,3
London,Dagenham and Rainham,E14001189,76475,38867,Green,Green Party,False,False,4184,4
London,Dagenham and Rainham,E14001189,76475,38867,LD,Liberal Democrat,False,False,1033,5
London,Dagenham and Rainham,E14001189,76475,38867,Ind,,False,True,755,6
North East,Darlington,E14001190,70672,42378,Lab,Labour,False,False,16621,1
North East,Darlington,E14001190,70672,42378,Con,Conservative,False,False,14323,2
North East,Darlington,E14001190,70672,42378,RUK,Reform UK,False,False,6852,3
North East,Darlington,E14001190,70672,42378,Green,Green Party,False,False,2847,4
North East,Darlington,E14001190,70672,42378,LD,Liberal Democrat,False,False,1735,5
South East,Dartford,E14001191,75426,44488,Lab,Labour,False,False,15392,1
South East,Dartford,E14001191,75426,44488,Con,Conservative,False,False,14200,2
South East,Dartford,E14001191,75426,44488,RUK,Reform UK,False,False,9523,3
South East,Dartford,E14001191,75426,44488,Green,Green Party,False,False,3189,4
South East,Dartford,E14001191,75426,44488,LD,Liberal Democrat,False,False,2184,5
East Midlands,Daventry,E14001192,80879,53082,Con,Conservative,False,False,17872,1
East Midlands,Daventry,E14001192,80879,53082,Lab,Labour,False,False,14860,2
East Midlands,Daventry,E14001192,80879,53082,RUK,Reform UK,False,False,10636,3
East Midlands,Daventry,E14001192,80879,53082,LD,Liberal Democrat,False,False,6755,4
East Midlands,Daventry,E14001192,80879,53082,Green,Green Party,False,False,2959,5
East Midlands,Derby North,E14001193,71879,40919,Lab,Labour,False,False,18619,1
East Midlands,Derby North,E14001193,71879,40919,Con,Conservative,False,False,9704,2
East Midlands,Derby North,E14001193,71879,40919,RUK,Reform UK,False,False,7488,3
East Midlands,Derby North,E14001193,71879,40919,Green,Green Party,False,False,3286,4
East Midlands,Derby North,E14001193,71879,40919,LD,Liberal Democrat,False,False,1822,5
East Midlands,Derbyshire Dales,E14001195,73324,51272,Lab,Labour,False,False,17759,1
East Midlands,Derbyshire Dales,E14001195,73324,51272,Con,Conservative,False,False,17409,2
East Midlands,Derbyshire Dales,E14001195,73324,51272,RUK,Reform UK,False,False,7728,3
East Midlands,Derbyshire Dales,E14001195,73324,51272,LD,Liberal Democrat,False,False,4860,4
East Midlands,Derbyshire Dales,E14001195,73324,51272,Green,Green Party,False,False,2830,5
East Midlands,Derbyshire Dales,E14001195,73324,51272,Ind,,False,True,369,6
East Midlands,Derbyshire Dales,E14001195,73324,51272,TFB,True & Fair Party,False,False,317,7
East Midlands,Derby South,E14001194,72944,37399,Lab,Labour,False,False,14503,1
East Midlands,Derby South,E14001194,72944,37399,RUK,Reform UK,False,False,8501,2
East Midlands,Derby South,E14001194,72944,37399,WPB,Workers Party of Britain,False,False,5205,3
East Midlands,Derby South,E14001194,72944,37399,Con,Conservative,False,False,5192,4
East Midlands,Derby South,E14001194,72944,37399,Green,Green Party,False,False,1899,5
East Midlands,Derby South,E14001194,72944,37399,LD,Liberal Democrat,False,False,1807,6
East Midlands,Derby South,E14001194,72944,37399,Ind,,False,True,292,7
Yorkshire and The Humber,Dewsbury and Batley,E14001196,71685,38070,Ind,,False,True,15641,1
Yorkshire and The Humber,Dewsbury and Batley,E14001196,71685,38070,Lab,Labour,False,False,8707,2
Yorkshire and The Humber,Dewsbury and Batley,E14001196,71685,38070,RUK,Reform UK,False,False,6152,3
Yorkshire and The Humber,Dewsbury and Batley,E14001196,71685,38070,Con,Conservative,False,False,4182,4
Yorkshire and The Humber,Dewsbury and Batley,E14001196,71685,38070,Green,Green Party,False,False,2048,5
Yorkshire and The Humber,Dewsbury and Batley,E14001196,71685,38070,LD,Liberal Democrat,False,False,1340,6
South East,Didcot and Wantage,E14001197,80689,54733,LD,Liberal Democrat,False,False,21793,1
South East,Didcot and Wantage,E14001197,80689,54733,Con,Conservative,False,False,15560,2
South East,Didcot and Wantage,E14001197,80689,54733,Lab,Labour,False,False,8045,3
South East,Didcot and Wantage,E14001197,80689,54733,RUK,Reform UK,False,False,6400,4
South East,Didcot and Wantage,E14001197,80689,54733,Green,Green Party,False,False,2693,5
South East,Didcot and Wantage,E14001197,80689,54733,SDP,Social Democratic Party,False,False,242,6
Yorkshire and The Humber,Doncaster Central,E14001198,74678,37944,Lab,Labour,False,False,17515,1
Yorkshire and The Humber,Doncaster Central,E14001198,74678,37944,Con,Conservative,False,False,7964,2
Yorkshire and The Humber,Doncaster Central,E14001198,74678,37944,RUK,Reform UK,False,False,7886,3
Yorkshire and The Humber,Doncaster Central,E14001198,74678,37944,Green,Green Party,False,False,1880,4
Yorkshire and The Humber,Doncaster Central,E14001198,74678,37944,LD,Liberal Democrat,False,False,1199,5
Yorkshire and The Humber,Doncaster Central,E14001198,74678,37944,WPB,Workers Party of Britain,False,False,758,6
Yorkshire and The Humber,Doncaster Central,E14001198,74678,37944,Yrks,The Yorkshire Party,False,False,742,7
Yorkshire and The Humber,Doncaster East and the Isle of Axholme,E14001199,70154,39132,Lab,Labour,False,False,15122,1
Yorkshire and The Humber,Doncaster East and the Isle of Axholme,E14001199,70154,39132,Con,Conservative,False,False,12811,2
Yorkshire and The Humber,Doncaster East and the Isle of Axholme,E14001199,70154,39132,RUK,Reform UK,False,False,8487,3
Yorkshire and The Humber,Doncaster East and the Isle of Axholme,E14001199,70154,39132,Green,Green Party,False,False,1400,4
Yorkshire and The Humber,Doncaster East and the Isle of Axholme,E14001199,70154,39132,LD,Liberal Democrat,False,False,1166,5
Yorkshire and The Humber,Doncaster East and the Isle of Axholme,E14001199,70154,39132,Cli,Climate Party,False,False,146,6
Yorkshire and The Humber,Doncaster North,E14001200,69759,31002,Lab,Labour,False,False,16231,1
Yorkshire and The Humber,Doncaster North,E14001200,69759,31002,Con,Conservative,False,False,7105,2
Yorkshire and The Humber,Doncaster North,E14001200,69759,31002,SDP,Social Democratic Party,False,False,1960,3
Yorkshire and The Humber,Doncaster North,E14001200,69759,31002,Green,Green Party,False,False,1778,4
Yorkshire and The Humber,Doncaster North,E14001200,69759,31002,BDP,British Democratic Party,False,False,1160,5
Yorkshire and The Humber,Doncaster North,E14001200,69759,31002,Yrks,The Yorkshire Party,False,False,1059,6
Yorkshire and The Humber,Doncaster North,E14001200,69759,31002,LD,Liberal Democrat,False,False,1045,7
Yorkshire and The Humber,Doncaster North,E14001200,69759,31002,POW,Party of Women,False,False,452,8
Yorkshire and The Humber,Doncaster North,E14001200,69759,31002,TUSC,Trade Unionist and Socialist Coalition,False,False,212,9
South East,Dorking and Horley,E14001201,71645,49965,LD,Liberal Democrat,False,False,20921,1
South East,Dorking and Horley,E14001201,71645,49965,Con,Conservative,False,False,15530,2
South East,Dorking and Horley,E14001201,71645,49965,RUK,Reform UK,False,False,6898,3
South East,Dorking and Horley,E14001201,71645,49965,Lab,Labour,False,False,4053,4
South East,Dorking and Horley,E14001201,71645,49965,Green,Green Party,False,False,2563,5
South East,Dover and Deal,E14001202,76406,47775,Lab,Labour,False,False,18940,1
South East,Dover and Deal,E14001202,76406,47775,RUK,Reform UK,False,False,11355,2
South East,Dover and Deal,E14001202,76406,47775,Con,Conservative,False,False,10370,3
South East,Dover and Deal,E14001202,76406,47775,Green,Green Party,False,False,3106,4
South East,Dover and Deal,E14001202,76406,47775,LD,Liberal Democrat,False,False,2595,5
South East,Dover and Deal,E14001202,76406,47775,Ind,,False,True,485,6
South East,Dover and Deal,E14001202,76406,47775,Ind,,False,True,369,7
South East,Dover and Deal,E14001202,76406,47775,ED,English Democrats,False,False,185,8
South East,Dover and Deal,E14001202,76406,47775,HPUK,Heritage Party,False,False,168,9
South East,Dover and Deal,E14001202,76406,47775,Ind,,False,True,104,10
South East,Dover and Deal,E14001202,76406,47775,WPB,Workers Party of Britain,False,False,98,11
West Midlands,Droitwich and Evesham,E14001203,76624,49609,Con,Conservative,False,False,19975,1
West Midlands,Droitwich and Evesham,E14001203,76624,49609,Lab,Labour,False,False,10980,2
West Midlands,Droitwich and Evesham,E14001203,76624,49609,RUK,Reform UK,False,False,9456,3
West Midlands,Droitwich and Evesham,E14001203,76624,49609,LD,Liberal Democrat,False,False,5131,4
West Midlands,Droitwich and Evesham,E14001203,76624,49609,Green,Green Party,False,False,3828,5
West Midlands,Droitwich and Evesham,E14001203,76624,49609,SDP,Social Democratic Party,False,False,239,6
West Midlands,Dudley,E14001204,70151,35796,Lab,Labour,False,False,12215,1
West Midlands,Dudley,E14001204,70151,35796,Con,Conservative,False,False,10315,2
West Midlands,Dudley,E14001204,70151,35796,RUK,Reform UK,False,False,9442,3
West Midlands,Dudley,E14001204,70151,35796,Green,Green Party,False,False,1154,4
West Midlands,Dudley,E14001204,70151,35796,LD,Liberal Democrat,False,False,1056,5
West Midlands,Dudley,E14001204,70151,35796,Ind,,False,True,857,6
West Midlands,Dudley,E14001204,70151,35796,WPB,Workers Party of Britain,False,False,621,7
West Midlands,Dudley,E14001204,70151,35796,Ind,,False,True,136,8
London,Dulwich and West Norwood,E14001205,74259,45378,Lab,Labour,False,False,27356,1
London,Dulwich and West Norwood,E14001205,74259,45378,Green,Green Party,False,False,8567,2
London,Dulwich and West Norwood,E14001205,74259,45378,Con,Conservative,False,False,3873,3
London,Dulwich and West Norwood,E14001205,74259,45378,LD,Liberal Democrat,False,False,3485,4
London,Dulwich and West Norwood,E14001205,74259,45378,RUK,Reform UK,False,False,1801,5
London,Dulwich and West Norwood,E14001205,74259,45378,Ind,,False,True,296,6
East of England,Dunstable and Leighton Buzzard,E14001206,76742,46045,Lab,Labour,False,False,14976,1
East of England,Dunstable and Leighton Buzzard,E14001206,76742,46045,Con,Conservative,False,False,14309,2
East of England,Dunstable and Leighton Buzzard,E14001206,76742,46045,RUK,Reform UK,False,False,8071,3
East of England,Dunstable and Leighton Buzzard,E14001206,76742,46045,LD,Liberal Democrat,False,False,6497,4
East of England,Dunstable and Leighton Buzzard,E14001206,76742,46045,Green,Green Party,False,False,2115,5
East of England,Dunstable and Leighton Buzzard,E14001206,76742,46045,ED,English Democrats,False,False,77,6
London,Ealing Central and Acton,E14001207,78436,47769,Lab,Labour,False,False,22340,1
London,Ealing Central and Acton,E14001207,78436,47769,Con,Conservative,False,False,8345,2
London,Ealing Central and Acton,E14001207,78436,47769,LD,Liberal Democrat,False,False,6056,3
London,Ealing Central and Acton,E14001207,78436,47769,Green,Green Party,False,False,5444,4
London,Ealing Central and Acton,E14001207,78436,47769,RUK,Reform UK,False,False,3105,5
London,Ealing Central and Acton,E14001207,78436,47769,WPB,Workers Party of Britain,False,False,1766,6
London,Ealing Central and Acton,E14001207,78436,47769,SDP,Social Democratic Party,False,False,410,7
London,Ealing Central and Acton,E14001207,78436,47769,Ind,,False,True,303,8
London,Ealing North,E14001208,74820,43232,Lab,Labour,False,False,20663,1
London,Ealing North,E14001208,74820,43232,Con,Conservative,False,False,8144,2
London,Ealing North,E14001208,74820,43232,Green,Green Party,False,False,4056,3
London,Ealing North,E14001208,74820,43232,RUK,Reform UK,False,False,3948,4
London,Ealing North,E14001208,74820,43232,WPB,Workers Party of Britain,False,False,3139,5
London,Ealing North,E14001208,74820,43232,LD,Liberal Democrat,False,False,2543,6
London,Ealing North,E14001208,74820,43232,Ind,,False,True,499,7
London,Ealing North,E14001208,74820,43232,SDP,Social Democratic Party,False,False,240,8
London,Ealing Southall,E14001209,78669,46816,Lab,Labour,False,False,23000,1
London,Ealing Southall,E14001209,78669,46816,Con,Conservative,False,False,7207,2
London,Ealing Southall,E14001209,78669,46816,Green,Green Party,False,False,4356,3
London,Ealing Southall,E14001209,78669,46816,WPB,Workers Party of Britain,False,False,4237,4
London,Ealing Southall,E14001209,78669,46816,LD,Liberal Democrat,False,False,2832,5
London,Ealing Southall,E14001209,78669,46816,RUK,Reform UK,False,False,2585,6
London,Ealing Southall,E14001209,78669,46816,Ind,,False,True,740,7
London,Ealing Southall,E14001209,78669,46816,Ind,,False,True,557,8
London,Ealing Southall,E14001209,78669,46816,REU,Rejoin EU,False,False,475,9
London,Ealing Southall,E14001209,78669,46816,Ind,,False,True,319,10
London,Ealing Southall,E14001209,78669,46816,Ind,,False,True,295,11
London,Ealing Southall,E14001209,78669,46816,Ind,,False,True,213,12
South East,Earley and Woodley,E14001210,73548,45914,Lab,Labour,False,False,18209,1
South East,Earley and Woodley,E14001210,73548,45914,Con,Conservative,False,False,17361,2
South East,Earley and Woodley,E14001210,73548,45914,LD,Liberal Democrat,False,False,6142,3
South East,Earley and Woodley,E14001210,73548,45914,Green,Green Party,False,False,3418,4
South East,Earley and Woodley,E14001210,73548,45914,SDP,Social Democratic Party,False,False,784,5
North East,Easington,E14001211,69395,34324,Lab,Labour,False,False,16774,1
North East,Easington,E14001211,69395,34324,RUK,Reform UK,False,False,10232,2
North East,Easington,E14001211,69395,34324,Con,Conservative,False,False,3753,3
North East,Easington,E14001211,69395,34324,NEP,The North East Party,False,False,1581,4
North East,Easington,E14001211,69395,34324,Green,Green Party,False,False,1173,5
North East,Easington,E14001211,69395,34324,LD,Liberal Democrat,False,False,811,6
South East,Eastbourne,E14001219,72590,45605,LD,Liberal Democrat,False,False,23742,1
South East,Eastbourne,E14001219,72590,45605,Con,Conservative,False,False,11538,2
South East,Eastbourne,E14001219,72590,45605,RUK,Reform UK,False,False,6061,3
South East,Eastbourne,E14001219,72590,45605,Lab,Labour,False,False,2689,4
South East,Eastbourne,E14001219,72590,45605,Green,Green Party,False,False,1421,5
South East,Eastbourne,E14001219,72590,45605,UKIP,UK Independence Party,False,False,154,6
South East,East Grinstead and Uckfield,E14001212,75385,50393,Con,Conservative,False,False,19319,1
South East,East Grinstead and Uckfield,E14001212,75385,50393,LD,Liberal Democrat,False,False,10839,2
South East,East Grinstead and Uckfield,E14001212,75385,50393,Lab,Labour,False,False,10440,3
South East,East Grinstead and Uckfield,E14001212,75385,50393,Green,Green Party,False,False,5277,4
South East,East Grinstead and Uckfield,E14001212,75385,50393,Ind,,False,True,2482,5
South East,East Grinstead and Uckfield,E14001212,75385,50393,ED,English Democrats,False,False,2036,6
London,East Ham,E14001213,79219,37892,Lab,Labour,False,False,19570,1
London,East Ham,E14001213,79219,37892,Ind,,False,True,6707,2
London,East Ham,E14001213,79219,37892,Green,Green Party,False,False,4226,3
London,East Ham,E14001213,79219,37892,Con,Conservative,False,False,3876,4
London,East Ham,E14001213,79219,37892,RUK,Reform UK,False,False,1340,5
London,East Ham,E14001213,79219,37892,LD,Liberal Democrat,False,False,1210,6
London,East Ham,E14001213,79219,37892,Ind,,False,True,578,7
London,East Ham,E14001213,79219,37892,Ind,,False,True,385,8
South East,East Hampshire,E14001214,70659,50006,Con,Conservative,False,False,18509,1
South East,East Hampshire,E14001214,70659,50006,LD,Liberal Democrat,False,False,17234,2
South East,East Hampshire,E14001214,70659,50006,RUK,Reform UK,False,False,6476,3
South East,East Hampshire,E14001214,70659,50006,Lab,Labour,False,False,4867,4
South East,East Hampshire,E14001214,70659,50006,Green,Green Party,False,False,2404,5
South East,East Hampshire,E14001214,70659,50006,HI,Hampshire Independents,False,False,364,6
South East,East Hampshire,E14001214,70659,50006,SDP,Social Democratic Party,False,False,152,7
South East,Eastleigh,E14001220,69965,46420,LD,Liberal Democrat,False,False,15970,1
South East,Eastleigh,E14001220,69965,46420,Con,Conservative,False,False,14424,2
South East,Eastleigh,E14001220,69965,46420,Lab,Labour,False,False,7005,3
South East,Eastleigh,E14001220,69965,46420,RUK,Reform UK,False,False,6151,4
South East,Eastleigh,E14001220,69965,46420,Green,Green Party,False,False,2403,5
South East,Eastleigh,E14001220,69965,46420,Ind,,False,True,467,6
South East,East Surrey,E14001215,73307,49196,Con,Conservative,False,False,17502,1
South East,East Surrey,E14001215,73307,49196,Lab,Labour,False,False,10052,2
South East,East Surrey,E14001215,73307,49196,LD,Liberal Democrat,False,False,8833,3
South East,East Surrey,E14001215,73307,49196,RUK,Reform UK,False,False,8380,4
South East,East Surrey,E14001215,73307,49196,Green,Green Party,False,False,2957,5
South East,East Surrey,E14001215,73307,49196,Ind,,False,True,1145,6
South East,East Surrey,E14001215,73307,49196,MRLP,Official Monster Raving Loony Party,False,False,327,7
South East,East Thanet,E14001216,74927,42713,Lab,Labour,False,False,17054,1
South East,East Thanet,E14001216,74927,42713,Con,Conservative,False,False,10083,2
South East,East Thanet,E14001216,74927,42713,RUK,Reform UK,False,False,8591,3
South East,East Thanet,E14001216,74927,42713,Green,Green Party,False,False,4590,4
South East,East Thanet,E14001216,74927,42713,LD,Liberal Democrat,False,False,1365,5
South East,East Thanet,E14001216,74927,42713,Ind,,False,True,563,6
South East,East Thanet,E14001216,74927,42713,Ind,,False,True,369,7
South East,East Thanet,E14001216,74927,42713,Ind,,False,True,98,8
South West,East Wiltshire,E14001217,74139,47193,Con,Conservative,False,False,16849,1
South West,East Wiltshire,E14001217,74139,47193,Lab,Labour,False,False,12133,2
South West,East Wiltshire,E14001217,74139,47193,LD,Liberal Democrat,False,False,8204,3
South West,East Wiltshire,E14001217,74139,47193,RUK,Reform UK,False,False,7885,4
South West,East Wiltshire,E14001217,74139,47193,Green,Green Party,False,False,1844,5
South West,East Wiltshire,E14001217,74139,47193,TFB,True & Fair Party,False,False,278,6
South East,East Worthing and Shoreham,E14001218,74738,49078,Lab,Labour,False,False,22120,1
South East,East Worthing and Shoreham,E14001218,74738,49078,Con,Conservative,False,False,12601,2
South East,East Worthing and Shoreham,E14001218,74738,49078,RUK,Reform UK,False,False,7169,3
South East,East Worthing and Shoreham,E14001218,74738,49078,Green,Green Party,False,False,3246,4
South East,East Worthing and Shoreham,E14001218,74738,49078,LD,Liberal Democrat,False,False,3180,5
South East,East Worthing and Shoreham,E14001218,74738,49078,Ind,,False,True,320,6
South East,East Worthing and Shoreham,E14001218,74738,49078,Ind,,False,True,273,7
South East,East Worthing and Shoreham,E14001218,74738,49078,Ind,,False,True,169,8
London,Edmonton and Winchmore Hill,E14001221,75792,41045,Lab,Labour,False,False,20520,1
London,Edmonton and Winchmore Hill,E14001221,75792,41045,Con,Conservative,False,False,7888,2
London,Edmonton and Winchmore Hill,E14001221,75792,41045,Green,Green Party,False,False,3681,3
London,Edmonton and Winchmore Hill,E14001221,75792,41045,RUK,Reform UK,False,False,3501,4
London,Edmonton and Winchmore Hill,E14001221,75792,41045,LD,Liberal Democrat,False,False,2721,5
London,Edmonton and Winchmore Hill,E14001221,75792,41045,Ind,,False,True,1700,6
London,Edmonton and Winchmore Hill,E14001221,75792,41045,WPB,Workers Party of Britain,False,False,668,7
London,Edmonton and Winchmore Hill,E14001221,75792,41045,CPA,Christian Peoples Alliance,False,False,366,8
North West,Ellesmere Port and Bromborough,E14001222,70799,41964,Lab,Labour,False,False,24186,1
North West,Ellesmere Port and Bromborough,E14001222,70799,41964,RUK,Reform UK,False,False,7278,2
North West,Ellesmere Port and Bromborough,E14001222,70799,41964,Con,Conservative,False,False,5210,3
North West,Ellesmere Port and Bromborough,E14001222,70799,41964,Green,Green Party,False,False,2706,4
North West,Ellesmere Port and Bromborough,E14001222,70799,41964,LD,Liberal Democrat,False,False,2328,5
North West,Ellesmere Port and Bromborough,E14001222,70799,41964,Ind,,False,True,256,6
London,Eltham and Chislehurst,E14001223,73979,45566,Lab,Labour,False,False,20069,1
London,Eltham and Chislehurst,E14001223,73979,45566,Con,Conservative,False,False,11640,2
London,Eltham and Chislehurst,E14001223,73979,45566,RUK,Reform UK,False,False,7428,3
London,Eltham and Chislehurst,E14001223,73979,45566,Green,Green Party,False,False,3079,4
London,Eltham and Chislehurst,E14001223,73979,45566,LD,Liberal Democrat,False,False,2423,5
London,Eltham and Chislehurst,E14001223,73979,45566,WPB,Workers Party of Britain,False,False,356,6
London,Eltham and Chislehurst,E14001223,73979,45566,Ind,,False,True,307,7
London,Eltham and Chislehurst,E14001223,73979,45566,Ind,,False,True,173,8
London,Eltham and Chislehurst,E14001223,73979,45566,Ind,,False,True,91,9
East of England,Ely and East Cambridgeshire,E14001224,79112,52369,LD,Liberal Democrat,False,False,17127,1
East of England,Ely and East Cambridgeshire,E14001224,79112,52369,Con,Conservative,False,False,16632,2
East of England,Ely and East Cambridgeshire,E14001224,79112,52369,Lab,Labour,False,False,9160,3
East of England,Ely and East Cambridgeshire,E14001224,79112,52369,RUK,Reform UK,False,False,6443,4
East of England,Ely and East Cambridgeshire,E14001224,79112,52369,Green,Green Party,False,False,2359,5
East of England,Ely and East Cambridgeshire,E14001224,79112,52369,MRLP,Official Monster Raving Loony Party,False,False,271,6
East of England,Ely and East Cambridgeshire,E14001224,79112,52369,SDP,Social Democratic Party,False,False,172,7
East of England,Ely and East Cambridgeshire,E14001224,79112,52369,Ind,,False,True,103,8
East of England,Ely and East Cambridgeshire,E14001224,79112,52369,Ind,,False,True,102,9
London,Enfield North,E14001225,78770,43492,Lab,Labour,False,False,21368,1
London,Enfield North,E14001225,78770,43492,Con,Conservative,False,False,8632,2
London,Enfield North,E14001225,78770,43492,RUK,Reform UK,False,False,5146,3
London,Enfield North,E14001225,78770,43492,Green,Green Party,False,False,3713,4
London,Enfield North,E14001225,78770,43492,LD,Liberal Democrat,False,False,2517,5
London,Enfield North,E14001225,78770,43492,Ind,,False,True,1448,6
London,Enfield North,E14001225,78770,43492,WPB,Workers Party of Britain,False,False,668,7
East of England,Epping Forest,E14001226,72229,41753,Con,Conservative,False,False,18038,1
East of England,Epping Forest,E14001226,72229,41753,Lab,Labour,False,False,12356,2
East of England,Epping Forest,E14001226,72229,41753,LD,Liberal Democrat,False,False,5268,3
East of England,Epping Forest,E14001226,72229,41753,Ind,,False,True,3037,4
East of England,Epping Forest,E14001226,72229,41753,Green,Green Party,False,False,2486,5
East of England,Epping Forest,E14001226,72229,41753,SG,Shared Ground,False,False,568,6
South East,Epsom and Ewell,E14001227,76513,54525,LD,Liberal Democrat,False,False,20674,1
South East,Epsom and Ewell,E14001227,76513,54525,Con,Conservative,False,False,16988,2
South East,Epsom and Ewell,E14001227,76513,54525,Lab,Labour,False,False,8325,3
South East,Epsom and Ewell,E14001227,76513,54525,RUK,Reform UK,False,False,5795,4
South East,Epsom and Ewell,E14001227,76513,54525,Green,Green Party,False,False,1745,5
South East,Epsom and Ewell,E14001227,76513,54525,TFB,True & Fair Party,False,False,845,6
South East,Epsom and Ewell,E14001227,76513,54525,SDP,Social Democratic Party,False,False,153,7
East Midlands,Erewash,E14001228,71501,43006,Lab,Labour,False,False,17224,1
East Midlands,Erewash,E14001228,71501,43006,Con,Conservative,False,False,11365,2
East Midlands,Erewash,E14001228,71501,43006,RUK,Reform UK,False,False,9162,3
East Midlands,Erewash,E14001228,71501,43006,Green,Green Party,False,False,2478,4
East Midlands,Erewash,E14001228,71501,43006,LD,Liberal Democrat,False,False,2426,5
East Midlands,Erewash,E14001228,71501,43006,Ind,,False,True,351,6
London,Erith and Thamesmead,E14001229,78740,40379,Lab,Labour,False,False,22246,1
London,Erith and Thamesmead,E14001229,78740,40379,RUK,Reform UK,False,False,5944,2
London,Erith and Thamesmead,E14001229,78740,40379,Con,Conservative,False,False,5564,3
London,Erith and Thamesmead,E14001229,78740,40379,Green,Green Party,False,False,3482,4
London,Erith and Thamesmead,E14001229,78740,40379,LD,Liberal Democrat,False,False,1872,5
London,Erith and Thamesmead,E14001229,78740,40379,WPB,Workers Party of Britain,False,False,1071,6
London,Erith and Thamesmead,E14001229,78740,40379,Ind,,False,True,200,7
South East,Esher and Walton,E14001230,74042,53880,LD,Liberal Democrat,False,False,28315,1
South East,Esher and Walton,E14001230,74042,53880,Con,Conservative,False,False,16312,2
South East,Esher and Walton,E14001230,74042,53880,RUK,Reform UK,False,False,4777,3
South East,Esher and Walton,E14001230,74042,53880,Lab,Labour,False,False,2846,4
South East,Esher and Walton,E14001230,74042,53880,Green,Green Party,False,False,1396,5
South East,Esher and Walton,E14001230,74042,53880,SDP,Social Democratic Party,False,False,234,6
South West,Exeter,E14001231,67840,40195,Lab,Labour,False,False,18225,1
South West,Exeter,E14001231,67840,40195,Con,Conservative,False,False,6288,2
South West,Exeter,E14001231,67840,40195,Green,Green Party,False,False,5907,3
South West,Exeter,E14001231,67840,40195,RUK,Reform UK,False,False,4914,4
South West,Exeter,E14001231,67840,40195,LD,Liberal Democrat,False,False,4201,5
South West,Exeter,E14001231,67840,40195,Ind,,False,True,466,6
South West,Exeter,E14001231,67840,40195,Ind,,False,True,194,7
South West,Exmouth and Exeter East,E14001232,79983,51316,Con,Conservative,False,False,14728,1
South West,Exmouth and Exeter East,E14001232,79983,51316,Lab,Labour,False,False,14607,2
South West,Exmouth and Exeter East,E14001232,79983,51316,LD,Liberal Democrat,False,False,11387,3
South West,Exmouth and Exeter East,E14001232,79983,51316,RUK,Reform UK,False,False,7085,4
South West,Exmouth and Exeter East,E14001232,79983,51316,Green,Green Party,False,False,2331,5
South West,Exmouth and Exeter East,E14001232,79983,51316,Ind,,False,True,590,6
South West,Exmouth and Exeter East,E14001232,79983,51316,Ind,,False,True,454,7
South West,Exmouth and Exeter East,E14001232,79983,51316,Cli,Climate Party,False,False,134,8
South East,Fareham and Waterlooville,E14001233,76947,50123,Con,Conservative,False,False,17561,1
South East,Fareham and Waterlooville,E14001233,76947,50123,Lab,Labour,False,False,11482,2
South East,Fareham and Waterlooville,E14001233,76947,50123,LD,Liberal Democrat,False,False,9533,3
South East,Fareham and Waterlooville,E14001233,76947,50123,RUK,Reform UK,False,False,9084,4
South East,Fareham and Waterlooville,E14001233,76947,50123,Green,Green Party,False,False,2036,5
South East,Fareham and Waterlooville,E14001233,76947,50123,HI,Hampshire Independents,False,False,217,6
South East,Fareham and Waterlooville,E14001233,76947,50123,REU,Rejoin EU,False,False,210,7
South East,Farnham and Bordon,E14001234,75920,53015,Con,Conservative,False,False,18951,1
South East,Farnham and Bordon,E14001234,75920,53015,LD,Liberal Democrat,False,False,17602,2
South East,Farnham and Bordon,E14001234,75920,53015,Lab,Labour,False,False,7328,3
South East,Farnham and Bordon,E14001234,75920,53015,RUK,Reform UK,False,False,6217,4
South East,Farnham and Bordon,E14001234,75920,53015,Green,Green Party,False,False,2496,5
South East,Farnham and Bordon,E14001234,75920,53015,HI,Hampshire Independents,False,False,421,6
South East,Faversham and Mid Kent,E14001235,74301,46594,Con,Conservative,False,False,14816,1
South East,Faversham and Mid Kent,E14001235,74301,46594,Lab,Labour,False,False,13347,2
South East,Faversham and Mid Kent,E14001235,74301,46594,RUK,Reform UK,False,False,9884,3
South East,Faversham and Mid Kent,E14001235,74301,46594,Green,Green Party,False,False,4218,4
South East,Faversham and Mid Kent,E14001235,74301,46594,LD,Liberal Democrat,False,False,4158,5
South East,Faversham and Mid Kent,E14001235,74301,46594,BDP,British Democratic Party,False,False,171,6
London,Feltham and Heston,E14001236,76982,38887,Lab,Labour,False,False,16139,1
London,Feltham and Heston,E14001236,76982,38887,Con,Conservative,False,False,8195,2
London,Feltham and Heston,E14001236,76982,38887,RUK,Reform UK,False,False,5130,3
London,Feltham and Heston,E14001236,76982,38887,Green,Green Party,False,False,2543,4
London,Feltham and Heston,E14001236,76982,38887,WPB,Workers Party of Britain,False,False,2201,5
London,Feltham and Heston,E14001236,76982,38887,LD,Liberal Democrat,False,False,1821,6
London,Feltham and Heston,E14001236,76982,38887,Ind,,False,True,1658,7
London,Feltham and Heston,E14001236,76982,38887,Ind,,False,True,454,8
London,Feltham and Heston,E14001236,76982,38887,Ind,,False,True,373,9
London,Feltham and Heston,E14001236,76982,38887,Ind,,False,True,373,10
South West,Filton and Bradley Stoke,E14001237,77582,50367,Lab,Labour,False,False,22905,1
South West,Filton and Bradley Stoke,E14001237,77582,50367,Con,Conservative,False,False,12905,2
South West,Filton and Bradley Stoke,E14001237,77582,50367,RUK,Reform UK,False,False,6819,3
South West,Filton and Bradley Stoke,E14001237,77582,50367,Green,Green Party,False,False,4142,4
South West,Filton and Bradley Stoke,E14001237,77582,50367,LD,Liberal Democrat,False,False,3596,5
London,Finchley and Golders Green,E14001238,77500,49289,Lab,Labour,False,False,21857,1
London,Finchley and Golders Green,E14001238,77500,49289,Con,Conservative,False,False,17276,2
London,Finchley and Golders Green,E14001238,77500,49289,LD,Liberal Democrat,False,False,3375,3
London,Finchley and Golders Green,E14001238,77500,49289,Green,Green Party,False,False,3107,4
London,Finchley and Golders Green,E14001238,77500,49289,RUK,Reform UK,False,False,2598,5
London,Finchley and Golders Green,E14001238,77500,49289,REU,Rejoin EU,False,False,486,6
London,Finchley and Golders Green,E14001238,77500,49289,POW,Party of Women,False,False,318,7
London,Finchley and Golders Green,E14001238,77500,49289,Ind,,False,True,272,8
South East,Folkestone and Hythe,E14001239,70056,43246,Lab,Labour,False,False,15020,1
South East,Folkestone and Hythe,E14001239,70056,43246,Con,Conservative,False,False,11291,2
South East,Folkestone and Hythe,E14001239,70056,43246,RUK,Reform UK,False,False,10685,3
South East,Folkestone and Hythe,E14001239,70056,43246,Green,Green Party,False,False,3954,4
South East,Folkestone and Hythe,E14001239,70056,43246,LD,Liberal Democrat,False,False,1736,5
South East,Folkestone and Hythe,E14001239,70056,43246,TUSC,Trade Unionist and Socialist Coalition,False,False,249,6
South East,Folkestone and Hythe,E14001239,70056,43246,FVP,Fairer Voting Party,False,False,240,7
South East,Folkestone and Hythe,E14001239,70056,43246,SPGB,The Socialist Party of Great Britain,False,False,71,8
South West,Forest of Dean,E14001240,72857,48091,Lab,Labour,False,False,16373,1
South West,Forest of Dean,E14001240,72857,48091,Con,Conservative,False,False,16095,2
South West,Forest of Dean,E14001240,72857,48091,RUK,Reform UK,False,False,8194,3
South West,Forest of Dean,E14001240,72857,48091,Green,Green Party,False,False,4735,4
South West,Forest of Dean,E14001240,72857,48091,LD,Liberal Democrat,False,False,2604,5
South West,Forest of Dean,E14001240,72857,48091,SL,Socialist Labour Party,False,False,90,6
South West,Frome and East Somerset,E14001241,71593,46716,LD,Liberal Democrat,False,False,16580,1
South West,Frome and East Somerset,E14001241,71593,46716,Con,Conservative,False,False,11165,2
South West,Frome and East Somerset,E14001241,71593,46716,RUK,Reform UK,False,False,6441,3
South West,Frome and East Somerset,E14001241,71593,46716,Lab,Labour,False,False,6416,4
South West,Frome and East Somerset,E14001241,71593,46716,Green,Green Party,False,False,5083,5
South West,Frome and East Somerset,E14001241,71593,46716,Ind,,False,True,737,6
South West,Frome and East Somerset,E14001241,71593,46716,Ind,,False,True,294,7
North West,Fylde,E14001242,77100,47960,Con,Conservative,False,False,15917,1
North West,Fylde,E14001242,77100,47960,Lab,Labour,False,False,15356,2
North West,Fylde,E14001242,77100,47960,RUK,Reform UK,False,False,8295,3
North West,Fylde,E14001242,77100,47960,Ind,,False,True,4513,4
North West,Fylde,E14001242,77100,47960,LD,Liberal Democrat,False,False,2120,5
North West,Fylde,E14001242,77100,47960,Green,Green Party,False,False,1560,6
North West,Fylde,E14001242,77100,47960,ADF,Alliance for Democracy and Freedom,False,False,199,7
East Midlands,Gainsborough,E14001243,75836,46685,Con,Conservative,False,False,16636,1
East Midlands,Gainsborough,E14001243,75836,46685,Lab,Labour,False,False,13104,2
East Midlands,Gainsborough,E14001243,75836,46685,RUK,Reform UK,False,False,9916,3
East Midlands,Gainsborough,E14001243,75836,46685,LD,Liberal Democrat,False,False,5001,4
East Midlands,Gainsborough,E14001243,75836,46685,Green,Green Party,False,False,1832,5
East Midlands,Gainsborough,E14001243,75836,46685,SDP,Social Democratic Party,False,False,196,6
North East,Gateshead Central and Whickham,E14001244,69827,40217,Lab,Labour,False,False,18245,1
North East,Gateshead Central and Whickham,E14001244,69827,40217,RUK,Reform UK,False,False,8601,2
North East,Gateshead Central and Whickham,E14001244,69827,40217,LD,Liberal Democrat,False,False,4987,3
North East,Gateshead Central and Whickham,E14001244,69827,40217,Con,Conservative,False,False,4628,4
North East,Gateshead Central and Whickham,E14001244,69827,40217,Green,Green Party,False,False,3217,5
North East,Gateshead Central and Whickham,E14001244,69827,40217,TUSC,Trade Unionist and Socialist Coalition,False,False,369,6
North East,Gateshead Central and Whickham,E14001244,69827,40217,SUN,Save Us Now,False,False,170,7
East Midlands,Gedling,E14001245,77006,48722,Lab,Labour,False,False,23278,1
East Midlands,Gedling,E14001245,77006,48722,Con,Conservative,False,False,11397,2
East Midlands,Gedling,E14001245,77006,48722,RUK,Reform UK,False,False,8211,3
East Midlands,Gedling,E14001245,77006,48722,Green,Green Party,False,False,3122,4
East Midlands,Gedling,E14001245,77006,48722,LD,Liberal Democrat,False,False,2473,5
East Midlands,Gedling,E14001245,77006,48722,Ind,,False,True,241,6
South East,Gillingham and Rainham,E14001246,73523,41140,Lab,Labour,False,False,15562,1
South East,Gillingham and Rainham,E14001246,73523,41140,Con,Conservative,False,False,11590,2
South East,Gillingham and Rainham,E14001246,73523,41140,RUK,Reform UK,False,False,8792,3
South East,Gillingham and Rainham,E14001246,73523,41140,Green,Green Party,False,False,2318,4
South East,Gillingham and Rainham,E14001246,73523,41140,LD,Liberal Democrat,False,False,2248,5
South East,Gillingham and Rainham,E14001246,73523,41140,Ind,,False,True,344,6
South East,Gillingham and Rainham,E14001246,73523,41140,CPA,Christian Peoples Alliance,False,False,175,7
South East,Gillingham and Rainham,E14001246,73523,41140,SDP,Social Democratic Party,False,False,111,8
South West,Glastonbury and Somerton,E14001247,73268,47642,LD,Liberal Democrat,False,False,20364,1
South West,Glastonbury and Somerton,E14001247,73268,47642,Con,Conservative,False,False,13753,2
South West,Glastonbury and Somerton,E14001247,73268,47642,RUK,Reform UK,False,False,7678,3
South West,Glastonbury and Somerton,E14001247,73268,47642,Lab,Labour,False,False,3111,4
South West,Glastonbury and Somerton,E14001247,73268,47642,Green,Green Party,False,False,2736,5
South West,Gloucester,E14001248,79475,45692,Lab,Labour,False,False,16472,1
South West,Gloucester,E14001248,79475,45692,Con,Conservative,False,False,13041,2
South West,Gloucester,E14001248,79475,45692,RUK,Reform UK,False,False,7307,3
South West,Gloucester,E14001248,79475,45692,LD,Liberal Democrat,False,False,4759,4
South West,Gloucester,E14001248,79475,45692,Green,Green Party,False,False,2307,5
South West,Gloucester,E14001248,79475,45692,WPB,Workers Party of Britain,False,False,974,6
South West,Gloucester,E14001248,79475,45692,SL,Socialist Labour Party,False,False,496,7
South West,Gloucester,E14001248,79475,45692,Ind,,False,True,336,8
South East,Godalming and Ash,E14001249,75816,54696,Con,Conservative,False,False,23293,1
South East,Godalming and Ash,E14001249,75816,54696,LD,Liberal Democrat,False,False,22402,2
South East,Godalming and Ash,E14001249,75816,54696,RUK,Reform UK,False,False,4815,3
South East,Godalming and Ash,E14001249,75816,54696,Lab,Labour,False,False,2748,4
South East,Godalming and Ash,E14001249,75816,54696,Green,Green Party,False,False,1243,5
South East,Godalming and Ash,E14001249,75816,54696,WEP,Women's Equality Party,False,False,195,6
Yorkshire and The Humber,Goole and Pocklington,E14001250,79925,49742,Con,Conservative,False,False,18981,1
Yorkshire and The Humber,Goole and Pocklington,E14001250,79925,49742,Lab,Labour,False,False,15409,2
Yorkshire and The Humber,Goole and Pocklington,E14001250,79925,49742,RUK,Reform UK,False,False,9054,3
Yorkshire and The Humber,Goole and Pocklington,E14001250,79925,49742,LD,Liberal Democrat,False,False,3380,4
Yorkshire and The Humber,Goole and Pocklington,E14001250,79925,49742,Green,Green Party,False,False,2451,5
Yorkshire and The Humber,Goole and Pocklington,E14001250,79925,49742,Ind,,False,True,467,6
North West,Gorton and Denton,E14001251,76524,36560,Lab,Labour,False,False,18555,1
North West,Gorton and Denton,E14001251,76524,36560,RUK,Reform UK,False,False,5142,2
North West,Gorton and Denton,E14001251,76524,36560,Green,Green Party,False,False,4810,3
North West,Gorton and Denton,E14001251,76524,36560,WPB,Workers Party of Britain,False,False,3766,4
North West,Gorton and Denton,E14001251,76524,36560,Con,Conservative,False,False,2888,5
North West,Gorton and Denton,E14001251,76524,36560,LD,Liberal Democrat,False,False,1399,6
South East,Gosport,E14001252,73261,44277,Con,Conservative,False,False,17830,1
South East,Gosport,E14001252,73261,44277,Lab,Labour,False,False,11776,2
South East,Gosport,E14001252,73261,44277,RUK,Reform UK,False,False,7983,3
South East,Gosport,E14001252,73261,44277,LD,Liberal Democrat,False,False,4039,4
South East,Gosport,E14001252,73261,44277,Green,Green Party,False,False,1948,5
South East,Gosport,E14001252,73261,44277,Ind,,False,True,334,6
South East,Gosport,E14001252,73261,44277,HPUK,Heritage Party,False,False,319,7
South East,Gosport,E14001252,73261,44277,HI,Hampshire Independents,False,False,48,8
East Midlands,Grantham and Bourne,E14001253,73285,46125,Con,Conservative,False,False,16770,1
East Midlands,Grantham and Bourne,E14001253,73285,46125,Lab,Labour,False,False,12274,2
East Midlands,Grantham and Bourne,E14001253,73285,46125,RUK,Reform UK,False,False,9393,3
East Midlands,Grantham and Bourne,E14001253,73285,46125,Green,Green Party,False,False,2570,4
East Midlands,Grantham and Bourne,E14001253,73285,46125,LD,Liberal Democrat,False,False,2027,5
East Midlands,Grantham and Bourne,E14001253,73285,46125,Ind,,False,True,1642,6
East Midlands,Grantham and Bourne,E14001253,73285,46125,LNIN,Lincolnshire Independents Lincolnshire First,False,False,1245,7
East Midlands,Grantham and Bourne,E14001253,73285,46125,SDP,Social Democratic Party,False,False,204,8
South East,Gravesham,E14001254,73094,43232,Lab,Labour,False,False,16623,1
South East,Gravesham,E14001254,73094,43232,Con,Conservative,False,False,13911,2
South East,Gravesham,E14001254,73094,43232,RUK,Reform UK,False,False,8910,3
South East,Gravesham,E14001254,73094,43232,Green,Green Party,False,False,2254,4
South East,Gravesham,E14001254,73094,43232,LD,Liberal Democrat,False,False,1534,5
Yorkshire and The Humber,Great Grimsby and Cleethorpes,E14001255,76157,36619,Lab,Labour,False,False,15336,1
Yorkshire and The Humber,Great Grimsby and Cleethorpes,E14001255,76157,36619,RUK,Reform UK,False,False,10533,2
Yorkshire and The Humber,Great Grimsby and Cleethorpes,E14001255,76157,36619,Con,Conservative,False,False,8269,3
Yorkshire and The Humber,Great Grimsby and Cleethorpes,E14001255,76157,36619,Green,Green Party,False,False,1115,4
Yorkshire and The Humber,Great Grimsby and Cleethorpes,E14001255,76157,36619,LD,Liberal Democrat,False,False,1036,5
Yorkshire and The Humber,Great Grimsby and Cleethorpes,E14001255,76157,36619,TUSC,Trade Unionist and Socialist Coalition,False,False,222,6
Yorkshire and The Humber,Great Grimsby and Cleethorpes,E14001255,76157,36619,SDP,Social Democratic Party,False,False,108,7
East of England,Great Yarmouth,E14001256,73317,40748,RUK,Reform UK,False,False,14385,1
East of England,Great Yarmouth,E14001256,73317,40748,Lab,Labour,False,False,12959,2
East of England,Great Yarmouth,E14001256,73317,40748,Con,Conservative,False,False,10034,3
East of England,Great Yarmouth,E14001256,73317,40748,Green,Green Party,False,False,1736,4
East of England,Great Yarmouth,E14001256,73317,40748,LD,Liberal Democrat,False,False,1102,5
East of England,Great Yarmouth,E14001256,73317,40748,Ind,,False,True,230,6
East of England,Great Yarmouth,E14001256,73317,40748,ED,English Democrats,False,False,171,7
East of England,Great Yarmouth,E14001256,73317,40748,Ind,,False,True,131,8
London,Greenwich and Woolwich,E14001257,73073,42719,Lab,Labour,False,False,23999,1
London,Greenwich and Woolwich,E14001257,73073,42719,Green,Green Party,False,False,5633,2
London,Greenwich and Woolwich,E14001257,73073,42719,Con,Conservative,False,False,4863,3
London,Greenwich and Woolwich,E14001257,73073,42719,LD,Liberal Democrat,False,False,3865,4
London,Greenwich and Woolwich,E14001257,73073,42719,RUK,Reform UK,False,False,3305,5
London,Greenwich and Woolwich,E14001257,73073,42719,WPB,Workers Party of Britain,False,False,570,6
London,Greenwich and Woolwich,E14001257,73073,42719,Ind,,False,True,311,7
London,Greenwich and Woolwich,E14001257,73073,42719,Cli,Climate Party,False,False,173,8
South East,Guildford,E14001258,70662,48294,LD,Liberal Democrat,False,False,22937,1
South East,Guildford,E14001258,70662,48294,Con,Conservative,False,False,14508,2
South East,Guildford,E14001258,70662,48294,RUK,Reform UK,False,False,4395,3
South East,Guildford,E14001258,70662,48294,Lab,Labour,False,False,3931,4
South East,Guildford,E14001258,70662,48294,Green,Green Party,False,False,2268,5
South East,Guildford,E14001258,70662,48294,PPNV,"The Peace Party - Non-violence, Justice, Environment",False,False,255,6
London,Hackney North and Stoke Newington,E14001259,77812,40959,Lab,Labour,False,False,24355,1
London,Hackney North and Stoke Newington,E14001259,77812,40959,Green,Green Party,False,False,9275,2
London,Hackney North and Stoke Newington,E14001259,77812,40959,Con,Conservative,False,False,3457,3
London,Hackney North and Stoke Newington,E14001259,77812,40959,LD,Liberal Democrat,False,False,1562,4
London,Hackney North and Stoke Newington,E14001259,77812,40959,RUK,Reform UK,False,False,1283,5
London,Hackney North and Stoke Newington,E14001259,77812,40959,Ind,,False,True,621,6
London,Hackney North and Stoke Newington,E14001259,77812,40959,MRLP,Official Monster Raving Loony Party,False,False,224,7
London,Hackney North and Stoke Newington,E14001259,77812,40959,Ind,,False,True,182,8
London,Hackney South and Shoreditch,E14001260,78277,41701,Lab,Labour,False,False,24724,1
London,Hackney South and Shoreditch,E14001260,78277,41701,Green,Green Party,False,False,9987,2
London,Hackney South and Shoreditch,E14001260,78277,41701,Con,Conservative,False,False,2076,3
London,Hackney South and Shoreditch,E14001260,78277,41701,LD,Liberal Democrat,False,False,1996,4
London,Hackney South and Shoreditch,E14001260,78277,41701,RUK,Reform UK,False,False,1601,5
London,Hackney South and Shoreditch,E14001260,78277,41701,WPB,Workers Party of Britain,False,False,1007,6
London,Hackney South and Shoreditch,E14001260,78277,41701,WRP,Workers Revolutionary Party,False,False,310,7
West Midlands,Halesowen,E14001261,68549,38578,Lab,Labour,False,False,15023,1
West Midlands,Halesowen,E14001261,68549,38578,Con,Conservative,False,False,10659,2
West Midlands,Halesowen,E14001261,68549,38578,RUK,Reform UK,False,False,8484,3
West Midlands,Halesowen,E14001261,68549,38578,LD,Liberal Democrat,False,False,2261,4
West Midlands,Halesowen,E14001261,68549,38578,Green,Green Party,False,False,2151,5
Yorkshire and The Humber,Halifax,E14001262,77516,40214,Lab,Labour,False,False,14135,1
Yorkshire and The Humber,Halifax,E14001262,77516,40214,Con,Conservative,False,False,7866,2
Yorkshire and The Humber,Halifax,E14001262,77516,40214,RUK,Reform UK,False,False,7811,3
Yorkshire and The Humber,Halifax,E14001262,77516,40214,Green,Green Party,False,False,4133,4
Yorkshire and The Humber,Halifax,E14001262,77516,40214,WPB,Workers Party of Britain,False,False,2543,5
Yorkshire and The Humber,Halifax,E14001262,77516,40214,LD,Liberal Democrat,False,False,2359,6
Yorkshire and The Humber,Halifax,E14001262,77516,40214,Ind,,False,True,1367,7
South East,Hamble Valley,E14001263,79478,54004,Con,Conservative,False,False,19671,1
South East,Hamble Valley,E14001263,79478,54004,LD,Liberal Democrat,False,False,14869,2
South East,Hamble Valley,E14001263,79478,54004,Lab,Labour,False,False,8753,3
South East,Hamble Valley,E14001263,79478,54004,RUK,Reform UK,False,False,8216,4
South East,Hamble Valley,E14001263,79478,54004,Green,Green Party,False,False,2310,5
South East,Hamble Valley,E14001263,79478,54004,HI,Hampshire Independents,False,False,185,6
London,Hammersmith and Chiswick,E14001264,75860,46021,Lab,Labour,False,False,24073,1
London,Hammersmith and Chiswick,E14001264,75860,46021,Con,Conservative,False,False,8783,2
London,Hammersmith and Chiswick,E14001264,75860,46021,Green,Green Party,False,False,4468,3
London,Hammersmith and Chiswick,E14001264,75860,46021,LD,Liberal Democrat,False,False,4292,4
London,Hammersmith and Chiswick,E14001264,75860,46021,RUK,Reform UK,False,False,2929,5
London,Hammersmith and Chiswick,E14001264,75860,46021,REU,Rejoin EU,False,False,821,6
London,Hammersmith and Chiswick,E14001264,75860,46021,WPB,Workers Party of Britain,False,False,439,7
London,Hammersmith and Chiswick,E14001264,75860,46021,WRP,Workers Revolutionary Party,False,False,216,8
London,Hampstead and Highgate,E14001265,80029,48550,Lab,Labour,False,False,23432,1
London,Hampstead and Highgate,E14001265,80029,48550,Con,Conservative,False,False,8462,2
London,Hampstead and Highgate,E14001265,80029,48550,Green,Green Party,False,False,6630,3
London,Hampstead and Highgate,E14001265,80029,48550,LD,Liberal Democrat,False,False,6181,4
London,Hampstead and Highgate,E14001265,80029,48550,RUK,Reform UK,False,False,2940,5
London,Hampstead and Highgate,E14001265,80029,48550,REU,Rejoin EU,False,False,532,6
London,Hampstead and Highgate,E14001265,80029,48550,Ind,,False,True,373,7
East Midlands,"Harborough, Oadby and Wigston",E14001266,77075,50386,Con,Conservative,False,False,18614,1
East Midlands,"Harborough, Oadby and Wigston",E14001266,77075,50386,Lab,Labour,False,False,16236,2
East Midlands,"Harborough, Oadby and Wigston",E14001266,77075,50386,RUK,Reform UK,False,False,6332,3
East Midlands,"Harborough, Oadby and Wigston",E14001266,77075,50386,LD,Liberal Democrat,False,False,4732,4
East Midlands,"Harborough, Oadby and Wigston",E14001266,77075,50386,Green,Green Party,False,False,4269,5
East Midlands,"Harborough, Oadby and Wigston",E14001266,77075,50386,SDP,Social Democratic Party,False,False,203,6
East of England,Harlow,E14001267,74683,43357,Lab,Labour,False,False,16313,1
East of England,Harlow,E14001267,74683,43357,Con,Conservative,False,False,13809,2
East of England,Harlow,E14001267,74683,43357,RUK,Reform UK,False,False,9461,3
East of England,Harlow,E14001267,74683,43357,Green,Green Party,False,False,2267,4
East of England,Harlow,E14001267,74683,43357,LD,Liberal Democrat,False,False,1350,5
East of England,Harlow,E14001267,74683,43357,UKIP,UK Independence Party,False,False,157,6
East of England,Harpenden and Berkhamsted,E14001268,72242,54336,LD,Liberal Democrat,False,False,27282,1
East of England,Harpenden and Berkhamsted,E14001268,72242,54336,Con,Conservative,False,False,16574,2
East of England,Harpenden and Berkhamsted,E14001268,72242,54336,RUK,Reform UK,False,False,4245,3
East of England,Harpenden and Berkhamsted,E14001268,72242,54336,Lab,Labour,False,False,4061,4
East of England,Harpenden and Berkhamsted,E14001268,72242,54336,Green,Green Party,False,False,1951,5
East of England,Harpenden and Berkhamsted,E14001268,72242,54336,SDP,Social Democratic Party,False,False,223,6
Yorkshire and The Humber,Harrogate and Knaresborough,E14001269,77955,52064,LD,Liberal Democrat,False,False,23976,1
Yorkshire and The Humber,Harrogate and Knaresborough,E14001269,77955,52064,Con,Conservative,False,False,15738,2
Yorkshire and The Humber,Harrogate and Knaresborough,E14001269,77955,52064,RUK,Reform UK,False,False,5679,3
Yorkshire and The Humber,Harrogate and Knaresborough,E14001269,77955,52064,Lab,Labour,False,False,4153,4
Yorkshire and The Humber,Harrogate and Knaresborough,E14001269,77955,52064,Green,Green Party,False,False,1762,5
Yorkshire and The Humber,Harrogate and Knaresborough,E14001269,77955,52064,Ind,,False,True,620,6
Yorkshire and The Humber,Harrogate and Knaresborough,E14001269,77955,52064,Ind,,False,True,136,7
London,Harrow East,E14001270,76513,47777,Con,Conservative,False,False,25466,1
London,Harrow East,E14001270,76513,47777,Lab,Labour,False,False,13786,2
London,Harrow East,E14001270,76513,47777,RUK,Reform UK,False,False,2188,3
London,Harrow East,E14001270,76513,47777,Ind,,False,True,2097,4
London,Harrow East,E14001270,76513,47777,Green,Green Party,False,False,2006,5
London,Harrow East,E14001270,76513,47777,LD,Liberal Democrat,False,False,1511,6
London,Harrow East,E14001270,76513,47777,WPB,Workers Party of Britain,False,False,723,7
London,Harrow West,E14001271,79902,45241,Lab,Labour,False,False,19833,1
London,Harrow West,E14001271,79902,45241,Con,Conservative,False,False,13191,2
London,Harrow West,E14001271,79902,45241,Ind,,False,True,4120,3
London,Harrow West,E14001271,79902,45241,RUK,Reform UK,False,False,2639,4
London,Harrow West,E14001271,79902,45241,Green,Green Party,False,False,2438,5
London,Harrow West,E14001271,79902,45241,LD,Liberal Democrat,False,False,2404,6
London,Harrow West,E14001271,79902,45241,Ind,,False,True,616,7
North East,Hartlepool,E14001272,71437,35511,Lab,Labour,False,False,16414,1
North East,Hartlepool,E14001272,71437,35511,RUK,Reform UK,False,False,8716,2
North East,Hartlepool,E14001272,71437,35511,Con,Conservative,False,False,7767,3
North East,Hartlepool,E14001272,71437,35511,Ind,,False,True,895,4
North East,Hartlepool,E14001272,71437,35511,Green,Green Party,False,False,834,5
North East,Hartlepool,E14001272,71437,35511,LD,Liberal Democrat,False,False,572,6
North East,Hartlepool,E14001272,71437,35511,WPB,Workers Party of Britain,False,False,248,7
North East,Hartlepool,E14001272,71437,35511,HPUK,Heritage Party,False,False,65,8
East of England,Harwich and North Essex,E14001273,76296,48043,Con,Conservative,False,False,16522,1
East of England,Harwich and North Essex,E14001273,76296,48043,Lab,Labour,False,False,15360,2
East of England,Harwich and North Essex,E14001273,76296,48043,RUK,Reform UK,False,False,9806,3
East of England,Harwich and North Essex,E14001273,76296,48043,LD,Liberal Democrat,False,False,3561,4
East of England,Harwich and North Essex,E14001273,76296,48043,Green,Green Party,False,False,2794,5
South East,Hastings and Rye,E14001274,75939,45990,Lab,Labour,False,False,19134,1
South East,Hastings and Rye,E14001274,75939,45990,Con,Conservative,False,False,10481,2
South East,Hastings and Rye,E14001274,75939,45990,RUK,Reform UK,False,False,7401,3
South East,Hastings and Rye,E14001274,75939,45990,Green,Green Party,False,False,5761,4
South East,Hastings and Rye,E14001274,75939,45990,LD,Liberal Democrat,False,False,2586,5
South East,Hastings and Rye,E14001274,75939,45990,WPB,Workers Party of Britain,False,False,362,6
South East,Hastings and Rye,E14001274,75939,45990,Comm,Communist Party of Britain,False,False,136,7
South East,Hastings and Rye,E14001274,75939,45990,Ind,,False,True,129,8
South East,Havant,E14001275,72323,42186,Con,Conservative,False,False,12986,1
South East,Havant,E14001275,72323,42186,Lab,Labour,False,False,12894,2
South East,Havant,E14001275,72323,42186,RUK,Reform UK,False,False,9959,3
South East,Havant,E14001275,72323,42186,LD,Liberal Democrat,False,False,3275,4
South East,Havant,E14001275,72323,42186,Green,Green Party,False,False,2861,5
South East,Havant,E14001275,72323,42186,WPB,Workers Party of Britain,False,False,211,6
London,Hayes and Harlington,E14001276,74405,38315,Lab,Labour,False,False,20405,1
London,Hayes and Harlington,E14001276,74405,38315,Con,Conservative,False,False,8374,2
London,Hayes and Harlington,E14001276,74405,38315,RUK,Reform UK,False,False,4114,3
London,Hayes and Harlington,E14001276,74405,38315,Green,Green Party,False,False,2131,4
London,Hayes and Harlington,E14001276,74405,38315,WPB,Workers Party of Britain,False,False,1975,5
London,Hayes and Harlington,E14001276,74405,38315,LD,Liberal Democrat,False,False,1316,6
North West,Hazel Grove,E14001277,72846,45998,LD,Liberal Democrat,False,False,17328,1
North West,Hazel Grove,E14001277,72846,45998,Lab,Labour,False,False,10828,2
North West,Hazel Grove,E14001277,72846,45998,Con,Conservative,False,False,9011,3
North West,Hazel Grove,E14001277,72846,45998,RUK,Reform UK,False,False,6955,4
North West,Hazel Grove,E14001277,72846,45998,Green,Green Party,False,False,1763,5
North West,Hazel Grove,E14001277,72846,45998,SDP,Social Democratic Party,False,False,113,6
East of England,Hemel Hempstead,E14001278,71035,44108,Lab,Labour,False,False,16844,1
East of England,Hemel Hempstead,E14001278,71035,44108,Con,Conservative,False,False,11987,2
East of England,Hemel Hempstead,E14001278,71035,44108,RUK,Reform UK,False,False,7689,3
East of England,Hemel Hempstead,E14001278,71035,44108,LD,Liberal Democrat,False,False,5096,4
East of England,Hemel Hempstead,E14001278,71035,44108,Green,Green Party,False,False,2492,5
London,Hendon,E14001279,74865,41256,Lab,Labour,False,False,15855,1
London,Hendon,E14001279,74865,41256,Con,Conservative,False,False,15840,2
London,Hendon,E14001279,74865,41256,RUK,Reform UK,False,False,3038,3
London,Hendon,E14001279,74865,41256,Green,Green Party,False,False,2667,4
London,Hendon,E14001279,74865,41256,LD,Liberal Democrat,False,False,1966,5
London,Hendon,E14001279,74865,41256,WPB,Workers Party of Britain,False,False,1518,6
London,Hendon,E14001279,74865,41256,REU,Rejoin EU,False,False,233,7
London,Hendon,E14001279,74865,41256,SDP,Social Democratic Party,False,False,139,8
South East,Henley and Thame,E14001280,73749,53157,LD,Liberal Democrat,False,False,23904,1
South East,Henley and Thame,E14001280,73749,53157,Con,Conservative,False,False,17637,2
South East,Henley and Thame,E14001280,73749,53157,RUK,Reform UK,False,False,5213,3
South East,Henley and Thame,E14001280,73749,53157,Lab,Labour,False,False,3574,4
South East,Henley and Thame,E14001280,73749,53157,Green,Green Party,False,False,2008,5
South East,Henley and Thame,E14001280,73749,53157,SDP,Social Democratic Party,False,False,515,6
South East,Henley and Thame,E14001280,73749,53157,Ind,,False,True,306,7
West Midlands,Hereford and South Herefordshire,E14001281,72203,45572,Con,Conservative,False,False,14871,1
West Midlands,Hereford and South Herefordshire,E14001281,72203,45572,Lab,Labour,False,False,13592,2
West Midlands,Hereford and South Herefordshire,E14001281,72203,45572,RUK,Reform UK,False,False,8395,3
West Midlands,Hereford and South Herefordshire,E14001281,72203,45572,LD,Liberal Democrat,False,False,5325,4
West Midlands,Hereford and South Herefordshire,E14001281,72203,45572,Green,Green Party,False,False,3175,5
West Midlands,Hereford and South Herefordshire,E14001281,72203,45572,Ind,,False,True,214,6
South East,Herne Bay and Sandwich,E14001282,77869,48827,Con,Conservative,False,False,17243,1
South East,Herne Bay and Sandwich,E14001282,77869,48827,Lab,Labour,False,False,14744,2
South East,Herne Bay and Sandwich,E14001282,77869,48827,RUK,Reform UK,False,False,10602,3
South East,Herne Bay and Sandwich,E14001282,77869,48827,Green,Green Party,False,False,3529,4
South East,Herne Bay and Sandwich,E14001282,77869,48827,LD,Liberal Democrat,False,False,2709,5
East of England,Hertford and Stortford,E14001283,78915,54009,Lab,Labour,False,False,20808,1
East of England,Hertford and Stortford,E14001283,78915,54009,Con,Conservative,False,False,16060,2
East of England,Hertford and Stortford,E14001283,78915,54009,RUK,Reform UK,False,False,8325,3
East of England,Hertford and Stortford,E14001283,78915,54009,Green,Green Party,False,False,4373,4
East of England,Hertford and Stortford,E14001283,78915,54009,LD,Liberal Democrat,False,False,4167,5
East of England,Hertford and Stortford,E14001283,78915,54009,ADF,Alliance for Democracy and Freedom,False,False,139,6
East of England,Hertford and Stortford,E14001283,78915,54009,HPUK,Heritage Party,False,False,137,7
East of England,Hertsmere,E14001284,73465,48007,Con,Conservative,False,False,21451,1
East of England,Hertsmere,E14001284,73465,48007,Lab,Labour,False,False,13459,2
East of England,Hertsmere,E14001284,73465,48007,RUK,Reform UK,False,False,6584,3
East of England,Hertsmere,E14001284,73465,48007,LD,Liberal Democrat,False,False,3710,4
East of England,Hertsmere,E14001284,73465,48007,Green,Green Party,False,False,2267,5
East of England,Hertsmere,E14001284,73465,48007,Ind,,False,True,536,6
North East,Hexham,E14001285,76431,51828,Lab,Labour,False,False,23988,1
North East,Hexham,E14001285,76431,51828,Con,Conservative,False,False,20275,2
North East,Hexham,E14001285,76431,51828,Green,Green Party,False,False,2467,3
North East,Hexham,E14001285,76431,51828,LD,Liberal Democrat,False,False,2376,4
North East,Hexham,E14001285,76431,51828,Ind,,False,True,1511,5
North East,Hexham,E14001285,76431,51828,SDP,Social Democratic Party,False,False,1211,6
North West,Heywood and Middleton North,E14001286,73328,37130,Lab,Labour,False,False,15069,1
North West,Heywood and Middleton North,E14001286,73328,37130,RUK,Reform UK,False,False,8987,2
North West,Heywood and Middleton North,E14001286,73328,37130,Con,Conservative,False,False,6423,3
North West,Heywood and Middleton North,E14001286,73328,37130,Ind,,False,True,4349,4
North West,Heywood and Middleton North,E14001286,73328,37130,LD,Liberal Democrat,False,False,2302,5
East Midlands,High Peak,E14001287,74385,49206,Lab,Labour,False,False,22533,1
East Midlands,High Peak,E14001287,74385,49206,Con,Conservative,False,False,14625,2
East Midlands,High Peak,E14001287,74385,49206,RUK,Reform UK,False,False,6959,3
East Midlands,High Peak,E14001287,74385,49206,Green,Green Party,False,False,3382,4
East Midlands,High Peak,E14001287,74385,49206,LD,Liberal Democrat,False,False,1707,5
East Midlands,Hinckley and Bosworth,E14001288,76438,47799,Con,Conservative,False,False,17032,1
East Midlands,Hinckley and Bosworth,E14001288,76438,47799,LD,Liberal Democrat,False,False,11624,2
East Midlands,Hinckley and Bosworth,E14001288,76438,47799,RUK,Reform UK,False,False,8817,3
East Midlands,Hinckley and Bosworth,E14001288,76438,47799,Lab,Labour,False,False,8601,4
East Midlands,Hinckley and Bosworth,E14001288,76438,47799,Green,Green Party,False,False,1514,5
East Midlands,Hinckley and Bosworth,E14001288,76438,47799,Ind,,False,True,211,6
East of England,Hitchin,E14001289,75877,52510,Lab,Labour,False,False,23067,1
East of England,Hitchin,E14001289,75877,52510,Con,Conservative,False,False,14958,2
East of England,Hitchin,E14001289,75877,52510,RUK,Reform UK,False,False,6760,3
East of England,Hitchin,E14001289,75877,52510,LD,Liberal Democrat,False,False,4913,4
East of England,Hitchin,E14001289,75877,52510,Green,Green Party,False,False,2631,5
East of England,Hitchin,E14001289,75877,52510,CPA,Christian Peoples Alliance,False,False,181,6
London,Holborn and St Pancras,E14001290,71300,38602,Lab,Labour,False,False,18884,1
London,Holborn and St Pancras,E14001290,71300,38602,Ind,,False,True,7312,2
London,Holborn and St Pancras,E14001290,71300,38602,Green,Green Party,False,False,4030,3
London,Holborn and St Pancras,E14001290,71300,38602,Con,Conservative,False,False,2776,4
London,Holborn and St Pancras,E14001290,71300,38602,RUK,Reform UK,False,False,2371,5
London,Holborn and St Pancras,E14001290,71300,38602,LD,Liberal Democrat,False,False,2236,6
London,Holborn and St Pancras,E14001290,71300,38602,Ind,,False,True,636,7
London,Holborn and St Pancras,E14001290,71300,38602,MRLP,Official Monster Raving Loony Party,False,False,162,8
London,Holborn and St Pancras,E14001290,71300,38602,UKIP,UK Independence Party,False,False,75,9
London,Holborn and St Pancras,E14001290,71300,38602,SEP,Socialist Equality Party,False,False,61,10
London,Holborn and St Pancras,E14001290,71300,38602,Ind,,False,True,40,11
London,Holborn and St Pancras,E14001290,71300,38602,Ind,,False,True,19,12
South West,Honiton and Sidmouth,E14001291,75537,50655,LD,Liberal Democrat,False,False,23007,1
South West,Honiton and Sidmouth,E14001291,75537,50655,Con,Conservative,False,False,16307,2
South West,Honiton and Sidmouth,E14001291,75537,50655,RUK,Reform UK,False,False,6289,3
South West,Honiton and Sidmouth,E14001291,75537,50655,Lab,Labour,False,False,2947,4
South West,Honiton and Sidmouth,E14001291,75537,50655,Green,Green Party,False,False,1394,5
South West,Honiton and Sidmouth,E14001291,75537,50655,Ind,,False,True,467,6
South West,Honiton and Sidmouth,E14001291,75537,50655,POW,Party of Women,False,False,244,7
London,Hornchurch and Upminster,E14001292,75438,46911,Con,Conservative,False,False,15260,1
London,Hornchurch and Upminster,E14001292,75438,46911,RUK,Reform UK,False,False,13317,2
London,Hornchurch and Upminster,E14001292,75438,46911,Lab,Labour,False,False,12939,3
London,Hornchurch and Upminster,E14001292,75438,46911,Green,Green Party,False,False,2620,4
London,Hornchurch and Upminster,E14001292,75438,46911,LD,Liberal Democrat,False,False,2381,5
London,Hornchurch and Upminster,E14001292,75438,46911,Ind,,False,True,394,6
London,Hornsey and Friern Barnet,E14001293,69885,48642,Lab,Labour,False,False,28535,1
London,Hornsey and Friern Barnet,E14001293,69885,48642,Green,Green Party,False,False,7060,2
London,Hornsey and Friern Barnet,E14001293,69885,48642,LD,Liberal Democrat,False,False,6099,3
London,Hornsey and Friern Barnet,E14001293,69885,48642,Con,Conservative,False,False,4011,4
London,Hornsey and Friern Barnet,E14001293,69885,48642,RUK,Reform UK,False,False,1989,5
London,Hornsey and Friern Barnet,E14001293,69885,48642,WPB,Workers Party of Britain,False,False,766,6
London,Hornsey and Friern Barnet,E14001293,69885,48642,CPA,Christian Peoples Alliance,False,False,182,7
South East,Horsham,E14001294,79150,55499,LD,Liberal Democrat,False,False,21632,1
South East,Horsham,E14001294,79150,55499,Con,Conservative,False,False,19115,2
South East,Horsham,E14001294,79150,55499,RUK,Reform UK,False,False,6116,3
South East,Horsham,E14001294,79150,55499,Lab,Labour,False,False,5979,4
South East,Horsham,E14001294,79150,55499,Green,Green Party,False,False,2137,5
South East,Horsham,E14001294,79150,55499,PPNV,"The Peace Party - Non-violence, Justice, Environment",False,False,276,6
South East,Horsham,E14001294,79150,55499,SDP,Social Democratic Party,False,False,244,7
North East,Houghton and Sunderland South,E14001295,78448,40032,Lab,Labour,False,False,18837,1
North East,Houghton and Sunderland South,E14001295,78448,40032,RUK,Reform UK,False,False,11668,2
North East,Houghton and Sunderland South,E14001295,78448,40032,Con,Conservative,False,False,5514,3
North East,Houghton and Sunderland South,E14001295,78448,40032,LD,Liberal Democrat,False,False,2290,4
North East,Houghton and Sunderland South,E14001295,78448,40032,Green,Green Party,False,False,1723,5
South East,Hove and Portslade,E14001296,74063,51909,Lab,Labour,False,False,27209,1
South East,Hove and Portslade,E14001296,74063,51909,Green,Green Party,False,False,7418,2
South East,Hove and Portslade,E14001296,74063,51909,Con,Conservative,False,False,6630,3
South East,Hove and Portslade,E14001296,74063,51909,RUK,Reform UK,False,False,4558,4
South East,Hove and Portslade,E14001296,74063,51909,Ind,,False,True,3048,5
South East,Hove and Portslade,E14001296,74063,51909,LD,Liberal Democrat,False,False,3046,6
Yorkshire and The Humber,Huddersfield,E14001297,77795,40165,Lab,Labour,False,False,15101,1
Yorkshire and The Humber,Huddersfield,E14001297,77795,40165,Green,Green Party,False,False,10568,2
Yorkshire and The Humber,Huddersfield,E14001297,77795,40165,Con,Conservative,False,False,6559,3
Yorkshire and The Humber,Huddersfield,E14001297,77795,40165,RUK,Reform UK,False,False,6196,4
Yorkshire and The Humber,Huddersfield,E14001297,77795,40165,LD,Liberal Democrat,False,False,1741,5
East of England,Huntingdon,E14001298,79074,52040,Con,Conservative,False,False,18257,1
East of England,Huntingdon,E14001298,79074,52040,Lab,Labour,False,False,16758,2
East of England,Huntingdon,E14001298,79074,52040,RUK,Reform UK,False,False,8039,3
East of England,Huntingdon,E14001298,79074,52040,LD,Liberal Democrat,False,False,4821,4
East of England,Huntingdon,E14001298,79074,52040,Green,Green Party,False,False,3042,5
East of England,Huntingdon,E14001298,79074,52040,Ind,,False,True,1123,6
North West,Hyndburn,E14001299,67147,36374,Lab,Labour,False,False,12186,1
North West,Hyndburn,E14001299,67147,36374,Con,Conservative,False,False,10499,2
North West,Hyndburn,E14001299,67147,36374,RUK,Reform UK,False,False,7541,3
North West,Hyndburn,E14001299,67147,36374,Green,Green Party,False,False,4938,4
North West,Hyndburn,E14001299,67147,36374,LD,Liberal Democrat,False,False,1210,5
London,Ilford North,E14001300,78657,46888,Lab,Labour,False,False,15647,1
London,Ilford North,E14001300,78657,46888,Ind,,False,True,15119,2
London,Ilford North,E14001300,78657,46888,Con,Conservative,False,False,9619,3
London,Ilford North,E14001300,78657,46888,RUK,Reform UK,False,False,3621,4
London,Ilford North,E14001300,78657,46888,Green,Green Party,False,False,1794,5
London,Ilford North,E14001300,78657,46888,LD,Liberal Democrat,False,False,1088,6
London,Ilford South,E14001301,80993,41170,Lab,Labour,False,False,16537,1
London,Ilford South,E14001301,80993,41170,Ind,,False,True,9643,2
London,Ilford South,E14001301,80993,41170,Con,Conservative,False,False,6142,3
London,Ilford South,E14001301,80993,41170,Green,Green Party,False,False,3437,4
London,Ilford South,E14001301,80993,41170,RUK,Reform UK,False,False,2329,5
London,Ilford South,E14001301,80993,41170,WPB,Workers Party of Britain,False,False,1366,6
London,Ilford South,E14001301,80993,41170,LD,Liberal Democrat,False,False,1340,7
London,Ilford South,E14001301,80993,41170,TUSC,Trade Unionist and Socialist Coalition,False,False,376,8
East of England,Ipswich,E14001302,75396,44071,Lab,Labour,False,False,19099,1
East of England,Ipswich,E14001302,75396,44071,Con,Conservative,False,False,11696,2
East of England,Ipswich,E14001302,75396,44071,RUK,Reform UK,False,False,7027,3
East of England,Ipswich,E14001302,75396,44071,Green,Green Party,False,False,3652,4
East of England,Ipswich,E14001302,75396,44071,LD,Liberal Democrat,False,False,2241,5
East of England,Ipswich,E14001302,75396,44071,Comm,Communist Party of Britain,False,False,205,6
East of England,Ipswich,E14001302,75396,44071,HPUK,Heritage Party,False,False,151,7
South East,Isle of Wight East,E14001303,55855,34078,Con,Conservative,False,False,10427,1
South East,Isle of Wight East,E14001303,55855,34078,RUK,Reform UK,False,False,7104,2
South East,Isle of Wight East,E14001303,55855,34078,Green,Green Party,False,False,6313,3
South East,Isle of Wight East,E14001303,55855,34078,Lab,Labour,False,False,6264,4
South East,Isle of Wight East,E14001303,55855,34078,LD,Liberal Democrat,False,False,3550,5
South East,Isle of Wight East,E14001303,55855,34078,Ind,,False,True,420,6
South East,Isle of Wight West,E14001304,55406,34290,Lab,Labour,False,False,13240,1
South East,Isle of Wight West,E14001304,55406,34290,Con,Conservative,False,False,10063,2
South East,Isle of Wight West,E14001304,55406,34290,RUK,Reform UK,False,False,5834,3
South East,Isle of Wight West,E14001304,55406,34290,LD,Liberal Democrat,False,False,2726,4
South East,Isle of Wight West,E14001304,55406,34290,Green,Green Party,False,False,2310,5
South East,Isle of Wight West,E14001304,55406,34290,ADF,Alliance for Democracy and Freedom,False,False,117,6
London,Islington North,E14001305,72852,49006,Ind,,False,True,24120,1
London,Islington North,E14001305,72852,49006,Lab,Labour,False,False,16873,2
London,Islington North,E14001305,72852,49006,Green,Green Party,False,False,2660,3
London,Islington North,E14001305,72852,49006,Con,Conservative,False,False,1950,4
London,Islington North,E14001305,72852,49006,RUK,Reform UK,False,False,1710,5
London,Islington North,E14001305,72852,49006,LD,Liberal Democrat,False,False,1661,6
London,Islington North,E14001305,72852,49006,Ind,,False,True,32,7
London,Islington South and Finsbury,E14001306,74122,42754,Lab,Labour,False,False,22946,1
London,Islington South and Finsbury,E14001306,74122,42754,Green,Green Party,False,False,7491,2
London,Islington South and Finsbury,E14001306,74122,42754,LD,Liberal Democrat,False,False,4045,3
London,Islington South and Finsbury,E14001306,74122,42754,Con,Conservative,False,False,3584,4
London,Islington South and Finsbury,E14001306,74122,42754,RUK,Reform UK,False,False,3388,5
London,Islington South and Finsbury,E14001306,74122,42754,Ind,,False,True,569,6
London,Islington South and Finsbury,E14001306,74122,42754,POW,Party of Women,False,False,354,7
London,Islington South and Finsbury,E14001306,74122,42754,TUSC,Trade Unionist and Socialist Coalition,False,False,215,8
London,Islington South and Finsbury,E14001306,74122,42754,SDP,Social Democratic Party,False,False,162,9
North East,Jarrow and Gateshead East,E14001307,70272,36728,Lab,Labour,False,False,18856,1
North East,Jarrow and Gateshead East,E14001307,70272,36728,RUK,Reform UK,False,False,9892,2
North East,Jarrow and Gateshead East,E14001307,70272,36728,Con,Conservative,False,False,3354,3
North East,Jarrow and Gateshead East,E14001307,70272,36728,Green,Green Party,False,False,2384,4
North East,Jarrow and Gateshead East,E14001307,70272,36728,LD,Liberal Democrat,False,False,1740,5
North East,Jarrow and Gateshead East,E14001307,70272,36728,ADF,Alliance for Democracy and Freedom,False,False,502,6
Yorkshire and The Humber,Keighley and Ilkley,E14001308,74367,46186,Con,Conservative,False,False,18589,1
Yorkshire and The Humber,Keighley and Ilkley,E14001308,74367,46186,Lab,Labour,False,False,16964,2
Yorkshire and The Humber,Keighley and Ilkley,E14001308,74367,46186,RUK,Reform UK,False,False,4782,3
Yorkshire and The Humber,Keighley and Ilkley,E14001308,74367,46186,Green,Green Party,False,False,2447,4
Yorkshire and The Humber,Keighley and Ilkley,E14001308,74367,46186,Ind,,False,True,2036,5
Yorkshire and The Humber,Keighley and Ilkley,E14001308,74367,46186,LD,Liberal Democrat,False,False,970,6
Yorkshire and The Humber,Keighley and Ilkley,E14001308,74367,46186,Yrks,The Yorkshire Party,False,False,398,7
West Midlands,Kenilworth and Southam,E14001309,74923,53320,Con,Conservative,False,False,19395,1
West Midlands,Kenilworth and Southam,E14001309,74923,53320,Lab,Labour,False,False,12821,2
West Midlands,Kenilworth and Southam,E14001309,74923,53320,LD,Liberal Democrat,False,False,10464,3
West Midlands,Kenilworth and Southam,E14001309,74923,53320,RUK,Reform UK,False,False,6920,4
West Midlands,Kenilworth and Southam,E14001309,74923,53320,Green,Green Party,False,False,3125,5
West Midlands,Kenilworth and Southam,E14001309,74923,53320,MRLP,Official Monster Raving Loony Party,False,False,442,6
West Midlands,Kenilworth and Southam,E14001309,74923,53320,UKIP,UK Independence Party,False,False,153,7
London,Kensington and Bayswater,E14001310,77306,41908,Lab,Labour,False,False,17025,1
London,Kensington and Bayswater,E14001310,77306,41908,Con,Conservative,False,False,14122,2
London,Kensington and Bayswater,E14001310,77306,41908,LD,Liberal Democrat,False,False,2910,3
London,Kensington and Bayswater,E14001310,77306,41908,Green,Green Party,False,False,2732,4
London,Kensington and Bayswater,E14001310,77306,41908,RUK,Reform UK,False,False,2514,5
London,Kensington and Bayswater,E14001310,77306,41908,Ind,,False,True,1824,6
London,Kensington and Bayswater,E14001310,77306,41908,REU,Rejoin EU,False,False,486,7
London,Kensington and Bayswater,E14001310,77306,41908,POW,Party of Women,False,False,116,8
London,Kensington and Bayswater,E14001310,77306,41908,CPA,Christian Peoples Alliance,False,False,114,9
London,Kensington and Bayswater,E14001310,77306,41908,Ind,,False,True,65,10
East Midlands,Kettering,E14001311,79360,50231,Lab,Labour,False,False,18009,1
East Midlands,Kettering,E14001311,79360,50231,Con,Conservative,False,False,14189,2
East Midlands,Kettering,E14001311,79360,50231,RUK,Reform UK,False,False,8468,3
East Midlands,Kettering,E14001311,79360,50231,Green,Green Party,False,False,7004,4
East Midlands,Kettering,E14001311,79360,50231,LD,Liberal Democrat,False,False,1357,5
East Midlands,Kettering,E14001311,79360,50231,Ind,,False,True,1057,6
East Midlands,Kettering,E14001311,79360,50231,SDP,Social Democratic Party,False,False,85,7
East Midlands,Kettering,E14001311,79360,50231,ADF,Alliance for Democracy and Freedom,False,False,62,8
London,Kingston and Surbiton,E14001312,77353,50664,LD,Liberal Democrat,False,False,25870,1
London,Kingston and Surbiton,E14001312,77353,50664,Con,Conservative,False,False,8635,2
London,Kingston and Surbiton,E14001312,77353,50664,Lab,Labour,False,False,6561,3
London,Kingston and Surbiton,E14001312,77353,50664,RUK,Reform UK,False,False,4787,4
London,Kingston and Surbiton,E14001312,77353,50664,Green,Green Party,False,False,3009,5
London,Kingston and Surbiton,E14001312,77353,50664,KIRG,Kingston Independent Residents Group,False,False,1177,6
London,Kingston and Surbiton,E14001312,77353,50664,WPB,Workers Party of Britain,False,False,395,7
London,Kingston and Surbiton,E14001312,77353,50664,MRLP,Official Monster Raving Loony Party,False,False,230,8
Yorkshire and The Humber,Kingston upon Hull East,E14001313,70650,29816,Lab,Labour,False,False,13047,1
Yorkshire and The Humber,Kingston upon Hull East,E14001313,70650,29816,RUK,Reform UK,False,False,9127,2
Yorkshire and The Humber,Kingston upon Hull East,E14001313,70650,29816,LD,Liberal Democrat,False,False,3252,3
Yorkshire and The Humber,Kingston upon Hull East,E14001313,70650,29816,Con,Conservative,False,False,2715,4
Yorkshire and The Humber,Kingston upon Hull East,E14001313,70650,29816,Green,Green Party,False,False,1675,5
Yorkshire and The Humber,Kingston upon Hull North and Cottingham,E14001314,75280,38228,Lab,Labour,False,False,18480,1
Yorkshire and The Humber,Kingston upon Hull North and Cottingham,E14001314,75280,38228,RUK,Reform UK,False,False,7801,2
Yorkshire and The Humber,Kingston upon Hull North and Cottingham,E14001314,75280,38228,Con,Conservative,False,False,4897,3
Yorkshire and The Humber,Kingston upon Hull North and Cottingham,E14001314,75280,38228,LD,Liberal Democrat,False,False,3246,4
Yorkshire and The Humber,Kingston upon Hull North and Cottingham,E14001314,75280,38228,Green,Green Party,False,False,2322,5
Yorkshire and The Humber,Kingston upon Hull North and Cottingham,E14001314,75280,38228,Ind,,False,True,720,6
Yorkshire and The Humber,Kingston upon Hull North and Cottingham,E14001314,75280,38228,Yrks,The Yorkshire Party,False,False,339,7
Yorkshire and The Humber,Kingston upon Hull North and Cottingham,E14001314,75280,38228,TUSC,Trade Unionist and Socialist Coalition,False,False,262,8
Yorkshire and The Humber,Kingston upon Hull North and Cottingham,E14001314,75280,38228,Ind,,False,True,161,9
Yorkshire and The Humber,Kingston upon Hull West and Haltemprice,E14001315,73252,38178,Lab,Labour,False,False,17875,1
Yorkshire and The Humber,Kingston upon Hull West and Haltemprice,E14001315,73252,38178,RUK,Reform UK,False,False,8896,2
Yorkshire and The Humber,Kingston upon Hull West and Haltemprice,E14001315,73252,38178,Con,Conservative,False,False,6924,3
Yorkshire and The Humber,Kingston upon Hull West and Haltemprice,E14001315,73252,38178,LD,Liberal Democrat,False,False,2625,4
Yorkshire and The Humber,Kingston upon Hull West and Haltemprice,E14001315,73252,38178,Green,Green Party,False,False,1748,5
Yorkshire and The Humber,Kingston upon Hull West and Haltemprice,E14001315,73252,38178,SDP,Social Democratic Party,False,False,110,6
West Midlands,Kingswinford and South Staffordshire,E14001316,71645,45180,Con,Conservative,False,False,18199,1
West Midlands,Kingswinford and South Staffordshire,E14001316,71645,45180,Lab,Labour,False,False,11896,2
West Midlands,Kingswinford and South Staffordshire,E14001316,71645,45180,RUK,Reform UK,False,False,9928,3
West Midlands,Kingswinford and South Staffordshire,E14001316,71645,45180,LD,Liberal Democrat,False,False,2080,4
West Midlands,Kingswinford and South Staffordshire,E14001316,71645,45180,Green,Green Party,False,False,2077,5
West Midlands,Kingswinford and South Staffordshire,E14001316,71645,45180,Ind,,False,True,1000,6
North West,Knowsley,E14001317,71964,36047,Lab,Labour,False,False,24243,1
North West,Knowsley,E14001317,71964,36047,RUK,Reform UK,False,False,5924,2
North West,Knowsley,E14001317,71964,36047,Green,Green Party,False,False,2772,3
North West,Knowsley,E14001317,71964,36047,Con,Conservative,False,False,1496,4
North West,Knowsley,E14001317,71964,36047,LD,Liberal Democrat,False,False,1232,5
North West,Knowsley,E14001317,71964,36047,WPB,Workers Party of Britain,False,False,245,6
North West,Knowsley,E14001317,71964,36047,SDP,Social Democratic Party,False,False,135,7
North West,Lancaster and Wyre,E14001318,74760,43008,Lab,Labour,False,False,19315,1
North West,Lancaster and Wyre,E14001318,74760,43008,Con,Conservative,False,False,10062,2
North West,Lancaster and Wyre,E14001318,74760,43008,RUK,Reform UK,False,False,6866,3
North West,Lancaster and Wyre,E14001318,74760,43008,Green,Green Party,False,False,5236,4
North West,Lancaster and Wyre,E14001318,74760,43008,LD,Liberal Democrat,False,False,1529,5
Yorkshire and The Humber,Leeds Central and Headingley,E14001319,70554,31595,Lab,Labour,False,False,15853,1
Yorkshire and The Humber,Leeds Central and Headingley,E14001319,70554,31595,Green,Green Party,False,False,7431,2
Yorkshire and The Humber,Leeds Central and Headingley,E14001319,70554,31595,LD,Liberal Democrat,False,False,2611,3
Yorkshire and The Humber,Leeds Central and Headingley,E14001319,70554,31595,RUK,Reform UK,False,False,2399,4
Yorkshire and The Humber,Leeds Central and Headingley,E14001319,70554,31595,Con,Conservative,False,False,2237,5
Yorkshire and The Humber,Leeds Central and Headingley,E14001319,70554,31595,WPB,Workers Party of Britain,False,False,691,6
Yorkshire and The Humber,Leeds Central and Headingley,E14001319,70554,31595,SDP,Social Democratic Party,False,False,187,7
Yorkshire and The Humber,Leeds Central and Headingley,E14001319,70554,31595,TUSC,Trade Unionist and Socialist Coalition,False,False,186,8
Yorkshire and The Humber,Leeds East,E14001320,76207,39388,Lab,Labour,False,False,18610,1
Yorkshire and The Humber,Leeds East,E14001320,76207,39388,RUK,Reform UK,False,False,7345,2
Yorkshire and The Humber,Leeds East,E14001320,76207,39388,Con,Conservative,False,False,6898,3
Yorkshire and The Humber,Leeds East,E14001320,76207,39388,Green,Green Party,False,False,3506,4
Yorkshire and The Humber,Leeds East,E14001320,76207,39388,LD,Liberal Democrat,False,False,1445,5
Yorkshire and The Humber,Leeds East,E14001320,76207,39388,Yrks,The Yorkshire Party,False,False,664,6
Yorkshire and The Humber,Leeds East,E14001320,76207,39388,SDP,Social Democratic Party,False,False,519,7
Yorkshire and The Humber,Leeds East,E14001320,76207,39388,Ind,,False,True,222,8
Yorkshire and The Humber,Leeds East,E14001320,76207,39388,Ind,,False,True,179,9
Yorkshire and The Humber,Leeds North East,E14001321,70178,45167,Lab,Labour,False,False,23260,1
Yorkshire and The Humber,Leeds North East,E14001321,70178,45167,Con,Conservative,False,False,7177,2
Yorkshire and The Humber,Leeds North East,E14001321,70178,45167,Green,Green Party,False,False,5911,3
Yorkshire and The Humber,Leeds North East,E14001321,70178,45167,RUK,Reform UK,False,False,3426,4
Yorkshire and The Humber,Leeds North East,E14001321,70178,45167,LD,Liberal Democrat,False,False,2168,5
Yorkshire and The Humber,Leeds North East,E14001321,70178,45167,WPB,Workers Party of Britain,False,False,2067,6
Yorkshire and The Humber,Leeds North East,E14001321,70178,45167,Yrks,The Yorkshire Party,False,False,574,7
Yorkshire and The Humber,Leeds North East,E14001321,70178,45167,AGS,Alliance for Green Socialism,False,False,259,8
Yorkshire and The Humber,Leeds North East,E14001321,70178,45167,SDP,Social Democratic Party,False,False,125,9
Yorkshire and The Humber,Leeds North East,E14001321,70178,45167,CPA,Christian Peoples Alliance,False,False,109,10
Yorkshire and The Humber,Leeds North East,E14001321,70178,45167,Cli,Climate Party,False,False,91,11
Yorkshire and The Humber,Leeds North West,E14001322,71592,49777,Lab,Labour,False,False,22882,1
Yorkshire and The Humber,Leeds North West,E14001322,71592,49777,Con,Conservative,False,False,10986,2
Yorkshire and The Humber,Leeds North West,E14001322,71592,49777,RUK,Reform UK,False,False,5935,3
Yorkshire and The Humber,Leeds North West,E14001322,71592,49777,LD,Liberal Democrat,False,False,5641,4
Yorkshire and The Humber,Leeds North West,E14001322,71592,49777,Green,Green Party,False,False,3231,5
Yorkshire and The Humber,Leeds North West,E14001322,71592,49777,Yrks,The Yorkshire Party,False,False,1024,6
Yorkshire and The Humber,Leeds North West,E14001322,71592,49777,SDP,Social Democratic Party,False,False,78,7
Yorkshire and The Humber,Leeds South,E14001323,75953,31678,Lab,Labour,False,False,17117,1
Yorkshire and The Humber,Leeds South,E14001323,75953,31678,Green,Green Party,False,False,5838,2
Yorkshire and The Humber,Leeds South,E14001323,75953,31678,Con,Conservative,False,False,4172,3
Yorkshire and The Humber,Leeds South,E14001323,75953,31678,SDP,Social Democratic Party,False,False,1874,4
Yorkshire and The Humber,Leeds South,E14001323,75953,31678,LD,Liberal Democrat,False,False,1340,5
Yorkshire and The Humber,Leeds South,E14001323,75953,31678,WPB,Workers Party of Britain,False,False,719,6
Yorkshire and The Humber,Leeds South,E14001323,75953,31678,CPA,Christian Peoples Alliance,False,False,341,7
Yorkshire and The Humber,Leeds South,E14001323,75953,31678,Ind,,False,True,277,8
Yorkshire and The Humber,Leeds South West and Morley,E14001324,71854,40209,Lab,Labour,False,False,17681,1
Yorkshire and The Humber,Leeds South West and Morley,E14001324,71854,40209,Con,Conservative,False,False,9258,2
Yorkshire and The Humber,Leeds South West and Morley,E14001324,71854,40209,RUK,Reform UK,False,False,8187,3
Yorkshire and The Humber,Leeds South West and Morley,E14001324,71854,40209,Green,Green Party,False,False,2522,4
Yorkshire and The Humber,Leeds South West and Morley,E14001324,71854,40209,LD,Liberal Democrat,False,False,1798,5
Yorkshire and The Humber,Leeds South West and Morley,E14001324,71854,40209,Yrks,The Yorkshire Party,False,False,664,6
Yorkshire and The Humber,Leeds South West and Morley,E14001324,71854,40209,SDP,Social Democratic Party,False,False,99,7
Yorkshire and The Humber,Leeds West and Pudsey,E14001325,70069,38494,Lab,Labour,False,False,18976,1
Yorkshire and The Humber,Leeds West and Pudsey,E14001325,70069,38494,Con,Conservative,False,False,6584,2
Yorkshire and The Humber,Leeds West and Pudsey,E14001325,70069,38494,RUK,Reform UK,False,False,6281,3
Yorkshire and The Humber,Leeds West and Pudsey,E14001325,70069,38494,Green,Green Party,False,False,3794,4
Yorkshire and The Humber,Leeds West and Pudsey,E14001325,70069,38494,LD,Liberal Democrat,False,False,1743,5
Yorkshire and The Humber,Leeds West and Pudsey,E14001325,70069,38494,WPB,Workers Party of Britain,False,False,633,6
Yorkshire and The Humber,Leeds West and Pudsey,E14001325,70069,38494,Yrks,The Yorkshire Party,False,False,404,7
Yorkshire and The Humber,Leeds West and Pudsey,E14001325,70069,38494,SDP,Social Democratic Party,False,False,79,8
East Midlands,Leicester East,E14001326,76560,46714,Con,Conservative,False,False,14526,1
East Midlands,Leicester East,E14001326,76560,46714,Lab,Labour,False,False,10100,2
East Midlands,Leicester East,E14001326,76560,46714,LD,Liberal Democrat,False,False,6329,3
East Midlands,Leicester East,E14001326,76560,46714,Ind,,False,True,5532,4
East Midlands,Leicester East,E14001326,76560,46714,OL,One Leicester,False,False,3681,5
East Midlands,Leicester East,E14001326,76560,46714,RUK,Reform UK,False,False,2611,6
East Midlands,Leicester East,E14001326,76560,46714,Green,Green Party,False,False,2143,7
East Midlands,Leicester East,E14001326,76560,46714,Ind,,False,True,974,8
East Midlands,Leicester East,E14001326,76560,46714,Ind,,False,True,703,9
East Midlands,Leicester East,E14001326,76560,46714,Ind,,False,True,115,10
East Midlands,Leicester South,E14001327,70867,41837,Ind,,False,True,14739,1
East Midlands,Leicester South,E14001327,70867,41837,Lab,Labour,False,False,13760,2
East Midlands,Leicester South,E14001327,70867,41837,Con,Conservative,False,False,4820,3
East Midlands,Leicester South,E14001327,70867,41837,Green,Green Party,False,False,3826,4
East Midlands,Leicester South,E14001327,70867,41837,RUK,Reform UK,False,False,2470,5
East Midlands,Leicester South,E14001327,70867,41837,LD,Liberal Democrat,False,False,1425,6
East Midlands,Leicester South,E14001327,70867,41837,Ind,,False,True,329,7
East Midlands,Leicester South,E14001327,70867,41837,Comm,Communist Party of Britain,False,False,279,8
East Midlands,Leicester South,E14001327,70867,41837,MRLP,Official Monster Raving Loony Party,False,False,189,9
East Midlands,Leicester West,E14001328,74102,35397,Lab,Labour,False,False,15798,1
East Midlands,Leicester West,E14001328,74102,35397,Con,Conservative,False,False,7021,2
East Midlands,Leicester West,E14001328,74102,35397,RUK,Reform UK,False,False,5666,3
East Midlands,Leicester West,E14001328,74102,35397,Green,Green Party,False,False,4089,4
East Midlands,Leicester West,E14001328,74102,35397,LD,Liberal Democrat,False,False,2179,5
East Midlands,Leicester West,E14001328,74102,35397,OL,One Leicester,False,False,327,6
East Midlands,Leicester West,E14001328,74102,35397,TUSC,Trade Unionist and Socialist Coalition,False,False,317,7
North West,Leigh and Atherton,E14001329,79978,41170,Lab,Labour,False,False,19971,1
North West,Leigh and Atherton,E14001329,79978,41170,RUK,Reform UK,False,False,11090,2
North West,Leigh and Atherton,E14001329,79978,41170,Con,Conservative,False,False,6483,3
North West,Leigh and Atherton,E14001329,79978,41170,Green,Green Party,False,False,1653,4
North West,Leigh and Atherton,E14001329,79978,41170,LD,Liberal Democrat,False,False,1597,5
North West,Leigh and Atherton,E14001329,79978,41170,ED,English Democrats,False,False,376,6
South East,Lewes,E14001330,76166,53173,LD,Liberal Democrat,False,False,26895,1
South East,Lewes,E14001330,76166,53173,Con,Conservative,False,False,14271,2
South East,Lewes,E14001330,76166,53173,RUK,Reform UK,False,False,6335,3
South East,Lewes,E14001330,76166,53173,Lab,Labour,False,False,3574,4
South East,Lewes,E14001330,76166,53173,Green,Green Party,False,False,1869,5
South East,Lewes,E14001330,76166,53173,SDP,Social Democratic Party,False,False,229,6
London,Lewisham East,E14001331,73380,40637,Lab,Labour,False,False,23646,1
London,Lewisham East,E14001331,73380,40637,Green,Green Party,False,False,5573,2
London,Lewisham East,E14001331,73380,40637,Con,Conservative,False,False,4401,3
London,Lewisham East,E14001331,73380,40637,RUK,Reform UK,False,False,3469,4
London,Lewisham East,E14001331,73380,40637,LD,Liberal Democrat,False,False,2471,5
London,Lewisham East,E14001331,73380,40637,WPB,Workers Party of Britain,False,False,577,6
London,Lewisham East,E14001331,73380,40637,CPA,Christian Peoples Alliance,False,False,404,7
London,Lewisham East,E14001331,73380,40637,SG,Shared Ground,False,False,96,8
London,Lewisham North,E14001332,74205,44167,Lab,Labour,False,False,25467,1
London,Lewisham North,E14001332,74205,44167,Green,Green Party,False,False,9685,2
London,Lewisham North,E14001332,74205,44167,LD,Liberal Democrat,False,False,3284,3
London,Lewisham North,E14001332,74205,44167,Con,Conservative,False,False,2701,4
London,Lewisham North,E14001332,74205,44167,RUK,Reform UK,False,False,2000,5
London,Lewisham North,E14001332,74205,44167,WPB,Workers Party of Britain,False,False,457,6
London,Lewisham North,E14001332,74205,44167,Ind,,False,True,243,7
London,Lewisham North,E14001332,74205,44167,Comm,Communist Party of Britain,False,False,211,8
London,Lewisham North,E14001332,74205,44167,AGS,Alliance for Green Socialism,False,False,119,9
London,Lewisham West and East Dulwich,E14001333,69386,46414,Lab,Labour,False,False,27406,1
London,Lewisham West and East Dulwich,E14001333,69386,46414,Green,Green Party,False,False,9009,2
London,Lewisham West and East Dulwich,E14001333,69386,46414,LD,Liberal Democrat,False,False,3558,3
London,Lewisham West and East Dulwich,E14001333,69386,46414,Con,Conservative,False,False,3477,4
London,Lewisham West and East Dulwich,E14001333,69386,46414,RUK,Reform UK,False,False,2234,5
London,Lewisham West and East Dulwich,E14001333,69386,46414,WPB,Workers Party of Britain,False,False,427,6
London,Lewisham West and East Dulwich,E14001333,69386,46414,CPA,Christian Peoples Alliance,False,False,303,7
London,Leyton and Wanstead,E14001334,71491,43732,Lab,Labour,False,False,20755,1
London,Leyton and Wanstead,E14001334,71491,43732,Green,Green Party,False,False,6791,2
London,Leyton and Wanstead,E14001334,71491,43732,Con,Conservative,False,False,4846,3
London,Leyton and Wanstead,E14001334,71491,43732,Ind,,False,True,4173,4
London,Leyton and Wanstead,E14001334,71491,43732,LD,Liberal Democrat,False,False,2815,5
London,Leyton and Wanstead,E14001334,71491,43732,RUK,Reform UK,False,False,2475,6
London,Leyton and Wanstead,E14001334,71491,43732,WPB,Workers Party of Britain,False,False,1633,7
London,Leyton and Wanstead,E14001334,71491,43732,REU,Rejoin EU,False,False,244,8
West Midlands,Lichfield,E14001335,76118,49104,Lab,Labour,False,False,17232,1
West Midlands,Lichfield,E14001335,76118,49104,Con,Conservative,False,False,16422,2
West Midlands,Lichfield,E14001335,76118,49104,RUK,Reform UK,False,False,9734,3
West Midlands,Lichfield,E14001335,76118,49104,LD,Liberal Democrat,False,False,3572,4
West Midlands,Lichfield,E14001335,76118,49104,Green,Green Party,False,False,1724,5
West Midlands,Lichfield,E14001335,76118,49104,Ind,,False,True,322,6
West Midlands,Lichfield,E14001335,76118,49104,Ind,,False,True,98,7
East Midlands,Lincoln,E14001336,72315,42160,Lab,Labour,False,False,18470,1
East Midlands,Lincoln,E14001336,72315,42160,Con,Conservative,False,False,9677,2
East Midlands,Lincoln,E14001336,72315,42160,RUK,Reform UK,False,False,7602,3
East Midlands,Lincoln,E14001336,72315,42160,Green,Green Party,False,False,2751,4
East Midlands,Lincoln,E14001336,72315,42160,LD,Liberal Democrat,False,False,2580,5
East Midlands,Lincoln,E14001336,72315,42160,WPB,Workers Party of Britain,False,False,479,6
East Midlands,Lincoln,E14001336,72315,42160,Lib,Liberal,False,False,278,7
East Midlands,Lincoln,E14001336,72315,42160,Ind,,False,True,243,8
East Midlands,Lincoln,E14001336,72315,42160,SDP,Social Democratic Party,False,False,80,9
North West,Liverpool Garston,E14001337,69282,41993,Lab,Labour,False,False,24510,1
North West,Liverpool Garston,E14001337,69282,41993,RUK,Reform UK,False,False,4406,2
North West,Liverpool Garston,E14001337,69282,41993,LCI,Liverpool Community Independents,False,False,3294,3
North West,Liverpool Garston,E14001337,69282,41993,LD,Liberal Democrat,False,False,3239,4
North West,Liverpool Garston,E14001337,69282,41993,Con,Conservative,False,False,2943,5
North West,Liverpool Garston,E14001337,69282,41993,Green,Green Party,False,False,2816,6
North West,Liverpool Garston,E14001337,69282,41993,Lib,Liberal,False,False,401,7
North West,Liverpool Garston,E14001337,69282,41993,Ind,,False,True,272,8
North West,Liverpool Garston,E14001337,69282,41993,WRP,Workers Revolutionary Party,False,False,112,9
North West,Liverpool Riverside,E14001338,71380,32381,Lab,Labour,False,False,20039,1
North West,Liverpool Riverside,E14001338,71380,32381,Green,Green Party,False,False,5246,2
North West,Liverpool Riverside,E14001338,71380,32381,RUK,Reform UK,False,False,3272,3
North West,Liverpool Riverside,E14001338,71380,32381,LD,Liberal Democrat,False,False,1544,4
North West,Liverpool Riverside,E14001338,71380,32381,Con,Conservative,False,False,1155,5
North West,Liverpool Riverside,E14001338,71380,32381,TUSC,Trade Unionist and Socialist Coalition,False,False,622,6
North West,Liverpool Riverside,E14001338,71380,32381,Lib,Liberal,False,False,256,7
North West,Liverpool Riverside,E14001338,71380,32381,NHAP,National Health Action Party,False,False,247,8
North West,Liverpool Walton,E14001339,69317,36886,Lab,Labour,False,False,26032,1
North West,Liverpool Walton,E14001339,69317,36886,RUK,Reform UK,False,False,5787,2
North West,Liverpool Walton,E14001339,69317,36886,Green,Green Party,False,False,2388,3
North West,Liverpool Walton,E14001339,69317,36886,Con,Conservative,False,False,1282,4
North West,Liverpool Walton,E14001339,69317,36886,LD,Liberal Democrat,False,False,945,5
North West,Liverpool Walton,E14001339,69317,36886,Lib,Liberal,False,False,452,6
North West,Liverpool Wavertree,E14001340,70581,39815,Lab,Labour,False,False,23077,1
North West,Liverpool Wavertree,E14001340,70581,39815,Green,Green Party,False,False,6773,2
North West,Liverpool Wavertree,E14001340,70581,39815,RUK,Reform UK,False,False,3454,3
North West,Liverpool Wavertree,E14001340,70581,39815,LD,Liberal Democrat,False,False,2759,4
North West,Liverpool Wavertree,E14001340,70581,39815,Con,Conservative,False,False,1887,5
North West,Liverpool Wavertree,E14001340,70581,39815,Ind,,False,True,1191,6
North West,Liverpool Wavertree,E14001340,70581,39815,Ind,,False,True,566,7
North West,Liverpool Wavertree,E14001340,70581,39815,Ind,,False,True,108,8
North West,Liverpool West Derby,E14001341,69934,38006,Lab,Labour,False,False,25302,1
North West,Liverpool West Derby,E14001341,69934,38006,RUK,Reform UK,False,False,4879,2
North West,Liverpool West Derby,E14001341,69934,38006,Green,Green Party,False,False,2647,3
North West,Liverpool West Derby,E14001341,69934,38006,Lib,Liberal,False,False,2336,4
North West,Liverpool West Derby,E14001341,69934,38006,Con,Conservative,False,False,1566,5
North West,Liverpool West Derby,E14001341,69934,38006,LD,Liberal Democrat,False,False,1276,6
East Midlands,Loughborough,E14001342,68961,42259,Lab,Labour,False,False,17249,1
East Midlands,Loughborough,E14001342,68961,42259,Con,Conservative,False,False,12289,2
East Midlands,Loughborough,E14001342,68961,42259,RUK,Reform UK,False,False,7204,3
East Midlands,Loughborough,E14001342,68961,42259,Green,Green Party,False,False,2956,4
East Midlands,Loughborough,E14001342,68961,42259,LD,Liberal Democrat,False,False,2561,5
East Midlands,Louth and Horncastle,E14001343,76880,46479,Con,Conservative,False,False,17441,1
East Midlands,Louth and Horncastle,E14001343,76880,46479,RUK,Reform UK,False,False,11935,2
East Midlands,Louth and Horncastle,E14001343,76880,46479,Lab,Labour,False,False,10475,3
East Midlands,Louth and Horncastle,E14001343,76880,46479,Green,Green Party,False,False,2504,4
East Midlands,Louth and Horncastle,E14001343,76880,46479,LD,Liberal Democrat,False,False,2364,5
East Midlands,Louth and Horncastle,E14001343,76880,46479,Ind,,False,True,1359,6
East Midlands,Louth and Horncastle,E14001343,76880,46479,MRLP,Official Monster Raving Loony Party,False,False,309,7
East Midlands,Louth and Horncastle,E14001343,76880,46479,SDP,Social Democratic Party,False,False,92,8
East of England,Lowestoft,E14001344,74332,41824,Lab,Labour,False,False,14464,1
East of England,Lowestoft,E14001344,74332,41824,Con,Conservative,False,False,12448,2
East of England,Lowestoft,E14001344,74332,41824,RUK,Reform UK,False,False,10328,3
East of England,Lowestoft,E14001344,74332,41824,Green,Green Party,False,False,3095,4
East of England,Lowestoft,E14001344,74332,41824,LD,Liberal Democrat,False,False,1489,5
East of England,Luton North,E14001345,74866,38745,Lab,Labour,False,False,14677,1
East of England,Luton North,E14001345,74866,38745,Con,Conservative,False,False,7167,2
East of England,Luton North,E14001345,74866,38745,RUK,Reform UK,False,False,4666,3
East of England,Luton North,E14001345,74866,38745,Ind,,False,True,4393,4
East of England,Luton North,E14001345,74866,38745,WPB,Workers Party of Britain,False,False,3914,5
East of England,Luton North,E14001345,74866,38745,Green,Green Party,False,False,1940,6
East of England,Luton North,E14001345,74866,38745,LD,Liberal Democrat,False,False,1890,7
East of England,Luton North,E14001345,74866,38745,SDP,Social Democratic Party,False,False,98,8
East of England,Luton South and South Bedfordshire,E14001346,77312,38382,Lab,Labour,False,False,13593,1
East of England,Luton South and South Bedfordshire,E14001346,77312,38382,Con,Conservative,False,False,6735,2
East of England,Luton South and South Bedfordshire,E14001346,77312,38382,Ind,,False,True,5384,3
East of England,Luton South and South Bedfordshire,E14001346,77312,38382,RUK,Reform UK,False,False,4759,4
East of England,Luton South and South Bedfordshire,E14001346,77312,38382,WPB,Workers Party of Britain,False,False,3110,5
East of England,Luton South and South Bedfordshire,E14001346,77312,38382,Green,Green Party,False,False,2401,6
East of England,Luton South and South Bedfordshire,E14001346,77312,38382,LD,Liberal Democrat,False,False,2400,7
North West,Macclesfield,E14001347,76416,52792,Lab,Labour,False,False,24672,1
North West,Macclesfield,E14001347,76416,52792,Con,Conservative,False,False,15552,2
North West,Macclesfield,E14001347,76416,52792,RUK,Reform UK,False,False,6592,3
North West,Macclesfield,E14001347,76416,52792,Green,Green Party,False,False,2493,4
North West,Macclesfield,E14001347,76416,52792,LD,Liberal Democrat,False,False,2482,5
North West,Macclesfield,E14001347,76416,52792,Ind,,False,True,779,6
North West,Macclesfield,E14001347,76416,52792,SDP,Social Democratic Party,False,False,222,7
South East,Maidenhead,E14001348,75687,50329,LD,Liberal Democrat,False,False,21895,1
South East,Maidenhead,E14001348,75687,50329,Con,Conservative,False,False,18932,2
South East,Maidenhead,E14001348,75687,50329,Lab,Labour,False,False,5766,3
South East,Maidenhead,E14001348,75687,50329,Green,Green Party,False,False,1996,4
South East,Maidenhead,E14001348,75687,50329,Ind,,False,True,791,5
South East,Maidenhead,E14001348,75687,50329,SDP,Social Democratic Party,False,False,518,6
South East,Maidenhead,E14001348,75687,50329,Ind,,False,True,431,7
South East,Maidstone and Malling,E14001349,76449,46389,Con,Conservative,False,False,14146,1
South East,Maidstone and Malling,E14001349,76449,46389,Lab,Labour,False,False,12472,2
South East,Maidstone and Malling,E14001349,76449,46389,RUK,Reform UK,False,False,9316,3
South East,Maidstone and Malling,E14001349,76449,46389,LD,Liberal Democrat,False,False,6375,4
South East,Maidstone and Malling,E14001349,76449,46389,Green,Green Party,False,False,3727,5
South East,Maidstone and Malling,E14001349,76449,46389,Ind,,False,True,197,6
South East,Maidstone and Malling,E14001349,76449,46389,BDP,British Democratic Party,False,False,156,7
North West,Makerfield,E14001350,76641,40263,Lab,Labour,False,False,18202,1
North West,Makerfield,E14001350,76641,40263,RUK,Reform UK,False,False,12803,2
North West,Makerfield,E14001350,76641,40263,Con,Conservative,False,False,4379,3
North West,Makerfield,E14001350,76641,40263,LD,Liberal Democrat,False,False,2735,4
North West,Makerfield,E14001350,76641,40263,Green,Green Party,False,False,1776,5
North West,Makerfield,E14001350,76641,40263,ED,English Democrats,False,False,368,6
East of England,Maldon,E14001351,78282,49841,Con,Conservative,False,False,19374,1
East of England,Maldon,E14001351,78282,49841,RUK,Reform UK,False,False,12468,2
East of England,Maldon,E14001351,78282,49841,Lab,Labour,False,False,9817,3
East of England,Maldon,E14001351,78282,49841,LD,Liberal Democrat,False,False,5882,4
East of England,Maldon,E14001351,78282,49841,Green,Green Party,False,False,2300,5
North West,Manchester Central,E14001352,85204,39725,Lab,Labour,False,False,20184,1
North West,Manchester Central,E14001352,85204,39725,Green,Green Party,False,False,6387,2
North West,Manchester Central,E14001352,85204,39725,RUK,Reform UK,False,False,4760,3
North West,Manchester Central,E14001352,85204,39725,LD,Liberal Democrat,False,False,3051,4
North West,Manchester Central,E14001352,85204,39725,Con,Conservative,False,False,2823,5
North West,Manchester Central,E14001352,85204,39725,WPB,Workers Party of Britain,False,False,1888,6
North West,Manchester Central,E14001352,85204,39725,SDP,Social Democratic Party,False,False,240,7
North West,Manchester Central,E14001352,85204,39725,Ind,,False,True,202,8
North West,Manchester Central,E14001352,85204,39725,CF,Communist Future,False,False,131,9
North West,Manchester Central,E14001352,85204,39725,Ind,,False,True,59,10
North West,Manchester Rusholme,E14001353,72608,29033,Lab,Labour,False,False,15054,1
North West,Manchester Rusholme,E14001353,72608,29033,Green,Green Party,False,False,6819,2
North West,Manchester Rusholme,E14001353,72608,29033,WPB,Workers Party of Britain,False,False,3660,3
North West,Manchester Rusholme,E14001353,72608,29033,Con,Conservative,False,False,1678,4
North West,Manchester Rusholme,E14001353,72608,29033,RUK,Reform UK,False,False,1313,5
North West,Manchester Rusholme,E14001353,72608,29033,Ind,,False,True,342,6
North West,Manchester Rusholme,E14001353,72608,29033,Comm L,Communist League Election Campaign,False,False,167,7
North West,Manchester Withington,E14001354,70555,41731,Lab,Labour,False,False,22066,1
North West,Manchester Withington,E14001354,70555,41731,Green,Green Party,False,False,8084,2
North West,Manchester Withington,E14001354,70555,41731,LD,Liberal Democrat,False,False,5412,3
North West,Manchester Withington,E14001354,70555,41731,Con,Conservative,False,False,2280,4
North West,Manchester Withington,E14001354,70555,41731,RUK,Reform UK,False,False,1961,5
North West,Manchester Withington,E14001354,70555,41731,WPB,Workers Party of Britain,False,False,1774,6
North West,Manchester Withington,E14001354,70555,41731,SDP,Social Democratic Party,False,False,154,7
East Midlands,Mansfield,E14001355,74535,41087,Lab,Labour,False,False,16048,1
East Midlands,Mansfield,E14001355,74535,41087,Con,Conservative,False,False,12563,2
East Midlands,Mansfield,E14001355,74535,41087,RUK,Reform UK,False,False,9385,3
East Midlands,Mansfield,E14001355,74535,41087,Green,Green Party,False,False,1326,4
East Midlands,Mansfield,E14001355,74535,41087,LD,Liberal Democrat,False,False,799,5
East Midlands,Mansfield,E14001355,74535,41087,SL,Socialist Labour Party,False,False,423,6
East Midlands,Mansfield,E14001355,74535,41087,Ind,,False,True,335,7
East Midlands,Mansfield,E14001355,74535,41087,TUSC,Trade Unionist and Socialist Coalition,False,False,123,8
East Midlands,Mansfield,E14001355,74535,41087,Ind,,False,True,85,9
South West,Melksham and Devizes,E14001356,73482,51203,LD,Liberal Democrat,False,False,20031,1
South West,Melksham and Devizes,E14001356,73482,51203,Con,Conservative,False,False,17630,2
South West,Melksham and Devizes,E14001356,73482,51203,RUK,Reform UK,False,False,6726,3
South West,Melksham and Devizes,E14001356,73482,51203,Lab,Labour,False,False,4587,4
South West,Melksham and Devizes,E14001356,73482,51203,Green,Green Party,False,False,2229,5
East Midlands,Melton and Syston,E14001357,74316,45986,Con,Conservative,False,False,17526,1
East Midlands,Melton and Syston,E14001357,74316,45986,Lab,Labour,False,False,12130,2
East Midlands,Melton and Syston,E14001357,74316,45986,RUK,Reform UK,False,False,8945,3
East Midlands,Melton and Syston,E14001357,74316,45986,Green,Green Party,False,False,3685,4
East Midlands,Melton and Syston,E14001357,74316,45986,LD,Liberal Democrat,False,False,2547,5
East Midlands,Melton and Syston,E14001357,74316,45986,Ind,,False,True,517,6
East Midlands,Melton and Syston,E14001357,74316,45986,ADF,Alliance for Democracy and Freedom,False,False,348,7
East Midlands,Melton and Syston,E14001357,74316,45986,REU,Rejoin EU,False,False,288,8
West Midlands,Meriden and Solihull East,E14001358,73659,44035,Con,Conservative,False,False,16792,1
West Midlands,Meriden and Solihull East,E14001358,73659,44035,Lab,Labour,False,False,12208,2
West Midlands,Meriden and Solihull East,E14001358,73659,44035,RUK,Reform UK,False,False,8753,3
West Midlands,Meriden and Solihull East,E14001358,73659,44035,LD,Liberal Democrat,False,False,3353,4
West Midlands,Meriden and Solihull East,E14001358,73659,44035,Green,Green Party,False,False,2929,5
East of England,Mid Bedfordshire,E14001359,75457,49621,Con,Conservative,False,False,16912,1
East of England,Mid Bedfordshire,E14001359,75457,49621,Lab,Labour,False,False,15591,2
East of England,Mid Bedfordshire,E14001359,75457,49621,RUK,Reform UK,False,False,8594,3
East of England,Mid Bedfordshire,E14001359,75457,49621,LD,Liberal Democrat,False,False,4068,4
East of England,Mid Bedfordshire,E14001359,75457,49621,Green,Green Party,False,False,2584,5
East of England,Mid Bedfordshire,E14001359,75457,49621,Ind,,False,True,1700,6
East of England,Mid Bedfordshire,E14001359,75457,49621,SDP,Social Democratic Party,False,False,172,7
South East,Mid Buckinghamshire,E14001360,75622,53951,Con,Conservative,False,False,20150,1
South East,Mid Buckinghamshire,E14001360,75622,53951,LD,Liberal Democrat,False,False,14278,2
South East,Mid Buckinghamshire,E14001360,75622,53951,Lab,Labour,False,False,9171,3
South East,Mid Buckinghamshire,E14001360,75622,53951,RUK,Reform UK,False,False,6926,4
South East,Mid Buckinghamshire,E14001360,75622,53951,Green,Green Party,False,False,2942,5
South East,Mid Buckinghamshire,E14001360,75622,53951,SDP,Social Democratic Party,False,False,337,6
South East,Mid Buckinghamshire,E14001360,75622,53951,Cli,Climate Party,False,False,147,7
North West,Mid Cheshire,E14001361,70384,41509,Lab,Labour,False,False,18457,1
North West,Mid Cheshire,E14001361,70384,41509,Con,Conservative,False,False,9530,2
North West,Mid Cheshire,E14001361,70384,41509,RUK,Reform UK,False,False,7967,3
North West,Mid Cheshire,E14001361,70384,41509,LD,Liberal Democrat,False,False,2465,4
North West,Mid Cheshire,E14001361,70384,41509,Green,Green Party,False,False,1967,5
North West,Mid Cheshire,E14001361,70384,41509,Ind,,False,True,850,6
North West,Mid Cheshire,E14001361,70384,41509,Ind,,False,True,273,7
East Midlands,Mid Derbyshire,E14001362,69917,47543,Lab,Labour,False,False,17346,1
East Midlands,Mid Derbyshire,E14001362,69917,47543,Con,Conservative,False,False,15468,2
East Midlands,Mid Derbyshire,E14001362,69917,47543,RUK,Reform UK,False,False,8356,3
East Midlands,Mid Derbyshire,E14001362,69917,47543,Green,Green Party,False,False,3547,4
East Midlands,Mid Derbyshire,E14001362,69917,47543,LD,Liberal Democrat,False,False,2361,5
East Midlands,Mid Derbyshire,E14001362,69917,47543,Ind,,False,True,315,6
East Midlands,Mid Derbyshire,E14001362,69917,47543,WPB,Workers Party of Britain,False,False,150,7
North East,Middlesbrough and Thornaby East,E14001367,75123,34407,Lab,Labour,False,False,16238,1
North East,Middlesbrough and Thornaby East,E14001367,75123,34407,RUK,Reform UK,False,False,7046,2
North East,Middlesbrough and Thornaby East,E14001367,75123,34407,Con,Conservative,False,False,6174,3
North East,Middlesbrough and Thornaby East,E14001367,75123,34407,WPB,Workers Party of Britain,False,False,2007,4
North East,Middlesbrough and Thornaby East,E14001367,75123,34407,Green,Green Party,False,False,1522,5
North East,Middlesbrough and Thornaby East,E14001367,75123,34407,LD,Liberal Democrat,False,False,1037,6
North East,Middlesbrough and Thornaby East,E14001367,75123,34407,Ind,,False,True,383,7
North East,Middlesbrough South and East Cleveland,E14001368,70331,38035,Lab,Labour,False,False,16468,1
North East,Middlesbrough South and East Cleveland,E14001368,70331,38035,Con,Conservative,False,False,16254,2
North East,Middlesbrough South and East Cleveland,E14001368,70331,38035,LD,Liberal Democrat,False,False,2032,3
North East,Middlesbrough South and East Cleveland,E14001368,70331,38035,SDP,Social Democratic Party,False,False,1835,4
North East,Middlesbrough South and East Cleveland,E14001368,70331,38035,Green,Green Party,False,False,1446,5
South West,Mid Dorset and North Poole,E14001363,75294,49514,LD,Liberal Democrat,False,False,21442,1
South West,Mid Dorset and North Poole,E14001363,75294,49514,Con,Conservative,False,False,20090,2
South West,Mid Dorset and North Poole,E14001363,75294,49514,Lab,Labour,False,False,4566,3
South West,Mid Dorset and North Poole,E14001363,75294,49514,Green,Green Party,False,False,2355,4
South West,Mid Dorset and North Poole,E14001363,75294,49514,SDP,Social Democratic Party,False,False,1061,5
East Midlands,Mid Leicestershire,E14001364,75924,48050,Con,Conservative,False,False,17735,1
East Midlands,Mid Leicestershire,E14001364,75924,48050,Lab,Labour,False,False,15534,2
East Midlands,Mid Leicestershire,E14001364,75924,48050,RUK,Reform UK,False,False,8923,3
East Midlands,Mid Leicestershire,E14001364,75924,48050,Green,Green Party,False,False,3414,4
East Midlands,Mid Leicestershire,E14001364,75924,48050,LD,Liberal Democrat,False,False,2444,5
East of England,Mid Norfolk,E14001365,75238,45897,Con,Conservative,False,False,16770,1
East of England,Mid Norfolk,E14001365,75238,45897,Lab,Labour,False,False,13716,2
East of England,Mid Norfolk,E14001365,75238,45897,RUK,Reform UK,False,False,9427,3
East of England,Mid Norfolk,E14001365,75238,45897,LD,Liberal Democrat,False,False,3126,4
East of England,Mid Norfolk,E14001365,75238,45897,Green,Green Party,False,False,2858,5
South East,Mid Sussex,E14001366,75969,53328,LD,Liberal Democrat,False,False,21136,1
South East,Mid Sussex,E14001366,75969,53328,Con,Conservative,False,False,14474,2
South East,Mid Sussex,E14001366,75969,53328,Lab,Labour,False,False,9397,3
South East,Mid Sussex,E14001366,75969,53328,RUK,Reform UK,False,False,5921,4
South East,Mid Sussex,E14001366,75969,53328,Green,Green Party,False,False,2048,5
South East,Mid Sussex,E14001366,75969,53328,MRLP,Official Monster Raving Loony Party,False,False,352,6
South East,Milton Keynes Central,E14001369,81078,47729,Lab,Labour,False,False,20209,1
South East,Milton Keynes Central,E14001369,81078,47729,Con,Conservative,False,False,12918,2
South East,Milton Keynes Central,E14001369,81078,47729,RUK,Reform UK,False,False,6245,3
South East,Milton Keynes Central,E14001369,81078,47729,LD,Liberal Democrat,False,False,4931,4
South East,Milton Keynes Central,E14001369,81078,47729,Green,Green Party,False,False,3226,5
South East,Milton Keynes Central,E14001369,81078,47729,HPUK,Heritage Party,False,False,200,6
South East,Milton Keynes North,E14001370,70709,45977,Lab,Labour,False,False,19318,1
South East,Milton Keynes North,E14001370,70709,45977,Con,Conservative,False,False,13888,2
South East,Milton Keynes North,E14001370,70709,45977,RUK,Reform UK,False,False,6164,3
South East,Milton Keynes North,E14001370,70709,45977,LD,Liberal Democrat,False,False,3365,4
South East,Milton Keynes North,E14001370,70709,45977,Green,Green Party,False,False,3242,5
London,Mitcham and Morden,E14001371,77282,45255,Lab,Labour,False,False,25085,1
London,Mitcham and Morden,E14001371,77282,45255,Con,Conservative,False,False,6324,2
London,Mitcham and Morden,E14001371,77282,45255,Green,Green Party,False,False,4635,3
London,Mitcham and Morden,E14001371,77282,45255,RUK,Reform UK,False,False,4135,4
London,Mitcham and Morden,E14001371,77282,45255,LD,Liberal Democrat,False,False,3622,5
London,Mitcham and Morden,E14001371,77282,45255,WPB,Workers Party of Britain,False,False,1091,6
London,Mitcham and Morden,E14001371,77282,45255,CPA,Christian Peoples Alliance,False,False,363,7
North West,Morecambe and Lunesdale,E14001372,76424,48059,Lab,Labour,False,False,19603,1
North West,Morecambe and Lunesdale,E14001372,76424,48059,Con,Conservative,False,False,13788,2
North West,Morecambe and Lunesdale,E14001372,76424,48059,RUK,Reform UK,False,False,7810,3
North West,Morecambe and Lunesdale,E14001372,76424,48059,LD,Liberal Democrat,False,False,4769,4
North West,Morecambe and Lunesdale,E14001372,76424,48059,Green,Green Party,False,False,2089,5
East Midlands,Newark,E14001375,79783,53459,Con,Conservative,False,False,20968,1
East Midlands,Newark,E14001375,79783,53459,Lab,Labour,False,False,17396,2
East Midlands,Newark,E14001375,79783,53459,RUK,Reform UK,False,False,8280,3
East Midlands,Newark,E14001375,79783,53459,LD,Liberal Democrat,False,False,3026,4
East Midlands,Newark,E14001375,79783,53459,Green,Green Party,False,False,2345,5
East Midlands,Newark,E14001375,79783,53459,INet,Independent Network,False,False,809,6
East Midlands,Newark,E14001375,79783,53459,Ind,,False,True,329,7
East Midlands,Newark,E14001375,79783,53459,ED,English Democrats,False,False,156,8
East Midlands,Newark,E14001375,79783,53459,WPB,Workers Party of Britain,False,False,150,9
South East,Newbury,E14001376,71982,48930,LD,Liberal Democrat,False,False,19645,1
South East,Newbury,E14001376,71982,48930,Con,Conservative,False,False,17268,2
South East,Newbury,E14001376,71982,48930,RUK,Reform UK,False,False,5357,3
South East,Newbury,E14001376,71982,48930,Lab,Labour,False,False,3662,4
South East,Newbury,E14001376,71982,48930,Green,Green Party,False,False,2714,5
South East,Newbury,E14001376,71982,48930,FA,Freedom Alliance,False,False,153,6
South East,Newbury,E14001376,71982,48930,UKIP,UK Independence Party,False,False,131,7
West Midlands,Newcastle-under-Lyme,E14001380,67815,39618,Lab,Labour,False,False,15992,1
West Midlands,Newcastle-under-Lyme,E14001380,67815,39618,Con,Conservative,False,False,10923,2
West Midlands,Newcastle-under-Lyme,E14001380,67815,39618,RUK,Reform UK,False,False,8865,3
West Midlands,Newcastle-under-Lyme,E14001380,67815,39618,LD,Liberal Democrat,False,False,1987,4
West Midlands,Newcastle-under-Lyme,E14001380,67815,39618,Green,Green Party,False,False,1851,5
North East,Newcastle upon Tyne Central and West,E14001377,76822,41355,Lab,Labour,False,False,18875,1
North East,Newcastle upon Tyne Central and West,E14001377,76822,41355,RUK,Reform UK,False,False,7815,2
North East,Newcastle upon Tyne Central and West,E14001377,76822,41355,Con,Conservative,False,False,4228,3
North East,Newcastle upon Tyne Central and West,E14001377,76822,41355,Ind,,False,True,3627,4
North East,Newcastle upon Tyne Central and West,E14001377,76822,41355,Green,Green Party,False,False,3228,5
North East,Newcastle upon Tyne Central and West,E14001377,76822,41355,LD,Liberal Democrat,False,False,1946,6
North East,Newcastle upon Tyne Central and West,E14001377,76822,41355,Ind,,False,True,1636,7
North East,Newcastle upon Tyne East and Wallsend,E14001378,76245,42321,Lab,Labour,False,False,21200,1
North East,Newcastle upon Tyne East and Wallsend,E14001378,76245,42321,RUK,Reform UK,False,False,8383,2
North East,Newcastle upon Tyne East and Wallsend,E14001378,76245,42321,Green,Green Party,False,False,5257,3
North East,Newcastle upon Tyne East and Wallsend,E14001378,76245,42321,Con,Conservative,False,False,3522,4
North East,Newcastle upon Tyne East and Wallsend,E14001378,76245,42321,LD,Liberal Democrat,False,False,2965,5
North East,Newcastle upon Tyne East and Wallsend,E14001378,76245,42321,WPB,Workers Party of Britain,False,False,430,6
North East,Newcastle upon Tyne East and Wallsend,E14001378,76245,42321,POW,Party of Women,False,False,283,7
North East,Newcastle upon Tyne East and Wallsend,E14001378,76245,42321,Comm,Communist Party of Britain,False,False,186,8
North East,Newcastle upon Tyne East and Wallsend,E14001378,76245,42321,SDP,Social Democratic Party,False,False,95,9
North East,Newcastle upon Tyne North,E14001379,74768,48617,Lab,Labour,False,False,24440,1
North East,Newcastle upon Tyne North,E14001379,74768,48617,Con,Conservative,False,False,6678,2
North East,Newcastle upon Tyne North,E14001379,74768,48617,LD,Liberal Democrat,False,False,5936,3
North East,Newcastle upon Tyne North,E14001379,74768,48617,RUK,Reform UK,False,False,5933,4
North East,Newcastle upon Tyne North,E14001379,74768,48617,Green,Green Party,False,False,5035,5
North East,Newcastle upon Tyne North,E14001379,74768,48617,Ind,,False,True,310,6
North East,Newcastle upon Tyne North,E14001379,74768,48617,SDP,Social Democratic Party,False,False,285,7
South East,New Forest East,E14001373,70618,45230,Con,Conservative,False,False,17412,1
South East,New Forest East,E14001373,70618,45230,Lab,Labour,False,False,8917,2
South East,New Forest East,E14001373,70618,45230,RUK,Reform UK,False,False,7646,3
South East,New Forest East,E14001373,70618,45230,LD,Liberal Democrat,False,False,7198,4
South East,New Forest East,E14001373,70618,45230,Green,Green Party,False,False,3118,5
South East,New Forest East,E14001373,70618,45230,MRLP,Official Monster Raving Loony Party,False,False,529,6
South East,New Forest East,E14001373,70618,45230,ANWP,Animal Welfare Party,False,False,410,7
South East,New Forest West,E14001374,68644,46337,Con,Conservative,False,False,16412,1
South East,New Forest West,E14001374,68644,46337,Lab,Labour,False,False,10812,2
South East,New Forest West,E14001374,68644,46337,LD,Liberal Democrat,False,False,8186,3
South East,New Forest West,E14001374,68644,46337,RUK,Reform UK,False,False,7577,4
South East,New Forest West,E14001374,68644,46337,Green,Green Party,False,False,2800,5
South East,New Forest West,E14001374,68644,46337,ANWP,Animal Welfare Party,False,False,393,6
South East,New Forest West,E14001374,68644,46337,SDP,Social Democratic Party,False,False,157,7
South West,Newton Abbot,E14001381,73885,47992,LD,Liberal Democrat,False,False,15201,1
South West,Newton Abbot,E14001381,73885,47992,Con,Conservative,False,False,12955,2
South West,Newton Abbot,E14001381,73885,47992,RUK,Reform UK,False,False,8494,3
South West,Newton Abbot,E14001381,73885,47992,Lab,Labour,False,False,7115,4
South West,Newton Abbot,E14001381,73885,47992,Green,Green Party,False,False,2083,5
South West,Newton Abbot,E14001381,73885,47992,SDA,South Devon Alliance,False,False,1924,6
South West,Newton Abbot,E14001381,73885,47992,HPUK,Heritage Party,False,False,116,7
South West,Newton Abbot,E14001381,73885,47992,VUK,Volt United Kingdom,False,False,104,8
North East,Newton Aycliffe and Spennymoor,E14001382,72215,39846,Lab,Labour,False,False,18394,1
North East,Newton Aycliffe and Spennymoor,E14001382,72215,39846,RUK,Reform UK,False,False,9555,2
North East,Newton Aycliffe and Spennymoor,E14001382,72215,39846,Con,Conservative,False,False,8195,3
North East,Newton Aycliffe and Spennymoor,E14001382,72215,39846,Green,Green Party,False,False,1701,4
North East,Newton Aycliffe and Spennymoor,E14001382,72215,39846,LD,Liberal Democrat,False,False,1491,5
North East,Newton Aycliffe and Spennymoor,E14001382,72215,39846,Transform,Transform Party,False,False,264,6
North East,Newton Aycliffe and Spennymoor,E14001382,72215,39846,WPB,Workers Party of Britain,False,False,246,7
Yorkshire and The Humber,Normanton and Hemsworth,E14001383,75645,36349,Lab,Labour,False,False,17275,1
Yorkshire and The Humber,Normanton and Hemsworth,E14001383,75645,36349,RUK,Reform UK,False,False,10613,2
Yorkshire and The Humber,Normanton and Hemsworth,E14001383,75645,36349,Con,Conservative,False,False,4995,3
Yorkshire and The Humber,Normanton and Hemsworth,E14001383,75645,36349,Green,Green Party,False,False,2147,4
Yorkshire and The Humber,Normanton and Hemsworth,E14001383,75645,36349,LD,Liberal Democrat,False,False,1319,5
East Midlands,Northampton North,E14001406,75575,41813,Lab,Labour,False,False,18209,1
East Midlands,Northampton North,E14001406,75575,41813,Con,Conservative,False,False,9195,2
East Midlands,Northampton North,E14001406,75575,41813,RUK,Reform UK,False,False,7010,3
East Midlands,Northampton North,E14001406,75575,41813,Green,Green Party,False,False,2558,4
East Midlands,Northampton North,E14001406,75575,41813,LD,Liberal Democrat,False,False,2251,5
East Midlands,Northampton North,E14001406,75575,41813,WPB,Workers Party of Britain,False,False,1531,6
East Midlands,Northampton North,E14001406,75575,41813,Ind,,False,True,1059,7
East Midlands,Northampton South,E14001407,70393,43904,Lab,Labour,False,False,16890,1
East Midlands,Northampton South,E14001407,70393,43904,Con,Conservative,False,False,12819,2
East Midlands,Northampton South,E14001407,70393,43904,RUK,Reform UK,False,False,8210,3
East Midlands,Northampton South,E14001407,70393,43904,LD,Liberal Democrat,False,False,3193,4
East Midlands,Northampton South,E14001407,70393,43904,Green,Green Party,False,False,2398,5
East Midlands,Northampton South,E14001407,70393,43904,TUSC,Trade Unionist and Socialist Coalition,False,False,296,6
East Midlands,Northampton South,E14001407,70393,43904,Cli,Climate Party,False,False,98,7
East of England,North Bedfordshire,E14001384,78850,51561,Con,Conservative,False,False,19981,1
East of England,North Bedfordshire,E14001384,78850,51561,Lab,Labour,False,False,14567,2
East of England,North Bedfordshire,E14001384,78850,51561,RUK,Reform UK,False,False,8433,3
East of England,North Bedfordshire,E14001384,78850,51561,LD,Liberal Democrat,False,False,5553,4
East of England,North Bedfordshire,E14001384,78850,51561,Green,Green Party,False,False,3027,5
South West,North Cornwall,E14001385,76741,51245,LD,Liberal Democrat,False,False,24094,1
South West,North Cornwall,E14001385,76741,51245,Con,Conservative,False,False,14137,2
South West,North Cornwall,E14001385,76741,51245,RUK,Reform UK,False,False,8444,3
South West,North Cornwall,E14001385,76741,51245,Lab,Labour,False,False,2958,4
South West,North Cornwall,E14001385,76741,51245,Green,Green Party,False,False,1335,5
South West,North Cornwall,E14001385,76741,51245,HPUK,Heritage Party,False,False,277,6
South West,North Cotswolds,E14001386,73203,50229,Con,Conservative,False,False,17426,1
South West,North Cotswolds,E14001386,73203,50229,LD,Liberal Democrat,False,False,14069,2
South West,North Cotswolds,E14001386,73203,50229,Lab,Labour,False,False,8593,3
South West,North Cotswolds,E14001386,73203,50229,RUK,Reform UK,False,False,6502,4
South West,North Cotswolds,E14001386,73203,50229,Green,Green Party,False,False,3191,5
South West,North Cotswolds,E14001386,73203,50229,Ind,,False,True,448,6
South West,North Devon,E14001387,79079,51417,LD,Liberal Democrat,False,False,21820,1
South West,North Devon,E14001387,79079,51417,Con,Conservative,False,False,15076,2
South West,North Devon,E14001387,79079,51417,RUK,Reform UK,False,False,8137,3
South West,North Devon,E14001387,79079,51417,Lab,Labour,False,False,3216,4
South West,North Devon,E14001387,79079,51417,Green,Green Party,False,False,2348,5
South West,North Devon,E14001387,79079,51417,Ind,,False,True,820,6
South West,North Dorset,E14001388,72690,49683,Con,Conservative,False,False,18208,1
South West,North Dorset,E14001388,72690,49683,LD,Liberal Democrat,False,False,16619,2
South West,North Dorset,E14001388,72690,49683,RUK,Reform UK,False,False,7894,3
South West,North Dorset,E14001388,72690,49683,Lab,Labour,False,False,4370,4
South West,North Dorset,E14001388,72690,49683,Green,Green Party,False,False,2082,5
South West,North Dorset,E14001388,72690,49683,Ind,,False,True,317,6
South West,North Dorset,E14001388,72690,49683,UKIP,UK Independence Party,False,False,119,7
South West,North Dorset,E14001388,72690,49683,SDP,Social Democratic Party,False,False,74,8
North East,North Durham,E14001389,73226,41565,Lab,Labour,False,False,16562,1
North East,North Durham,E14001389,73226,41565,RUK,Reform UK,False,False,10689,2
North East,North Durham,E14001389,73226,41565,Con,Conservative,False,False,6492,3
North East,North Durham,E14001389,73226,41565,LD,Liberal Democrat,False,False,4208,4
North East,North Durham,E14001389,73226,41565,Green,Green Party,False,False,2366,5
North East,North Durham,E14001389,73226,41565,WPB,Workers Party of Britain,False,False,928,6
North East,North Durham,E14001389,73226,41565,SDP,Social Democratic Party,False,False,320,7
East of England,North East Cambridgeshire,E14001390,71511,39176,Con,Conservative,False,False,16246,1
East of England,North East Cambridgeshire,E14001390,71511,39176,RUK,Reform UK,False,False,9057,2
East of England,North East Cambridgeshire,E14001390,71511,39176,Lab,Labour,False,False,8008,3
East of England,North East Cambridgeshire,E14001390,71511,39176,LD,Liberal Democrat,False,False,2716,4
East of England,North East Cambridgeshire,E14001390,71511,39176,Green,Green Party,False,False,2001,5
East of England,North East Cambridgeshire,E14001390,71511,39176,Ind,,False,True,958,6
East of England,North East Cambridgeshire,E14001390,71511,39176,WPB,Workers Party of Britain,False,False,190,7
East Midlands,North East Derbyshire,E14001391,73234,45866,Lab,Labour,False,False,17591,1
East Midlands,North East Derbyshire,E14001391,73234,45866,Con,Conservative,False,False,15838,2
East Midlands,North East Derbyshire,E14001391,73234,45866,RUK,Reform UK,False,False,7899,3
East Midlands,North East Derbyshire,E14001391,73234,45866,Green,Green Party,False,False,2271,4
East Midlands,North East Derbyshire,E14001391,73234,45866,LD,Liberal Democrat,False,False,2159,5
East Midlands,North East Derbyshire,E14001391,73234,45866,FA,Freedom Alliance,False,False,108,6
South East,North East Hampshire,E14001392,76923,55560,LD,Liberal Democrat,False,False,21178,1
South East,North East Hampshire,E14001392,76923,55560,Con,Conservative,False,False,20544,2
South East,North East Hampshire,E14001392,76923,55560,RUK,Reform UK,False,False,6673,3
South East,North East Hampshire,E14001392,76923,55560,Lab,Labour,False,False,5057,4
South East,North East Hampshire,E14001392,76923,55560,Green,Green Party,False,False,1425,5
South East,North East Hampshire,E14001392,76923,55560,MRLP,Official Monster Raving Loony Party,False,False,340,6
South East,North East Hampshire,E14001392,76923,55560,HI,Hampshire Independents,False,False,274,7
South East,North East Hampshire,E14001392,76923,55560,LPUK,Libertarian Party,False,False,69,8
East of England,North East Hertfordshire,E14001393,77697,52520,Lab,Labour,False,False,18358,1
East of England,North East Hertfordshire,E14001393,77697,52520,Con,Conservative,False,False,16435,2
East of England,North East Hertfordshire,E14001393,77697,52520,RUK,Reform UK,False,False,8462,3
East of England,North East Hertfordshire,E14001393,77697,52520,LD,Liberal Democrat,False,False,5463,4
East of England,North East Hertfordshire,E14001393,77697,52520,Green,Green Party,False,False,3802,5
South West,North East Somerset and Hanham,E14001394,73889,51125,Lab,Labour,False,False,20739,1
South West,North East Somerset and Hanham,E14001394,73889,51125,Con,Conservative,False,False,15420,2
South West,North East Somerset and Hanham,E14001394,73889,51125,RUK,Reform UK,False,False,7424,3
South West,North East Somerset and Hanham,E14001394,73889,51125,LD,Liberal Democrat,False,False,3878,4
South West,North East Somerset and Hanham,E14001394,73889,51125,Green,Green Party,False,False,3222,5
South West,North East Somerset and Hanham,E14001394,73889,51125,Ind,,False,True,231,6
South West,North East Somerset and Hanham,E14001394,73889,51125,MRLP,Official Monster Raving Loony Party,False,False,211,7
West Midlands,North Herefordshire,E14001395,72797,50362,Green,Green Party,False,False,21736,1
West Midlands,North Herefordshire,E14001395,72797,50362,Con,Conservative,False,False,15842,2
West Midlands,North Herefordshire,E14001395,72797,50362,RUK,Reform UK,False,False,8048,3
West Midlands,North Herefordshire,E14001395,72797,50362,Lab,Labour,False,False,3205,4
West Midlands,North Herefordshire,E14001395,72797,50362,LD,Liberal Democrat,False,False,1436,5
West Midlands,North Herefordshire,E14001395,72797,50362,SDP,Social Democratic Party,False,False,95,6
East of England,North Norfolk,E14001396,71438,47043,LD,Liberal Democrat,False,False,19488,1
East of England,North Norfolk,E14001396,71438,47043,Con,Conservative,False,False,16903,2
East of England,North Norfolk,E14001396,71438,47043,RUK,Reform UK,False,False,6368,3
East of England,North Norfolk,E14001396,71438,47043,Lab,Labour,False,False,2878,4
East of England,North Norfolk,E14001396,71438,47043,Green,Green Party,False,False,1406,5
North East,North Northumberland,E14001397,74190,48843,Lab,Labour,False,False,17855,1
North East,North Northumberland,E14001397,74190,48843,Con,Conservative,False,False,12788,2
North East,North Northumberland,E14001397,74190,48843,RUK,Reform UK,False,False,7688,3
North East,North Northumberland,E14001397,74190,48843,LD,Liberal Democrat,False,False,5169,4
North East,North Northumberland,E14001397,74190,48843,Ind,,False,True,3220,5
North East,North Northumberland,E14001397,74190,48843,Green,Green Party,False,False,1743,6
North East,North Northumberland,E14001397,74190,48843,Ind,,False,True,288,7
North East,North Northumberland,E14001397,74190,48843,SDP,Social Democratic Party,False,False,92,8
West Midlands,North Shropshire,E14001398,77573,49594,LD,Liberal Democrat,False,False,26214,1
West Midlands,North Shropshire,E14001398,77573,49594,Con,Conservative,False,False,10903,2
West Midlands,North Shropshire,E14001398,77573,49594,RUK,Reform UK,False,False,7687,3
West Midlands,North Shropshire,E14001398,77573,49594,Lab,Labour,False,False,3423,4
West Midlands,North Shropshire,E14001398,77573,49594,Green,Green Party,False,False,1234,5
West Midlands,North Shropshire,E14001398,77573,49594,Ind,,False,True,133,6
South West,North Somerset,E14001399,74426,53766,Lab,Labour,False,False,19138,1
South West,North Somerset,E14001399,74426,53766,Con,Conservative,False,False,18499,2
South West,North Somerset,E14001399,74426,53766,LD,Liberal Democrat,False,False,7121,3
South West,North Somerset,E14001399,74426,53766,RUK,Reform UK,False,False,5602,4
South West,North Somerset,E14001399,74426,53766,Green,Green Party,False,False,3273,5
South West,North Somerset,E14001399,74426,53766,WPB,Workers Party of Britain,False,False,133,6
West Midlands,North Warwickshire and Bedworth,E14001400,69752,40940,Lab,Labour,False,False,14727,1
West Midlands,North Warwickshire and Bedworth,E14001400,69752,40940,Con,Conservative,False,False,12529,2
West Midlands,North Warwickshire and Bedworth,E14001400,69752,40940,RUK,Reform UK,False,False,10701,3
West Midlands,North Warwickshire and Bedworth,E14001400,69752,40940,Green,Green Party,False,False,1755,4
West Midlands,North Warwickshire and Bedworth,E14001400,69752,40940,LD,Liberal Democrat,False,False,1228,5
East of England,North West Cambridgeshire,E14001401,75915,44424,Lab,Labour,False,False,14785,1
East of England,North West Cambridgeshire,E14001401,75915,44424,Con,Conservative,False,False,14746,2
East of England,North West Cambridgeshire,E14001401,75915,44424,RUK,Reform UK,False,False,8741,3
East of England,North West Cambridgeshire,E14001401,75915,44424,LD,Liberal Democrat,False,False,3192,4
East of England,North West Cambridgeshire,E14001401,75915,44424,Green,Green Party,False,False,2960,5
East of England,North West Essex,E14001402,79698,54386,Con,Conservative,False,False,19360,1
East of England,North West Essex,E14001402,79698,54386,Lab,Labour,False,False,16750,2
East of England,North West Essex,E14001402,79698,54386,RUK,Reform UK,False,False,7668,3
East of England,North West Essex,E14001402,79698,54386,LD,Liberal Democrat,False,False,6055,4
East of England,North West Essex,E14001402,79698,54386,Green,Green Party,False,False,2846,5
East of England,North West Essex,E14001402,79698,54386,Ind,,False,True,852,6
East of England,North West Essex,E14001402,79698,54386,Ind,,False,True,699,7
East of England,North West Essex,E14001402,79698,54386,Ind,,False,True,156,8
South East,North West Hampshire,E14001403,78629,50823,Con,Conservative,False,False,17770,1
South East,North West Hampshire,E14001403,78629,50823,Lab,Labour,False,False,14482,2
South East,North West Hampshire,E14001403,78629,50823,RUK,Reform UK,False,False,7734,3
South East,North West Hampshire,E14001403,78629,50823,LD,Liberal Democrat,False,False,7626,4
South East,North West Hampshire,E14001403,78629,50823,Green,Green Party,False,False,2745,5
South East,North West Hampshire,E14001403,78629,50823,HI,Hampshire Independents,False,False,466,6
East Midlands,North West Leicestershire,E14001404,77750,48572,Lab,Labour,False,False,16871,1
East Midlands,North West Leicestershire,E14001404,77750,48572,Con,Conservative,False,False,15859,2
East Midlands,North West Leicestershire,E14001404,77750,48572,RUK,Reform UK,False,False,9678,3
East Midlands,North West Leicestershire,E14001404,77750,48572,Green,Green Party,False,False,2831,4
East Midlands,North West Leicestershire,E14001404,77750,48572,LD,Liberal Democrat,False,False,1629,5
East Midlands,North West Leicestershire,E14001404,77750,48572,Ind,,False,True,1568,6
East Midlands,North West Leicestershire,E14001404,77750,48572,Ind,,False,True,136,7
East of England,North West Norfolk,E14001405,74415,44566,Con,Conservative,False,False,16097,1
East of England,North West Norfolk,E14001405,74415,44566,Lab,Labour,False,False,11143,2
East of England,North West Norfolk,E14001405,74415,44566,RUK,Reform UK,False,False,8697,3
East of England,North West Norfolk,E14001405,74415,44566,LD,Liberal Democrat,False,False,6492,4
East of England,North West Norfolk,E14001405,74415,44566,Green,Green Party,False,False,2137,5
East of England,Norwich North,E14001408,73717,45765,Lab,Labour,False,False,20794,1
East of England,Norwich North,E14001408,73717,45765,Con,Conservative,False,False,9944,2
East of England,Norwich North,E14001408,73717,45765,RUK,Reform UK,False,False,8229,3
East of England,Norwich North,E14001408,73717,45765,Green,Green Party,False,False,4372,4
East of England,Norwich North,E14001408,73717,45765,LD,Liberal Democrat,False,False,2073,5
East of England,Norwich North,E14001408,73717,45765,Ind,,False,True,353,6
East of England,Norwich South,E14001409,76296,45095,Lab,Labour,False,False,21484,1
East of England,Norwich South,E14001409,76296,45095,Green,Green Party,False,False,8245,2
East of England,Norwich South,E14001409,76296,45095,Con,Conservative,False,False,5806,3
East of England,Norwich South,E14001409,76296,45095,RUK,Reform UK,False,False,5227,4
East of England,Norwich South,E14001409,76296,45095,LD,Liberal Democrat,False,False,3577,5
East of England,Norwich South,E14001409,76296,45095,POW,Party of Women,False,False,455,6
East of England,Norwich South,E14001409,76296,45095,Ind,,False,True,301,7
East Midlands,Nottingham East,E14001410,69395,36401,Lab,Labour,False,False,19494,1
East Midlands,Nottingham East,E14001410,69395,36401,Green,Green Party,False,False,4332,2
East Midlands,Nottingham East,E14001410,69395,36401,Con,Conservative,False,False,3925,3
East Midlands,Nottingham East,E14001410,69395,36401,RUK,Reform UK,False,False,3578,4
East Midlands,Nottingham East,E14001410,69395,36401,WPB,Workers Party of Britain,False,False,2465,5
East Midlands,Nottingham East,E14001410,69395,36401,LD,Liberal Democrat,False,False,1741,6
East Midlands,Nottingham East,E14001410,69395,36401,Ind,,False,True,494,7
East Midlands,Nottingham East,E14001410,69395,36401,Ind,,False,True,372,8
East Midlands,Nottingham North and Kimberley,E14001411,73768,35007,Lab,Labour,False,False,16480,1
East Midlands,Nottingham North and Kimberley,E14001411,73768,35007,RUK,Reform UK,False,False,7053,2
East Midlands,Nottingham North and Kimberley,E14001411,73768,35007,Con,Conservative,False,False,6787,3
East Midlands,Nottingham North and Kimberley,E14001411,73768,35007,Green,Green Party,False,False,3351,4
East Midlands,Nottingham North and Kimberley,E14001411,73768,35007,LD,Liberal Democrat,False,False,1336,5
East Midlands,Nottingham South,E14001412,64255,32879,Lab,Labour,False,False,15579,1
East Midlands,Nottingham South,E14001412,64255,32879,Con,Conservative,False,False,5285,2
East Midlands,Nottingham South,E14001412,64255,32879,RUK,Reform UK,False,False,4936,3
East Midlands,Nottingham South,E14001412,64255,32879,Green,Green Party,False,False,2923,4
East Midlands,Nottingham South,E14001412,64255,32879,LD,Liberal Democrat,False,False,2059,5
East Midlands,Nottingham South,E14001412,64255,32879,WPB,Workers Party of Britain,False,False,1496,6
East Midlands,Nottingham South,E14001412,64255,32879,Ind,,False,True,449,7
East Midlands,Nottingham South,E14001412,64255,32879,Ind,,False,True,152,8
West Midlands,Nuneaton,E14001413,71843,41213,Lab,Labour,False,False,15216,1
West Midlands,Nuneaton,E14001413,71843,41213,Con,Conservative,False,False,11737,2
West Midlands,Nuneaton,E14001413,71843,41213,RUK,Reform UK,False,False,9059,3
West Midlands,Nuneaton,E14001413,71843,41213,Green,Green Party,False,False,2894,4
West Midlands,Nuneaton,E14001413,71843,41213,LD,Liberal Democrat,False,False,1340,5
West Midlands,Nuneaton,E14001413,71843,41213,WPB,Workers Party of Britain,False,False,967,6
London,Old Bexley and Sidcup,E14001414,73198,47633,Con,Conservative,False,False,17910,1
London,Old Bexley and Sidcup,E14001414,73198,47633,Lab,Labour,False,False,14362,2
London,Old Bexley and Sidcup,E14001414,73198,47633,RUK,Reform UK,False,False,10384,3
London,Old Bexley and Sidcup,E14001414,73198,47633,Green,Green Party,False,False,2601,4
London,Old Bexley and Sidcup,E14001414,73198,47633,LD,Liberal Democrat,False,False,1927,5
London,Old Bexley and Sidcup,E14001414,73198,47633,REU,Rejoin EU,False,False,251,6
London,Old Bexley and Sidcup,E14001414,73198,47633,Ind,,False,True,198,7
North West,Oldham East and Saddleworth,E14001415,73460,40065,Lab,Labour,False,False,14091,1
North West,Oldham East and Saddleworth,E14001415,73460,40065,RUK,Reform UK,False,False,7734,2
North West,Oldham East and Saddleworth,E14001415,73460,40065,Con,Conservative,False,False,6838,3
North West,Oldham East and Saddleworth,E14001415,73460,40065,WPB,Workers Party of Britain,False,False,4647,4
North West,Oldham East and Saddleworth,E14001415,73460,40065,LD,Liberal Democrat,False,False,3386,5
North West,Oldham East and Saddleworth,E14001415,73460,40065,Green,Green Party,False,False,1490,6
North West,Oldham East and Saddleworth,E14001415,73460,40065,Ind,,False,True,1362,7
North West,Oldham East and Saddleworth,E14001415,73460,40065,Ind,,False,True,517,8
North West,"Oldham West, Chadderton and Royton",E14001416,76031,38573,Lab,Labour,False,False,13232,1
North West,"Oldham West, Chadderton and Royton",E14001416,76031,38573,Ind,,False,True,8256,2
North West,"Oldham West, Chadderton and Royton",E14001416,76031,38573,RUK,Reform UK,False,False,6848,3
North West,"Oldham West, Chadderton and Royton",E14001416,76031,38573,Con,Conservative,False,False,4066,4
North West,"Oldham West, Chadderton and Royton",E14001416,76031,38573,Ind,,False,True,2470,5
North West,"Oldham West, Chadderton and Royton",E14001416,76031,38573,Green,Green Party,False,False,1857,6
North West,"Oldham West, Chadderton and Royton",E14001416,76031,38573,LD,Liberal Democrat,False,False,1271,7
North West,"Oldham West, Chadderton and Royton",E14001416,76031,38573,Ind,,False,True,573,8
London,Orpington,E14001417,71284,46073,Con,Conservative,False,False,17504,1
London,Orpington,E14001417,71284,46073,Lab,Labour,False,False,12386,2
London,Orpington,E14001417,71284,46073,RUK,Reform UK,False,False,8896,3
London,Orpington,E14001417,71284,46073,LD,Liberal Democrat,False,False,4728,4
London,Orpington,E14001417,71284,46073,Green,Green Party,False,False,2319,5
London,Orpington,E14001417,71284,46073,SDP,Social Democratic Party,False,False,240,6
Yorkshire and The Humber,Ossett and Denby Dale,E14001418,72312,43873,Lab,Labour,False,False,17232,1
Yorkshire and The Humber,Ossett and Denby Dale,E14001418,72312,43873,Con,Conservative,False,False,12690,2
Yorkshire and The Humber,Ossett and Denby Dale,E14001418,72312,43873,RUK,Reform UK,False,False,9224,3
Yorkshire and The Humber,Ossett and Denby Dale,E14001418,72312,43873,Green,Green Party,False,False,2132,4
Yorkshire and The Humber,Ossett and Denby Dale,E14001418,72312,43873,LD,Liberal Democrat,False,False,1785,5
Yorkshire and The Humber,Ossett and Denby Dale,E14001418,72312,43873,Yrks,The Yorkshire Party,False,False,810,6
South East,Oxford East,E14001419,71845,39341,Lab,Labour,False,False,19541,1
South East,Oxford East,E14001419,71845,39341,Green,Green Party,False,False,5076,2
South East,Oxford East,E14001419,71845,39341,Con,Conservative,False,False,4739,3
South East,Oxford East,E14001419,71845,39341,LD,Liberal Democrat,False,False,3437,4
South East,Oxford East,E14001419,71845,39341,IOA,Independent Oxford Alliance,False,False,2381,5
South East,Oxford East,E14001419,71845,39341,Ind,,False,True,1761,6
South East,Oxford East,E14001419,71845,39341,WPB,Workers Party of Britain,False,False,615,7
South East,Oxford East,E14001419,71845,39341,Ind,,False,True,600,8
South East,Oxford East,E14001419,71845,39341,REU,Rejoin EU,False,False,425,9
South East,Oxford East,E14001419,71845,39341,POW,Party of Women,False,False,337,10
South East,Oxford East,E14001419,71845,39341,SDP,Social Democratic Party,False,False,232,11
South East,Oxford East,E14001419,71845,39341,WRP,Workers Revolutionary Party,False,False,197,12
South East,Oxford West and Abingdon,E14001420,69851,45998,LD,Liberal Democrat,False,False,23414,1
South East,Oxford West and Abingdon,E14001420,69851,45998,Con,Conservative,False,False,8520,2
South East,Oxford West and Abingdon,E14001420,69851,45998,Lab,Labour,False,False,5981,3
South East,Oxford West and Abingdon,E14001420,69851,45998,RUK,Reform UK,False,False,4164,4
South East,Oxford West and Abingdon,E14001420,69851,45998,Green,Green Party,False,False,3236,5
South East,Oxford West and Abingdon,E14001420,69851,45998,SDP,Social Democratic Party,False,False,259,6
South East,Oxford West and Abingdon,E14001420,69851,45998,CPA,Christian Peoples Alliance,False,False,256,7
South East,Oxford West and Abingdon,E14001420,69851,45998,Ind,,False,True,168,8
London,Peckham,E14001421,72127,38797,Lab,Labour,False,False,22813,1
London,Peckham,E14001421,72127,38797,Green,Green Party,False,False,7585,2
London,Peckham,E14001421,72127,38797,LD,Liberal Democrat,False,False,2724,3
London,Peckham,E14001421,72127,38797,Con,Conservative,False,False,2276,4
London,Peckham,E14001421,72127,38797,RUK,Reform UK,False,False,1790,5
London,Peckham,E14001421,72127,38797,Ind,,False,True,555,6
London,Peckham,E14001421,72127,38797,WRP,Workers Revolutionary Party,False,False,355,7
London,Peckham,E14001421,72127,38797,REU,Rejoin EU,False,False,285,8
London,Peckham,E14001421,72127,38797,YPUK,The Yoruba Party in the UK,False,False,261,9
London,Peckham,E14001421,72127,38797,Ind,,False,True,153,10
North West,Pendle and Clitheroe,E14001422,78796,46754,Lab,Labour,False,False,16129,1
North West,Pendle and Clitheroe,E14001422,78796,46754,Con,Conservative,False,False,15227,2
North West,Pendle and Clitheroe,E14001422,78796,46754,RUK,Reform UK,False,False,8171,3
North West,Pendle and Clitheroe,E14001422,78796,46754,Ind,,False,True,3108,4
North West,Pendle and Clitheroe,E14001422,78796,46754,LD,Liberal Democrat,False,False,2039,5
North West,Pendle and Clitheroe,E14001422,78796,46754,Green,Green Party,False,False,1421,6
North West,Pendle and Clitheroe,E14001422,78796,46754,WPB,Workers Party of Britain,False,False,336,7
North West,Pendle and Clitheroe,E14001422,78796,46754,REU,Rejoin EU,False,False,190,8
North West,Pendle and Clitheroe,E14001422,78796,46754,Ind,,False,True,133,9
Yorkshire and The Humber,Penistone and Stocksbridge,E14001423,70435,43965,Lab,Labour,False,False,19169,1
Yorkshire and The Humber,Penistone and Stocksbridge,E14001423,70435,43965,Con,Conservative,False,False,10430,2
Yorkshire and The Humber,Penistone and Stocksbridge,E14001423,70435,43965,RUK,Reform UK,False,False,9456,3
Yorkshire and The Humber,Penistone and Stocksbridge,E14001423,70435,43965,LD,Liberal Democrat,False,False,2866,4
Yorkshire and The Humber,Penistone and Stocksbridge,E14001423,70435,43965,Green,Green Party,False,False,2044,5
North West,Penrith and Solway,E14001424,77935,49281,Lab,Labour,False,False,19986,1
North West,Penrith and Solway,E14001424,77935,49281,Con,Conservative,False,False,14729,2
North West,Penrith and Solway,E14001424,77935,49281,RUK,Reform UK,False,False,7624,3
North West,Penrith and Solway,E14001424,77935,49281,LD,Liberal Democrat,False,False,4742,4
North West,Penrith and Solway,E14001424,77935,49281,Green,Green Party,False,False,1730,5
North West,Penrith and Solway,E14001424,77935,49281,Ind,,False,True,195,6
North West,Penrith and Solway,E14001424,77935,49281,SDP,Social Democratic Party,False,False,156,7
North West,Penrith and Solway,E14001424,77935,49281,Ind,,False,True,119,8
East of England,Peterborough,E14001425,73378,41872,Lab,Labour,False,False,13418,1
East of England,Peterborough,E14001425,73378,41872,Con,Conservative,False,False,13300,2
East of England,Peterborough,E14001425,73378,41872,RUK,Reform UK,False,False,5379,3
East of England,Peterborough,E14001425,73378,41872,WPB,Workers Party of Britain,False,False,5051,4
East of England,Peterborough,E14001425,73378,41872,Green,Green Party,False,False,2542,5
East of England,Peterborough,E14001425,73378,41872,LD,Liberal Democrat,False,False,1746,6
East of England,Peterborough,E14001425,73378,41872,CPA,Christian Peoples Alliance,False,False,225,7
East of England,Peterborough,E14001425,73378,41872,Ind,,False,True,211,8
South West,Plymouth Moor View,E14001426,74724,42856,Lab,Labour,False,False,17665,1
South West,Plymouth Moor View,E14001426,74724,42856,Con,Conservative,False,False,12061,2
South West,Plymouth Moor View,E14001426,74724,42856,RUK,Reform UK,False,False,9670,3
South West,Plymouth Moor View,E14001426,74724,42856,LD,Liberal Democrat,False,False,1766,4
South West,Plymouth Moor View,E14001426,74724,42856,Green,Green Party,False,False,1694,5
South West,Plymouth Sutton and Devonport,E14001427,75313,42095,Lab,Labour,False,False,20795,1
South West,Plymouth Sutton and Devonport,E14001427,75313,42095,RUK,Reform UK,False,False,7467,2
South West,Plymouth Sutton and Devonport,E14001427,75313,42095,Con,Conservative,False,False,6873,3
South West,Plymouth Sutton and Devonport,E14001427,75313,42095,Green,Green Party,False,False,3186,4
South West,Plymouth Sutton and Devonport,E14001427,75313,42095,LD,Liberal Democrat,False,False,2441,5
South West,Plymouth Sutton and Devonport,E14001427,75313,42095,Ind,,False,True,619,6
South West,Plymouth Sutton and Devonport,E14001427,75313,42095,WPB,Workers Party of Britain,False,False,311,7
South West,Plymouth Sutton and Devonport,E14001427,75313,42095,TUSC,Trade Unionist and Socialist Coalition,False,False,220,8
South West,Plymouth Sutton and Devonport,E14001427,75313,42095,SL,Socialist Labour Party,False,False,183,9
Yorkshire and The Humber,"Pontefract, Castleford and Knottingley",E14001428,74618,35957,Lab,Labour,False,False,17089,1
Yorkshire and The Humber,"Pontefract, Castleford and Knottingley",E14001428,74618,35957,RUK,Reform UK,False,False,10459,2
Yorkshire and The Humber,"Pontefract, Castleford and Knottingley",E14001428,74618,35957,Con,Conservative,False,False,5406,3
Yorkshire and The Humber,"Pontefract, Castleford and Knottingley",E14001428,74618,35957,Green,Green Party,False,False,1651,4
Yorkshire and The Humber,"Pontefract, Castleford and Knottingley",E14001428,74618,35957,LD,Liberal Democrat,False,False,1213,5
Yorkshire and The Humber,"Pontefract, Castleford and Knottingley",E14001428,74618,35957,SDP,Social Democratic Party,False,False,139,6
South West,Poole,E14001429,72509,44495,Lab,Labour,False,False,14168,1
South West,Poole,E14001429,72509,44495,Con,Conservative,False,False,14150,2
South West,Poole,E14001429,72509,44495,RUK,Reform UK,False,False,7429,3
South West,Poole,E14001429,72509,44495,LD,Liberal Democrat,False,False,5507,4
South West,Poole,E14001429,72509,44495,Green,Green Party,False,False,2218,5
South West,Poole,E14001429,72509,44495,Ind,,False,True,698,6
South West,Poole,E14001429,72509,44495,UKIP,UK Independence Party,False,False,325,7
London,Poplar and Limehouse,E14001430,84116,43051,Lab,Labour,False,False,18535,1
London,Poplar and Limehouse,E14001430,84116,43051,Green,Green Party,False,False,5975,2
London,Poplar and Limehouse,E14001430,84116,43051,Con,Conservative,False,False,4738,3
London,Poplar and Limehouse,E14001430,84116,43051,Ind,,False,True,4554,4
London,Poplar and Limehouse,E14001430,84116,43051,LD,Liberal Democrat,False,False,4189,5
London,Poplar and Limehouse,E14001430,84116,43051,RUK,Reform UK,False,False,3403,6
London,Poplar and Limehouse,E14001430,84116,43051,WPB,Workers Party of Britain,False,False,1463,7
London,Poplar and Limehouse,E14001430,84116,43051,SDP,Social Democratic Party,False,False,194,8
South East,Portsmouth North,E14001431,70446,41593,Lab,Labour,False,False,14495,1
South East,Portsmouth North,E14001431,70446,41593,Con,Conservative,False,False,13715,2
South East,Portsmouth North,E14001431,70446,41593,RUK,Reform UK,False,False,8501,3
South East,Portsmouth North,E14001431,70446,41593,LD,Liberal Democrat,False,False,3031,4
South East,Portsmouth North,E14001431,70446,41593,Green,Green Party,False,False,1851,5
South East,Portsmouth South,E14001432,73711,38928,Lab,Labour,False,False,18857,1
South East,Portsmouth South,E14001432,73711,38928,RUK,Reform UK,False,False,5702,2
South East,Portsmouth South,E14001432,73711,38928,Con,Conservative,False,False,5643,3
South East,Portsmouth South,E14001432,73711,38928,LD,Liberal Democrat,False,False,4886,4
South East,Portsmouth South,E14001432,73711,38928,Green,Green Party,False,False,3107,5
South East,Portsmouth South,E14001432,73711,38928,PIP,Portsmouth Independent Party,False,False,733,6
North West,Preston,E14001433,77400,39993,Lab,Labour,False,False,14006,1
North West,Preston,E14001433,77400,39993,Ind,,False,True,8715,2
North West,Preston,E14001433,77400,39993,RUK,Reform UK,False,False,5738,3
North West,Preston,E14001433,77400,39993,Con,Conservative,False,False,5212,4
North West,Preston,E14001433,77400,39993,LD,Liberal Democrat,False,False,3195,5
North West,Preston,E14001433,77400,39993,Green,Green Party,False,False,1751,6
North West,Preston,E14001433,77400,39993,Ind,,False,True,891,7
North West,Preston,E14001433,77400,39993,REU,Rejoin EU,False,False,216,8
North West,Preston,E14001433,77400,39993,ADF,Alliance for Democracy and Freedom,False,False,145,9
North West,Preston,E14001433,77400,39993,UKIP,UK Independence Party,False,False,124,10
London,Putney,E14001434,72686,49295,Lab,Labour,False,False,24113,1
London,Putney,E14001434,72686,49295,Con,Conservative,False,False,11625,2
London,Putney,E14001434,72686,49295,LD,Liberal Democrat,False,False,5943,3
London,Putney,E14001434,72686,49295,Green,Green Party,False,False,3721,4
London,Putney,E14001434,72686,49295,RUK,Reform UK,False,False,3070,5
London,Putney,E14001434,72686,49295,WPB,Workers Party of Britain,False,False,491,6
London,Putney,E14001434,72686,49295,REU,Rejoin EU,False,False,332,7
London,Queen's Park and Maida Vale,E14001435,75558,38343,Lab,Labour,False,False,20126,1
London,Queen's Park and Maida Vale,E14001435,75558,38343,Green,Green Party,False,False,5213,2
London,Queen's Park and Maida Vale,E14001435,75558,38343,Con,Conservative,False,False,5088,3
London,Queen's Park and Maida Vale,E14001435,75558,38343,LD,Liberal Democrat,False,False,3417,4
London,Queen's Park and Maida Vale,E14001435,75558,38343,RUK,Reform UK,False,False,2106,5
London,Queen's Park and Maida Vale,E14001435,75558,38343,WPB,Workers Party of Britain,False,False,1792,6
London,Queen's Park and Maida Vale,E14001435,75558,38343,Ind,,False,True,601,7
Yorkshire and The Humber,Rawmarsh and Conisbrough,E14001436,69133,33904,Lab,Labour,False,False,16612,1
Yorkshire and The Humber,Rawmarsh and Conisbrough,E14001436,69133,33904,RUK,Reform UK,False,False,9704,2
Yorkshire and The Humber,Rawmarsh and Conisbrough,E14001436,69133,33904,Con,Conservative,False,False,4496,3
Yorkshire and The Humber,Rawmarsh and Conisbrough,E14001436,69133,33904,Green,Green Party,False,False,1687,4
Yorkshire and The Humber,Rawmarsh and Conisbrough,E14001436,69133,33904,LD,Liberal Democrat,False,False,1137,5
Yorkshire and The Humber,Rawmarsh and Conisbrough,E14001436,69133,33904,WPB,Workers Party of Britain,False,False,268,6
East of England,Rayleigh and Wickford,E14001437,76576,47978,Con,Conservative,False,False,17756,1
East of England,Rayleigh and Wickford,E14001437,76576,47978,RUK,Reform UK,False,False,12135,2
East of England,Rayleigh and Wickford,E14001437,76576,47978,Lab,Labour,False,False,11823,3
East of England,Rayleigh and Wickford,E14001437,76576,47978,LD,Liberal Democrat,False,False,4068,4
East of England,Rayleigh and Wickford,E14001437,76576,47978,Green,Green Party,False,False,2196,5
South East,Reading Central,E14001438,73600,45291,Lab,Labour,False,False,21598,1
South East,Reading Central,E14001438,73600,45291,Con,Conservative,False,False,8961,2
South East,Reading Central,E14001438,73600,45291,Green,Green Party,False,False,6417,3
South East,Reading Central,E14001438,73600,45291,LD,Liberal Democrat,False,False,3963,4
South East,Reading Central,E14001438,73600,45291,RUK,Reform UK,False,False,3904,5
South East,Reading Central,E14001438,73600,45291,Ind,,False,True,227,6
South East,Reading Central,E14001438,73600,45291,TUSC,Trade Unionist and Socialist Coalition,False,False,221,7
South East,Reading West and Mid Berkshire,E14001439,68781,46551,Lab,Labour,False,False,16273,1
South East,Reading West and Mid Berkshire,E14001439,68781,46551,Con,Conservative,False,False,14912,2
South East,Reading West and Mid Berkshire,E14001439,68781,46551,RUK,Reform UK,False,False,6260,3
South East,Reading West and Mid Berkshire,E14001439,68781,46551,LD,Liberal Democrat,False,False,5103,4
South East,Reading West and Mid Berkshire,E14001439,68781,46551,Green,Green Party,False,False,3169,5
South East,Reading West and Mid Berkshire,E14001439,68781,46551,Ind,,False,True,562,6
South East,Reading West and Mid Berkshire,E14001439,68781,46551,Ind,,False,True,272,7
North East,Redcar,E14001440,70241,38209,Lab,Labour,False,False,15663,1
North East,Redcar,E14001440,70241,38209,Con,Conservative,False,False,12340,2
North East,Redcar,E14001440,70241,38209,RUK,Reform UK,False,False,7216,3
North East,Redcar,E14001440,70241,38209,LD,Liberal Democrat,False,False,1542,4
North East,Redcar,E14001440,70241,38209,Green,Green Party,False,False,1279,5
North East,Redcar,E14001440,70241,38209,SDP,Social Democratic Party,False,False,169,6
West Midlands,Redditch,E14001441,71042,42375,Lab,Labour,False,False,14810,1
West Midlands,Redditch,E14001441,71042,42375,Con,Conservative,False,False,14021,2
West Midlands,Redditch,E14001441,71042,42375,RUK,Reform UK,False,False,8516,3
West Midlands,Redditch,E14001441,71042,42375,LD,Liberal Democrat,False,False,2165,4
West Midlands,Redditch,E14001441,71042,42375,Green,Green Party,False,False,2098,5
West Midlands,Redditch,E14001441,71042,42375,WPB,Workers Party of Britain,False,False,765,6
South East,Reigate,E14001442,77102,53161,Con,Conservative,False,False,18822,1
South East,Reigate,E14001442,77102,53161,Lab,Labour,False,False,15635,2
South East,Reigate,E14001442,77102,53161,RUK,Reform UK,False,False,7240,3
South East,Reigate,E14001442,77102,53161,LD,Liberal Democrat,False,False,6773,4
South East,Reigate,E14001442,77102,53161,Green,Green Party,False,False,4691,5
North West,Ribble Valley,E14001443,80484,52023,Lab,Labour,False,False,18177,1
North West,Ribble Valley,E14001443,80484,52023,Con,Conservative,False,False,17321,2
North West,Ribble Valley,E14001443,80484,52023,RUK,Reform UK,False,False,8524,3
North West,Ribble Valley,E14001443,80484,52023,LD,Liberal Democrat,False,False,5001,4
North West,Ribble Valley,E14001443,80484,52023,Green,Green Party,False,False,1727,5
North West,Ribble Valley,E14001443,80484,52023,Ind,,False,True,1273,6
Yorkshire and The Humber,Richmond and Northallerton,E14001444,73886,48526,Con,Conservative,False,False,23059,1
Yorkshire and The Humber,Richmond and Northallerton,E14001444,73886,48526,Lab,Labour,False,False,10874,2
Yorkshire and The Humber,Richmond and Northallerton,E14001444,73886,48526,RUK,Reform UK,False,False,7142,3
Yorkshire and The Humber,Richmond and Northallerton,E14001444,73886,48526,LD,Liberal Democrat,False,False,4322,4
Yorkshire and The Humber,Richmond and Northallerton,E14001444,73886,48526,Green,Green Party,False,False,2058,5
Yorkshire and The Humber,Richmond and Northallerton,E14001444,73886,48526,CBP,Count Binface Party,False,False,308,6
Yorkshire and The Humber,Richmond and Northallerton,E14001444,73886,48526,Ind,,False,True,222,7
Yorkshire and The Humber,Richmond and Northallerton,E14001444,73886,48526,Ind,,False,True,160,8
Yorkshire and The Humber,Richmond and Northallerton,E14001444,73886,48526,Yrks,The Yorkshire Party,False,False,132,9
Yorkshire and The Humber,Richmond and Northallerton,E14001444,73886,48526,MRLP,Official Monster Raving Loony Party,False,False,99,10
Yorkshire and The Humber,Richmond and Northallerton,E14001444,73886,48526,WPB,Workers Party of Britain,False,False,90,11
Yorkshire and The Humber,Richmond and Northallerton,E14001444,73886,48526,Ind,,False,True,33,12
Yorkshire and The Humber,Richmond and Northallerton,E14001444,73886,48526,Ind,,False,True,27,13
London,Richmond Park,E14001445,74988,52205,LD,Liberal Democrat,False,False,28528,1
London,Richmond Park,E14001445,74988,52205,Con,Conservative,False,False,11373,2
London,Richmond Park,E14001445,74988,52205,Lab,Labour,False,False,5048,3
London,Richmond Park,E14001445,74988,52205,Green,Green Party,False,False,3416,4
London,Richmond Park,E14001445,74988,52205,RUK,Reform UK,False,False,3258,5
London,Richmond Park,E14001445,74988,52205,MTW9,The Mitre TW9,False,False,349,6
London,Richmond Park,E14001445,74988,52205,SDP,Social Democratic Party,False,False,233,7
North West,Rochdale,E14001446,72507,39688,Lab,Labour,False,False,13027,1
North West,Rochdale,E14001446,72507,39688,WPB,Workers Party of Britain,False,False,11587,2
North West,Rochdale,E14001446,72507,39688,RUK,Reform UK,False,False,6773,3
North West,Rochdale,E14001446,72507,39688,Con,Conservative,False,False,4273,4
North West,Rochdale,E14001446,72507,39688,LD,Liberal Democrat,False,False,2816,5
North West,Rochdale,E14001446,72507,39688,Green,Green Party,False,False,1212,6
South East,Rochester and Strood,E14001447,74257,42598,Lab,Labour,False,False,15403,1
South East,Rochester and Strood,E14001447,74257,42598,Con,Conservative,False,False,12473,2
South East,Rochester and Strood,E14001447,74257,42598,RUK,Reform UK,False,False,9966,3
South East,Rochester and Strood,E14001447,74257,42598,Green,Green Party,False,False,2427,4
South East,Rochester and Strood,E14001447,74257,42598,LD,Liberal Democrat,False,False,1894,5
South East,Rochester and Strood,E14001447,74257,42598,WPB,Workers Party of Britain,False,False,245,6
South East,Rochester and Strood,E14001447,74257,42598,HPUK,Heritage Party,False,False,190,7
London,Romford,E14001448,72928,44047,Con,Conservative,False,False,15339,1
London,Romford,E14001448,72928,44047,Lab,Labour,False,False,13876,2
London,Romford,E14001448,72928,44047,RUK,Reform UK,False,False,9624,3
London,Romford,E14001448,72928,44047,Green,Green Party,False,False,2220,4
London,Romford,E14001448,72928,44047,LD,Liberal Democrat,False,False,1895,5
London,Romford,E14001448,72928,44047,WPB,Workers Party of Britain,False,False,898,6
London,Romford,E14001448,72928,44047,ECP,English Constitution Party,False,False,195,7
South East,Romsey and Southampton North,E14001449,71871,50027,Con,Conservative,False,False,19893,1
South East,Romsey and Southampton North,E14001449,71871,50027,LD,Liberal Democrat,False,False,17702,2
South East,Romsey and Southampton North,E14001449,71871,50027,RUK,Reform UK,False,False,5716,3
South East,Romsey and Southampton North,E14001449,71871,50027,Lab,Labour,False,False,4640,4
South East,Romsey and Southampton North,E14001449,71871,50027,Green,Green Party,False,False,1893,5
South East,Romsey and Southampton North,E14001449,71871,50027,Ind,,False,True,183,6
North West,Rossendale and Darwen,E14001450,74440,44618,Lab,Labour,False,False,18247,1
North West,Rossendale and Darwen,E14001450,74440,44618,Con,Conservative,False,False,12619,2
North West,Rossendale and Darwen,E14001450,74440,44618,RUK,Reform UK,False,False,9695,3
North West,Rossendale and Darwen,E14001450,74440,44618,Green,Green Party,False,False,2325,4
North West,Rossendale and Darwen,E14001450,74440,44618,LD,Liberal Democrat,False,False,1241,5
North West,Rossendale and Darwen,E14001450,74440,44618,WPB,Workers Party of Britain,False,False,491,6
Yorkshire and The Humber,Rotherham,E14001452,75929,36932,Lab,Labour,False,False,16671,1
Yorkshire and The Humber,Rotherham,E14001452,75929,36932,RUK,Reform UK,False,False,11181,2
Yorkshire and The Humber,Rotherham,E14001452,75929,36932,LD,Liberal Democrat,False,False,2824,3
Yorkshire and The Humber,Rotherham,E14001452,75929,36932,Green,Green Party,False,False,2632,4
Yorkshire and The Humber,Rotherham,E14001452,75929,36932,WPB,Workers Party of Britain,False,False,1714,5
Yorkshire and The Humber,Rotherham,E14001452,75929,36932,Yrks,The Yorkshire Party,False,False,1363,6
Yorkshire and The Humber,Rotherham,E14001452,75929,36932,Ind,,False,True,547,7
Yorkshire and The Humber,Rother Valley,E14001451,69459,41608,Lab,Labour,False,False,16023,1
Yorkshire and The Humber,Rother Valley,E14001451,69459,41608,Con,Conservative,False,False,15025,2
Yorkshire and The Humber,Rother Valley,E14001451,69459,41608,RUK,Reform UK,False,False,7679,3
Yorkshire and The Humber,Rother Valley,E14001451,69459,41608,Green,Green Party,False,False,1706,4
Yorkshire and The Humber,Rother Valley,E14001451,69459,41608,LD,Liberal Democrat,False,False,1175,5
West Midlands,Rugby,E14001453,74901,49004,Lab,Labour,False,False,19533,1
West Midlands,Rugby,E14001453,74901,49004,Con,Conservative,False,False,15105,2
West Midlands,Rugby,E14001453,74901,49004,RUK,Reform UK,False,False,8225,3
West Midlands,Rugby,E14001453,74901,49004,LD,Liberal Democrat,False,False,3252,4
West Midlands,Rugby,E14001453,74901,49004,Green,Green Party,False,False,2556,5
West Midlands,Rugby,E14001453,74901,49004,Ind,,False,True,215,6
West Midlands,Rugby,E14001453,74901,49004,Ind,,False,True,118,7
London,"Ruislip, Northwood and Pinner",E14001454,71683,47091,Con,Conservative,False,False,21366,1
London,"Ruislip, Northwood and Pinner",E14001454,71683,47091,Lab,Labour,False,False,13785,2
London,"Ruislip, Northwood and Pinner",E14001454,71683,47091,RUK,Reform UK,False,False,4671,3
London,"Ruislip, Northwood and Pinner",E14001454,71683,47091,LD,Liberal Democrat,False,False,4343,4
London,"Ruislip, Northwood and Pinner",E14001454,71683,47091,Green,Green Party,False,False,2926,5
North West,Runcorn and Helsby,E14001455,70801,42235,Lab,Labour,False,False,22358,1
North West,Runcorn and Helsby,E14001455,70801,42235,RUK,Reform UK,False,False,7662,2
North West,Runcorn and Helsby,E14001455,70801,42235,Con,Conservative,False,False,6756,3
North West,Runcorn and Helsby,E14001455,70801,42235,Green,Green Party,False,False,2715,4
North West,Runcorn and Helsby,E14001455,70801,42235,LD,Liberal Democrat,False,False,2149,5
North West,Runcorn and Helsby,E14001455,70801,42235,Lib,Liberal,False,False,479,6
North West,Runcorn and Helsby,E14001455,70801,42235,SDP,Social Democratic Party,False,False,116,7
South East,Runnymede and Weybridge,E14001456,73610,48253,Con,Conservative,False,False,18442,1
South East,Runnymede and Weybridge,E14001456,73610,48253,LD,Liberal Democrat,False,False,10815,2
South East,Runnymede and Weybridge,E14001456,73610,48253,Lab,Labour,False,False,9963,3
South East,Runnymede and Weybridge,E14001456,73610,48253,RUK,Reform UK,False,False,6419,4
South East,Runnymede and Weybridge,E14001456,73610,48253,Green,Green Party,False,False,1954,5
South East,Runnymede and Weybridge,E14001456,73610,48253,Ind,,False,True,518,6
South East,Runnymede and Weybridge,E14001456,73610,48253,UKIP,UK Independence Party,False,False,142,7
East Midlands,Rushcliffe,E14001457,79160,57744,Lab,Labour,False,False,25291,1
East Midlands,Rushcliffe,E14001457,79160,57744,Con,Conservative,False,False,17865,2
East Midlands,Rushcliffe,E14001457,79160,57744,RUK,Reform UK,False,False,6353,3
East Midlands,Rushcliffe,E14001457,79160,57744,Green,Green Party,False,False,4367,4
East Midlands,Rushcliffe,E14001457,79160,57744,LD,Liberal Democrat,False,False,3133,5
East Midlands,Rushcliffe,E14001457,79160,57744,Ind,,False,True,549,6
East Midlands,Rushcliffe,E14001457,79160,57744,Ind,,False,True,186,7
East Midlands,Rutland and Stamford,E14001458,71763,48577,Con,Conservative,False,False,21248,1
East Midlands,Rutland and Stamford,E14001458,71763,48577,Lab,Labour,False,False,10854,2
East Midlands,Rutland and Stamford,E14001458,71763,48577,RUK,Reform UK,False,False,7008,3
East Midlands,Rutland and Stamford,E14001458,71763,48577,LD,Liberal Democrat,False,False,6252,4
East Midlands,Rutland and Stamford,E14001458,71763,48577,Green,Green Party,False,False,2806,5
East Midlands,Rutland and Stamford,E14001458,71763,48577,REU,Rejoin EU,False,False,409,6
North West,Salford,E14001459,83633,39704,Lab,Labour,False,False,21132,1
North West,Salford,E14001459,83633,39704,RUK,Reform UK,False,False,6031,2
North West,Salford,E14001459,83633,39704,Green,Green Party,False,False,5188,3
North West,Salford,E14001459,83633,39704,Con,Conservative,False,False,3583,4
North West,Salford,E14001459,83633,39704,LD,Liberal Democrat,False,False,2752,5
North West,Salford,E14001459,83633,39704,WPB,Workers Party of Britain,False,False,791,6
North West,Salford,E14001459,83633,39704,SDP,Social Democratic Party,False,False,227,7
South West,Salisbury,E14001460,71802,50173,Con,Conservative,False,False,17110,1
South West,Salisbury,E14001460,71802,50173,Lab,Labour,False,False,13303,2
South West,Salisbury,E14001460,71802,50173,LD,Liberal Democrat,False,False,11825,3
South West,Salisbury,E14001460,71802,50173,RUK,Reform UK,False,False,5235,4
South West,Salisbury,E14001460,71802,50173,Green,Green Party,False,False,2115,5
South West,Salisbury,E14001460,71802,50173,Ind,,False,True,458,6
South West,Salisbury,E14001460,71802,50173,Cli,Climate Party,False,False,127,7
Yorkshire and The Humber,Scarborough and Whitby,E14001461,74544,44221,Lab,Labour,False,False,17758,1
Yorkshire and The Humber,Scarborough and Whitby,E14001461,74544,44221,Con,Conservative,False,False,12350,2
Yorkshire and The Humber,Scarborough and Whitby,E14001461,74544,44221,RUK,Reform UK,False,False,9657,3
Yorkshire and The Humber,Scarborough and Whitby,E14001461,74544,44221,LD,Liberal Democrat,False,False,1899,4
Yorkshire and The Humber,Scarborough and Whitby,E14001461,74544,44221,Green,Green Party,False,False,1719,5
Yorkshire and The Humber,Scarborough and Whitby,E14001461,74544,44221,Yrks,The Yorkshire Party,False,False,477,6
Yorkshire and The Humber,Scarborough and Whitby,E14001461,74544,44221,SJ,Social Justice party,False,False,285,7
Yorkshire and The Humber,Scarborough and Whitby,E14001461,74544,44221,SDP,Social Democratic Party,False,False,76,8
Yorkshire and The Humber,Scunthorpe,E14001462,73855,39051,Lab,Labour,False,False,15484,1
Yorkshire and The Humber,Scunthorpe,E14001462,73855,39051,Con,Conservative,False,False,11942,2
Yorkshire and The Humber,Scunthorpe,E14001462,73855,39051,RUK,Reform UK,False,False,8163,3
Yorkshire and The Humber,Scunthorpe,E14001462,73855,39051,Green,Green Party,False,False,1218,4
Yorkshire and The Humber,Scunthorpe,E14001462,73855,39051,Ind,,False,True,1202,5
Yorkshire and The Humber,Scunthorpe,E14001462,73855,39051,LD,Liberal Democrat,False,False,942,6
Yorkshire and The Humber,Scunthorpe,E14001462,73855,39051,HPUK,Heritage Party,False,False,100,7
North West,Sefton Central,E14001463,74284,47449,Lab,Labour,False,False,26772,1
North West,Sefton Central,E14001463,74284,47449,Con,Conservative,False,False,8490,2
North West,Sefton Central,E14001463,74284,47449,RUK,Reform UK,False,False,5767,3
North West,Sefton Central,E14001463,74284,47449,Green,Green Party,False,False,3294,4
North West,Sefton Central,E14001463,74284,47449,LD,Liberal Democrat,False,False,2630,5
North West,Sefton Central,E14001463,74284,47449,Ind,,False,True,496,6
Yorkshire and The Humber,Selby,E14001464,78043,49222,Lab,Labour,False,False,22788,1
Yorkshire and The Humber,Selby,E14001464,78043,49222,Con,Conservative,False,False,12593,2
Yorkshire and The Humber,Selby,E14001464,78043,49222,RUK,Reform UK,False,False,9565,3
Yorkshire and The Humber,Selby,E14001464,78043,49222,Green,Green Party,False,False,2484,4
Yorkshire and The Humber,Selby,E14001464,78043,49222,LD,Liberal Democrat,False,False,1792,5
South East,Sevenoaks,E14001465,73708,49899,Con,Conservative,False,False,18328,1
South East,Sevenoaks,E14001465,73708,49899,LD,Liberal Democrat,False,False,12888,2
South East,Sevenoaks,E14001465,73708,49899,RUK,Reform UK,False,False,9341,3
South East,Sevenoaks,E14001465,73708,49899,Lab,Labour,False,False,6802,4
South East,Sevenoaks,E14001465,73708,49899,Green,Green Party,False,False,2033,5
South East,Sevenoaks,E14001465,73708,49899,REU,Rejoin EU,False,False,298,6
South East,Sevenoaks,E14001465,73708,49899,SDP,Social Democratic Party,False,False,209,7
Yorkshire and The Humber,Sheffield Brightside and Hillsborough,E14001466,70389,31612,Lab,Labour,False,False,16301,1
Yorkshire and The Humber,Sheffield Brightside and Hillsborough,E14001466,70389,31612,Green,Green Party,False,False,4701,2
Yorkshire and The Humber,Sheffield Brightside and Hillsborough,E14001466,70389,31612,Con,Conservative,False,False,4069,3
Yorkshire and The Humber,Sheffield Brightside and Hillsborough,E14001466,70389,31612,Ind,,False,True,2537,4
Yorkshire and The Humber,Sheffield Brightside and Hillsborough,E14001466,70389,31612,LD,Liberal Democrat,False,False,1694,5
Yorkshire and The Humber,Sheffield Brightside and Hillsborough,E14001466,70389,31612,WPB,Workers Party of Britain,False,False,1437,6
Yorkshire and The Humber,Sheffield Brightside and Hillsborough,E14001466,70389,31612,SDP,Social Democratic Party,False,False,873,7
Yorkshire and The Humber,Sheffield Central,E14001467,60594,31803,Lab,Labour,False,False,16569,1
Yorkshire and The Humber,Sheffield Central,E14001467,60594,31803,Green,Green Party,False,False,8283,2
Yorkshire and The Humber,Sheffield Central,E14001467,60594,31803,Con,Conservative,False,False,2339,3
Yorkshire and The Humber,Sheffield Central,E14001467,60594,31803,LD,Liberal Democrat,False,False,2174,4
Yorkshire and The Humber,Sheffield Central,E14001467,60594,31803,Ind,,False,True,1039,5
Yorkshire and The Humber,Sheffield Central,E14001467,60594,31803,WPB,Workers Party of Britain,False,False,656,6
Yorkshire and The Humber,Sheffield Central,E14001467,60594,31803,TUSC,Trade Unionist and Socialist Coalition,False,False,409,7
Yorkshire and The Humber,Sheffield Central,E14001467,60594,31803,SDP,Social Democratic Party,False,False,334,8
Yorkshire and The Humber,Sheffield Hallam,E14001468,72900,51601,Lab,Labour,False,False,23875,1
Yorkshire and The Humber,Sheffield Hallam,E14001468,72900,51601,LD,Liberal Democrat,False,False,15686,2
Yorkshire and The Humber,Sheffield Hallam,E14001468,72900,51601,Con,Conservative,False,False,6205,3
Yorkshire and The Humber,Sheffield Hallam,E14001468,72900,51601,Green,Green Party,False,False,4491,4
Yorkshire and The Humber,Sheffield Hallam,E14001468,72900,51601,SDP,Social Democratic Party,False,False,654,5
Yorkshire and The Humber,Sheffield Hallam,E14001468,72900,51601,REU,Rejoin EU,False,False,409,6
Yorkshire and The Humber,Sheffield Hallam,E14001468,72900,51601,WPB,Workers Party of Britain,False,False,281,7
Yorkshire and The Humber,Sheffield Heeley,E14001469,73452,38446,Lab,Labour,False,False,21230,1
Yorkshire and The Humber,Sheffield Heeley,E14001469,73452,38446,Green,Green Party,False,False,5926,2
Yorkshire and The Humber,Sheffield Heeley,E14001469,73452,38446,Con,Conservative,False,False,5242,3
Yorkshire and The Humber,Sheffield Heeley,E14001469,73452,38446,LD,Liberal Democrat,False,False,3863,4
Yorkshire and The Humber,Sheffield Heeley,E14001469,73452,38446,SDP,Social Democratic Party,False,False,711,5
Yorkshire and The Humber,Sheffield Heeley,E14001469,73452,38446,WPB,Workers Party of Britain,False,False,594,6
Yorkshire and The Humber,Sheffield Heeley,E14001469,73452,38446,POW,Party of Women,False,False,482,7
Yorkshire and The Humber,Sheffield Heeley,E14001469,73452,38446,TUSC,Trade Unionist and Socialist Coalition,False,False,398,8
Yorkshire and The Humber,Sheffield South East,E14001470,74156,35771,Lab,Labour,False,False,18710,1
Yorkshire and The Humber,Sheffield South East,E14001470,74156,35771,Con,Conservative,False,False,6252,2
Yorkshire and The Humber,Sheffield South East,E14001470,74156,35771,LD,Liberal Democrat,False,False,3421,3
Yorkshire and The Humber,Sheffield South East,E14001470,74156,35771,Green,Green Party,False,False,3158,4
Yorkshire and The Humber,Sheffield South East,E14001470,74156,35771,Ind,,False,True,1716,5
Yorkshire and The Humber,Sheffield South East,E14001470,74156,35771,WPB,Workers Party of Britain,False,False,1453,6
Yorkshire and The Humber,Sheffield South East,E14001470,74156,35771,SDP,Social Democratic Party,False,False,1061,7
East Midlands,Sherwood Forest,E14001471,78896,48660,Lab,Labour,False,False,18841,1
East Midlands,Sherwood Forest,E14001471,78896,48660,Con,Conservative,False,False,13398,2
East Midlands,Sherwood Forest,E14001471,78896,48660,RUK,Reform UK,False,False,11320,3
East Midlands,Sherwood Forest,E14001471,78896,48660,Green,Green Party,False,False,2216,4
East Midlands,Sherwood Forest,E14001471,78896,48660,LD,Liberal Democrat,False,False,1838,5
East Midlands,Sherwood Forest,E14001471,78896,48660,Ind,,False,True,864,6
East Midlands,Sherwood Forest,E14001471,78896,48660,Ind,,False,True,183,7
Yorkshire and The Humber,Shipley,E14001472,74130,48303,Lab,Labour,False,False,21738,1
Yorkshire and The Humber,Shipley,E14001472,74130,48303,Con,Conservative,False,False,13135,2
Yorkshire and The Humber,Shipley,E14001472,74130,48303,RUK,Reform UK,False,False,7238,3
Yorkshire and The Humber,Shipley,E14001472,74130,48303,Green,Green Party,False,False,3605,4
Yorkshire and The Humber,Shipley,E14001472,74130,48303,LD,Liberal Democrat,False,False,1341,5
Yorkshire and The Humber,Shipley,E14001472,74130,48303,Yrks,The Yorkshire Party,False,False,447,6
Yorkshire and The Humber,Shipley,E14001472,74130,48303,Ind,,False,True,297,7
Yorkshire and The Humber,Shipley,E14001472,74130,48303,WPB,Workers Party of Britain,False,False,269,8
Yorkshire and The Humber,Shipley,E14001472,74130,48303,SDP,Social Democratic Party,False,False,137,9
Yorkshire and The Humber,Shipley,E14001472,74130,48303,CPA,Christian Peoples Alliance,False,False,96,10
West Midlands,Shrewsbury,E14001473,76599,51560,Lab,Labour,False,False,22932,1
West Midlands,Shrewsbury,E14001473,76599,51560,Con,Conservative,False,False,11577,2
West Midlands,Shrewsbury,E14001473,76599,51560,RUK,Reform UK,False,False,7524,3
West Midlands,Shrewsbury,E14001473,76599,51560,LD,Liberal Democrat,False,False,6722,4
West Midlands,Shrewsbury,E14001473,76599,51560,Green,Green Party,False,False,2387,5
West Midlands,Shrewsbury,E14001473,76599,51560,ED,English Democrats,False,False,241,6
West Midlands,Shrewsbury,E14001473,76599,51560,Ind,,False,True,177,7
South East,Sittingbourne and Sheppey,E14001474,79067,40998,Lab,Labour,False,False,11919,1
South East,Sittingbourne and Sheppey,E14001474,79067,40998,Con,Conservative,False,False,11564,2
South East,Sittingbourne and Sheppey,E14001474,79067,40998,RUK,Reform UK,False,False,10512,3
South East,Sittingbourne and Sheppey,E14001474,79067,40998,Si,Swale Independents,False,False,3238,4
South East,Sittingbourne and Sheppey,E14001474,79067,40998,Green,Green Party,False,False,1692,5
South East,Sittingbourne and Sheppey,E14001474,79067,40998,LD,Liberal Democrat,False,False,1321,6
South East,Sittingbourne and Sheppey,E14001474,79067,40998,Ind,,False,True,529,7
South East,Sittingbourne and Sheppey,E14001474,79067,40998,MRLP,Official Monster Raving Loony Party,False,False,223,8
Yorkshire and The Humber,Skipton and Ripon,E14001475,79238,53450,Con,Conservative,False,False,18833,1
Yorkshire and The Humber,Skipton and Ripon,E14001475,79238,53450,Lab,Labour,False,False,17183,2
Yorkshire and The Humber,Skipton and Ripon,E14001475,79238,53450,RUK,Reform UK,False,False,8516,3
Yorkshire and The Humber,Skipton and Ripon,E14001475,79238,53450,LD,Liberal Democrat,False,False,4194,4
Yorkshire and The Humber,Skipton and Ripon,E14001475,79238,53450,Green,Green Party,False,False,3446,5
Yorkshire and The Humber,Skipton and Ripon,E14001475,79238,53450,Yrks,The Yorkshire Party,False,False,627,6
Yorkshire and The Humber,Skipton and Ripon,E14001475,79238,53450,Ind,,False,True,493,7
Yorkshire and The Humber,Skipton and Ripon,E14001475,79238,53450,HPUK,Heritage Party,False,False,158,8
East Midlands,Sleaford and North Hykeham,E14001476,75651,48565,Con,Conservative,False,False,17348,1
East Midlands,Sleaford and North Hykeham,E14001476,75651,48565,Lab,Labour,False,False,13002,2
East Midlands,Sleaford and North Hykeham,E14001476,75651,48565,RUK,Reform UK,False,False,10484,3
East Midlands,Sleaford and North Hykeham,E14001476,75651,48565,LNIN,Lincolnshire Independents Lincolnshire First,False,False,3032,4
East Midlands,Sleaford and North Hykeham,E14001476,75651,48565,Green,Green Party,False,False,2435,5
East Midlands,Sleaford and North Hykeham,E14001476,75651,48565,LD,Liberal Democrat,False,False,2264,6
South East,Slough,E14001477,81295,43278,Lab,Labour,False,False,14666,1
South East,Slough,E14001477,81295,43278,INet,Independent Network,False,False,11019,2
South East,Slough,E14001477,81295,43278,Con,Conservative,False,False,7457,3
South East,Slough,E14001477,81295,43278,RUK,Reform UK,False,False,3352,4
South East,Slough,E14001477,81295,43278,LD,Liberal Democrat,False,False,2060,5
South East,Slough,E14001477,81295,43278,Green,Green Party,False,False,1873,6
South East,Slough,E14001477,81295,43278,WPB,Workers Party of Britain,False,False,1105,7
South East,Slough,E14001477,81295,43278,Ind,,False,True,995,8
South East,Slough,E14001477,81295,43278,Ind,,False,True,402,9
South East,Slough,E14001477,81295,43278,Ind,,False,True,204,10
South East,Slough,E14001477,81295,43278,HPUK,Heritage Party,False,False,145,11
West Midlands,Smethwick,E14001478,72863,35115,Lab,Labour,False,False,16858,1
West Midlands,Smethwick,E14001478,72863,35115,RUK,Reform UK,False,False,5670,2
West Midlands,Smethwick,E14001478,72863,35115,Con,Conservative,False,False,4546,3
West Midlands,Smethwick,E14001478,72863,35115,Green,Green Party,False,False,2741,4
West Midlands,Smethwick,E14001478,72863,35115,WPB,Workers Party of Britain,False,False,2449,5
West Midlands,Smethwick,E14001478,72863,35115,Ind,,False,True,1322,6
West Midlands,Smethwick,E14001478,72863,35115,LD,Liberal Democrat,False,False,1018,7
West Midlands,Smethwick,E14001478,72863,35115,Ind,,False,True,348,8
West Midlands,Smethwick,E14001478,72863,35115,TUSC,Trade Unionist and Socialist Coalition,False,False,163,9
West Midlands,Solihull West and Shirley,E14001479,71816,46877,Con,Conservative,False,False,16284,1
West Midlands,Solihull West and Shirley,E14001479,71816,46877,Lab,Labour,False,False,11664,2
West Midlands,Solihull West and Shirley,E14001479,71816,46877,LD,Liberal Democrat,False,False,7916,3
West Midlands,Solihull West and Shirley,E14001479,71816,46877,RUK,Reform UK,False,False,7149,4
West Midlands,Solihull West and Shirley,E14001479,71816,46877,Green,Green Party,False,False,3270,5
West Midlands,Solihull West and Shirley,E14001479,71816,46877,Ind,,False,True,594,6
South East,Southampton Itchen,E14001499,68379,38053,Lab,Labour,False,False,15782,1
South East,Southampton Itchen,E14001499,68379,38053,Con,Conservative,False,False,9677,2
South East,Southampton Itchen,E14001499,68379,38053,RUK,Reform UK,False,False,6853,3
South East,Southampton Itchen,E14001499,68379,38053,Green,Green Party,False,False,2793,4
South East,Southampton Itchen,E14001499,68379,38053,LD,Liberal Democrat,False,False,2684,5
South East,Southampton Itchen,E14001499,68379,38053,TUSC,Trade Unionist and Socialist Coalition,False,False,264,6
South East,Southampton Test,E14001500,65520,35805,Lab,Labour,False,False,15945,1
South East,Southampton Test,E14001500,65520,35805,Con,Conservative,False,False,6612,2
South East,Southampton Test,E14001500,65520,35805,RUK,Reform UK,False,False,5261,3
South East,Southampton Test,E14001500,65520,35805,Green,Green Party,False,False,3594,4
South East,Southampton Test,E14001500,65520,35805,LD,Liberal Democrat,False,False,3252,5
South East,Southampton Test,E14001500,65520,35805,WPB,Workers Party of Britain,False,False,775,6
South East,Southampton Test,E14001500,65520,35805,TUSC,Trade Unionist and Socialist Coalition,False,False,366,7
East of England,South Basildon and East Thurrock,E14001480,72673,39549,RUK,Reform UK,False,False,12178,1
East of England,South Basildon and East Thurrock,E14001480,72673,39549,Lab,Labour,False,False,12080,2
East of England,South Basildon and East Thurrock,E14001480,72673,39549,Con,Conservative,False,False,10159,3
East of England,South Basildon and East Thurrock,E14001480,72673,39549,Ind,,False,True,1928,4
East of England,South Basildon and East Thurrock,E14001480,72673,39549,Green,Green Party,False,False,1718,5
East of England,South Basildon and East Thurrock,E14001480,72673,39549,LD,Liberal Democrat,False,False,1071,6
East of England,South Basildon and East Thurrock,E14001480,72673,39549,Ind,,False,True,275,7
East of England,South Basildon and East Thurrock,E14001480,72673,39549,SDP,Social Democratic Party,False,False,140,8
East of England,South Cambridgeshire,E14001481,77327,54885,LD,Liberal Democrat,False,False,25704,1
East of England,South Cambridgeshire,E14001481,77327,54885,Con,Conservative,False,False,15063,2
East of England,South Cambridgeshire,E14001481,77327,54885,Lab,Labour,False,False,6106,3
East of England,South Cambridgeshire,E14001481,77327,54885,RUK,Reform UK,False,False,4897,4
East of England,South Cambridgeshire,E14001481,77327,54885,Green,Green Party,False,False,2656,5
East of England,South Cambridgeshire,E14001481,77327,54885,Ind,,False,True,459,6
South West,South Cotswolds,E14001482,71971,52287,LD,Liberal Democrat,False,False,22961,1
South West,South Cotswolds,E14001482,71971,52287,Con,Conservative,False,False,17988,2
South West,South Cotswolds,E14001482,71971,52287,RUK,Reform UK,False,False,5146,3
South West,South Cotswolds,E14001482,71971,52287,Lab,Labour,False,False,3942,4
South West,South Cotswolds,E14001482,71971,52287,Green,Green Party,False,False,1564,5
South West,South Cotswolds,E14001482,71971,52287,Lib,Liberal,False,False,225,6
South West,South Cotswolds,E14001482,71971,52287,Ind,,False,True,183,7
South West,South Cotswolds,E14001482,71971,52287,SDP,Social Democratic Party,False,False,156,8
South West,South Cotswolds,E14001482,71971,52287,Ind,,False,True,122,9
East Midlands,South Derbyshire,E14001483,73714,45737,Lab,Labour,False,False,17734,1
East Midlands,South Derbyshire,E14001483,73714,45737,Con,Conservative,False,False,13566,2
East Midlands,South Derbyshire,E14001483,73714,45737,RUK,Reform UK,False,False,8979,3
East Midlands,South Derbyshire,E14001483,73714,45737,LD,Liberal Democrat,False,False,2134,4
East Midlands,South Derbyshire,E14001483,73714,45737,Green,Green Party,False,False,1941,5
East Midlands,South Derbyshire,E14001483,73714,45737,Ind,,False,True,1200,6
East Midlands,South Derbyshire,E14001483,73714,45737,SL,Socialist Labour Party,False,False,183,7
South West,South Devon,E14001484,72261,49004,LD,Liberal Democrat,False,False,22540,1
South West,South Devon,E14001484,72261,49004,Con,Conservative,False,False,15413,2
South West,South Devon,E14001484,72261,49004,RUK,Reform UK,False,False,6363,3
South West,South Devon,E14001484,72261,49004,Lab,Labour,False,False,3066,4
South West,South Devon,E14001484,72261,49004,Green,Green Party,False,False,1497,5
South West,South Devon,E14001484,72261,49004,HPUK,Heritage Party,False,False,125,6
South West,South Dorset,E14001485,75924,49037,Lab,Labour,False,False,15659,1
South West,South Dorset,E14001485,75924,49037,Con,Conservative,False,False,14611,2
South West,South Dorset,E14001485,75924,49037,RUK,Reform UK,False,False,8168,3
South West,South Dorset,E14001485,75924,49037,LD,Liberal Democrat,False,False,8017,4
South West,South Dorset,E14001485,75924,49037,Green,Green Party,False,False,2153,5
South West,South Dorset,E14001485,75924,49037,Ind,,False,True,192,6
South West,South Dorset,E14001485,75924,49037,Ind,,False,True,185,7
South West,South Dorset,E14001485,75924,49037,Ind,,False,True,52,8
South West,South East Cornwall,E14001486,72654,49286,Lab,Labour,False,False,15670,1
South West,South East Cornwall,E14001486,72654,49286,Con,Conservative,False,False,13759,2
South West,South East Cornwall,E14001486,72654,49286,RUK,Reform UK,False,False,9311,3
South West,South East Cornwall,E14001486,72654,49286,LD,Liberal Democrat,False,False,8284,4
South West,South East Cornwall,E14001486,72654,49286,Green,Green Party,False,False,1999,5
South West,South East Cornwall,E14001486,72654,49286,HPUK,Heritage Party,False,False,263,6
East of England,Southend East and Rochford,E14001501,70217,39656,Lab,Labour,False,False,15395,1
East of England,Southend East and Rochford,E14001501,70217,39656,Con,Conservative,False,False,11368,2
East of England,Southend East and Rochford,E14001501,70217,39656,RUK,Reform UK,False,False,7214,3
East of England,Southend East and Rochford,E14001501,70217,39656,Green,Green Party,False,False,2716,4
East of England,Southend East and Rochford,E14001501,70217,39656,LD,Liberal Democrat,False,False,2269,5
East of England,Southend East and Rochford,E14001501,70217,39656,CFLY,Confelicity,False,False,488,6
East of England,Southend East and Rochford,E14001501,70217,39656,HPUK,Heritage Party,False,False,206,7
East of England,Southend West and Leigh,E14001502,75154,46968,Lab,Labour,False,False,16739,1
East of England,Southend West and Leigh,E14001502,75154,46968,Con,Conservative,False,False,14790,2
East of England,Southend West and Leigh,E14001502,75154,46968,RUK,Reform UK,False,False,8273,3
East of England,Southend West and Leigh,E14001502,75154,46968,Green,Green Party,False,False,3262,4
East of England,Southend West and Leigh,E14001502,75154,46968,LD,Liberal Democrat,False,False,3174,5
East of England,Southend West and Leigh,E14001502,75154,46968,CFLY,Confelicity,False,False,262,6
East of England,Southend West and Leigh,E14001502,75154,46968,Ind,,False,True,172,7
East of England,Southend West and Leigh,E14001502,75154,46968,PSY,Psychedelic Movement,False,False,99,8
East of England,Southend West and Leigh,E14001502,75154,46968,HPUK,Heritage Party,False,False,99,9
East of England,Southend West and Leigh,E14001502,75154,46968,Ind,,False,True,98,10
London,Southgate and Wood Green,E14001503,77542,45671,Lab,Labour,False,False,23337,1
London,Southgate and Wood Green,E14001503,77542,45671,Con,Conservative,False,False,8037,2
London,Southgate and Wood Green,E14001503,77542,45671,Green,Green Party,False,False,5607,3
London,Southgate and Wood Green,E14001503,77542,45671,LD,Liberal Democrat,False,False,3925,4
London,Southgate and Wood Green,E14001503,77542,45671,RUK,Reform UK,False,False,3147,5
London,Southgate and Wood Green,E14001503,77542,45671,WPB,Workers Party of Britain,False,False,833,6
London,Southgate and Wood Green,E14001503,77542,45671,TUSC,Trade Unionist and Socialist Coalition,False,False,785,7
East Midlands,South Holland and The Deepings,E14001487,78473,45930,Con,Conservative,False,False,17462,1
East Midlands,South Holland and The Deepings,E14001487,78473,45930,RUK,Reform UK,False,False,10606,2
East Midlands,South Holland and The Deepings,E14001487,78473,45930,Lab,Labour,False,False,9086,3
East Midlands,South Holland and The Deepings,E14001487,78473,45930,Ind,,False,True,5031,4
East Midlands,South Holland and The Deepings,E14001487,78473,45930,LD,Liberal Democrat,False,False,1945,5
East Midlands,South Holland and The Deepings,E14001487,78473,45930,Green,Green Party,False,False,1800,6
East Midlands,South Leicestershire,E14001488,78511,51359,Con,Conservative,False,False,18264,1
East Midlands,South Leicestershire,E14001488,78511,51359,Lab,Labour,False,False,12758,2
East Midlands,South Leicestershire,E14001488,78511,51359,RUK,Reform UK,False,False,10235,3
East Midlands,South Leicestershire,E14001488,78511,51359,LD,Liberal Democrat,False,False,7621,4
East Midlands,South Leicestershire,E14001488,78511,51359,Green,Green Party,False,False,2481,5
East of England,South Norfolk,E14001489,74006,49579,Lab,Labour,False,False,17353,1
East of England,South Norfolk,E14001489,74006,49579,Con,Conservative,False,False,14527,2
East of England,South Norfolk,E14001489,74006,49579,RUK,Reform UK,False,False,7583,3
East of England,South Norfolk,E14001489,74006,49579,LD,Liberal Democrat,False,False,5746,4
East of England,South Norfolk,E14001489,74006,49579,Green,Green Party,False,False,3987,5
East of England,South Norfolk,E14001489,74006,49579,Ind,,False,True,254,6
East of England,South Norfolk,E14001489,74006,49579,SDP,Social Democratic Party,False,False,129,7
East Midlands,South Northamptonshire,E14001490,78233,53697,Con,Conservative,False,False,19191,1
East Midlands,South Northamptonshire,E14001490,78233,53697,Lab,Labour,False,False,15504,2
East Midlands,South Northamptonshire,E14001490,78233,53697,RUK,Reform UK,False,False,8962,3
East Midlands,South Northamptonshire,E14001490,78233,53697,LD,Liberal Democrat,False,False,4989,4
East Midlands,South Northamptonshire,E14001490,78233,53697,Green,Green Party,False,False,3040,5
East Midlands,South Northamptonshire,E14001490,78233,53697,Ind,,False,True,1556,6
East Midlands,South Northamptonshire,E14001490,78233,53697,WPB,Workers Party of Britain,False,False,246,7
East Midlands,South Northamptonshire,E14001490,78233,53697,Ind,,False,True,209,8
North West,Southport,E14001504,73641,45059,Lab,Labour,False,False,17252,1
North West,Southport,E14001504,73641,45059,Con,Conservative,False,False,11463,2
North West,Southport,E14001504,73641,45059,RUK,Reform UK,False,False,7395,3
North West,Southport,E14001504,73641,45059,LD,Liberal Democrat,False,False,5868,4
North West,Southport,E14001504,73641,45059,Green,Green Party,False,False,2159,5
North West,Southport,E14001504,73641,45059,Ind,,False,True,922,6
North West,South Ribble,E14001491,73420,46720,Lab,Labour,False,False,19840,1
North West,South Ribble,E14001491,73420,46720,Con,Conservative,False,False,13339,2
North West,South Ribble,E14001491,73420,46720,RUK,Reform UK,False,False,8995,3
North West,South Ribble,E14001491,73420,46720,LD,Liberal Democrat,False,False,2972,4
North West,South Ribble,E14001491,73420,46720,Green,Green Party,False,False,1574,5
North East,South Shields,E14001492,68366,36824,Lab,Labour,False,False,15122,1
North East,South Shields,E14001492,68366,36824,RUK,Reform UK,False,False,8469,2
North East,South Shields,E14001492,68366,36824,Green,Green Party,False,False,5433,3
North East,South Shields,E14001492,68366,36824,Con,Conservative,False,False,4128,4
North East,South Shields,E14001492,68366,36824,Ind,,False,True,2270,5
North East,South Shields,E14001492,68366,36824,LD,Liberal Democrat,False,False,1402,6
West Midlands,South Shropshire,E14001493,76677,51653,Con,Conservative,False,False,17628,1
West Midlands,South Shropshire,E14001493,76677,51653,LD,Liberal Democrat,False,False,16004,2
West Midlands,South Shropshire,E14001493,76677,51653,RUK,Reform UK,False,False,9171,3
West Midlands,South Shropshire,E14001493,76677,51653,Lab,Labour,False,False,6939,4
West Midlands,South Shropshire,E14001493,76677,51653,Green,Green Party,False,False,1911,5
East of England,South Suffolk,E14001494,74619,48801,Con,Conservative,False,False,16082,1
East of England,South Suffolk,E14001494,74619,48801,Lab,Labour,False,False,13035,2
East of England,South Suffolk,E14001494,74619,48801,RUK,Reform UK,False,False,9252,3
East of England,South Suffolk,E14001494,74619,48801,LD,Liberal Democrat,False,False,6424,4
East of England,South Suffolk,E14001494,74619,48801,Green,Green Party,False,False,4008,5
South West,South West Devon,E14001495,77600,52242,Con,Conservative,False,False,17916,1
South West,South West Devon,E14001495,77600,52242,Lab,Labour,False,False,15804,2
South West,South West Devon,E14001495,77600,52242,RUK,Reform UK,False,False,9361,3
South West,South West Devon,E14001495,77600,52242,LD,Liberal Democrat,False,False,5551,4
South West,South West Devon,E14001495,77600,52242,Green,Green Party,False,False,2925,5
South West,South West Devon,E14001495,77600,52242,Ind,,False,True,438,6
South West,South West Devon,E14001495,77600,52242,TUSC,Trade Unionist and Socialist Coalition,False,False,141,7
South West,South West Devon,E14001495,77600,52242,HPUK,Heritage Party,False,False,106,8
East of England,South West Hertfordshire,E14001496,71737,48254,Con,Conservative,False,False,16458,1
East of England,South West Hertfordshire,E14001496,71737,48254,LD,Liberal Democrat,False,False,12002,2
East of England,South West Hertfordshire,E14001496,71737,48254,Lab,Labour,False,False,9637,3
East of England,South West Hertfordshire,E14001496,71737,48254,RUK,Reform UK,False,False,6790,4
East of England,South West Hertfordshire,E14001496,71737,48254,Green,Green Party,False,False,2532,5
East of England,South West Hertfordshire,E14001496,71737,48254,POW,Party of Women,False,False,295,6
East of England,South West Hertfordshire,E14001496,71737,48254,REU,Rejoin EU,False,False,232,7
East of England,South West Hertfordshire,E14001496,71737,48254,SDP,Social Democratic Party,False,False,158,8
East of England,South West Hertfordshire,E14001496,71737,48254,UKV,UK Voice,False,False,150,9
East of England,South West Norfolk,E14001497,74724,44335,Lab,Labour,False,False,11847,1
East of England,South West Norfolk,E14001497,74724,44335,Con,Conservative,False,False,11217,2
East of England,South West Norfolk,E14001497,74724,44335,RUK,Reform UK,False,False,9958,3
East of England,South West Norfolk,E14001497,74724,44335,Ind,,False,True,6282,4
East of England,South West Norfolk,E14001497,74724,44335,LD,Liberal Democrat,False,False,2618,5
East of England,South West Norfolk,E14001497,74724,44335,Green,Green Party,False,False,1838,6
East of England,South West Norfolk,E14001497,74724,44335,MRLP,Official Monster Raving Loony Party,False,False,338,7
East of England,South West Norfolk,E14001497,74724,44335,HPUK,Heritage Party,False,False,160,8
East of England,South West Norfolk,E14001497,74724,44335,Comm,Communist Party of Britain,False,False,77,9
South West,South West Wiltshire,E14001498,73071,46168,Con,Conservative,False,False,15617,1
South West,South West Wiltshire,E14001498,73071,46168,Lab,Labour,False,False,12374,2
South West,South West Wiltshire,E14001498,73071,46168,RUK,Reform UK,False,False,7840,3
South West,South West Wiltshire,E14001498,73071,46168,LD,Liberal Democrat,False,False,7205,4
South West,South West Wiltshire,E14001498,73071,46168,Green,Green Party,False,False,2243,5
South West,South West Wiltshire,E14001498,73071,46168,Ind,,False,True,448,6
South West,South West Wiltshire,E14001498,73071,46168,Ind,,False,True,441,7
South East,Spelthorne,E14001505,73782,46166,Con,Conservative,False,False,14038,1
South East,Spelthorne,E14001505,73782,46166,Lab,Labour,False,False,12448,2
South East,Spelthorne,E14001505,73782,46166,LD,Liberal Democrat,False,False,8710,3
South East,Spelthorne,E14001505,73782,46166,RUK,Reform UK,False,False,8284,4
South East,Spelthorne,E14001505,73782,46166,Green,Green Party,False,False,2413,5
South East,Spelthorne,E14001505,73782,46166,SDP,Social Democratic Party,False,False,273,6
Yorkshire and The Humber,Spen Valley,E14001506,72642,41058,Lab,Labour,False,False,16076,1
Yorkshire and The Humber,Spen Valley,E14001506,72642,41058,RUK,Reform UK,False,False,9888,2
Yorkshire and The Humber,Spen Valley,E14001506,72642,41058,Con,Conservative,False,False,9859,3
Yorkshire and The Humber,Spen Valley,E14001506,72642,41058,Green,Green Party,False,False,2284,4
Yorkshire and The Humber,Spen Valley,E14001506,72642,41058,Ind,,False,True,1526,5
Yorkshire and The Humber,Spen Valley,E14001506,72642,41058,LD,Liberal Democrat,False,False,1425,6
West Midlands,Stafford,E14001513,70608,46009,Lab,Labour,False,False,18531,1
West Midlands,Stafford,E14001513,70608,46009,Con,Conservative,False,False,13936,2
West Midlands,Stafford,E14001513,70608,46009,RUK,Reform UK,False,False,8612,3
West Midlands,Stafford,E14001513,70608,46009,Green,Green Party,False,False,2856,4
West Midlands,Stafford,E14001513,70608,46009,LD,Liberal Democrat,False,False,1676,5
West Midlands,Stafford,E14001513,70608,46009,MRLP,Official Monster Raving Loony Party,False,False,307,6
West Midlands,Stafford,E14001513,70608,46009,HPUK,Heritage Party,False,False,91,7
West Midlands,Staffordshire Moorlands,E14001514,69892,43302,Con,Conservative,False,False,15310,1
West Midlands,Staffordshire Moorlands,E14001514,69892,43302,Lab,Labour,False,False,14135,2
West Midlands,Staffordshire Moorlands,E14001514,69892,43302,RUK,Reform UK,False,False,10065,3
West Midlands,Staffordshire Moorlands,E14001514,69892,43302,Green,Green Party,False,False,2293,4
West Midlands,Staffordshire Moorlands,E14001514,69892,43302,LD,Liberal Democrat,False,False,1499,5
East of England,St Albans,E14001507,72739,51614,LD,Liberal Democrat,False,False,29222,1
East of England,St Albans,E14001507,72739,51614,Con,Conservative,False,False,9388,2
East of England,St Albans,E14001507,72739,51614,Lab,Labour,False,False,5189,3
East of England,St Albans,E14001507,72739,51614,RUK,Reform UK,False,False,4336,4
East of England,St Albans,E14001507,72739,51614,Green,Green Party,False,False,3272,5
East of England,St Albans,E14001507,72739,51614,HPUK,Heritage Party,False,False,104,6
East of England,St Albans,E14001507,72739,51614,SDP,Social Democratic Party,False,False,103,7
North West,Stalybridge and Hyde,E14001515,72265,37239,Lab,Labour,False,False,16320,1
North West,Stalybridge and Hyde,E14001515,72265,37239,RUK,Reform UK,False,False,7781,2
North West,Stalybridge and Hyde,E14001515,72265,37239,Con,Conservative,False,False,6872,3
North West,Stalybridge and Hyde,E14001515,72265,37239,Green,Green Party,False,False,2745,4
North West,Stalybridge and Hyde,E14001515,72265,37239,WPB,Workers Party of Britain,False,False,1227,5
North West,Stalybridge and Hyde,E14001515,72265,37239,Ind,,False,True,1214,6
North West,Stalybridge and Hyde,E14001515,72265,37239,LD,Liberal Democrat,False,False,1080,7
South West,St Austell and Newquay,E14001508,76076,46732,Lab,Labour,False,False,15958,1
South West,St Austell and Newquay,E14001508,76076,46732,Con,Conservative,False,False,13488,2
South West,St Austell and Newquay,E14001508,76076,46732,RUK,Reform UK,False,False,9212,3
South West,St Austell and Newquay,E14001508,76076,46732,LD,Liberal Democrat,False,False,4805,4
South West,St Austell and Newquay,E14001508,76076,46732,Green,Green Party,False,False,2337,5
South West,St Austell and Newquay,E14001508,76076,46732,Lib,Liberal,False,False,490,6
South West,St Austell and Newquay,E14001508,76076,46732,Ind,,False,True,442,7
East of England,Stevenage,E14001516,70976,42715,Lab,Labour,False,False,17698,1
East of England,Stevenage,E14001516,70976,42715,Con,Conservative,False,False,11080,2
East of England,Stevenage,E14001516,70976,42715,RUK,Reform UK,False,False,7667,3
East of England,Stevenage,E14001516,70976,42715,LD,Liberal Democrat,False,False,3467,4
East of England,Stevenage,E14001516,70976,42715,Green,Green Party,False,False,2655,5
East of England,Stevenage,E14001516,70976,42715,CPA,Christian Peoples Alliance,False,False,148,6
North West,St Helens North,E14001509,75483,40474,Lab,Labour,False,False,21284,1
North West,St Helens North,E14001509,75483,40474,RUK,Reform UK,False,False,9115,2
North West,St Helens North,E14001509,75483,40474,Con,Conservative,False,False,4507,3
North West,St Helens North,E14001509,75483,40474,Green,Green Party,False,False,3495,4
North West,St Helens North,E14001509,75483,40474,LD,Liberal Democrat,False,False,1799,5
North West,St Helens North,E14001509,75483,40474,ECP,English Constitution Party,False,False,274,6
North West,St Helens South and Whiston,E14001510,71569,38035,Lab,Labour,False,False,18919,1
North West,St Helens South and Whiston,E14001510,71569,38035,RUK,Reform UK,False,False,6974,2
North West,St Helens South and Whiston,E14001510,71569,38035,Ind,,False,True,4244,3
North West,St Helens South and Whiston,E14001510,71569,38035,Con,Conservative,False,False,3057,4
North West,St Helens South and Whiston,E14001510,71569,38035,Green,Green Party,False,False,2642,5
North West,St Helens South and Whiston,E14001510,71569,38035,LD,Liberal Democrat,False,False,2199,6
South West,St Ives,E14001511,69978,48106,LD,Liberal Democrat,False,False,25033,1
South West,St Ives,E14001511,69978,48106,Con,Conservative,False,False,11247,2
South West,St Ives,E14001511,69978,48106,RUK,Reform UK,False,False,6492,3
South West,St Ives,E14001511,69978,48106,Lab,Labour,False,False,2788,4
South West,St Ives,E14001511,69978,48106,Green,Green Party,False,False,1797,5
South West,St Ives,E14001511,69978,48106,Ind,,False,True,360,6
South West,St Ives,E14001511,69978,48106,Lib,Liberal,False,False,187,7
South West,St Ives,E14001511,69978,48106,UKIP,UK Independence Party,False,False,111,8
South West,St Ives,E14001511,69978,48106,CP,The Common People,False,False,91,9
East of England,St Neots and Mid Cambridgeshire,E14001512,78115,52882,LD,Liberal Democrat,False,False,19517,1
East of England,St Neots and Mid Cambridgeshire,E14001512,78115,52882,Con,Conservative,False,False,14896,2
East of England,St Neots and Mid Cambridgeshire,E14001512,78115,52882,Lab,Labour,False,False,6918,3
East of England,St Neots and Mid Cambridgeshire,E14001512,78115,52882,RUK,Reform UK,False,False,5673,4
East of England,St Neots and Mid Cambridgeshire,E14001512,78115,52882,Ind,,False,True,2941,5
East of England,St Neots and Mid Cambridgeshire,E14001512,78115,52882,Green,Green Party,False,False,2663,6
East of England,St Neots and Mid Cambridgeshire,E14001512,78115,52882,POW,Party of Women,False,False,274,7
North West,Stockport,E14001517,76632,43683,Lab,Labour,False,False,21787,1
North West,Stockport,E14001517,76632,43683,RUK,Reform UK,False,False,6517,2
North West,Stockport,E14001517,76632,43683,Con,Conservative,False,False,4967,3
North West,Stockport,E14001517,76632,43683,Green,Green Party,False,False,4865,4
North West,Stockport,E14001517,76632,43683,LD,Liberal Democrat,False,False,3724,5
North West,Stockport,E14001517,76632,43683,WPB,Workers Party of Britain,False,False,1630,6
North West,Stockport,E14001517,76632,43683,SFAN,Stockport Fights Austerity No To Cuts,False,False,193,7
North East,Stockton North,E14001518,70242,37401,Lab,Labour,False,False,17128,1
North East,Stockton North,E14001518,70242,37401,RUK,Reform UK,False,False,9189,2
North East,Stockton North,E14001518,70242,37401,Con,Conservative,False,False,8028,3
North East,Stockton North,E14001518,70242,37401,Green,Green Party,False,False,1923,4
North East,Stockton North,E14001518,70242,37401,LD,Liberal Democrat,False,False,1133,5
North East,Stockton West,E14001519,71868,48638,Con,Conservative,False,False,20372,1
North East,Stockton West,E14001519,71868,48638,Lab,Labour,False,False,18233,2
North East,Stockton West,E14001519,71868,48638,RUK,Reform UK,False,False,6833,3
North East,Stockton West,E14001519,71868,48638,Green,Green Party,False,False,1477,4
North East,Stockton West,E14001519,71868,48638,LD,Liberal Democrat,False,False,1203,5
North East,Stockton West,E14001519,71868,48638,Ind,,False,True,263,6
North East,Stockton West,E14001519,71868,48638,Ind,,False,True,106,7
North East,Stockton West,E14001519,71868,48638,Ind,,False,True,106,8
North East,Stockton West,E14001519,71868,48638,IDD,Independents for Direct Democracy,False,False,45,9
West Midlands,Stoke-on-Trent Central,E14001520,73812,35289,Lab,Labour,False,False,14950,1
West Midlands,Stoke-on-Trent Central,E14001520,73812,35289,RUK,Reform UK,False,False,8541,2
West Midlands,Stoke-on-Trent Central,E14001520,73812,35289,Con,Conservative,False,False,6221,3
West Midlands,Stoke-on-Trent Central,E14001520,73812,35289,Ind,,False,True,2281,4
West Midlands,Stoke-on-Trent Central,E14001520,73812,35289,Green,Green Party,False,False,1703,5
West Midlands,Stoke-on-Trent Central,E14001520,73812,35289,LD,Liberal Democrat,False,False,999,6
West Midlands,Stoke-on-Trent Central,E14001520,73812,35289,Ind,,False,True,315,7
West Midlands,Stoke-on-Trent Central,E14001520,73812,35289,Ind,,False,True,279,8
West Midlands,Stoke-on-Trent North,E14001521,69854,36150,Lab,Labour,False,False,14579,1
West Midlands,Stoke-on-Trent North,E14001521,69854,36150,Con,Conservative,False,False,9497,2
West Midlands,Stoke-on-Trent North,E14001521,69854,36150,RUK,Reform UK,False,False,8824,3
West Midlands,Stoke-on-Trent North,E14001521,69854,36150,Green,Green Party,False,False,1236,4
West Midlands,Stoke-on-Trent North,E14001521,69854,36150,Ind,,False,True,1103,5
West Midlands,Stoke-on-Trent North,E14001521,69854,36150,LD,Liberal Democrat,False,False,911,6
West Midlands,Stoke-on-Trent South,E14001522,70002,40942,Lab,Labour,False,False,14221,1
West Midlands,Stoke-on-Trent South,E14001522,70002,40942,Con,Conservative,False,False,13594,2
West Midlands,Stoke-on-Trent South,E14001522,70002,40942,RUK,Reform UK,False,False,8851,3
West Midlands,Stoke-on-Trent South,E14001522,70002,40942,LD,Liberal Democrat,False,False,1577,4
West Midlands,Stoke-on-Trent South,E14001522,70002,40942,Ind,,False,True,1372,5
West Midlands,Stoke-on-Trent South,E14001522,70002,40942,Green,Green Party,False,False,1207,6
West Midlands,Stoke-on-Trent South,E14001522,70002,40942,Ind,,False,True,120,7
West Midlands,"Stone, Great Wyrley and Penkridge",E14001523,71561,42770,Con,Conservative,False,False,19880,1
West Midlands,"Stone, Great Wyrley and Penkridge",E14001523,71561,42770,Lab,Labour,False,False,14414,2
West Midlands,"Stone, Great Wyrley and Penkridge",E14001523,71561,42770,LD,Liberal Democrat,False,False,2952,3
West Midlands,"Stone, Great Wyrley and Penkridge",E14001523,71561,42770,UKIP,UK Independence Party,False,False,2638,4
West Midlands,"Stone, Great Wyrley and Penkridge",E14001523,71561,42770,Green,Green Party,False,False,2236,5
West Midlands,"Stone, Great Wyrley and Penkridge",E14001523,71561,42770,SDP,Social Democratic Party,False,False,650,6
West Midlands,Stourbridge,E14001524,68311,39878,Lab,Labour,False,False,15338,1
West Midlands,Stourbridge,E14001524,68311,39878,Con,Conservative,False,False,12265,2
West Midlands,Stourbridge,E14001524,68311,39878,RUK,Reform UK,False,False,7869,3
West Midlands,Stourbridge,E14001524,68311,39878,Green,Green Party,False,False,1732,4
West Midlands,Stourbridge,E14001524,68311,39878,LD,Liberal Democrat,False,False,1607,5
West Midlands,Stourbridge,E14001524,68311,39878,WPB,Workers Party of Britain,False,False,1067,6
London,Stratford and Bow,E14001525,80735,43435,Lab,Labour,False,False,19145,1
London,Stratford and Bow,E14001525,80735,43435,Green,Green Party,False,False,7511,2
London,Stratford and Bow,E14001525,80735,43435,WPB,Workers Party of Britain,False,False,3274,3
London,Stratford and Bow,E14001525,80735,43435,Con,Conservative,False,False,3114,4
London,Stratford and Bow,E14001525,80735,43435,Ind,,False,True,2380,5
London,Stratford and Bow,E14001525,80735,43435,RUK,Reform UK,False,False,2093,6
London,Stratford and Bow,E14001525,80735,43435,LD,Liberal Democrat,False,False,1926,7
London,Stratford and Bow,E14001525,80735,43435,Ind,,False,True,1826,8
London,Stratford and Bow,E14001525,80735,43435,Ind,,False,True,1791,9
London,Stratford and Bow,E14001525,80735,43435,Ind,,False,True,375,10
West Midlands,Stratford-on-Avon,E14001526,75714,52959,LD,Liberal Democrat,False,False,23450,1
West Midlands,Stratford-on-Avon,E14001526,75714,52959,Con,Conservative,False,False,16328,2
West Midlands,Stratford-on-Avon,E14001526,75714,52959,RUK,Reform UK,False,False,7753,3
West Midlands,Stratford-on-Avon,E14001526,75714,52959,Lab,Labour,False,False,3753,4
West Midlands,Stratford-on-Avon,E14001526,75714,52959,Green,Green Party,False,False,1197,5
West Midlands,Stratford-on-Avon,E14001526,75714,52959,Ind,,False,True,292,6
West Midlands,Stratford-on-Avon,E14001526,75714,52959,NONPOL,New Open Non-Political Organised Leadership,False,False,186,7
London,Streatham and Croydon North,E14001527,76313,44553,Lab,Labour,False,False,23232,1
London,Streatham and Croydon North,E14001527,76313,44553,Green,Green Party,False,False,7629,2
London,Streatham and Croydon North,E14001527,76313,44553,Con,Conservative,False,False,5328,3
London,Streatham and Croydon North,E14001527,76313,44553,LD,Liberal Democrat,False,False,5031,4
London,Streatham and Croydon North,E14001527,76313,44553,RUK,Reform UK,False,False,1994,5
London,Streatham and Croydon North,E14001527,76313,44553,WPB,Workers Party of Britain,False,False,910,6
London,Streatham and Croydon North,E14001527,76313,44553,CPA,Christian Peoples Alliance,False,False,290,7
London,Streatham and Croydon North,E14001527,76313,44553,SDP,Social Democratic Party,False,False,139,8
North West,Stretford and Urmston,E14001528,75153,46002,Lab,Labour,False,False,22642,1
North West,Stretford and Urmston,E14001528,75153,46002,Con,Conservative,False,False,6492,2
North West,Stretford and Urmston,E14001528,75153,46002,RUK,Reform UK,False,False,5485,3
North West,Stretford and Urmston,E14001528,75153,46002,WPB,Workers Party of Britain,False,False,4461,4
North West,Stretford and Urmston,E14001528,75153,46002,Green,Green Party,False,False,4398,5
North West,Stretford and Urmston,E14001528,75153,46002,LD,Liberal Democrat,False,False,2216,6
North West,Stretford and Urmston,E14001528,75153,46002,REU,Rejoin EU,False,False,308,7
South West,Stroud,E14001529,77905,55221,Lab,Labour,False,False,25607,1
South West,Stroud,E14001529,77905,55221,Con,Conservative,False,False,14219,2
South West,Stroud,E14001529,77905,55221,RUK,Reform UK,False,False,6329,3
South West,Stroud,E14001529,77905,55221,Green,Green Party,False,False,5729,4
South West,Stroud,E14001529,77905,55221,LD,Liberal Democrat,False,False,2913,5
South West,Stroud,E14001529,77905,55221,Ind,,False,True,261,6
South West,Stroud,E14001529,77905,55221,VUK,Volt United Kingdom,False,False,163,7
East of England,Suffolk Coastal,E14001530,74522,49451,Lab,Labour,False,False,15672,1
East of England,Suffolk Coastal,E14001530,74522,49451,Con,Conservative,False,False,14602,2
East of England,Suffolk Coastal,E14001530,74522,49451,RUK,Reform UK,False,False,7850,3
East of England,Suffolk Coastal,E14001530,74522,49451,LD,Liberal Democrat,False,False,6947,4
East of England,Suffolk Coastal,E14001530,74522,49451,Green,Green Party,False,False,4380,5
North East,Sunderland Central,E14001531,76145,39957,Lab,Labour,False,False,16852,1
North East,Sunderland Central,E14001531,76145,39957,RUK,Reform UK,False,False,10779,2
North East,Sunderland Central,E14001531,76145,39957,Con,Conservative,False,False,5731,3
North East,Sunderland Central,E14001531,76145,39957,LD,Liberal Democrat,False,False,3602,4
North East,Sunderland Central,E14001531,76145,39957,Green,Green Party,False,False,2993,5
South East,Surrey Heath,E14001532,71934,47788,LD,Liberal Democrat,False,False,21387,1
South East,Surrey Heath,E14001532,71934,47788,Con,Conservative,False,False,15747,2
South East,Surrey Heath,E14001532,71934,47788,RUK,Reform UK,False,False,6252,3
South East,Surrey Heath,E14001532,71934,47788,Lab,Labour,False,False,3148,4
South East,Surrey Heath,E14001532,71934,47788,Green,Green Party,False,False,1162,5
South East,Surrey Heath,E14001532,71934,47788,HPUK,Heritage Party,False,False,92,6
South East,Sussex Weald,E14001533,72885,49175,Con,Conservative,False,False,16758,1
South East,Sussex Weald,E14001533,72885,49175,LD,Liberal Democrat,False,False,9916,2
South East,Sussex Weald,E14001533,72885,49175,RUK,Reform UK,False,False,8920,3
South East,Sussex Weald,E14001533,72885,49175,Lab,Labour,False,False,8239,4
South East,Sussex Weald,E14001533,72885,49175,Green,Green Party,False,False,3762,5
South East,Sussex Weald,E14001533,72885,49175,Ind,,False,True,953,6
South East,Sussex Weald,E14001533,72885,49175,SDP,Social Democratic Party,False,False,319,7
South East,Sussex Weald,E14001533,72885,49175,HPUK,Heritage Party,False,False,156,8
South East,Sussex Weald,E14001533,72885,49175,UKIP,UK Independence Party,False,False,152,9
London,Sutton and Cheam,E14001534,72303,47606,LD,Liberal Democrat,False,False,17576,1
London,Sutton and Cheam,E14001534,72303,47606,Con,Conservative,False,False,13775,2
London,Sutton and Cheam,E14001534,72303,47606,Lab,Labour,False,False,8430,3
London,Sutton and Cheam,E14001534,72303,47606,RUK,Reform UK,False,False,5787,4
London,Sutton and Cheam,E14001534,72303,47606,Green,Green Party,False,False,1721,5
London,Sutton and Cheam,E14001534,72303,47606,Ind,,False,True,317,6
West Midlands,Sutton Coldfield,E14001535,74080,48333,Con,Conservative,False,False,18502,1
West Midlands,Sutton Coldfield,E14001535,74080,48333,Lab,Labour,False,False,15959,2
West Midlands,Sutton Coldfield,E14001535,74080,48333,RUK,Reform UK,False,False,8213,3
West Midlands,Sutton Coldfield,E14001535,74080,48333,LD,Liberal Democrat,False,False,2587,4
West Midlands,Sutton Coldfield,E14001535,74080,48333,Green,Green Party,False,False,2419,5
West Midlands,Sutton Coldfield,E14001535,74080,48333,WPB,Workers Party of Britain,False,False,653,6
South West,Swindon North,E14001536,73224,44165,Lab,Labour,False,False,17930,1
South West,Swindon North,E14001536,73224,44165,Con,Conservative,False,False,13827,2
South West,Swindon North,E14001536,73224,44165,RUK,Reform UK,False,False,7557,3
South West,Swindon North,E14001536,73224,44165,Green,Green Party,False,False,2366,4
South West,Swindon North,E14001536,73224,44165,LD,Liberal Democrat,False,False,2086,5
South West,Swindon North,E14001536,73224,44165,Ind,,False,True,260,6
South West,Swindon North,E14001536,73224,44165,TUSC,Trade Unionist and Socialist Coalition,False,False,139,7
South West,Swindon South,E14001537,72575,44794,Lab,Labour,False,False,21676,1
South West,Swindon South,E14001537,72575,44794,Con,Conservative,False,False,12070,2
South West,Swindon South,E14001537,72575,44794,RUK,Reform UK,False,False,6194,3
South West,Swindon South,E14001537,72575,44794,Green,Green Party,False,False,2539,4
South West,Swindon South,E14001537,72575,44794,LD,Liberal Democrat,False,False,1843,5
South West,Swindon South,E14001537,72575,44794,Ind,,False,True,472,6
West Midlands,Tamworth,E14001538,75055,43788,Lab,Labour,False,False,15338,1
West Midlands,Tamworth,E14001538,75055,43788,Con,Conservative,False,False,13956,2
West Midlands,Tamworth,E14001538,75055,43788,RUK,Reform UK,False,False,11004,3
West Midlands,Tamworth,E14001538,75055,43788,Green,Green Party,False,False,1579,4
West Midlands,Tamworth,E14001538,75055,43788,LD,Liberal Democrat,False,False,1451,5
West Midlands,Tamworth,E14001538,75055,43788,UKIP,UK Independence Party,False,False,290,6
West Midlands,Tamworth,E14001538,75055,43788,WPB,Workers Party of Britain,False,False,170,7
North West,Tatton,E14001539,75978,51909,Con,Conservative,False,False,19956,1
North West,Tatton,E14001539,75978,51909,Lab,Labour,False,False,18820,2
North West,Tatton,E14001539,75978,51909,RUK,Reform UK,False,False,5948,3
North West,Tatton,E14001539,75978,51909,LD,Liberal Democrat,False,False,4614,4
North West,Tatton,E14001539,75978,51909,Green,Green Party,False,False,2571,5
South West,Taunton and Wellington,E14001540,78680,50294,LD,Liberal Democrat,False,False,24331,1
South West,Taunton and Wellington,E14001540,78680,50294,Con,Conservative,False,False,12392,2
South West,Taunton and Wellington,E14001540,78680,50294,RUK,Reform UK,False,False,8053,3
South West,Taunton and Wellington,E14001540,78680,50294,Lab,Labour,False,False,3552,4
South West,Taunton and Wellington,E14001540,78680,50294,Green,Green Party,False,False,1832,5
South West,Taunton and Wellington,E14001540,78680,50294,Comm,Communist Party of Britain,False,False,134,6
West Midlands,Telford,E14001541,73808,40730,Lab,Labour,False,False,18212,1
West Midlands,Telford,E14001541,73808,40730,RUK,Reform UK,False,False,10110,2
West Midlands,Telford,E14001541,73808,40730,Con,Conservative,False,False,8728,3
West Midlands,Telford,E14001541,73808,40730,Green,Green Party,False,False,2120,4
West Midlands,Telford,E14001541,73808,40730,LD,Liberal Democrat,False,False,1560,5
South West,Tewkesbury,E14001542,73458,48539,LD,Liberal Democrat,False,False,20730,1
South West,Tewkesbury,E14001542,73458,48539,Con,Conservative,False,False,14468,2
South West,Tewkesbury,E14001542,73458,48539,RUK,Reform UK,False,False,6000,3
South West,Tewkesbury,E14001542,73458,48539,Lab,Labour,False,False,4298,4
South West,Tewkesbury,E14001542,73458,48539,Green,Green Party,False,False,2873,5
South West,Tewkesbury,E14001542,73458,48539,CPA,Christian Peoples Alliance,False,False,170,6
West Midlands,The Wrekin,E14001543,78942,50020,Con,Conservative,False,False,16320,1
West Midlands,The Wrekin,E14001543,78942,50020,Lab,Labour,False,False,15437,2
West Midlands,The Wrekin,E14001543,78942,50020,RUK,Reform UK,False,False,9920,3
West Midlands,The Wrekin,E14001543,78942,50020,LD,Liberal Democrat,False,False,4757,4
West Midlands,The Wrekin,E14001543,78942,50020,Green,Green Party,False,False,3028,5
West Midlands,The Wrekin,E14001543,78942,50020,Ind,,False,True,558,6
Yorkshire and The Humber,Thirsk and Malton,E14001544,78468,49797,Con,Conservative,False,False,19544,1
Yorkshire and The Humber,Thirsk and Malton,E14001544,78468,49797,Lab,Labour,False,False,11994,2
Yorkshire and The Humber,Thirsk and Malton,E14001544,78468,49797,RUK,Reform UK,False,False,8963,3
Yorkshire and The Humber,Thirsk and Malton,E14001544,78468,49797,LD,Liberal Democrat,False,False,5379,4
Yorkshire and The Humber,Thirsk and Malton,E14001544,78468,49797,Green,Green Party,False,False,2986,5
Yorkshire and The Humber,Thirsk and Malton,E14001544,78468,49797,Yrks,The Yorkshire Party,False,False,931,6
South West,Thornbury and Yate,E14001545,78192,53367,LD,Liberal Democrat,False,False,20815,1
South West,Thornbury and Yate,E14001545,78192,53367,Con,Conservative,False,False,17801,2
South West,Thornbury and Yate,E14001545,78192,53367,RUK,Reform UK,False,False,7529,3
South West,Thornbury and Yate,E14001545,78192,53367,Lab,Labour,False,False,5057,4
South West,Thornbury and Yate,E14001545,78192,53367,Green,Green Party,False,False,2165,5
East of England,Thurrock,E14001546,73392,37558,Lab,Labour,False,False,16050,1
East of England,Thurrock,E14001546,73392,37558,RUK,Reform UK,False,False,9576,2
East of England,Thurrock,E14001546,73392,37558,Con,Conservative,False,False,8009,3
East of England,Thurrock,E14001546,73392,37558,Green,Green Party,False,False,1632,4
East of England,Thurrock,E14001546,73392,37558,LD,Liberal Democrat,False,False,1157,5
East of England,Thurrock,E14001546,73392,37558,WPB,Workers Party of Britain,False,False,691,6
East of England,Thurrock,E14001546,73392,37558,Ind,,False,True,443,7
West Midlands,Tipton and Wednesbury,E14001547,74098,31850,Lab,Labour,False,False,11755,1
West Midlands,Tipton and Wednesbury,E14001547,74098,31850,Con,Conservative,False,False,8370,2
West Midlands,Tipton and Wednesbury,E14001547,74098,31850,RUK,Reform UK,False,False,8019,3
West Midlands,Tipton and Wednesbury,E14001547,74098,31850,Green,Green Party,False,False,1509,4
West Midlands,Tipton and Wednesbury,E14001547,74098,31850,Ind,,False,True,945,5
West Midlands,Tipton and Wednesbury,E14001547,74098,31850,Ind,,False,True,660,6
West Midlands,Tipton and Wednesbury,E14001547,74098,31850,LD,Liberal Democrat,False,False,592,7
South West,Tiverton and Minehead,E14001548,72087,47491,LD,Liberal Democrat,False,False,18326,1
South West,Tiverton and Minehead,E14001548,72087,47491,Con,Conservative,False,False,14819,2
South West,Tiverton and Minehead,E14001548,72087,47491,RUK,Reform UK,False,False,7787,3
South West,Tiverton and Minehead,E14001548,72087,47491,Lab,Labour,False,False,4325,4
South West,Tiverton and Minehead,E14001548,72087,47491,Green,Green Party,False,False,2234,5
South East,Tonbridge,E14001549,72799,50328,Con,Conservative,False,False,20517,1
South East,Tonbridge,E14001549,72799,50328,Lab,Labour,False,False,9351,2
South East,Tonbridge,E14001549,72799,50328,Green,Green Party,False,False,7596,3
South East,Tonbridge,E14001549,72799,50328,RUK,Reform UK,False,False,7548,4
South East,Tonbridge,E14001549,72799,50328,LD,Liberal Democrat,False,False,4234,5
South East,Tonbridge,E14001549,72799,50328,IAK,Independent Alliance (Kent),False,False,926,6
South East,Tonbridge,E14001549,72799,50328,SDP,Social Democratic Party,False,False,156,7
London,Tooting,E14001550,76168,52943,Lab,Labour,False,False,29209,1
London,Tooting,E14001550,76168,52943,Con,Conservative,False,False,9722,2
London,Tooting,E14001550,76168,52943,Green,Green Party,False,False,5672,3
London,Tooting,E14001550,76168,52943,LD,Liberal Democrat,False,False,4438,4
London,Tooting,E14001550,76168,52943,RUK,Reform UK,False,False,2546,5
London,Tooting,E14001550,76168,52943,WPB,Workers Party of Britain,False,False,807,6
London,Tooting,E14001550,76168,52943,REU,Rejoin EU,False,False,370,7
London,Tooting,E14001550,76168,52943,Ind,,False,True,179,8
South West,Torbay,E14001551,76185,46115,LD,Liberal Democrat,False,False,18937,1
South West,Torbay,E14001551,76185,46115,Con,Conservative,False,False,13588,2
South West,Torbay,E14001551,76185,46115,RUK,Reform UK,False,False,8660,3
South West,Torbay,E14001551,76185,46115,Lab,Labour,False,False,3276,4
South West,Torbay,E14001551,76185,46115,Green,Green Party,False,False,1420,5
South West,Torbay,E14001551,76185,46115,WPB,Workers Party of Britain,False,False,234,6
South West,Torridge and Tavistock,E14001552,74727,50820,Con,Conservative,False,False,16049,1
South West,Torridge and Tavistock,E14001552,74727,50820,LD,Liberal Democrat,False,False,12099,2
South West,Torridge and Tavistock,E14001552,74727,50820,Lab,Labour,False,False,10765,3
South West,Torridge and Tavistock,E14001552,74727,50820,RUK,Reform UK,False,False,9152,4
South West,Torridge and Tavistock,E14001552,74727,50820,Green,Green Party,False,False,2350,5
South West,Torridge and Tavistock,E14001552,74727,50820,Ind,,False,True,405,6
London,Tottenham,E14001553,75906,40148,Lab,Labour,False,False,23066,1
London,Tottenham,E14001553,75906,40148,Green,Green Party,False,False,7632,2
London,Tottenham,E14001553,75906,40148,Ind,,False,True,2348,3
London,Tottenham,E14001553,75906,40148,Con,Conservative,False,False,2320,4
London,Tottenham,E14001553,75906,40148,LD,Liberal Democrat,False,False,1928,5
London,Tottenham,E14001553,75906,40148,RUK,Reform UK,False,False,1602,6
London,Tottenham,E14001553,75906,40148,WPB,Workers Party of Britain,False,False,659,7
London,Tottenham,E14001553,75906,40148,REU,Rejoin EU,False,False,306,8
London,Tottenham,E14001553,75906,40148,CPA,Christian Peoples Alliance,False,False,224,9
London,Tottenham,E14001553,75906,40148,Comm L,Communist League Election Campaign,False,False,63,10
South West,Truro and Falmouth,E14001554,72982,50264,Lab,Labour,False,False,20783,1
South West,Truro and Falmouth,E14001554,72982,50264,Con,Conservative,False,False,12632,2
South West,Truro and Falmouth,E14001554,72982,50264,LD,Liberal Democrat,False,False,6552,3
South West,Truro and Falmouth,E14001554,72982,50264,RUK,Reform UK,False,False,6163,4
South West,Truro and Falmouth,E14001554,72982,50264,Green,Green Party,False,False,3470,5
South West,Truro and Falmouth,E14001554,72982,50264,Ind,,False,True,498,6
South West,Truro and Falmouth,E14001554,72982,50264,Lib,Liberal,False,False,166,7
South East,Tunbridge Wells,E14001555,78738,54250,LD,Liberal Democrat,False,False,23661,1
South East,Tunbridge Wells,E14001555,78738,54250,Con,Conservative,False,False,14974,2
South East,Tunbridge Wells,E14001555,78738,54250,RUK,Reform UK,False,False,6484,3
South East,Tunbridge Wells,E14001555,78738,54250,Lab,Labour,False,False,6178,4
South East,Tunbridge Wells,E14001555,78738,54250,Green,Green Party,False,False,2344,5
South East,Tunbridge Wells,E14001555,78738,54250,Ind,,False,True,609,6
London,Twickenham,E14001556,74980,53635,LD,Liberal Democrat,False,False,30185,1
London,Twickenham,E14001556,74980,53635,Con,Conservative,False,False,8728,2
London,Twickenham,E14001556,74980,53635,Lab,Labour,False,False,6693,3
London,Twickenham,E14001556,74980,53635,RUK,Reform UK,False,False,4092,4
London,Twickenham,E14001556,74980,53635,Green,Green Party,False,False,3590,5
London,Twickenham,E14001556,74980,53635,WPB,Workers Party of Britain,False,False,347,6
North East,Tynemouth,E14001557,73194,48418,Lab,Labour,False,False,24491,1
North East,Tynemouth,E14001557,73194,48418,Con,Conservative,False,False,9036,2
North East,Tynemouth,E14001557,73194,48418,RUK,Reform UK,False,False,7392,3
North East,Tynemouth,E14001557,73194,48418,Green,Green Party,False,False,3592,4
North East,Tynemouth,E14001557,73194,48418,LD,Liberal Democrat,False,False,2709,5
North East,Tynemouth,E14001557,73194,48418,Ind,,False,True,531,6
North East,Tynemouth,E14001557,73194,48418,POW,Party of Women,False,False,286,7
North East,Tynemouth,E14001557,73194,48418,Ind,,False,True,273,8
North East,Tynemouth,E14001557,73194,48418,HPUK,Heritage Party,False,False,108,9
London,Uxbridge and South Ruislip,E14001558,74745,45914,Lab,Labour,False,False,16599,1
London,Uxbridge and South Ruislip,E14001558,74745,45914,Con,Conservative,False,False,16012,2
London,Uxbridge and South Ruislip,E14001558,74745,45914,RUK,Reform UK,False,False,6610,3
London,Uxbridge and South Ruislip,E14001558,74745,45914,Green,Green Party,False,False,4354,4
London,Uxbridge and South Ruislip,E14001558,74745,45914,LD,Liberal Democrat,False,False,1752,5
London,Uxbridge and South Ruislip,E14001558,74745,45914,TUSC,Trade Unionist and Socialist Coalition,False,False,223,6
London,Uxbridge and South Ruislip,E14001558,74745,45914,SDP,Social Democratic Party,False,False,200,7
London,Uxbridge and South Ruislip,E14001558,74745,45914,UKIP,UK Independence Party,False,False,164,8
London,Vauxhall and Camberwell Green,E14001559,69652,37536,Lab,Labour,False,False,21528,1
London,Vauxhall and Camberwell Green,E14001559,69652,37536,Green,Green Party,False,False,6416,2
London,Vauxhall and Camberwell Green,E14001559,69652,37536,LD,Liberal Democrat,False,False,4549,3
London,Vauxhall and Camberwell Green,E14001559,69652,37536,Con,Conservative,False,False,2809,4
London,Vauxhall and Camberwell Green,E14001559,69652,37536,RUK,Reform UK,False,False,2033,5
London,Vauxhall and Camberwell Green,E14001559,69652,37536,SDP,Social Democratic Party,False,False,201,6
Yorkshire and The Humber,Wakefield and Rothwell,E14001560,75067,40656,Lab,Labour,False,False,17773,1
Yorkshire and The Humber,Wakefield and Rothwell,E14001560,75067,40656,RUK,Reform UK,False,False,8427,2
Yorkshire and The Humber,Wakefield and Rothwell,E14001560,75067,40656,Con,Conservative,False,False,7322,3
Yorkshire and The Humber,Wakefield and Rothwell,E14001560,75067,40656,LD,Liberal Democrat,False,False,3249,4
Yorkshire and The Humber,Wakefield and Rothwell,E14001560,75067,40656,Green,Green Party,False,False,2389,5
Yorkshire and The Humber,Wakefield and Rothwell,E14001560,75067,40656,WPB,Workers Party of Britain,False,False,705,6
Yorkshire and The Humber,Wakefield and Rothwell,E14001560,75067,40656,Yrks,The Yorkshire Party,False,False,606,7
Yorkshire and The Humber,Wakefield and Rothwell,E14001560,75067,40656,SDP,Social Democratic Party,False,False,185,8
North West,Wallasey,E14001561,74082,42746,Lab,Labour,False,False,24674,1
North West,Wallasey,E14001561,74082,42746,RUK,Reform UK,False,False,6678,2
North West,Wallasey,E14001561,74082,42746,Con,Conservative,False,False,4987,3
North West,Wallasey,E14001561,74082,42746,Green,Green Party,False,False,3905,4
North West,Wallasey,E14001561,74082,42746,LD,Liberal Democrat,False,False,1843,5
North West,Wallasey,E14001561,74082,42746,WPB,Workers Party of Britain,False,False,462,6
North West,Wallasey,E14001561,74082,42746,FA,Freedom Alliance,False,False,197,7
West Midlands,Walsall and Bloxwich,E14001562,74951,37191,Lab,Labour,False,False,12514,1
West Midlands,Walsall and Bloxwich,E14001562,74951,37191,Ind,,False,True,7600,2
West Midlands,Walsall and Bloxwich,E14001562,74951,37191,RUK,Reform UK,False,False,7293,3
West Midlands,Walsall and Bloxwich,E14001562,74951,37191,Con,Conservative,False,False,6679,4
West Midlands,Walsall and Bloxwich,E14001562,74951,37191,Green,Green Party,False,False,2288,5
West Midlands,Walsall and Bloxwich,E14001562,74951,37191,LD,Liberal Democrat,False,False,817,6
London,Walthamstow,E14001563,74474,45668,Lab,Labour,False,False,27172,1
London,Walthamstow,E14001563,74474,45668,Green,Green Party,False,False,9176,2
London,Walthamstow,E14001563,74474,45668,Con,Conservative,False,False,2353,3
London,Walthamstow,E14001563,74474,45668,RUK,Reform UK,False,False,1836,4
London,Walthamstow,E14001563,74474,45668,LD,Liberal Democrat,False,False,1736,5
London,Walthamstow,E14001563,74474,45668,WPB,Workers Party of Britain,False,False,1535,6
London,Walthamstow,E14001563,74474,45668,Ind,,False,True,914,7
London,Walthamstow,E14001563,74474,45668,TUSC,Trade Unionist and Socialist Coalition,False,False,561,8
London,Walthamstow,E14001563,74474,45668,Ind,,False,True,288,9
London,Walthamstow,E14001563,74474,45668,Ind,,False,True,97,10
North West,Warrington North,E14001564,70601,40041,Lab,Labour,False,False,18730,1
North West,Warrington North,E14001564,70601,40041,RUK,Reform UK,False,False,9540,2
North West,Warrington North,E14001564,70601,40041,Con,Conservative,False,False,6486,3
North West,Warrington North,E14001564,70601,40041,LD,Liberal Democrat,False,False,2737,4
North West,Warrington North,E14001564,70601,40041,Green,Green Party,False,False,1889,5
North West,Warrington North,E14001564,70601,40041,Ind,,False,True,659,6
North West,Warrington South,E14001565,78394,49672,Lab,Labour,False,False,23201,1
North West,Warrington South,E14001565,78394,49672,Con,Conservative,False,False,11861,2
North West,Warrington South,E14001565,78394,49672,RUK,Reform UK,False,False,7913,3
North West,Warrington South,E14001565,78394,49672,LD,Liberal Democrat,False,False,3829,4
North West,Warrington South,E14001565,78394,49672,Green,Green Party,False,False,2313,5
North West,Warrington South,E14001565,78394,49672,Ind,,False,True,445,6
North West,Warrington South,E14001565,78394,49672,SDP,Social Democratic Party,False,False,110,7
West Midlands,Warwick and Leamington,E14001566,76294,49198,Lab,Labour,False,False,23975,1
West Midlands,Warwick and Leamington,E14001566,76294,49198,Con,Conservative,False,False,11563,2
West Midlands,Warwick and Leamington,E14001566,76294,49198,RUK,Reform UK,False,False,5154,3
West Midlands,Warwick and Leamington,E14001566,76294,49198,Green,Green Party,False,False,4471,4
West Midlands,Warwick and Leamington,E14001566,76294,49198,LD,Liberal Democrat,False,False,3881,5
West Midlands,Warwick and Leamington,E14001566,76294,49198,UKIP,UK Independence Party,False,False,154,6
North East,Washington and Gateshead South,E14001567,70972,37021,Lab,Labour,False,False,17682,1
North East,Washington and Gateshead South,E14001567,70972,37021,RUK,Reform UK,False,False,10769,2
North East,Washington and Gateshead South,E14001567,70972,37021,Con,Conservative,False,False,4654,3
North East,Washington and Gateshead South,E14001567,70972,37021,Green,Green Party,False,False,1687,4
North East,Washington and Gateshead South,E14001567,70972,37021,LD,Liberal Democrat,False,False,1602,5
North East,Washington and Gateshead South,E14001567,70972,37021,Ind,,False,True,627,6
East of England,Watford,E14001568,73100,44455,Lab,Labour,False,False,15708,1
East of England,Watford,E14001568,73100,44455,Con,Conservative,False,False,10985,2
East of England,Watford,E14001568,73100,44455,LD,Liberal Democrat,False,False,7577,3
East of England,Watford,E14001568,73100,44455,RUK,Reform UK,False,False,4930,4
East of England,Watford,E14001568,73100,44455,WPB,Workers Party of Britain,False,False,2659,5
East of England,Watford,E14001568,73100,44455,Green,Green Party,False,False,2428,6
East of England,Watford,E14001568,73100,44455,HPUK,Heritage Party,False,False,168,7
East of England,Waveney Valley,E14001569,73056,49072,Green,Green Party,False,False,20467,1
East of England,Waveney Valley,E14001569,73056,49072,Con,Conservative,False,False,14873,2
East of England,Waveney Valley,E14001569,73056,49072,RUK,Reform UK,False,False,7779,3
East of England,Waveney Valley,E14001569,73056,49072,Lab,Labour,False,False,4621,4
East of England,Waveney Valley,E14001569,73056,49072,LD,Liberal Democrat,False,False,1214,5
East of England,Waveney Valley,E14001569,73056,49072,SDP,Social Democratic Party,False,False,118,6
South East,Weald of Kent,E14001570,75987,50712,Con,Conservative,False,False,20202,1
South East,Weald of Kent,E14001570,75987,50712,Lab,Labour,False,False,11780,2
South East,Weald of Kent,E14001570,75987,50712,RUK,Reform UK,False,False,10208,3
South East,Weald of Kent,E14001570,75987,50712,Green,Green Party,False,False,4547,4
South East,Weald of Kent,E14001570,75987,50712,LD,Liberal Democrat,False,False,3975,5
East Midlands,Wellingborough and Rushden,E14001571,77542,43985,Lab,Labour,False,False,17734,1
East Midlands,Wellingborough and Rushden,E14001571,77542,43985,Con,Conservative,False,False,12248,2
East Midlands,Wellingborough and Rushden,E14001571,77542,43985,RUK,Reform UK,False,False,9456,3
East Midlands,Wellingborough and Rushden,E14001571,77542,43985,Green,Green Party,False,False,2704,4
East Midlands,Wellingborough and Rushden,E14001571,77542,43985,LD,Liberal Democrat,False,False,1570,5
East Midlands,Wellingborough and Rushden,E14001571,77542,43985,SDP,Social Democratic Party,False,False,273,6
South West,Wells and Mendip Hills,E14001572,73538,50368,LD,Liberal Democrat,False,False,23622,1
South West,Wells and Mendip Hills,E14001572,73538,50368,Con,Conservative,False,False,12501,2
South West,Wells and Mendip Hills,E14001572,73538,50368,RUK,Reform UK,False,False,6611,3
South West,Wells and Mendip Hills,E14001572,73538,50368,Lab,Labour,False,False,3527,4
South West,Wells and Mendip Hills,E14001572,73538,50368,Green,Green Party,False,False,2068,5
South West,Wells and Mendip Hills,E14001572,73538,50368,Ind,,False,True,1849,6
South West,Wells and Mendip Hills,E14001572,73538,50368,Ind,,False,True,190,7
East of England,Welwyn Hatfield,E14001573,75259,48455,Lab,Labour,False,False,19877,1
East of England,Welwyn Hatfield,E14001573,75259,48455,Con,Conservative,False,False,16078,2
East of England,Welwyn Hatfield,E14001573,75259,48455,RUK,Reform UK,False,False,6397,3
East of England,Welwyn Hatfield,E14001573,75259,48455,LD,Liberal Democrat,False,False,3117,4
East of England,Welwyn Hatfield,E14001573,75259,48455,Green,Green Party,False,False,2986,5
West Midlands,West Bromwich,E14001574,74025,36481,Lab,Labour,False,False,16872,1
West Midlands,West Bromwich,E14001574,74025,36481,Con,Conservative,False,False,7318,2
West Midlands,West Bromwich,E14001574,74025,36481,RUK,Reform UK,False,False,7101,3
West Midlands,West Bromwich,E14001574,74025,36481,Green,Green Party,False,False,2036,4
West Midlands,West Bromwich,E14001574,74025,36481,Ind,,False,True,1707,5
West Midlands,West Bromwich,E14001574,74025,36481,LD,Liberal Democrat,False,False,1314,6
West Midlands,West Bromwich,E14001574,74025,36481,UKIP,UK Independence Party,False,False,133,7
South West,West Dorset,E14001575,75998,52605,LD,Liberal Democrat,False,False,26999,1
South West,West Dorset,E14001575,75998,52605,Con,Conservative,False,False,19210,2
South West,West Dorset,E14001575,75998,52605,Lab,Labour,False,False,3086,3
South West,West Dorset,E14001575,75998,52605,Green,Green Party,False,False,2288,4
South West,West Dorset,E14001575,75998,52605,Ind,,False,True,733,5
South West,West Dorset,E14001575,75998,52605,Ind,,False,True,289,6
London,West Ham and Beckton,E14001576,78964,36348,Lab,Labour,False,False,16434,1
London,West Ham and Beckton,E14001576,78964,36348,NIP,Newham Independents Party,False,False,7180,2
London,West Ham and Beckton,E14001576,78964,36348,Green,Green Party,False,False,3897,3
London,West Ham and Beckton,E14001576,78964,36348,Con,Conservative,False,False,3781,4
London,West Ham and Beckton,E14001576,78964,36348,RUK,Reform UK,False,False,2800,5
London,West Ham and Beckton,E14001576,78964,36348,LD,Liberal Democrat,False,False,1606,6
London,West Ham and Beckton,E14001576,78964,36348,CPA,Christian Peoples Alliance,False,False,460,7
London,West Ham and Beckton,E14001576,78964,36348,TUSC,Trade Unionist and Socialist Coalition,False,False,190,8
North West,West Lancashire,E14001577,74081,44200,Lab,Labour,False,False,22305,1
North West,West Lancashire,E14001577,74081,44200,Con,Conservative,False,False,8680,2
North West,West Lancashire,E14001577,74081,44200,RUK,Reform UK,False,False,7909,3
North West,West Lancashire,E14001577,74081,44200,Green,Green Party,False,False,3263,4
North West,West Lancashire,E14001577,74081,44200,LD,Liberal Democrat,False,False,2043,5
North West,Westmorland and Lonsdale,E14001580,72029,49533,LD,Liberal Democrat,False,False,31061,1
North West,Westmorland and Lonsdale,E14001580,72029,49533,Con,Conservative,False,False,9589,2
North West,Westmorland and Lonsdale,E14001580,72029,49533,RUK,Reform UK,False,False,4842,3
North West,Westmorland and Lonsdale,E14001580,72029,49533,Lab,Labour,False,False,2306,4
North West,Westmorland and Lonsdale,E14001580,72029,49533,Green,Green Party,False,False,1486,5
North West,Westmorland and Lonsdale,E14001580,72029,49533,Ind,,False,True,111,6
North West,Westmorland and Lonsdale,E14001580,72029,49533,HPUK,Heritage Party,False,False,81,7
North West,Westmorland and Lonsdale,E14001580,72029,49533,SDP,Social Democratic Party,False,False,57,8
South West,Weston-super-Mare,E14001581,71396,42390,Lab,Labour,False,False,16310,1
South West,Weston-super-Mare,E14001581,71396,42390,Con,Conservative,False,False,11901,2
South West,Weston-super-Mare,E14001581,71396,42390,RUK,Reform UK,False,False,7735,3
South West,Weston-super-Mare,E14001581,71396,42390,LD,Liberal Democrat,False,False,3756,4
South West,Weston-super-Mare,E14001581,71396,42390,Green,Green Party,False,False,2688,5
East of England,West Suffolk,E14001578,77145,46161,Con,Conservative,False,False,15814,1
East of England,West Suffolk,E14001578,77145,46161,Lab,Labour,False,False,12567,2
East of England,West Suffolk,E14001578,77145,46161,RUK,Reform UK,False,False,9623,3
East of England,West Suffolk,E14001578,77145,46161,LD,Liberal Democrat,False,False,4284,4
East of England,West Suffolk,E14001578,77145,46161,Green,Green Party,False,False,2910,5
East of England,West Suffolk,E14001578,77145,46161,Ind,,False,True,485,6
East of England,West Suffolk,E14001578,77145,46161,Ind,,False,True,345,7
East of England,West Suffolk,E14001578,77145,46161,SDP,Social Democratic Party,False,False,133,8
West Midlands,West Worcestershire,E14001579,79246,54687,Con,Conservative,False,False,19783,1
West Midlands,West Worcestershire,E14001579,79246,54687,LD,Liberal Democrat,False,False,13236,2
West Midlands,West Worcestershire,E14001579,79246,54687,Lab,Labour,False,False,8335,3
West Midlands,West Worcestershire,E14001579,79246,54687,RUK,Reform UK,False,False,7902,4
West Midlands,West Worcestershire,E14001579,79246,54687,Green,Green Party,False,False,5068,5
West Midlands,West Worcestershire,E14001579,79246,54687,POW,Party of Women,False,False,363,6
Yorkshire and The Humber,Wetherby and Easingwold,E14001582,74314,52259,Con,Conservative,False,False,20597,1
Yorkshire and The Humber,Wetherby and Easingwold,E14001582,74314,52259,Lab,Labour,False,False,15751,2
Yorkshire and The Humber,Wetherby and Easingwold,E14001582,74314,52259,RUK,Reform UK,False,False,7288,3
Yorkshire and The Humber,Wetherby and Easingwold,E14001582,74314,52259,Green,Green Party,False,False,4529,4
Yorkshire and The Humber,Wetherby and Easingwold,E14001582,74314,52259,LD,Liberal Democrat,False,False,3351,5
Yorkshire and The Humber,Wetherby and Easingwold,E14001582,74314,52259,Yrks,The Yorkshire Party,False,False,743,6
North West,Whitehaven and Workington,E14001583,73198,41840,Lab,Labour,False,False,22173,1
North West,Whitehaven and Workington,E14001583,73198,41840,RUK,Reform UK,False,False,8887,2
North West,Whitehaven and Workington,E14001583,73198,41840,Con,Conservative,False,False,8455,3
North West,Whitehaven and Workington,E14001583,73198,41840,Green,Green Party,False,False,1207,4
North West,Whitehaven and Workington,E14001583,73198,41840,LD,Liberal Democrat,False,False,1118,5
North West,Widnes and Halewood,E14001584,70161,38116,Lab,Labour,False,False,23484,1
North West,Widnes and Halewood,E14001584,70161,38116,RUK,Reform UK,False,False,7059,2
North West,Widnes and Halewood,E14001584,70161,38116,Con,Conservative,False,False,3507,3
North West,Widnes and Halewood,E14001584,70161,38116,Green,Green Party,False,False,2058,4
North West,Widnes and Halewood,E14001584,70161,38116,LD,Liberal Democrat,False,False,1593,5
North West,Widnes and Halewood,E14001584,70161,38116,WPB,Workers Party of Britain,False,False,415,6
North West,Wigan,E14001585,77538,40899,Lab,Labour,False,False,19401,1
North West,Wigan,E14001585,77538,40899,RUK,Reform UK,False,False,9852,2
North West,Wigan,E14001585,77538,40899,Con,Conservative,False,False,4310,3
North West,Wigan,E14001585,77538,40899,Ind,,False,True,3522,4
North West,Wigan,E14001585,77538,40899,LD,Liberal Democrat,False,False,1692,5
North West,Wigan,E14001585,77538,40899,Green,Green Party,False,False,1629,6
North West,Wigan,E14001585,77538,40899,Ind,,False,True,406,7
North West,Wigan,E14001585,77538,40899,Ind,,False,True,87,8
London,Wimbledon,E14001586,76334,54985,LD,Liberal Democrat,False,False,24790,1
London,Wimbledon,E14001586,76334,54985,Con,Conservative,False,False,12180,2
London,Wimbledon,E14001586,76334,54985,Lab,Labour,False,False,11733,3
London,Wimbledon,E14001586,76334,54985,RUK,Reform UK,False,False,3221,4
London,Wimbledon,E14001586,76334,54985,Green,Green Party,False,False,2442,5
London,Wimbledon,E14001586,76334,54985,WPB,Workers Party of Britain,False,False,341,6
London,Wimbledon,E14001586,76334,54985,Ind,,False,True,129,7
London,Wimbledon,E14001586,76334,54985,Ind,,False,True,80,8
London,Wimbledon,E14001586,76334,54985,HPUK,Heritage Party,False,False,69,9
South East,Winchester,E14001587,78289,57076,LD,Liberal Democrat,False,False,29939,1
South East,Winchester,E14001587,78289,57076,Con,Conservative,False,False,16118,2
South East,Winchester,E14001587,78289,57076,RUK,Reform UK,False,False,4797,3
South East,Winchester,E14001587,78289,57076,Lab,Labour,False,False,3023,4
South East,Winchester,E14001587,78289,57076,Green,Green Party,False,False,2740,5
South East,Winchester,E14001587,78289,57076,SDP,Social Democratic Party,False,False,146,6
South East,Winchester,E14001587,78289,57076,Ind,,False,True,142,7
South East,Winchester,E14001587,78289,57076,Ind,,False,True,127,8
South East,Winchester,E14001587,78289,57076,HI,Hampshire Independents,False,False,44,9
South East,Windsor,E14001588,73334,45246,Con,Conservative,False,False,16483,1
South East,Windsor,E14001588,73334,45246,Lab,Labour,False,False,10026,2
South East,Windsor,E14001588,73334,45246,LD,Liberal Democrat,False,False,9539,3
South East,Windsor,E14001588,73334,45246,RUK,Reform UK,False,False,4660,4
South East,Windsor,E14001588,73334,45246,Green,Green Party,False,False,2288,5
South East,Windsor,E14001588,73334,45246,Ind,,False,True,1629,6
South East,Windsor,E14001588,73334,45246,WPB,Workers Party of Britain,False,False,621,7
North West,Wirral West,E14001589,72838,49951,Lab,Labour,False,False,23156,1
North West,Wirral West,E14001589,72838,49951,Con,Conservative,False,False,13158,2
North West,Wirral West,E14001589,72838,49951,RUK,Reform UK,False,False,6422,3
North West,Wirral West,E14001589,72838,49951,Green,Green Party,False,False,4160,4
North West,Wirral West,E14001589,72838,49951,LD,Liberal Democrat,False,False,3055,5
East of England,Witham,E14001590,78991,50603,Con,Conservative,False,False,18827,1
East of England,Witham,E14001590,78991,50603,Lab,Labour,False,False,13682,2
East of England,Witham,E14001590,78991,50603,RUK,Reform UK,False,False,9870,3
East of England,Witham,E14001590,78991,50603,Green,Green Party,False,False,3539,4
East of England,Witham,E14001590,78991,50603,LD,Liberal Democrat,False,False,3439,5
East of England,Witham,E14001590,78991,50603,Ind,,False,True,1246,6
South East,Witney,E14001591,75448,50584,LD,Liberal Democrat,False,False,20832,1
South East,Witney,E14001591,75448,50584,Con,Conservative,False,False,16493,2
South East,Witney,E14001591,75448,50584,RUK,Reform UK,False,False,6307,3
South East,Witney,E14001591,75448,50584,Lab,Labour,False,False,4773,4
South East,Witney,E14001591,75448,50584,Green,Green Party,False,False,1661,5
South East,Witney,E14001591,75448,50584,Ind,,False,True,350,6
South East,Witney,E14001591,75448,50584,HPUK,Heritage Party,False,False,168,7
South East,Woking,E14001592,72969,48145,LD,Liberal Democrat,False,False,24019,1
South East,Woking,E14001592,72969,48145,Con,Conservative,False,False,12773,2
South East,Woking,E14001592,72969,48145,RUK,Reform UK,False,False,4888,3
South East,Woking,E14001592,72969,48145,Lab,Labour,False,False,4444,4
South East,Woking,E14001592,72969,48145,Green,Green Party,False,False,1853,5
South East,Woking,E14001592,72969,48145,HPUK,Heritage Party,False,False,168,6
South East,Wokingham,E14001593,75082,53999,LD,Liberal Democrat,False,False,25743,1
South East,Wokingham,E14001593,75082,53999,Con,Conservative,False,False,17398,2
South East,Wokingham,E14001593,75082,53999,RUK,Reform UK,False,False,5274,3
South East,Wokingham,E14001593,75082,53999,Lab,Labour,False,False,3631,4
South East,Wokingham,E14001593,75082,53999,Green,Green Party,False,False,1953,5
West Midlands,Wolverhampton North East,E14001594,70715,33289,Lab,Labour,False,False,14282,1
West Midlands,Wolverhampton North East,E14001594,70715,33289,Con,Conservative,False,False,8860,2
West Midlands,Wolverhampton North East,E14001594,70715,33289,RUK,Reform UK,False,False,7721,3
West Midlands,Wolverhampton North East,E14001594,70715,33289,Green,Green Party,False,False,1424,4
West Midlands,Wolverhampton North East,E14001594,70715,33289,LD,Liberal Democrat,False,False,1002,5
West Midlands,Wolverhampton South East,E14001595,77473,33382,Lab,Labour,False,False,16800,1
West Midlands,Wolverhampton South East,E14001595,77473,33382,RUK,Reform UK,False,False,7612,2
West Midlands,Wolverhampton South East,E14001595,77473,33382,Con,Conservative,False,False,5654,3
West Midlands,Wolverhampton South East,E14001595,77473,33382,Green,Green Party,False,False,1643,4
West Midlands,Wolverhampton South East,E14001595,77473,33382,WPB,Workers Party of Britain,False,False,915,5
West Midlands,Wolverhampton South East,E14001595,77473,33382,LD,Liberal Democrat,False,False,758,6
West Midlands,Wolverhampton West,E14001596,77851,43657,Lab,Labour,False,False,19331,1
West Midlands,Wolverhampton West,E14001596,77851,43657,Con,Conservative,False,False,11463,2
West Midlands,Wolverhampton West,E14001596,77851,43657,RUK,Reform UK,False,False,6078,3
West Midlands,Wolverhampton West,E14001596,77851,43657,Green,Green Party,False,False,2550,4
West Midlands,Wolverhampton West,E14001596,77851,43657,INet,Independent Network,False,False,1395,5
West Midlands,Wolverhampton West,E14001596,77851,43657,LD,Liberal Democrat,False,False,1376,6
West Midlands,Wolverhampton West,E14001596,77851,43657,Ind,,False,True,888,7
West Midlands,Wolverhampton West,E14001596,77851,43657,WPB,Workers Party of Britain,False,False,576,8
West Midlands,Worcester,E14001597,74931,46036,Lab,Labour,False,False,18622,1
West Midlands,Worcester,E14001597,74931,46036,Con,Conservative,False,False,11506,2
West Midlands,Worcester,E14001597,74931,46036,RUK,Reform UK,False,False,6723,3
West Midlands,Worcester,E14001597,74931,46036,Green,Green Party,False,False,4789,4
West Midlands,Worcester,E14001597,74931,46036,LD,Liberal Democrat,False,False,3986,5
West Midlands,Worcester,E14001597,74931,46036,TUSC,Trade Unionist and Socialist Coalition,False,False,280,6
West Midlands,Worcester,E14001597,74931,46036,SDP,Social Democratic Party,False,False,130,7
North West,Worsley and Eccles,E14001598,78643,42543,Lab,Labour,False,False,20277,1
North West,Worsley and Eccles,E14001598,78643,42543,RUK,Reform UK,False,False,9186,2
North West,Worsley and Eccles,E14001598,78643,42543,Con,Conservative,False,False,6791,3
North West,Worsley and Eccles,E14001598,78643,42543,Green,Green Party,False,False,3283,4
North West,Worsley and Eccles,E14001598,78643,42543,LD,Liberal Democrat,False,False,1851,5
North West,Worsley and Eccles,E14001598,78643,42543,WPB,Workers Party of Britain,False,False,466,6
North West,Worsley and Eccles,E14001598,78643,42543,Ind,,False,True,448,7
North West,Worsley and Eccles,E14001598,78643,42543,TUSC,Trade Unionist and Socialist Coalition,False,False,241,8
South East,Worthing West,E14001599,77039,50997,Lab,Labour,False,False,20519,1
South East,Worthing West,E14001599,77039,50997,Con,Conservative,False,False,16570,2
South East,Worthing West,E14001599,77039,50997,RUK,Reform UK,False,False,7562,3
South East,Worthing West,E14001599,77039,50997,Green,Green Party,False,False,3274,4
South East,Worthing West,E14001599,77039,50997,LD,Liberal Democrat,False,False,2708,5
South East,Worthing West,E14001599,77039,50997,Ind,,False,True,364,6
South East,Wycombe,E14001600,73415,44637,Lab,Labour,False,False,16035,1
South East,Wycombe,E14001600,73415,44637,Con,Conservative,False,False,11444,2
South East,Wycombe,E14001600,73415,44637,RUK,Reform UK,False,False,4769,3
South East,Wycombe,E14001600,73415,44637,LD,Liberal Democrat,False,False,4236,4
South East,Wycombe,E14001600,73415,44637,WPB,Workers Party of Britain,False,False,3344,5
South East,Wycombe,E14001600,73415,44637,Green,Green Party,False,False,2193,6
South East,Wycombe,E14001600,73415,44637,Ind,,False,True,1913,7
South East,Wycombe,E14001600,73415,44637,Cli,Climate Party,False,False,489,8
South East,Wycombe,E14001600,73415,44637,Ind,,False,True,214,9
West Midlands,Wyre Forest,E14001601,77329,45158,Con,Conservative,False,False,14489,1
West Midlands,Wyre Forest,E14001601,77329,45158,Lab,Labour,False,False,13677,2
West Midlands,Wyre Forest,E14001601,77329,45158,RUK,Reform UK,False,False,9682,3
West Midlands,Wyre Forest,E14001601,77329,45158,LD,Liberal Democrat,False,False,2809,4
West Midlands,Wyre Forest,E14001601,77329,45158,Green,Green Party,False,False,2443,5
West Midlands,Wyre Forest,E14001601,77329,45158,Ind,,False,True,1535,6
West Midlands,Wyre Forest,E14001601,77329,45158,Ind,,False,True,523,7
North West,Wythenshawe and Sale East,E14001602,77767,39132,Lab,Labour,False,False,20596,1
North West,Wythenshawe and Sale East,E14001602,77767,39132,RUK,Reform UK,False,False,5986,2
North West,Wythenshawe and Sale East,E14001602,77767,39132,Con,Conservative,False,False,5392,3
North West,Wythenshawe and Sale East,E14001602,77767,39132,Green,Green Party,False,False,4133,4
North West,Wythenshawe and Sale East,E14001602,77767,39132,LD,Liberal Democrat,False,False,1985,5
North West,Wythenshawe and Sale East,E14001602,77767,39132,WPB,Workers Party of Britain,False,False,714,6
North West,Wythenshawe and Sale East,E14001602,77767,39132,SDP,Social Democratic Party,False,False,326,7
South West,Yeovil,E14001603,79918,48952,LD,Liberal Democrat,False,False,23765,1
South West,Yeovil,E14001603,79918,48952,Con,Conservative,False,False,11497,2
South West,Yeovil,E14001603,79918,48952,RUK,Reform UK,False,False,7677,3
South West,Yeovil,E14001603,79918,48952,Lab,Labour,False,False,3002,4
South West,Yeovil,E14001603,79918,48952,Green,Green Party,False,False,2403,5
South West,Yeovil,E14001603,79918,48952,Ind,,False,True,608,6
Yorkshire and The Humber,York Central,E14001604,79557,43323,Lab,Labour,False,False,24537,1
Yorkshire and The Humber,York Central,E14001604,79557,43323,Con,Conservative,False,False,5383,2
Yorkshire and The Humber,York Central,E14001604,79557,43323,Green,Green Party,False,False,5185,3
Yorkshire and The Humber,York Central,E14001604,79557,43323,RUK,Reform UK,False,False,4721,4
Yorkshire and The Humber,York Central,E14001604,79557,43323,LD,Liberal Democrat,False,False,3051,5
Yorkshire and The Humber,York Central,E14001604,79557,43323,Ind,,False,True,133,6
Yorkshire and The Humber,York Central,E14001604,79557,43323,Ind,,False,True,131,7
Yorkshire and The Humber,York Central,E14001604,79557,43323,Ind,,False,True,98,8
Yorkshire and The Humber,York Central,E14001604,79557,43323,Ind,,False,True,84,9
Yorkshire and The Humber,York Outer,E14001605,76228,51106,Lab,Labour,False,False,23161,1
Yorkshire and The Humber,York Outer,E14001605,76228,51106,Con,Conservative,False,False,13770,2
Yorkshire and The Humber,York Outer,E14001605,76228,51106,RUK,Reform UK,False,False,5912,3
Yorkshire and The Humber,York Outer,E14001605,76228,51106,LD,Liberal Democrat,False,False,5496,4
Yorkshire and The Humber,York Outer,E14001605,76228,51106,Green,Green Party,False,False,2212,5
Yorkshire and The Humber,York Outer,E14001605,76228,51106,Yrks,The Yorkshire Party,False,False,260,6
Yorkshire and The Humber,York Outer,E14001605,76228,51106,Ind,,False,True,141,7
Yorkshire and The Humber,York Outer,E14001605,76228,51106,Ind,,False,True,88,8
Yorkshire and The Humber,York Outer,E14001605,76228,51106,Ind,,False,True,66,9
