instrument,colourant,dose_Mlxh,L,a,b
MFT,BW1,0,45.405,-6.848,-39.46
MFT,BW1,0.0081,45.525,-7.123,-38.804
MFT,BW1,0.0162,45.612,-7.302,-38.35
MFT,BW1,0.0243,45.633,-7.3227,-38.268
MFT,BW1,0.0324,45.654,-7.3453,-38.186
MFT,BW1,0.0405,45.679,-7.359,-38.11
MFT,BW1,0.0486,45.696,-7.363,-38.043
MFT,BW1,0.0567,45.713,-7.4023,-37.945
MFT,BW1,0.0648,45.724,-7.4483,-37.846
MFT,BW1,0.0729,45.737,-7.4647,-37.783
MFT,BW1,0.0809,45.758,-7.499,-37.702
MFT,BW1,0.089,45.781,-7.4927,-37.641
MFT,BW1,0.0971,45.798,-7.4967,-37.582
MFT,BW1,0.1052,45.805,-7.5377,-37.5
MFT,BW1,0.1133,45.811,-7.5727,-37.421
MFT,BW1,0.1214,45.825,-7.5827,-37.357
MFT,BW1,0.1295,45.848,-7.5917,-37.291
MFT,BW1,0.1376,45.866,-7.6023,-37.233
MFT,BW1,0.1457,45.875,-7.6193,-37.174
MFT,BW1,0.1538,45.891,-7.6237,-37.122
MFT,BW1,0.1619,45.903,-7.64,-37.057
MFT,BW1,0.17,45.909,-7.6823,-36.974
MFT,BW1,0.1781,45.926,-7.684,-36.926
MFT,BW1,0.1862,45.943,-7.6887,-36.881
MFT,BW1,0.1943,45.96,-7.6853,-36.835
MFT,BW1,0.2024,45.974,-7.707,-36.77
MFT,BW1,0.2105,45.98,-7.7473,-36.697
MFT,BW1,0.2186,45.994,-7.7637,-36.646
MFT,BW1,0.2267,46.005,-7.7787,-36.592
MFT,BW1,0.2348,46.016,-7.772,-36.549
MFT,BW1,0.2428,46.032,-7.7733,-36.501
MFT,BW1,0.2509,46.046,-7.7773,-36.452
MFT,BW1,0.259,46.059,-7.7803,-36.415
MFT,BW1,0.2671,46.07,-7.816,-36.346
MFT,BW1,0.2752,46.072,-7.8693,-36.264
MFT,BW1,0.2833,46.081,-7.8633,-36.222
MFT,BW1,0.2914,46.101,-7.847,-36.196
MFT,BW1,0.2995,46.119,-7.839,-36.167
MFT,BW1,0.3076,46.124,-7.8737,-36.103
MFT,BW1,0.3157,46.13,-7.8873,-36.046
MFT,BW1,0.3238,46.144,-7.8837,-36.006
MFT,BW1,0.3319,46.163,-7.8667,-35.983
MFT,BW1,0.34,46.165,-7.9033,-35.921
MFT,BW1,0.3481,46.172,-7.9507,-35.846
MFT,BW1,0.3562,46.186,-7.962,-35.798
MFT,BW1,0.3643,46.208,-7.9333,-35.781
MFT,BW1,0.3724,46.223,-7.916,-35.756
MFT,BW1,0.3805,46.228,-7.939,-35.703
MFT,BW1,0.3886,46.232,-7.9617,-35.644
MFT,BW1,0.3967,46.24,-7.976,-35.593
MFT,BW1,0.4047,46.248,-7.996,-35.544
MFT,BW1,0.4128,46.263,-7.9843,-35.519
MFT,BW1,0.4209,46.273,-7.999,-35.475
MFT,BW1,0.429,46.283,-8.0047,-35.44
MFT,BW1,0.4371,46.296,-8.0037,-35.404
MFT,BW1,0.4452,46.305,-8.0147,-35.366
MFT,BW1,0.4533,46.319,-8.0167,-35.334
MFT,BW1,0.4614,46.326,-8.013,-35.305
MFT,BW1,0.4695,46.34,-8.017,-35.265
MFT,BW1,0.4776,46.357,-8.0267,-35.222
MFT,BW1,0.4857,46.368,-8.028,-35.192
MFT,BW1,0.4938,46.372,-8.044,-35.146
MFT,BW1,0.5019,46.381,-8.0573,-35.097
MFT,BW1,0.51,46.39,-8.0703,-35.047
MFT,BW1,0.5181,46.402,-8.0537,-35.031
MFT,BW1,0.5262,46.41,-8.0683,-34.987
MFT,BW1,0.5343,46.418,-8.085,-34.937
MFT,BW1,0.5424,46.431,-8.0623,-34.932
MFT,BW1,0.5505,46.44,-8.069,-34.896
MFT,BW1,0.5586,46.453,-8.0863,-34.849
MFT,BW1,0.5666,46.462,-8.1047,-34.804
MFT,BW1,0.5747,46.46,-8.1247,-34.754
MFT,BW1,0.5828,46.464,-8.1503,-34.701
MFT,BW1,0.5909,46.478,-8.1557,-34.671
MFT,BW1,0.599,46.485,-8.1483,-34.649
MFT,BW1,0.6071,46.507,-8.1227,-34.637
MFT,BW1,0.6152,46.522,-8.1173,-34.609
MFT,BW1,0.6233,46.516,-8.1437,-34.561
MFT,BW1,0.6314,46.528,-8.1417,-34.531
MFT,BW1,0.6395,46.541,-8.1367,-34.502
MFT,BW1,0.6476,46.546,-8.174,-34.445
MFT,BW1,0.6557,46.56,-8.1827,-34.413
MFT,BW1,0.6638,46.57,-8.2027,-34.366
MFT,BW1,0.6719,46.579,-8.2073,-34.332
MFT,BW1,0.68,46.594,-8.1943,-34.314
MFT,BW1,0.6881,46.603,-8.1983,-34.285
MFT,BW1,0.6962,46.608,-8.205,-34.253
MFT,BW1,0.7043,46.621,-8.193,-34.233
MFT,BW1,0.7124,46.628,-8.202,-34.196
MFT,BW1,0.7205,46.637,-8.207,-34.169
MFT,BW1,0.7285,46.651,-8.2033,-34.14
MFT,BW1,0.7366,46.657,-8.231,-34.089
MFT,BW1,0.7447,46.659,-8.2493,-34.04
MFT,BW1,0.7528,46.666,-8.2563,-34.004
MFT,BW1,0.7609,46.682,-8.237,-33.997
MFT,BW1,0.769,46.693,-8.2277,-33.981
MFT,BW1,0.7771,46.694,-8.2537,-33.93
MFT,BW1,0.7852,46.702,-8.264,-33.896
MFT,BW1,0.7933,46.718,-8.26,-33.874
MFT,BW1,0.8014,46.734,-8.2533,-33.858
MFT,BW1,0.8095,46.739,-8.2597,-33.828
MFT,BW1,0.8176,46.745,-8.269,-33.789
MFT,BW1,0.8257,46.755,-8.2733,-33.761
MFT,BW1,0.8338,46.759,-8.2853,-33.724
MFT,BW1,0.8419,46.766,-8.2967,-33.686
MFT,BW1,0.85,46.785,-8.2783,-33.672
MFT,BW1,0.8581,46.794,-8.29,-33.635
MFT,BW1,0.8662,46.799,-8.3053,-33.6
MFT,BW1,0.8743,46.816,-8.2897,-33.593
MFT,BW1,0.8823,46.814,-8.314,-33.544
MFT,BW1,0.8904,46.819,-8.3213,-33.509
MFT,BW1,0.8985,46.836,-8.3003,-33.507
MFT,BW1,0.9066,46.841,-8.312,-33.473
MFT,BW1,0.9147,46.849,-8.3247,-33.439
MFT,BW1,0.9228,46.861,-8.324,-33.42
MFT,BW1,0.9309,46.863,-8.3577,-33.364
MFT,BW1,0.939,46.867,-8.368,-33.328
MFT,BW1,0.9471,46.878,-8.3613,-33.306
MFT,BW1,0.9552,46.891,-8.3377,-33.294
MFT,BW1,0.9633,46.901,-8.3267,-33.282
MFT,BW1,0.9714,46.905,-8.3373,-33.253
MFT,BW1,0.9795,46.915,-8.3443,-33.217
MFT,BW1,0.9876,46.928,-8.3307,-33.208
MFT,BW1,0.9957,46.94,-8.3383,-33.182
MFT,BW1,1.0038,46.944,-8.3733,-33.126
MFT,BW1,1.0119,46.952,-8.3603,-33.109
MFT,BW1,1.02,46.955,-8.3757,-33.07
MFT,BW1,1.0281,46.964,-8.378,-33.046
MFT,BW1,1.0362,46.977,-8.3903,-33.011
MFT,BW1,1.0442,46.984,-8.396,-32.981
MFT,BW1,1.0523,46.991,-8.404,-32.958
MFT,BW1,1.0604,47.005,-8.3983,-32.938
MFT,BW1,1.0685,47.011,-8.4027,-32.907
MFT,BW1,1.0766,47.02,-8.4033,-32.89
MFT,BW1,1.0847,47.027,-8.4227,-32.858
MFT,BW1,1.0928,47.028,-8.443,-32.817
MFT,BW1,1.1009,47.042,-8.4267,-32.806
MFT,BW1,1.109,47.058,-8.3903,-32.81
MFT,BW1,1.1171,47.063,-8.3923,-32.788
MFT,BW1,1.1252,47.07,-8.405,-32.757
MFT,BW1,1.1333,47.07,-8.4647,-32.677
MFT,BW1,1.1414,47.08,-8.461,-32.66
MFT,BW1,1.1495,47.09,-8.441,-32.653
MFT,BW1,1.1576,47.102,-8.42,-32.646
MFT,BW1,1.1657,47.108,-8.4223,-32.623
MFT,BW1,1.1738,47.117,-8.4243,-32.594
MFT,BW1,1.1819,47.122,-8.4367,-32.555
MFT,BW1,1.19,47.133,-8.424,-32.548
MFT,BW1,1.1981,47.148,-8.4177,-32.531
MFT,BW1,1.2061,47.161,-8.4297,-32.504
MFT,BW1,1.2142,47.158,-8.4523,-32.462
MFT,BW1,1.2223,47.167,-8.4457,-32.445
MFT,BW1,1.2304,47.171,-8.4563,-32.408
MFT,BW1,1.2385,47.173,-8.443,-32.389
MFT,BW1,1.2466,47.188,-8.4413,-32.378
MFT,BW1,1.2547,47.197,-8.457,-32.348
MFT,BW1,1.2628,47.21,-8.4537,-32.332
MFT,BW1,1.2709,47.214,-8.459,-32.316
MFT,BW1,1.279,47.215,-8.4837,-32.271
MFT,BW1,1.2871,47.215,-8.5087,-32.218
MFT,BW1,1.2952,47.227,-8.51,-32.194
MFT,BW1,1.3033,47.243,-8.497,-32.182
MFT,BW1,1.3114,47.249,-8.4923,-32.168
MFT,BW1,1.3195,47.261,-8.4627,-32.18
MFT,BW1,1.3276,47.264,-8.4803,-32.146
MFT,BW1,1.3357,47.264,-8.5133,-32.097
MFT,BW1,1.3438,47.277,-8.5213,-32.062
MFT,BW1,1.3519,47.289,-8.5073,-32.045
MFT,BW1,1.36,47.296,-8.498,-32.033
MFT,BW1,1.368,47.302,-8.499,-32.008
MFT,BW1,1.3761,47.307,-8.508,-31.983
MFT,BW1,1.3842,47.316,-8.519,-31.961
MFT,BW1,1.3923,47.328,-8.5273,-31.938
MFT,BW1,1.4004,47.333,-8.5187,-31.92
MFT,BW2,0,41.478,-5.9967,-39.435
MFT,BW2,0.0081,41.477,-5.9527,-39.253
MFT,BW2,0.0162,41.485,-5.9237,-39.135
MFT,BW2,0.0243,41.486,-5.929,-39.093
MFT,BW2,0.0324,41.484,-5.9413,-39.056
MFT,BW2,0.0405,41.487,-5.902,-39.056
MFT,BW2,0.0486,41.493,-5.8863,-39.046
MFT,BW2,0.0567,41.495,-5.8873,-39.021
MFT,BW2,0.0648,41.503,-5.8877,-38.995
MFT,BW2,0.0729,41.5,-5.8997,-38.961
MFT,BW2,0.0809,41.507,-5.8927,-38.949
MFT,BW2,0.089,41.511,-5.897,-38.924
MFT,BW2,0.0971,41.514,-5.8693,-38.921
MFT,BW2,0.1052,41.51,-5.8943,-38.873
MFT,BW2,0.1133,41.51,-5.9103,-38.838
MFT,BW2,0.1214,41.507,-5.9067,-38.821
MFT,BW2,0.1295,41.521,-5.8883,-38.813
MFT,BW2,0.1376,41.532,-5.882,-38.802
MFT,BW2,0.1457,41.515,-5.9187,-38.757
MFT,BW2,0.1538,41.518,-5.927,-38.73
MFT,BW2,0.1619,41.524,-5.9033,-38.73
MFT,BW2,0.17,41.532,-5.894,-38.717
MFT,BW2,0.1781,41.535,-5.8947,-38.699
MFT,BW2,0.1862,41.531,-5.906,-38.666
MFT,BW2,0.1943,41.53,-5.9103,-38.645
MFT,BW2,0.2024,41.536,-5.9053,-38.633
MFT,BW2,0.2105,41.531,-5.9187,-38.602
MFT,BW2,0.2186,41.531,-5.9053,-38.589
MFT,BW2,0.2267,41.539,-5.8823,-38.589
MFT,BW2,0.2348,41.551,-5.8653,-38.582
MFT,BW2,0.2428,41.552,-5.879,-38.557
MFT,BW2,0.2509,41.552,-5.8903,-38.532
MFT,BW2,0.259,41.559,-5.8733,-38.522
MFT,BW2,0.2671,41.556,-5.889,-38.496
MFT,BW2,0.2752,41.565,-5.868,-38.497
MFT,BW2,0.2833,41.571,-5.86,-38.485
MFT,BW2,0.2914,41.567,-5.8747,-38.46
MFT,BW2,0.2995,41.566,-5.891,-38.433
MFT,BW2,0.3076,41.576,-5.8827,-38.42
MFT,BW2,0.3157,41.58,-5.8733,-38.409
MFT,BW2,0.3238,41.573,-5.8967,-38.382
MFT,BW2,0.3319,41.578,-5.8877,-38.374
MFT,BW2,0.34,41.585,-5.868,-38.374
MFT,BW2,0.3481,41.586,-5.8677,-38.364
MFT,BW2,0.3562,41.584,-5.868,-38.344
MFT,BW2,0.3643,41.584,-5.899,-38.301
MFT,BW2,0.3724,41.591,-5.8813,-38.3
MFT,BW2,0.3805,41.593,-5.861,-38.305
MFT,BW2,0.3886,41.593,-5.873,-38.274
MFT,BW2,0.3967,41.594,-5.87,-38.254
MFT,BW2,0.4047,41.596,-5.8603,-38.253
MFT,BW2,0.4128,41.606,-5.846,-38.252
MFT,BW2,0.4209,41.601,-5.8813,-38.222
MFT,BW2,0.429,41.602,-5.876,-38.221
MFT,BW2,0.4371,41.605,-5.8533,-38.206
MFT,BW2,0.4452,41.607,-5.8503,-38.186
MFT,BW2,0.4533,41.614,-5.8563,-38.172
MFT,BW2,0.4614,41.617,-5.865,-38.16
MFT,BW2,0.4695,41.619,-5.8577,-38.153
MFT,BW2,0.4776,41.61,-5.8877,-38.115
MFT,BW2,0.4857,41.606,-5.902,-38.083
MFT,BW2,0.4938,41.612,-5.899,-38.07
MFT,BW2,0.5019,41.618,-5.89,-38.07
MFT,BW2,0.51,41.628,-5.8663,-38.075
MFT,BW2,0.5181,41.62,-5.9007,-38.033
MFT,BW2,0.5262,41.623,-5.899,-38.023
MFT,BW2,0.5343,41.642,-5.8443,-38.056
MFT,BW2,0.5424,41.63,-5.877,-38.015
MFT,BW2,0.5505,41.618,-5.896,-37.987
MFT,BW2,0.5586,41.632,-5.8733,-37.987
MFT,BW2,0.5666,41.633,-5.8833,-37.971
MFT,BW2,0.5747,41.64,-5.8893,-37.959
MFT,BW2,0.5828,41.655,-5.8687,-37.953
MFT,BW2,0.5909,41.655,-5.857,-37.947
MFT,BW2,0.599,41.652,-5.875,-37.922
MFT,BW2,0.6071,41.65,-5.8607,-37.918
MFT,BW2,0.6152,41.648,-5.8707,-37.896
MFT,BW2,0.6233,41.649,-5.8917,-37.866
MFT,BW2,0.6314,41.651,-5.8797,-37.866
MFT,BW2,0.6395,41.656,-5.8737,-37.864
MFT,BW2,0.6476,41.663,-5.873,-37.846
MFT,BW2,0.6557,41.664,-5.871,-37.84
MFT,BW2,0.6638,41.675,-5.853,-37.845
MFT,BW2,0.6719,41.676,-5.845,-37.84
MFT,BW2,0.68,41.67,-5.8577,-37.817
MFT,BW2,0.6881,41.675,-5.8627,-37.798
MFT,BW2,0.6962,41.673,-5.8597,-37.789
MFT,BW2,0.7043,41.676,-5.8693,-37.773
MFT,BW2,0.7124,41.675,-5.88,-37.749
MFT,BW2,0.7205,41.684,-5.8417,-37.764
MFT,BW2,0.7285,41.694,-5.8343,-37.763
MFT,BW2,0.7366,41.693,-5.842,-37.751
MFT,BW2,0.7447,41.685,-5.8623,-37.733
MFT,BW2,0.7528,41.686,-5.8643,-37.716
MFT,BW2,0.7609,41.689,-5.8777,-37.686
MFT,BW2,0.769,41.694,-5.8793,-37.667
MFT,BW2,0.7771,41.694,-5.864,-37.668
MFT,BW2,0.7852,41.698,-5.8447,-37.674
MFT,BW2,0.7933,41.707,-5.8527,-37.667
MFT,BW2,0.8014,41.713,-5.8447,-37.656
MFT,BW2,0.8095,41.707,-5.849,-37.634
MFT,BW2,0.8176,41.704,-5.8553,-37.612
MFT,BW2,0.8257,41.703,-5.867,-37.597
MFT,BW2,0.8338,41.706,-5.876,-37.579
MFT,BW2,0.8419,41.709,-5.859,-37.58
MFT,BW2,0.85,41.705,-5.8857,-37.552
MFT,BW2,0.8581,41.708,-5.87,-37.555
MFT,BW2,0.8662,41.716,-5.8633,-37.548
MFT,BW2,0.8743,41.721,-5.8593,-37.545
MFT,BW2,0.8824,41.718,-5.854,-37.536
MFT,BW2,0.8904,41.72,-5.864,-37.514
MFT,BW2,0.8985,41.735,-5.8347,-37.531
MFT,BW2,0.9066,41.737,-5.815,-37.537
MFT,BW2,0.9147,41.732,-5.8343,-37.508
MFT,BW2,0.9228,41.742,-5.8293,-37.493
MFT,BW2,0.9309,41.742,-5.833,-37.477
MFT,BW2,0.939,41.735,-5.8553,-37.451
MFT,BW2,0.9471,41.74,-5.8593,-37.442
MFT,BW2,0.9552,41.738,-5.881,-37.417
MFT,BW2,0.9633,41.738,-5.8927,-37.394
MFT,BW2,0.9714,41.738,-5.892,-37.386
MFT,BW2,0.9795,41.744,-5.8713,-37.396
MFT,BW2,0.9876,41.747,-5.8547,-37.399
MFT,BW2,0.9957,41.747,-5.868,-37.381
MFT,BW2,1.0038,41.757,-5.842,-37.386
MFT,BW2,1.0119,41.754,-5.8523,-37.364
MFT,BW2,1.02,41.757,-5.8717,-37.347
MFT,BW2,1.0281,41.762,-5.8873,-37.33
MFT,BW2,1.0362,41.758,-5.8807,-37.324
MFT,BW2,1.0443,41.756,-5.8683,-37.318
MFT,BW2,1.0523,41.759,-5.867,-37.303
MFT,BW2,1.0604,41.77,-5.8647,-37.301
MFT,BW2,1.0685,41.771,-5.8417,-37.306
MFT,BW2,1.0766,41.774,-5.835,-37.298
MFT,BW2,1.0847,41.776,-5.851,-37.282
MFT,BW2,1.0928,41.768,-5.872,-37.259
MFT,BW2,1.1009,41.768,-5.8627,-37.253
MFT,BW2,1.109,41.78,-5.8337,-37.266
MFT,BW2,1.1171,41.784,-5.8427,-37.249
MFT,BW2,1.1252,41.784,-5.8537,-37.23
MFT,BW2,1.1333,41.782,-5.8493,-37.224
MFT,BW2,1.1414,41.781,-5.8493,-37.213
MFT,BW2,1.1495,41.776,-5.878,-37.184
MFT,BW2,1.1576,41.772,-5.9033,-37.153
MFT,BW2,1.1657,41.787,-5.885,-37.155
MFT,BW2,1.1738,41.798,-5.8597,-37.169
MFT,BW2,1.1819,41.79,-5.887,-37.131
MFT,BW2,1.19,41.796,-5.8797,-37.13
MFT,BW2,1.1981,41.798,-5.873,-37.131
MFT,BW2,1.2061,41.796,-5.8927,-37.113
MFT,BW2,1.2142,41.8,-5.8657,-37.119
MFT,BW2,1.2223,41.801,-5.8463,-37.119
MFT,BW2,1.2304,41.801,-5.8563,-37.105
MFT,BW2,1.2385,41.805,-5.871,-37.09
MFT,BW2,1.2466,41.805,-5.8753,-37.076
MFT,BW2,1.2547,41.814,-5.857,-37.073
MFT,BW2,1.2628,41.809,-5.8653,-37.052
MFT,BW2,1.2709,41.811,-5.868,-37.042
MFT,BW2,1.279,41.825,-5.8453,-37.05
MFT,BW2,1.2871,41.82,-5.8773,-37.02
MFT,BW2,1.2952,41.823,-5.8533,-37.032
MFT,BW2,1.3033,41.827,-5.8313,-37.039
MFT,BW2,1.3114,41.819,-5.864,-36.999
MFT,BW2,1.3195,41.819,-5.8783,-36.983
MFT,BW2,1.3276,41.828,-5.8697,-36.983
MFT,BW2,1.3357,41.836,-5.8547,-36.981
MFT,BW2,1.3438,41.836,-5.8723,-36.963
MFT,BW2,1.3519,41.834,-5.8633,-36.962
MFT,BW2,1.36,41.839,-5.843,-36.968
MFT,BW2,1.368,41.84,-5.8393,-36.959
MFT,BW2,1.3761,41.839,-5.8347,-36.957
MFT,BW2,1.3842,41.841,-5.842,-36.94
MFT,BW2,1.3923,41.846,-5.8543,-36.921
MFT,BW2,1.4004,41.846,-5.8617,-36.908
MFT,BW2,1.4085,41.843,-5.8683,-36.917
MFT,BW3,0,40.726,6.1973,-47.417
MFT,BW3,0.0081,40.705,6.2683,-47.4
MFT,BW3,0.0162,40.701,6.2907,-47.389
MFT,BW3,0.0243,40.715,6.294,-47.391
MFT,BW3,0.0324,40.713,6.283,-47.374
MFT,BW3,0.0405,40.716,6.2933,-47.374
MFT,BW3,0.0486,40.715,6.3067,-47.379
MFT,BW3,0.0567,40.713,6.3247,-47.389
MFT,BW3,0.0648,40.719,6.3267,-47.389
MFT,BW3,0.0729,40.727,6.3167,-47.375
MFT,BW3,0.0809,40.738,6.3197,-47.367
MFT,BW3,0.089,40.741,6.327,-47.373
MFT,BW3,0.0971,40.73,6.3127,-47.365
MFT,BW3,0.1052,40.73,6.3187,-47.367
MFT,BW3,0.1133,40.739,6.3233,-47.36
MFT,BW3,0.1214,40.738,6.325,-47.356
MFT,BW3,0.1295,40.741,6.3273,-47.351
MFT,BW3,0.1376,40.738,6.338,-47.352
MFT,BW3,0.1457,40.738,6.3187,-47.338
MFT,BW3,0.1538,40.739,6.308,-47.329
MFT,BW3,0.1619,40.741,6.3317,-47.342
MFT,BW3,0.17,40.746,6.3183,-47.33
MFT,BW3,0.1781,40.74,6.3117,-47.322
MFT,BW3,0.1862,40.75,6.329,-47.329
MFT,BW3,0.1943,40.755,6.3333,-47.324
MFT,BW3,0.2024,40.755,6.3333,-47.324
MFT,BW3,0.2105,40.761,6.347,-47.338
MFT,BW3,0.2186,40.759,6.345,-47.331
MFT,BW3,0.2267,40.762,6.3427,-47.325
MFT,BW3,0.2348,40.771,6.335,-47.313
MFT,BW3,0.2428,40.771,6.3383,-47.311
MFT,BW3,0.2509,40.763,6.3467,-47.313
MFT,BW3,0.259,40.762,6.338,-47.3
MFT,BW3,0.2671,40.767,6.34,-47.307
MFT,BW3,0.2752,40.783,6.3553,-47.322
MFT,BW3,0.2833,40.79,6.3607,-47.322
MFT,BW3,0.2914,40.786,6.371,-47.324
MFT,BW3,0.2995,40.793,6.3813,-47.323
MFT,BW3,0.3076,40.789,6.3693,-47.308
MFT,BW3,0.3157,40.782,6.3467,-47.284
MFT,BW3,0.3238,40.781,6.3603,-47.292
MFT,BW3,0.3319,40.785,6.3707,-47.295
MFT,BW3,0.34,40.79,6.364,-47.288
MFT,BW3,0.3481,40.777,6.3523,-47.276
MFT,BW3,0.3562,40.78,6.3593,-47.28
MFT,BW3,0.3643,40.792,6.3507,-47.273
MFT,BW3,0.3724,40.791,6.3477,-47.274
MFT,BW3,0.3805,40.786,6.345,-47.269
MFT,BW3,0.3886,40.782,6.3287,-47.25
MFT,BW3,0.3967,40.786,6.328,-47.248
MFT,BW3,0.4047,40.792,6.3343,-47.248
MFT,BW3,0.4128,40.789,6.3247,-47.229
MFT,BW3,0.4209,40.795,6.335,-47.235
MFT,BW3,0.429,40.803,6.3497,-47.246
MFT,BW3,0.4371,40.805,6.3627,-47.253
MFT,BW3,0.4452,40.807,6.3627,-47.246
MFT,BW3,0.4533,40.805,6.3197,-47.211
MFT,BW3,0.4614,40.804,6.3223,-47.215
MFT,BW3,0.4695,40.805,6.3547,-47.246
MFT,BW3,0.4776,40.818,6.3577,-47.24
MFT,BW3,0.4857,40.82,6.3433,-47.224
MFT,BW3,0.4938,40.812,6.341,-47.217
MFT,BW3,0.5019,40.81,6.3497,-47.216
MFT,BW3,0.51,40.811,6.331,-47.199
MFT,BW3,0.5181,40.808,6.32,-47.192
MFT,BW3,0.5262,40.812,6.331,-47.199
MFT,BW3,0.5343,40.816,6.3417,-47.203
MFT,BW3,0.5424,40.815,6.3323,-47.194
MFT,BW3,0.5505,40.805,6.2837,-47.156
MFT,BW3,0.5586,40.812,6.3033,-47.168
MFT,BW3,0.5666,40.821,6.3213,-47.18
MFT,BW3,0.5747,40.824,6.3337,-47.192
MFT,BW3,0.5828,40.832,6.3717,-47.216
MFT,BW3,0.5909,40.825,6.3707,-47.21
MFT,BW3,0.599,40.824,6.3533,-47.196
MFT,BW3,0.6071,40.844,6.371,-47.206
MFT,BW3,0.6152,40.852,6.375,-47.207
MFT,BW3,0.6233,40.836,6.3517,-47.187
MFT,BW3,0.6314,40.822,6.3287,-47.169
MFT,BW3,0.6395,40.824,6.3273,-47.165
MFT,BW3,0.6476,40.828,6.3293,-47.161
MFT,BW3,0.6557,40.829,6.319,-47.149
MFT,BW3,0.6638,40.836,6.326,-47.152
MFT,BW3,0.6719,40.838,6.3553,-47.174
MFT,BW3,0.68,40.846,6.3573,-47.165
MFT,BW3,0.6881,40.843,6.351,-47.155
MFT,BW3,0.6962,40.848,6.3567,-47.159
MFT,BW3,0.7043,40.851,6.3437,-47.146
MFT,BW3,0.7124,40.84,6.3153,-47.124
MFT,BW3,0.7205,40.838,6.3073,-47.117
MFT,BW3,0.7285,40.845,6.3333,-47.132
MFT,BW3,0.7366,40.852,6.344,-47.142
MFT,BW3,0.7447,40.855,6.345,-47.14
MFT,BW3,0.7528,40.854,6.3367,-47.126
MFT,BW3,0.7609,40.86,6.369,-47.148
MFT,BW3,0.769,40.865,6.3717,-47.144
MFT,BW3,0.7771,40.856,6.3493,-47.129
MFT,BW3,0.7852,40.864,6.3627,-47.14
MFT,BW3,0.7933,40.859,6.3363,-47.118
MFT,BW3,0.8014,40.861,6.3237,-47.113
MFT,BW3,0.8095,40.858,6.3193,-47.101
MFT,BW3,0.8176,40.849,6.3033,-47.083
MFT,BW3,0.8257,40.855,6.3087,-47.083
MFT,BW3,0.8338,40.864,6.339,-47.104
MFT,BW3,0.8419,40.863,6.34,-47.103
MFT,BW3,0.85,40.865,6.3283,-47.092
MFT,BW3,0.8581,40.873,6.3243,-47.086
MFT,BW3,0.8662,40.877,6.33,-47.089
MFT,BW3,0.8743,40.882,6.3387,-47.098
MFT,BW3,0.8824,40.889,6.327,-47.081
MFT,BW3,0.8904,40.882,6.323,-47.076
MFT,BW3,0.8985,40.874,6.321,-47.073
MFT,BW3,0.9066,40.87,6.327,-47.074
MFT,BW3,0.9147,40.877,6.3247,-47.075
MFT,BW3,0.9228,40.884,6.3207,-47.07
MFT,BW3,0.9309,40.892,6.325,-47.064
MFT,BW3,0.939,40.888,6.3193,-47.052
MFT,BW3,0.9471,40.893,6.3387,-47.06
MFT,BW3,0.9552,40.891,6.3373,-47.06
MFT,BW3,0.9633,40.872,6.303,-47.034
MFT,BW3,0.9714,40.87,6.3017,-47.029
MFT,BW3,0.9795,40.882,6.314,-47.031
MFT,BW3,0.9876,40.889,6.3323,-47.047
MFT,BW3,0.9957,40.904,6.369,-47.081
MFT,BW3,1.0038,40.902,6.3473,-47.058
MFT,BW3,1.0119,40.9,6.307,-47.02
MFT,BW3,1.02,40.902,6.3263,-47.026
MFT,BW3,1.0281,40.895,6.3257,-47.022
MFT,BW3,1.0362,40.895,6.3197,-47.019
MFT,BW3,1.0443,40.893,6.3313,-47.03
MFT,BW3,1.0523,40.89,6.3207,-47.023
MFT,BW3,1.0604,40.901,6.3247,-47.023
MFT,BW3,1.0685,40.903,6.3293,-47.019
MFT,BW3,1.0766,40.907,6.3313,-47.017
MFT,BW3,1.0847,40.906,6.3177,-47.003
MFT,BW3,1.0928,40.898,6.3013,-46.993
MFT,BW3,1.1009,40.907,6.31,-46.994
MFT,BW3,1.109,40.906,6.31,-46.994
MFT,BW3,1.1171,40.904,6.2967,-46.989
MFT,BW3,1.1252,40.898,6.289,-46.975
MFT,BW3,1.1333,40.909,6.299,-46.973
MFT,BW3,1.1414,40.915,6.299,-46.971
MFT,BW3,1.1495,40.916,6.3057,-46.974
MFT,BW3,1.1576,40.914,6.291,-46.959
MFT,BW3,1.1657,40.913,6.2787,-46.946
MFT,BW3,1.1738,40.924,6.311,-46.976
MFT,BW3,1.1819,40.93,6.312,-46.975
MFT,BW3,1.19,40.939,6.3273,-46.978
MFT,BW3,1.1981,40.928,6.3177,-46.965
MFT,BW3,1.2061,40.925,6.3033,-46.955
MFT,BW3,1.2142,40.931,6.304,-46.958
MFT,BW3,1.2223,40.934,6.292,-46.95
MFT,BW3,1.2304,40.936,6.307,-46.955
MFT,BW3,1.2385,40.934,6.309,-46.957
MFT,BW3,1.2466,40.927,6.309,-46.954
MFT,BW3,1.2547,40.926,6.2943,-46.941
MFT,BW3,1.2628,40.93,6.299,-46.941
MFT,BW3,1.2709,40.929,6.2983,-46.94
MFT,BW3,1.279,40.936,6.2953,-46.938
MFT,BW3,1.2871,40.935,6.2863,-46.923
MFT,BW3,1.2952,40.93,6.2907,-46.92
MFT,BW3,1.3033,40.931,6.2973,-46.92
MFT,BW3,1.3114,40.928,6.294,-46.912
MFT,BW3,1.3195,40.933,6.291,-46.909
MFT,BW3,1.3276,40.942,6.2887,-46.912
MFT,BW3,1.3357,40.933,6.271,-46.895
MFT,BW3,1.3438,40.927,6.274,-46.894
MFT,BW3,1.3519,40.933,6.2687,-46.887
MFT,BW3,1.3599,40.941,6.2857,-46.897
MFT,BW3,1.368,40.942,6.2987,-46.904
MFT,BW3,1.3761,40.933,6.2643,-46.881
MFT,BW3,1.3842,40.929,6.261,-46.874
MFT,BW3,1.3923,40.933,6.276,-46.883
MFT,BW3,1.4004,40.943,6.264,-46.874
MFT,BW3,1.4085,40.941,6.2547,-46.865
MFT,BW4,0,34.741,-7.3317,-26.888
MFT,BW4,0.0081,34.651,-7.1783,-26.902
MFT,BW4,0.0162,34.657,-7.1377,-26.925
MFT,BW4,0.0243,34.641,-7.1543,-26.909
MFT,BW4,0.0324,34.631,-7.162,-26.901
MFT,BW4,0.0405,34.643,-7.1313,-26.922
MFT,BW4,0.0486,34.655,-7.111,-26.938
MFT,BW4,0.0567,34.633,-7.141,-26.921
MFT,BW4,0.0648,34.626,-7.153,-26.917
MFT,BW4,0.0729,34.634,-7.1297,-26.933
MFT,BW4,0.0809,34.651,-7.0733,-26.97
MFT,BW4,0.089,34.656,-7.0483,-26.985
MFT,BW4,0.0971,34.637,-7.1017,-26.939
MFT,BW4,0.1052,34.642,-7.0903,-26.948
MFT,BW4,0.1133,34.658,-7.042,-26.978
MFT,BW4,0.1214,34.648,-7.0437,-26.985
MFT,BW4,0.1295,34.641,-7.0547,-26.991
MFT,BW4,0.1376,34.637,-7.0663,-26.984
MFT,BW4,0.1457,34.621,-7.0853,-26.953
MFT,BW4,0.1538,34.624,-7.0857,-26.955
MFT,BW4,0.1619,34.637,-7.0843,-26.958
MFT,BW4,0.17,34.641,-7.0727,-26.959
MFT,BW4,0.1781,34.645,-7.0413,-26.982
MFT,BW4,0.1862,34.655,-7.0027,-27.011
MFT,BW4,0.1943,34.637,-7.0447,-26.982
MFT,BW4,0.2024,34.631,-7.0493,-26.979
MFT,BW4,0.2105,34.64,-7.036,-26.988
MFT,BW4,0.2186,34.635,-7.042,-26.986
MFT,BW4,0.2267,34.635,-7.0403,-26.993
MFT,BW4,0.2348,34.639,-7.031,-27
MFT,BW4,0.2428,34.635,-7.037,-26.991
MFT,BW4,0.2509,34.638,-7.038,-26.989
MFT,BW4,0.259,34.656,-6.9787,-27.032
MFT,BW4,0.2671,34.649,-6.9827,-27.031
MFT,BW4,0.2752,34.652,-6.9473,-27.061
MFT,BW4,0.2833,34.652,-6.957,-27.051
MFT,BW4,0.2914,34.645,-6.9727,-27.036
MFT,BW4,0.2995,34.643,-6.9833,-27.037
MFT,BW4,0.3076,34.64,-6.9833,-27.031
MFT,BW4,0.3157,34.635,-6.9793,-27.025
MFT,BW4,0.3238,34.619,-7.0337,-26.989
MFT,BW4,0.3319,34.624,-7.029,-26.993
MFT,BW4,0.34,34.635,-7.0043,-27.016
MFT,BW4,0.3481,34.636,-7.019,-27.006
MFT,BW4,0.3562,34.636,-6.9847,-27.027
MFT,BW4,0.3643,34.636,-6.953,-27.04
MFT,BW4,0.3724,34.628,-6.9947,-27.002
MFT,BW4,0.3805,34.628,-6.9917,-27.015
MFT,BW4,0.3886,34.632,-6.9643,-27.041
MFT,BW4,0.3967,34.631,-6.9587,-27.04
MFT,BW4,0.4047,34.631,-6.9577,-27.04
MFT,BW4,0.4128,34.644,-6.925,-27.07
MFT,BW4,0.4209,34.651,-6.9107,-27.089
MFT,BW4,0.429,34.654,-6.9083,-27.096
MFT,BW4,0.4371,34.642,-6.9257,-27.081
MFT,BW4,0.4452,34.634,-6.958,-27.055
MFT,BW4,0.4533,34.641,-6.9443,-27.056
MFT,BW4,0.4614,34.647,-6.916,-27.071
MFT,BW4,0.4695,34.641,-6.9383,-27.055
MFT,BW4,0.4776,34.646,-6.9037,-27.086
MFT,BW4,0.4857,34.642,-6.9147,-27.082
MFT,BW4,0.4938,34.642,-6.923,-27.076
MFT,BW4,0.5019,34.632,-6.929,-27.071
MFT,BW4,0.51,34.64,-6.9353,-27.058
MFT,BW4,0.5181,34.639,-6.9437,-27.051
MFT,BW4,0.5262,34.627,-6.9383,-27.056
MFT,BW4,0.5343,34.622,-6.9463,-27.05
MFT,BW4,0.5424,34.62,-6.9443,-27.059
MFT,BW4,0.5505,34.639,-6.894,-27.09
MFT,BW4,0.5586,34.64,-6.8943,-27.1
MFT,BW4,0.5666,34.624,-6.949,-27.056
MFT,BW4,0.5747,34.629,-6.957,-27.047
MFT,BW4,0.5828,34.629,-6.966,-27.037
MFT,BW4,0.5909,34.642,-6.9073,-27.082
MFT,BW4,0.599,34.646,-6.8703,-27.117
MFT,BW4,0.6071,34.635,-6.9033,-27.082
MFT,BW4,0.6152,34.632,-6.9173,-27.071
MFT,BW4,0.6233,34.634,-6.9043,-27.085
MFT,BW4,0.6314,34.634,-6.8953,-27.099
MFT,BW4,0.6395,34.631,-6.8867,-27.096
MFT,BW4,0.6476,34.625,-6.8897,-27.086
MFT,BW4,0.6557,34.623,-6.9247,-27.066
MFT,BW4,0.6638,34.631,-6.91,-27.09
MFT,BW4,0.6719,34.64,-6.8753,-27.112
MFT,BW4,0.68,34.641,-6.88,-27.099
MFT,BW4,0.6881,34.641,-6.889,-27.096
MFT,BW4,0.6962,34.637,-6.8837,-27.1
MFT,BW4,0.7043,34.643,-6.8433,-27.127
MFT,BW4,0.7124,34.655,-6.8087,-27.158
MFT,BW4,0.7205,34.647,-6.8467,-27.125
MFT,BW4,0.7285,34.637,-6.8953,-27.089
MFT,BW4,0.7366,34.631,-6.9127,-27.076
MFT,BW4,0.7447,34.632,-6.905,-27.084
MFT,BW4,0.7528,34.638,-6.8987,-27.1
MFT,BW4,0.7609,34.651,-6.8603,-27.136
MFT,BW4,0.769,34.64,-6.875,-27.109
MFT,BW4,0.7771,34.632,-6.8763,-27.1
MFT,BW4,0.7852,34.649,-6.8323,-27.136
MFT,BW4,0.7933,34.647,-6.818,-27.148
MFT,BW4,0.8014,34.641,-6.863,-27.118
MFT,BW4,0.8095,34.649,-6.8613,-27.119
MFT,BW4,0.8176,34.654,-6.8467,-27.13
MFT,BW4,0.8257,34.637,-6.8853,-27.096
MFT,BW4,0.8338,34.626,-6.9013,-27.083
MFT,BW4,0.8419,34.628,-6.9043,-27.089
MFT,BW4,0.85,34.64,-6.8757,-27.107
MFT,BW4,0.8581,34.647,-6.8487,-27.121
MFT,BW4,0.8662,34.64,-6.8537,-27.119
MFT,BW4,0.8743,34.641,-6.854,-27.12
MFT,BW4,0.8824,34.643,-6.8383,-27.134
MFT,BW4,0.8904,34.649,-6.823,-27.149
MFT,BW4,0.8985,34.643,-6.837,-27.137
MFT,BW4,0.9066,34.643,-6.8283,-27.14
MFT,BW4,0.9147,34.649,-6.8283,-27.143
MFT,BW4,0.9228,34.656,-6.8027,-27.163
MFT,BW4,0.9309,34.66,-6.7723,-27.18
MFT,BW4,0.939,34.647,-6.8247,-27.137
MFT,BW4,0.9471,34.647,-6.84,-27.129
MFT,BW4,0.9552,34.636,-6.8437,-27.129
MFT,BW4,0.9633,34.629,-6.8597,-27.115
MFT,BW4,0.9714,34.636,-6.862,-27.105
MFT,BW4,0.9795,34.643,-6.8493,-27.123
MFT,BW4,0.9876,34.632,-6.8643,-27.119
MFT,BW4,0.9957,34.644,-6.7963,-27.168
MFT,BW4,1.0038,34.646,-6.7997,-27.155
MFT,BW4,1.0119,34.641,-6.8433,-27.125
MFT,BW4,1.02,34.647,-6.8087,-27.156
MFT,BW4,1.0281,34.645,-6.8327,-27.136
MFT,BW4,1.0362,34.654,-6.819,-27.147
MFT,BW4,1.0443,34.667,-6.7617,-27.184
MFT,BW4,1.0523,34.652,-6.8027,-27.155
MFT,BW4,1.0604,34.651,-6.8297,-27.141
MFT,BW4,1.0685,34.658,-6.8023,-27.155
MFT,BW4,1.0766,34.662,-6.7987,-27.156
MFT,BW4,1.0847,34.655,-6.8143,-27.141
MFT,BW4,1.0928,34.655,-6.798,-27.163
MFT,BW4,1.1009,34.65,-6.802,-27.16
MFT,BW4,1.109,34.648,-6.7837,-27.175
MFT,BW4,1.1171,34.649,-6.7927,-27.169
MFT,BW4,1.1252,34.639,-6.8197,-27.139
MFT,BW4,1.1333,34.646,-6.813,-27.146
MFT,BW4,1.1414,34.655,-6.793,-27.163
MFT,BW4,1.1495,34.653,-6.7743,-27.181
MFT,BW4,1.1576,34.661,-6.7463,-27.197
MFT,BW4,1.1657,34.662,-6.7537,-27.186
MFT,BW4,1.1738,34.644,-6.7943,-27.158
MFT,BW4,1.1819,34.643,-6.821,-27.136
MFT,BW4,1.19,34.642,-6.833,-27.125
MFT,BW4,1.198,34.634,-6.8257,-27.13
MFT,BW4,1.2061,34.643,-6.7967,-27.155
MFT,BW4,1.2142,34.644,-6.7837,-27.161
MFT,BW4,1.2223,34.645,-6.7973,-27.153
MFT,BW4,1.2304,34.663,-6.777,-27.179
MFT,BW4,1.2385,34.662,-6.7687,-27.182
MFT,BW4,1.2466,34.643,-6.805,-27.149
MFT,BW4,1.2547,34.634,-6.8147,-27.143
MFT,BW4,1.2628,34.64,-6.7883,-27.163
MFT,BW4,1.2709,34.664,-6.747,-27.198
MFT,BW4,1.279,34.669,-6.7557,-27.2
MFT,BW4,1.2871,34.646,-6.8053,-27.15
MFT,BW4,1.2952,34.645,-6.7783,-27.161
MFT,BW4,1.3033,34.659,-6.7457,-27.187
MFT,BW4,1.3114,34.657,-6.7497,-27.188
MFT,BW4,1.3195,34.657,-6.7607,-27.185
MFT,BW4,1.3276,34.651,-6.799,-27.155
MFT,BW4,1.3357,34.651,-6.781,-27.171
MFT,BW4,1.3438,34.649,-6.8017,-27.151
MFT,BW4,1.3519,34.639,-6.837,-27.121
MFT,BW4,1.36,34.669,-6.7563,-27.187
MFT,BW4,1.368,34.674,-6.7307,-27.198
MFT,BW4,1.3761,34.653,-6.79,-27.147
MFT,BW4,1.3842,34.662,-6.7783,-27.158
MFT,BW4,1.3923,34.647,-6.7833,-27.153
MFT,BW4,1.4004,34.642,-6.786,-27.16
MFT,BW4,1.4085,34.666,-6.732,-27.206
MFT,brass powder,0,58.565,3.32,11.913
MFT,brass powder,0.008,58.547,3.332,11.882
MFT,brass powder,0.016,58.532,3.344,11.853
MFT,brass powder,0.024,58.53,3.3453,11.849
MFT,brass powder,0.032,58.529,3.3463,11.851
MFT,brass powder,0.04,58.527,3.3493,11.852
MFT,brass powder,0.049,58.525,3.3557,11.856
MFT,brass powder,0.057,58.525,3.3603,11.823
MFT,brass powder,0.065,58.526,3.365,11.787
MFT,brass powder,0.073,58.524,3.3733,11.78
MFT,brass powder,0.081,58.522,3.3683,11.803
MFT,brass powder,0.089,58.52,3.36,11.826
MFT,brass powder,0.097,58.52,3.3543,11.824
MFT,brass powder,0.105,58.517,3.3547,11.837
MFT,brass powder,0.113,58.514,3.3557,11.846
MFT,brass powder,0.121,58.515,3.3537,11.845
MFT,brass powder,0.13,58.519,3.37,11.802
MFT,brass powder,0.138,58.523,3.3787,11.776
MFT,brass powder,0.146,58.522,3.372,11.784
MFT,brass powder,0.154,58.514,3.3743,11.8
MFT,brass powder,0.162,58.517,3.3837,11.779
MFT,brass powder,0.17,58.524,3.3897,11.749
MFT,brass powder,0.178,58.518,3.3727,11.789
MFT,brass powder,0.186,58.516,3.3813,11.778
MFT,brass powder,0.194,58.517,3.3963,11.741
MFT,brass powder,0.202,58.521,3.405,11.708
MFT,brass powder,0.21,58.516,3.391,11.752
MFT,brass powder,0.219,58.514,3.3833,11.773
MFT,brass powder,0.227,58.517,3.39,11.745
MFT,brass powder,0.235,58.511,3.3883,11.761
MFT,brass powder,0.243,58.502,3.3803,11.802
MFT,brass powder,0.251,58.492,3.361,11.868
MFT,brass powder,0.259,58.501,3.37,11.831
MFT,brass powder,0.267,58.507,3.3813,11.789
MFT,brass powder,0.275,58.509,3.391,11.751
MFT,brass powder,0.283,58.509,3.3973,11.736
MFT,brass powder,0.291,58.508,3.401,11.743
MFT,brass powder,0.3,58.508,3.4003,11.758
MFT,brass powder,0.308,58.508,3.3837,11.78
MFT,brass powder,0.316,58.504,3.3933,11.769
MFT,brass powder,0.324,58.501,3.4053,11.75
MFT,brass powder,0.332,58.497,3.3957,11.764
MFT,brass powder,0.34,58.502,3.4037,11.749
MFT,brass powder,0.348,58.505,3.413,11.729
MFT,brass powder,0.356,58.504,3.4243,11.698
MFT,brass powder,0.364,58.508,3.4233,11.689
MFT,brass powder,0.372,58.509,3.42,11.69
MFT,brass powder,0.38,58.511,3.4213,11.686
MFT,brass powder,0.389,58.509,3.423,11.685
MFT,brass powder,0.397,58.504,3.4153,11.709
MFT,brass powder,0.405,58.5,3.4007,11.742
MFT,brass powder,0.413,58.505,3.415,11.705
MFT,brass powder,0.421,58.51,3.4363,11.651
MFT,brass powder,0.429,58.51,3.447,11.628
MFT,brass powder,0.437,58.503,3.4207,11.717
MFT,brass powder,0.445,58.5,3.4097,11.747
MFT,brass powder,0.453,58.499,3.4103,11.745
MFT,brass powder,0.461,58.498,3.415,11.724
MFT,brass powder,0.47,58.504,3.426,11.686
MFT,brass powder,0.478,58.507,3.4333,11.669
MFT,brass powder,0.486,58.501,3.427,11.699
MFT,brass powder,0.494,58.503,3.4413,11.675
MFT,brass powder,0.502,58.505,3.446,11.661
MFT,brass powder,0.51,58.503,3.4277,11.686
MFT,brass powder,0.518,58.504,3.4363,11.67
MFT,brass powder,0.526,58.502,3.439,11.664
MFT,brass powder,0.534,58.495,3.4267,11.683
MFT,brass powder,0.542,58.496,3.4223,11.698
MFT,brass powder,0.55,58.504,3.4327,11.666
MFT,brass powder,0.559,58.513,3.4483,11.615
MFT,brass powder,0.567,58.502,3.4367,11.667
MFT,brass powder,0.575,58.497,3.425,11.699
MFT,brass powder,0.583,58.5,3.4223,11.696
MFT,brass powder,0.591,58.515,3.4563,11.599
MFT,brass powder,0.599,58.512,3.4583,11.606
MFT,brass powder,0.607,58.502,3.4447,11.652
MFT,brass powder,0.615,58.495,3.4353,11.676
MFT,brass powder,0.623,58.498,3.4353,11.678
MFT,brass powder,0.631,58.501,3.4353,11.675
MFT,brass powder,0.64,58.502,3.43,11.676
MFT,brass powder,0.648,58.505,3.443,11.64
MFT,brass powder,0.656,58.504,3.4417,11.636
MFT,brass powder,0.664,58.502,3.4293,11.664
MFT,brass powder,0.672,58.503,3.4373,11.654
MFT,brass powder,0.68,58.5,3.4383,11.661
MFT,brass powder,0.688,58.492,3.4293,11.694
MFT,brass powder,0.696,58.494,3.4297,11.697
MFT,brass powder,0.704,58.498,3.4293,11.68
MFT,brass powder,0.712,58.5,3.432,11.658
MFT,brass powder,0.72,58.505,3.4673,11.572
MFT,brass powder,0.729,58.505,3.4703,11.592
MFT,brass powder,0.737,58.501,3.457,11.651
MFT,brass powder,0.745,58.498,3.4337,11.698
MFT,brass powder,0.753,58.503,3.4537,11.643
MFT,brass powder,0.761,58.507,3.463,11.62
MFT,brass powder,0.769,58.504,3.4567,11.642
MFT,brass powder,0.777,58.5,3.457,11.633
MFT,brass powder,0.785,58.497,3.4473,11.653
MFT,brass powder,0.793,58.496,3.441,11.669
MFT,brass powder,0.801,58.499,3.4473,11.646
MFT,brass powder,0.809,58.501,3.4533,11.624
MFT,brass powder,0.818,58.503,3.462,11.605
MFT,brass powder,0.826,58.501,3.457,11.617
MFT,brass powder,0.834,58.501,3.4607,11.616
MFT,brass powder,0.842,58.505,3.4693,11.6
MFT,brass powder,0.85,58.508,3.4647,11.597
MFT,brass powder,0.858,58.506,3.472,11.594
MFT,brass powder,0.866,58.503,3.4793,11.588
MFT,brass powder,0.874,58.502,3.481,11.582
MFT,brass powder,0.882,58.5,3.4713,11.597
MFT,brass powder,0.89,58.5,3.4667,11.604
MFT,brass powder,0.899,58.501,3.4677,11.599
MFT,brass powder,0.907,58.5,3.4637,11.615
MFT,brass powder,0.915,58.502,3.4693,11.604
MFT,brass powder,0.923,58.506,3.478,11.582
MFT,brass powder,0.931,58.503,3.4713,11.594
MFT,brass powder,0.939,58.498,3.471,11.604
MFT,brass powder,0.947,58.491,3.4697,11.623
MFT,brass powder,0.955,58.491,3.4547,11.635
MFT,brass powder,0.963,58.492,3.4447,11.648
MFT,brass powder,0.971,58.495,3.4433,11.65
MFT,brass powder,0.979,58.495,3.4443,11.638
MFT,brass powder,0.988,58.502,3.465,11.598
MFT,brass powder,0.996,58.505,3.4853,11.572
MFT,brass powder,1.004,58.496,3.48,11.598
MFT,brass powder,1.012,58.498,3.4733,11.591
MFT,brass powder,1.02,58.499,3.4707,11.585
MFT,brass powder,1.028,58.496,3.4847,11.579
MFT,brass powder,1.036,58.495,3.47,11.605
MFT,brass powder,1.044,58.494,3.4647,11.612
MFT,brass powder,1.052,58.498,3.4743,11.585
MFT,brass powder,1.06,58.498,3.4697,11.6
MFT,brass powder,1.069,58.499,3.472,11.599
MFT,brass powder,1.077,58.499,3.4753,11.592
MFT,brass powder,1.085,58.496,3.4713,11.61
MFT,brass powder,1.093,58.499,3.4803,11.584
MFT,brass powder,1.101,58.501,3.4957,11.545
MFT,brass powder,1.109,58.493,3.4743,11.604
MFT,brass powder,1.117,58.488,3.4593,11.642
MFT,brass powder,1.125,58.489,3.455,11.643
MFT,brass powder,1.133,58.5,3.454,11.608
MFT,brass powder,1.141,58.502,3.4727,11.569
MFT,brass powder,1.149,58.504,3.489,11.533
MFT,brass powder,1.158,58.509,3.4907,11.504
MFT,brass powder,1.166,58.505,3.4767,11.546
MFT,brass powder,1.174,58.501,3.4763,11.57
MFT,brass powder,1.182,58.502,3.4887,11.558
MFT,brass powder,1.19,58.5,3.475,11.579
MFT,brass powder,1.198,58.501,3.4697,11.582
MFT,brass powder,1.206,58.503,3.472,11.569
MFT,brass powder,1.214,58.496,3.4647,11.609
MFT,brass powder,1.222,58.5,3.4633,11.604
MFT,brass powder,1.23,58.506,3.4703,11.574
MFT,brass powder,1.239,58.501,3.483,11.555
MFT,brass powder,1.247,58.501,3.4823,11.562
MFT,brass powder,1.255,58.502,3.477,11.577
MFT,brass powder,1.263,58.503,3.4843,11.56
MFT,brass powder,1.271,58.502,3.4847,11.566
MFT,brass powder,1.279,58.501,3.481,11.576
MFT,brass powder,1.287,58.504,3.4843,11.566
MFT,brass powder,1.295,58.503,3.482,11.568
MFT,brass powder,1.303,58.501,3.486,11.559
MFT,brass powder,1.311,58.503,3.4963,11.538
MFT,brass powder,1.319,58.5,3.4853,11.561
MFT,brass powder,1.328,58.497,3.4857,11.57
MFT,brass powder,1.336,58.493,3.4903,11.579
MFT,brass powder,1.344,58.498,3.4863,11.554
MFT,brass powder,1.352,58.501,3.4923,11.539
MFT,brass powder,1.36,58.501,3.5,11.534
MFT,brass powder,1.368,58.498,3.4873,11.563
MFT,brass powder,1.376,58.502,3.4947,11.531
MFT,brass powder,1.384,58.509,3.5137,11.473
MFT,brass powder,1.392,58.506,3.5033,11.517
MFT,brass powder,1.4,58.504,3.493,11.541
MFT,brass powder,1.409,58.501,3.4847,11.563
MFT,brass powder,1.417,58.501,3.4833,11.565
MFT,cochineal,0,50.963,31.162,-4.683
MFT,cochineal,0.008,50.964,31.123,-4.7287
MFT,cochineal,0.016,50.961,31.092,-4.706
MFT,cochineal,0.024,50.967,31.082,-4.717
MFT,cochineal,0.032,50.971,31.076,-4.7363
MFT,cochineal,0.04,50.977,31.079,-4.7653
MFT,cochineal,0.049,50.978,31.084,-4.7773
MFT,cochineal,0.057,50.976,31.07,-4.7577
MFT,cochineal,0.065,50.968,31.048,-4.72
MFT,cochineal,0.073,50.966,31.048,-4.7113
MFT,cochineal,0.081,50.977,31.053,-4.7473
MFT,cochineal,0.089,50.982,31.051,-4.7707
MFT,cochineal,0.097,50.975,31.045,-4.756
MFT,cochineal,0.105,50.979,31.04,-4.7623
MFT,cochineal,0.113,50.979,31.033,-4.7453
MFT,cochineal,0.121,50.977,31.028,-4.7277
MFT,cochineal,0.13,50.982,31.013,-4.7243
MFT,cochineal,0.138,50.984,31.005,-4.7277
MFT,cochineal,0.146,50.981,31.009,-4.745
MFT,cochineal,0.154,50.982,31.016,-4.7527
MFT,cochineal,0.162,50.981,31.006,-4.732
MFT,cochineal,0.17,50.984,30.99,-4.718
MFT,cochineal,0.178,50.998,31,-4.7757
MFT,cochineal,0.186,50.997,30.991,-4.7583
MFT,cochineal,0.194,50.989,30.976,-4.72
MFT,cochineal,0.202,51,30.987,-4.767
MFT,cochineal,0.21,51.004,30.985,-4.7797
MFT,cochineal,0.219,51.005,30.973,-4.7747
MFT,cochineal,0.227,51.013,30.98,-4.797
MFT,cochineal,0.235,51.005,30.979,-4.7767
MFT,cochineal,0.243,50.998,30.977,-4.764
MFT,cochineal,0.251,51.013,30.982,-4.8323
MFT,cochineal,0.259,51.014,30.979,-4.8167
MFT,cochineal,0.267,51.015,30.968,-4.7967
MFT,cochineal,0.275,51.018,30.957,-4.8113
MFT,cochineal,0.283,51.016,30.945,-4.7833
MFT,cochineal,0.291,51.02,30.947,-4.7907
MFT,cochineal,0.3,51.031,30.963,-4.8527
MFT,cochineal,0.308,51.025,30.956,-4.818
MFT,cochineal,0.316,51.022,30.953,-4.803
MFT,cochineal,0.324,51.021,30.948,-4.7947
MFT,cochineal,0.332,51.024,30.932,-4.7813
MFT,cochineal,0.34,51.024,30.932,-4.7913
MFT,cochineal,0.348,51.025,30.932,-4.8017
MFT,cochineal,0.356,51.033,30.926,-4.7953
MFT,cochineal,0.364,51.037,30.934,-4.8203
MFT,cochineal,0.372,51.044,30.942,-4.855
MFT,cochineal,0.38,51.034,30.924,-4.8003
MFT,cochineal,0.389,51.035,30.916,-4.8143
MFT,cochineal,0.397,51.036,30.908,-4.8087
MFT,cochineal,0.405,51.036,30.909,-4.8083
MFT,cochineal,0.413,51.038,30.909,-4.8103
MFT,cochineal,0.421,51.04,30.9,-4.796
MFT,cochineal,0.429,51.043,30.904,-4.81
MFT,cochineal,0.437,51.043,30.906,-4.8187
MFT,cochineal,0.445,51.042,30.899,-4.8167
MFT,cochineal,0.453,51.039,30.887,-4.7997
MFT,cochineal,0.461,51.046,30.888,-4.8177
MFT,cochineal,0.47,51.049,30.895,-4.8273
MFT,cochineal,0.478,51.049,30.896,-4.8303
MFT,cochineal,0.486,51.053,30.88,-4.8077
MFT,cochineal,0.494,51.054,30.874,-4.8037
MFT,cochineal,0.502,51.055,30.878,-4.8207
MFT,cochineal,0.51,51.059,30.887,-4.8357
MFT,cochineal,0.518,51.059,30.886,-4.8327
MFT,cochineal,0.526,51.055,30.878,-4.8107
MFT,cochineal,0.534,51.056,30.865,-4.7857
MFT,cochineal,0.542,51.062,30.86,-4.804
MFT,cochineal,0.55,51.061,30.856,-4.797
MFT,cochineal,0.559,51.053,30.858,-4.7777
MFT,cochineal,0.567,51.065,30.846,-4.7937
MFT,cochineal,0.575,51.07,30.841,-4.8013
MFT,cochineal,0.583,51.069,30.847,-4.8157
MFT,cochineal,0.591,51.067,30.839,-4.799
MFT,cochineal,0.599,51.071,30.836,-4.8027
MFT,cochineal,0.607,51.082,30.84,-4.8387
MFT,cochineal,0.615,51.082,30.847,-4.8433
MFT,cochineal,0.623,51.082,30.839,-4.8337
MFT,cochineal,0.631,51.085,30.841,-4.8457
MFT,cochineal,0.64,51.086,30.836,-4.857
MFT,cochineal,0.648,51.085,30.829,-4.832
MFT,cochineal,0.656,51.086,30.831,-4.8247
MFT,cochineal,0.664,51.084,30.832,-4.8223
MFT,cochineal,0.672,51.089,30.819,-4.833
MFT,cochineal,0.68,51.088,30.814,-4.829
MFT,cochineal,0.688,51.086,30.815,-4.824
MFT,cochineal,0.696,51.087,30.809,-4.8173
MFT,cochineal,0.704,51.089,30.802,-4.814
MFT,cochineal,0.712,51.091,30.801,-4.816
MFT,cochineal,0.72,51.093,30.807,-4.8327
MFT,cochineal,0.729,51.095,30.808,-4.833
MFT,cochineal,0.737,51.096,30.805,-4.8263
MFT,cochineal,0.745,51.097,30.802,-4.835
MFT,cochineal,0.753,51.098,30.8,-4.829
MFT,cochineal,0.761,51.102,30.796,-4.8343
MFT,cochineal,0.769,51.114,30.798,-4.885
MFT,cochineal,0.777,51.114,30.794,-4.8787
MFT,cochineal,0.785,51.11,30.787,-4.852
MFT,cochineal,0.793,51.106,30.787,-4.8347
MFT,cochineal,0.801,51.109,30.786,-4.8463
MFT,cochineal,0.809,51.112,30.778,-4.8437
MFT,cochineal,0.818,51.117,30.774,-4.8367
MFT,cochineal,0.826,51.122,30.771,-4.8477
MFT,cochineal,0.834,51.121,30.772,-4.8527
MFT,cochineal,0.842,51.122,30.788,-4.888
MFT,cochineal,0.85,51.121,30.775,-4.856
MFT,cochineal,0.858,51.119,30.762,-4.8273
MFT,cochineal,0.866,51.117,30.758,-4.8287
MFT,cochineal,0.874,51.123,30.758,-4.8447
MFT,cochineal,0.882,51.117,30.751,-4.8047
MFT,cochineal,0.89,51.114,30.746,-4.785
MFT,cochineal,0.899,51.122,30.752,-4.8287
MFT,cochineal,0.907,51.126,30.754,-4.8373
MFT,cochineal,0.915,51.131,30.751,-4.84
MFT,cochineal,0.923,51.131,30.734,-4.8177
MFT,cochineal,0.931,51.137,30.733,-4.8333
MFT,cochineal,0.939,51.138,30.733,-4.8403
MFT,cochineal,0.947,51.131,30.733,-4.8303
MFT,cochineal,0.955,51.132,30.723,-4.8187
MFT,cochineal,0.963,51.135,30.723,-4.8223
MFT,cochineal,0.971,51.137,30.732,-4.8263
MFT,cochineal,0.979,51.134,30.731,-4.8253
MFT,cochineal,0.988,51.133,30.718,-4.8063
MFT,cochineal,0.996,51.134,30.701,-4.777
MFT,cochineal,1.004,51.138,30.728,-4.841
MFT,cochineal,1.012,51.143,30.73,-4.8653
MFT,cochineal,1.02,51.15,30.718,-4.8677
MFT,cochineal,1.028,51.136,30.693,-4.801
MFT,cochineal,1.036,51.141,30.696,-4.812
MFT,cochineal,1.044,51.153,30.705,-4.85
MFT,cochineal,1.052,51.156,30.702,-4.8557
MFT,cochineal,1.06,51.152,30.713,-4.8517
MFT,cochineal,1.069,51.149,30.72,-4.855
MFT,cochineal,1.077,51.161,30.716,-4.8877
MFT,cochineal,1.085,51.164,30.709,-4.8777
MFT,cochineal,1.093,51.165,30.701,-4.869
MFT,cochineal,1.101,51.165,30.693,-4.8653
MFT,cochineal,1.109,51.16,30.677,-4.827
MFT,cochineal,1.117,51.162,30.678,-4.8323
MFT,cochineal,1.125,51.171,30.688,-4.8733
MFT,cochineal,1.133,51.173,30.687,-4.879
MFT,cochineal,1.141,51.175,30.678,-4.8763
MFT,cochineal,1.149,51.171,30.673,-4.8507
MFT,cochineal,1.158,51.167,30.676,-4.8253
MFT,cochineal,1.166,51.167,30.671,-4.8217
MFT,cochineal,1.174,51.167,30.67,-4.825
MFT,cochineal,1.182,51.172,30.676,-4.8583
MFT,cochineal,1.19,51.168,30.659,-4.815
MFT,cochineal,1.198,51.168,30.656,-4.8037
MFT,cochineal,1.206,51.175,30.675,-4.8447
MFT,cochineal,1.214,51.169,30.661,-4.8237
MFT,cochineal,1.222,51.172,30.654,-4.8297
MFT,cochineal,1.23,51.185,30.662,-4.8727
MFT,cochineal,1.239,51.179,30.651,-4.8303
MFT,cochineal,1.247,51.177,30.647,-4.8193
MFT,cochineal,1.255,51.181,30.647,-4.8373
MFT,cochineal,1.263,51.177,30.637,-4.8067
MFT,cochineal,1.271,51.18,30.636,-4.8073
MFT,cochineal,1.279,51.186,30.638,-4.826
MFT,cochineal,1.287,51.197,30.649,-4.8797
MFT,cochineal,1.295,51.196,30.649,-4.8827
MFT,cochineal,1.303,51.189,30.638,-4.844
MFT,cochineal,1.311,51.187,30.618,-4.8053
MFT,cochineal,1.319,51.191,30.625,-4.8237
MFT,cochineal,1.328,51.197,30.634,-4.853
MFT,cochineal,1.336,51.193,30.63,-4.828
MFT,cochineal,1.344,51.191,30.628,-4.8197
MFT,cochineal,1.352,51.196,30.633,-4.842
MFT,cochineal,1.36,51.2,30.635,-4.8563
MFT,cochineal,1.368,51.201,30.623,-4.8593
MFT,cochineal,1.376,51.208,30.621,-4.8837
MFT,cochineal,1.384,51.215,30.633,-4.9197
MFT,cochineal,1.392,51.211,30.626,-4.8883
MFT,cochineal,1.4,51.207,30.622,-4.869
MFT,cochineal,1.409,51.204,30.623,-4.8583
MFT,cochineal,1.417,51.194,30.631,-4.8427
MFT,dayflower,0,70.962,-7.1857,-0.8057
MFT,dayflower,0.0081,70.989,-7.1177,-0.935
MFT,dayflower,0.0162,70.997,-7.1013,-0.9717
MFT,dayflower,0.0243,70.996,-7.0913,-0.9737
MFT,dayflower,0.0324,71.002,-7.0893,-0.9833
MFT,dayflower,0.0405,71.006,-7.0917,-0.9907
MFT,dayflower,0.0486,71.01,-7.089,-1.004
MFT,dayflower,0.0567,71.011,-7.1013,-0.9877
MFT,dayflower,0.0648,71.017,-7.0817,-1.0203
MFT,dayflower,0.0729,71.024,-7.0583,-1.0543
MFT,dayflower,0.0809,71.026,-7.057,-1.061
MFT,dayflower,0.089,71.025,-7.066,-1.048
MFT,dayflower,0.0971,71.027,-7.0637,-1.0477
MFT,dayflower,0.1052,71.033,-7.0557,-1.068
MFT,dayflower,0.1133,71.036,-7.055,-1.069
MFT,dayflower,0.1214,71.036,-7.057,-1.0763
MFT,dayflower,0.1295,71.041,-7.043,-1.1007
MFT,dayflower,0.1376,71.048,-7.0387,-1.1123
MFT,dayflower,0.1457,71.051,-7.046,-1.0977
MFT,dayflower,0.1538,71.051,-7.0423,-1.0967
MFT,dayflower,0.1619,71.054,-7.026,-1.13
MFT,dayflower,0.17,71.057,-7.0193,-1.144
MFT,dayflower,0.1781,71.059,-7.0167,-1.1467
MFT,dayflower,0.1862,71.067,-7.0033,-1.177
MFT,dayflower,0.1943,71.07,-7.0117,-1.165
MFT,dayflower,0.2024,71.067,-7.027,-1.1417
MFT,dayflower,0.2105,71.07,-7.0227,-1.149
MFT,dayflower,0.2186,71.076,-7.016,-1.163
MFT,dayflower,0.2267,71.08,-7.0013,-1.1877
MFT,dayflower,0.2348,71.084,-6.9867,-1.2087
MFT,dayflower,0.2428,71.09,-6.9857,-1.2157
MFT,dayflower,0.2509,71.094,-6.9843,-1.2257
MFT,dayflower,0.259,71.097,-6.9773,-1.2313
MFT,dayflower,0.2671,71.097,-6.987,-1.218
MFT,dayflower,0.2752,71.099,-6.9823,-1.2267
MFT,dayflower,0.2833,71.105,-6.969,-1.2573
MFT,dayflower,0.2914,71.106,-6.97,-1.2593
MFT,dayflower,0.2995,71.109,-6.968,-1.2637
MFT,dayflower,0.3076,71.113,-6.951,-1.293
MFT,dayflower,0.3157,71.119,-6.9463,-1.302
MFT,dayflower,0.3238,71.119,-6.9563,-1.2867
MFT,dayflower,0.3319,71.119,-6.966,-1.277
MFT,dayflower,0.34,71.122,-6.963,-1.2857
MFT,dayflower,0.3481,71.126,-6.9543,-1.304
MFT,dayflower,0.3562,71.124,-6.9553,-1.2987
MFT,dayflower,0.3643,71.126,-6.9453,-1.3117
MFT,dayflower,0.3724,71.136,-6.9313,-1.3387
MFT,dayflower,0.3805,71.137,-6.9317,-1.3403
MFT,dayflower,0.3886,71.136,-6.9363,-1.3283
MFT,dayflower,0.3967,71.14,-6.9377,-1.3317
MFT,dayflower,0.4047,71.141,-6.9413,-1.3257
MFT,dayflower,0.4128,71.144,-6.943,-1.3247
MFT,dayflower,0.4209,71.149,-6.9283,-1.3577
MFT,dayflower,0.429,71.151,-6.929,-1.36
MFT,dayflower,0.4371,71.149,-6.9417,-1.3353
MFT,dayflower,0.4452,71.153,-6.9327,-1.3567
MFT,dayflower,0.4533,71.159,-6.9077,-1.3957
MFT,dayflower,0.4614,71.165,-6.903,-1.4113
MFT,dayflower,0.4695,71.165,-6.9177,-1.3893
MFT,dayflower,0.4776,71.163,-6.9257,-1.3643
MFT,dayflower,0.4857,71.165,-6.9297,-1.362
MFT,dayflower,0.4938,71.176,-6.905,-1.408
MFT,dayflower,0.5019,71.181,-6.8963,-1.4203
MFT,dayflower,0.51,71.176,-6.902,-1.41
MFT,dayflower,0.5181,71.179,-6.8897,-1.4417
MFT,dayflower,0.5262,71.181,-6.8897,-1.438
MFT,dayflower,0.5343,71.182,-6.8923,-1.4253
MFT,dayflower,0.5424,71.189,-6.883,-1.455
MFT,dayflower,0.5505,71.186,-6.8973,-1.437
MFT,dayflower,0.5586,71.185,-6.8973,-1.432
MFT,dayflower,0.5666,71.194,-6.8853,-1.46
MFT,dayflower,0.5747,71.203,-6.8843,-1.4763
MFT,dayflower,0.5828,71.201,-6.8923,-1.456
MFT,dayflower,0.5909,71.197,-6.9027,-1.438
MFT,dayflower,0.599,71.203,-6.8833,-1.472
MFT,dayflower,0.6071,71.207,-6.871,-1.492
MFT,dayflower,0.6152,71.208,-6.8773,-1.486
MFT,dayflower,0.6233,71.213,-6.8747,-1.4987
MFT,dayflower,0.6314,71.212,-6.8863,-1.467
MFT,dayflower,0.6395,71.216,-6.8767,-1.478
MFT,dayflower,0.6476,71.222,-6.855,-1.526
MFT,dayflower,0.6557,71.22,-6.8687,-1.5027
MFT,dayflower,0.6638,71.221,-6.8693,-1.4937
MFT,dayflower,0.6719,71.224,-6.8637,-1.4993
MFT,dayflower,0.68,71.225,-6.8653,-1.5077
MFT,dayflower,0.6881,71.223,-6.8607,-1.509
MFT,dayflower,0.6962,71.224,-6.8627,-1.502
MFT,dayflower,0.7043,71.231,-6.8633,-1.5247
MFT,dayflower,0.7124,71.238,-6.8593,-1.5383
MFT,dayflower,0.7205,71.237,-6.8553,-1.5297
MFT,dayflower,0.7285,71.237,-6.8587,-1.5243
MFT,dayflower,0.7366,71.238,-6.8567,-1.5317
MFT,dayflower,0.7447,71.244,-6.847,-1.5497
MFT,dayflower,0.7528,71.247,-6.8453,-1.5447
MFT,dayflower,0.7609,71.251,-6.842,-1.5523
MFT,dayflower,0.769,71.258,-6.832,-1.578
MFT,dayflower,0.7771,71.262,-6.822,-1.6127
MFT,dayflower,0.7852,71.261,-6.8407,-1.5837
MFT,dayflower,0.7933,71.259,-6.85,-1.562
MFT,dayflower,0.8014,71.263,-6.8437,-1.5747
MFT,dayflower,0.8095,71.27,-6.8207,-1.6133
MFT,dayflower,0.8176,71.274,-6.8053,-1.638
MFT,dayflower,0.8257,71.271,-6.8153,-1.616
MFT,dayflower,0.8338,71.274,-6.8117,-1.6173
MFT,dayflower,0.8419,71.276,-6.8107,-1.6297
MFT,dayflower,0.85,71.275,-6.8167,-1.622
MFT,dayflower,0.8581,71.279,-6.815,-1.628
MFT,dayflower,0.8662,71.284,-6.8143,-1.6333
MFT,dayflower,0.8743,71.282,-6.827,-1.6117
MFT,dayflower,0.8824,71.28,-6.8227,-1.611
MFT,dayflower,0.8904,71.283,-6.8167,-1.6183
MFT,dayflower,0.8985,71.288,-6.817,-1.627
MFT,dayflower,0.9066,71.291,-6.8203,-1.621
MFT,dayflower,0.9147,71.288,-6.8237,-1.6077
MFT,dayflower,0.9228,71.287,-6.822,-1.613
MFT,dayflower,0.9309,71.295,-6.8017,-1.6553
MFT,dayflower,0.939,71.298,-6.81,-1.64
MFT,dayflower,0.9471,71.299,-6.8143,-1.6317
MFT,dayflower,0.9552,71.301,-6.8087,-1.6507
MFT,dayflower,0.9633,71.307,-6.7967,-1.6877
MFT,dayflower,0.9714,71.309,-6.7923,-1.6937
MFT,dayflower,0.9795,71.308,-6.801,-1.664
MFT,dayflower,0.9876,71.312,-6.7957,-1.6807
MFT,dayflower,0.9957,71.314,-6.7913,-1.6907
MFT,dayflower,1.0038,71.313,-6.7927,-1.6723
MFT,dayflower,1.0119,71.316,-6.793,-1.674
MFT,dayflower,1.02,71.323,-6.7797,-1.7067
MFT,dayflower,1.0281,71.326,-6.777,-1.7123
MFT,dayflower,1.0362,71.326,-6.7823,-1.697
MFT,dayflower,1.0442,71.33,-6.7737,-1.712
MFT,dayflower,1.0523,71.334,-6.766,-1.7327
MFT,dayflower,1.0604,71.341,-6.7653,-1.7493
MFT,dayflower,1.0685,71.336,-6.773,-1.726
MFT,dayflower,1.0766,71.331,-6.7847,-1.7067
MFT,dayflower,1.0847,71.33,-6.796,-1.6853
MFT,dayflower,1.0928,71.334,-6.7833,-1.7077
MFT,dayflower,1.1009,71.339,-6.766,-1.7307
MFT,dayflower,1.109,71.347,-6.7577,-1.7507
MFT,dayflower,1.1171,71.352,-6.757,-1.7747
MFT,dayflower,1.1252,71.351,-6.7703,-1.7573
MFT,dayflower,1.1333,71.348,-6.779,-1.722
MFT,dayflower,1.1414,71.35,-6.7763,-1.7237
MFT,dayflower,1.1495,71.358,-6.7687,-1.7487
MFT,dayflower,1.1576,71.359,-6.7667,-1.7523
MFT,dayflower,1.1657,71.362,-6.759,-1.7683
MFT,dayflower,1.1738,71.362,-6.7667,-1.7567
MFT,dayflower,1.1819,71.362,-6.7707,-1.7407
MFT,dayflower,1.19,71.364,-6.7667,-1.754
MFT,dayflower,1.1981,71.368,-6.77,-1.764
MFT,dayflower,1.2061,71.37,-6.7733,-1.7703
MFT,dayflower,1.2142,71.368,-6.7733,-1.7593
MFT,dayflower,1.2223,71.369,-6.7677,-1.756
MFT,dayflower,1.2304,71.368,-6.7723,-1.744
MFT,dayflower,1.2385,71.367,-6.7687,-1.7427
MFT,dayflower,1.2466,71.376,-6.7437,-1.7933
MFT,dayflower,1.2547,71.377,-6.7423,-1.791
MFT,dayflower,1.2628,71.381,-6.7467,-1.792
MFT,dayflower,1.2709,71.388,-6.7323,-1.8267
MFT,dayflower,1.279,71.386,-6.743,-1.8073
MFT,dayflower,1.2871,71.386,-6.7463,-1.7977
MFT,dayflower,1.2952,71.387,-6.744,-1.7987
MFT,dayflower,1.3033,71.389,-6.747,-1.8023
MFT,dayflower,1.3114,71.387,-6.755,-1.7863
MFT,dayflower,1.3195,71.389,-6.7513,-1.7943
MFT,dayflower,1.3276,71.399,-6.7393,-1.8257
MFT,dayflower,1.3357,71.401,-6.7423,-1.822
MFT,dayflower,1.3438,71.403,-6.742,-1.8233
MFT,dayflower,1.3519,71.404,-6.7443,-1.83
MFT,dayflower,1.36,71.407,-6.7393,-1.8293
MFT,dayflower,1.368,71.41,-6.7247,-1.848
MFT,dayflower,1.3761,71.408,-6.7317,-1.8323
MFT,dayflower,1.3842,71.406,-6.7403,-1.8163
MFT,dayflower,1.3923,71.409,-6.7403,-1.824
MFT,dayflower,1.4004,71.413,-6.734,-1.8373
MFT,indigo+orpiment,0,62.862,-4.6193,22.167
MFT,indigo+orpiment,0.008,62.561,-3.8567,21.765
MFT,indigo+orpiment,0.016,62.5,-3.7393,21.74
MFT,indigo+orpiment,0.024,62.48,-3.71,21.751
MFT,indigo+orpiment,0.032,62.462,-3.675,21.754
MFT,indigo+orpiment,0.04,62.452,-3.621,21.674
MFT,indigo+orpiment,0.049,62.443,-3.573,21.599
MFT,indigo+orpiment,0.057,62.43,-3.5577,21.597
MFT,indigo+orpiment,0.065,62.407,-3.5517,21.663
MFT,indigo+orpiment,0.073,62.395,-3.5207,21.637
MFT,indigo+orpiment,0.081,62.386,-3.4953,21.61
MFT,indigo+orpiment,0.089,62.373,-3.473,21.622
MFT,indigo+orpiment,0.097,62.366,-3.448,21.601
MFT,indigo+orpiment,0.105,62.362,-3.419,21.552
MFT,indigo+orpiment,0.113,62.355,-3.4043,21.55
MFT,indigo+orpiment,0.121,62.343,-3.3897,21.556
MFT,indigo+orpiment,0.13,62.338,-3.3627,21.521
MFT,indigo+orpiment,0.138,62.336,-3.327,21.461
MFT,indigo+orpiment,0.146,62.325,-3.3187,21.47
MFT,indigo+orpiment,0.154,62.316,-3.3087,21.462
MFT,indigo+orpiment,0.162,62.312,-3.2823,21.419
MFT,indigo+orpiment,0.17,62.307,-3.26,21.408
MFT,indigo+orpiment,0.178,62.3,-3.2547,21.427
MFT,indigo+orpiment,0.186,62.293,-3.262,21.448
MFT,indigo+orpiment,0.194,62.285,-3.2423,21.433
MFT,indigo+orpiment,0.202,62.282,-3.2307,21.421
MFT,indigo+orpiment,0.21,62.283,-3.23,21.415
MFT,indigo+orpiment,0.219,62.278,-3.2093,21.394
MFT,indigo+orpiment,0.227,62.272,-3.1983,21.398
MFT,indigo+orpiment,0.235,62.272,-3.185,21.378
MFT,indigo+orpiment,0.243,62.263,-3.171,21.37
MFT,indigo+orpiment,0.251,62.259,-3.1603,21.349
MFT,indigo+orpiment,0.259,62.254,-3.1583,21.365
MFT,indigo+orpiment,0.267,62.252,-3.155,21.364
MFT,indigo+orpiment,0.275,62.243,-3.1563,21.405
MFT,indigo+orpiment,0.283,62.238,-3.1513,21.417
MFT,indigo+orpiment,0.291,62.238,-3.132,21.374
MFT,indigo+orpiment,0.3,62.239,-3.103,21.303
MFT,indigo+orpiment,0.308,62.236,-3.0963,21.294
MFT,indigo+orpiment,0.316,62.231,-3.0937,21.315
MFT,indigo+orpiment,0.324,62.233,-3.0777,21.282
MFT,indigo+orpiment,0.332,62.232,-3.0713,21.275
MFT,indigo+orpiment,0.34,62.227,-3.0757,21.301
MFT,indigo+orpiment,0.348,62.216,-3.0953,21.381
MFT,indigo+orpiment,0.356,62.212,-3.0807,21.356
MFT,indigo+orpiment,0.364,62.205,-3.0713,21.361
MFT,indigo+orpiment,0.372,62.197,-3.0727,21.391
MFT,indigo+orpiment,0.38,62.196,-3.0733,21.384
MFT,indigo+orpiment,0.389,62.201,-3.0647,21.346
MFT,indigo+orpiment,0.397,62.208,-3.04,21.281
MFT,indigo+orpiment,0.405,62.209,-3.0197,21.24
MFT,indigo+orpiment,0.413,62.201,-3.0193,21.28
MFT,indigo+orpiment,0.421,62.189,-3.031,21.336
MFT,indigo+orpiment,0.429,62.193,-3.022,21.303
MFT,indigo+orpiment,0.437,62.191,-3.0207,21.316
MFT,indigo+orpiment,0.445,62.188,-3.0043,21.3
MFT,indigo+orpiment,0.453,62.184,-3.0037,21.28
MFT,indigo+orpiment,0.461,62.176,-3.008,21.312
MFT,indigo+orpiment,0.47,62.175,-3.0123,21.345
MFT,indigo+orpiment,0.478,62.178,-3.001,21.32
MFT,indigo+orpiment,0.486,62.175,-3.0013,21.329
MFT,indigo+orpiment,0.494,62.173,-2.9967,21.314
MFT,indigo+orpiment,0.502,62.176,-2.975,21.251
MFT,indigo+orpiment,0.51,62.174,-2.9653,21.266
MFT,indigo+orpiment,0.518,62.173,-2.941,21.23
MFT,indigo+orpiment,0.526,62.181,-2.9217,21.151
MFT,indigo+orpiment,0.534,62.175,-2.9337,21.193
MFT,indigo+orpiment,0.542,62.17,-2.9367,21.211
MFT,indigo+orpiment,0.55,62.168,-2.9473,21.231
MFT,indigo+orpiment,0.559,62.168,-2.9417,21.216
MFT,indigo+orpiment,0.567,62.164,-2.9433,21.23
MFT,indigo+orpiment,0.575,62.159,-2.947,21.258
MFT,indigo+orpiment,0.583,62.158,-2.9437,21.256
MFT,indigo+orpiment,0.591,62.158,-2.9397,21.256
MFT,indigo+orpiment,0.599,62.162,-2.925,21.227
MFT,indigo+orpiment,0.607,62.162,-2.9167,21.218
MFT,indigo+orpiment,0.615,62.156,-2.922,21.239
MFT,indigo+orpiment,0.623,62.154,-2.9233,21.235
MFT,indigo+orpiment,0.631,62.155,-2.9113,21.206
MFT,indigo+orpiment,0.64,62.147,-2.9193,21.245
MFT,indigo+orpiment,0.648,62.147,-2.9103,21.22
MFT,indigo+orpiment,0.656,62.153,-2.8833,21.176
MFT,indigo+orpiment,0.664,62.144,-2.8937,21.223
MFT,indigo+orpiment,0.672,62.142,-2.8967,21.24
MFT,indigo+orpiment,0.68,62.145,-2.8873,21.216
MFT,indigo+orpiment,0.688,62.14,-2.899,21.244
MFT,indigo+orpiment,0.696,62.142,-2.8937,21.236
MFT,indigo+orpiment,0.704,62.143,-2.8813,21.215
MFT,indigo+orpiment,0.712,62.133,-2.8827,21.234
MFT,indigo+orpiment,0.72,62.133,-2.888,21.241
MFT,indigo+orpiment,0.729,62.135,-2.89,21.245
MFT,indigo+orpiment,0.737,62.138,-2.8667,21.194
MFT,indigo+orpiment,0.745,62.131,-2.873,21.232
MFT,indigo+orpiment,0.753,62.119,-2.8877,21.298
MFT,indigo+orpiment,0.761,62.123,-2.8717,21.235
MFT,indigo+orpiment,0.769,62.128,-2.8643,21.217
MFT,indigo+orpiment,0.777,62.131,-2.8597,21.217
MFT,indigo+orpiment,0.785,62.133,-2.843,21.188
MFT,indigo+orpiment,0.793,62.129,-2.853,21.202
MFT,indigo+orpiment,0.801,62.126,-2.8597,21.203
MFT,indigo+orpiment,0.809,62.126,-2.858,21.201
MFT,indigo+orpiment,0.818,62.126,-2.8487,21.189
MFT,indigo+orpiment,0.826,62.125,-2.849,21.198
MFT,indigo+orpiment,0.834,62.123,-2.8427,21.208
MFT,indigo+orpiment,0.842,62.121,-2.8413,21.201
MFT,indigo+orpiment,0.85,62.12,-2.838,21.188
MFT,indigo+orpiment,0.858,62.118,-2.823,21.177
MFT,indigo+orpiment,0.866,62.12,-2.818,21.181
MFT,indigo+orpiment,0.874,62.119,-2.8207,21.18
MFT,indigo+orpiment,0.882,62.121,-2.8173,21.158
MFT,indigo+orpiment,0.89,62.121,-2.8223,21.169
MFT,indigo+orpiment,0.899,62.113,-2.829,21.2
MFT,indigo+orpiment,0.907,62.112,-2.8227,21.191
MFT,indigo+orpiment,0.915,62.116,-2.8,21.136
MFT,indigo+orpiment,0.923,62.123,-2.7893,21.103
MFT,indigo+orpiment,0.931,62.12,-2.7923,21.12
MFT,indigo+orpiment,0.939,62.106,-2.808,21.194
MFT,indigo+orpiment,0.947,62.105,-2.8077,21.183
MFT,indigo+orpiment,0.955,62.105,-2.8167,21.203
MFT,indigo+orpiment,0.963,62.1,-2.8287,21.25
MFT,indigo+orpiment,0.971,62.105,-2.802,21.194
MFT,indigo+orpiment,0.979,62.107,-2.7907,21.165
MFT,indigo+orpiment,0.988,62.103,-2.7943,21.185
MFT,indigo+orpiment,0.996,62.1,-2.7963,21.215
MFT,indigo+orpiment,1.004,62.105,-2.782,21.172
MFT,indigo+orpiment,1.012,62.111,-2.772,21.131
MFT,indigo+orpiment,1.02,62.102,-2.798,21.205
MFT,indigo+orpiment,1.028,62.101,-2.788,21.194
MFT,indigo+orpiment,1.036,62.101,-2.766,21.15
MFT,indigo+orpiment,1.044,62.095,-2.777,21.168
MFT,indigo+orpiment,1.052,62.102,-2.7593,21.115
MFT,indigo+orpiment,1.06,62.105,-2.754,21.096
MFT,indigo+orpiment,1.069,62.102,-2.7637,21.105
MFT,indigo+orpiment,1.077,62.095,-2.7643,21.131
MFT,indigo+orpiment,1.085,62.09,-2.7673,21.176
MFT,indigo+orpiment,1.093,62.091,-2.7697,21.166
MFT,indigo+orpiment,1.101,62.093,-2.7487,21.115
MFT,indigo+orpiment,1.109,62.087,-2.7583,21.166
MFT,indigo+orpiment,1.117,62.082,-2.7767,21.217
MFT,indigo+orpiment,1.125,62.085,-2.7597,21.177
MFT,indigo+orpiment,1.133,62.087,-2.7573,21.167
MFT,indigo+orpiment,1.141,62.089,-2.76,21.16
MFT,indigo+orpiment,1.149,62.081,-2.763,21.188
MFT,indigo+orpiment,1.158,62.086,-2.7537,21.166
MFT,indigo+orpiment,1.166,62.094,-2.7353,21.107
MFT,indigo+orpiment,1.174,62.089,-2.7327,21.113
MFT,indigo+orpiment,1.182,62.08,-2.752,21.169
MFT,indigo+orpiment,1.19,62.081,-2.7527,21.184
MFT,indigo+orpiment,1.198,62.082,-2.7493,21.198
MFT,indigo+orpiment,1.206,62.082,-2.748,21.178
MFT,indigo+orpiment,1.214,62.08,-2.7487,21.183
MFT,indigo+orpiment,1.222,62.083,-2.7527,21.187
MFT,indigo+orpiment,1.23,62.085,-2.744,21.166
MFT,indigo+orpiment,1.239,62.083,-2.743,21.169
MFT,indigo+orpiment,1.247,62.084,-2.7347,21.139
MFT,indigo+orpiment,1.255,62.081,-2.7383,21.166
MFT,indigo+orpiment,1.263,62.081,-2.7237,21.146
MFT,indigo+orpiment,1.271,62.087,-2.7007,21.095
MFT,indigo+orpiment,1.279,62.084,-2.7173,21.132
MFT,indigo+orpiment,1.287,62.082,-2.712,21.109
MFT,indigo+orpiment,1.295,62.078,-2.7103,21.109
MFT,indigo+orpiment,1.303,62.073,-2.7287,21.152
MFT,indigo+orpiment,1.311,62.072,-2.732,21.171
MFT,indigo+orpiment,1.319,62.071,-2.728,21.174
MFT,indigo+orpiment,1.328,62.074,-2.719,21.146
MFT,indigo+orpiment,1.336,62.078,-2.716,21.136
MFT,indigo+orpiment,1.344,62.075,-2.725,21.168
MFT,indigo+orpiment,1.352,62.073,-2.7233,21.171
MFT,indigo+orpiment,1.36,62.072,-2.7173,21.156
MFT,indigo+orpiment,1.368,62.07,-2.7093,21.136
MFT,indigo+orpiment,1.376,62.07,-2.6927,21.094
MFT,indigo+orpiment,1.384,62.073,-2.6993,21.112
MFT,indigo+orpiment,1.392,62.075,-2.7023,21.11
MFT,indigo+orpiment,1.4,62.077,-2.696,21.091
MFT,indigo+orpiment,1.409,62.074,-2.707,21.13
MFT,indigo+orpiment,1.417,62.075,-2.717,21.144
MFT,indigo,0,42.234,-3.9073,-10.397
MFT,indigo,0.0081,42.235,-3.882,-10.448
MFT,indigo,0.0162,42.233,-3.88,-10.446
MFT,indigo,0.0243,42.237,-3.8697,-10.45
MFT,indigo,0.0324,42.229,-3.8743,-10.439
MFT,indigo,0.0405,42.228,-3.879,-10.438
MFT,indigo,0.0486,42.229,-3.8753,-10.444
MFT,indigo,0.0567,42.23,-3.895,-10.425
MFT,indigo,0.0648,42.233,-3.866,-10.457
MFT,indigo,0.0729,42.235,-3.8367,-10.49
MFT,indigo,0.0809,42.234,-3.852,-10.476
MFT,indigo,0.089,42.233,-3.859,-10.47
MFT,indigo,0.0971,42.236,-3.8523,-10.475
MFT,indigo,0.1052,42.237,-3.842,-10.483
MFT,indigo,0.1133,42.243,-3.831,-10.51
MFT,indigo,0.1214,42.249,-3.838,-10.511
MFT,indigo,0.1295,42.246,-3.837,-10.517
MFT,indigo,0.1376,42.25,-3.8113,-10.556
MFT,indigo,0.1457,42.237,-3.8513,-10.486
MFT,indigo,0.1538,42.232,-3.865,-10.451
MFT,indigo,0.1619,42.244,-3.8243,-10.521
MFT,indigo,0.17,42.246,-3.8243,-10.531
MFT,indigo,0.1781,42.243,-3.829,-10.523
MFT,indigo,0.1862,42.245,-3.8097,-10.543
MFT,indigo,0.1943,42.244,-3.8303,-10.514
MFT,indigo,0.2024,42.239,-3.8507,-10.488
MFT,indigo,0.2105,42.234,-3.8493,-10.497
MFT,indigo,0.2186,42.237,-3.8437,-10.499
MFT,indigo,0.2267,42.242,-3.831,-10.513
MFT,indigo,0.2348,42.245,-3.8403,-10.517
MFT,indigo,0.2428,42.238,-3.847,-10.507
MFT,indigo,0.2509,42.231,-3.8567,-10.487
MFT,indigo,0.259,42.233,-3.8577,-10.488
MFT,indigo,0.2671,42.251,-3.7827,-10.59
MFT,indigo,0.2752,42.249,-3.7777,-10.594
MFT,indigo,0.2833,42.238,-3.817,-10.537
MFT,indigo,0.2914,42.243,-3.8163,-10.54
MFT,indigo,0.2995,42.249,-3.8027,-10.563
MFT,indigo,0.3076,42.26,-3.7697,-10.615
MFT,indigo,0.3157,42.25,-3.7953,-10.586
MFT,indigo,0.3238,42.244,-3.8163,-10.548
MFT,indigo,0.3319,42.242,-3.827,-10.54
MFT,indigo,0.34,42.236,-3.8343,-10.52
MFT,indigo,0.3481,42.241,-3.8227,-10.531
MFT,indigo,0.3562,42.249,-3.8047,-10.561
MFT,indigo,0.3643,42.246,-3.8163,-10.548
MFT,indigo,0.3724,42.229,-3.846,-10.496
MFT,indigo,0.3805,42.225,-3.8607,-10.475
MFT,indigo,0.3886,42.247,-3.8257,-10.549
MFT,indigo,0.3967,42.247,-3.823,-10.551
MFT,indigo,0.4047,42.244,-3.8233,-10.546
MFT,indigo,0.4128,42.253,-3.7817,-10.602
MFT,indigo,0.4209,42.246,-3.8053,-10.569
MFT,indigo,0.429,42.244,-3.8113,-10.558
MFT,indigo,0.4371,42.243,-3.8047,-10.568
MFT,indigo,0.4452,42.241,-3.83,-10.544
MFT,indigo,0.4533,42.245,-3.808,-10.569
MFT,indigo,0.4614,42.245,-3.791,-10.577
MFT,indigo,0.4695,42.248,-3.7833,-10.603
MFT,indigo,0.4776,42.249,-3.7987,-10.592
MFT,indigo,0.4857,42.239,-3.828,-10.544
MFT,indigo,0.4938,42.25,-3.8203,-10.56
MFT,indigo,0.5019,42.257,-3.8197,-10.561
MFT,indigo,0.51,42.257,-3.8017,-10.582
MFT,indigo,0.5181,42.26,-3.765,-10.642
MFT,indigo,0.5262,42.254,-3.774,-10.619
MFT,indigo,0.5343,42.257,-3.783,-10.608
MFT,indigo,0.5424,42.258,-3.773,-10.621
MFT,indigo,0.5505,42.262,-3.7727,-10.629
MFT,indigo,0.5586,42.264,-3.777,-10.62
MFT,indigo,0.5666,42.262,-3.773,-10.623
MFT,indigo,0.5747,42.26,-3.7723,-10.624
MFT,indigo,0.5828,42.258,-3.7797,-10.613
MFT,indigo,0.5909,42.264,-3.7993,-10.6
MFT,indigo,0.599,42.253,-3.8067,-10.581
MFT,indigo,0.6071,42.253,-3.79,-10.614
MFT,indigo,0.6152,42.255,-3.8023,-10.593
MFT,indigo,0.6233,42.258,-3.8093,-10.573
MFT,indigo,0.6314,42.27,-3.7793,-10.625
MFT,indigo,0.6395,42.268,-3.7727,-10.641
MFT,indigo,0.6476,42.26,-3.7793,-10.625
MFT,indigo,0.6557,42.251,-3.8137,-10.568
MFT,indigo,0.6638,42.256,-3.796,-10.602
MFT,indigo,0.6719,42.258,-3.764,-10.643
MFT,indigo,0.68,42.254,-3.786,-10.593
MFT,indigo,0.6881,42.257,-3.7917,-10.59
MFT,indigo,0.6962,42.253,-3.815,-10.571
MFT,indigo,0.7043,42.255,-3.8127,-10.57
MFT,indigo,0.7124,42.264,-3.7867,-10.614
MFT,indigo,0.7205,42.271,-3.7797,-10.633
MFT,indigo,0.7285,42.271,-3.7683,-10.648
MFT,indigo,0.7366,42.273,-3.7637,-10.657
MFT,indigo,0.7447,42.265,-3.774,-10.642
MFT,indigo,0.7528,42.265,-3.7573,-10.663
MFT,indigo,0.7609,42.27,-3.7747,-10.635
MFT,indigo,0.769,42.274,-3.778,-10.632
MFT,indigo,0.7771,42.271,-3.784,-10.637
MFT,indigo,0.7852,42.278,-3.761,-10.672
MFT,indigo,0.7933,42.276,-3.7557,-10.677
MFT,indigo,0.8014,42.276,-3.7627,-10.675
MFT,indigo,0.8095,42.275,-3.7713,-10.654
MFT,indigo,0.8176,42.272,-3.7613,-10.658
MFT,indigo,0.8257,42.272,-3.7603,-10.653
MFT,indigo,0.8338,42.27,-3.7693,-10.651
MFT,indigo,0.8419,42.268,-3.763,-10.659
MFT,indigo,0.85,42.269,-3.7623,-10.663
MFT,indigo,0.8581,42.261,-3.7917,-10.61
MFT,indigo,0.8662,42.26,-3.8053,-10.585
MFT,indigo,0.8743,42.266,-3.792,-10.621
MFT,indigo,0.8823,42.268,-3.7697,-10.648
MFT,indigo,0.8904,42.271,-3.7727,-10.646
MFT,indigo,0.8985,42.279,-3.7697,-10.661
MFT,indigo,0.9066,42.288,-3.7643,-10.676
MFT,indigo,0.9147,42.282,-3.7643,-10.664
MFT,indigo,0.9228,42.27,-3.767,-10.649
MFT,indigo,0.9309,42.273,-3.7443,-10.675
MFT,indigo,0.939,42.277,-3.744,-10.682
MFT,indigo,0.9471,42.27,-3.7653,-10.646
MFT,indigo,0.9552,42.281,-3.7543,-10.666
MFT,indigo,0.9633,42.286,-3.7473,-10.676
MFT,indigo,0.9714,42.277,-3.752,-10.674
MFT,indigo,0.9795,42.275,-3.767,-10.659
MFT,indigo,0.9876,42.282,-3.767,-10.671
MFT,indigo,0.9957,42.277,-3.761,-10.671
MFT,indigo,1.0038,42.273,-3.766,-10.65
MFT,indigo,1.0119,42.28,-3.755,-10.676
MFT,indigo,1.02,42.277,-3.7583,-10.668
MFT,indigo,1.0281,42.278,-3.762,-10.659
MFT,indigo,1.0362,42.281,-3.738,-10.696
MFT,indigo,1.0442,42.282,-3.7343,-10.708
MFT,indigo,1.0523,42.282,-3.7497,-10.688
MFT,indigo,1.0604,42.289,-3.7377,-10.707
MFT,indigo,1.0685,42.285,-3.745,-10.7
MFT,indigo,1.0766,42.282,-3.7497,-10.692
MFT,indigo,1.0847,42.281,-3.755,-10.686
MFT,indigo,1.0928,42.273,-3.7743,-10.651
MFT,indigo,1.1009,42.276,-3.7587,-10.67
MFT,indigo,1.109,42.291,-3.7157,-10.735
MFT,indigo,1.1171,42.287,-3.72,-10.726
MFT,indigo,1.1252,42.281,-3.7573,-10.679
MFT,indigo,1.1333,42.274,-3.7843,-10.643
MFT,indigo,1.1414,42.266,-3.7893,-10.622
MFT,indigo,1.1495,42.271,-3.7787,-10.639
MFT,indigo,1.1576,42.281,-3.7467,-10.691
MFT,indigo,1.1657,42.292,-3.719,-10.737
MFT,indigo,1.1738,42.289,-3.7387,-10.716
MFT,indigo,1.1819,42.288,-3.7523,-10.708
MFT,indigo,1.19,42.286,-3.7513,-10.704
MFT,indigo,1.1981,42.293,-3.7263,-10.717
MFT,indigo,1.2061,42.295,-3.7203,-10.726
MFT,indigo,1.2142,42.288,-3.7353,-10.716
MFT,indigo,1.2223,42.278,-3.7627,-10.668
MFT,indigo,1.2304,42.281,-3.7603,-10.689
MFT,indigo,1.2385,42.285,-3.7527,-10.711
MFT,indigo,1.2466,42.278,-3.7767,-10.653
MFT,indigo,1.2547,42.286,-3.7527,-10.691
MFT,indigo,1.2628,42.294,-3.737,-10.723
MFT,indigo,1.2709,42.285,-3.756,-10.691
MFT,indigo,1.279,42.281,-3.759,-10.692
MFT,indigo,1.2871,42.294,-3.7367,-10.731
MFT,indigo,1.2952,42.301,-3.723,-10.758
MFT,indigo,1.3033,42.292,-3.7577,-10.707
MFT,indigo,1.3114,42.289,-3.7533,-10.705
MFT,indigo,1.3195,42.286,-3.747,-10.706
MFT,indigo,1.3276,42.287,-3.7543,-10.694
MFT,indigo,1.3357,42.29,-3.7463,-10.703
MFT,indigo,1.3438,42.28,-3.7623,-10.678
MFT,indigo,1.3519,42.281,-3.757,-10.672
MFT,indigo,1.3599,42.276,-3.76,-10.661
MFT,indigo,1.368,42.276,-3.7593,-10.675
MFT,indigo,1.3761,42.276,-3.759,-10.682
MFT,indigo,1.3842,42.277,-3.7653,-10.677
MFT,indigo,1.3923,42.285,-3.7657,-10.682
MFT,indigo,1.4004,42.288,-3.7577,-10.696
MFT,iron oxide,0,40.157,26.698,15.369
MFT,iron oxide,0.008,40.15,26.688,15.31
MFT,iron oxide,0.016,40.146,26.693,15.261
MFT,iron oxide,0.024,40.142,26.704,15.266
MFT,iron oxide,0.032,40.128,26.683,15.369
MFT,iron oxide,0.04,40.125,26.682,15.388
MFT,iron oxide,0.049,40.125,26.692,15.371
MFT,iron oxide,0.057,40.131,26.689,15.358
MFT,iron oxide,0.065,40.138,26.683,15.332
MFT,iron oxide,0.073,40.143,26.676,15.306
MFT,iron oxide,0.081,40.147,26.69,15.244
MFT,iron oxide,0.089,40.139,26.701,15.241
MFT,iron oxide,0.097,40.133,26.691,15.299
MFT,iron oxide,0.105,40.139,26.677,15.31
MFT,iron oxide,0.113,40.147,26.691,15.218
MFT,iron oxide,0.121,40.148,26.703,15.187
MFT,iron oxide,0.13,40.137,26.707,15.246
MFT,iron oxide,0.138,40.133,26.696,15.304
MFT,iron oxide,0.146,40.129,26.695,15.337
MFT,iron oxide,0.154,40.125,26.702,15.348
MFT,iron oxide,0.162,40.129,26.685,15.351
MFT,iron oxide,0.17,40.137,26.694,15.271
MFT,iron oxide,0.178,40.143,26.711,15.193
MFT,iron oxide,0.186,40.146,26.714,15.173
MFT,iron oxide,0.194,40.138,26.707,15.242
MFT,iron oxide,0.202,40.129,26.695,15.327
MFT,iron oxide,0.21,40.134,26.702,15.279
MFT,iron oxide,0.219,40.132,26.691,15.285
MFT,iron oxide,0.227,40.132,26.686,15.269
MFT,iron oxide,0.235,40.139,26.697,15.211
MFT,iron oxide,0.243,40.134,26.706,15.229
MFT,iron oxide,0.251,40.133,26.706,15.25
MFT,iron oxide,0.259,40.132,26.703,15.258
MFT,iron oxide,0.267,40.136,26.717,15.208
MFT,iron oxide,0.275,40.136,26.711,15.214
MFT,iron oxide,0.283,40.127,26.692,15.296
MFT,iron oxide,0.291,40.127,26.7,15.289
MFT,iron oxide,0.3,40.125,26.689,15.316
MFT,iron oxide,0.308,40.126,26.678,15.318
MFT,iron oxide,0.316,40.129,26.694,15.272
MFT,iron oxide,0.324,40.128,26.696,15.28
MFT,iron oxide,0.332,40.129,26.702,15.265
MFT,iron oxide,0.34,40.144,26.716,15.157
MFT,iron oxide,0.348,40.138,26.702,15.213
MFT,iron oxide,0.356,40.128,26.69,15.283
MFT,iron oxide,0.364,40.126,26.694,15.298
MFT,iron oxide,0.372,40.137,26.712,15.195
MFT,iron oxide,0.38,40.139,26.721,15.17
MFT,iron oxide,0.389,40.127,26.714,15.247
MFT,iron oxide,0.397,40.13,26.713,15.212
MFT,iron oxide,0.405,40.131,26.714,15.211
MFT,iron oxide,0.413,40.128,26.712,15.254
MFT,iron oxide,0.421,40.131,26.722,15.201
MFT,iron oxide,0.429,40.122,26.715,15.267
MFT,iron oxide,0.437,40.108,26.706,15.369
MFT,iron oxide,0.445,40.122,26.709,15.266
MFT,iron oxide,0.453,40.131,26.714,15.2
MFT,iron oxide,0.461,40.13,26.714,15.207
MFT,iron oxide,0.47,40.132,26.707,15.228
MFT,iron oxide,0.478,40.138,26.716,15.167
MFT,iron oxide,0.486,40.138,26.721,15.147
MFT,iron oxide,0.494,40.133,26.722,15.154
MFT,iron oxide,0.502,40.135,26.724,15.167
MFT,iron oxide,0.51,40.134,26.719,15.187
MFT,iron oxide,0.518,40.131,26.708,15.213
MFT,iron oxide,0.526,40.123,26.7,15.282
MFT,iron oxide,0.534,40.121,26.694,15.307
MFT,iron oxide,0.542,40.134,26.703,15.214
MFT,iron oxide,0.55,40.134,26.716,15.191
MFT,iron oxide,0.559,40.126,26.712,15.22
MFT,iron oxide,0.567,40.123,26.701,15.234
MFT,iron oxide,0.575,40.133,26.71,15.203
MFT,iron oxide,0.583,40.137,26.717,15.188
MFT,iron oxide,0.591,40.138,26.722,15.177
MFT,iron oxide,0.599,40.132,26.724,15.185
MFT,iron oxide,0.607,40.124,26.712,15.257
MFT,iron oxide,0.615,40.115,26.7,15.329
MFT,iron oxide,0.623,40.112,26.69,15.361
MFT,iron oxide,0.631,40.132,26.698,15.238
MFT,iron oxide,0.64,40.138,26.703,15.19
MFT,iron oxide,0.648,40.128,26.697,15.259
MFT,iron oxide,0.656,40.118,26.709,15.282
MFT,iron oxide,0.664,40.121,26.709,15.265
MFT,iron oxide,0.672,40.137,26.702,15.214
MFT,iron oxide,0.68,40.125,26.701,15.276
MFT,iron oxide,0.688,40.117,26.698,15.299
MFT,iron oxide,0.696,40.122,26.703,15.228
MFT,iron oxide,0.704,40.134,26.724,15.135
MFT,iron oxide,0.712,40.134,26.731,15.116
MFT,iron oxide,0.72,40.133,26.729,15.13
MFT,iron oxide,0.729,40.117,26.705,15.283
MFT,iron oxide,0.737,40.123,26.713,15.216
MFT,iron oxide,0.745,40.132,26.727,15.121
MFT,iron oxide,0.753,40.125,26.71,15.244
MFT,iron oxide,0.761,40.131,26.712,15.197
MFT,iron oxide,0.769,40.131,26.716,15.173
MFT,iron oxide,0.777,40.121,26.706,15.272
MFT,iron oxide,0.785,40.123,26.707,15.25
MFT,iron oxide,0.793,40.127,26.715,15.21
MFT,iron oxide,0.801,40.129,26.727,15.18
MFT,iron oxide,0.809,40.127,26.715,15.22
MFT,iron oxide,0.818,40.125,26.718,15.225
MFT,iron oxide,0.826,40.122,26.723,15.237
MFT,iron oxide,0.834,40.125,26.726,15.218
MFT,iron oxide,0.842,40.129,26.726,15.182
MFT,iron oxide,0.85,40.129,26.728,15.17
MFT,iron oxide,0.858,40.123,26.717,15.249
MFT,iron oxide,0.866,40.125,26.723,15.22
MFT,iron oxide,0.874,40.128,26.735,15.17
MFT,iron oxide,0.882,40.131,26.738,15.161
MFT,iron oxide,0.89,40.133,26.74,15.145
MFT,iron oxide,0.899,40.136,26.735,15.125
MFT,iron oxide,0.907,40.14,26.727,15.111
MFT,iron oxide,0.915,40.124,26.718,15.222
MFT,iron oxide,0.923,40.121,26.721,15.231
MFT,iron oxide,0.931,40.139,26.741,15.082
MFT,iron oxide,0.939,40.133,26.732,15.134
MFT,iron oxide,0.947,40.127,26.725,15.185
MFT,iron oxide,0.955,40.129,26.724,15.19
MFT,iron oxide,0.963,40.134,26.721,15.166
MFT,iron oxide,0.971,40.139,26.733,15.104
MFT,iron oxide,0.979,40.139,26.742,15.073
MFT,iron oxide,0.988,40.123,26.711,15.244
MFT,iron oxide,0.996,40.13,26.724,15.185
MFT,iron oxide,1.004,40.137,26.745,15.089
MFT,iron oxide,1.012,40.139,26.736,15.078
MFT,iron oxide,1.02,40.123,26.733,15.182
MFT,iron oxide,1.028,40.114,26.732,15.244
MFT,iron oxide,1.036,40.121,26.722,15.215
MFT,iron oxide,1.044,40.135,26.739,15.091
MFT,iron oxide,1.052,40.134,26.742,15.092
MFT,iron oxide,1.06,40.127,26.739,15.149
MFT,iron oxide,1.069,40.118,26.734,15.217
MFT,iron oxide,1.077,40.12,26.733,15.202
MFT,iron oxide,1.085,40.13,26.739,15.14
MFT,iron oxide,1.093,40.124,26.725,15.19
MFT,iron oxide,1.101,40.121,26.72,15.213
MFT,iron oxide,1.109,40.12,26.723,15.221
MFT,iron oxide,1.117,40.126,26.715,15.237
MFT,iron oxide,1.125,40.118,26.718,15.27
MFT,iron oxide,1.133,40.116,26.729,15.241
MFT,iron oxide,1.141,40.127,26.731,15.15
MFT,iron oxide,1.149,40.126,26.728,15.18
MFT,iron oxide,1.158,40.128,26.727,15.173
MFT,iron oxide,1.166,40.132,26.729,15.133
MFT,iron oxide,1.174,40.124,26.722,15.208
MFT,iron oxide,1.182,40.121,26.717,15.242
MFT,iron oxide,1.19,40.124,26.717,15.227
MFT,iron oxide,1.198,40.131,26.738,15.127
MFT,iron oxide,1.206,40.131,26.745,15.1
MFT,iron oxide,1.214,40.121,26.735,15.163
MFT,iron oxide,1.222,40.119,26.727,15.201
MFT,iron oxide,1.23,40.115,26.718,15.252
MFT,iron oxide,1.239,40.118,26.717,15.248
MFT,iron oxide,1.247,40.12,26.731,15.192
MFT,iron oxide,1.255,40.124,26.738,15.169
MFT,iron oxide,1.263,40.126,26.74,15.16
MFT,iron oxide,1.271,40.118,26.726,15.214
MFT,iron oxide,1.279,40.114,26.716,15.26
MFT,iron oxide,1.287,40.118,26.719,15.238
MFT,iron oxide,1.295,40.129,26.728,15.162
MFT,iron oxide,1.303,40.124,26.728,15.185
MFT,iron oxide,1.311,40.121,26.728,15.191
MFT,iron oxide,1.319,40.125,26.727,15.172
MFT,iron oxide,1.328,40.129,26.744,15.1
MFT,iron oxide,1.336,40.131,26.739,15.091
MFT,iron oxide,1.344,40.133,26.729,15.106
MFT,iron oxide,1.352,40.136,26.742,15.072
MFT,iron oxide,1.36,40.132,26.739,15.096
MFT,iron oxide,1.368,40.126,26.731,15.146
MFT,iron oxide,1.376,40.115,26.734,15.21
MFT,iron oxide,1.384,40.124,26.732,15.173
MFT,iron oxide,1.392,40.128,26.72,15.195
MFT,iron oxide,1.4,40.116,26.712,15.277
MFT,iron oxide,1.409,40.127,26.733,15.152
MFT,paper,0,88.935,0.021667,9.0613
MFT,paper,0.008,88.937,0.050333,8.968
MFT,paper,0.016,88.94,0.073667,8.8963
MFT,paper,0.024,88.944,0.084667,8.8713
MFT,paper,0.032,88.944,0.087667,8.871
MFT,paper,0.04,88.945,0.087667,8.8707
MFT,paper,0.049,88.945,0.085333,8.8583
MFT,paper,0.057,88.948,0.088667,8.845
MFT,paper,0.065,88.947,0.091,8.838
MFT,paper,0.073,88.944,0.097,8.833
MFT,paper,0.081,88.945,0.10167,8.8057
MFT,paper,0.089,88.948,0.107,8.788
MFT,paper,0.097,88.951,0.11533,8.777
MFT,paper,0.105,88.953,0.11267,8.7787
MFT,paper,0.113,88.952,0.11567,8.766
MFT,paper,0.121,88.951,0.122,8.7497
MFT,paper,0.13,88.956,0.13467,8.727
MFT,paper,0.138,88.956,0.13033,8.7267
MFT,paper,0.146,88.955,0.125,8.729
MFT,paper,0.154,88.958,0.136,8.7013
MFT,paper,0.162,88.959,0.13767,8.7013
MFT,paper,0.17,88.957,0.13933,8.7017
MFT,paper,0.178,88.952,0.14233,8.701
MFT,paper,0.186,88.957,0.15233,8.6673
MFT,paper,0.194,88.96,0.15867,8.645
MFT,paper,0.202,88.959,0.157,8.6453
MFT,paper,0.21,88.963,0.16333,8.6343
MFT,paper,0.219,88.962,0.15767,8.642
MFT,paper,0.227,88.959,0.14333,8.663
MFT,paper,0.235,88.966,0.16267,8.619
MFT,paper,0.243,88.967,0.16967,8.604
MFT,paper,0.251,88.965,0.16833,8.6063
MFT,paper,0.259,88.965,0.17067,8.593
MFT,paper,0.267,88.965,0.17233,8.582
MFT,paper,0.275,88.965,0.173,8.5817
MFT,paper,0.283,88.967,0.17767,8.5773
MFT,paper,0.291,88.967,0.17667,8.571
MFT,paper,0.3,88.969,0.17767,8.5613
MFT,paper,0.308,88.974,0.19,8.535
MFT,paper,0.316,88.973,0.186,8.549
MFT,paper,0.324,88.972,0.184,8.5537
MFT,paper,0.332,88.974,0.19033,8.5373
MFT,paper,0.34,88.979,0.20733,8.4897
MFT,paper,0.348,88.98,0.20033,8.4943
MFT,paper,0.356,88.976,0.17467,8.542
MFT,paper,0.364,88.973,0.186,8.533
MFT,paper,0.372,88.974,0.19133,8.5193
MFT,paper,0.38,88.977,0.19333,8.5047
MFT,paper,0.389,88.977,0.194,8.5073
MFT,paper,0.397,88.979,0.194,8.502
MFT,paper,0.405,88.98,0.197,8.4903
MFT,paper,0.413,88.984,0.20567,8.4603
MFT,paper,0.421,88.981,0.20433,8.4717
MFT,paper,0.429,88.98,0.20367,8.4793
MFT,paper,0.437,88.988,0.21733,8.438
MFT,paper,0.445,88.989,0.22367,8.4203
MFT,paper,0.453,88.986,0.223,8.417
MFT,paper,0.461,88.983,0.215,8.4317
MFT,paper,0.47,88.99,0.22733,8.4067
MFT,paper,0.478,88.992,0.23033,8.4057
MFT,paper,0.486,88.99,0.225,8.4173
MFT,paper,0.494,88.989,0.22767,8.408
MFT,paper,0.502,88.99,0.23167,8.396
MFT,paper,0.51,88.994,0.23933,8.378
MFT,paper,0.518,88.994,0.23,8.3923
MFT,paper,0.526,88.995,0.23767,8.3777
MFT,paper,0.534,88.997,0.24833,8.3527
MFT,paper,0.542,88.997,0.24033,8.3543
MFT,paper,0.55,88.999,0.24033,8.352
MFT,paper,0.559,88.999,0.245,8.344
MFT,paper,0.567,88.998,0.24833,8.333
MFT,paper,0.575,89.001,0.248,8.3283
MFT,paper,0.583,89.001,0.246,8.3323
MFT,paper,0.591,89,0.24767,8.3387
MFT,paper,0.599,89,0.25067,8.3233
MFT,paper,0.607,89.001,0.24933,8.3157
MFT,paper,0.615,89,0.24567,8.3197
MFT,paper,0.623,89.002,0.255,8.3133
MFT,paper,0.631,89.005,0.26267,8.2953
MFT,paper,0.64,89.008,0.265,8.281
MFT,paper,0.648,89.006,0.25667,8.2967
MFT,paper,0.656,89.005,0.259,8.2927
MFT,paper,0.664,89.006,0.26267,8.2827
MFT,paper,0.672,89.007,0.255,8.2823
MFT,paper,0.68,89.009,0.251,8.2883
MFT,paper,0.688,89.011,0.25067,8.2917
MFT,paper,0.696,89.011,0.25333,8.2893
MFT,paper,0.704,89.012,0.261,8.2577
MFT,paper,0.712,89.015,0.27,8.231
MFT,paper,0.72,89.02,0.27933,8.221
MFT,paper,0.729,89.017,0.27467,8.2293
MFT,paper,0.737,89.017,0.27567,8.2243
MFT,paper,0.745,89.019,0.278,8.2123
MFT,paper,0.753,89.02,0.28767,8.2
MFT,paper,0.761,89.022,0.28533,8.2007
MFT,paper,0.769,89.021,0.276,8.212
MFT,paper,0.777,89.023,0.28333,8.1933
MFT,paper,0.785,89.022,0.279,8.1987
MFT,paper,0.793,89.021,0.27333,8.2087
MFT,paper,0.801,89.021,0.281,8.2033
MFT,paper,0.809,89.023,0.289,8.181
MFT,paper,0.818,89.024,0.289,8.175
MFT,paper,0.826,89.024,0.27333,8.2057
MFT,paper,0.834,89.028,0.28467,8.18
MFT,paper,0.842,89.029,0.29367,8.163
MFT,paper,0.85,89.025,0.28533,8.1807
MFT,paper,0.858,89.025,0.284,8.1823
MFT,paper,0.866,89.028,0.28833,8.17
MFT,paper,0.874,89.032,0.301,8.139
MFT,paper,0.882,89.026,0.29433,8.1583
MFT,paper,0.89,89.026,0.29967,8.1487
MFT,paper,0.899,89.029,0.31333,8.1213
MFT,paper,0.907,89.028,0.30333,8.1247
MFT,paper,0.915,89.031,0.303,8.1223
MFT,paper,0.923,89.035,0.306,8.1217
MFT,paper,0.931,89.032,0.303,8.138
MFT,paper,0.939,89.035,0.30467,8.125
MFT,paper,0.947,89.037,0.308,8.106
MFT,paper,0.955,89.035,0.305,8.118
MFT,paper,0.963,89.037,0.306,8.104
MFT,paper,0.971,89.039,0.306,8.09
MFT,paper,0.979,89.037,0.30033,8.096
MFT,paper,0.988,89.038,0.30033,8.0967
MFT,paper,0.996,89.041,0.30633,8.0817
MFT,paper,1.004,89.047,0.317,8.0537
MFT,paper,1.012,89.049,0.31867,8.0513
MFT,paper,1.02,89.048,0.318,8.0647
MFT,paper,1.028,89.046,0.315,8.0817
MFT,paper,1.036,89.044,0.311,8.072
MFT,paper,1.044,89.044,0.31367,8.0653
MFT,paper,1.052,89.046,0.319,8.0603
MFT,paper,1.06,89.047,0.317,8.0633
MFT,paper,1.069,89.047,0.31567,8.059
MFT,paper,1.077,89.047,0.31733,8.052
MFT,paper,1.085,89.047,0.32,8.0503
MFT,paper,1.093,89.05,0.32833,8.0237
MFT,paper,1.101,89.052,0.332,8.0097
MFT,paper,1.109,89.054,0.325,8.0243
MFT,paper,1.117,89.054,0.32867,8.0163
MFT,paper,1.125,89.052,0.32867,8.017
MFT,paper,1.133,89.046,0.321,8.0353
MFT,paper,1.141,89.054,0.31567,8.0297
MFT,paper,1.149,89.056,0.32467,8.0077
MFT,paper,1.158,89.055,0.342,7.981
MFT,paper,1.166,89.056,0.32933,7.9897
MFT,paper,1.174,89.055,0.33033,7.9847
MFT,paper,1.182,89.054,0.33833,7.9707
MFT,paper,1.19,89.057,0.32633,7.9877
MFT,paper,1.198,89.058,0.321,8.0003
MFT,paper,1.206,89.058,0.32133,8.0047
MFT,paper,1.214,89.062,0.32833,7.9963
MFT,paper,1.222,89.061,0.33067,7.9883
MFT,paper,1.23,89.062,0.33567,7.9743
MFT,paper,1.239,89.068,0.347,7.9457
MFT,paper,1.247,89.066,0.337,7.9617
MFT,paper,1.255,89.065,0.33067,7.9693
MFT,paper,1.263,89.067,0.32867,7.97
MFT,paper,1.271,89.069,0.31933,7.9707
MFT,paper,1.279,89.068,0.325,7.964
MFT,paper,1.287,89.064,0.33867,7.96
MFT,paper,1.295,89.069,0.337,7.9493
MFT,paper,1.303,89.073,0.33733,7.937
MFT,paper,1.311,89.075,0.338,7.9273
MFT,paper,1.319,89.074,0.335,7.939
MFT,paper,1.328,89.072,0.32967,7.9473
MFT,paper,1.336,89.072,0.33,7.943
MFT,paper,1.344,89.078,0.34933,7.912
MFT,paper,1.352,89.076,0.35,7.921
MFT,paper,1.36,89.072,0.34333,7.9397
MFT,paper,1.368,89.072,0.332,7.954
MFT,paper,1.376,89.076,0.349,7.9193
MFT,paper,1.384,89.079,0.352,7.906
MFT,paper,1.392,89.077,0.33167,7.9303
MFT,paper,1.4,89.08,0.34133,7.9143
MFT,paper,1.409,89.077,0.34367,7.92
MFT,lead white,0,89.686,0.69033,0.84433
MFT,lead white,0.008,89.704,0.70333,0.77533
MFT,lead white,0.016,89.713,0.71133,0.73167
MFT,lead white,0.024,89.711,0.71633,0.72133
MFT,lead white,0.032,89.712,0.706,0.72567
MFT,lead white,0.04,89.716,0.70167,0.709
MFT,lead white,0.049,89.721,0.711,0.69
MFT,lead white,0.057,89.721,0.721,0.68133
MFT,lead white,0.065,89.72,0.72033,0.67367
MFT,lead white,0.073,89.722,0.71867,0.677
MFT,lead white,0.081,89.73,0.724,0.68
MFT,lead white,0.089,89.738,0.725,0.65433
MFT,lead white,0.097,89.742,0.72133,0.633
MFT,lead white,0.105,89.744,0.723,0.63533
MFT,lead white,0.113,89.747,0.72467,0.618
MFT,lead white,0.121,89.746,0.72533,0.60867
MFT,lead white,0.13,89.75,0.724,0.617
MFT,lead white,0.138,89.749,0.72367,0.603
MFT,lead white,0.146,89.75,0.72833,0.59067
MFT,lead white,0.154,89.754,0.74133,0.583
MFT,lead white,0.162,89.763,0.74233,0.56667
MFT,lead white,0.17,89.763,0.745,0.55667
MFT,lead white,0.178,89.76,0.749,0.558
MFT,lead white,0.186,89.762,0.735,0.56
MFT,lead white,0.194,89.768,0.73267,0.55033
MFT,lead white,0.202,89.769,0.74333,0.53967
MFT,lead white,0.21,89.759,0.738,0.54233
MFT,lead white,0.219,89.768,0.73733,0.534
MFT,lead white,0.227,89.776,0.73767,0.53133
MFT,lead white,0.235,89.778,0.74167,0.53667
MFT,lead white,0.243,89.783,0.75133,0.51433
MFT,lead white,0.251,89.787,0.754,0.49967
MFT,lead white,0.259,89.784,0.74733,0.504
MFT,lead white,0.267,89.782,0.751,0.486
MFT,lead white,0.275,89.786,0.746,0.479
MFT,lead white,0.283,89.792,0.738,0.473
MFT,lead white,0.291,89.797,0.75733,0.45867
MFT,lead white,0.3,89.799,0.75867,0.45467
MFT,lead white,0.308,89.799,0.76033,0.43967
MFT,lead white,0.316,89.8,0.766,0.43733
MFT,lead white,0.324,89.799,0.77033,0.43967
MFT,lead white,0.332,89.8,0.78467,0.43
MFT,lead white,0.34,89.8,0.77767,0.42933
MFT,lead white,0.348,89.804,0.77233,0.44
MFT,lead white,0.356,89.81,0.77467,0.43733
MFT,lead white,0.364,89.81,0.76867,0.43367
MFT,lead white,0.372,89.811,0.76433,0.431
MFT,lead white,0.38,89.814,0.76667,0.41233
MFT,lead white,0.389,89.822,0.77867,0.37967
MFT,lead white,0.397,89.818,0.77633,0.379
MFT,lead white,0.405,89.82,0.77167,0.38933
MFT,lead white,0.413,89.828,0.77333,0.389
MFT,lead white,0.421,89.834,0.75933,0.38867
MFT,lead white,0.429,89.833,0.76433,0.37933
MFT,lead white,0.437,89.829,0.771,0.367
MFT,lead white,0.445,89.835,0.77667,0.361
MFT,lead white,0.453,89.834,0.78067,0.356
MFT,lead white,0.461,89.828,0.77933,0.35067
MFT,lead white,0.47,89.832,0.77733,0.33667
MFT,lead white,0.478,89.838,0.77367,0.33267
MFT,lead white,0.486,89.838,0.772,0.33633
MFT,lead white,0.494,89.835,0.782,0.33
MFT,lead white,0.502,89.843,0.77,0.329
MFT,lead white,0.51,89.847,0.76967,0.32333
MFT,lead white,0.518,89.846,0.784,0.31733
MFT,lead white,0.526,89.851,0.776,0.32667
MFT,lead white,0.534,89.857,0.77567,0.32
MFT,lead white,0.542,89.863,0.77933,0.30633
MFT,lead white,0.55,89.865,0.77267,0.30133
MFT,lead white,0.559,89.863,0.78167,0.29067
MFT,lead white,0.567,89.857,0.79333,0.28967
MFT,lead white,0.575,89.863,0.79033,0.294
MFT,lead white,0.583,89.865,0.79267,0.28433
MFT,lead white,0.591,89.866,0.79367,0.26367
MFT,lead white,0.599,89.876,0.798,0.24833
MFT,lead white,0.607,89.876,0.79633,0.25333
MFT,lead white,0.615,89.87,0.797,0.25067
MFT,lead white,0.623,89.869,0.79033,0.251
MFT,lead white,0.631,89.869,0.79567,0.26133
MFT,lead white,0.64,89.871,0.806,0.25833
MFT,lead white,0.648,89.881,0.805,0.241
MFT,lead white,0.656,89.88,0.80067,0.23767
MFT,lead white,0.664,89.881,0.805,0.23467
MFT,lead white,0.672,89.886,0.801,0.23067
MFT,lead white,0.68,89.888,0.797,0.24367
MFT,lead white,0.688,89.888,0.799,0.234
MFT,lead white,0.696,89.889,0.79933,0.219
MFT,lead white,0.704,89.887,0.79433,0.21767
MFT,lead white,0.712,89.888,0.795,0.219
MFT,lead white,0.72,89.891,0.80033,0.20933
MFT,lead white,0.729,89.899,0.79667,0.20833
MFT,lead white,0.737,89.897,0.79767,0.20467
MFT,lead white,0.745,89.895,0.80233,0.20233
MFT,lead white,0.753,89.898,0.80333,0.18667
MFT,lead white,0.761,89.901,0.80533,0.187
MFT,lead white,0.769,89.906,0.81133,0.19033
MFT,lead white,0.777,89.909,0.81733,0.187
MFT,lead white,0.785,89.907,0.81867,0.18067
MFT,lead white,0.793,89.906,0.818,0.177
MFT,lead white,0.801,89.91,0.81133,0.18
MFT,lead white,0.809,89.917,0.80967,0.174
MFT,lead white,0.818,89.916,0.818,0.162
MFT,lead white,0.826,89.916,0.81733,0.161
MFT,lead white,0.834,89.923,0.80267,0.16167
MFT,lead white,0.842,89.92,0.80933,0.15767
MFT,lead white,0.85,89.912,0.819,0.15567
MFT,lead white,0.858,89.919,0.80767,0.153
MFT,lead white,0.866,89.928,0.80333,0.14867
MFT,lead white,0.874,89.928,0.80433,0.14767
MFT,lead white,0.882,89.927,0.79567,0.14933
MFT,lead white,0.89,89.931,0.812,0.139
MFT,lead white,0.899,89.934,0.81367,0.13867
MFT,lead white,0.907,89.942,0.80967,0.13233
MFT,lead white,0.915,89.942,0.81233,0.127
MFT,lead white,0.923,89.939,0.81333,0.12567
MFT,lead white,0.931,89.941,0.81633,0.12667
MFT,lead white,0.939,89.943,0.81733,0.11867
MFT,lead white,0.947,89.945,0.82,0.10833
MFT,lead white,0.955,89.95,0.81733,0.10233
MFT,lead white,0.963,89.945,0.81967,0.102
MFT,lead white,0.971,89.948,0.82433,0.107
MFT,lead white,0.979,89.955,0.818,0.115
MFT,lead white,0.988,89.953,0.82433,0.105
MFT,lead white,0.996,89.955,0.82,0.104
MFT,lead white,1.004,89.956,0.81367,0.10267
MFT,lead white,1.012,89.954,0.81733,0.090667
MFT,lead white,1.02,89.956,0.81967,0.082333
MFT,lead white,1.028,89.961,0.818,0.082
MFT,lead white,1.036,89.962,0.81933,0.087667
MFT,lead white,1.044,89.964,0.81533,0.087333
MFT,lead white,1.052,89.961,0.816,0.083
MFT,lead white,1.06,89.96,0.80967,0.092333
MFT,lead white,1.069,89.965,0.816,0.089333
MFT,lead white,1.077,89.969,0.82333,0.077667
MFT,lead white,1.085,89.972,0.81733,0.064333
MFT,lead white,1.093,89.974,0.822,0.061333
MFT,lead white,1.101,89.979,0.824,0.063
MFT,lead white,1.109,89.985,0.82,0.062
MFT,lead white,1.117,89.989,0.81833,0.053333
MFT,lead white,1.125,89.982,0.821,0.052333
MFT,lead white,1.133,89.972,0.834,0.048
MFT,lead white,1.141,89.98,0.844,0.027333
MFT,lead white,1.149,89.986,0.831,0.035333
MFT,lead white,1.158,89.988,0.825,0.044
MFT,lead white,1.166,89.995,0.83167,0.037
MFT,lead white,1.174,89.995,0.83733,0.035667
MFT,lead white,1.182,89.994,0.83867,0.031667
MFT,lead white,1.19,89.992,0.83333,0.021333
MFT,lead white,1.198,89.989,0.839,0.020667
MFT,lead white,1.206,89.995,0.83433,0.020333
MFT,lead white,1.214,90,0.82267,0.024667
MFT,lead white,1.222,90.003,0.82867,0.022
MFT,lead white,1.23,90.007,0.82533,0.017
MFT,lead white,1.239,90.012,0.82533,0.0046667
MFT,lead white,1.247,90.006,0.83,0.014
MFT,lead white,1.255,90,0.83,0.022667
MFT,lead white,1.263,90,0.83633,0.008
MFT,lead white,1.271,90.012,0.83867,0.0036667
MFT,lead white,1.279,90.014,0.82833,0.0093333
MFT,lead white,1.287,90.014,0.82533,0.011333
MFT,lead white,1.295,90.014,0.82933,0.004
MFT,lead white,1.303,90.016,0.828,-0.0056667
MFT,lead white,1.311,90.018,0.82833,-0.0096667
MFT,lead white,1.319,90.021,0.84433,-0.011333
MFT,lead white,1.328,90.02,0.838,-0.016667
MFT,lead white,1.336,90.024,0.83033,-0.015667
MFT,lead white,1.344,90.028,0.82667,-0.004
MFT,lead white,1.352,90.027,0.829,-0.0043333
MFT,lead white,1.36,90.025,0.836,-0.013667
MFT,lead white,1.368,90.022,0.84767,-0.021667
MFT,lead white,1.376,90.026,0.84633,-0.036333
MFT,lead white,1.384,90.029,0.84167,-0.031
MFT,lead white,1.392,90.026,0.83567,-0.023333
MFT,lead white,1.4,90.024,0.833,-0.027
MFT,lead white,1.409,90.029,0.84,-0.023667
MFT,mica,0,85.284,0.227,0.94367
MFT,mica,0.008,85.274,0.246,0.86133
MFT,mica,0.016,85.272,0.25267,0.821
MFT,mica,0.024,85.272,0.26033,0.80633
MFT,mica,0.032,85.27,0.26733,0.792
MFT,mica,0.04,85.274,0.264,0.781
MFT,mica,0.049,85.274,0.26367,0.76767
MFT,mica,0.057,85.27,0.26167,0.765
MFT,mica,0.065,85.273,0.264,0.756
MFT,mica,0.073,85.278,0.26433,0.753
MFT,mica,0.081,85.274,0.27233,0.74767
MFT,mica,0.089,85.267,0.28133,0.723
MFT,mica,0.097,85.268,0.28533,0.70233
MFT,mica,0.105,85.263,0.28533,0.69467
MFT,mica,0.113,85.262,0.291,0.68567
MFT,mica,0.121,85.267,0.29067,0.67267
MFT,mica,0.13,85.27,0.29233,0.65
MFT,mica,0.138,85.263,0.30467,0.644
MFT,mica,0.146,85.263,0.30633,0.653
MFT,mica,0.154,85.262,0.30367,0.63867
MFT,mica,0.162,85.265,0.304,0.62867
MFT,mica,0.17,85.263,0.30833,0.628
MFT,mica,0.178,85.26,0.30933,0.62567
MFT,mica,0.186,85.262,0.30633,0.607
MFT,mica,0.194,85.262,0.30933,0.59567
MFT,mica,0.202,85.265,0.32133,0.583
MFT,mica,0.21,85.27,0.32967,0.56667
MFT,mica,0.219,85.269,0.314,0.56467
MFT,mica,0.227,85.267,0.30333,0.56567
MFT,mica,0.235,85.265,0.30833,0.55733
MFT,mica,0.243,85.266,0.319,0.546
MFT,mica,0.251,85.263,0.327,0.532
MFT,mica,0.259,85.259,0.33233,0.52633
MFT,mica,0.267,85.259,0.33067,0.51867
MFT,mica,0.275,85.262,0.33367,0.50033
MFT,mica,0.283,85.269,0.33133,0.49433
MFT,mica,0.291,85.266,0.335,0.49067
MFT,mica,0.3,85.26,0.34067,0.47933
MFT,mica,0.308,85.264,0.34933,0.45767
MFT,mica,0.316,85.269,0.348,0.45967
MFT,mica,0.324,85.26,0.351,0.46467
MFT,mica,0.332,85.258,0.35567,0.455
MFT,mica,0.34,85.264,0.34667,0.44267
MFT,mica,0.348,85.261,0.34167,0.43633
MFT,mica,0.356,85.262,0.34733,0.43567
MFT,mica,0.364,85.262,0.349,0.43133
MFT,mica,0.372,85.258,0.35433,0.41833
MFT,mica,0.38,85.251,0.359,0.41533
MFT,mica,0.389,85.253,0.36533,0.40867
MFT,mica,0.397,85.257,0.36067,0.39933
MFT,mica,0.405,85.258,0.366,0.38167
MFT,mica,0.413,85.251,0.373,0.36633
MFT,mica,0.421,85.253,0.375,0.371
MFT,mica,0.429,85.256,0.38133,0.363
MFT,mica,0.437,85.249,0.37867,0.35567
MFT,mica,0.445,85.248,0.37033,0.359
MFT,mica,0.453,85.251,0.37333,0.35267
MFT,mica,0.461,85.253,0.373,0.35333
MFT,mica,0.47,85.252,0.37833,0.34133
MFT,mica,0.478,85.257,0.384,0.32367
MFT,mica,0.486,85.26,0.391,0.30767
MFT,mica,0.494,85.263,0.38267,0.309
MFT,mica,0.502,85.254,0.38667,0.308
MFT,mica,0.51,85.253,0.38567,0.312
MFT,mica,0.518,85.255,0.38567,0.301
MFT,mica,0.526,85.252,0.38167,0.285
MFT,mica,0.534,85.25,0.384,0.28367
MFT,mica,0.542,85.25,0.38967,0.279
MFT,mica,0.55,85.25,0.39633,0.266
MFT,mica,0.559,85.253,0.403,0.26033
MFT,mica,0.567,85.258,0.402,0.26
MFT,mica,0.575,85.254,0.40567,0.24767
MFT,mica,0.583,85.251,0.40467,0.23333
MFT,mica,0.591,85.252,0.40133,0.23
MFT,mica,0.599,85.25,0.405,0.22167
MFT,mica,0.607,85.253,0.39933,0.21867
MFT,mica,0.615,85.256,0.40067,0.22267
MFT,mica,0.623,85.256,0.40133,0.22833
MFT,mica,0.631,85.257,0.39667,0.235
MFT,mica,0.64,85.261,0.4,0.22833
MFT,mica,0.648,85.254,0.40867,0.21267
MFT,mica,0.656,85.253,0.406,0.21567
MFT,mica,0.664,85.25,0.42367,0.20167
MFT,mica,0.672,85.254,0.43633,0.19067
MFT,mica,0.68,85.26,0.41767,0.18133
MFT,mica,0.688,85.259,0.40833,0.177
MFT,mica,0.696,85.257,0.42067,0.17233
MFT,mica,0.704,85.255,0.427,0.17467
MFT,mica,0.712,85.253,0.437,0.15933
MFT,mica,0.72,85.254,0.43567,0.153
MFT,mica,0.729,85.253,0.429,0.16033
MFT,mica,0.737,85.256,0.427,0.16033
MFT,mica,0.745,85.258,0.42033,0.15167
MFT,mica,0.753,85.256,0.41967,0.137
MFT,mica,0.761,85.253,0.423,0.124
MFT,mica,0.769,85.256,0.42633,0.11667
MFT,mica,0.777,85.254,0.436,0.11633
MFT,mica,0.785,85.257,0.43433,0.12333
MFT,mica,0.793,85.259,0.42367,0.126
MFT,mica,0.801,85.252,0.43267,0.11267
MFT,mica,0.809,85.252,0.44067,0.11167
MFT,mica,0.818,85.262,0.436,0.11133
MFT,mica,0.826,85.261,0.43833,0.101
MFT,mica,0.834,85.258,0.44367,0.092
MFT,mica,0.842,85.26,0.44233,0.090667
MFT,mica,0.85,85.263,0.435,0.077333
MFT,mica,0.858,85.265,0.43467,0.076333
MFT,mica,0.866,85.265,0.44567,0.075667
MFT,mica,0.874,85.258,0.44633,0.074
MFT,mica,0.882,85.257,0.44467,0.070667
MFT,mica,0.89,85.261,0.44033,0.067667
MFT,mica,0.899,85.259,0.436,0.054333
MFT,mica,0.907,85.262,0.442,0.058333
MFT,mica,0.915,85.257,0.45567,0.057333
MFT,mica,0.923,85.258,0.45933,0.046
MFT,mica,0.931,85.263,0.45433,0.036
MFT,mica,0.939,85.261,0.45367,0.038333
MFT,mica,0.947,85.261,0.462,0.021667
MFT,mica,0.955,85.258,0.46167,0.016
MFT,mica,0.963,85.262,0.45267,0.018333
MFT,mica,0.971,85.264,0.454,0.014333
MFT,mica,0.979,85.26,0.464,0.022
MFT,mica,0.988,85.259,0.47,0.017333
MFT,mica,0.996,85.257,0.45733,0.0046667
MFT,mica,1.004,85.263,0.451,0.001
MFT,mica,1.012,85.263,0.457,0.013333
MFT,mica,1.02,85.263,0.461,0.0066667
MFT,mica,1.028,85.27,0.458,-0.00066667
MFT,mica,1.036,85.268,0.45267,-0.0016667
MFT,mica,1.044,85.258,0.45667,0.0043333
MFT,mica,1.052,85.259,0.462,0.0053333
MFT,mica,1.06,85.266,0.463,-0.0073333
MFT,mica,1.069,85.264,0.46733,-0.021
MFT,mica,1.077,85.263,0.46,-0.019667
MFT,mica,1.085,85.261,0.46067,-0.016667
MFT,mica,1.093,85.263,0.46667,-0.021667
MFT,mica,1.101,85.261,0.46467,-0.014
MFT,mica,1.109,85.264,0.46933,-0.027333
MFT,mica,1.117,85.266,0.47267,-0.043333
MFT,mica,1.125,85.262,0.47333,-0.038667
MFT,mica,1.133,85.267,0.46533,-0.037667
MFT,mica,1.141,85.273,0.47233,-0.053
MFT,mica,1.149,85.269,0.48533,-0.066333
MFT,mica,1.158,85.26,0.483,-0.063333
MFT,mica,1.166,85.261,0.48267,-0.054
MFT,mica,1.174,85.268,0.475,-0.055333
MFT,mica,1.182,85.272,0.475,-0.063
MFT,mica,1.19,85.272,0.479,-0.066
MFT,mica,1.198,85.265,0.484,-0.066333
MFT,mica,1.206,85.263,0.48233,-0.060667
MFT,mica,1.214,85.26,0.485,-0.074333
MFT,mica,1.222,85.26,0.48433,-0.079333
MFT,mica,1.23,85.263,0.48433,-0.068667
MFT,mica,1.239,85.269,0.49467,-0.075667
MFT,mica,1.247,85.266,0.49033,-0.081667
MFT,mica,1.255,85.255,0.48667,-0.087333
MFT,mica,1.263,85.262,0.487,-0.10467
MFT,mica,1.271,85.269,0.494,-0.112
MFT,mica,1.279,85.265,0.495,-0.105
MFT,mica,1.287,85.265,0.491,-0.095
MFT,mica,1.295,85.266,0.497,-0.11233
MFT,mica,1.303,85.27,0.501,-0.12833
MFT,mica,1.311,85.271,0.498,-0.123
MFT,mica,1.319,85.269,0.49433,-0.11433
MFT,mica,1.328,85.264,0.49267,-0.116
MFT,mica,1.336,85.267,0.49467,-0.122
MFT,mica,1.344,85.271,0.5,-0.13067
MFT,mica,1.352,85.268,0.499,-0.138
MFT,mica,1.36,85.27,0.49867,-0.14733
MFT,mica,1.368,85.27,0.499,-0.14467
MFT,mica,1.376,85.262,0.50533,-0.14767
MFT,mica,1.384,85.263,0.51033,-0.15233
MFT,mica,1.392,85.27,0.503,-0.155
MFT,mica,1.4,85.271,0.49933,-0.15367
MFT,mica,1.409,85.266,0.49867,-0.14367
MFT,ochre,0,83.921,4.1783,22.691
MFT,ochre,0.008,83.911,4.1983,22.603
MFT,ochre,0.016,83.914,4.209,22.576
MFT,ochre,0.024,83.914,4.213,22.572
MFT,ochre,0.032,83.908,4.2107,22.579
MFT,ochre,0.04,83.913,4.211,22.545
MFT,ochre,0.049,83.912,4.2137,22.548
MFT,ochre,0.057,83.909,4.2113,22.566
MFT,ochre,0.065,83.912,4.2197,22.526
MFT,ochre,0.073,83.911,4.223,22.522
MFT,ochre,0.081,83.909,4.219,22.528
MFT,ochre,0.089,83.909,4.2147,22.531
MFT,ochre,0.097,83.914,4.2217,22.505
MFT,ochre,0.105,83.914,4.2293,22.488
MFT,ochre,0.113,83.912,4.2277,22.502
MFT,ochre,0.121,83.913,4.2347,22.48
MFT,ochre,0.13,83.913,4.2373,22.476
MFT,ochre,0.138,83.907,4.2243,22.51
MFT,ochre,0.146,83.913,4.2333,22.472
MFT,ochre,0.154,83.914,4.2313,22.475
MFT,ochre,0.162,83.907,4.2173,22.508
MFT,ochre,0.17,83.907,4.221,22.508
MFT,ochre,0.178,83.911,4.2267,22.489
MFT,ochre,0.186,83.914,4.231,22.455
MFT,ochre,0.194,83.918,4.2377,22.437
MFT,ochre,0.202,83.918,4.237,22.433
MFT,ochre,0.21,83.916,4.2307,22.439
MFT,ochre,0.219,83.919,4.2317,22.455
MFT,ochre,0.227,83.915,4.243,22.434
MFT,ochre,0.235,83.914,4.2457,22.414
MFT,ochre,0.243,83.916,4.2513,22.402
MFT,ochre,0.251,83.915,4.2343,22.443
MFT,ochre,0.259,83.914,4.2283,22.462
MFT,ochre,0.267,83.916,4.242,22.425
MFT,ochre,0.275,83.917,4.2483,22.402
MFT,ochre,0.283,83.914,4.2457,22.413
MFT,ochre,0.291,83.916,4.2447,22.404
MFT,ochre,0.3,83.922,4.253,22.365
MFT,ochre,0.308,83.921,4.2483,22.382
MFT,ochre,0.316,83.918,4.245,22.411
MFT,ochre,0.324,83.914,4.2533,22.411
MFT,ochre,0.332,83.915,4.2517,22.415
MFT,ochre,0.34,83.92,4.2477,22.403
MFT,ochre,0.348,83.92,4.2487,22.393
MFT,ochre,0.356,83.921,4.2543,22.374
MFT,ochre,0.364,83.921,4.2587,22.356
MFT,ochre,0.372,83.925,4.2623,22.35
MFT,ochre,0.38,83.93,4.2827,22.296
MFT,ochre,0.389,83.927,4.2793,22.31
MFT,ochre,0.397,83.923,4.247,22.379
MFT,ochre,0.405,83.925,4.2543,22.356
MFT,ochre,0.413,83.928,4.2637,22.334
MFT,ochre,0.421,83.927,4.265,22.337
MFT,ochre,0.429,83.927,4.271,22.325
MFT,ochre,0.437,83.924,4.2567,22.353
MFT,ochre,0.445,83.921,4.2443,22.37
MFT,ochre,0.453,83.926,4.2687,22.318
MFT,ochre,0.461,83.928,4.2707,22.309
MFT,ochre,0.47,83.928,4.2543,22.338
MFT,ochre,0.478,83.925,4.2537,22.342
MFT,ochre,0.486,83.924,4.2613,22.329
MFT,ochre,0.494,83.926,4.2637,22.322
MFT,ochre,0.502,83.931,4.2697,22.3
MFT,ochre,0.51,83.929,4.2657,22.312
MFT,ochre,0.518,83.928,4.2633,22.313
MFT,ochre,0.526,83.931,4.2713,22.284
MFT,ochre,0.534,83.932,4.275,22.29
MFT,ochre,0.542,83.933,4.2747,22.287
MFT,ochre,0.55,83.932,4.263,22.301
MFT,ochre,0.559,83.932,4.2703,22.292
MFT,ochre,0.567,83.932,4.2827,22.274
MFT,ochre,0.575,83.935,4.2913,22.244
MFT,ochre,0.583,83.935,4.283,22.252
MFT,ochre,0.591,83.937,4.276,22.259
MFT,ochre,0.599,83.937,4.2753,22.265
MFT,ochre,0.607,83.933,4.2733,22.288
MFT,ochre,0.615,83.932,4.2733,22.294
MFT,ochre,0.623,83.933,4.2773,22.275
MFT,ochre,0.631,83.936,4.283,22.234
MFT,ochre,0.64,83.936,4.2823,22.254
MFT,ochre,0.648,83.935,4.281,22.274
MFT,ochre,0.656,83.936,4.2783,22.26
MFT,ochre,0.664,83.935,4.292,22.242
MFT,ochre,0.672,83.935,4.2913,22.238
MFT,ochre,0.68,83.939,4.288,22.238
MFT,ochre,0.688,83.939,4.2927,22.237
MFT,ochre,0.696,83.939,4.2957,22.229
MFT,ochre,0.704,83.941,4.3063,22.199
MFT,ochre,0.712,83.943,4.295,22.215
MFT,ochre,0.72,83.94,4.2793,22.261
MFT,ochre,0.729,83.939,4.2723,22.287
MFT,ochre,0.737,83.941,4.2803,22.258
MFT,ochre,0.745,83.943,4.284,22.23
MFT,ochre,0.753,83.944,4.2903,22.209
MFT,ochre,0.761,83.94,4.2933,22.218
MFT,ochre,0.769,83.941,4.2943,22.202
MFT,ochre,0.777,83.944,4.2897,22.208
MFT,ochre,0.785,83.944,4.284,22.231
MFT,ochre,0.793,83.944,4.2923,22.205
MFT,ochre,0.801,83.941,4.291,22.208
MFT,ochre,0.809,83.939,4.2887,22.221
MFT,ochre,0.818,83.942,4.2863,22.237
MFT,ochre,0.826,83.944,4.285,22.234
MFT,ochre,0.834,83.946,4.29,22.21
MFT,ochre,0.842,83.945,4.293,22.21
MFT,ochre,0.85,83.949,4.3023,22.185
MFT,ochre,0.858,83.951,4.3147,22.149
MFT,ochre,0.866,83.946,4.309,22.178
MFT,ochre,0.874,83.947,4.298,22.198
MFT,ochre,0.882,83.948,4.2937,22.189
MFT,ochre,0.89,83.951,4.296,22.174
MFT,ochre,0.899,83.953,4.2973,22.182
MFT,ochre,0.907,83.954,4.3003,22.173
MFT,ochre,0.915,83.949,4.298,22.174
MFT,ochre,0.923,83.946,4.287,22.209
MFT,ochre,0.931,83.949,4.2913,22.199
MFT,ochre,0.939,83.951,4.2973,22.173
MFT,ochre,0.947,83.953,4.3003,22.159
MFT,ochre,0.955,83.953,4.2987,22.165
MFT,ochre,0.963,83.956,4.2977,22.17
MFT,ochre,0.971,83.955,4.3033,22.166
MFT,ochre,0.979,83.955,4.3017,22.167
MFT,ochre,0.988,83.957,4.3007,22.156
MFT,ochre,0.996,83.96,4.2977,22.151
MFT,ochre,1.004,83.96,4.301,22.151
MFT,ochre,1.012,83.96,4.309,22.136
MFT,ochre,1.02,83.958,4.307,22.156
MFT,ochre,1.028,83.958,4.309,22.15
MFT,ochre,1.036,83.96,4.3077,22.142
MFT,ochre,1.044,83.962,4.3007,22.158
MFT,ochre,1.052,83.962,4.3033,22.163
MFT,ochre,1.06,83.961,4.3087,22.148
MFT,ochre,1.069,83.959,4.3067,22.144
MFT,ochre,1.077,83.961,4.309,22.127
MFT,ochre,1.085,83.964,4.3103,22.125
MFT,ochre,1.093,83.965,4.308,22.147
MFT,ochre,1.101,83.963,4.3103,22.143
MFT,ochre,1.109,83.965,4.3107,22.128
MFT,ochre,1.117,83.967,4.304,22.131
MFT,ochre,1.125,83.963,4.2937,22.161
MFT,ochre,1.133,83.958,4.2967,22.156
MFT,ochre,1.141,83.962,4.305,22.126
MFT,ochre,1.149,83.964,4.304,22.131
MFT,ochre,1.158,83.962,4.3007,22.145
MFT,ochre,1.166,83.963,4.301,22.145
MFT,ochre,1.174,83.966,4.306,22.125
MFT,ochre,1.182,83.961,4.2993,22.154
MFT,ochre,1.19,83.961,4.2997,22.151
MFT,ochre,1.198,83.965,4.306,22.134
MFT,ochre,1.206,83.965,4.304,22.124
MFT,ochre,1.214,83.967,4.3027,22.122
MFT,ochre,1.222,83.972,4.312,22.106
MFT,ochre,1.23,83.973,4.315,22.09
MFT,ochre,1.239,83.97,4.3137,22.107
MFT,ochre,1.247,83.968,4.3117,22.122
MFT,ochre,1.255,83.968,4.3087,22.113
MFT,ochre,1.263,83.969,4.313,22.109
MFT,ochre,1.271,83.974,4.3203,22.095
MFT,ochre,1.279,83.97,4.313,22.102
MFT,ochre,1.287,83.97,4.3083,22.118
MFT,ochre,1.295,83.973,4.3107,22.116
MFT,ochre,1.303,83.973,4.3107,22.102
MFT,ochre,1.311,83.975,4.3093,22.108
MFT,ochre,1.319,83.972,4.3067,22.12
MFT,ochre,1.328,83.968,4.2933,22.134
MFT,ochre,1.336,83.969,4.2947,22.136
MFT,ochre,1.344,83.969,4.302,22.136
MFT,ochre,1.352,83.968,4.3047,22.128
MFT,ochre,1.36,83.974,4.3227,22.068
MFT,ochre,1.368,83.975,4.3227,22.066
MFT,ochre,1.376,83.974,4.3083,22.092
MFT,ochre,1.384,83.979,4.3127,22.063
MFT,ochre,1.392,83.977,4.3103,22.066
MFT,ochre,1.4,83.975,4.3063,22.087
MFT,ochre,1.409,83.976,4.308,22.101
MFT,ochre,1.417,83.974,4.3073,22.107
MFT,orpiment,0,79.359,11.705,44.02
MFT,orpiment,0.008,78.594,13.133,42.9
MFT,orpiment,0.016,78.301,13.671,42.502
MFT,orpiment,0.024,78.232,13.776,42.434
MFT,orpiment,0.032,78.178,13.882,42.31
MFT,orpiment,0.04,78.125,13.978,42.222
MFT,orpiment,0.049,78.073,14.075,42.14
MFT,orpiment,0.057,78.022,14.157,42.083
MFT,orpiment,0.065,77.975,14.219,42.039
MFT,orpiment,0.073,77.932,14.28,42.001
MFT,orpiment,0.081,77.893,14.356,41.934
MFT,orpiment,0.089,77.855,14.419,41.856
MFT,orpiment,0.097,77.823,14.476,41.761
MFT,orpiment,0.105,77.79,14.54,41.712
MFT,orpiment,0.113,77.755,14.59,41.705
MFT,orpiment,0.121,77.724,14.639,41.633
MFT,orpiment,0.13,77.696,14.694,41.554
MFT,orpiment,0.138,77.668,14.738,41.534
MFT,orpiment,0.146,77.642,14.775,41.506
MFT,orpiment,0.154,77.62,14.822,41.446
MFT,orpiment,0.162,77.594,14.858,41.426
MFT,orpiment,0.17,77.568,14.883,41.428
MFT,orpiment,0.178,77.546,14.92,41.403
MFT,orpiment,0.186,77.53,14.968,41.325
MFT,orpiment,0.194,77.514,15.013,41.245
MFT,orpiment,0.202,77.494,15.036,41.25
MFT,orpiment,0.21,77.472,15.059,41.232
MFT,orpiment,0.219,77.453,15.103,41.168
MFT,orpiment,0.227,77.437,15.139,41.124
MFT,orpiment,0.235,77.416,15.144,41.183
MFT,orpiment,0.243,77.403,15.173,41.128
MFT,orpiment,0.251,77.387,15.207,41.092
MFT,orpiment,0.259,77.371,15.234,41.046
MFT,orpiment,0.267,77.356,15.264,41.003
MFT,orpiment,0.275,77.346,15.289,40.949
MFT,orpiment,0.283,77.331,15.31,40.926
MFT,orpiment,0.291,77.319,15.329,40.922
MFT,orpiment,0.3,77.304,15.344,40.946
MFT,orpiment,0.308,77.29,15.37,40.902
MFT,orpiment,0.316,77.273,15.381,40.93
MFT,orpiment,0.324,77.263,15.405,40.896
MFT,orpiment,0.332,77.256,15.423,40.852
MFT,orpiment,0.34,77.241,15.439,40.876
MFT,orpiment,0.348,77.227,15.454,40.864
MFT,orpiment,0.356,77.221,15.476,40.805
MFT,orpiment,0.364,77.215,15.488,40.773
MFT,orpiment,0.372,77.206,15.504,40.742
MFT,orpiment,0.38,77.19,15.526,40.763
MFT,orpiment,0.389,77.179,15.545,40.773
MFT,orpiment,0.397,77.165,15.544,40.807
MFT,orpiment,0.405,77.157,15.557,40.785
MFT,orpiment,0.413,77.151,15.579,40.749
MFT,orpiment,0.421,77.144,15.601,40.693
MFT,orpiment,0.429,77.133,15.611,40.674
MFT,orpiment,0.437,77.122,15.624,40.646
MFT,orpiment,0.445,77.117,15.655,40.582
MFT,orpiment,0.453,77.109,15.669,40.59
MFT,orpiment,0.461,77.102,15.674,40.6
MFT,orpiment,0.47,77.091,15.675,40.624
MFT,orpiment,0.478,77.081,15.678,40.669
MFT,orpiment,0.486,77.077,15.702,40.596
MFT,orpiment,0.494,77.075,15.722,40.525
MFT,orpiment,0.502,77.068,15.734,40.514
MFT,orpiment,0.51,77.058,15.745,40.507
MFT,orpiment,0.518,77.048,15.752,40.524
MFT,orpiment,0.526,77.041,15.765,40.529
MFT,orpiment,0.534,77.035,15.777,40.515
MFT,orpiment,0.542,77.029,15.781,40.521
MFT,orpiment,0.55,77.019,15.789,40.547
MFT,orpiment,0.559,77.015,15.808,40.499
MFT,orpiment,0.567,77.007,15.818,40.472
MFT,orpiment,0.575,77.003,15.831,40.447
MFT,orpiment,0.583,76.997,15.84,40.435
MFT,orpiment,0.591,76.991,15.847,40.424
MFT,orpiment,0.599,76.987,15.858,40.421
MFT,orpiment,0.607,76.982,15.872,40.418
MFT,orpiment,0.615,76.975,15.883,40.395
MFT,orpiment,0.623,76.969,15.892,40.366
MFT,orpiment,0.631,76.966,15.898,40.341
MFT,orpiment,0.64,76.962,15.901,40.354
MFT,orpiment,0.648,76.954,15.905,40.381
MFT,orpiment,0.656,76.949,15.914,40.368
MFT,orpiment,0.664,76.943,15.922,40.364
MFT,orpiment,0.672,76.942,15.944,40.302
MFT,orpiment,0.68,76.935,15.951,40.328
MFT,orpiment,0.688,76.928,15.954,40.343
MFT,orpiment,0.696,76.924,15.957,40.33
MFT,orpiment,0.704,76.92,15.969,40.323
MFT,orpiment,0.712,76.917,15.978,40.306
MFT,orpiment,0.72,76.916,15.99,40.242
MFT,orpiment,0.729,76.909,16.002,40.235
MFT,orpiment,0.737,76.901,16.004,40.265
MFT,orpiment,0.745,76.898,16.009,40.251
MFT,orpiment,0.753,76.894,16.013,40.251
MFT,orpiment,0.761,76.888,16.02,40.267
MFT,orpiment,0.769,76.882,16.027,40.271
MFT,orpiment,0.777,76.877,16.03,40.276
MFT,orpiment,0.785,76.873,16.046,40.239
MFT,orpiment,0.793,76.87,16.052,40.222
MFT,orpiment,0.801,76.865,16.047,40.259
MFT,orpiment,0.809,76.86,16.056,40.257
MFT,orpiment,0.818,76.861,16.072,40.204
MFT,orpiment,0.826,76.859,16.081,40.193
MFT,orpiment,0.834,76.854,16.079,40.212
MFT,orpiment,0.842,76.85,16.084,40.209
MFT,orpiment,0.85,76.845,16.093,40.207
MFT,orpiment,0.858,76.836,16.101,40.21
MFT,orpiment,0.866,76.831,16.104,40.219
MFT,orpiment,0.874,76.833,16.122,40.168
MFT,orpiment,0.882,76.83,16.131,40.157
MFT,orpiment,0.89,76.826,16.126,40.176
MFT,orpiment,0.899,76.825,16.137,40.136
MFT,orpiment,0.907,76.82,16.15,40.104
MFT,orpiment,0.915,76.818,16.156,40.089
MFT,orpiment,0.923,76.818,16.163,40.075
MFT,orpiment,0.931,76.814,16.164,40.071
MFT,orpiment,0.939,76.808,16.167,40.09
MFT,orpiment,0.947,76.801,16.162,40.142
MFT,orpiment,0.955,76.799,16.163,40.13
MFT,orpiment,0.963,76.797,16.171,40.11
MFT,orpiment,0.971,76.794,16.186,40.085
MFT,orpiment,0.979,76.792,16.193,40.096
MFT,orpiment,0.988,76.788,16.195,40.09
MFT,orpiment,0.996,76.787,16.201,40.078
MFT,orpiment,1.004,76.781,16.206,40.085
MFT,orpiment,1.012,76.779,16.214,40.061
MFT,orpiment,1.02,76.778,16.223,40.031
MFT,orpiment,1.028,76.779,16.224,40.017
MFT,orpiment,1.036,76.778,16.224,40.017
MFT,orpiment,1.044,76.772,16.235,40.011
MFT,orpiment,1.052,76.767,16.243,40.004
MFT,orpiment,1.06,76.763,16.245,40.041
MFT,orpiment,1.069,76.76,16.241,40.062
MFT,orpiment,1.077,76.757,16.243,40.058
MFT,orpiment,1.085,76.753,16.245,40.064
MFT,orpiment,1.093,76.752,16.253,40.032
MFT,orpiment,1.101,76.751,16.265,39.994
MFT,orpiment,1.109,76.749,16.266,40.013
MFT,orpiment,1.117,76.749,16.268,39.992
MFT,orpiment,1.125,76.745,16.269,39.998
MFT,orpiment,1.133,76.739,16.28,40.01
MFT,orpiment,1.141,76.736,16.281,40.032
MFT,orpiment,1.149,76.734,16.283,40.012
MFT,orpiment,1.158,76.729,16.288,40.029
MFT,orpiment,1.166,76.735,16.302,39.973
MFT,orpiment,1.174,76.735,16.31,39.944
MFT,orpiment,1.182,76.727,16.307,39.978
MFT,orpiment,1.19,76.726,16.294,40.003
MFT,orpiment,1.198,76.725,16.308,39.965
MFT,orpiment,1.206,76.722,16.325,39.936
MFT,orpiment,1.214,76.72,16.329,39.948
MFT,orpiment,1.222,76.721,16.336,39.911
MFT,orpiment,1.23,76.721,16.337,39.889
MFT,orpiment,1.239,76.713,16.333,39.927
MFT,orpiment,1.247,76.704,16.333,39.97
MFT,orpiment,1.255,76.703,16.344,39.947
MFT,orpiment,1.263,76.707,16.351,39.902
MFT,orpiment,1.271,76.705,16.344,39.922
MFT,orpiment,1.279,76.701,16.346,39.932
MFT,orpiment,1.287,76.697,16.351,39.931
MFT,orpiment,1.295,76.697,16.357,39.911
MFT,orpiment,1.303,76.694,16.364,39.911
MFT,orpiment,1.311,76.689,16.367,39.935
MFT,orpiment,1.319,76.689,16.368,39.906
MFT,orpiment,1.328,76.692,16.38,39.863
MFT,orpiment,1.336,76.688,16.383,39.891
MFT,orpiment,1.344,76.685,16.39,39.864
MFT,orpiment,1.352,76.683,16.398,39.853
MFT,orpiment,1.36,76.681,16.395,39.878
MFT,orpiment,1.368,76.68,16.396,39.876
MFT,orpiment,1.376,76.679,16.404,39.868
MFT,orpiment,1.384,76.68,16.415,39.826
MFT,orpiment,1.392,76.681,16.417,39.82
MFT,orpiment,1.4,76.678,16.414,39.831
MFT,orpiment,1.409,76.68,16.409,39.828
MFT,Prussian blue,0,45.052,-7.8073,-26.515
MFT,Prussian blue,0.008,45.204,-7.964,-26.528
MFT,Prussian blue,0.016,45.26,-8.027,-26.526
MFT,Prussian blue,0.024,45.28,-8.0423,-26.527
MFT,Prussian blue,0.032,45.298,-8.0473,-26.537
MFT,Prussian blue,0.04,45.31,-8.0847,-26.516
MFT,Prussian blue,0.049,45.319,-8.1257,-26.486
MFT,Prussian blue,0.057,45.33,-8.1323,-26.49
MFT,Prussian blue,0.065,45.358,-8.1193,-26.52
MFT,Prussian blue,0.073,45.376,-8.1267,-26.534
MFT,Prussian blue,0.081,45.386,-8.141,-26.54
MFT,Prussian blue,0.089,45.396,-8.1723,-26.519
MFT,Prussian blue,0.097,45.408,-8.183,-26.513
MFT,Prussian blue,0.105,45.421,-8.183,-26.518
MFT,Prussian blue,0.113,45.429,-8.2117,-26.501
MFT,Prussian blue,0.121,45.442,-8.227,-26.511
MFT,Prussian blue,0.13,45.458,-8.2363,-26.521
MFT,Prussian blue,0.138,45.47,-8.2443,-26.526
MFT,Prussian blue,0.146,45.489,-8.225,-26.549
MFT,Prussian blue,0.154,45.506,-8.2253,-26.563
MFT,Prussian blue,0.162,45.518,-8.2473,-26.555
MFT,Prussian blue,0.17,45.514,-8.2953,-26.513
MFT,Prussian blue,0.178,45.522,-8.2983,-26.516
MFT,Prussian blue,0.186,45.527,-8.3173,-26.514
MFT,Prussian blue,0.194,45.538,-8.307,-26.536
MFT,Prussian blue,0.202,45.546,-8.3263,-26.52
MFT,Prussian blue,0.21,45.549,-8.3577,-26.499
MFT,Prussian blue,0.219,45.562,-8.3543,-26.512
MFT,Prussian blue,0.227,45.574,-8.3473,-26.528
MFT,Prussian blue,0.235,45.578,-8.361,-26.518
MFT,Prussian blue,0.243,45.578,-8.398,-26.486
MFT,Prussian blue,0.251,45.593,-8.3937,-26.499
MFT,Prussian blue,0.259,45.613,-8.368,-26.541
MFT,Prussian blue,0.267,45.616,-8.3833,-26.535
MFT,Prussian blue,0.275,45.624,-8.393,-26.53
MFT,Prussian blue,0.283,45.633,-8.3983,-26.539
MFT,Prussian blue,0.291,45.641,-8.4097,-26.535
MFT,Prussian blue,0.3,45.648,-8.42,-26.522
MFT,Prussian blue,0.308,45.657,-8.424,-26.518
MFT,Prussian blue,0.316,45.674,-8.3927,-26.558
MFT,Prussian blue,0.324,45.667,-8.4043,-26.548
MFT,Prussian blue,0.332,45.671,-8.427,-26.533
MFT,Prussian blue,0.34,45.682,-8.4507,-26.529
MFT,Prussian blue,0.348,45.678,-8.4667,-26.516
MFT,Prussian blue,0.356,45.686,-8.4567,-26.527
MFT,Prussian blue,0.364,45.698,-8.455,-26.528
MFT,Prussian blue,0.372,45.698,-8.463,-26.523
MFT,Prussian blue,0.38,45.698,-8.495,-26.504
MFT,Prussian blue,0.389,45.7,-8.5017,-26.509
MFT,Prussian blue,0.397,45.711,-8.4643,-26.545
MFT,Prussian blue,0.405,45.726,-8.4667,-26.545
MFT,Prussian blue,0.413,45.738,-8.482,-26.535
MFT,Prussian blue,0.421,45.742,-8.4813,-26.547
MFT,Prussian blue,0.429,45.752,-8.4707,-26.565
MFT,Prussian blue,0.437,45.753,-8.49,-26.556
MFT,Prussian blue,0.445,45.751,-8.5073,-26.538
MFT,Prussian blue,0.453,45.758,-8.5143,-26.535
MFT,Prussian blue,0.461,45.764,-8.517,-26.536
MFT,Prussian blue,0.47,45.768,-8.523,-26.535
MFT,Prussian blue,0.478,45.774,-8.5227,-26.546
MFT,Prussian blue,0.486,45.779,-8.5123,-26.555
MFT,Prussian blue,0.494,45.779,-8.536,-26.538
MFT,Prussian blue,0.502,45.788,-8.5257,-26.547
MFT,Prussian blue,0.51,45.796,-8.5253,-26.548
MFT,Prussian blue,0.518,45.806,-8.5297,-26.563
MFT,Prussian blue,0.526,45.814,-8.5333,-26.558
MFT,Prussian blue,0.534,45.809,-8.564,-26.531
MFT,Prussian blue,0.542,45.812,-8.5713,-26.534
MFT,Prussian blue,0.55,45.82,-8.573,-26.538
MFT,Prussian blue,0.559,45.828,-8.5503,-26.564
MFT,Prussian blue,0.567,45.821,-8.5803,-26.54
MFT,Prussian blue,0.575,45.821,-8.597,-26.522
MFT,Prussian blue,0.583,45.83,-8.574,-26.546
MFT,Prussian blue,0.591,45.838,-8.569,-26.557
MFT,Prussian blue,0.599,45.844,-8.5827,-26.55
MFT,Prussian blue,0.607,45.844,-8.6177,-26.519
MFT,Prussian blue,0.615,45.854,-8.5957,-26.539
MFT,Prussian blue,0.623,45.861,-8.573,-26.569
MFT,Prussian blue,0.631,45.855,-8.6177,-26.53
MFT,Prussian blue,0.64,45.856,-8.6407,-26.512
MFT,Prussian blue,0.648,45.866,-8.6167,-26.539
MFT,Prussian blue,0.656,45.874,-8.6123,-26.544
MFT,Prussian blue,0.664,45.875,-8.636,-26.523
MFT,Prussian blue,0.672,45.878,-8.6387,-26.526
MFT,Prussian blue,0.68,45.879,-8.6533,-26.515
MFT,Prussian blue,0.688,45.887,-8.6377,-26.529
MFT,Prussian blue,0.696,45.887,-8.633,-26.539
MFT,Prussian blue,0.704,45.892,-8.6397,-26.537
MFT,Prussian blue,0.712,45.909,-8.618,-26.564
MFT,Prussian blue,0.72,45.914,-8.6277,-26.561
MFT,Prussian blue,0.729,45.912,-8.648,-26.537
MFT,Prussian blue,0.737,45.913,-8.6503,-26.537
MFT,Prussian blue,0.745,45.91,-8.67,-26.526
MFT,Prussian blue,0.753,45.91,-8.663,-26.535
MFT,Prussian blue,0.761,45.913,-8.644,-26.554
MFT,Prussian blue,0.769,45.914,-8.6653,-26.541
MFT,Prussian blue,0.777,45.927,-8.651,-26.552
MFT,Prussian blue,0.785,45.925,-8.664,-26.534
MFT,Prussian blue,0.793,45.913,-8.6953,-26.504
MFT,Prussian blue,0.801,45.926,-8.6873,-26.522
MFT,Prussian blue,0.809,45.936,-8.687,-26.533
MFT,Prussian blue,0.818,45.947,-8.672,-26.552
MFT,Prussian blue,0.826,45.957,-8.647,-26.574
MFT,Prussian blue,0.834,45.956,-8.6743,-26.547
MFT,Prussian blue,0.842,45.954,-8.6833,-26.546
MFT,Prussian blue,0.85,45.955,-8.671,-26.559
MFT,Prussian blue,0.858,45.959,-8.6823,-26.551
MFT,Prussian blue,0.866,45.954,-8.715,-26.525
MFT,Prussian blue,0.874,45.952,-8.7237,-26.524
MFT,Prussian blue,0.882,45.958,-8.7273,-26.521
MFT,Prussian blue,0.89,45.963,-8.7127,-26.532
MFT,Prussian blue,0.899,45.967,-8.71,-26.541
MFT,Prussian blue,0.907,45.97,-8.722,-26.538
MFT,Prussian blue,0.915,45.974,-8.728,-26.532
MFT,Prussian blue,0.923,45.985,-8.715,-26.544
MFT,Prussian blue,0.931,45.983,-8.7247,-26.535
MFT,Prussian blue,0.939,45.981,-8.7233,-26.535
MFT,Prussian blue,0.947,45.979,-8.7573,-26.509
MFT,Prussian blue,0.955,45.977,-8.76,-26.517
MFT,Prussian blue,0.963,45.98,-8.757,-26.517
MFT,Prussian blue,0.971,45.992,-8.7337,-26.542
MFT,Prussian blue,0.979,46.003,-8.7027,-26.572
MFT,Prussian blue,0.988,46.009,-8.7017,-26.562
MFT,Prussian blue,0.996,45.997,-8.757,-26.514
MFT,Prussian blue,1.004,45.998,-8.7593,-26.516
MFT,Prussian blue,1.012,46.012,-8.74,-26.549
MFT,Prussian blue,1.02,46.015,-8.7343,-26.57
MFT,Prussian blue,1.028,46.016,-8.7397,-26.555
MFT,Prussian blue,1.036,46.011,-8.7633,-26.524
MFT,Prussian blue,1.044,46.015,-8.7557,-26.542
MFT,Prussian blue,1.052,46.03,-8.7353,-26.572
MFT,Prussian blue,1.06,46.028,-8.754,-26.56
MFT,Prussian blue,1.069,46.029,-8.757,-26.557
MFT,Prussian blue,1.077,46.031,-8.769,-26.541
MFT,Prussian blue,1.085,46.034,-8.777,-26.53
MFT,Prussian blue,1.093,46.035,-8.7857,-26.529
MFT,Prussian blue,1.101,46.022,-8.8127,-26.507
MFT,Prussian blue,1.109,46.028,-8.8013,-26.519
MFT,Prussian blue,1.117,46.048,-8.7537,-26.561
MFT,Prussian blue,1.125,46.056,-8.7297,-26.58
MFT,Prussian blue,1.133,46.052,-8.7567,-26.562
MFT,Prussian blue,1.141,46.042,-8.8057,-26.522
MFT,Prussian blue,1.149,46.044,-8.7993,-26.536
MFT,Prussian blue,1.158,46.056,-8.7893,-26.549
MFT,Prussian blue,1.166,46.06,-8.7837,-26.559
MFT,Prussian blue,1.174,46.067,-8.772,-26.57
MFT,Prussian blue,1.182,46.063,-8.8,-26.541
MFT,Prussian blue,1.19,46.059,-8.8163,-26.53
MFT,Prussian blue,1.198,46.065,-8.7997,-26.546
MFT,Prussian blue,1.206,46.064,-8.797,-26.541
MFT,Prussian blue,1.214,46.057,-8.8243,-26.512
MFT,Prussian blue,1.222,46.056,-8.8393,-26.505
MFT,Prussian blue,1.23,46.07,-8.8173,-26.536
MFT,Prussian blue,1.239,46.082,-8.7847,-26.567
MFT,Prussian blue,1.247,46.083,-8.801,-26.559
MFT,Prussian blue,1.255,46.081,-8.8357,-26.534
MFT,Prussian blue,1.263,46.084,-8.8317,-26.538
MFT,Prussian blue,1.271,46.087,-8.8067,-26.556
MFT,Prussian blue,1.279,46.088,-8.7963,-26.565
MFT,Prussian blue,1.287,46.09,-8.793,-26.569
MFT,Prussian blue,1.295,46.1,-8.7817,-26.584
MFT,Prussian blue,1.303,46.108,-8.781,-26.587
MFT,Prussian blue,1.311,46.105,-8.81,-26.564
MFT,Prussian blue,1.319,46.104,-8.807,-26.567
MFT,Prussian blue,1.328,46.093,-8.826,-26.55
MFT,Prussian blue,1.336,46.09,-8.8537,-26.525
MFT,Prussian blue,1.344,46.093,-8.8543,-26.527
MFT,Prussian blue,1.352,46.103,-8.8603,-26.523
MFT,Prussian blue,1.36,46.106,-8.8803,-26.507
MFT,Prussian blue,1.368,46.105,-8.865,-26.524
MFT,Prussian blue,1.376,46.113,-8.824,-26.572
MFT,Prussian blue,1.384,46.11,-8.8423,-26.552
MFT,Prussian blue,1.392,46.111,-8.834,-26.556
MFT,Prussian blue,1.4,46.119,-8.8303,-26.555
MFT,Prussian blue,1.409,46.12,-8.841,-26.55
MFT,red lead,0,70.595,29.433,26.287
MFT,red lead,0.008,70.583,29.431,26.218
MFT,red lead,0.016,70.578,29.431,26.202
MFT,red lead,0.024,70.575,29.427,26.215
MFT,red lead,0.032,70.578,29.426,26.176
MFT,red lead,0.04,70.583,29.423,26.158
MFT,red lead,0.049,70.58,29.421,26.166
MFT,red lead,0.057,70.579,29.419,26.177
MFT,red lead,0.065,70.58,29.423,26.138
MFT,red lead,0.073,70.577,29.424,26.148
MFT,red lead,0.081,70.581,29.435,26.125
MFT,red lead,0.089,70.584,29.435,26.094
MFT,red lead,0.097,70.58,29.419,26.145
MFT,red lead,0.105,70.576,29.41,26.182
MFT,red lead,0.113,70.576,29.41,26.182
MFT,red lead,0.121,70.575,29.413,26.164
MFT,red lead,0.13,70.582,29.423,26.108
MFT,red lead,0.138,70.576,29.411,26.172
MFT,red lead,0.146,70.573,29.41,26.172
MFT,red lead,0.154,70.577,29.419,26.119
MFT,red lead,0.162,70.58,29.421,26.091
MFT,red lead,0.17,70.583,29.418,26.095
MFT,red lead,0.178,70.589,29.429,26.05
MFT,red lead,0.186,70.583,29.421,26.069
MFT,red lead,0.194,70.581,29.419,26.086
MFT,red lead,0.202,70.583,29.427,26.061
MFT,red lead,0.21,70.583,29.437,26.049
MFT,red lead,0.219,70.583,29.427,26.055
MFT,red lead,0.227,70.585,29.42,26.065
MFT,red lead,0.235,70.581,29.421,26.093
MFT,red lead,0.243,70.581,29.425,26.072
MFT,red lead,0.251,70.58,29.419,26.083
MFT,red lead,0.259,70.576,29.409,26.135
MFT,red lead,0.267,70.572,29.419,26.127
MFT,red lead,0.275,70.576,29.419,26.1
MFT,red lead,0.283,70.579,29.417,26.089
MFT,red lead,0.291,70.578,29.41,26.1
MFT,red lead,0.3,70.583,29.416,26.078
MFT,red lead,0.308,70.584,29.431,26.05
MFT,red lead,0.316,70.586,29.427,26.033
MFT,red lead,0.324,70.587,29.428,26.039
MFT,red lead,0.332,70.584,29.428,26.057
MFT,red lead,0.34,70.585,29.433,26.027
MFT,red lead,0.348,70.581,29.434,26.034
MFT,red lead,0.356,70.58,29.428,26.062
MFT,red lead,0.364,70.584,29.42,26.059
MFT,red lead,0.372,70.587,29.425,26.02
MFT,red lead,0.38,70.587,29.429,26.032
MFT,red lead,0.389,70.586,29.419,26.065
MFT,red lead,0.397,70.589,29.414,26.053
MFT,red lead,0.405,70.592,29.421,26.006
MFT,red lead,0.413,70.592,29.428,25.998
MFT,red lead,0.421,70.591,29.427,26
MFT,red lead,0.429,70.588,29.426,26.014
MFT,red lead,0.437,70.582,29.424,26.046
MFT,red lead,0.445,70.583,29.416,26.045
MFT,red lead,0.453,70.584,29.411,26.044
MFT,red lead,0.461,70.586,29.426,26.003
MFT,red lead,0.47,70.588,29.433,25.982
MFT,red lead,0.478,70.586,29.429,26.011
MFT,red lead,0.486,70.59,29.426,25.996
MFT,red lead,0.494,70.596,29.431,25.946
MFT,red lead,0.502,70.593,29.435,25.976
MFT,red lead,0.51,70.593,29.44,25.972
MFT,red lead,0.518,70.596,29.44,25.954
MFT,red lead,0.526,70.592,29.434,25.984
MFT,red lead,0.534,70.593,29.435,25.96
MFT,red lead,0.542,70.598,29.441,25.94
MFT,red lead,0.55,70.587,29.432,25.996
MFT,red lead,0.559,70.586,29.432,26.004
MFT,red lead,0.567,70.59,29.432,26
MFT,red lead,0.575,70.593,29.436,25.977
MFT,red lead,0.583,70.596,29.432,25.967
MFT,red lead,0.591,70.595,29.429,25.986
MFT,red lead,0.599,70.589,29.427,26.01
MFT,red lead,0.607,70.591,29.427,25.997
MFT,red lead,0.615,70.596,29.427,25.992
MFT,red lead,0.623,70.593,29.424,26.025
MFT,red lead,0.631,70.595,29.429,25.985
MFT,red lead,0.64,70.602,29.432,25.941
MFT,red lead,0.648,70.605,29.438,25.914
MFT,red lead,0.656,70.599,29.433,25.954
MFT,red lead,0.664,70.6,29.43,25.96
MFT,red lead,0.672,70.602,29.428,25.952
MFT,red lead,0.68,70.603,29.439,25.949
MFT,red lead,0.688,70.6,29.435,25.96
MFT,red lead,0.696,70.594,29.426,25.997
MFT,red lead,0.704,70.601,29.431,25.958
MFT,red lead,0.712,70.603,29.438,25.932
MFT,red lead,0.72,70.598,29.442,25.945
MFT,red lead,0.729,70.595,29.434,25.975
MFT,red lead,0.737,70.599,29.438,25.958
MFT,red lead,0.745,70.602,29.443,25.946
MFT,red lead,0.753,70.6,29.441,25.947
MFT,red lead,0.761,70.599,29.435,25.953
MFT,red lead,0.769,70.603,29.444,25.916
MFT,red lead,0.777,70.604,29.437,25.923
MFT,red lead,0.785,70.599,29.424,25.974
MFT,red lead,0.793,70.599,29.43,25.972
MFT,red lead,0.801,70.602,29.432,25.957
MFT,red lead,0.809,70.601,29.442,25.927
MFT,red lead,0.818,70.605,29.445,25.918
MFT,red lead,0.826,70.606,29.441,25.919
MFT,red lead,0.834,70.601,29.435,25.947
MFT,red lead,0.842,70.606,29.437,25.906
MFT,red lead,0.85,70.612,29.446,25.854
MFT,red lead,0.858,70.608,29.443,25.887
MFT,red lead,0.866,70.605,29.442,25.91
MFT,red lead,0.874,70.608,29.448,25.898
MFT,red lead,0.882,70.606,29.441,25.911
MFT,red lead,0.89,70.605,29.432,25.943
MFT,red lead,0.899,70.606,29.437,25.95
MFT,red lead,0.907,70.607,29.444,25.92
MFT,red lead,0.915,70.607,29.441,25.914
MFT,red lead,0.923,70.604,29.436,25.93
MFT,red lead,0.931,70.604,29.429,25.947
MFT,red lead,0.939,70.603,29.43,25.95
MFT,red lead,0.947,70.608,29.444,25.91
MFT,red lead,0.955,70.608,29.452,25.902
MFT,red lead,0.963,70.611,29.455,25.869
MFT,red lead,0.971,70.612,29.448,25.871
MFT,red lead,0.979,70.609,29.442,25.904
MFT,red lead,0.988,70.608,29.435,25.939
MFT,red lead,0.996,70.614,29.448,25.896
MFT,red lead,1.004,70.617,29.452,25.865
MFT,red lead,1.012,70.62,29.446,25.864
MFT,red lead,1.02,70.616,29.452,25.86
MFT,red lead,1.028,70.614,29.453,25.863
MFT,red lead,1.036,70.614,29.446,25.885
MFT,red lead,1.044,70.615,29.455,25.854
MFT,red lead,1.052,70.619,29.463,25.834
MFT,red lead,1.06,70.619,29.453,25.866
MFT,red lead,1.069,70.615,29.448,25.878
MFT,red lead,1.077,70.616,29.445,25.866
MFT,red lead,1.085,70.619,29.447,25.846
MFT,red lead,1.093,70.619,29.447,25.864
MFT,red lead,1.101,70.615,29.45,25.884
MFT,red lead,1.109,70.615,29.455,25.867
MFT,red lead,1.117,70.615,29.443,25.9
MFT,red lead,1.125,70.619,29.448,25.886
MFT,red lead,1.133,70.619,29.459,25.869
MFT,red lead,1.141,70.62,29.454,25.846
MFT,red lead,1.149,70.621,29.448,25.853
MFT,red lead,1.158,70.621,29.448,25.863
MFT,red lead,1.166,70.62,29.462,25.839
MFT,red lead,1.174,70.625,29.457,25.822
MFT,red lead,1.182,70.626,29.443,25.848
MFT,red lead,1.19,70.625,29.449,25.821
MFT,red lead,1.198,70.63,29.463,25.75
MFT,red lead,1.206,70.625,29.453,25.81
MFT,red lead,1.214,70.617,29.438,25.902
MFT,red lead,1.222,70.623,29.446,25.863
MFT,red lead,1.23,70.626,29.45,25.861
MFT,red lead,1.239,70.623,29.445,25.882
MFT,red lead,1.247,70.626,29.445,25.849
MFT,red lead,1.255,70.626,29.449,25.84
MFT,red lead,1.263,70.619,29.451,25.868
MFT,red lead,1.271,70.619,29.451,25.857
MFT,red lead,1.279,70.623,29.454,25.831
MFT,red lead,1.287,70.621,29.452,25.851
MFT,red lead,1.295,70.62,29.448,25.862
MFT,red lead,1.303,70.624,29.455,25.83
MFT,red lead,1.311,70.626,29.46,25.811
MFT,red lead,1.319,70.626,29.461,25.817
MFT,red lead,1.328,70.627,29.458,25.829
MFT,red lead,1.336,70.625,29.45,25.84
MFT,red lead,1.344,70.624,29.444,25.867
MFT,red lead,1.352,70.628,29.457,25.824
MFT,red lead,1.36,70.624,29.454,25.827
MFT,red lead,1.368,70.621,29.454,25.844
MFT,red lead,1.376,70.626,29.462,25.805
MFT,red lead,1.384,70.627,29.453,25.83
MFT,red lead,1.392,70.628,29.449,25.847
MFT,red lead,1.4,70.624,29.455,25.871
MFT,red lead,1.409,70.622,29.455,25.869
MFT,red lead,1.417,70.622,29.454,25.854
MFT,safflower,0,77.271,13.895,5.803
MFT,safflower,0.008,77.294,13.808,5.7683
MFT,safflower,0.016,77.311,13.751,5.7433
MFT,safflower,0.024,77.316,13.731,5.7427
MFT,safflower,0.032,77.321,13.725,5.7127
MFT,safflower,0.04,77.33,13.721,5.6813
MFT,safflower,0.049,77.337,13.697,5.6953
MFT,safflower,0.057,77.34,13.677,5.7073
MFT,safflower,0.065,77.349,13.671,5.6793
MFT,safflower,0.073,77.357,13.656,5.6607
MFT,safflower,0.081,77.36,13.646,5.6667
MFT,safflower,0.089,77.364,13.636,5.665
MFT,safflower,0.097,77.371,13.622,5.655
MFT,safflower,0.105,77.37,13.604,5.6687
MFT,safflower,0.113,77.376,13.595,5.6643
MFT,safflower,0.121,77.382,13.591,5.6443
MFT,safflower,0.13,77.387,13.568,5.6377
MFT,safflower,0.138,77.393,13.549,5.6363
MFT,safflower,0.146,77.399,13.544,5.6257
MFT,safflower,0.154,77.401,13.536,5.6367
MFT,safflower,0.162,77.405,13.529,5.6347
MFT,safflower,0.17,77.411,13.515,5.6157
MFT,safflower,0.178,77.415,13.495,5.6267
MFT,safflower,0.186,77.422,13.48,5.6117
MFT,safflower,0.194,77.426,13.471,5.5973
MFT,safflower,0.202,77.428,13.463,5.597
MFT,safflower,0.21,77.431,13.443,5.607
MFT,safflower,0.219,77.436,13.435,5.613
MFT,safflower,0.227,77.44,13.421,5.615
MFT,safflower,0.235,77.447,13.41,5.5963
MFT,safflower,0.243,77.452,13.404,5.5887
MFT,safflower,0.251,77.458,13.397,5.596
MFT,safflower,0.259,77.464,13.384,5.5953
MFT,safflower,0.267,77.469,13.373,5.5917
MFT,safflower,0.275,77.472,13.372,5.5727
MFT,safflower,0.283,77.476,13.35,5.591
MFT,safflower,0.291,77.478,13.33,5.596
MFT,safflower,0.3,77.482,13.323,5.5783
MFT,safflower,0.308,77.484,13.308,5.5957
MFT,safflower,0.316,77.491,13.297,5.5907
MFT,safflower,0.324,77.498,13.294,5.5697
MFT,safflower,0.332,77.498,13.284,5.577
MFT,safflower,0.34,77.503,13.275,5.5613
MFT,safflower,0.348,77.51,13.263,5.559
MFT,safflower,0.356,77.509,13.245,5.589
MFT,safflower,0.364,77.514,13.237,5.583
MFT,safflower,0.372,77.521,13.233,5.5653
MFT,safflower,0.38,77.529,13.231,5.532
MFT,safflower,0.389,77.537,13.221,5.521
MFT,safflower,0.397,77.538,13.209,5.5267
MFT,safflower,0.405,77.54,13.199,5.535
MFT,safflower,0.413,77.545,13.174,5.551
MFT,safflower,0.421,77.55,13.163,5.5543
MFT,safflower,0.429,77.551,13.159,5.5503
MFT,safflower,0.437,77.554,13.149,5.558
MFT,safflower,0.445,77.561,13.144,5.5407
MFT,safflower,0.453,77.567,13.142,5.5177
MFT,safflower,0.461,77.566,13.123,5.5363
MFT,safflower,0.47,77.569,13.102,5.554
MFT,safflower,0.478,77.576,13.094,5.5453
MFT,safflower,0.486,77.578,13.086,5.5543
MFT,safflower,0.494,77.581,13.078,5.552
MFT,safflower,0.502,77.585,13.067,5.545
MFT,safflower,0.51,77.587,13.05,5.555
MFT,safflower,0.518,77.596,13.044,5.538
MFT,safflower,0.526,77.6,13.043,5.5277
MFT,safflower,0.534,77.598,13.029,5.5573
MFT,safflower,0.542,77.603,13.017,5.56
MFT,safflower,0.55,77.608,13.005,5.5407
MFT,safflower,0.559,77.617,13.003,5.5127
MFT,safflower,0.567,77.62,12.994,5.5197
MFT,safflower,0.575,77.622,12.982,5.5203
MFT,safflower,0.583,77.624,12.975,5.514
MFT,safflower,0.591,77.63,12.967,5.5203
MFT,safflower,0.599,77.634,12.952,5.5363
MFT,safflower,0.607,77.635,12.944,5.54
MFT,safflower,0.615,77.641,12.936,5.53
MFT,safflower,0.623,77.646,12.931,5.512
MFT,safflower,0.631,77.65,12.926,5.508
MFT,safflower,0.64,77.653,12.919,5.496
MFT,safflower,0.648,77.659,12.915,5.4787
MFT,safflower,0.656,77.664,12.904,5.4837
MFT,safflower,0.664,77.671,12.904,5.464
MFT,safflower,0.672,77.674,12.888,5.4773
MFT,safflower,0.68,77.674,12.872,5.4993
MFT,safflower,0.688,77.674,12.865,5.5127
MFT,safflower,0.696,77.677,12.851,5.5123
MFT,safflower,0.704,77.684,12.84,5.5017
MFT,safflower,0.712,77.687,12.833,5.494
MFT,safflower,0.72,77.695,12.832,5.4843
MFT,safflower,0.729,77.7,12.83,5.4763
MFT,safflower,0.737,77.697,12.812,5.5033
MFT,safflower,0.745,77.699,12.797,5.5147
MFT,safflower,0.753,77.706,12.791,5.4947
MFT,safflower,0.761,77.711,12.78,5.4897
MFT,safflower,0.769,77.712,12.767,5.498
MFT,safflower,0.777,77.715,12.763,5.5
MFT,safflower,0.785,77.718,12.762,5.4967
MFT,safflower,0.793,77.721,12.76,5.4827
MFT,safflower,0.801,77.727,12.746,5.4943
MFT,safflower,0.809,77.73,12.729,5.5033
MFT,safflower,0.818,77.732,12.721,5.498
MFT,safflower,0.826,77.734,12.711,5.5113
MFT,safflower,0.834,77.736,12.7,5.5233
MFT,safflower,0.842,77.741,12.701,5.4947
MFT,safflower,0.85,77.747,12.696,5.4797
MFT,safflower,0.858,77.75,12.688,5.484
MFT,safflower,0.866,77.755,12.689,5.4647
MFT,safflower,0.874,77.759,12.682,5.4567
MFT,safflower,0.882,77.762,12.667,5.4707
MFT,safflower,0.89,77.762,12.654,5.4777
MFT,safflower,0.899,77.763,12.652,5.471
MFT,safflower,0.907,77.769,12.643,5.471
MFT,safflower,0.915,77.774,12.632,5.4733
MFT,safflower,0.923,77.781,12.623,5.4617
MFT,safflower,0.931,77.78,12.61,5.4827
MFT,safflower,0.939,77.782,12.602,5.4827
MFT,safflower,0.947,77.788,12.6,5.4643
MFT,safflower,0.955,77.79,12.589,5.4743
MFT,safflower,0.963,77.794,12.582,5.4723
MFT,safflower,0.971,77.798,12.578,5.4643
MFT,safflower,0.979,77.801,12.569,5.4733
MFT,safflower,0.988,77.807,12.567,5.4527
MFT,safflower,0.996,77.811,12.564,5.4407
MFT,safflower,1.004,77.81,12.55,5.463
MFT,safflower,1.012,77.811,12.534,5.4737
MFT,safflower,1.02,77.814,12.52,5.4817
MFT,safflower,1.028,77.817,12.506,5.4913
MFT,safflower,1.036,77.817,12.496,5.503
MFT,safflower,1.044,77.822,12.5,5.4853
MFT,safflower,1.052,77.829,12.496,5.4737
MFT,safflower,1.06,77.834,12.491,5.46
MFT,safflower,1.069,77.836,12.483,5.464
MFT,safflower,1.077,77.835,12.471,5.4813
MFT,safflower,1.085,77.838,12.461,5.4837
MFT,safflower,1.093,77.843,12.455,5.4777
MFT,safflower,1.101,77.845,12.46,5.46
MFT,safflower,1.109,77.849,12.453,5.455
MFT,safflower,1.117,77.85,12.436,5.465
MFT,safflower,1.125,77.852,12.43,5.4617
MFT,safflower,1.133,77.858,12.425,5.454
MFT,safflower,1.141,77.861,12.416,5.454
MFT,safflower,1.149,77.865,12.401,5.466
MFT,safflower,1.158,77.87,12.394,5.468
MFT,safflower,1.166,77.872,12.398,5.4513
MFT,safflower,1.174,77.875,12.401,5.436
MFT,safflower,1.182,77.878,12.386,5.4483
MFT,safflower,1.19,77.88,12.376,5.4487
MFT,safflower,1.198,77.885,12.374,5.4337
MFT,safflower,1.206,77.89,12.374,5.416
MFT,safflower,1.214,77.891,12.36,5.438
MFT,safflower,1.222,77.891,12.347,5.4583
MFT,safflower,1.23,77.897,12.342,5.438
MFT,safflower,1.239,77.901,12.328,5.4487
MFT,safflower,1.247,77.903,12.317,5.4577
MFT,safflower,1.255,77.907,12.321,5.4357
MFT,safflower,1.263,77.909,12.319,5.4263
MFT,safflower,1.271,77.913,12.316,5.4237
MFT,safflower,1.279,77.913,12.303,5.4303
MFT,safflower,1.287,77.91,12.274,5.477
MFT,safflower,1.295,77.913,12.269,5.473
MFT,safflower,1.303,77.922,12.281,5.4387
MFT,safflower,1.311,77.926,12.272,5.4367
MFT,safflower,1.319,77.927,12.254,5.45
MFT,safflower,1.328,77.927,12.245,5.4583
MFT,safflower,1.336,77.931,12.244,5.4547
MFT,safflower,1.344,77.935,12.24,5.452
MFT,safflower,1.352,77.94,12.238,5.4453
MFT,safflower,1.36,77.942,12.228,5.45
MFT,safflower,1.368,77.942,12.217,5.4643
MFT,safflower,1.376,77.945,12.212,5.4547
MFT,safflower,1.384,77.949,12.206,5.4387
MFT,safflower,1.392,77.954,12.208,5.4277
MFT,safflower,1.4,77.957,12.208,5.4213
MFT,safflower,1.409,77.954,12.212,5.4157
MFT,safflower,1.417,77.939,12.243,5.4327
MFT,sappanwood,0,46.139,37.61,15.441
MFT,sappanwood,0.008,46.109,37.499,15.346
MFT,sappanwood,0.016,46.106,37.456,15.342
MFT,sappanwood,0.024,46.11,37.438,15.312
MFT,sappanwood,0.032,46.117,37.436,15.202
MFT,sappanwood,0.04,46.117,37.425,15.192
MFT,sappanwood,0.049,46.111,37.416,15.212
MFT,sappanwood,0.057,46.096,37.403,15.272
MFT,sappanwood,0.065,46.097,37.397,15.236
MFT,sappanwood,0.073,46.1,37.384,15.202
MFT,sappanwood,0.081,46.1,37.36,15.221
MFT,sappanwood,0.089,46.1,37.367,15.195
MFT,sappanwood,0.097,46.102,37.353,15.171
MFT,sappanwood,0.105,46.112,37.339,15.103
MFT,sappanwood,0.113,46.116,37.336,15.059
MFT,sappanwood,0.121,46.099,37.33,15.147
MFT,sappanwood,0.13,46.09,37.326,15.179
MFT,sappanwood,0.138,46.106,37.323,15.08
MFT,sappanwood,0.146,46.102,37.305,15.111
MFT,sappanwood,0.154,46.102,37.288,15.118
MFT,sappanwood,0.162,46.102,37.271,15.137
MFT,sappanwood,0.17,46.093,37.26,15.176
MFT,sappanwood,0.178,46.092,37.253,15.156
MFT,sappanwood,0.186,46.093,37.242,15.139
MFT,sappanwood,0.194,46.102,37.243,15.093
MFT,sappanwood,0.202,46.113,37.24,15.021
MFT,sappanwood,0.21,46.119,37.225,14.985
MFT,sappanwood,0.219,46.108,37.231,15.019
MFT,sappanwood,0.227,46.097,37.219,15.09
MFT,sappanwood,0.235,46.088,37.198,15.165
MFT,sappanwood,0.243,46.098,37.197,15.064
MFT,sappanwood,0.251,46.097,37.186,15.074
MFT,sappanwood,0.259,46.093,37.176,15.105
MFT,sappanwood,0.267,46.102,37.168,15.067
MFT,sappanwood,0.275,46.095,37.169,15.07
MFT,sappanwood,0.283,46.086,37.173,15.077
MFT,sappanwood,0.291,46.095,37.177,14.994
MFT,sappanwood,0.3,46.102,37.162,14.965
MFT,sappanwood,0.308,46.103,37.143,14.996
MFT,sappanwood,0.316,46.106,37.137,14.984
MFT,sappanwood,0.324,46.113,37.137,14.917
MFT,sappanwood,0.332,46.108,37.127,14.95
MFT,sappanwood,0.34,46.097,37.119,14.996
MFT,sappanwood,0.348,46.106,37.117,14.944
MFT,sappanwood,0.356,46.103,37.106,14.976
MFT,sappanwood,0.364,46.097,37.094,15.026
MFT,sappanwood,0.372,46.1,37.099,15.022
MFT,sappanwood,0.38,46.103,37.104,14.966
MFT,sappanwood,0.389,46.103,37.097,14.934
MFT,sappanwood,0.397,46.097,37.068,15.036
MFT,sappanwood,0.405,46.103,37.07,14.979
MFT,sappanwood,0.413,46.111,37.074,14.888
MFT,sappanwood,0.421,46.115,37.068,14.887
MFT,sappanwood,0.429,46.116,37.053,14.907
MFT,sappanwood,0.437,46.11,37.045,14.924
MFT,sappanwood,0.445,46.097,37.041,14.971
MFT,sappanwood,0.453,46.108,37.046,14.893
MFT,sappanwood,0.461,46.115,37.039,14.856
MFT,sappanwood,0.47,46.116,37.03,14.87
MFT,sappanwood,0.478,46.112,37.02,14.911
MFT,sappanwood,0.486,46.117,37.015,14.89
MFT,sappanwood,0.494,46.128,37.022,14.809
MFT,sappanwood,0.502,46.124,37.011,14.811
MFT,sappanwood,0.51,46.123,36.997,14.842
MFT,sappanwood,0.518,46.125,36.99,14.858
MFT,sappanwood,0.526,46.115,36.986,14.906
MFT,sappanwood,0.534,46.119,36.986,14.881
MFT,sappanwood,0.542,46.125,36.977,14.867
MFT,sappanwood,0.55,46.119,36.964,14.887
MFT,sappanwood,0.559,46.133,36.99,14.723
MFT,sappanwood,0.567,46.135,36.994,14.714
MFT,sappanwood,0.575,46.124,36.964,14.867
MFT,sappanwood,0.583,46.129,36.955,14.82
MFT,sappanwood,0.591,46.124,36.945,14.851
MFT,sappanwood,0.599,46.117,36.937,14.905
MFT,sappanwood,0.607,46.125,36.941,14.847
MFT,sappanwood,0.615,46.128,36.936,14.823
MFT,sappanwood,0.623,46.129,36.931,14.808
MFT,sappanwood,0.631,46.137,36.922,14.774
MFT,sappanwood,0.64,46.129,36.921,14.8
MFT,sappanwood,0.648,46.12,36.925,14.825
MFT,sappanwood,0.656,46.133,36.917,14.777
MFT,sappanwood,0.664,46.136,36.906,14.752
MFT,sappanwood,0.672,46.135,36.901,14.753
MFT,sappanwood,0.68,46.126,36.898,14.848
MFT,sappanwood,0.688,46.133,36.878,14.85
MFT,sappanwood,0.696,46.14,36.875,14.8
MFT,sappanwood,0.704,46.139,36.893,14.732
MFT,sappanwood,0.712,46.146,36.884,14.696
MFT,sappanwood,0.72,46.151,36.873,14.677
MFT,sappanwood,0.729,46.152,36.867,14.67
MFT,sappanwood,0.737,46.139,36.863,14.769
MFT,sappanwood,0.745,46.14,36.856,14.78
MFT,sappanwood,0.753,46.149,36.848,14.733
MFT,sappanwood,0.761,46.139,36.826,14.82
MFT,sappanwood,0.769,46.143,36.829,14.765
MFT,sappanwood,0.777,46.149,36.841,14.68
MFT,sappanwood,0.785,46.146,36.85,14.681
MFT,sappanwood,0.793,46.153,36.841,14.673
MFT,sappanwood,0.801,46.155,36.828,14.687
MFT,sappanwood,0.809,46.133,36.813,14.829
MFT,sappanwood,0.818,46.142,36.811,14.805
MFT,sappanwood,0.826,46.153,36.807,14.745
MFT,sappanwood,0.834,46.148,36.802,14.743
MFT,sappanwood,0.842,46.143,36.784,14.816
MFT,sappanwood,0.85,46.141,36.776,14.84
MFT,sappanwood,0.858,46.147,36.788,14.762
MFT,sappanwood,0.866,46.15,36.781,14.758
MFT,sappanwood,0.874,46.147,36.771,14.8
MFT,sappanwood,0.882,46.147,36.765,14.786
MFT,sappanwood,0.89,46.152,36.762,14.755
MFT,sappanwood,0.899,46.155,36.758,14.748
MFT,sappanwood,0.907,46.162,36.764,14.697
MFT,sappanwood,0.915,46.167,36.766,14.67
MFT,sappanwood,0.923,46.167,36.775,14.651
MFT,sappanwood,0.931,46.159,36.764,14.708
MFT,sappanwood,0.939,46.147,36.732,14.823
MFT,sappanwood,0.947,46.147,36.737,14.806
MFT,sappanwood,0.955,46.154,36.742,14.758
MFT,sappanwood,0.963,46.169,36.742,14.66
MFT,sappanwood,0.971,46.166,36.734,14.693
MFT,sappanwood,0.979,46.164,36.73,14.702
MFT,sappanwood,0.988,46.165,36.724,14.684
MFT,sappanwood,0.996,46.163,36.721,14.718
MFT,sappanwood,1.004,46.164,36.714,14.746
MFT,sappanwood,1.012,46.167,36.711,14.737
MFT,sappanwood,1.02,46.179,36.721,14.608
MFT,sappanwood,1.028,46.18,36.716,14.587
MFT,sappanwood,1.036,46.171,36.696,14.658
MFT,sappanwood,1.044,46.176,36.69,14.645
MFT,sappanwood,1.052,46.181,36.689,14.632
MFT,sappanwood,1.06,46.18,36.689,14.646
MFT,sappanwood,1.069,46.18,36.684,14.654
MFT,sappanwood,1.077,46.182,36.682,14.642
MFT,sappanwood,1.085,46.181,36.68,14.643
MFT,sappanwood,1.093,46.177,36.674,14.65
MFT,sappanwood,1.101,46.179,36.672,14.646
MFT,sappanwood,1.109,46.184,36.665,14.638
MFT,sappanwood,1.117,46.193,36.655,14.599
MFT,sappanwood,1.125,46.182,36.642,14.679
MFT,sappanwood,1.133,46.179,36.642,14.694
MFT,sappanwood,1.141,46.18,36.645,14.689
MFT,sappanwood,1.149,46.187,36.64,14.647
MFT,sappanwood,1.158,46.19,36.633,14.636
MFT,sappanwood,1.166,46.184,36.63,14.661
MFT,sappanwood,1.174,46.19,36.626,14.639
MFT,sappanwood,1.182,46.193,36.622,14.627
MFT,sappanwood,1.19,46.193,36.618,14.615
MFT,sappanwood,1.198,46.199,36.613,14.598
MFT,sappanwood,1.206,46.198,36.622,14.577
MFT,sappanwood,1.214,46.199,36.622,14.576
MFT,sappanwood,1.222,46.202,36.604,14.617
MFT,sappanwood,1.23,46.201,36.599,14.647
MFT,sappanwood,1.239,46.201,36.593,14.665
MFT,sappanwood,1.247,46.206,36.583,14.655
MFT,sappanwood,1.255,46.206,36.574,14.639
MFT,sappanwood,1.263,46.205,36.578,14.617
MFT,sappanwood,1.271,46.209,36.591,14.581
MFT,sappanwood,1.279,46.213,36.586,14.568
MFT,sappanwood,1.287,46.207,36.577,14.602
MFT,sappanwood,1.295,46.202,36.57,14.648
MFT,sappanwood,1.303,46.211,36.574,14.596
MFT,sappanwood,1.311,46.212,36.568,14.599
MFT,sappanwood,1.319,46.215,36.555,14.618
MFT,sappanwood,1.328,46.215,36.55,14.608
MFT,sappanwood,1.336,46.216,36.56,14.563
MFT,sappanwood,1.344,46.221,36.56,14.515
MFT,sappanwood,1.352,46.225,36.557,14.498
MFT,sappanwood,1.36,46.22,36.54,14.571
MFT,sappanwood,1.368,46.214,36.528,14.631
MFT,sappanwood,1.376,46.214,36.533,14.615
MFT,sappanwood,1.384,46.211,36.521,14.659
MFT,sappanwood,1.392,46.215,36.515,14.646
MFT,sappanwood,1.4,46.223,36.519,14.566
MFT,sappanwood,1.409,46.226,36.511,14.554
MFT,sappanwood,1.417,46.223,36.503,14.59
MFT,sappanwood,1.425,46.217,36.494,14.647
MFT,sappanwood,1.433,46.223,36.508,14.616
MFT,sappanwood,1.441,46.228,36.511,14.584
MFT,sappanwood,1.449,46.235,36.506,14.529
MFT,sappanwood,1.457,46.242,36.501,14.485
MFT,sappanwood,1.465,46.237,36.491,14.534
MFT,sappanwood,1.473,46.228,36.485,14.577
MFT,sappanwood,1.481,46.221,36.482,14.596
MFT,sappanwood,1.489,46.226,36.49,14.581
MFT,sappanwood,1.498,46.23,36.486,14.581
MFT,sappanwood,1.506,46.229,36.463,14.619
MFT,sappanwood,1.514,46.241,36.473,14.536
MFT,sappanwood,1.522,46.248,36.474,14.503
MFT,sappanwood,1.53,46.243,36.461,14.563
MFT,sappanwood,1.538,46.245,36.467,14.523
MFT,sappanwood,1.546,46.248,36.46,14.514
MFT,sappanwood,1.554,46.246,36.44,14.571
MFT,sappanwood,1.562,46.251,36.443,14.543
MFT,sappanwood,1.57,46.252,36.448,14.499
MFT,sappanwood,1.579,46.25,36.452,14.487
MFT,sappanwood,1.587,46.251,36.433,14.535
MFT,sappanwood,1.595,46.251,36.427,14.553
MFT,sappanwood,1.603,46.249,36.422,14.57
MFT,sappanwood,1.611,46.264,36.422,14.456
MFT,sappanwood,1.619,46.261,36.418,14.491
MFT,sappanwood,1.627,46.253,36.411,14.557
MFT,sappanwood,1.635,46.254,36.41,14.527
MFT,sappanwood,1.643,46.259,36.418,14.486
MFT,sappanwood,1.651,46.263,36.418,14.474
MFT,sappanwood,1.659,46.266,36.413,14.485
MFT,sappanwood,1.668,46.263,36.406,14.521
MFT,sappanwood,1.676,46.262,36.399,14.534
MFT,sappanwood,1.684,46.262,36.403,14.499
MFT,sappanwood,1.692,46.268,36.408,14.438
MFT,sappanwood,1.7,46.271,36.412,14.428
MFT,sappanwood,1.708,46.276,36.407,14.428
MFT,sappanwood,1.716,46.276,36.379,14.49
MFT,sappanwood,1.724,46.271,36.372,14.52
MFT,sappanwood,1.732,46.267,36.371,14.533
MFT,sappanwood,1.74,46.27,36.365,14.508
MFT,sappanwood,1.749,46.28,36.378,14.427
MFT,sappanwood,1.757,46.283,36.378,14.425
MFT,sappanwood,1.765,46.274,36.36,14.517
MFT,sappanwood,1.773,46.281,36.36,14.458
MFT,sappanwood,1.781,46.282,36.351,14.472
MFT,sappanwood,1.789,46.275,36.339,14.56
MFT,sappanwood,1.797,46.273,36.33,14.596
MFT,sappanwood,1.805,46.275,36.33,14.563
MFT,sappanwood,1.813,46.279,36.329,14.534
MFT,sappanwood,1.821,46.287,36.344,14.455
MFT,sappanwood,1.829,46.292,36.344,14.414
MFT,sappanwood,1.838,46.291,36.329,14.449
MFT,sappanwood,1.846,46.284,36.319,14.514
MFT,sappanwood,1.854,46.28,36.316,14.52
MFT,sappanwood,1.862,46.279,36.322,14.496
MFT,sappanwood,1.87,46.295,36.322,14.433
MFT,sappanwood,1.878,46.295,36.314,14.471
MFT,sappanwood,1.886,46.295,36.314,14.475
MFT,sappanwood,1.894,46.296,36.31,14.47
MFT,sappanwood,1.902,46.299,36.305,14.459
MFT,sappanwood,1.91,46.297,36.303,14.462
MFT,sappanwood,1.9187,46.294,36.31,14.464
MFT,sappanwood,1.927,46.296,36.296,14.489
MFT,sappanwood,1.935,46.299,36.292,14.468
MFT,sappanwood,1.943,46.309,36.307,14.359
MFT,sappanwood,1.951,46.314,36.3,14.357
MFT,sappanwood,1.959,46.309,36.295,14.392
MFT,sappanwood,1.967,46.306,36.292,14.414
MFT,sappanwood,1.975,46.311,36.293,14.383
MFT,sappanwood,1.983,46.304,36.28,14.453
MFT,sappanwood,1.991,46.301,36.27,14.499
MFT,sappanwood,1.999,46.302,36.27,14.49
MFT,sappanwood,2.008,46.301,36.268,14.49
MFT,sappanwood,2.016,46.307,36.266,14.465
MFT,sappanwood,2.024,46.314,36.26,14.454
MFT,sappanwood,2.032,46.314,36.264,14.44
MFT,sappanwood,2.04,46.32,36.257,14.416
MFT,sappanwood,2.048,46.323,36.235,14.449
MFT,sappanwood,2.056,46.32,36.249,14.429
MFT,sappanwood,2.064,46.32,36.247,14.423
MFT,sappanwood,2.072,46.318,36.236,14.445
MFT,sappanwood,2.08,46.327,36.244,14.382
MFT,sappanwood,2.0883,46.326,36.236,14.421
MFT,sappanwood,2.097,46.322,36.218,14.478
MFT,sappanwood,2.105,46.316,36.215,14.494
MFT,sappanwood,2.113,46.321,36.224,14.462
MFT,sappanwood,2.121,46.324,36.23,14.441
MFT,sappanwood,2.129,46.314,36.257,14.445
MFT,safflower+dayflower,0,59.288,3.7027,-2.265
MFT,safflower+dayflower,0.008,59.322,3.652,-2.3037
MFT,safflower+dayflower,0.016,59.338,3.6207,-2.3157
MFT,safflower+dayflower,0.024,59.343,3.6177,-2.3353
MFT,safflower+dayflower,0.032,59.35,3.6193,-2.3477
MFT,safflower+dayflower,0.04,59.353,3.6057,-2.3363
MFT,safflower+dayflower,0.049,59.363,3.5917,-2.3393
MFT,safflower+dayflower,0.057,59.37,3.5877,-2.3557
MFT,safflower+dayflower,0.065,59.377,3.5823,-2.3687
MFT,safflower+dayflower,0.073,59.379,3.5587,-2.347
MFT,safflower+dayflower,0.081,59.382,3.546,-2.337
MFT,safflower+dayflower,0.089,59.39,3.5567,-2.3733
MFT,safflower+dayflower,0.097,59.388,3.5353,-2.3403
MFT,safflower+dayflower,0.105,59.387,3.5273,-2.3293
MFT,safflower+dayflower,0.113,59.4,3.5217,-2.349
MFT,safflower+dayflower,0.121,59.409,3.5143,-2.3627
MFT,safflower+dayflower,0.13,59.414,3.5067,-2.3683
MFT,safflower+dayflower,0.138,59.417,3.4997,-2.3683
MFT,safflower+dayflower,0.146,59.423,3.4967,-2.379
MFT,safflower+dayflower,0.154,59.435,3.495,-2.401
MFT,safflower+dayflower,0.162,59.442,3.486,-2.4083
MFT,safflower+dayflower,0.17,59.44,3.4713,-2.391
MFT,safflower+dayflower,0.178,59.444,3.4573,-2.3797
MFT,safflower+dayflower,0.186,59.451,3.4357,-2.368
MFT,safflower+dayflower,0.194,59.45,3.4273,-2.358
MFT,safflower+dayflower,0.202,59.461,3.442,-2.3947
MFT,safflower+dayflower,0.21,59.466,3.4337,-2.3977
MFT,safflower+dayflower,0.219,59.466,3.4087,-2.3753
MFT,safflower+dayflower,0.227,59.471,3.4117,-2.39
MFT,safflower+dayflower,0.235,59.471,3.4067,-2.3827
MFT,safflower+dayflower,0.243,59.476,3.4063,-2.3957
MFT,safflower+dayflower,0.251,59.489,3.415,-2.441
MFT,safflower+dayflower,0.259,59.499,3.4087,-2.4443
MFT,safflower+dayflower,0.267,59.502,3.3907,-2.4253
MFT,safflower+dayflower,0.275,59.504,3.383,-2.4143
MFT,safflower+dayflower,0.283,59.502,3.3717,-2.405
MFT,safflower+dayflower,0.291,59.509,3.3753,-2.4347
MFT,safflower+dayflower,0.3,59.524,3.3827,-2.467
MFT,safflower+dayflower,0.308,59.527,3.364,-2.4457
MFT,safflower+dayflower,0.316,59.525,3.3337,-2.4093
MFT,safflower+dayflower,0.324,59.531,3.3353,-2.431
MFT,safflower+dayflower,0.332,59.534,3.3313,-2.433
MFT,safflower+dayflower,0.34,59.533,3.3217,-2.4077
MFT,safflower+dayflower,0.348,59.54,3.3273,-2.439
MFT,safflower+dayflower,0.356,59.55,3.3343,-2.4837
MFT,safflower+dayflower,0.364,59.552,3.3173,-2.4677
MFT,safflower+dayflower,0.372,59.554,3.314,-2.4723
MFT,safflower+dayflower,0.38,59.561,3.301,-2.4637
MFT,safflower+dayflower,0.389,59.569,3.3077,-2.474
MFT,safflower+dayflower,0.397,59.571,3.3023,-2.4667
MFT,safflower+dayflower,0.405,59.577,3.3057,-2.4817
MFT,safflower+dayflower,0.413,59.581,3.2847,-2.4677
MFT,safflower+dayflower,0.421,59.578,3.2523,-2.4273
MFT,safflower+dayflower,0.429,59.581,3.2523,-2.4397
MFT,safflower+dayflower,0.437,59.589,3.2513,-2.4487
MFT,safflower+dayflower,0.445,59.591,3.2463,-2.4443
MFT,safflower+dayflower,0.453,59.597,3.2557,-2.4823
MFT,safflower+dayflower,0.461,59.607,3.25,-2.4933
MFT,safflower+dayflower,0.47,59.614,3.234,-2.4813
MFT,safflower+dayflower,0.478,59.611,3.2083,-2.4493
MFT,safflower+dayflower,0.486,59.612,3.2013,-2.4407
MFT,safflower+dayflower,0.494,59.623,3.2177,-2.4813
MFT,safflower+dayflower,0.502,59.629,3.2303,-2.5183
MFT,safflower+dayflower,0.51,59.631,3.2193,-2.5123
MFT,safflower+dayflower,0.518,59.632,3.202,-2.5017
MFT,safflower+dayflower,0.526,59.631,3.1867,-2.472
MFT,safflower+dayflower,0.534,59.632,3.1807,-2.4603
MFT,safflower+dayflower,0.542,59.639,3.1727,-2.474
MFT,safflower+dayflower,0.55,59.642,3.1563,-2.4573
MFT,safflower+dayflower,0.559,59.647,3.155,-2.4557
MFT,safflower+dayflower,0.567,59.648,3.1397,-2.4447
MFT,safflower+dayflower,0.575,59.656,3.135,-2.462
MFT,safflower+dayflower,0.583,59.66,3.124,-2.4577
MFT,safflower+dayflower,0.591,59.662,3.1343,-2.4737
MFT,safflower+dayflower,0.599,59.668,3.1413,-2.4893
MFT,safflower+dayflower,0.607,59.667,3.125,-2.4687
MFT,safflower+dayflower,0.615,59.669,3.119,-2.4713
MFT,safflower+dayflower,0.623,59.678,3.1213,-2.4857
MFT,safflower+dayflower,0.631,59.682,3.1113,-2.4797
MFT,safflower+dayflower,0.64,59.684,3.1023,-2.476
MFT,safflower+dayflower,0.648,59.688,3.092,-2.4807
MFT,safflower+dayflower,0.656,59.697,3.0877,-2.5043
MFT,safflower+dayflower,0.664,59.701,3.0897,-2.5053
MFT,safflower+dayflower,0.672,59.7,3.074,-2.475
MFT,safflower+dayflower,0.68,59.701,3.0657,-2.481
MFT,safflower+dayflower,0.688,59.706,3.0797,-2.5143
MFT,safflower+dayflower,0.696,59.706,3.07,-2.4893
MFT,safflower+dayflower,0.704,59.709,3.058,-2.4753
MFT,safflower+dayflower,0.712,59.716,3.0623,-2.4957
MFT,safflower+dayflower,0.72,59.716,3.0563,-2.4927
MFT,safflower+dayflower,0.729,59.71,3.0243,-2.4477
MFT,safflower+dayflower,0.737,59.72,3.031,-2.4833
MFT,safflower+dayflower,0.745,59.727,3.0323,-2.494
MFT,safflower+dayflower,0.753,59.729,3.015,-2.4797
MFT,safflower+dayflower,0.761,59.731,2.999,-2.4587
MFT,safflower+dayflower,0.769,59.732,2.9983,-2.4587
MFT,safflower+dayflower,0.777,59.74,2.998,-2.482
MFT,safflower+dayflower,0.785,59.744,3.0017,-2.4913
MFT,safflower+dayflower,0.793,59.752,3.0037,-2.5167
MFT,safflower+dayflower,0.801,59.751,2.9907,-2.4927
MFT,safflower+dayflower,0.809,59.749,2.9777,-2.468
MFT,safflower+dayflower,0.818,59.756,2.978,-2.4803
MFT,safflower+dayflower,0.826,59.766,2.9917,-2.5103
MFT,safflower+dayflower,0.834,59.772,2.992,-2.5257
MFT,safflower+dayflower,0.842,59.77,2.96,-2.487
MFT,safflower+dayflower,0.85,59.773,2.954,-2.4983
MFT,safflower+dayflower,0.858,59.778,2.947,-2.5007
MFT,safflower+dayflower,0.866,59.78,2.95,-2.497
MFT,safflower+dayflower,0.874,59.785,2.9537,-2.5173
MFT,safflower+dayflower,0.882,59.787,2.944,-2.5213
MFT,safflower+dayflower,0.89,59.787,2.944,-2.5163
MFT,safflower+dayflower,0.899,59.792,2.944,-2.519
MFT,safflower+dayflower,0.907,59.795,2.924,-2.5093
MFT,safflower+dayflower,0.915,59.799,2.919,-2.5123
MFT,safflower+dayflower,0.923,59.804,2.934,-2.5367
MFT,safflower+dayflower,0.931,59.804,2.924,-2.5147
MFT,safflower+dayflower,0.939,59.812,2.9133,-2.5233
MFT,safflower+dayflower,0.947,59.815,2.8933,-2.5123
MFT,safflower+dayflower,0.955,59.817,2.8877,-2.5113
MFT,safflower+dayflower,0.963,59.823,2.887,-2.527
MFT,safflower+dayflower,0.971,59.824,2.8863,-2.5207
MFT,safflower+dayflower,0.979,59.822,2.882,-2.504
MFT,safflower+dayflower,0.988,59.83,2.8827,-2.5237
MFT,safflower+dayflower,0.996,59.832,2.877,-2.529
MFT,safflower+dayflower,1.004,59.833,2.862,-2.525
MFT,safflower+dayflower,1.012,59.841,2.8657,-2.5437
MFT,safflower+dayflower,1.02,59.845,2.8753,-2.5507
MFT,safflower+dayflower,1.028,59.843,2.857,-2.531
MFT,safflower+dayflower,1.036,59.84,2.838,-2.5077
MFT,safflower+dayflower,1.044,59.846,2.8367,-2.509
MFT,safflower+dayflower,1.052,59.855,2.8397,-2.5307
MFT,safflower+dayflower,1.06,59.861,2.843,-2.5493
MFT,safflower+dayflower,1.069,59.863,2.8473,-2.5637
MFT,safflower+dayflower,1.077,59.862,2.8363,-2.5413
MFT,safflower+dayflower,1.085,59.866,2.8203,-2.5323
MFT,safflower+dayflower,1.093,59.87,2.803,-2.5297
MFT,safflower+dayflower,1.101,59.872,2.7983,-2.5167
MFT,safflower+dayflower,1.109,59.877,2.802,-2.531
MFT,safflower+dayflower,1.117,59.881,2.8007,-2.5427
MFT,safflower+dayflower,1.125,59.881,2.7747,-2.5093
MFT,safflower+dayflower,1.133,59.884,2.7803,-2.5233
MFT,safflower+dayflower,1.141,59.886,2.7953,-2.5443
MFT,safflower+dayflower,1.149,59.891,2.786,-2.531
MFT,safflower+dayflower,1.158,59.899,2.7873,-2.5487
MFT,safflower+dayflower,1.166,59.905,2.7897,-2.5767
MFT,safflower+dayflower,1.174,59.905,2.781,-2.568
MFT,safflower+dayflower,1.182,59.905,2.7727,-2.549
MFT,safflower+dayflower,1.19,59.91,2.77,-2.5483
MFT,safflower+dayflower,1.198,59.917,2.7743,-2.5587
MFT,safflower+dayflower,1.206,59.918,2.7677,-2.57
MFT,safflower+dayflower,1.214,59.921,2.759,-2.5693
MFT,safflower+dayflower,1.222,59.927,2.7543,-2.5747
MFT,safflower+dayflower,1.23,59.926,2.7503,-2.58
MFT,safflower+dayflower,1.239,59.926,2.7477,-2.5763
MFT,safflower+dayflower,1.247,59.93,2.7377,-2.5603
MFT,safflower+dayflower,1.255,59.937,2.746,-2.591
MFT,safflower+dayflower,1.263,59.94,2.7303,-2.5713
MFT,safflower+dayflower,1.271,59.944,2.7287,-2.587
MFT,safflower+dayflower,1.279,59.935,2.705,-2.5433
MFT,safflower+dayflower,1.287,59.94,2.71,-2.548
MFT,safflower+dayflower,1.295,59.948,2.7253,-2.5797
MFT,safflower+dayflower,1.303,59.948,2.7123,-2.5703
MFT,safflower+dayflower,1.311,59.95,2.7123,-2.5717
MFT,safflower+dayflower,1.319,59.959,2.7153,-2.594
MFT,safflower+dayflower,1.328,59.963,2.7047,-2.599
MFT,safflower+dayflower,1.336,59.96,2.686,-2.565
MFT,safflower+dayflower,1.344,59.966,2.6897,-2.5743
MFT,safflower+dayflower,1.352,59.972,2.6913,-2.594
MFT,safflower+dayflower,1.36,59.974,2.6773,-2.586
MFT,safflower+dayflower,1.368,59.98,2.6857,-2.5983
MFT,safflower+dayflower,1.376,59.984,2.6873,-2.6083
MFT,safflower+dayflower,1.384,59.983,2.666,-2.5833
MFT,safflower+dayflower,1.392,59.978,2.6483,-2.5513
MFT,safflower+dayflower,1.4,59.985,2.6603,-2.584
MFT,safflower+dayflower,1.409,59.983,2.6553,-2.5733
MFT,safflower+dayflower,1.417,59.964,2.678,-2.5617
MFT,turmeric+orpiment,0,80.299,7.265,37.876
MFT,turmeric+orpiment,0.008,80.171,7.4603,37.208
MFT,turmeric+orpiment,0.016,80.146,7.4917,37.097
MFT,turmeric+orpiment,0.024,80.145,7.5073,37.005
MFT,turmeric+orpiment,0.032,80.141,7.5147,36.926
MFT,turmeric+orpiment,0.04,80.137,7.516,36.889
MFT,turmeric+orpiment,0.049,80.137,7.531,36.814
MFT,turmeric+orpiment,0.057,80.132,7.537,36.77
MFT,turmeric+orpiment,0.065,80.127,7.534,36.759
MFT,turmeric+orpiment,0.073,80.124,7.5347,36.722
MFT,turmeric+orpiment,0.081,80.123,7.539,36.654
MFT,turmeric+orpiment,0.089,80.125,7.54,36.591
MFT,turmeric+orpiment,0.097,80.125,7.5453,36.542
MFT,turmeric+orpiment,0.105,80.125,7.5467,36.508
MFT,turmeric+orpiment,0.113,80.123,7.554,36.47
MFT,turmeric+orpiment,0.121,80.119,7.553,36.439
MFT,turmeric+orpiment,0.13,80.119,7.557,36.398
MFT,turmeric+orpiment,0.138,80.119,7.5637,36.342
MFT,turmeric+orpiment,0.146,80.118,7.5687,36.284
MFT,turmeric+orpiment,0.154,80.116,7.5673,36.254
MFT,turmeric+orpiment,0.162,80.113,7.56,36.261
MFT,turmeric+orpiment,0.17,80.116,7.5593,36.237
MFT,turmeric+orpiment,0.178,80.12,7.5753,36.155
MFT,turmeric+orpiment,0.186,80.121,7.579,36.091
MFT,turmeric+orpiment,0.194,80.12,7.575,36.052
MFT,turmeric+orpiment,0.202,80.12,7.5803,36.028
MFT,turmeric+orpiment,0.21,80.12,7.5767,36.016
MFT,turmeric+orpiment,0.219,80.121,7.5763,35.958
MFT,turmeric+orpiment,0.227,80.125,7.577,35.914
MFT,turmeric+orpiment,0.235,80.122,7.57,35.923
MFT,turmeric+orpiment,0.243,80.122,7.5793,35.894
MFT,turmeric+orpiment,0.251,80.131,7.5973,35.808
MFT,turmeric+orpiment,0.259,80.131,7.5997,35.775
MFT,turmeric+orpiment,0.267,80.13,7.596,35.756
MFT,turmeric+orpiment,0.275,80.13,7.58,35.755
MFT,turmeric+orpiment,0.283,80.129,7.5787,35.753
MFT,turmeric+orpiment,0.291,80.128,7.5807,35.734
MFT,turmeric+orpiment,0.3,80.13,7.5897,35.667
MFT,turmeric+orpiment,0.308,80.132,7.5983,35.602
MFT,turmeric+orpiment,0.316,80.134,7.594,35.591
MFT,turmeric+orpiment,0.324,80.137,7.592,35.56
MFT,turmeric+orpiment,0.332,80.14,7.6017,35.508
MFT,turmeric+orpiment,0.34,80.143,7.6,35.484
MFT,turmeric+orpiment,0.348,80.144,7.596,35.48
MFT,turmeric+orpiment,0.356,80.142,7.5977,35.465
MFT,turmeric+orpiment,0.364,80.142,7.5917,35.447
MFT,turmeric+orpiment,0.372,80.14,7.5847,35.435
MFT,turmeric+orpiment,0.38,80.142,7.5803,35.428
MFT,turmeric+orpiment,0.389,80.148,7.591,35.356
MFT,turmeric+orpiment,0.397,80.152,7.601,35.301
MFT,turmeric+orpiment,0.405,80.15,7.5937,35.32
MFT,turmeric+orpiment,0.413,80.15,7.5907,35.315
MFT,turmeric+orpiment,0.421,80.154,7.592,35.274
MFT,turmeric+orpiment,0.429,80.158,7.588,35.23
MFT,turmeric+orpiment,0.437,80.161,7.5973,35.186
MFT,turmeric+orpiment,0.445,80.16,7.603,35.159
MFT,turmeric+orpiment,0.453,80.159,7.5953,35.148
MFT,turmeric+orpiment,0.461,80.162,7.5913,35.131
MFT,turmeric+orpiment,0.47,80.165,7.596,35.093
MFT,turmeric+orpiment,0.478,80.165,7.5957,35.09
MFT,turmeric+orpiment,0.486,80.165,7.5903,35.085
MFT,turmeric+orpiment,0.494,80.172,7.5927,35.025
MFT,turmeric+orpiment,0.502,80.173,7.595,35.003
MFT,turmeric+orpiment,0.51,80.169,7.5903,35.019
MFT,turmeric+orpiment,0.518,80.171,7.5887,35.003
MFT,turmeric+orpiment,0.526,80.174,7.5837,34.994
MFT,turmeric+orpiment,0.534,80.176,7.595,34.948
MFT,turmeric+orpiment,0.542,80.18,7.6017,34.872
MFT,turmeric+orpiment,0.55,80.184,7.5957,34.847
MFT,turmeric+orpiment,0.559,80.183,7.5937,34.867
MFT,turmeric+orpiment,0.567,80.182,7.5983,34.837
MFT,turmeric+orpiment,0.575,80.185,7.6,34.799
MFT,turmeric+orpiment,0.583,80.191,7.607,34.754
MFT,turmeric+orpiment,0.591,80.194,7.5973,34.755
MFT,turmeric+orpiment,0.599,80.199,7.592,34.741
MFT,turmeric+orpiment,0.607,80.2,7.592,34.73
MFT,turmeric+orpiment,0.615,80.199,7.5953,34.711
MFT,turmeric+orpiment,0.623,80.197,7.5957,34.707
MFT,turmeric+orpiment,0.631,80.198,7.5907,34.696
MFT,turmeric+orpiment,0.64,80.2,7.582,34.692
MFT,turmeric+orpiment,0.648,80.2,7.5783,34.69
MFT,turmeric+orpiment,0.656,80.204,7.584,34.647
MFT,turmeric+orpiment,0.664,80.21,7.589,34.6
MFT,turmeric+orpiment,0.672,80.211,7.5907,34.571
MFT,turmeric+orpiment,0.68,80.212,7.5893,34.556
MFT,turmeric+orpiment,0.688,80.215,7.586,34.554
MFT,turmeric+orpiment,0.696,80.218,7.585,34.539
MFT,turmeric+orpiment,0.704,80.22,7.5853,34.524
MFT,turmeric+orpiment,0.712,80.22,7.5817,34.497
MFT,turmeric+orpiment,0.72,80.219,7.5807,34.483
MFT,turmeric+orpiment,0.729,80.221,7.582,34.474
MFT,turmeric+orpiment,0.737,80.225,7.591,34.441
MFT,turmeric+orpiment,0.745,80.228,7.588,34.43
MFT,turmeric+orpiment,0.753,80.23,7.5873,34.404
MFT,turmeric+orpiment,0.761,80.229,7.59,34.381
MFT,turmeric+orpiment,0.769,80.231,7.5887,34.362
MFT,turmeric+orpiment,0.777,80.231,7.5807,34.371
MFT,turmeric+orpiment,0.785,80.229,7.5767,34.378
MFT,turmeric+orpiment,0.793,80.236,7.586,34.312
MFT,turmeric+orpiment,0.801,80.237,7.585,34.307
MFT,turmeric+orpiment,0.809,80.239,7.576,34.317
MFT,turmeric+orpiment,0.818,80.244,7.5787,34.288
MFT,turmeric+orpiment,0.826,80.246,7.584,34.262
MFT,turmeric+orpiment,0.834,80.247,7.5837,34.234
MFT,turmeric+orpiment,0.842,80.248,7.5813,34.206
MFT,turmeric+orpiment,0.85,80.254,7.5887,34.155
MFT,turmeric+orpiment,0.858,80.252,7.5867,34.16
MFT,turmeric+orpiment,0.866,80.251,7.5793,34.179
MFT,turmeric+orpiment,0.874,80.255,7.5737,34.171
MFT,turmeric+orpiment,0.882,80.256,7.5723,34.16
MFT,turmeric+orpiment,0.89,80.254,7.5827,34.124
MFT,turmeric+orpiment,0.899,80.262,7.5803,34.086
MFT,turmeric+orpiment,0.907,80.267,7.577,34.08
MFT,turmeric+orpiment,0.915,80.266,7.5733,34.089
MFT,turmeric+orpiment,0.923,80.267,7.5743,34.063
MFT,turmeric+orpiment,0.931,80.27,7.5787,34.032
MFT,turmeric+orpiment,0.939,80.27,7.573,34.039
MFT,turmeric+orpiment,0.947,80.272,7.5637,34.043
MFT,turmeric+orpiment,0.955,80.272,7.5703,34.022
MFT,turmeric+orpiment,0.963,80.275,7.5753,33.985
MFT,turmeric+orpiment,0.971,80.276,7.5713,33.974
MFT,turmeric+orpiment,0.979,80.278,7.5823,33.929
MFT,turmeric+orpiment,0.988,80.283,7.586,33.886
MFT,turmeric+orpiment,0.996,80.281,7.5783,33.899
MFT,turmeric+orpiment,1.004,80.283,7.5737,33.896
MFT,turmeric+orpiment,1.012,80.288,7.5727,33.873
MFT,turmeric+orpiment,1.02,80.294,7.5743,33.841
MFT,turmeric+orpiment,1.028,80.291,7.5723,33.848
MFT,turmeric+orpiment,1.036,80.286,7.5667,33.875
MFT,turmeric+orpiment,1.044,80.291,7.5643,33.863
MFT,turmeric+orpiment,1.052,80.298,7.5633,33.811
MFT,turmeric+orpiment,1.06,80.299,7.567,33.781
MFT,turmeric+orpiment,1.069,80.298,7.5703,33.787
MFT,turmeric+orpiment,1.077,80.298,7.5647,33.789
MFT,turmeric+orpiment,1.085,80.303,7.5763,33.722
MFT,turmeric+orpiment,1.093,80.309,7.5803,33.689
MFT,turmeric+orpiment,1.101,80.307,7.5647,33.73
MFT,turmeric+orpiment,1.109,80.306,7.5547,33.761
MFT,turmeric+orpiment,1.117,80.307,7.552,33.739
MFT,turmeric+orpiment,1.125,80.309,7.5487,33.721
MFT,turmeric+orpiment,1.133,80.312,7.551,33.72
MFT,turmeric+orpiment,1.141,80.315,7.5577,33.692
MFT,turmeric+orpiment,1.149,80.318,7.5617,33.652
MFT,turmeric+orpiment,1.158,80.322,7.5717,33.594
MFT,turmeric+orpiment,1.166,80.323,7.5683,33.584
MFT,turmeric+orpiment,1.174,80.325,7.5603,33.59
MFT,turmeric+orpiment,1.182,80.327,7.5597,33.578
MFT,turmeric+orpiment,1.19,80.324,7.553,33.601
MFT,turmeric+orpiment,1.198,80.323,7.5513,33.607
MFT,turmeric+orpiment,1.206,80.326,7.5577,33.572
MFT,turmeric+orpiment,1.214,80.326,7.5543,33.572
MFT,turmeric+orpiment,1.222,80.33,7.5577,33.547
MFT,turmeric+orpiment,1.23,80.336,7.5563,33.507
MFT,turmeric+orpiment,1.239,80.337,7.545,33.528
MFT,turmeric+orpiment,1.247,80.334,7.542,33.542
MFT,turmeric+orpiment,1.255,80.336,7.5457,33.509
MFT,turmeric+orpiment,1.263,80.343,7.5503,33.472
MFT,turmeric+orpiment,1.271,80.346,7.555,33.45
MFT,turmeric+orpiment,1.279,80.35,7.5597,33.408
MFT,turmeric+orpiment,1.287,80.349,7.5513,33.423
MFT,turmeric+orpiment,1.295,80.35,7.5497,33.423
MFT,turmeric+orpiment,1.303,80.352,7.557,33.392
MFT,turmeric+orpiment,1.311,80.349,7.5513,33.403
MFT,turmeric+orpiment,1.319,80.351,7.5487,33.391
MFT,turmeric+orpiment,1.328,80.357,7.555,33.348
MFT,turmeric+orpiment,1.336,80.363,7.5583,33.314
MFT,turmeric+orpiment,1.344,80.366,7.552,33.318
MFT,turmeric+orpiment,1.352,80.365,7.5523,33.318
MFT,turmeric+orpiment,1.36,80.364,7.56,33.281
MFT,turmeric+orpiment,1.368,80.368,7.5557,33.267
MFT,turmeric+orpiment,1.376,80.367,7.545,33.301
MFT,turmeric+orpiment,1.384,80.372,7.5517,33.275
MFT,turmeric+orpiment,1.392,80.376,7.5527,33.258
MFT,turmeric+orpiment,1.4,80.374,7.5437,33.255
MFT,turmeric+orpiment,1.409,80.373,7.546,33.261
MFT,turmeric,0,80.516,6.4097,32.64
MFT,turmeric,0.008,80.509,6.4177,32.349
MFT,turmeric,0.016,80.508,6.4213,32.166
MFT,turmeric,0.024,80.508,6.414,32.157
MFT,turmeric,0.032,80.508,6.4147,32.132
MFT,turmeric,0.04,80.506,6.4047,32.137
MFT,turmeric,0.049,80.51,6.409,32.084
MFT,turmeric,0.057,80.515,6.4197,32.012
MFT,turmeric,0.065,80.526,6.4277,31.929
MFT,turmeric,0.073,80.526,6.4227,31.914
MFT,turmeric,0.081,80.526,6.4237,31.884
MFT,turmeric,0.089,80.529,6.4173,31.872
MFT,turmeric,0.097,80.528,6.4127,31.874
MFT,turmeric,0.105,80.526,6.4123,31.839
MFT,turmeric,0.113,80.528,6.409,31.819
MFT,turmeric,0.121,80.532,6.401,31.828
MFT,turmeric,0.13,80.537,6.4077,31.785
MFT,turmeric,0.138,80.54,6.412,31.742
MFT,turmeric,0.146,80.543,6.4107,31.707
MFT,turmeric,0.154,80.545,6.4093,31.673
MFT,turmeric,0.162,80.548,6.415,31.626
MFT,turmeric,0.17,80.547,6.409,31.638
MFT,turmeric,0.178,80.549,6.3993,31.634
MFT,turmeric,0.186,80.553,6.4,31.608
MFT,turmeric,0.194,80.554,6.3993,31.606
MFT,turmeric,0.202,80.553,6.3917,31.588
MFT,turmeric,0.21,80.56,6.3917,31.536
MFT,turmeric,0.219,80.566,6.399,31.489
MFT,turmeric,0.227,80.567,6.3913,31.496
MFT,turmeric,0.235,80.572,6.3903,31.464
MFT,turmeric,0.243,80.575,6.3893,31.436
MFT,turmeric,0.251,80.575,6.3967,31.408
MFT,turmeric,0.259,80.576,6.399,31.394
MFT,turmeric,0.267,80.579,6.39,31.393
MFT,turmeric,0.275,80.58,6.3787,31.386
MFT,turmeric,0.283,80.584,6.3933,31.323
MFT,turmeric,0.291,80.585,6.3927,31.303
MFT,turmeric,0.3,80.582,6.3777,31.325
MFT,turmeric,0.308,80.584,6.378,31.328
MFT,turmeric,0.316,80.589,6.3837,31.3
MFT,turmeric,0.324,80.595,6.386,31.253
MFT,turmeric,0.332,80.599,6.3933,31.203
MFT,turmeric,0.34,80.602,6.392,31.178
MFT,turmeric,0.348,80.604,6.3867,31.164
MFT,turmeric,0.356,80.606,6.383,31.155
MFT,turmeric,0.364,80.607,6.3753,31.17
MFT,turmeric,0.372,80.606,6.3717,31.167
MFT,turmeric,0.38,80.604,6.367,31.184
MFT,turmeric,0.389,80.611,6.3743,31.136
MFT,turmeric,0.397,80.616,6.378,31.106
MFT,turmeric,0.405,80.62,6.385,31.062
MFT,turmeric,0.413,80.623,6.3823,31.031
MFT,turmeric,0.421,80.623,6.374,31.043
MFT,turmeric,0.429,80.621,6.3723,31.051
MFT,turmeric,0.437,80.624,6.377,31.032
MFT,turmeric,0.445,80.623,6.3607,31.059
MFT,turmeric,0.453,80.625,6.3497,31.044
MFT,turmeric,0.461,80.632,6.354,30.998
MFT,turmeric,0.47,80.633,6.356,30.989
MFT,turmeric,0.478,80.633,6.361,30.963
MFT,turmeric,0.486,80.639,6.368,30.919
MFT,turmeric,0.494,80.643,6.3667,30.907
MFT,turmeric,0.502,80.645,6.3597,30.897
MFT,turmeric,0.51,80.647,6.356,30.885
MFT,turmeric,0.518,80.647,6.354,30.878
MFT,turmeric,0.526,80.649,6.358,30.86
MFT,turmeric,0.534,80.654,6.365,30.822
MFT,turmeric,0.542,80.66,6.3693,30.776
MFT,turmeric,0.55,80.667,6.37,30.754
MFT,turmeric,0.559,80.663,6.3647,30.771
MFT,turmeric,0.567,80.658,6.353,30.798
MFT,turmeric,0.575,80.663,6.3537,30.773
MFT,turmeric,0.583,80.668,6.3563,30.743
MFT,turmeric,0.591,80.662,6.3463,30.769
MFT,turmeric,0.599,80.667,6.3497,30.737
MFT,turmeric,0.607,80.673,6.353,30.697
MFT,turmeric,0.615,80.676,6.3467,30.701
MFT,turmeric,0.623,80.676,6.3433,30.705
MFT,turmeric,0.631,80.675,6.338,30.709
MFT,turmeric,0.64,80.681,6.3393,30.674
MFT,turmeric,0.648,80.686,6.3367,30.662
MFT,turmeric,0.656,80.688,6.3357,30.648
MFT,turmeric,0.664,80.689,6.3333,30.642
MFT,turmeric,0.672,80.691,6.3317,30.633
MFT,turmeric,0.68,80.692,6.3363,30.607
MFT,turmeric,0.688,80.695,6.335,30.598
MFT,turmeric,0.696,80.699,6.343,30.553
MFT,turmeric,0.704,80.703,6.3447,30.519
MFT,turmeric,0.712,80.705,6.3403,30.527
MFT,turmeric,0.72,80.703,6.331,30.546
MFT,turmeric,0.729,80.702,6.3287,30.546
MFT,turmeric,0.737,80.702,6.3307,30.53
MFT,turmeric,0.745,80.708,6.3397,30.475
MFT,turmeric,0.753,80.714,6.3403,30.45
MFT,turmeric,0.761,80.713,6.336,30.456
MFT,turmeric,0.769,80.714,6.335,30.441
MFT,turmeric,0.777,80.721,6.337,30.406
MFT,turmeric,0.785,80.723,6.3387,30.394
MFT,turmeric,0.793,80.722,6.3327,30.414
MFT,turmeric,0.801,80.723,6.3283,30.413
MFT,turmeric,0.809,80.725,6.3267,30.399
MFT,turmeric,0.818,80.727,6.3233,30.4
MFT,turmeric,0.826,80.726,6.3237,30.409
MFT,turmeric,0.834,80.73,6.3207,30.401
MFT,turmeric,0.842,80.741,6.3387,30.299
MFT,turmeric,0.85,80.743,6.343,30.286
MFT,turmeric,0.858,80.736,6.323,30.346
MFT,turmeric,0.866,80.736,6.3133,30.354
MFT,turmeric,0.874,80.745,6.3153,30.301
MFT,turmeric,0.882,80.744,6.3103,30.309
MFT,turmeric,0.89,80.743,6.308,30.308
MFT,turmeric,0.899,80.746,6.3113,30.293
MFT,turmeric,0.907,80.746,6.3117,30.296
MFT,turmeric,0.915,80.747,6.3013,30.304
MFT,turmeric,0.923,80.752,6.2963,30.274
MFT,turmeric,0.931,80.751,6.3063,30.254
MFT,turmeric,0.939,80.753,6.3093,30.237
MFT,turmeric,0.947,80.761,6.316,30.189
MFT,turmeric,0.955,80.763,6.3143,30.184
MFT,turmeric,0.963,80.767,6.3167,30.158
MFT,turmeric,0.971,80.766,6.304,30.171
MFT,turmeric,0.979,80.766,6.2997,30.18
MFT,turmeric,0.988,80.771,6.3053,30.148
MFT,turmeric,0.996,80.775,6.306,30.127
MFT,turmeric,1.004,80.774,6.2927,30.167
MFT,turmeric,1.012,80.781,6.296,30.131
MFT,turmeric,1.02,80.786,6.3093,30.072
MFT,turmeric,1.028,80.785,6.312,30.063
MFT,turmeric,1.036,80.778,6.2937,30.133
MFT,turmeric,1.044,80.78,6.2797,30.153
MFT,turmeric,1.052,80.786,6.291,30.079
MFT,turmeric,1.06,80.785,6.2983,30.062
MFT,turmeric,1.069,80.787,6.2963,30.078
MFT,turmeric,1.077,80.788,6.2873,30.086
MFT,turmeric,1.085,80.793,6.2923,30.045
MFT,turmeric,1.093,80.796,6.2913,30.029
MFT,turmeric,1.101,80.799,6.285,30.024
MFT,turmeric,1.109,80.799,6.2823,30.023
MFT,turmeric,1.117,80.801,6.287,30.003
MFT,turmeric,1.125,80.801,6.281,30.004
MFT,turmeric,1.133,80.805,6.2817,29.995
MFT,turmeric,1.141,80.808,6.281,29.978
MFT,turmeric,1.149,80.809,6.285,29.958
MFT,turmeric,1.158,80.81,6.2787,29.97
MFT,turmeric,1.166,80.811,6.272,29.985
MFT,turmeric,1.174,80.813,6.2733,29.968
MFT,turmeric,1.182,80.812,6.2703,29.964
MFT,turmeric,1.19,80.816,6.2713,29.942
MFT,turmeric,1.198,80.821,6.278,29.904
MFT,turmeric,1.206,80.824,6.2847,29.886
MFT,turmeric,1.214,80.823,6.283,29.885
MFT,turmeric,1.222,80.82,6.2773,29.899
MFT,turmeric,1.23,80.824,6.2797,29.865
MFT,turmeric,1.239,80.831,6.2777,29.833
MFT,turmeric,1.247,80.835,6.2807,29.82
MFT,turmeric,1.255,80.836,6.2843,29.808
MFT,turmeric,1.263,80.832,6.273,29.836
MFT,turmeric,1.271,80.837,6.2647,29.832
MFT,turmeric,1.279,80.84,6.2627,29.82
MFT,turmeric,1.287,80.838,6.2637,29.82
MFT,turmeric,1.295,80.843,6.2747,29.794
MFT,turmeric,1.303,80.849,6.2797,29.762
MFT,turmeric,1.311,80.848,6.2643,29.782
MFT,turmeric,1.319,80.848,6.264,29.777
MFT,turmeric,1.328,80.849,6.2647,29.766
MFT,turmeric,1.336,80.85,6.26,29.768
MFT,turmeric,1.344,80.853,6.257,29.758
MFT,turmeric,1.352,80.854,6.251,29.763
MFT,turmeric,1.36,80.855,6.245,29.767
MFT,turmeric,1.368,80.858,6.252,29.749
MFT,turmeric,1.376,80.864,6.254,29.724
MFT,turmeric,1.384,80.868,6.2657,29.676
MFT,turmeric,1.392,80.867,6.2633,29.673
MFT,turmeric,1.4,80.867,6.262,29.67
MFT,turmeric,1.409,80.865,6.262,29.683
MFT,turmeric,1.417,80.851,6.265,29.756
MFT,vermilion,0,65.763,32.916,20.003
MFT,vermilion,0.008,65.735,32.847,19.941
MFT,vermilion,0.016,65.723,32.822,19.863
MFT,vermilion,0.024,65.716,32.81,19.873
MFT,vermilion,0.032,65.711,32.78,19.909
MFT,vermilion,0.04,65.711,32.771,19.869
MFT,vermilion,0.049,65.709,32.766,19.843
MFT,vermilion,0.057,65.706,32.747,19.844
MFT,vermilion,0.065,65.701,32.73,19.835
MFT,vermilion,0.073,65.693,32.732,19.808
MFT,vermilion,0.081,65.696,32.72,19.781
MFT,vermilion,0.089,65.696,32.709,19.765
MFT,vermilion,0.097,65.686,32.693,19.795
MFT,vermilion,0.105,65.678,32.669,19.836
MFT,vermilion,0.113,65.675,32.661,19.818
MFT,vermilion,0.121,65.676,32.654,19.757
MFT,vermilion,0.13,65.671,32.642,19.749
MFT,vermilion,0.138,65.666,32.627,19.755
MFT,vermilion,0.146,65.667,32.624,19.719
MFT,vermilion,0.154,65.662,32.614,19.716
MFT,vermilion,0.162,65.656,32.59,19.736
MFT,vermilion,0.17,65.653,32.577,19.727
MFT,vermilion,0.178,65.648,32.569,19.713
MFT,vermilion,0.186,65.648,32.553,19.687
MFT,vermilion,0.194,65.644,32.546,19.671
MFT,vermilion,0.202,65.641,32.533,19.642
MFT,vermilion,0.21,65.644,32.529,19.577
MFT,vermilion,0.219,65.64,32.521,19.555
MFT,vermilion,0.227,65.628,32.495,19.605
MFT,vermilion,0.235,65.625,32.49,19.596
MFT,vermilion,0.243,65.626,32.478,19.583
MFT,vermilion,0.251,65.619,32.456,19.603
MFT,vermilion,0.259,65.606,32.446,19.635
MFT,vermilion,0.267,65.602,32.435,19.625
MFT,vermilion,0.275,65.607,32.426,19.555
MFT,vermilion,0.283,65.598,32.409,19.571
MFT,vermilion,0.291,65.59,32.397,19.578
MFT,vermilion,0.3,65.587,32.394,19.541
MFT,vermilion,0.308,65.582,32.379,19.55
MFT,vermilion,0.316,65.585,32.371,19.489
MFT,vermilion,0.324,65.587,32.366,19.445
MFT,vermilion,0.332,65.58,32.343,19.483
MFT,vermilion,0.34,65.572,32.326,19.497
MFT,vermilion,0.348,65.571,32.322,19.453
MFT,vermilion,0.356,65.569,32.312,19.433
MFT,vermilion,0.364,65.563,32.302,19.434
MFT,vermilion,0.372,65.557,32.288,19.437
MFT,vermilion,0.38,65.555,32.279,19.421
MFT,vermilion,0.389,65.552,32.267,19.411
MFT,vermilion,0.397,65.542,32.243,19.45
MFT,vermilion,0.405,65.535,32.23,19.464
MFT,vermilion,0.413,65.532,32.219,19.437
MFT,vermilion,0.421,65.522,32.205,19.454
MFT,vermilion,0.429,65.519,32.197,19.412
MFT,vermilion,0.437,65.52,32.188,19.362
MFT,vermilion,0.445,65.513,32.169,19.384
MFT,vermilion,0.453,65.504,32.156,19.399
MFT,vermilion,0.461,65.5,32.143,19.396
MFT,vermilion,0.47,65.5,32.135,19.365
MFT,vermilion,0.478,65.495,32.129,19.339
MFT,vermilion,0.486,65.49,32.113,19.343
MFT,vermilion,0.494,65.487,32.102,19.338
MFT,vermilion,0.502,65.482,32.088,19.336
MFT,vermilion,0.51,65.479,32.076,19.337
MFT,vermilion,0.518,65.472,32.066,19.335
MFT,vermilion,0.526,65.474,32.059,19.289
MFT,vermilion,0.534,65.469,32.049,19.282
MFT,vermilion,0.542,65.462,32.037,19.293
MFT,vermilion,0.55,65.459,32.015,19.285
MFT,vermilion,0.559,65.457,32.003,19.252
MFT,vermilion,0.567,65.452,31.999,19.232
MFT,vermilion,0.575,65.445,31.992,19.225
MFT,vermilion,0.583,65.438,31.977,19.236
MFT,vermilion,0.591,65.435,31.965,19.237
MFT,vermilion,0.599,65.434,31.954,19.229
MFT,vermilion,0.607,65.421,31.944,19.248
MFT,vermilion,0.615,65.42,31.938,19.192
MFT,vermilion,0.623,65.416,31.917,19.199
MFT,vermilion,0.631,65.419,31.911,19.158
MFT,vermilion,0.64,65.423,31.904,19.097
MFT,vermilion,0.648,65.415,31.883,19.108
MFT,vermilion,0.656,65.402,31.872,19.147
MFT,vermilion,0.664,65.394,31.856,19.159
MFT,vermilion,0.672,65.397,31.849,19.133
MFT,vermilion,0.68,65.394,31.844,19.106
MFT,vermilion,0.688,65.392,31.829,19.077
MFT,vermilion,0.696,65.386,31.824,19.064
MFT,vermilion,0.704,65.381,31.819,19.081
MFT,vermilion,0.712,65.374,31.806,19.09
MFT,vermilion,0.72,65.371,31.784,19.095
MFT,vermilion,0.729,65.366,31.776,19.07
MFT,vermilion,0.737,65.363,31.764,19.049
MFT,vermilion,0.745,65.359,31.75,19.052
MFT,vermilion,0.753,65.355,31.742,19.029
MFT,vermilion,0.761,65.353,31.733,19.017
MFT,vermilion,0.769,65.349,31.723,18.996
MFT,vermilion,0.777,65.346,31.712,18.981
MFT,vermilion,0.785,65.34,31.697,18.991
MFT,vermilion,0.793,65.333,31.668,19.035
MFT,vermilion,0.801,65.324,31.656,19.058
MFT,vermilion,0.809,65.319,31.649,19.051
MFT,vermilion,0.818,65.314,31.64,19.038
MFT,vermilion,0.826,65.316,31.625,19.014
MFT,vermilion,0.834,65.314,31.621,18.968
MFT,vermilion,0.842,65.31,31.622,18.911
MFT,vermilion,0.85,65.304,31.594,18.955
MFT,vermilion,0.858,65.301,31.584,18.964
MFT,vermilion,0.866,65.302,31.587,18.897
MFT,vermilion,0.874,65.295,31.567,18.906
MFT,vermilion,0.882,65.288,31.551,18.936
MFT,vermilion,0.89,65.283,31.539,18.946
MFT,vermilion,0.899,65.276,31.533,18.947
MFT,vermilion,0.907,65.28,31.525,18.878
MFT,vermilion,0.915,65.272,31.515,18.883
MFT,vermilion,0.923,65.256,31.498,18.966
MFT,vermilion,0.931,65.26,31.491,18.906
MFT,vermilion,0.939,65.264,31.479,18.858
MFT,vermilion,0.947,65.261,31.463,18.851
MFT,vermilion,0.955,65.256,31.46,18.832
MFT,vermilion,0.963,65.253,31.453,18.826
MFT,vermilion,0.971,65.248,31.44,18.825
MFT,vermilion,0.979,65.248,31.433,18.791
MFT,vermilion,0.988,65.241,31.423,18.794
MFT,vermilion,0.996,65.234,31.413,18.809
MFT,vermilion,1.004,65.236,31.403,18.8
MFT,vermilion,1.012,65.229,31.389,18.817
MFT,vermilion,1.02,65.224,31.383,18.797
MFT,vermilion,1.028,65.218,31.369,18.797
MFT,vermilion,1.036,65.212,31.356,18.811
MFT,vermilion,1.044,65.214,31.347,18.762
MFT,vermilion,1.052,65.211,31.325,18.758
MFT,vermilion,1.06,65.207,31.327,18.744
MFT,vermilion,1.069,65.199,31.313,18.76
MFT,vermilion,1.077,65.193,31.298,18.761
MFT,vermilion,1.085,65.192,31.288,18.739
MFT,vermilion,1.093,65.186,31.277,18.749
MFT,vermilion,1.101,65.18,31.269,18.751
MFT,vermilion,1.109,65.177,31.256,18.753
MFT,vermilion,1.117,65.177,31.253,18.713
MFT,vermilion,1.125,65.173,31.231,18.723
MFT,vermilion,1.133,65.173,31.219,18.701
MFT,vermilion,1.141,65.17,31.215,18.677
MFT,vermilion,1.149,65.163,31.202,18.68
MFT,vermilion,1.158,65.162,31.196,18.646
MFT,vermilion,1.166,65.155,31.181,18.657
MFT,vermilion,1.174,65.151,31.18,18.646
MFT,vermilion,1.182,65.149,31.182,18.618
MFT,vermilion,1.19,65.146,31.158,18.639
MFT,vermilion,1.198,65.139,31.138,18.659
MFT,vermilion,1.206,65.133,31.128,18.656
MFT,vermilion,1.214,65.135,31.123,18.629
MFT,vermilion,1.222,65.134,31.128,18.569
MFT,vermilion,1.23,65.128,31.119,18.564
MFT,vermilion,1.239,65.123,31.099,18.607
MFT,vermilion,1.247,65.116,31.083,18.618
MFT,vermilion,1.255,65.116,31.068,18.597
MFT,vermilion,1.263,65.107,31.06,18.612
MFT,vermilion,1.271,65.101,31.059,18.601
MFT,vermilion,1.279,65.108,31.062,18.505
MFT,vermilion,1.287,65.11,31.046,18.475
MFT,vermilion,1.295,65.099,31.025,18.553
MFT,vermilion,1.303,65.096,31.013,18.542
MFT,vermilion,1.311,65.095,31.014,18.5
MFT,vermilion,1.319,65.085,31.004,18.547
MFT,vermilion,1.328,65.077,30.978,18.573
MFT,vermilion,1.336,65.075,30.966,18.536
MFT,vermilion,1.344,65.072,30.962,18.531
MFT,vermilion,1.352,65.072,30.956,18.505
MFT,vermilion,1.36,65.072,30.945,18.486
MFT,vermilion,1.368,65.067,30.941,18.479
MFT,vermilion,1.376,65.061,30.935,18.46
MFT,vermilion,1.384,65.057,30.92,18.464
MFT,vermilion,1.392,65.049,30.903,18.523
MFT,vermilion,1.4,65.046,30.898,18.515
MFT,vermilion,1.409,65.043,30.888,18.487
MFT,vermilion,1.417,65.044,30.876,18.435
MFT,vermilion,1.425,65.036,30.862,18.471
MFT,vermilion,1.433,65.032,30.854,18.474
MFT,vermilion,1.441,65.034,30.854,18.415
MFT,vermilion,1.449,65.032,30.847,18.403
MFT,vermilion,1.457,65.022,30.829,18.442
MFT,vermilion,1.465,65.014,30.814,18.47
MFT,vermilion,1.473,65.011,30.796,18.465
MFT,vermilion,1.481,65.01,30.79,18.443
MFT,vermilion,1.489,65.014,30.794,18.387
MFT,vermilion,1.498,65.013,30.792,18.352
MFT,vermilion,1.506,65.003,30.777,18.379
MFT,vermilion,1.514,64.995,30.76,18.403
MFT,vermilion,1.522,64.999,30.757,18.362
MFT,vermilion,1.53,64.996,30.745,18.358
MFT,vermilion,1.538,64.995,30.737,18.329
MFT,vermilion,1.546,64.991,30.729,18.322
MFT,vermilion,1.554,64.987,30.72,18.332
MFT,vermilion,1.562,64.986,30.711,18.327
MFT,vermilion,1.57,64.977,30.694,18.349
MFT,vermilion,1.579,64.972,30.686,18.329
MFT,vermilion,1.587,64.972,30.679,18.304
MFT,vermilion,1.595,64.972,30.677,18.277
MFT,vermilion,1.603,64.969,30.671,18.254
MFT,vermilion,1.611,64.966,30.663,18.251
MFT,vermilion,1.619,64.956,30.641,18.302
MFT,vermilion,1.627,64.95,30.635,18.292
MFT,vermilion,1.635,64.951,30.624,18.287
MFT,vermilion,1.643,64.945,30.614,18.298
MFT,vermilion,1.651,64.94,30.608,18.285
MFT,vermilion,1.659,64.939,30.592,18.272
MFT,vermilion,1.668,64.941,30.596,18.223
MFT,vermilion,1.676,64.95,30.597,18.179
MFT,vermilion,1.684,64.936,30.577,18.223
MFT,vermilion,1.692,64.924,30.563,18.245
MFT,vermilion,1.7,64.931,30.552,18.188
MFT,vermilion,1.708,64.923,30.549,18.196
MFT,vermilion,1.716,64.914,30.537,18.221
MFT,vermilion,1.724,64.911,30.53,18.214
MFT,vermilion,1.732,64.915,30.526,18.162
MFT,vermilion,1.74,64.914,30.519,18.134
MFT,vermilion,1.749,64.9,30.5,18.192
MFT,vermilion,1.757,64.887,30.484,18.243
MFT,vermilion,1.765,64.889,30.475,18.211
MFT,vermilion,1.773,64.892,30.463,18.183
MFT,vermilion,1.781,64.886,30.449,18.212
MFT,vermilion,1.789,64.887,30.444,18.188
MFT,vermilion,1.797,64.888,30.447,18.13
MFT,vermilion,1.805,64.883,30.441,18.121
MFT,vermilion,1.813,64.875,30.43,18.152
MFT,vermilion,1.821,64.876,30.418,18.142
MFT,vermilion,1.829,64.875,30.402,18.12
MFT,vermilion,1.838,64.866,30.392,18.132
MFT,vermilion,1.846,64.865,30.387,18.12
MFT,vermilion,1.854,64.864,30.384,18.11
MFT,vermilion,1.862,64.861,30.379,18.087
MFT,vermilion,1.87,64.857,30.37,18.071
MFT,vermilion,1.878,64.849,30.358,18.101
MFT,vermilion,1.886,64.845,30.355,18.085
MFT,vermilion,1.894,64.845,30.343,18.06
MFT,vermilion,1.902,64.84,30.333,18.067
MFT,vermilion,1.91,64.837,30.326,18.061
MFT,vermilion,1.919,64.836,30.311,18.064
MFT,vermilion,1.927,64.835,30.301,18.044
MFT,vermilion,1.935,64.828,30.295,18.021
MFT,vermilion,1.943,64.826,30.28,18.03
MFT,vermilion,1.951,64.825,30.275,18.024
MFT,vermilion,1.959,64.823,30.283,17.97
MFT,vermilion,1.967,64.816,30.271,17.997
MFT,vermilion,1.975,64.813,30.255,18.016
MFT,vermilion,1.983,64.81,30.247,18.015
MFT,vermilion,1.991,64.809,30.232,18.012
MFT,vermilion,1.999,64.807,30.221,18.015
MFT,vermilion,2.008,64.801,30.222,18.012
MFT,vermilion,2.016,64.793,30.218,18.004
MFT,vermilion,2.024,64.79,30.2,18.006
MFT,vermilion,2.032,64.79,30.184,18.005
MFT,vermilion,2.04,64.789,30.175,17.986
MFT,vermilion,2.048,64.786,30.18,17.944
MFT,vermilion,2.056,64.784,30.176,17.929
MFT,vermilion,2.064,64.783,30.166,17.926
MFT,vermilion,2.072,64.778,30.155,17.931
MFT,vermilion,2.08,64.769,30.143,17.948
MFT,vermilion,2.0883,64.765,30.127,17.947
MFT,vermilion,2.097,64.767,30.121,17.942
MFT,vermilion,2.105,64.759,30.104,17.999
MFT,vermilion,2.113,64.754,30.094,18.033
MFT,vermilion,2.121,64.784,30.176,17.992
MFT,yellowwood,0,79.172,2.936,31.458
MFT,yellowwood,0.008,79.107,3.0013,31.289
MFT,yellowwood,0.016,79.089,3.018,31.241
MFT,yellowwood,0.024,79.084,3.016,31.224
MFT,yellowwood,0.032,79.077,3.0203,31.194
MFT,yellowwood,0.04,79.069,3.0283,31.165
MFT,yellowwood,0.049,79.068,3.043,31.125
MFT,yellowwood,0.057,79.066,3.0623,31.093
MFT,yellowwood,0.065,79.064,3.066,31.071
MFT,yellowwood,0.073,79.061,3.0777,31.034
MFT,yellowwood,0.081,79.06,3.0937,30.993
MFT,yellowwood,0.089,79.054,3.0963,30.98
MFT,yellowwood,0.097,79.045,3.0907,30.998
MFT,yellowwood,0.105,79.042,3.105,30.969
MFT,yellowwood,0.113,79.038,3.107,30.97
MFT,yellowwood,0.121,79.033,3.1033,30.976
MFT,yellowwood,0.13,79.035,3.1177,30.906
MFT,yellowwood,0.138,79.03,3.1303,30.885
MFT,yellowwood,0.146,79.024,3.132,30.888
MFT,yellowwood,0.154,79.02,3.131,30.878
MFT,yellowwood,0.162,79.019,3.1487,30.852
MFT,yellowwood,0.17,79.016,3.1473,30.856
MFT,yellowwood,0.178,79.012,3.1403,30.836
MFT,yellowwood,0.186,79.01,3.148,30.807
MFT,yellowwood,0.194,79.008,3.1537,30.804
MFT,yellowwood,0.202,79.004,3.1597,30.797
MFT,yellowwood,0.21,79.007,3.168,30.761
MFT,yellowwood,0.219,79.005,3.1813,30.729
MFT,yellowwood,0.227,79.002,3.192,30.702
MFT,yellowwood,0.235,78.999,3.1823,30.706
MFT,yellowwood,0.243,79,3.1947,30.674
MFT,yellowwood,0.251,78.996,3.207,30.646
MFT,yellowwood,0.259,78.996,3.2083,30.624
MFT,yellowwood,0.267,78.997,3.2087,30.615
MFT,yellowwood,0.275,78.993,3.2077,30.62
MFT,yellowwood,0.283,78.989,3.2043,30.641
MFT,yellowwood,0.291,78.989,3.207,30.623
MFT,yellowwood,0.3,78.988,3.2227,30.577
MFT,yellowwood,0.308,78.978,3.2277,30.597
MFT,yellowwood,0.316,78.981,3.232,30.572
MFT,yellowwood,0.324,78.986,3.24,30.52
MFT,yellowwood,0.332,78.981,3.2393,30.528
MFT,yellowwood,0.34,78.979,3.235,30.541
MFT,yellowwood,0.348,78.981,3.247,30.48
MFT,yellowwood,0.356,78.98,3.249,30.464
MFT,yellowwood,0.364,78.978,3.2457,30.478
MFT,yellowwood,0.372,78.979,3.2517,30.478
MFT,yellowwood,0.38,78.976,3.2527,30.482
MFT,yellowwood,0.389,78.976,3.2513,30.456
MFT,yellowwood,0.397,78.969,3.2507,30.474
MFT,yellowwood,0.405,78.971,3.2593,30.439
MFT,yellowwood,0.413,78.975,3.2753,30.376
MFT,yellowwood,0.421,78.971,3.285,30.363
MFT,yellowwood,0.429,78.968,3.2853,30.376
MFT,yellowwood,0.437,78.972,3.2923,30.336
MFT,yellowwood,0.445,78.973,3.2897,30.332
MFT,yellowwood,0.453,78.967,3.284,30.356
MFT,yellowwood,0.461,78.963,3.29,30.342
MFT,yellowwood,0.47,78.968,3.292,30.309
MFT,yellowwood,0.478,78.967,3.29,30.31
MFT,yellowwood,0.486,78.965,3.2993,30.291
MFT,yellowwood,0.494,78.964,3.305,30.27
MFT,yellowwood,0.502,78.962,3.3,30.29
MFT,yellowwood,0.51,78.963,3.3017,30.282
MFT,yellowwood,0.518,78.959,3.309,30.274
MFT,yellowwood,0.526,78.961,3.319,30.233
MFT,yellowwood,0.534,78.964,3.3253,30.186
MFT,yellowwood,0.542,78.963,3.3327,30.178
MFT,yellowwood,0.55,78.959,3.329,30.2
MFT,yellowwood,0.559,78.955,3.3113,30.24
MFT,yellowwood,0.567,78.96,3.3197,30.196
MFT,yellowwood,0.575,78.96,3.3327,30.176
MFT,yellowwood,0.583,78.96,3.34,30.149
MFT,yellowwood,0.591,78.961,3.332,30.153
MFT,yellowwood,0.599,78.956,3.3307,30.165
MFT,yellowwood,0.607,78.957,3.345,30.123
MFT,yellowwood,0.615,78.957,3.3517,30.111
MFT,yellowwood,0.623,78.953,3.3523,30.113
MFT,yellowwood,0.631,78.952,3.3497,30.11
MFT,yellowwood,0.64,78.954,3.3573,30.072
MFT,yellowwood,0.648,78.951,3.3517,30.076
MFT,yellowwood,0.656,78.95,3.349,30.08
MFT,yellowwood,0.664,78.953,3.3557,30.062
MFT,yellowwood,0.672,78.953,3.3547,30.083
MFT,yellowwood,0.68,78.955,3.3647,30.044
MFT,yellowwood,0.688,78.951,3.374,30.014
MFT,yellowwood,0.696,78.947,3.37,30.041
MFT,yellowwood,0.704,78.951,3.373,30.022
MFT,yellowwood,0.712,78.954,3.3767,29.993
MFT,yellowwood,0.72,78.955,3.381,29.964
MFT,yellowwood,0.729,78.952,3.3717,29.993
MFT,yellowwood,0.737,78.948,3.37,30.01
MFT,yellowwood,0.745,78.949,3.3793,29.986
MFT,yellowwood,0.753,78.953,3.3723,29.995
MFT,yellowwood,0.761,78.952,3.3627,30.001
MFT,yellowwood,0.769,78.948,3.363,29.99
MFT,yellowwood,0.777,78.945,3.376,29.976
MFT,yellowwood,0.785,78.948,3.3803,29.947
MFT,yellowwood,0.793,78.949,3.3883,29.915
MFT,yellowwood,0.801,78.947,3.3853,29.935
MFT,yellowwood,0.809,78.947,3.3883,29.923
MFT,yellowwood,0.818,78.944,3.39,29.922
MFT,yellowwood,0.826,78.943,3.3997,29.89
MFT,yellowwood,0.834,78.949,3.4013,29.877
MFT,yellowwood,0.842,78.948,3.3973,29.882
MFT,yellowwood,0.85,78.944,3.395,29.898
MFT,yellowwood,0.858,78.942,3.397,29.881
MFT,yellowwood,0.866,78.94,3.401,29.871
MFT,yellowwood,0.874,78.94,3.3967,29.895
MFT,yellowwood,0.882,78.946,3.4077,29.856
MFT,yellowwood,0.89,78.949,3.4253,29.783
MFT,yellowwood,0.899,78.944,3.4237,29.8
MFT,yellowwood,0.907,78.946,3.4197,29.8
MFT,yellowwood,0.915,78.95,3.4283,29.766
MFT,yellowwood,0.923,78.948,3.423,29.802
MFT,yellowwood,0.931,78.945,3.4187,29.807
MFT,yellowwood,0.939,78.949,3.432,29.76
MFT,yellowwood,0.947,78.952,3.43,29.753
MFT,yellowwood,0.955,78.952,3.434,29.739
MFT,yellowwood,0.963,78.952,3.4337,29.744
MFT,yellowwood,0.971,78.955,3.4367,29.716
MFT,yellowwood,0.979,78.953,3.4403,29.698
MFT,yellowwood,0.988,78.947,3.4353,29.717
MFT,yellowwood,0.996,78.943,3.4267,29.751
MFT,yellowwood,1.004,78.947,3.434,29.716
MFT,yellowwood,1.012,78.945,3.438,29.721
MFT,yellowwood,1.02,78.949,3.4377,29.708
MFT,yellowwood,1.028,78.949,3.4403,29.686
MFT,yellowwood,1.036,78.946,3.446,29.687
MFT,yellowwood,1.044,78.947,3.4457,29.679
MFT,yellowwood,1.052,78.946,3.44,29.69
MFT,yellowwood,1.06,78.946,3.4483,29.675
MFT,yellowwood,1.069,78.944,3.447,29.683
MFT,yellowwood,1.077,78.946,3.4497,29.665
MFT,yellowwood,1.085,78.947,3.4457,29.674
MFT,yellowwood,1.093,78.949,3.4493,29.66
MFT,yellowwood,1.101,78.946,3.461,29.636
MFT,yellowwood,1.109,78.941,3.4667,29.639
MFT,yellowwood,1.117,78.945,3.4617,29.63
MFT,yellowwood,1.125,78.942,3.4497,29.649
MFT,yellowwood,1.133,78.945,3.4647,29.597
MFT,yellowwood,1.141,78.946,3.4697,29.575
MFT,yellowwood,1.149,78.947,3.464,29.584
MFT,yellowwood,1.158,78.95,3.465,29.575
MFT,yellowwood,1.166,78.95,3.4637,29.561
MFT,yellowwood,1.174,78.95,3.466,29.555
MFT,yellowwood,1.182,78.948,3.4673,29.56
MFT,yellowwood,1.19,78.949,3.4683,29.549
MFT,yellowwood,1.198,78.952,3.473,29.521
MFT,yellowwood,1.206,78.953,3.4713,29.516
MFT,yellowwood,1.214,78.953,3.47,29.517
MFT,yellowwood,1.222,78.952,3.4767,29.503
MFT,yellowwood,1.23,78.95,3.4753,29.512
MFT,yellowwood,1.239,78.95,3.482,29.511
MFT,yellowwood,1.247,78.953,3.496,29.467
MFT,yellowwood,1.255,78.956,3.4917,29.452
MFT,yellowwood,1.263,78.954,3.48,29.473
MFT,yellowwood,1.271,78.951,3.4843,29.488
MFT,yellowwood,1.279,78.95,3.4917,29.481
MFT,yellowwood,1.287,78.95,3.4927,29.457
MFT,yellowwood,1.295,78.953,3.4887,29.444
MFT,yellowwood,1.303,78.953,3.4847,29.454
MFT,yellowwood,1.311,78.95,3.4813,29.47
MFT,yellowwood,1.319,78.95,3.4813,29.462
MFT,yellowwood,1.328,78.952,3.4957,29.418
MFT,yellowwood,1.336,78.952,3.4977,29.41
MFT,yellowwood,1.344,78.95,3.491,29.444
MFT,yellowwood,1.352,78.95,3.4957,29.429
MFT,yellowwood,1.36,78.951,3.5023,29.403
MFT,yellowwood,1.368,78.952,3.5037,29.411
MFT,yellowwood,1.376,78.954,3.505,29.377
MFT,yellowwood,1.384,78.951,3.505,29.359
MFT,yellowwood,1.392,78.949,3.5047,29.362
MFT,yellowwood,1.4,78.95,3.5053,29.358
MFT,yellowwood,1.409,78.949,3.5093,29.353
XT,brass powder,0,67.286,1.573,11.918
XT,brass powder,0.05,68.997,1.409,11.108
XT,brass powder,0.1,66.535,1.734,11.986
XT,brass powder,0.2,67.54,1.635,11.774
XT,brass powder,0.3,67.722,1.66,11.672
XT,brass powder,0.5,67.373,1.668,11.848
XT,brass powder,0.6,68.173,1.565,11.517
XT,brass powder,0.7,69.128,1.391,11.34
XT,brass powder,1.1,70.205,1.458,11.341
XT,brass powder,1.9,69.853,1.271,11.355
XT,brass powder,3.5,67.615,1.619,12.136
XT,cochineal,0,52.418,35.703,-1.331
XT,cochineal,0.05,51.243,35.271,-0.981
XT,cochineal,0.1,51.587,34.986,-0.845
XT,cochineal,0.2,51.624,34.388,-0.681
XT,cochineal,0.3,51.864,34.572,-0.574
XT,cochineal,0.5,52.221,33.093,-0.605
XT,cochineal,0.6,52.056,33.358,-0.303
XT,cochineal,0.7,51.46,33.207,-0.204
XT,cochineal,1.1,52.759,32.025,0.075
XT,cochineal,1.9,53.079,31.54,0.577
XT,cochineal,3.5,55.025,28.937,1.186
XT,dayflower,0,71.311,-6.587,3.379
XT,dayflower,0.05,71.129,-6.183,3.69
XT,dayflower,0.1,71.1,-6.148,3.456
XT,dayflower,0.2,71.402,-6.027,3.41
XT,dayflower,0.3,71.594,-5.745,3.642
XT,dayflower,0.5,72.412,-5.594,3.846
XT,dayflower,0.6,73.343,-5.37,4.169
XT,dayflower,0.7,73.502,-5.238,4.764
XT,dayflower,1.1,75.025,-4.81,5.402
XT,dayflower,1.9,76.173,-4.94,6.277
XT,dayflower,3.5,78.24,-3.893,7.247
XT,indigo+orpiment,0,61.908,-7.935,20.812
XT,indigo+orpiment,0.05,61.236,-6.77,20.763
XT,indigo+orpiment,0.1,60.683,-6.544,20.729
XT,indigo+orpiment,0.2,61.194,-6.44,20.083
XT,indigo+orpiment,0.3,60.929,-6.347,20.138
XT,indigo+orpiment,0.5,61.037,-6.28,19.697
XT,indigo+orpiment,0.6,60.672,-6.199,19.954
XT,indigo+orpiment,0.7,61.11,-6.305,19.191
XT,indigo+orpiment,1.1,60.918,-6.201,19.445
XT,indigo+orpiment,1.9,61.05,-6.14,19.299
XT,indigo+orpiment,3.5,61.637,-5.926,17.141
XT,indigo,0,37.87,-3.392,-10.231
XT,indigo,0.1,37.628,-3.358,-10.046
XT,indigo,0.3,37.669,-3.349,-9.971
XT,indigo,0.4,37.853,-3.389,-10.072
XT,indigo,0.5,38.73,-3.487,-9.96
XT,indigo,0.9,38.889,-3.482,-9.98
XT,indigo,1.7,38.125,-3.556,-9.904
XT,iron oxide,0,39.692,25.386,16.642
XT,iron oxide,0.05,40.075,25.279,16.567
XT,iron oxide,0.1,39.891,25.139,16.473
XT,iron oxide,0.2,39.706,25.475,16.777
XT,iron oxide,0.3,40.036,25.481,16.806
XT,iron oxide,0.5,39.111,25.148,16.573
XT,iron oxide,0.6,40.056,25.582,16.895
XT,iron oxide,0.7,39.609,25.438,16.776
XT,iron oxide,1.1,40.403,25.159,16.525
XT,iron oxide,1.9,40.009,25.461,16.829
XT,iron oxide,3.5,39.713,25.296,16.596
XT,paper,0,86.961,-0.077,14.075
XT,paper,0.05,86.446,0.208,13.945
XT,paper,0.1,87.15,0.234,13.903
XT,paper,0.2,87.396,0.32,13.579
XT,paper,0.3,87.371,0.319,13.339
XT,paper,0.5,87.51,0.287,13.051
XT,paper,0.6,87.557,0.224,12.835
XT,paper,0.7,87.102,0.183,13.166
XT,paper,1.1,88.07,0.191,12.821
XT,paper,1.9,88.069,-0.056,13.475
XT,paper,3.5,88.377,-0.01,11.98
XT,lead white,0,89.601,-0.082,11.645
XT,lead white,0.05,89.227,0.131,11.204
XT,lead white,0.1,89.21,0.134,10.88
XT,lead white,0.2,89.56,0.261,10.787
XT,lead white,0.3,89.713,0.183,10.435
XT,lead white,0.5,89.926,0.169,10.284
XT,lead white,0.6,89.838,0.092,10.203
XT,lead white,0.7,89.996,0.074,10.267
XT,lead white,1.1,90.38,0.056,10.115
XT,lead white,1.9,90.644,-0.186,10.117
XT,lead white,3.5,90.982,-0.177,8.807
XT,mica,0,88.283,0.452,9.112
XT,mica,0.05,87.814,0.632,8.846
XT,mica,0.1,87.84,0.587,8.788
XT,mica,0.2,87.966,0.67,8.867
XT,mica,0.3,87.913,0.669,9.019
XT,mica,0.5,88.015,0.595,8.813
XT,mica,0.6,87.665,0.608,8.701
XT,mica,0.7,87.792,0.552,8.951
XT,mica,1.1,88.17,0.579,8.967
XT,mica,1.9,88.088,0.537,9.153
XT,mica,3.5,87.945,0.567,8.534
XT,ochre,0,81.905,6.162,30.95
XT,ochre,0.05,81.92,6.076,30.681
XT,ochre,0.1,81.977,5.931,30.183
XT,ochre,0.2,81.928,6.286,30.886
XT,ochre,0.3,81.39,6.43,31.29
XT,ochre,0.5,81.898,6.253,30.756
XT,ochre,0.6,81.67,6.407,31.214
XT,ochre,0.7,82.361,5.709,29.608
XT,ochre,1.1,82.442,5.918,30.038
XT,ochre,1.9,82.164,6.157,30.731
XT,ochre,3.5,82.004,6.268,30.722
XT,orpiment,0,83.843,2.877,42.854
XT,orpiment,0.05,81.947,6.319,41.308
XT,orpiment,0.1,81.833,6.614,40.092
XT,orpiment,0.2,81.377,7.384,39.892
XT,orpiment,0.3,81.66,7.539,39.391
XT,orpiment,0.5,81.373,8.038,39.731
XT,orpiment,0.6,81.56,7.58,39.412
XT,orpiment,0.7,81.229,7.905,39.666
XT,orpiment,1.1,81.652,7.932,39.191
XT,orpiment,1.9,82.109,7.397,37.861
XT,orpiment,3.5,80.352,5.958,33.705
XT,Prussian blue,0,40.291,-6.14,-25.63
XT,Prussian blue,0.05,41.361,-7.837,-25.124
XT,Prussian blue,0.1,41.236,-8.22,-25.242
XT,Prussian blue,0.2,41.801,-8.376,-25.046
XT,Prussian blue,0.3,40.775,-7.981,-25.283
XT,Prussian blue,0.5,41.373,-8.367,-25.182
XT,Prussian blue,0.6,42.264,-8.469,-25.168
XT,Prussian blue,0.7,41.883,-8.482,-25.23
XT,Prussian blue,1.1,41.176,-8.331,-25.297
XT,Prussian blue,1.9,40.996,-7.23,-25.515
XT,Prussian blue,3.5,42.233,-8.193,-25.527
XT,red lead,0,66.962,32.214,30.389
XT,red lead,0.05,66.798,32.033,30.273
XT,red lead,0.1,66.895,32.861,31.119
XT,red lead,0.2,66.253,32.447,30.594
XT,red lead,0.3,66.944,32.766,30.834
XT,red lead,0.5,67.087,32.662,30.519
XT,red lead,0.6,66.951,32.499,30.314
XT,red lead,0.7,66.885,32.622,30.379
XT,red lead,1.1,67.113,32.805,30.338
XT,red lead,1.9,67.429,33.138,30.298
XT,red lead,3.5,67.754,33.264,30.151
XT,safflower,0,78.572,17.39,11.167
XT,safflower,0.05,77.937,17.738,11.455
XT,safflower,0.1,78.774,15.997,11.435
XT,safflower,0.2,78.689,15.902,11.504
XT,safflower,0.3,79.077,14.635,11.257
XT,safflower,0.5,80.175,13.356,11.308
XT,safflower,0.6,80.079,12.637,11.253
XT,safflower,0.7,80.721,11.879,11.281
XT,safflower,1.1,81.643,9.94,11.265
XT,safflower,1.9,82.767,7.564,11.557
XT,sappanwood,0,43.39,38.012,18.782
XT,sappanwood,0.05,41.974,36.238,17.685
XT,sappanwood,0.1,41.61,35.31,17.095
XT,sappanwood,0.2,41.519,34.235,16.384
XT,sappanwood,0.3,41.973,34.218,16.29
XT,sappanwood,0.5,42.039,32.331,15.622
XT,sappanwood,0.6,42.173,31.697,15.229
XT,sappanwood,0.7,42.338,31.156,15.133
XT,sappanwood,1.1,42.705,29.969,15.202
XT,sappanwood,1.9,45.123,29.491,16.429
XT,sappanwood,3.5,47.788,24.952,16.236
XT,safflower+dayflower,0,64.62,2.865,0.646
XT,safflower+dayflower,0.05,65.185,2.599,0.915
XT,safflower+dayflower,0.1,65.091,2.577,1.237
XT,safflower+dayflower,0.2,65.052,1.817,1.158
XT,safflower+dayflower,0.3,65.79,1.435,1.248
XT,safflower+dayflower,0.5,66.36,1.179,1.332
XT,safflower+dayflower,0.6,66.692,1.048,1.533
XT,safflower+dayflower,0.7,67.23,0.614,1.429
XT,safflower+dayflower,1.1,68.012,0.302,2.029
XT,turmeric+orpiment,0,76.156,8.513,44.837
XT,turmeric+orpiment,0.05,75.033,9.074,41.444
XT,turmeric+orpiment,0.1,74.973,9.083,39.137
XT,turmeric+orpiment,0.2,75.44,8.44,36.293
XT,turmeric+orpiment,0.3,75.419,9.007,37.259
XT,turmeric+orpiment,0.5,74.917,9.024,34.908
XT,turmeric+orpiment,0.6,74.542,9.062,34.876
XT,turmeric+orpiment,0.7,74.946,8.868,34.326
XT,turmeric+orpiment,1.1,75.437,8.608,33.059
XT,turmeric+orpiment,1.9,76.702,7.844,32.719
XT,turmeric+orpiment,3.5,77.029,7.289,30.127
XT,turmeric,0,79.395,5.992,34.196
XT,turmeric,0.05,78.439,6.233,31.958
XT,turmeric,0.1,78.736,6.278,31.473
XT,turmeric,0.2,79.129,6.051,29.636
XT,turmeric,0.3,79.736,5.746,28.353
XT,turmeric,0.5,79.786,5.717,27.379
XT,turmeric,0.6,79.53,5.87,27.736
XT,turmeric,0.7,79.726,5.48,26.406
XT,turmeric,1.1,79.938,5.549,25.887
XT,turmeric,1.9,80.747,4.851,24.088
XT,turmeric,3.5,81.068,4.436,22.596
XT,vermilion,0,61.568,38.689,26.407
XT,vermilion,0.05,62.587,36.477,24.888
XT,vermilion,0.1,61.662,37.821,25.949
XT,vermilion,0.2,61.711,36.913,25.006
XT,vermilion,0.3,62.204,36.596,25.012
XT,vermilion,0.5,61.789,36.699,24.951
XT,vermilion,0.6,61.726,36.295,24.82
XT,vermilion,0.7,61.26,36.978,25.36
XT,vermilion,1.1,61.886,36.046,24.341
XT,vermilion,1.9,61.04,36.33,24.915
XT,vermilion,3.5,60.769,33.957,23.148
XT,yellowwood,0,75.856,4.406,40.687
XT,yellowwood,0.05,74.858,5.175,39.53
XT,yellowwood,0.1,74.348,5.433,38.489
XT,yellowwood,0.2,73.921,5.778,37.795
XT,yellowwood,0.3,74.456,6.016,37.768
XT,yellowwood,0.5,73.934,5.909,35.07
XT,yellowwood,0.6,73.293,6.077,35.418
XT,yellowwood,0.7,73.146,6.296,35.084
XT,yellowwood,1.1,73.853,6.273,34.267
XT,yellowwood,1.9,74.774,6.248,34.375
XT,yellowwood,3.5,74.326,6.206,31.769
